nodeId,posX,posY,velX,velY,timestamp
0,8,6,8,6,1
1,39,7,9,7,1
3,98,7,8,7,1
4,129,6,9,6,1
5,160,7,10,7,1
6,188,6,8,6,1
7,219,7,9,7,1
8,250,6,10,6,1
9,278,7,8,7,1
10,9,36,9,6,1
11,40,37,10,7,1
12,68,36,8,6,1
14,130,36,10,6,1
15,158,37,8,7,1
16,189,36,9,6,1
17,220,37,10,7,1
18,248,36,8,6,1
19,279,37,9,7,1
20,10,66,10,6,1
21,38,67,8,7,1
22,69,66,9,6,1
23,100,67,10,7,1
24,128,66,8,6,1
25,159,67,9,7,1
26,190,66,10,6,1
27,218,67,8,7,1
28,249,66,9,6,1
29,280,67,10,7,1
30,8,96,8,6,1
31,39,97,9,7,1
32,70,96,10,6,1
33,98,97,8,7,1
34,129,96,9,6,1
35,160,97,10,7,1
36,188,96,8,6,1
37,219,97,9,7,1
38,250,96,10,6,1
39,278,97,8,7,1
40,9,126,9,6,1
41,40,127,10,7,1
42,68,126,8,6,1
43,99,127,9,7,1
44,130,126,10,6,1
45,158,127,8,7,1
47,220,127,10,7,1
48,248,126,8,6,1
49,279,127,9,7,1
50,10,156,10,6,1
51,38,157,8,7,1
52,69,156,9,6,1
53,100,157,10,7,1
54,128,156,8,6,1
55,159,157,9,7,1
56,190,156,10,6,1
57,218,157,8,7,1
58,249,156,9,6,1
59,280,157,10,7,1
60,8,186,8,6,1
61,39,187,9,7,1
62,70,186,10,6,1
63,98,187,8,7,1
64,129,186,9,6,1
65,160,187,10,7,1
66,188,186,8,6,1
67,219,187,9,7,1
68,250,186,10,6,1
69,278,187,8,7,1
70,9,216,9,6,1
71,40,217,10,7,1
72,68,216,8,6,1
73,99,217,9,7,1
74,130,216,10,6,1
75,158,217,8,7,1
76,189,216,9,6,1
77,220,217,10,7,1
78,248,216,8,6,1
79,279,217,9,7,1
80,10,246,10,6,1
81,38,247,8,7,1
82,69,246,9,6,1
83,100,247,10,7,1
84,128,246,8,6,1
85,159,247,9,7,1
86,190,246,10,6,1
87,218,247,8,7,1
88,249,246,9,6,1
89,280,247,10,7,1
90,8,276,8,6,1
91,39,277,9,7,1
92,70,276,10,6,1
93,98,277,8,7,1
94,129,276,9,6,1
95,160,277,10,7,1
96,188,276,8,6,1
98,250,276,10,6,1
99,278,277,8,7,1
100,9,306,9,6,1
102,68,306,8,6,1
103,99,307,9,7,1
104,130,306,10,6,1
105,158,307,8,7,1
106,189,306,9,6,1
107,220,307,10,7,1
108,248,306,8,6,1
109,279,307,9,7,1
110,10,336,10,6,1
111,38,337,8,7,1
112,69,336,9,6,1
113,100,337,10,7,1
114,128,336,8,6,1
115,159,337,9,7,1
116,190,336,10,6,1
117,218,337,8,7,1
118,249,336,9,6,1
119,280,337,10,7,1
120,8,366,8,6,1
121,39,367,9,7,1
122,70,366,10,6,1
123,98,367,8,7,1
124,129,366,9,6,1
125,160,367,10,7,1
126,188,366,8,6,1
127,219,367,9,7,1
128,250,366,10,6,1
129,278,367,8,7,1
131,40,397,10,7,1
0,8.8,6.6,8,6,1.1
1,39.9,7.7,9,7,1.1
3,98.8,7.7,8,7,1.1
4,129.9,6.6,9,6,1.1
5,161,7.7,10,7,1.1
6,188.8,6.6,8,6,1.1
7,219.9,7.7,9,7,1.1
8,251,6.6,10,6,1.1
9,278.8,7.7,8,7,1.1
10,9.9,36.6,9,6,1.1
11,41,37.7,10,7,1.1
12,68.8,36.6,8,6,1.1
14,131,36.6,10,6,1.1
15,158.8,37.7,8,7,1.1
16,189.9,36.6,9,6,1.1
17,221,37.7,10,7,1.1
18,248.8,36.6,8,6,1.1
19,279.9,37.7,9,7,1.1
20,11,66.6,10,6,1.1
21,38.8,67.7,8,7,1.1
22,69.9,66.6,9,6,1.1
23,101,67.7,10,7,1.1
24,128.8,66.6,8,6,1.1
25,159.9,67.7,9,7,1.1
26,191,66.6,10,6,1.1
27,218.8,67.7,8,7,1.1
28,249.9,66.6,9,6,1.1
29,281,67.7,10,7,1.1
30,8.8,96.6,8,6,1.1
31,39.9,97.7,9,7,1.1
32,71,96.6,10,6,1.1
33,98.8,97.7,8,7,1.1
34,129.9,96.6,9,6,1.1
35,161,97.7,10,7,1.1
36,188.8,96.6,8,6,1.1
37,219.9,97.7,9,7,1.1
38,251,96.6,10,6,1.1
39,278.8,97.7,8,7,1.1
40,9.9,126.6,9,6,1.1
41,41,127.7,10,7,1.1
42,68.8,126.6,8,6,1.1
43,99.9,127.7,9,7,1.1
44,131,126.6,10,6,1.1
45,158.8,127.7,8,7,1.1
47,221,127.7,10,7,1.1
48,248.8,126.6,8,6,1.1
49,279.9,127.7,9,7,1.1
50,11,156.6,10,6,1.1
51,38.8,157.7,8,7,1.1
52,69.9,156.6,9,6,1.1
53,101,157.7,10,7,1.1
54,128.8,156.6,8,6,1.1
55,159.9,157.7,9,7,1.1
56,191,156.6,10,6,1.1
57,218.8,157.7,8,7,1.1
58,249.9,156.6,9,6,1.1
59,281,157.7,10,7,1.1
60,8.8,186.6,8,6,1.1
61,39.9,187.7,9,7,1.1
62,71,186.6,10,6,1.1
63,98.8,187.7,8,7,1.1
64,129.9,186.6,9,6,1.1
65,161,187.7,10,7,1.1
66,188.8,186.6,8,6,1.1
67,219.9,187.7,9,7,1.1
68,251,186.6,10,6,1.1
69,278.8,187.7,8,7,1.1
70,9.9,216.6,9,6,1.1
71,41,217.7,10,7,1.1
72,68.8,216.6,8,6,1.1
73,99.9,217.7,9,7,1.1
74,131,216.6,10,6,1.1
75,158.8,217.7,8,7,1.1
76,189.9,216.6,9,6,1.1
77,221,217.7,10,7,1.1
78,248.8,216.6,8,6,1.1
79,279.9,217.7,9,7,1.1
80,11,246.6,10,6,1.1
81,38.8,247.7,8,7,1.1
82,69.9,246.6,9,6,1.1
83,101,247.7,10,7,1.1
84,128.8,246.6,8,6,1.1
85,159.9,247.7,9,7,1.1
86,191,246.6,10,6,1.1
87,218.8,247.7,8,7,1.1
88,249.9,246.6,9,6,1.1
89,281,247.7,10,7,1.1
90,8.8,276.6,8,6,1.1
91,39.9,277.7,9,7,1.1
92,71,276.6,10,6,1.1
93,98.8,277.7,8,7,1.1
94,129.9,276.6,9,6,1.1
95,161,277.7,10,7,1.1
96,188.8,276.6,8,6,1.1
98,251,276.6,10,6,1.1
99,278.8,277.7,8,7,1.1
100,9.9,306.6,9,6,1.1
102,68.8,306.6,8,6,1.1
103,99.9,307.7,9,7,1.1
104,131,306.6,10,6,1.1
105,158.8,307.7,8,7,1.1
106,189.9,306.6,9,6,1.1
107,221,307.7,10,7,1.1
108,248.8,306.6,8,6,1.1
109,279.9,307.7,9,7,1.1
110,11,336.6,10,6,1.1
111,38.8,337.7,8,7,1.1
112,69.9,336.6,9,6,1.1
113,101,337.7,10,7,1.1
114,128.8,336.6,8,6,1.1
115,159.9,337.7,9,7,1.1
116,191,336.6,10,6,1.1
117,218.8,337.7,8,7,1.1
118,249.9,336.6,9,6,1.1
119,281,337.7,10,7,1.1
120,8.8,366.6,8,6,1.1
121,39.9,367.7,9,7,1.1
122,71,366.6,10,6,1.1
123,98.8,367.7,8,7,1.1
124,129.9,366.6,9,6,1.1
125,161,367.7,10,7,1.1
126,188.8,366.6,8,6,1.1
127,219.9,367.7,9,7,1.1
128,251,366.6,10,6,1.1
129,278.8,367.7,8,7,1.1
131,41,397.7,10,7,1.1
0,9.6,7.2,8,6,1.2
1,40.8,8.4,9,7,1.2
3,99.6,8.4,8,7,1.2
4,130.8,7.2,9,6,1.2
5,162,8.4,10,7,1.2
6,189.6,7.2,8,6,1.2
7,220.8,8.4,9,7,1.2
8,252,7.2,10,6,1.2
9,279.6,8.4,8,7,1.2
10,10.8,37.2,9,6,1.2
11,42,38.4,10,7,1.2
12,69.6,37.2,8,6,1.2
14,132,37.2,10,6,1.2
15,159.6,38.4,8,7,1.2
16,190.8,37.2,9,6,1.2
17,222,38.4,10,7,1.2
18,249.6,37.2,8,6,1.2
19,280.8,38.4,9,7,1.2
20,12,67.2,10,6,1.2
21,39.6,68.4,8,7,1.2
22,70.8,67.2,9,6,1.2
23,102,68.4,10,7,1.2
24,129.6,67.2,8,6,1.2
25,160.8,68.4,9,7,1.2
26,192,67.2,10,6,1.2
27,219.6,68.4,8,7,1.2
28,250.8,67.2,9,6,1.2
29,282,68.4,10,7,1.2
30,9.6,97.2,8,6,1.2
31,40.8,98.4,9,7,1.2
32,72,97.2,10,6,1.2
33,99.6,98.4,8,7,1.2
34,130.8,97.2,9,6,1.2
35,162,98.4,10,7,1.2
36,189.6,97.2,8,6,1.2
37,220.8,98.4,9,7,1.2
38,252,97.2,10,6,1.2
39,279.6,98.4,8,7,1.2
40,10.8,127.2,9,6,1.2
41,42,128.4,10,7,1.2
42,69.6,127.2,8,6,1.2
43,100.8,128.4,9,7,1.2
44,132,127.2,10,6,1.2
45,159.6,128.4,8,7,1.2
47,222,128.4,10,7,1.2
48,249.6,127.2,8,6,1.2
49,280.8,128.4,9,7,1.2
50,12,157.2,10,6,1.2
51,39.6,158.4,8,7,1.2
52,70.8,157.2,9,6,1.2
53,102,158.4,10,7,1.2
54,129.6,157.2,8,6,1.2
55,160.8,158.4,9,7,1.2
56,192,157.2,10,6,1.2
57,219.6,158.4,8,7,1.2
58,250.8,157.2,9,6,1.2
59,282,158.4,10,7,1.2
60,9.6,187.2,8,6,1.2
61,40.8,188.4,9,7,1.2
62,72,187.2,10,6,1.2
63,99.6,188.4,8,7,1.2
64,130.8,187.2,9,6,1.2
65,162,188.4,10,7,1.2
66,189.6,187.2,8,6,1.2
67,220.8,188.4,9,7,1.2
68,252,187.2,10,6,1.2
69,279.6,188.4,8,7,1.2
70,10.8,217.2,9,6,1.2
71,42,218.4,10,7,1.2
72,69.6,217.2,8,6,1.2
73,100.8,218.4,9,7,1.2
74,132,217.2,10,6,1.2
75,159.6,218.4,8,7,1.2
76,190.8,217.2,9,6,1.2
77,222,218.4,10,7,1.2
78,249.6,217.2,8,6,1.2
79,280.8,218.4,9,7,1.2
80,12,247.2,10,6,1.2
81,39.6,248.4,8,7,1.2
82,70.8,247.2,9,6,1.2
83,102,248.4,10,7,1.2
84,129.6,247.2,8,6,1.2
85,160.8,248.4,9,7,1.2
86,192,247.2,10,6,1.2
87,219.6,248.4,8,7,1.2
88,250.8,247.2,9,6,1.2
89,282,248.4,10,7,1.2
90,9.6,277.2,8,6,1.2
91,40.8,278.4,9,7,1.2
92,72,277.2,10,6,1.2
93,99.6,278.4,8,7,1.2
94,130.8,277.2,9,6,1.2
95,162,278.4,10,7,1.2
96,189.6,277.2,8,6,1.2
98,252,277.2,10,6,1.2
99,279.6,278.4,8,7,1.2
100,10.8,307.2,9,6,1.2
102,69.6,307.2,8,6,1.2
103,100.8,308.4,9,7,1.2
104,132,307.2,10,6,1.2
105,159.6,308.4,8,7,1.2
106,190.8,307.2,9,6,1.2
107,222,308.4,10,7,1.2
108,249.6,307.2,8,6,1.2
109,280.8,308.4,9,7,1.2
110,12,337.2,10,6,1.2
111,39.6,338.4,8,7,1.2
112,70.8,337.2,9,6,1.2
113,102,338.4,10,7,1.2
114,129.6,337.2,8,6,1.2
115,160.8,338.4,9,7,1.2
116,192,337.2,10,6,1.2
117,219.6,338.4,8,7,1.2
118,250.8,337.2,9,6,1.2
119,282,338.4,10,7,1.2
120,9.6,367.2,8,6,1.2
121,40.8,368.4,9,7,1.2
122,72,367.2,10,6,1.2
123,99.6,368.4,8,7,1.2
124,130.8,367.2,9,6,1.2
125,162,368.4,10,7,1.2
126,189.6,367.2,8,6,1.2
127,220.8,368.4,9,7,1.2
128,252,367.2,10,6,1.2
129,279.6,368.4,8,7,1.2
131,42,398.4,10,7,1.2
0,10.4,7.8,8,6,1.3
1,41.7,9.1,9,7,1.3
3,100.4,9.1,8,7,1.3
4,131.7,7.8,9,6,1.3
5,163,9.1,10,7,1.3
6,190.4,7.8,8,6,1.3
7,221.7,9.1,9,7,1.3
8,253,7.8,10,6,1.3
9,280.4,9.1,8,7,1.3
10,11.7,37.8,9,6,1.3
11,43,39.1,10,7,1.3
12,70.4,37.8,8,6,1.3
14,133,37.8,10,6,1.3
15,160.4,39.1,8,7,1.3
16,191.7,37.8,9,6,1.3
17,223,39.1,10,7,1.3
18,250.4,37.8,8,6,1.3
19,281.7,39.1,9,7,1.3
20,13,67.8,10,6,1.3
21,40.4,69.1,8,7,1.3
22,71.7,67.8,9,6,1.3
23,103,69.1,10,7,1.3
24,130.4,67.8,8,6,1.3
25,161.7,69.1,9,7,1.3
26,193,67.8,10,6,1.3
27,220.4,69.1,8,7,1.3
28,251.7,67.8,9,6,1.3
29,283,69.1,10,7,1.3
30,10.4,97.8,8,6,1.3
31,41.7,99.1,9,7,1.3
32,73,97.8,10,6,1.3
33,100.4,99.1,8,7,1.3
34,131.7,97.8,9,6,1.3
35,163,99.1,10,7,1.3
36,190.4,97.8,8,6,1.3
37,221.7,99.1,9,7,1.3
38,253,97.8,10,6,1.3
39,280.4,99.1,8,7,1.3
40,11.7,127.8,9,6,1.3
41,43,129.1,10,7,1.3
42,70.4,127.8,8,6,1.3
43,101.7,129.1,9,7,1.3
44,133,127.8,10,6,1.3
45,160.4,129.1,8,7,1.3
47,223,129.1,10,7,1.3
48,250.4,127.8,8,6,1.3
49,281.7,129.1,9,7,1.3
50,13,157.8,10,6,1.3
51,40.4,159.1,8,7,1.3
52,71.7,157.8,9,6,1.3
53,103,159.1,10,7,1.3
54,130.4,157.8,8,6,1.3
55,161.7,159.1,9,7,1.3
56,193,157.8,10,6,1.3
57,220.4,159.1,8,7,1.3
58,251.7,157.8,9,6,1.3
59,283,159.1,10,7,1.3
60,10.4,187.8,8,6,1.3
61,41.7,189.1,9,7,1.3
62,73,187.8,10,6,1.3
63,100.4,189.1,8,7,1.3
64,131.7,187.8,9,6,1.3
65,163,189.1,10,7,1.3
66,190.4,187.8,8,6,1.3
67,221.7,189.1,9,7,1.3
68,253,187.8,10,6,1.3
69,280.4,189.1,8,7,1.3
70,11.7,217.8,9,6,1.3
71,43,219.1,10,7,1.3
72,70.4,217.8,8,6,1.3
73,101.7,219.1,9,7,1.3
74,133,217.8,10,6,1.3
75,160.4,219.1,8,7,1.3
76,191.7,217.8,9,6,1.3
77,223,219.1,10,7,1.3
78,250.4,217.8,8,6,1.3
79,281.7,219.1,9,7,1.3
80,13,247.8,10,6,1.3
81,40.4,249.1,8,7,1.3
82,71.7,247.8,9,6,1.3
83,103,249.1,10,7,1.3
84,130.4,247.8,8,6,1.3
85,161.7,249.1,9,7,1.3
86,193,247.8,10,6,1.3
87,220.4,249.1,8,7,1.3
88,251.7,247.8,9,6,1.3
89,283,249.1,10,7,1.3
90,10.4,277.8,8,6,1.3
91,41.7,279.1,9,7,1.3
92,73,277.8,10,6,1.3
93,100.4,279.1,8,7,1.3
94,131.7,277.8,9,6,1.3
95,163,279.1,10,7,1.3
96,190.4,277.8,8,6,1.3
98,253,277.8,10,6,1.3
99,280.4,279.1,8,7,1.3
100,11.7,307.8,9,6,1.3
102,70.4,307.8,8,6,1.3
103,101.7,309.1,9,7,1.3
104,133,307.8,10,6,1.3
105,160.4,309.1,8,7,1.3
106,191.7,307.8,9,6,1.3
107,223,309.1,10,7,1.3
108,250.4,307.8,8,6,1.3
109,281.7,309.1,9,7,1.3
110,13,337.8,10,6,1.3
111,40.4,339.1,8,7,1.3
112,71.7,337.8,9,6,1.3
113,103,339.1,10,7,1.3
114,130.4,337.8,8,6,1.3
115,161.7,339.1,9,7,1.3
116,193,337.8,10,6,1.3
117,220.4,339.1,8,7,1.3
118,251.7,337.8,9,6,1.3
119,283,339.1,10,7,1.3
120,10.4,367.8,8,6,1.3
121,41.7,369.1,9,7,1.3
122,73,367.8,10,6,1.3
123,100.4,369.1,8,7,1.3
124,131.7,367.8,9,6,1.3
125,163,369.1,10,7,1.3
126,190.4,367.8,8,6,1.3
127,221.7,369.1,9,7,1.3
128,253,367.8,10,6,1.3
129,280.4,369.1,8,7,1.3
131,43,399.1,10,7,1.3
0,11.2,8.4,8,6,1.4
1,42.6,9.8,9,7,1.4
3,101.2,9.8,8,7,1.4
4,132.6,8.4,9,6,1.4
5,164,9.8,10,7,1.4
6,191.2,8.4,8,6,1.4
7,222.6,9.8,9,7,1.4
8,254,8.4,10,6,1.4
9,281.2,9.8,8,7,1.4
10,12.6,38.4,9,6,1.4
11,44,39.8,10,7,1.4
12,71.2,38.4,8,6,1.4
14,134,38.4,10,6,1.4
15,161.2,39.8,8,7,1.4
16,192.6,38.4,9,6,1.4
17,224,39.8,10,7,1.4
18,251.2,38.4,8,6,1.4
19,282.6,39.8,9,7,1.4
20,14,68.4,10,6,1.4
21,41.2,69.8,8,7,1.4
22,72.6,68.4,9,6,1.4
23,104,69.8,10,7,1.4
24,131.2,68.4,8,6,1.4
25,162.6,69.8,9,7,1.4
26,194,68.4,10,6,1.4
27,221.2,69.8,8,7,1.4
28,252.6,68.4,9,6,1.4
29,284,69.8,10,7,1.4
30,11.2,98.4,8,6,1.4
31,42.6,99.8,9,7,1.4
32,74,98.4,10,6,1.4
33,101.2,99.8,8,7,1.4
34,132.6,98.4,9,6,1.4
35,164,99.8,10,7,1.4
36,191.2,98.4,8,6,1.4
37,222.6,99.8,9,7,1.4
38,254,98.4,10,6,1.4
39,281.2,99.8,8,7,1.4
40,12.6,128.4,9,6,1.4
41,44,129.8,10,7,1.4
42,71.2,128.4,8,6,1.4
43,102.6,129.8,9,7,1.4
44,134,128.4,10,6,1.4
45,161.2,129.8,8,7,1.4
47,224,129.8,10,7,1.4
48,251.2,128.4,8,6,1.4
49,282.6,129.8,9,7,1.4
50,14,158.4,10,6,1.4
51,41.2,159.8,8,7,1.4
52,72.6,158.4,9,6,1.4
53,104,159.8,10,7,1.4
54,131.2,158.4,8,6,1.4
55,162.6,159.8,9,7,1.4
56,194,158.4,10,6,1.4
57,221.2,159.8,8,7,1.4
58,252.6,158.4,9,6,1.4
59,284,159.8,10,7,1.4
60,11.2,188.4,8,6,1.4
61,42.6,189.8,9,7,1.4
62,74,188.4,10,6,1.4
63,101.2,189.8,8,7,1.4
64,132.6,188.4,9,6,1.4
65,164,189.8,10,7,1.4
66,191.2,188.4,8,6,1.4
67,222.6,189.8,9,7,1.4
68,254,188.4,10,6,1.4
69,281.2,189.8,8,7,1.4
70,12.6,218.4,9,6,1.4
71,44,219.8,10,7,1.4
72,71.2,218.4,8,6,1.4
73,102.6,219.8,9,7,1.4
74,134,218.4,10,6,1.4
75,161.2,219.8,8,7,1.4
76,192.6,218.4,9,6,1.4
77,224,219.8,10,7,1.4
78,251.2,218.4,8,6,1.4
79,282.6,219.8,9,7,1.4
80,14,248.4,10,6,1.4
81,41.2,249.8,8,7,1.4
82,72.6,248.4,9,6,1.4
83,104,249.8,10,7,1.4
84,131.2,248.4,8,6,1.4
85,162.6,249.8,9,7,1.4
86,194,248.4,10,6,1.4
87,221.2,249.8,8,7,1.4
88,252.6,248.4,9,6,1.4
89,284,249.8,10,7,1.4
90,11.2,278.4,8,6,1.4
91,42.6,279.8,9,7,1.4
92,74,278.4,10,6,1.4
93,101.2,279.8,8,7,1.4
94,132.6,278.4,9,6,1.4
95,164,279.8,10,7,1.4
96,191.2,278.4,8,6,1.4
98,254,278.4,10,6,1.4
99,281.2,279.8,8,7,1.4
100,12.6,308.4,9,6,1.4
102,71.2,308.4,8,6,1.4
103,102.6,309.8,9,7,1.4
104,134,308.4,10,6,1.4
105,161.2,309.8,8,7,1.4
106,192.6,308.4,9,6,1.4
107,224,309.8,10,7,1.4
108,251.2,308.4,8,6,1.4
109,282.6,309.8,9,7,1.4
110,14,338.4,10,6,1.4
111,41.2,339.8,8,7,1.4
112,72.6,338.4,9,6,1.4
113,104,339.8,10,7,1.4
114,131.2,338.4,8,6,1.4
115,162.6,339.8,9,7,1.4
116,194,338.4,10,6,1.4
117,221.2,339.8,8,7,1.4
118,252.6,338.4,9,6,1.4
119,284,339.8,10,7,1.4
120,11.2,368.4,8,6,1.4
121,42.6,369.8,9,7,1.4
122,74,368.4,10,6,1.4
123,101.2,369.8,8,7,1.4
124,132.6,368.4,9,6,1.4
125,164,369.8,10,7,1.4
126,191.2,368.4,8,6,1.4
127,222.6,369.8,9,7,1.4
128,254,368.4,10,6,1.4
129,281.2,369.8,8,7,1.4
131,44,399.8,10,7,1.4
0,12,9,8,6,1.5
1,43.5,10.5,9,7,1.5
3,102,10.5,8,7,1.5
4,133.5,9,9,6,1.5
5,165,10.5,10,7,1.5
6,192,9,8,6,1.5
7,223.5,10.5,9,7,1.5
8,255,9,10,6,1.5
9,282,10.5,8,7,1.5
10,13.5,39,9,6,1.5
11,45,40.5,10,7,1.5
12,72,39,8,6,1.5
14,135,39,10,6,1.5
15,162,40.5,8,7,1.5
16,193.5,39,9,6,1.5
17,225,40.5,10,7,1.5
18,252,39,8,6,1.5
19,283.5,40.5,9,7,1.5
20,15,69,10,6,1.5
21,42,70.5,8,7,1.5
22,73.5,69,9,6,1.5
23,105,70.5,10,7,1.5
24,132,69,8,6,1.5
25,163.5,70.5,9,7,1.5
26,195,69,10,6,1.5
27,222,70.5,8,7,1.5
28,253.5,69,9,6,1.5
29,285,70.5,10,7,1.5
30,12,99,8,6,1.5
31,43.5,100.5,9,7,1.5
32,75,99,10,6,1.5
33,102,100.5,8,7,1.5
34,133.5,99,9,6,1.5
35,165,100.5,10,7,1.5
36,192,99,8,6,1.5
37,223.5,100.5,9,7,1.5
38,255,99,10,6,1.5
39,282,100.5,8,7,1.5
40,13.5,129,9,6,1.5
41,45,130.5,10,7,1.5
42,72,129,8,6,1.5
43,103.5,130.5,9,7,1.5
44,135,129,10,6,1.5
45,162,130.5,8,7,1.5
47,225,130.5,10,7,1.5
48,252,129,8,6,1.5
49,283.5,130.5,9,7,1.5
50,15,159,10,6,1.5
51,42,160.5,8,7,1.5
52,73.5,159,9,6,1.5
53,105,160.5,10,7,1.5
54,132,159,8,6,1.5
55,163.5,160.5,9,7,1.5
56,195,159,10,6,1.5
57,222,160.5,8,7,1.5
58,253.5,159,9,6,1.5
59,285,160.5,10,7,1.5
60,12,189,8,6,1.5
61,43.5,190.5,9,7,1.5
62,75,189,10,6,1.5
63,102,190.5,8,7,1.5
64,133.5,189,9,6,1.5
65,165,190.5,10,7,1.5
66,192,189,8,6,1.5
67,223.5,190.5,9,7,1.5
68,255,189,10,6,1.5
69,282,190.5,8,7,1.5
70,13.5,219,9,6,1.5
71,45,220.5,10,7,1.5
72,72,219,8,6,1.5
73,103.5,220.5,9,7,1.5
74,135,219,10,6,1.5
75,162,220.5,8,7,1.5
76,193.5,219,9,6,1.5
77,225,220.5,10,7,1.5
78,252,219,8,6,1.5
79,283.5,220.5,9,7,1.5
80,15,249,10,6,1.5
81,42,250.5,8,7,1.5
82,73.5,249,9,6,1.5
83,105,250.5,10,7,1.5
84,132,249,8,6,1.5
85,163.5,250.5,9,7,1.5
86,195,249,10,6,1.5
87,222,250.5,8,7,1.5
88,253.5,249,9,6,1.5
89,285,250.5,10,7,1.5
90,12,279,8,6,1.5
91,43.5,280.5,9,7,1.5
92,75,279,10,6,1.5
93,102,280.5,8,7,1.5
94,133.5,279,9,6,1.5
95,165,280.5,10,7,1.5
96,192,279,8,6,1.5
98,255,279,10,6,1.5
99,282,280.5,8,7,1.5
100,13.5,309,9,6,1.5
102,72,309,8,6,1.5
103,103.5,310.5,9,7,1.5
104,135,309,10,6,1.5
105,162,310.5,8,7,1.5
106,193.5,309,9,6,1.5
107,225,310.5,10,7,1.5
108,252,309,8,6,1.5
109,283.5,310.5,9,7,1.5
110,15,339,10,6,1.5
111,42,340.5,8,7,1.5
112,73.5,339,9,6,1.5
113,105,340.5,10,7,1.5
114,132,339,8,6,1.5
115,163.5,340.5,9,7,1.5
116,195,339,10,6,1.5
117,222,340.5,8,7,1.5
118,253.5,339,9,6,1.5
119,285,340.5,10,7,1.5
120,12,369,8,6,1.5
121,43.5,370.5,9,7,1.5
122,75,369,10,6,1.5
123,102,370.5,8,7,1.5
124,133.5,369,9,6,1.5
125,165,370.5,10,7,1.5
126,192,369,8,6,1.5
127,223.5,370.5,9,7,1.5
128,255,369,10,6,1.5
129,282,370.5,8,7,1.5
131,45,400.5,10,7,1.5
0,12.8,9.6,8,6,1.6
1,44.4,11.2,9,7,1.6
3,102.8,11.2,8,7,1.6
4,134.4,9.6,9,6,1.6
5,166,11.2,10,7,1.6
6,192.8,9.6,8,6,1.6
7,224.4,11.2,9,7,1.6
8,256,9.6,10,6,1.6
9,282.8,11.2,8,7,1.6
10,14.4,39.6,9,6,1.6
11,46,41.2,10,7,1.6
12,72.8,39.6,8,6,1.6
14,136,39.6,10,6,1.6
15,162.8,41.2,8,7,1.6
16,194.4,39.6,9,6,1.6
17,226,41.2,10,7,1.6
18,252.8,39.6,8,6,1.6
19,284.4,41.2,9,7,1.6
20,16,69.6,10,6,1.6
21,42.8,71.2,8,7,1.6
22,74.4,69.6,9,6,1.6
23,106,71.2,10,7,1.6
24,132.8,69.6,8,6,1.6
25,164.4,71.2,9,7,1.6
26,196,69.6,10,6,1.6
27,222.8,71.2,8,7,1.6
28,254.4,69.6,9,6,1.6
29,286,71.2,10,7,1.6
30,12.8,99.6,8,6,1.6
31,44.4,101.2,9,7,1.6
32,76,99.6,10,6,1.6
33,102.8,101.2,8,7,1.6
34,134.4,99.6,9,6,1.6
35,166,101.2,10,7,1.6
36,192.8,99.6,8,6,1.6
37,224.4,101.2,9,7,1.6
38,256,99.6,10,6,1.6
39,282.8,101.2,8,7,1.6
40,14.4,129.6,9,6,1.6
41,46,131.2,10,7,1.6
42,72.8,129.6,8,6,1.6
43,104.4,131.2,9,7,1.6
44,136,129.6,10,6,1.6
45,162.8,131.2,8,7,1.6
47,226,131.2,10,7,1.6
48,252.8,129.6,8,6,1.6
49,284.4,131.2,9,7,1.6
50,16,159.6,10,6,1.6
51,42.8,161.2,8,7,1.6
52,74.4,159.6,9,6,1.6
53,106,161.2,10,7,1.6
54,132.8,159.6,8,6,1.6
55,164.4,161.2,9,7,1.6
56,196,159.6,10,6,1.6
57,222.8,161.2,8,7,1.6
58,254.4,159.6,9,6,1.6
59,286,161.2,10,7,1.6
60,12.8,189.6,8,6,1.6
61,44.4,191.2,9,7,1.6
62,76,189.6,10,6,1.6
63,102.8,191.2,8,7,1.6
64,134.4,189.6,9,6,1.6
65,166,191.2,10,7,1.6
66,192.8,189.6,8,6,1.6
67,224.4,191.2,9,7,1.6
68,256,189.6,10,6,1.6
69,282.8,191.2,8,7,1.6
70,14.4,219.6,9,6,1.6
71,46,221.2,10,7,1.6
72,72.8,219.6,8,6,1.6
73,104.4,221.2,9,7,1.6
74,136,219.6,10,6,1.6
75,162.8,221.2,8,7,1.6
76,194.4,219.6,9,6,1.6
77,226,221.2,10,7,1.6
78,252.8,219.6,8,6,1.6
79,284.4,221.2,9,7,1.6
80,16,249.6,10,6,1.6
81,42.8,251.2,8,7,1.6
82,74.4,249.6,9,6,1.6
83,106,251.2,10,7,1.6
84,132.8,249.6,8,6,1.6
85,164.4,251.2,9,7,1.6
86,196,249.6,10,6,1.6
87,222.8,251.2,8,7,1.6
88,254.4,249.6,9,6,1.6
89,286,251.2,10,7,1.6
90,12.8,279.6,8,6,1.6
91,44.4,281.2,9,7,1.6
92,76,279.6,10,6,1.6
93,102.8,281.2,8,7,1.6
94,134.4,279.6,9,6,1.6
95,166,281.2,10,7,1.6
96,192.8,279.6,8,6,1.6
98,256,279.6,10,6,1.6
99,282.8,281.2,8,7,1.6
100,14.4,309.6,9,6,1.6
102,72.8,309.6,8,6,1.6
103,104.4,311.2,9,7,1.6
104,136,309.6,10,6,1.6
105,162.8,311.2,8,7,1.6
106,194.4,309.6,9,6,1.6
107,226,311.2,10,7,1.6
108,252.8,309.6,8,6,1.6
109,284.4,311.2,9,7,1.6
110,16,339.6,10,6,1.6
111,42.8,341.2,8,7,1.6
112,74.4,339.6,9,6,1.6
113,106,341.2,10,7,1.6
114,132.8,339.6,8,6,1.6
115,164.4,341.2,9,7,1.6
116,196,339.6,10,6,1.6
117,222.8,341.2,8,7,1.6
118,254.4,339.6,9,6,1.6
119,286,341.2,10,7,1.6
120,12.8,369.6,8,6,1.6
121,44.4,371.2,9,7,1.6
122,76,369.6,10,6,1.6
123,102.8,371.2,8,7,1.6
124,134.4,369.6,9,6,1.6
125,166,371.2,10,7,1.6
126,192.8,369.6,8,6,1.6
127,224.4,371.2,9,7,1.6
128,256,369.6,10,6,1.6
129,282.8,371.2,8,7,1.6
131,46,401.2,10,7,1.6
0,13.6,10.2,8,6,1.7
1,45.3,11.9,9,7,1.7
3,103.6,11.9,8,7,1.7
4,135.3,10.2,9,6,1.7
5,167,11.9,10,7,1.7
6,193.6,10.2,8,6,1.7
7,225.3,11.9,9,7,1.7
8,257,10.2,10,6,1.7
9,283.6,11.9,8,7,1.7
10,15.3,40.2,9,6,1.7
11,47,41.9,10,7,1.7
12,73.6,40.2,8,6,1.7
14,137,40.2,10,6,1.7
15,163.6,41.9,8,7,1.7
16,195.3,40.2,9,6,1.7
17,227,41.9,10,7,1.7
18,253.6,40.2,8,6,1.7
19,285.3,41.9,9,7,1.7
20,17,70.2,10,6,1.7
21,43.6,71.9,8,7,1.7
22,75.3,70.2,9,6,1.7
23,107,71.9,10,7,1.7
24,133.6,70.2,8,6,1.7
25,165.3,71.9,9,7,1.7
26,197,70.2,10,6,1.7
27,223.6,71.9,8,7,1.7
28,255.3,70.2,9,6,1.7
29,287,71.9,10,7,1.7
30,13.6,100.2,8,6,1.7
31,45.3,101.9,9,7,1.7
32,77,100.2,10,6,1.7
33,103.6,101.9,8,7,1.7
34,135.3,100.2,9,6,1.7
35,167,101.9,10,7,1.7
36,193.6,100.2,8,6,1.7
37,225.3,101.9,9,7,1.7
38,257,100.2,10,6,1.7
39,283.6,101.9,8,7,1.7
40,15.3,130.2,9,6,1.7
41,47,131.9,10,7,1.7
42,73.6,130.2,8,6,1.7
43,105.3,131.9,9,7,1.7
44,137,130.2,10,6,1.7
45,163.6,131.9,8,7,1.7
47,227,131.9,10,7,1.7
48,253.6,130.2,8,6,1.7
49,285.3,131.9,9,7,1.7
50,17,160.2,10,6,1.7
51,43.6,161.9,8,7,1.7
52,75.3,160.2,9,6,1.7
53,107,161.9,10,7,1.7
54,133.6,160.2,8,6,1.7
55,165.3,161.9,9,7,1.7
56,197,160.2,10,6,1.7
57,223.6,161.9,8,7,1.7
58,255.3,160.2,9,6,1.7
59,287,161.9,10,7,1.7
60,13.6,190.2,8,6,1.7
61,45.3,191.9,9,7,1.7
62,77,190.2,10,6,1.7
63,103.6,191.9,8,7,1.7
64,135.3,190.2,9,6,1.7
65,167,191.9,10,7,1.7
66,193.6,190.2,8,6,1.7
67,225.3,191.9,9,7,1.7
68,257,190.2,10,6,1.7
69,283.6,191.9,8,7,1.7
70,15.3,220.2,9,6,1.7
71,47,221.9,10,7,1.7
72,73.6,220.2,8,6,1.7
73,105.3,221.9,9,7,1.7
74,137,220.2,10,6,1.7
75,163.6,221.9,8,7,1.7
76,195.3,220.2,9,6,1.7
77,227,221.9,10,7,1.7
78,253.6,220.2,8,6,1.7
79,285.3,221.9,9,7,1.7
80,17,250.2,10,6,1.7
81,43.6,251.9,8,7,1.7
82,75.3,250.2,9,6,1.7
83,107,251.9,10,7,1.7
84,133.6,250.2,8,6,1.7
85,165.3,251.9,9,7,1.7
86,197,250.2,10,6,1.7
87,223.6,251.9,8,7,1.7
88,255.3,250.2,9,6,1.7
89,287,251.9,10,7,1.7
90,13.6,280.2,8,6,1.7
91,45.3,281.9,9,7,1.7
92,77,280.2,10,6,1.7
93,103.6,281.9,8,7,1.7
94,135.3,280.2,9,6,1.7
95,167,281.9,10,7,1.7
96,193.6,280.2,8,6,1.7
98,257,280.2,10,6,1.7
99,283.6,281.9,8,7,1.7
100,15.3,310.2,9,6,1.7
102,73.6,310.2,8,6,1.7
103,105.3,311.9,9,7,1.7
104,137,310.2,10,6,1.7
105,163.6,311.9,8,7,1.7
106,195.3,310.2,9,6,1.7
107,227,311.9,10,7,1.7
108,253.6,310.2,8,6,1.7
109,285.3,311.9,9,7,1.7
110,17,340.2,10,6,1.7
111,43.6,341.9,8,7,1.7
112,75.3,340.2,9,6,1.7
113,107,341.9,10,7,1.7
114,133.6,340.2,8,6,1.7
115,165.3,341.9,9,7,1.7
116,197,340.2,10,6,1.7
117,223.6,341.9,8,7,1.7
118,255.3,340.2,9,6,1.7
119,287,341.9,10,7,1.7
120,13.6,370.2,8,6,1.7
121,45.3,371.9,9,7,1.7
122,77,370.2,10,6,1.7
123,103.6,371.9,8,7,1.7
124,135.3,370.2,9,6,1.7
125,167,371.9,10,7,1.7
126,193.6,370.2,8,6,1.7
127,225.3,371.9,9,7,1.7
128,257,370.2,10,6,1.7
129,283.6,371.9,8,7,1.7
131,47,401.9,10,7,1.7
0,14.4,10.8,8,6,1.8
1,46.2,12.6,9,7,1.8
3,104.4,12.6,8,7,1.8
4,136.2,10.8,9,6,1.8
5,168,12.6,10,7,1.8
6,194.4,10.8,8,6,1.8
7,226.2,12.6,9,7,1.8
8,258,10.8,10,6,1.8
9,284.4,12.6,8,7,1.8
10,16.2,40.8,9,6,1.8
11,48,42.6,10,7,1.8
12,74.4,40.8,8,6,1.8
14,138,40.8,10,6,1.8
15,164.4,42.6,8,7,1.8
16,196.2,40.8,9,6,1.8
17,228,42.6,10,7,1.8
18,254.4,40.8,8,6,1.8
19,286.2,42.6,9,7,1.8
20,18,70.8,10,6,1.8
21,44.4,72.6,8,7,1.8
22,76.2,70.8,9,6,1.8
23,108,72.6,10,7,1.8
24,134.4,70.8,8,6,1.8
25,166.2,72.6,9,7,1.8
26,198,70.8,10,6,1.8
27,224.4,72.6,8,7,1.8
28,256.2,70.8,9,6,1.8
29,288,72.6,10,7,1.8
30,14.4,100.8,8,6,1.8
31,46.2,102.6,9,7,1.8
32,78,100.8,10,6,1.8
33,104.4,102.6,8,7,1.8
34,136.2,100.8,9,6,1.8
35,168,102.6,10,7,1.8
36,194.4,100.8,8,6,1.8
37,226.2,102.6,9,7,1.8
38,258,100.8,10,6,1.8
39,284.4,102.6,8,7,1.8
40,16.2,130.8,9,6,1.8
41,48,132.6,10,7,1.8
42,74.4,130.8,8,6,1.8
43,106.2,132.6,9,7,1.8
44,138,130.8,10,6,1.8
45,164.4,132.6,8,7,1.8
47,228,132.6,10,7,1.8
48,254.4,130.8,8,6,1.8
49,286.2,132.6,9,7,1.8
50,18,160.8,10,6,1.8
51,44.4,162.6,8,7,1.8
52,76.2,160.8,9,6,1.8
53,108,162.6,10,7,1.8
54,134.4,160.8,8,6,1.8
55,166.2,162.6,9,7,1.8
56,198,160.8,10,6,1.8
57,224.4,162.6,8,7,1.8
58,256.2,160.8,9,6,1.8
59,288,162.6,10,7,1.8
60,14.4,190.8,8,6,1.8
61,46.2,192.6,9,7,1.8
62,78,190.8,10,6,1.8
63,104.4,192.6,8,7,1.8
64,136.2,190.8,9,6,1.8
65,168,192.6,10,7,1.8
66,194.4,190.8,8,6,1.8
67,226.2,192.6,9,7,1.8
68,258,190.8,10,6,1.8
69,284.4,192.6,8,7,1.8
70,16.2,220.8,9,6,1.8
71,48,222.6,10,7,1.8
72,74.4,220.8,8,6,1.8
73,106.2,222.6,9,7,1.8
74,138,220.8,10,6,1.8
75,164.4,222.6,8,7,1.8
76,196.2,220.8,9,6,1.8
77,228,222.6,10,7,1.8
78,254.4,220.8,8,6,1.8
79,286.2,222.6,9,7,1.8
80,18,250.8,10,6,1.8
81,44.4,252.6,8,7,1.8
82,76.2,250.8,9,6,1.8
83,108,252.6,10,7,1.8
84,134.4,250.8,8,6,1.8
85,166.2,252.6,9,7,1.8
86,198,250.8,10,6,1.8
87,224.4,252.6,8,7,1.8
88,256.2,250.8,9,6,1.8
89,288,252.6,10,7,1.8
90,14.4,280.8,8,6,1.8
91,46.2,282.6,9,7,1.8
92,78,280.8,10,6,1.8
93,104.4,282.6,8,7,1.8
94,136.2,280.8,9,6,1.8
95,168,282.6,10,7,1.8
96,194.4,280.8,8,6,1.8
98,258,280.8,10,6,1.8
99,284.4,282.6,8,7,1.8
100,16.2,310.8,9,6,1.8
102,74.4,310.8,8,6,1.8
103,106.2,312.6,9,7,1.8
104,138,310.8,10,6,1.8
105,164.4,312.6,8,7,1.8
106,196.2,310.8,9,6,1.8
107,228,312.6,10,7,1.8
108,254.4,310.8,8,6,1.8
109,286.2,312.6,9,7,1.8
110,18,340.8,10,6,1.8
111,44.4,342.6,8,7,1.8
112,76.2,340.8,9,6,1.8
113,108,342.6,10,7,1.8
114,134.4,340.8,8,6,1.8
115,166.2,342.6,9,7,1.8
116,198,340.8,10,6,1.8
117,224.4,342.6,8,7,1.8
118,256.2,340.8,9,6,1.8
119,288,342.6,10,7,1.8
120,14.4,370.8,8,6,1.8
121,46.2,372.6,9,7,1.8
122,78,370.8,10,6,1.8
123,104.4,372.6,8,7,1.8
124,136.2,370.8,9,6,1.8
125,168,372.6,10,7,1.8
126,194.4,370.8,8,6,1.8
127,226.2,372.6,9,7,1.8
128,258,370.8,10,6,1.8
129,284.4,372.6,8,7,1.8
131,48,402.6,10,7,1.8
0,15.2,11.4,8,6,1.9
1,47.1,13.3,9,7,1.9
3,105.2,13.3,8,7,1.9
4,137.1,11.4,9,6,1.9
5,169,13.3,10,7,1.9
6,195.2,11.4,8,6,1.9
7,227.1,13.3,9,7,1.9
8,259,11.4,10,6,1.9
9,285.2,13.3,8,7,1.9
10,17.1,41.4,9,6,1.9
11,49,43.3,10,7,1.9
12,75.2,41.4,8,6,1.9
14,139,41.4,10,6,1.9
15,165.2,43.3,8,7,1.9
16,197.1,41.4,9,6,1.9
17,229,43.3,10,7,1.9
18,255.2,41.4,8,6,1.9
19,287.1,43.3,9,7,1.9
20,19,71.4,10,6,1.9
21,45.2,73.3,8,7,1.9
22,77.1,71.4,9,6,1.9
23,109,73.3,10,7,1.9
24,135.2,71.4,8,6,1.9
25,167.1,73.3,9,7,1.9
26,199,71.4,10,6,1.9
27,225.2,73.3,8,7,1.9
28,257.1,71.4,9,6,1.9
29,289,73.3,10,7,1.9
30,15.2,101.4,8,6,1.9
31,47.1,103.3,9,7,1.9
32,79,101.4,10,6,1.9
33,105.2,103.3,8,7,1.9
34,137.1,101.4,9,6,1.9
35,169,103.3,10,7,1.9
36,195.2,101.4,8,6,1.9
37,227.1,103.3,9,7,1.9
38,259,101.4,10,6,1.9
39,285.2,103.3,8,7,1.9
40,17.1,131.4,9,6,1.9
41,49,133.3,10,7,1.9
42,75.2,131.4,8,6,1.9
43,107.1,133.3,9,7,1.9
44,139,131.4,10,6,1.9
45,165.2,133.3,8,7,1.9
47,229,133.3,10,7,1.9
48,255.2,131.4,8,6,1.9
49,287.1,133.3,9,7,1.9
50,19,161.4,10,6,1.9
51,45.2,163.3,8,7,1.9
52,77.1,161.4,9,6,1.9
53,109,163.3,10,7,1.9
54,135.2,161.4,8,6,1.9
55,167.1,163.3,9,7,1.9
56,199,161.4,10,6,1.9
57,225.2,163.3,8,7,1.9
58,257.1,161.4,9,6,1.9
59,289,163.3,10,7,1.9
60,15.2,191.4,8,6,1.9
61,47.1,193.3,9,7,1.9
62,79,191.4,10,6,1.9
63,105.2,193.3,8,7,1.9
64,137.1,191.4,9,6,1.9
65,169,193.3,10,7,1.9
66,195.2,191.4,8,6,1.9
67,227.1,193.3,9,7,1.9
68,259,191.4,10,6,1.9
69,285.2,193.3,8,7,1.9
70,17.1,221.4,9,6,1.9
71,49,223.3,10,7,1.9
72,75.2,221.4,8,6,1.9
73,107.1,223.3,9,7,1.9
74,139,221.4,10,6,1.9
75,165.2,223.3,8,7,1.9
76,197.1,221.4,9,6,1.9
77,229,223.3,10,7,1.9
78,255.2,221.4,8,6,1.9
79,287.1,223.3,9,7,1.9
80,19,251.4,10,6,1.9
81,45.2,253.3,8,7,1.9
82,77.1,251.4,9,6,1.9
83,109,253.3,10,7,1.9
84,135.2,251.4,8,6,1.9
85,167.1,253.3,9,7,1.9
86,199,251.4,10,6,1.9
87,225.2,253.3,8,7,1.9
88,257.1,251.4,9,6,1.9
89,289,253.3,10,7,1.9
90,15.2,281.4,8,6,1.9
91,47.1,283.3,9,7,1.9
92,79,281.4,10,6,1.9
93,105.2,283.3,8,7,1.9
94,137.1,281.4,9,6,1.9
95,169,283.3,10,7,1.9
96,195.2,281.4,8,6,1.9
98,259,281.4,10,6,1.9
99,285.2,283.3,8,7,1.9
100,17.1,311.4,9,6,1.9
102,75.2,311.4,8,6,1.9
103,107.1,313.3,9,7,1.9
104,139,311.4,10,6,1.9
105,165.2,313.3,8,7,1.9
106,197.1,311.4,9,6,1.9
107,229,313.3,10,7,1.9
108,255.2,311.4,8,6,1.9
109,287.1,313.3,9,7,1.9
110,19,341.4,10,6,1.9
111,45.2,343.3,8,7,1.9
112,77.1,341.4,9,6,1.9
113,109,343.3,10,7,1.9
114,135.2,341.4,8,6,1.9
115,167.1,343.3,9,7,1.9
116,199,341.4,10,6,1.9
117,225.2,343.3,8,7,1.9
118,257.1,341.4,9,6,1.9
119,289,343.3,10,7,1.9
120,15.2,371.4,8,6,1.9
121,47.1,373.3,9,7,1.9
122,79,371.4,10,6,1.9
123,105.2,373.3,8,7,1.9
124,137.1,371.4,9,6,1.9
125,169,373.3,10,7,1.9
126,195.2,371.4,8,6,1.9
127,227.1,373.3,9,7,1.9
128,259,371.4,10,6,1.9
129,285.2,373.3,8,7,1.9
131,49,403.3,10,7,1.9
1,48,14,9,7,2
3,106,14,8,7,2
4,138,12,9,6,2
5,170,14,10,7,2
6,196,12,8,6,2
7,228,14,9,7,2
8,260,12,10,6,2
9,286,14,8,7,2
10,18,42,9,6,2
11,50,44,10,7,2
12,76,42,8,6,2
14,140,42,10,6,2
15,166,44,8,7,2
16,198,42,9,6,2
17,230,44,10,7,2
18,256,42,8,6,2
19,288,44,9,7,2
20,20,72,10,6,2
21,46,74,8,7,2
22,78,72,9,6,2
23,110,74,10,7,2
24,136,72,8,6,2
25,168,74,9,7,2
26,200,72,10,6,2
27,226,74,8,7,2
28,258,72,9,6,2
29,290,74,10,7,2
30,16,102,8,6,2
31,48,104,9,7,2
32,80,102,10,6,2
33,106,104,8,7,2
34,138,102,9,6,2
35,170,104,10,7,2
36,196,102,8,6,2
37,228,104,9,7,2
38,260,102,10,6,2
39,286,104,8,7,2
40,18,132,9,6,2
41,50,134,10,7,2
42,76,132,8,6,2
43,108,134,9,7,2
44,140,132,10,6,2
45,166,134,8,7,2
47,230,134,10,7,2
48,256,132,8,6,2
49,288,134,9,7,2
50,20,162,10,6,2
51,46,164,8,7,2
52,78,162,9,6,2
53,110,164,10,7,2
54,136,162,8,6,2
55,168,164,9,7,2
56,200,162,10,6,2
57,226,164,8,7,2
58,258,162,9,6,2
59,290,164,10,7,2
60,16,192,8,6,2
61,48,194,9,7,2
62,80,192,10,6,2
63,106,194,8,7,2
64,138,192,9,6,2
65,170,194,10,7,2
66,196,192,8,6,2
67,228,194,9,7,2
68,260,192,10,6,2
69,286,194,8,7,2
70,18,222,9,6,2
71,50,224,10,7,2
72,76,222,8,6,2
73,108,224,9,7,2
74,140,222,10,6,2
75,166,224,8,7,2
76,198,222,9,6,2
77,230,224,10,7,2
78,256,222,8,6,2
79,288,224,9,7,2
80,20,252,10,6,2
81,46,254,8,7,2
82,78,252,9,6,2
83,110,254,10,7,2
84,136,252,8,6,2
85,168,254,9,7,2
86,200,252,10,6,2
87,226,254,8,7,2
88,258,252,9,6,2
89,290,254,10,7,2
90,16,282,8,6,2
91,48,284,9,7,2
92,80,282,10,6,2
93,106,284,8,7,2
94,138,282,9,6,2
95,170,284,10,7,2
96,196,282,8,6,2
98,260,282,10,6,2
99,286,284,8,7,2
100,18,312,9,6,2
102,76,312,8,6,2
103,108,314,9,7,2
104,140,312,10,6,2
105,166,314,8,7,2
106,198,312,9,6,2
107,230,314,10,7,2
108,256,312,8,6,2
109,288,314,9,7,2
110,20,342,10,6,2
111,46,344,8,7,2
112,78,342,9,6,2
113,110,344,10,7,2
114,136,342,8,6,2
115,168,344,9,7,2
116,200,342,10,6,2
117,226,344,8,7,2
118,258,342,9,6,2
119,290,344,10,7,2
120,16,372,8,6,2
121,48,374,9,7,2
122,80,372,10,6,2
123,106,374,8,7,2
124,138,372,9,6,2
125,170,374,10,7,2
126,196,372,8,6,2
127,228,374,9,7,2
128,260,372,10,6,2
129,286,374,8,7,2
131,50,404,10,7,2
1,48.9,14.7,9,7,2.1
3,106.8,14.7,8,7,2.1
4,138.9,12.6,9,6,2.1
5,171,14.7,10,7,2.1
6,196.8,12.6,8,6,2.1
7,228.9,14.7,9,7,2.1
8,261,12.6,10,6,2.1
9,286.8,14.7,8,7,2.1
10,18.9,42.6,9,6,2.1
11,51,44.7,10,7,2.1
12,76.8,42.6,8,6,2.1
14,141,42.6,10,6,2.1
15,166.8,44.7,8,7,2.1
16,198.9,42.6,9,6,2.1
17,231,44.7,10,7,2.1
18,256.8,42.6,8,6,2.1
19,288.9,44.7,9,7,2.1
20,21,72.6,10,6,2.1
21,46.8,74.7,8,7,2.1
22,78.9,72.6,9,6,2.1
23,111,74.7,10,7,2.1
24,136.8,72.6,8,6,2.1
25,168.9,74.7,9,7,2.1
26,201,72.6,10,6,2.1
27,226.8,74.7,8,7,2.1
28,258.9,72.6,9,6,2.1
29,291,74.7,10,7,2.1
30,16.8,102.6,8,6,2.1
31,48.9,104.7,9,7,2.1
32,81,102.6,10,6,2.1
33,106.8,104.7,8,7,2.1
34,138.9,102.6,9,6,2.1
35,171,104.7,10,7,2.1
36,196.8,102.6,8,6,2.1
37,228.9,104.7,9,7,2.1
38,261,102.6,10,6,2.1
39,286.8,104.7,8,7,2.1
40,18.9,132.6,9,6,2.1
41,51,134.7,10,7,2.1
42,76.8,132.6,8,6,2.1
43,108.9,134.7,9,7,2.1
44,141,132.6,10,6,2.1
45,166.8,134.7,8,7,2.1
47,231,134.7,10,7,2.1
48,256.8,132.6,8,6,2.1
49,288.9,134.7,9,7,2.1
50,21,162.6,10,6,2.1
51,46.8,164.7,8,7,2.1
52,78.9,162.6,9,6,2.1
53,111,164.7,10,7,2.1
54,136.8,162.6,8,6,2.1
55,168.9,164.7,9,7,2.1
56,201,162.6,10,6,2.1
57,226.8,164.7,8,7,2.1
58,258.9,162.6,9,6,2.1
59,291,164.7,10,7,2.1
60,16.8,192.6,8,6,2.1
61,48.9,194.7,9,7,2.1
62,81,192.6,10,6,2.1
63,106.8,194.7,8,7,2.1
64,138.9,192.6,9,6,2.1
65,171,194.7,10,7,2.1
66,196.8,192.6,8,6,2.1
67,228.9,194.7,9,7,2.1
68,261,192.6,10,6,2.1
69,286.8,194.7,8,7,2.1
70,18.9,222.6,9,6,2.1
71,51,224.7,10,7,2.1
72,76.8,222.6,8,6,2.1
73,108.9,224.7,9,7,2.1
74,141,222.6,10,6,2.1
75,166.8,224.7,8,7,2.1
76,198.9,222.6,9,6,2.1
77,231,224.7,10,7,2.1
78,256.8,222.6,8,6,2.1
79,288.9,224.7,9,7,2.1
80,21,252.6,10,6,2.1
81,46.8,254.7,8,7,2.1
82,78.9,252.6,9,6,2.1
83,111,254.7,10,7,2.1
84,136.8,252.6,8,6,2.1
85,168.9,254.7,9,7,2.1
86,201,252.6,10,6,2.1
87,226.8,254.7,8,7,2.1
88,258.9,252.6,9,6,2.1
89,291,254.7,10,7,2.1
90,16.8,282.6,8,6,2.1
91,48.9,284.7,9,7,2.1
92,81,282.6,10,6,2.1
93,106.8,284.7,8,7,2.1
94,138.9,282.6,9,6,2.1
95,171,284.7,10,7,2.1
96,196.8,282.6,8,6,2.1
98,261,282.6,10,6,2.1
99,286.8,284.7,8,7,2.1
100,18.9,312.6,9,6,2.1
102,76.8,312.6,8,6,2.1
103,108.9,314.7,9,7,2.1
104,141,312.6,10,6,2.1
105,166.8,314.7,8,7,2.1
106,198.9,312.6,9,6,2.1
107,231,314.7,10,7,2.1
108,256.8,312.6,8,6,2.1
109,288.9,314.7,9,7,2.1
110,21,342.6,10,6,2.1
111,46.8,344.7,8,7,2.1
112,78.9,342.6,9,6,2.1
113,111,344.7,10,7,2.1
114,136.8,342.6,8,6,2.1
115,168.9,344.7,9,7,2.1
116,201,342.6,10,6,2.1
117,226.8,344.7,8,7,2.1
118,258.9,342.6,9,6,2.1
119,291,344.7,10,7,2.1
120,16.8,372.6,8,6,2.1
121,48.9,374.7,9,7,2.1
122,81,372.6,10,6,2.1
123,106.8,374.7,8,7,2.1
124,138.9,372.6,9,6,2.1
125,171,374.7,10,7,2.1
126,196.8,372.6,8,6,2.1
127,228.9,374.7,9,7,2.1
128,261,372.6,10,6,2.1
129,286.8,374.7,8,7,2.1
131,51,404.7,10,7,2.1
1,49.8,15.4,9,7,2.2
3,107.6,15.4,8,7,2.2
4,139.8,13.2,9,6,2.2
5,172,15.4,10,7,2.2
6,197.6,13.2,8,6,2.2
7,229.8,15.4,9,7,2.2
8,262,13.2,10,6,2.2
9,287.6,15.4,8,7,2.2
10,19.8,43.2,9,6,2.2
11,52,45.4,10,7,2.2
12,77.6,43.2,8,6,2.2
14,142,43.2,10,6,2.2
15,167.6,45.4,8,7,2.2
16,199.8,43.2,9,6,2.2
17,232,45.4,10,7,2.2
18,257.6,43.2,8,6,2.2
19,289.8,45.4,9,7,2.2
20,22,73.2,10,6,2.2
21,47.6,75.4,8,7,2.2
22,79.8,73.2,9,6,2.2
23,112,75.4,10,7,2.2
24,137.6,73.2,8,6,2.2
25,169.8,75.4,9,7,2.2
26,202,73.2,10,6,2.2
27,227.6,75.4,8,7,2.2
28,259.8,73.2,9,6,2.2
29,292,75.4,10,7,2.2
30,17.6,103.2,8,6,2.2
31,49.8,105.4,9,7,2.2
32,82,103.2,10,6,2.2
33,107.6,105.4,8,7,2.2
34,139.8,103.2,9,6,2.2
35,172,105.4,10,7,2.2
36,197.6,103.2,8,6,2.2
37,229.8,105.4,9,7,2.2
38,262,103.2,10,6,2.2
39,287.6,105.4,8,7,2.2
40,19.8,133.2,9,6,2.2
41,52,135.4,10,7,2.2
42,77.6,133.2,8,6,2.2
43,109.8,135.4,9,7,2.2
44,142,133.2,10,6,2.2
45,167.6,135.4,8,7,2.2
47,232,135.4,10,7,2.2
48,257.6,133.2,8,6,2.2
49,289.8,135.4,9,7,2.2
50,22,163.2,10,6,2.2
51,47.6,165.4,8,7,2.2
52,79.8,163.2,9,6,2.2
53,112,165.4,10,7,2.2
54,137.6,163.2,8,6,2.2
55,169.8,165.4,9,7,2.2
56,202,163.2,10,6,2.2
57,227.6,165.4,8,7,2.2
58,259.8,163.2,9,6,2.2
59,292,165.4,10,7,2.2
60,17.6,193.2,8,6,2.2
61,49.8,195.4,9,7,2.2
62,82,193.2,10,6,2.2
63,107.6,195.4,8,7,2.2
64,139.8,193.2,9,6,2.2
65,172,195.4,10,7,2.2
66,197.6,193.2,8,6,2.2
67,229.8,195.4,9,7,2.2
68,262,193.2,10,6,2.2
69,287.6,195.4,8,7,2.2
70,19.8,223.2,9,6,2.2
71,52,225.4,10,7,2.2
72,77.6,223.2,8,6,2.2
73,109.8,225.4,9,7,2.2
74,142,223.2,10,6,2.2
75,167.6,225.4,8,7,2.2
76,199.8,223.2,9,6,2.2
77,232,225.4,10,7,2.2
78,257.6,223.2,8,6,2.2
79,289.8,225.4,9,7,2.2
80,22,253.2,10,6,2.2
81,47.6,255.4,8,7,2.2
82,79.8,253.2,9,6,2.2
83,112,255.4,10,7,2.2
84,137.6,253.2,8,6,2.2
85,169.8,255.4,9,7,2.2
86,202,253.2,10,6,2.2
87,227.6,255.4,8,7,2.2
88,259.8,253.2,9,6,2.2
89,292,255.4,10,7,2.2
90,17.6,283.2,8,6,2.2
91,49.8,285.4,9,7,2.2
92,82,283.2,10,6,2.2
93,107.6,285.4,8,7,2.2
94,139.8,283.2,9,6,2.2
95,172,285.4,10,7,2.2
96,197.6,283.2,8,6,2.2
98,262,283.2,10,6,2.2
99,287.6,285.4,8,7,2.2
100,19.8,313.2,9,6,2.2
102,77.6,313.2,8,6,2.2
103,109.8,315.4,9,7,2.2
104,142,313.2,10,6,2.2
105,167.6,315.4,8,7,2.2
106,199.8,313.2,9,6,2.2
107,232,315.4,10,7,2.2
108,257.6,313.2,8,6,2.2
109,289.8,315.4,9,7,2.2
110,22,343.2,10,6,2.2
111,47.6,345.4,8,7,2.2
112,79.8,343.2,9,6,2.2
113,112,345.4,10,7,2.2
114,137.6,343.2,8,6,2.2
115,169.8,345.4,9,7,2.2
116,202,343.2,10,6,2.2
117,227.6,345.4,8,7,2.2
118,259.8,343.2,9,6,2.2
119,292,345.4,10,7,2.2
120,17.6,373.2,8,6,2.2
121,49.8,375.4,9,7,2.2
122,82,373.2,10,6,2.2
123,107.6,375.4,8,7,2.2
124,139.8,373.2,9,6,2.2
125,172,375.4,10,7,2.2
126,197.6,373.2,8,6,2.2
127,229.8,375.4,9,7,2.2
128,262,373.2,10,6,2.2
129,287.6,375.4,8,7,2.2
131,52,405.4,10,7,2.2
1,50.7,16.1,9,7,2.3
3,108.4,16.1,8,7,2.3
4,140.7,13.8,9,6,2.3
5,173,16.1,10,7,2.3
6,198.4,13.8,8,6,2.3
7,230.7,16.1,9,7,2.3
8,263,13.8,10,6,2.3
9,288.4,16.1,8,7,2.3
10,20.7,43.8,9,6,2.3
11,53,46.1,10,7,2.3
12,78.4,43.8,8,6,2.3
14,143,43.8,10,6,2.3
15,168.4,46.1,8,7,2.3
16,200.7,43.8,9,6,2.3
17,233,46.1,10,7,2.3
18,258.4,43.8,8,6,2.3
19,290.7,46.1,9,7,2.3
20,23,73.8,10,6,2.3
21,48.4,76.1,8,7,2.3
22,80.7,73.8,9,6,2.3
23,113,76.1,10,7,2.3
24,138.4,73.8,8,6,2.3
25,170.7,76.1,9,7,2.3
26,203,73.8,10,6,2.3
27,228.4,76.1,8,7,2.3
28,260.7,73.8,9,6,2.3
29,293,76.1,10,7,2.3
30,18.4,103.8,8,6,2.3
31,50.7,106.1,9,7,2.3
32,83,103.8,10,6,2.3
33,108.4,106.1,8,7,2.3
34,140.7,103.8,9,6,2.3
35,173,106.1,10,7,2.3
36,198.4,103.8,8,6,2.3
37,230.7,106.1,9,7,2.3
38,263,103.8,10,6,2.3
39,288.4,106.1,8,7,2.3
40,20.7,133.8,9,6,2.3
41,53,136.1,10,7,2.3
42,78.4,133.8,8,6,2.3
43,110.7,136.1,9,7,2.3
44,143,133.8,10,6,2.3
45,168.4,136.1,8,7,2.3
47,233,136.1,10,7,2.3
48,258.4,133.8,8,6,2.3
49,290.7,136.1,9,7,2.3
50,23,163.8,10,6,2.3
51,48.4,166.1,8,7,2.3
52,80.7,163.8,9,6,2.3
53,113,166.1,10,7,2.3
54,138.4,163.8,8,6,2.3
55,170.7,166.1,9,7,2.3
56,203,163.8,10,6,2.3
57,228.4,166.1,8,7,2.3
58,260.7,163.8,9,6,2.3
59,293,166.1,10,7,2.3
60,18.4,193.8,8,6,2.3
61,50.7,196.1,9,7,2.3
62,83,193.8,10,6,2.3
63,108.4,196.1,8,7,2.3
64,140.7,193.8,9,6,2.3
65,173,196.1,10,7,2.3
66,198.4,193.8,8,6,2.3
67,230.7,196.1,9,7,2.3
68,263,193.8,10,6,2.3
69,288.4,196.1,8,7,2.3
70,20.7,223.8,9,6,2.3
71,53,226.1,10,7,2.3
72,78.4,223.8,8,6,2.3
73,110.7,226.1,9,7,2.3
74,143,223.8,10,6,2.3
75,168.4,226.1,8,7,2.3
76,200.7,223.8,9,6,2.3
77,233,226.1,10,7,2.3
78,258.4,223.8,8,6,2.3
79,290.7,226.1,9,7,2.3
80,23,253.8,10,6,2.3
81,48.4,256.1,8,7,2.3
82,80.7,253.8,9,6,2.3
83,113,256.1,10,7,2.3
84,138.4,253.8,8,6,2.3
85,170.7,256.1,9,7,2.3
86,203,253.8,10,6,2.3
87,228.4,256.1,8,7,2.3
88,260.7,253.8,9,6,2.3
89,293,256.1,10,7,2.3
90,18.4,283.8,8,6,2.3
91,50.7,286.1,9,7,2.3
92,83,283.8,10,6,2.3
93,108.4,286.1,8,7,2.3
94,140.7,283.8,9,6,2.3
95,173,286.1,10,7,2.3
96,198.4,283.8,8,6,2.3
98,263,283.8,10,6,2.3
99,288.4,286.1,8,7,2.3
100,20.7,313.8,9,6,2.3
102,78.4,313.8,8,6,2.3
103,110.7,316.1,9,7,2.3
104,143,313.8,10,6,2.3
105,168.4,316.1,8,7,2.3
106,200.7,313.8,9,6,2.3
107,233,316.1,10,7,2.3
108,258.4,313.8,8,6,2.3
109,290.7,316.1,9,7,2.3
110,23,343.8,10,6,2.3
111,48.4,346.1,8,7,2.3
112,80.7,343.8,9,6,2.3
113,113,346.1,10,7,2.3
114,138.4,343.8,8,6,2.3
115,170.7,346.1,9,7,2.3
116,203,343.8,10,6,2.3
117,228.4,346.1,8,7,2.3
118,260.7,343.8,9,6,2.3
119,293,346.1,10,7,2.3
120,18.4,373.8,8,6,2.3
121,50.7,376.1,9,7,2.3
122,83,373.8,10,6,2.3
123,108.4,376.1,8,7,2.3
124,140.7,373.8,9,6,2.3
125,173,376.1,10,7,2.3
126,198.4,373.8,8,6,2.3
127,230.7,376.1,9,7,2.3
128,263,373.8,10,6,2.3
129,288.4,376.1,8,7,2.3
131,53,406.1,10,7,2.3
1,51.6,16.8,9,7,2.4
3,109.2,16.8,8,7,2.4
4,141.6,14.4,9,6,2.4
5,174,16.8,10,7,2.4
6,199.2,14.4,8,6,2.4
7,231.6,16.8,9,7,2.4
8,264,14.4,10,6,2.4
9,289.2,16.8,8,7,2.4
10,21.6,44.4,9,6,2.4
11,54,46.8,10,7,2.4
12,79.2,44.4,8,6,2.4
14,144,44.4,10,6,2.4
15,169.2,46.8,8,7,2.4
16,201.6,44.4,9,6,2.4
17,234,46.8,10,7,2.4
18,259.2,44.4,8,6,2.4
19,291.6,46.8,9,7,2.4
20,24,74.4,10,6,2.4
21,49.2,76.8,8,7,2.4
22,81.6,74.4,9,6,2.4
23,114,76.8,10,7,2.4
24,139.2,74.4,8,6,2.4
25,171.6,76.8,9,7,2.4
26,204,74.4,10,6,2.4
27,229.2,76.8,8,7,2.4
28,261.6,74.4,9,6,2.4
29,294,76.8,10,7,2.4
30,19.2,104.4,8,6,2.4
31,51.6,106.8,9,7,2.4
32,84,104.4,10,6,2.4
33,109.2,106.8,8,7,2.4
34,141.6,104.4,9,6,2.4
35,174,106.8,10,7,2.4
36,199.2,104.4,8,6,2.4
37,231.6,106.8,9,7,2.4
38,264,104.4,10,6,2.4
39,289.2,106.8,8,7,2.4
40,21.6,134.4,9,6,2.4
41,54,136.8,10,7,2.4
42,79.2,134.4,8,6,2.4
43,111.6,136.8,9,7,2.4
44,144,134.4,10,6,2.4
45,169.2,136.8,8,7,2.4
47,234,136.8,10,7,2.4
48,259.2,134.4,8,6,2.4
49,291.6,136.8,9,7,2.4
50,24,164.4,10,6,2.4
51,49.2,166.8,8,7,2.4
52,81.6,164.4,9,6,2.4
53,114,166.8,10,7,2.4
54,139.2,164.4,8,6,2.4
55,171.6,166.8,9,7,2.4
56,204,164.4,10,6,2.4
57,229.2,166.8,8,7,2.4
58,261.6,164.4,9,6,2.4
59,294,166.8,10,7,2.4
60,19.2,194.4,8,6,2.4
61,51.6,196.8,9,7,2.4
62,84,194.4,10,6,2.4
63,109.2,196.8,8,7,2.4
64,141.6,194.4,9,6,2.4
65,174,196.8,10,7,2.4
66,199.2,194.4,8,6,2.4
67,231.6,196.8,9,7,2.4
68,264,194.4,10,6,2.4
69,289.2,196.8,8,7,2.4
70,21.6,224.4,9,6,2.4
71,54,226.8,10,7,2.4
72,79.2,224.4,8,6,2.4
73,111.6,226.8,9,7,2.4
74,144,224.4,10,6,2.4
75,169.2,226.8,8,7,2.4
76,201.6,224.4,9,6,2.4
77,234,226.8,10,7,2.4
78,259.2,224.4,8,6,2.4
79,291.6,226.8,9,7,2.4
80,24,254.4,10,6,2.4
81,49.2,256.8,8,7,2.4
82,81.6,254.4,9,6,2.4
83,114,256.8,10,7,2.4
84,139.2,254.4,8,6,2.4
85,171.6,256.8,9,7,2.4
86,204,254.4,10,6,2.4
87,229.2,256.8,8,7,2.4
88,261.6,254.4,9,6,2.4
89,294,256.8,10,7,2.4
90,19.2,284.4,8,6,2.4
91,51.6,286.8,9,7,2.4
92,84,284.4,10,6,2.4
93,109.2,286.8,8,7,2.4
94,141.6,284.4,9,6,2.4
95,174,286.8,10,7,2.4
96,199.2,284.4,8,6,2.4
98,264,284.4,10,6,2.4
99,289.2,286.8,8,7,2.4
100,21.6,314.4,9,6,2.4
102,79.2,314.4,8,6,2.4
103,111.6,316.8,9,7,2.4
104,144,314.4,10,6,2.4
105,169.2,316.8,8,7,2.4
106,201.6,314.4,9,6,2.4
107,234,316.8,10,7,2.4
108,259.2,314.4,8,6,2.4
109,291.6,316.8,9,7,2.4
110,24,344.4,10,6,2.4
111,49.2,346.8,8,7,2.4
112,81.6,344.4,9,6,2.4
113,114,346.8,10,7,2.4
114,139.2,344.4,8,6,2.4
115,171.6,346.8,9,7,2.4
116,204,344.4,10,6,2.4
117,229.2,346.8,8,7,2.4
118,261.6,344.4,9,6,2.4
119,294,346.8,10,7,2.4
120,19.2,374.4,8,6,2.4
121,51.6,376.8,9,7,2.4
122,84,374.4,10,6,2.4
123,109.2,376.8,8,7,2.4
124,141.6,374.4,9,6,2.4
125,174,376.8,10,7,2.4
126,199.2,374.4,8,6,2.4
127,231.6,376.8,9,7,2.4
128,264,374.4,10,6,2.4
129,289.2,376.8,8,7,2.4
131,54,406.8,10,7,2.4
1,52.5,17.5,9,7,2.5
3,110,17.5,8,7,2.5
4,142.5,15,9,6,2.5
5,175,17.5,10,7,2.5
6,200,15,8,6,2.5
7,232.5,17.5,9,7,2.5
8,265,15,10,6,2.5
9,290,17.5,8,7,2.5
10,22.5,45,9,6,2.5
11,55,47.5,10,7,2.5
12,80,45,8,6,2.5
14,145,45,10,6,2.5
15,170,47.5,8,7,2.5
16,202.5,45,9,6,2.5
17,235,47.5,10,7,2.5
18,260,45,8,6,2.5
19,292.5,47.5,9,7,2.5
20,25,75,10,6,2.5
21,50,77.5,8,7,2.5
22,82.5,75,9,6,2.5
23,115,77.5,10,7,2.5
24,140,75,8,6,2.5
25,172.5,77.5,9,7,2.5
26,205,75,10,6,2.5
27,230,77.5,8,7,2.5
28,262.5,75,9,6,2.5
29,295,77.5,10,7,2.5
30,20,105,8,6,2.5
31,52.5,107.5,9,7,2.5
32,85,105,10,6,2.5
33,110,107.5,8,7,2.5
34,142.5,105,9,6,2.5
35,175,107.5,10,7,2.5
36,200,105,8,6,2.5
37,232.5,107.5,9,7,2.5
38,265,105,10,6,2.5
39,290,107.5,8,7,2.5
40,22.5,135,9,6,2.5
41,55,137.5,10,7,2.5
42,80,135,8,6,2.5
43,112.5,137.5,9,7,2.5
44,145,135,10,6,2.5
45,170,137.5,8,7,2.5
47,235,137.5,10,7,2.5
48,260,135,8,6,2.5
49,292.5,137.5,9,7,2.5
50,25,165,10,6,2.5
51,50,167.5,8,7,2.5
52,82.5,165,9,6,2.5
53,115,167.5,10,7,2.5
54,140,165,8,6,2.5
55,172.5,167.5,9,7,2.5
56,205,165,10,6,2.5
57,230,167.5,8,7,2.5
58,262.5,165,9,6,2.5
59,295,167.5,10,7,2.5
60,20,195,8,6,2.5
61,52.5,197.5,9,7,2.5
62,85,195,10,6,2.5
63,110,197.5,8,7,2.5
64,142.5,195,9,6,2.5
65,175,197.5,10,7,2.5
66,200,195,8,6,2.5
67,232.5,197.5,9,7,2.5
68,265,195,10,6,2.5
69,290,197.5,8,7,2.5
70,22.5,225,9,6,2.5
71,55,227.5,10,7,2.5
72,80,225,8,6,2.5
73,112.5,227.5,9,7,2.5
74,145,225,10,6,2.5
75,170,227.5,8,7,2.5
76,202.5,225,9,6,2.5
77,235,227.5,10,7,2.5
78,260,225,8,6,2.5
79,292.5,227.5,9,7,2.5
80,25,255,10,6,2.5
81,50,257.5,8,7,2.5
82,82.5,255,9,6,2.5
83,115,257.5,10,7,2.5
84,140,255,8,6,2.5
85,172.5,257.5,9,7,2.5
86,205,255,10,6,2.5
87,230,257.5,8,7,2.5
88,262.5,255,9,6,2.5
89,295,257.5,10,7,2.5
90,20,285,8,6,2.5
91,52.5,287.5,9,7,2.5
92,85,285,10,6,2.5
93,110,287.5,8,7,2.5
94,142.5,285,9,6,2.5
95,175,287.5,10,7,2.5
96,200,285,8,6,2.5
98,265,285,10,6,2.5
99,290,287.5,8,7,2.5
100,22.5,315,9,6,2.5
102,80,315,8,6,2.5
103,112.5,317.5,9,7,2.5
104,145,315,10,6,2.5
105,170,317.5,8,7,2.5
106,202.5,315,9,6,2.5
107,235,317.5,10,7,2.5
108,260,315,8,6,2.5
109,292.5,317.5,9,7,2.5
110,25,345,10,6,2.5
111,50,347.5,8,7,2.5
112,82.5,345,9,6,2.5
113,115,347.5,10,7,2.5
114,140,345,8,6,2.5
115,172.5,347.5,9,7,2.5
116,205,345,10,6,2.5
117,230,347.5,8,7,2.5
118,262.5,345,9,6,2.5
119,295,347.5,10,7,2.5
120,20,375,8,6,2.5
121,52.5,377.5,9,7,2.5
122,85,375,10,6,2.5
123,110,377.5,8,7,2.5
124,142.5,375,9,6,2.5
125,175,377.5,10,7,2.5
126,200,375,8,6,2.5
127,232.5,377.5,9,7,2.5
128,265,375,10,6,2.5
129,290,377.5,8,7,2.5
131,55,407.5,10,7,2.5
1,53.4,18.2,9,7,2.6
3,110.8,18.2,8,7,2.6
4,143.4,15.6,9,6,2.6
5,176,18.2,10,7,2.6
6,200.8,15.6,8,6,2.6
7,233.4,18.2,9,7,2.6
8,266,15.6,10,6,2.6
9,290.8,18.2,8,7,2.6
10,23.4,45.6,9,6,2.6
11,56,48.2,10,7,2.6
12,80.8,45.6,8,6,2.6
14,146,45.6,10,6,2.6
15,170.8,48.2,8,7,2.6
16,203.4,45.6,9,6,2.6
17,236,48.2,10,7,2.6
18,260.8,45.6,8,6,2.6
19,293.4,48.2,9,7,2.6
20,26,75.6,10,6,2.6
21,50.8,78.2,8,7,2.6
22,83.4,75.6,9,6,2.6
23,116,78.2,10,7,2.6
24,140.8,75.6,8,6,2.6
25,173.4,78.2,9,7,2.6
26,206,75.6,10,6,2.6
27,230.8,78.2,8,7,2.6
28,263.4,75.6,9,6,2.6
29,296,78.2,10,7,2.6
30,20.8,105.6,8,6,2.6
31,53.4,108.2,9,7,2.6
32,86,105.6,10,6,2.6
33,110.8,108.2,8,7,2.6
34,143.4,105.6,9,6,2.6
35,176,108.2,10,7,2.6
36,200.8,105.6,8,6,2.6
37,233.4,108.2,9,7,2.6
38,266,105.6,10,6,2.6
39,290.8,108.2,8,7,2.6
40,23.4,135.6,9,6,2.6
41,56,138.2,10,7,2.6
42,80.8,135.6,8,6,2.6
43,113.4,138.2,9,7,2.6
44,146,135.6,10,6,2.6
45,170.8,138.2,8,7,2.6
47,236,138.2,10,7,2.6
48,260.8,135.6,8,6,2.6
49,293.4,138.2,9,7,2.6
50,26,165.6,10,6,2.6
51,50.8,168.2,8,7,2.6
52,83.4,165.6,9,6,2.6
53,116,168.2,10,7,2.6
54,140.8,165.6,8,6,2.6
55,173.4,168.2,9,7,2.6
56,206,165.6,10,6,2.6
57,230.8,168.2,8,7,2.6
58,263.4,165.6,9,6,2.6
59,296,168.2,10,7,2.6
60,20.8,195.6,8,6,2.6
61,53.4,198.2,9,7,2.6
62,86,195.6,10,6,2.6
63,110.8,198.2,8,7,2.6
64,143.4,195.6,9,6,2.6
65,176,198.2,10,7,2.6
66,200.8,195.6,8,6,2.6
67,233.4,198.2,9,7,2.6
68,266,195.6,10,6,2.6
69,290.8,198.2,8,7,2.6
70,23.4,225.6,9,6,2.6
71,56,228.2,10,7,2.6
72,80.8,225.6,8,6,2.6
73,113.4,228.2,9,7,2.6
74,146,225.6,10,6,2.6
75,170.8,228.2,8,7,2.6
76,203.4,225.6,9,6,2.6
77,236,228.2,10,7,2.6
78,260.8,225.6,8,6,2.6
79,293.4,228.2,9,7,2.6
80,26,255.6,10,6,2.6
81,50.8,258.2,8,7,2.6
82,83.4,255.6,9,6,2.6
83,116,258.2,10,7,2.6
84,140.8,255.6,8,6,2.6
85,173.4,258.2,9,7,2.6
86,206,255.6,10,6,2.6
87,230.8,258.2,8,7,2.6
88,263.4,255.6,9,6,2.6
89,296,258.2,10,7,2.6
90,20.8,285.6,8,6,2.6
91,53.4,288.2,9,7,2.6
92,86,285.6,10,6,2.6
93,110.8,288.2,8,7,2.6
94,143.4,285.6,9,6,2.6
95,176,288.2,10,7,2.6
96,200.8,285.6,8,6,2.6
98,266,285.6,10,6,2.6
99,290.8,288.2,8,7,2.6
100,23.4,315.6,9,6,2.6
102,80.8,315.6,8,6,2.6
103,113.4,318.2,9,7,2.6
104,146,315.6,10,6,2.6
105,170.8,318.2,8,7,2.6
106,203.4,315.6,9,6,2.6
107,236,318.2,10,7,2.6
108,260.8,315.6,8,6,2.6
109,293.4,318.2,9,7,2.6
110,26,345.6,10,6,2.6
111,50.8,348.2,8,7,2.6
112,83.4,345.6,9,6,2.6
113,116,348.2,10,7,2.6
114,140.8,345.6,8,6,2.6
115,173.4,348.2,9,7,2.6
116,206,345.6,10,6,2.6
117,230.8,348.2,8,7,2.6
118,263.4,345.6,9,6,2.6
119,296,348.2,10,7,2.6
120,20.8,375.6,8,6,2.6
121,53.4,378.2,9,7,2.6
122,86,375.6,10,6,2.6
123,110.8,378.2,8,7,2.6
124,143.4,375.6,9,6,2.6
125,176,378.2,10,7,2.6
126,200.8,375.6,8,6,2.6
127,233.4,378.2,9,7,2.6
128,266,375.6,10,6,2.6
129,290.8,378.2,8,7,2.6
131,56,408.2,10,7,2.6
1,54.3,18.9,9,7,2.7
3,111.6,18.9,8,7,2.7
4,144.3,16.2,9,6,2.7
5,177,18.9,10,7,2.7
6,201.6,16.2,8,6,2.7
7,234.3,18.9,9,7,2.7
8,267,16.2,10,6,2.7
9,291.6,18.9,8,7,2.7
10,24.3,46.2,9,6,2.7
11,57,48.9,10,7,2.7
12,81.6,46.2,8,6,2.7
14,147,46.2,10,6,2.7
15,171.6,48.9,8,7,2.7
16,204.3,46.2,9,6,2.7
17,237,48.9,10,7,2.7
18,261.6,46.2,8,6,2.7
19,294.3,48.9,9,7,2.7
20,27,76.2,10,6,2.7
21,51.6,78.9,8,7,2.7
22,84.3,76.2,9,6,2.7
23,117,78.9,10,7,2.7
24,141.6,76.2,8,6,2.7
25,174.3,78.9,9,7,2.7
26,207,76.2,10,6,2.7
27,231.6,78.9,8,7,2.7
28,264.3,76.2,9,6,2.7
29,297,78.9,10,7,2.7
30,21.6,106.2,8,6,2.7
31,54.3,108.9,9,7,2.7
32,87,106.2,10,6,2.7
33,111.6,108.9,8,7,2.7
34,144.3,106.2,9,6,2.7
35,177,108.9,10,7,2.7
36,201.6,106.2,8,6,2.7
37,234.3,108.9,9,7,2.7
38,267,106.2,10,6,2.7
39,291.6,108.9,8,7,2.7
40,24.3,136.2,9,6,2.7
41,57,138.9,10,7,2.7
42,81.6,136.2,8,6,2.7
43,114.3,138.9,9,7,2.7
44,147,136.2,10,6,2.7
45,171.6,138.9,8,7,2.7
47,237,138.9,10,7,2.7
48,261.6,136.2,8,6,2.7
49,294.3,138.9,9,7,2.7
50,27,166.2,10,6,2.7
51,51.6,168.9,8,7,2.7
52,84.3,166.2,9,6,2.7
53,117,168.9,10,7,2.7
54,141.6,166.2,8,6,2.7
55,174.3,168.9,9,7,2.7
56,207,166.2,10,6,2.7
57,231.6,168.9,8,7,2.7
58,264.3,166.2,9,6,2.7
59,297,168.9,10,7,2.7
60,21.6,196.2,8,6,2.7
61,54.3,198.9,9,7,2.7
62,87,196.2,10,6,2.7
63,111.6,198.9,8,7,2.7
64,144.3,196.2,9,6,2.7
65,177,198.9,10,7,2.7
66,201.6,196.2,8,6,2.7
67,234.3,198.9,9,7,2.7
68,267,196.2,10,6,2.7
69,291.6,198.9,8,7,2.7
70,24.3,226.2,9,6,2.7
71,57,228.9,10,7,2.7
72,81.6,226.2,8,6,2.7
73,114.3,228.9,9,7,2.7
74,147,226.2,10,6,2.7
75,171.6,228.9,8,7,2.7
76,204.3,226.2,9,6,2.7
77,237,228.9,10,7,2.7
78,261.6,226.2,8,6,2.7
79,294.3,228.9,9,7,2.7
80,27,256.2,10,6,2.7
81,51.6,258.9,8,7,2.7
82,84.3,256.2,9,6,2.7
83,117,258.9,10,7,2.7
84,141.6,256.2,8,6,2.7
85,174.3,258.9,9,7,2.7
86,207,256.2,10,6,2.7
87,231.6,258.9,8,7,2.7
88,264.3,256.2,9,6,2.7
89,297,258.9,10,7,2.7
90,21.6,286.2,8,6,2.7
91,54.3,288.9,9,7,2.7
92,87,286.2,10,6,2.7
93,111.6,288.9,8,7,2.7
94,144.3,286.2,9,6,2.7
95,177,288.9,10,7,2.7
96,201.6,286.2,8,6,2.7
98,267,286.2,10,6,2.7
99,291.6,288.9,8,7,2.7
100,24.3,316.2,9,6,2.7
102,81.6,316.2,8,6,2.7
103,114.3,318.9,9,7,2.7
104,147,316.2,10,6,2.7
105,171.6,318.9,8,7,2.7
106,204.3,316.2,9,6,2.7
107,237,318.9,10,7,2.7
108,261.6,316.2,8,6,2.7
109,294.3,318.9,9,7,2.7
110,27,346.2,10,6,2.7
111,51.6,348.9,8,7,2.7
112,84.3,346.2,9,6,2.7
113,117,348.9,10,7,2.7
114,141.6,346.2,8,6,2.7
115,174.3,348.9,9,7,2.7
116,207,346.2,10,6,2.7
117,231.6,348.9,8,7,2.7
118,264.3,346.2,9,6,2.7
119,297,348.9,10,7,2.7
120,21.6,376.2,8,6,2.7
121,54.3,378.9,9,7,2.7
122,87,376.2,10,6,2.7
123,111.6,378.9,8,7,2.7
124,144.3,376.2,9,6,2.7
125,177,378.9,10,7,2.7
126,201.6,376.2,8,6,2.7
127,234.3,378.9,9,7,2.7
128,267,376.2,10,6,2.7
129,291.6,378.9,8,7,2.7
131,57,408.9,10,7,2.7
1,55.2,19.6,9,7,2.8
3,112.4,19.6,8,7,2.8
4,145.2,16.8,9,6,2.8
5,178,19.6,10,7,2.8
6,202.4,16.8,8,6,2.8
7,235.2,19.6,9,7,2.8
8,268,16.8,10,6,2.8
9,292.4,19.6,8,7,2.8
10,25.2,46.8,9,6,2.8
11,58,49.6,10,7,2.8
12,82.4,46.8,8,6,2.8
14,148,46.8,10,6,2.8
15,172.4,49.6,8,7,2.8
16,205.2,46.8,9,6,2.8
17,238,49.6,10,7,2.8
18,262.4,46.8,8,6,2.8
19,295.2,49.6,9,7,2.8
20,28,76.8,10,6,2.8
21,52.4,79.6,8,7,2.8
22,85.2,76.8,9,6,2.8
23,118,79.6,10,7,2.8
24,142.4,76.8,8,6,2.8
25,175.2,79.6,9,7,2.8
26,208,76.8,10,6,2.8
27,232.4,79.6,8,7,2.8
28,265.2,76.8,9,6,2.8
29,298,79.6,10,7,2.8
30,22.4,106.8,8,6,2.8
31,55.2,109.6,9,7,2.8
32,88,106.8,10,6,2.8
33,112.4,109.6,8,7,2.8
34,145.2,106.8,9,6,2.8
35,178,109.6,10,7,2.8
36,202.4,106.8,8,6,2.8
37,235.2,109.6,9,7,2.8
38,268,106.8,10,6,2.8
39,292.4,109.6,8,7,2.8
40,25.2,136.8,9,6,2.8
41,58,139.6,10,7,2.8
42,82.4,136.8,8,6,2.8
43,115.2,139.6,9,7,2.8
44,148,136.8,10,6,2.8
45,172.4,139.6,8,7,2.8
47,238,139.6,10,7,2.8
48,262.4,136.8,8,6,2.8
49,295.2,139.6,9,7,2.8
50,28,166.8,10,6,2.8
51,52.4,169.6,8,7,2.8
52,85.2,166.8,9,6,2.8
53,118,169.6,10,7,2.8
54,142.4,166.8,8,6,2.8
55,175.2,169.6,9,7,2.8
56,208,166.8,10,6,2.8
57,232.4,169.6,8,7,2.8
58,265.2,166.8,9,6,2.8
59,298,169.6,10,7,2.8
60,22.4,196.8,8,6,2.8
61,55.2,199.6,9,7,2.8
62,88,196.8,10,6,2.8
63,112.4,199.6,8,7,2.8
64,145.2,196.8,9,6,2.8
65,178,199.6,10,7,2.8
66,202.4,196.8,8,6,2.8
67,235.2,199.6,9,7,2.8
68,268,196.8,10,6,2.8
69,292.4,199.6,8,7,2.8
70,25.2,226.8,9,6,2.8
71,58,229.6,10,7,2.8
72,82.4,226.8,8,6,2.8
73,115.2,229.6,9,7,2.8
74,148,226.8,10,6,2.8
75,172.4,229.6,8,7,2.8
76,205.2,226.8,9,6,2.8
77,238,229.6,10,7,2.8
78,262.4,226.8,8,6,2.8
79,295.2,229.6,9,7,2.8
80,28,256.8,10,6,2.8
81,52.4,259.6,8,7,2.8
82,85.2,256.8,9,6,2.8
83,118,259.6,10,7,2.8
84,142.4,256.8,8,6,2.8
85,175.2,259.6,9,7,2.8
86,208,256.8,10,6,2.8
87,232.4,259.6,8,7,2.8
88,265.2,256.8,9,6,2.8
89,298,259.6,10,7,2.8
90,22.4,286.8,8,6,2.8
91,55.2,289.6,9,7,2.8
92,88,286.8,10,6,2.8
93,112.4,289.6,8,7,2.8
94,145.2,286.8,9,6,2.8
95,178,289.6,10,7,2.8
96,202.4,286.8,8,6,2.8
98,268,286.8,10,6,2.8
99,292.4,289.6,8,7,2.8
100,25.2,316.8,9,6,2.8
102,82.4,316.8,8,6,2.8
103,115.2,319.6,9,7,2.8
104,148,316.8,10,6,2.8
105,172.4,319.6,8,7,2.8
106,205.2,316.8,9,6,2.8
107,238,319.6,10,7,2.8
108,262.4,316.8,8,6,2.8
109,295.2,319.6,9,7,2.8
110,28,346.8,10,6,2.8
111,52.4,349.6,8,7,2.8
112,85.2,346.8,9,6,2.8
113,118,349.6,10,7,2.8
114,142.4,346.8,8,6,2.8
115,175.2,349.6,9,7,2.8
116,208,346.8,10,6,2.8
117,232.4,349.6,8,7,2.8
118,265.2,346.8,9,6,2.8
119,298,349.6,10,7,2.8
120,22.4,376.8,8,6,2.8
121,55.2,379.6,9,7,2.8
122,88,376.8,10,6,2.8
123,112.4,379.6,8,7,2.8
124,145.2,376.8,9,6,2.8
125,178,379.6,10,7,2.8
126,202.4,376.8,8,6,2.8
127,235.2,379.6,9,7,2.8
128,268,376.8,10,6,2.8
129,292.4,379.6,8,7,2.8
131,58,409.6,10,7,2.8
1,56.1,20.3,9,7,2.9
3,113.2,20.3,8,7,2.9
4,146.1,17.4,9,6,2.9
5,179,20.3,10,7,2.9
6,203.2,17.4,8,6,2.9
7,236.1,20.3,9,7,2.9
8,269,17.4,10,6,2.9
9,293.2,20.3,8,7,2.9
10,26.1,47.4,9,6,2.9
11,59,50.3,10,7,2.9
12,83.2,47.4,8,6,2.9
14,149,47.4,10,6,2.9
15,173.2,50.3,8,7,2.9
16,206.1,47.4,9,6,2.9
17,239,50.3,10,7,2.9
18,263.2,47.4,8,6,2.9
19,296.1,50.3,9,7,2.9
20,29,77.4,10,6,2.9
21,53.2,80.3,8,7,2.9
22,86.1,77.4,9,6,2.9
23,119,80.3,10,7,2.9
24,143.2,77.4,8,6,2.9
25,176.1,80.3,9,7,2.9
26,209,77.4,10,6,2.9
27,233.2,80.3,8,7,2.9
28,266.1,77.4,9,6,2.9
29,299,80.3,10,7,2.9
30,23.2,107.4,8,6,2.9
31,56.1,110.3,9,7,2.9
32,89,107.4,10,6,2.9
33,113.2,110.3,8,7,2.9
34,146.1,107.4,9,6,2.9
35,179,110.3,10,7,2.9
36,203.2,107.4,8,6,2.9
37,236.1,110.3,9,7,2.9
38,269,107.4,10,6,2.9
39,293.2,110.3,8,7,2.9
40,26.1,137.4,9,6,2.9
41,59,140.3,10,7,2.9
42,83.2,137.4,8,6,2.9
43,116.1,140.3,9,7,2.9
44,149,137.4,10,6,2.9
45,173.2,140.3,8,7,2.9
47,239,140.3,10,7,2.9
48,263.2,137.4,8,6,2.9
49,296.1,140.3,9,7,2.9
50,29,167.4,10,6,2.9
51,53.2,170.3,8,7,2.9
52,86.1,167.4,9,6,2.9
53,119,170.3,10,7,2.9
54,143.2,167.4,8,6,2.9
55,176.1,170.3,9,7,2.9
56,209,167.4,10,6,2.9
57,233.2,170.3,8,7,2.9
58,266.1,167.4,9,6,2.9
59,299,170.3,10,7,2.9
60,23.2,197.4,8,6,2.9
61,56.1,200.3,9,7,2.9
62,89,197.4,10,6,2.9
63,113.2,200.3,8,7,2.9
64,146.1,197.4,9,6,2.9
65,179,200.3,10,7,2.9
66,203.2,197.4,8,6,2.9
67,236.1,200.3,9,7,2.9
68,269,197.4,10,6,2.9
69,293.2,200.3,8,7,2.9
70,26.1,227.4,9,6,2.9
71,59,230.3,10,7,2.9
72,83.2,227.4,8,6,2.9
73,116.1,230.3,9,7,2.9
74,149,227.4,10,6,2.9
75,173.2,230.3,8,7,2.9
76,206.1,227.4,9,6,2.9
77,239,230.3,10,7,2.9
78,263.2,227.4,8,6,2.9
79,296.1,230.3,9,7,2.9
80,29,257.4,10,6,2.9
81,53.2,260.3,8,7,2.9
82,86.1,257.4,9,6,2.9
83,119,260.3,10,7,2.9
84,143.2,257.4,8,6,2.9
85,176.1,260.3,9,7,2.9
86,209,257.4,10,6,2.9
87,233.2,260.3,8,7,2.9
88,266.1,257.4,9,6,2.9
89,299,260.3,10,7,2.9
90,23.2,287.4,8,6,2.9
91,56.1,290.3,9,7,2.9
92,89,287.4,10,6,2.9
93,113.2,290.3,8,7,2.9
94,146.1,287.4,9,6,2.9
95,179,290.3,10,7,2.9
96,203.2,287.4,8,6,2.9
98,269,287.4,10,6,2.9
99,293.2,290.3,8,7,2.9
100,26.1,317.4,9,6,2.9
102,83.2,317.4,8,6,2.9
103,116.1,320.3,9,7,2.9
104,149,317.4,10,6,2.9
105,173.2,320.3,8,7,2.9
106,206.1,317.4,9,6,2.9
107,239,320.3,10,7,2.9
108,263.2,317.4,8,6,2.9
109,296.1,320.3,9,7,2.9
110,29,347.4,10,6,2.9
111,53.2,350.3,8,7,2.9
112,86.1,347.4,9,6,2.9
113,119,350.3,10,7,2.9
114,143.2,347.4,8,6,2.9
115,176.1,350.3,9,7,2.9
116,209,347.4,10,6,2.9
117,233.2,350.3,8,7,2.9
118,266.1,347.4,9,6,2.9
119,299,350.3,10,7,2.9
120,23.2,377.4,8,6,2.9
121,56.1,380.3,9,7,2.9
122,89,377.4,10,6,2.9
123,113.2,380.3,8,7,2.9
124,146.1,377.4,9,6,2.9
125,179,380.3,10,7,2.9
126,203.2,377.4,8,6,2.9
127,236.1,380.3,9,7,2.9
128,269,377.4,10,6,2.9
129,293.2,380.3,8,7,2.9
131,59,410.3,10,7,2.9
2,90,18,10,6,3
13,117,51,9,7,3
46,207,138,9,6,3
97,237,291,9,7,3
101,60,321,10,7,3
130,27,408,9,6,3
1,57,21,9,7,3
3,114,21,8,7,3
5,180,21,10,7,3
7,237,21,9,7,3
8,270,18,10,6,3
9,294,21,8,7,3
10,27,48,9,6,3
11,60,51,10,7,3
12,84,48,8,6,3
14,150,48,10,6,3
15,174,51,8,7,3
16,207,48,9,6,3
17,240,51,10,7,3
18,264,48,8,6,3
19,297,51,9,7,3
20,30,78,10,6,3
21,54,81,8,7,3
22,87,78,9,6,3
23,120,81,10,7,3
24,144,78,8,6,3
26,210,78,10,6,3
27,234,81,8,7,3
28,267,78,9,6,3
29,300,81,10,7,3
30,24,108,8,6,3
31,57,111,9,7,3
32,90,108,10,6,3
33,114,111,8,7,3
34,147,108,9,6,3
35,180,111,10,7,3
36,204,108,8,6,3
37,237,111,9,7,3
38,270,108,10,6,3
39,294,111,8,7,3
40,27,138,9,6,3
41,60,141,10,7,3
42,84,138,8,6,3
43,117,141,9,7,3
44,150,138,10,6,3
45,174,141,8,7,3
47,240,141,10,7,3
48,264,138,8,6,3
49,297,141,9,7,3
50,30,168,10,6,3
51,54,171,8,7,3
52,87,168,9,6,3
53,120,171,10,7,3
54,144,168,8,6,3
55,177,171,9,7,3
56,210,168,10,6,3
57,234,171,8,7,3
58,267,168,9,6,3
59,300,171,10,7,3
60,24,198,8,6,3
61,57,201,9,7,3
62,90,198,10,6,3
63,114,201,8,7,3
64,147,198,9,6,3
65,180,201,10,7,3
66,204,198,8,6,3
67,237,201,9,7,3
68,270,198,10,6,3
69,294,201,8,7,3
70,27,228,9,6,3
71,60,231,10,7,3
72,84,228,8,6,3
73,117,231,9,7,3
74,150,228,10,6,3
75,174,231,8,7,3
76,207,228,9,6,3
77,240,231,10,7,3
78,264,228,8,6,3
79,297,231,9,7,3
80,30,258,10,6,3
81,54,261,8,7,3
82,87,258,9,6,3
83,120,261,10,7,3
84,144,258,8,6,3
85,177,261,9,7,3
86,210,258,10,6,3
87,234,261,8,7,3
88,267,258,9,6,3
89,300,261,10,7,3
90,24,288,8,6,3
91,57,291,9,7,3
92,90,288,10,6,3
93,114,291,8,7,3
94,147,288,9,6,3
95,180,291,10,7,3
96,204,288,8,6,3
98,270,288,10,6,3
99,294,291,8,7,3
100,27,318,9,6,3
102,84,318,8,6,3
103,117,321,9,7,3
104,150,318,10,6,3
105,174,321,8,7,3
106,207,318,9,6,3
107,240,321,10,7,3
108,264,318,8,6,3
109,297,321,9,7,3
110,30,348,10,6,3
111,54,351,8,7,3
112,87,348,9,6,3
113,120,351,10,7,3
114,144,348,8,6,3
115,177,351,9,7,3
116,210,348,10,6,3
117,234,351,8,7,3
118,267,348,9,6,3
119,300,351,10,7,3
120,24,378,8,6,3
121,57,381,9,7,3
122,90,378,10,6,3
123,114,381,8,7,3
124,147,378,9,6,3
125,180,381,10,7,3
126,204,378,8,6,3
127,237,381,9,7,3
128,270,378,10,6,3
129,294,381,8,7,3
131,60,411,10,7,3
2,91,18.6,10,6,3.1
13,117.9,51.7,9,7,3.1
46,207.9,138.6,9,6,3.1
97,237.9,291.7,9,7,3.1
101,61,321.7,10,7,3.1
130,27.9,408.6,9,6,3.1
1,57.9,21.7,9,7,3.1
3,114.8,21.7,8,7,3.1
5,181,21.7,10,7,3.1
7,237.9,21.7,9,7,3.1
8,271,18.6,10,6,3.1
9,294.8,21.7,8,7,3.1
10,27.9,48.6,9,6,3.1
11,61,51.7,10,7,3.1
12,84.8,48.6,8,6,3.1
14,151,48.6,10,6,3.1
15,174.8,51.7,8,7,3.1
16,207.9,48.6,9,6,3.1
17,241,51.7,10,7,3.1
18,264.8,48.6,8,6,3.1
19,297.9,51.7,9,7,3.1
20,31,78.6,10,6,3.1
21,54.8,81.7,8,7,3.1
22,87.9,78.6,9,6,3.1
23,121,81.7,10,7,3.1
24,144.8,78.6,8,6,3.1
26,211,78.6,10,6,3.1
27,234.8,81.7,8,7,3.1
28,267.9,78.6,9,6,3.1
29,301,81.7,10,7,3.1
30,24.8,108.6,8,6,3.1
31,57.9,111.7,9,7,3.1
32,91,108.6,10,6,3.1
33,114.8,111.7,8,7,3.1
34,147.9,108.6,9,6,3.1
35,181,111.7,10,7,3.1
36,204.8,108.6,8,6,3.1
37,237.9,111.7,9,7,3.1
38,271,108.6,10,6,3.1
39,294.8,111.7,8,7,3.1
40,27.9,138.6,9,6,3.1
41,61,141.7,10,7,3.1
42,84.8,138.6,8,6,3.1
43,117.9,141.7,9,7,3.1
44,151,138.6,10,6,3.1
45,174.8,141.7,8,7,3.1
47,241,141.7,10,7,3.1
48,264.8,138.6,8,6,3.1
49,297.9,141.7,9,7,3.1
50,31,168.6,10,6,3.1
51,54.8,171.7,8,7,3.1
52,87.9,168.6,9,6,3.1
53,121,171.7,10,7,3.1
54,144.8,168.6,8,6,3.1
55,177.9,171.7,9,7,3.1
56,211,168.6,10,6,3.1
57,234.8,171.7,8,7,3.1
58,267.9,168.6,9,6,3.1
59,301,171.7,10,7,3.1
60,24.8,198.6,8,6,3.1
61,57.9,201.7,9,7,3.1
62,91,198.6,10,6,3.1
63,114.8,201.7,8,7,3.1
64,147.9,198.6,9,6,3.1
65,181,201.7,10,7,3.1
66,204.8,198.6,8,6,3.1
67,237.9,201.7,9,7,3.1
68,271,198.6,10,6,3.1
69,294.8,201.7,8,7,3.1
70,27.9,228.6,9,6,3.1
71,61,231.7,10,7,3.1
72,84.8,228.6,8,6,3.1
73,117.9,231.7,9,7,3.1
74,151,228.6,10,6,3.1
75,174.8,231.7,8,7,3.1
76,207.9,228.6,9,6,3.1
77,241,231.7,10,7,3.1
78,264.8,228.6,8,6,3.1
79,297.9,231.7,9,7,3.1
80,31,258.6,10,6,3.1
81,54.8,261.7,8,7,3.1
82,87.9,258.6,9,6,3.1
83,121,261.7,10,7,3.1
84,144.8,258.6,8,6,3.1
85,177.9,261.7,9,7,3.1
86,211,258.6,10,6,3.1
87,234.8,261.7,8,7,3.1
88,267.9,258.6,9,6,3.1
89,301,261.7,10,7,3.1
90,24.8,288.6,8,6,3.1
91,57.9,291.7,9,7,3.1
92,91,288.6,10,6,3.1
93,114.8,291.7,8,7,3.1
94,147.9,288.6,9,6,3.1
95,181,291.7,10,7,3.1
96,204.8,288.6,8,6,3.1
98,271,288.6,10,6,3.1
99,294.8,291.7,8,7,3.1
100,27.9,318.6,9,6,3.1
102,84.8,318.6,8,6,3.1
103,117.9,321.7,9,7,3.1
104,151,318.6,10,6,3.1
105,174.8,321.7,8,7,3.1
106,207.9,318.6,9,6,3.1
107,241,321.7,10,7,3.1
108,264.8,318.6,8,6,3.1
109,297.9,321.7,9,7,3.1
110,31,348.6,10,6,3.1
111,54.8,351.7,8,7,3.1
112,87.9,348.6,9,6,3.1
113,121,351.7,10,7,3.1
114,144.8,348.6,8,6,3.1
115,177.9,351.7,9,7,3.1
116,211,348.6,10,6,3.1
117,234.8,351.7,8,7,3.1
118,267.9,348.6,9,6,3.1
119,301,351.7,10,7,3.1
120,24.8,378.6,8,6,3.1
121,57.9,381.7,9,7,3.1
122,91,378.6,10,6,3.1
123,114.8,381.7,8,7,3.1
124,147.9,378.6,9,6,3.1
125,181,381.7,10,7,3.1
126,204.8,378.6,8,6,3.1
127,237.9,381.7,9,7,3.1
128,271,378.6,10,6,3.1
129,294.8,381.7,8,7,3.1
131,61,411.7,10,7,3.1
2,92,19.2,10,6,3.2
13,118.8,52.4,9,7,3.2
46,208.8,139.2,9,6,3.2
97,238.8,292.4,9,7,3.2
101,62,322.4,10,7,3.2
130,28.8,409.2,9,6,3.2
1,58.8,22.4,9,7,3.2
3,115.6,22.4,8,7,3.2
5,182,22.4,10,7,3.2
7,238.8,22.4,9,7,3.2
8,272,19.2,10,6,3.2
9,295.6,22.4,8,7,3.2
10,28.8,49.2,9,6,3.2
11,62,52.4,10,7,3.2
12,85.6,49.2,8,6,3.2
14,152,49.2,10,6,3.2
15,175.6,52.4,8,7,3.2
16,208.8,49.2,9,6,3.2
17,242,52.4,10,7,3.2
18,265.6,49.2,8,6,3.2
19,298.8,52.4,9,7,3.2
20,32,79.2,10,6,3.2
21,55.6,82.4,8,7,3.2
22,88.8,79.2,9,6,3.2
23,122,82.4,10,7,3.2
24,145.6,79.2,8,6,3.2
26,212,79.2,10,6,3.2
27,235.6,82.4,8,7,3.2
28,268.8,79.2,9,6,3.2
29,302,82.4,10,7,3.2
30,25.6,109.2,8,6,3.2
31,58.8,112.4,9,7,3.2
32,92,109.2,10,6,3.2
33,115.6,112.4,8,7,3.2
34,148.8,109.2,9,6,3.2
35,182,112.4,10,7,3.2
36,205.6,109.2,8,6,3.2
37,238.8,112.4,9,7,3.2
38,272,109.2,10,6,3.2
39,295.6,112.4,8,7,3.2
40,28.8,139.2,9,6,3.2
41,62,142.4,10,7,3.2
42,85.6,139.2,8,6,3.2
43,118.8,142.4,9,7,3.2
44,152,139.2,10,6,3.2
45,175.6,142.4,8,7,3.2
47,242,142.4,10,7,3.2
48,265.6,139.2,8,6,3.2
49,298.8,142.4,9,7,3.2
50,32,169.2,10,6,3.2
51,55.6,172.4,8,7,3.2
52,88.8,169.2,9,6,3.2
53,122,172.4,10,7,3.2
54,145.6,169.2,8,6,3.2
55,178.8,172.4,9,7,3.2
56,212,169.2,10,6,3.2
57,235.6,172.4,8,7,3.2
58,268.8,169.2,9,6,3.2
59,302,172.4,10,7,3.2
60,25.6,199.2,8,6,3.2
61,58.8,202.4,9,7,3.2
62,92,199.2,10,6,3.2
63,115.6,202.4,8,7,3.2
64,148.8,199.2,9,6,3.2
65,182,202.4,10,7,3.2
66,205.6,199.2,8,6,3.2
67,238.8,202.4,9,7,3.2
68,272,199.2,10,6,3.2
69,295.6,202.4,8,7,3.2
70,28.8,229.2,9,6,3.2
71,62,232.4,10,7,3.2
72,85.6,229.2,8,6,3.2
73,118.8,232.4,9,7,3.2
74,152,229.2,10,6,3.2
75,175.6,232.4,8,7,3.2
76,208.8,229.2,9,6,3.2
77,242,232.4,10,7,3.2
78,265.6,229.2,8,6,3.2
79,298.8,232.4,9,7,3.2
80,32,259.2,10,6,3.2
81,55.6,262.4,8,7,3.2
82,88.8,259.2,9,6,3.2
83,122,262.4,10,7,3.2
84,145.6,259.2,8,6,3.2
85,178.8,262.4,9,7,3.2
86,212,259.2,10,6,3.2
87,235.6,262.4,8,7,3.2
88,268.8,259.2,9,6,3.2
89,302,262.4,10,7,3.2
90,25.6,289.2,8,6,3.2
91,58.8,292.4,9,7,3.2
92,92,289.2,10,6,3.2
93,115.6,292.4,8,7,3.2
94,148.8,289.2,9,6,3.2
95,182,292.4,10,7,3.2
96,205.6,289.2,8,6,3.2
98,272,289.2,10,6,3.2
99,295.6,292.4,8,7,3.2
100,28.8,319.2,9,6,3.2
102,85.6,319.2,8,6,3.2
103,118.8,322.4,9,7,3.2
104,152,319.2,10,6,3.2
105,175.6,322.4,8,7,3.2
106,208.8,319.2,9,6,3.2
107,242,322.4,10,7,3.2
108,265.6,319.2,8,6,3.2
109,298.8,322.4,9,7,3.2
110,32,349.2,10,6,3.2
111,55.6,352.4,8,7,3.2
112,88.8,349.2,9,6,3.2
113,122,352.4,10,7,3.2
114,145.6,349.2,8,6,3.2
115,178.8,352.4,9,7,3.2
116,212,349.2,10,6,3.2
117,235.6,352.4,8,7,3.2
118,268.8,349.2,9,6,3.2
119,302,352.4,10,7,3.2
120,25.6,379.2,8,6,3.2
121,58.8,382.4,9,7,3.2
122,92,379.2,10,6,3.2
123,115.6,382.4,8,7,3.2
124,148.8,379.2,9,6,3.2
125,182,382.4,10,7,3.2
126,205.6,379.2,8,6,3.2
127,238.8,382.4,9,7,3.2
128,272,379.2,10,6,3.2
129,295.6,382.4,8,7,3.2
131,62,412.4,10,7,3.2
2,93,19.8,10,6,3.3
13,119.7,53.1,9,7,3.3
46,209.7,139.8,9,6,3.3
97,239.7,293.1,9,7,3.3
101,63,323.1,10,7,3.3
130,29.7,409.8,9,6,3.3
1,59.7,23.1,9,7,3.3
3,116.4,23.1,8,7,3.3
5,183,23.1,10,7,3.3
7,239.7,23.1,9,7,3.3
8,273,19.8,10,6,3.3
9,296.4,23.1,8,7,3.3
10,29.7,49.8,9,6,3.3
11,63,53.1,10,7,3.3
12,86.4,49.8,8,6,3.3
14,153,49.8,10,6,3.3
15,176.4,53.1,8,7,3.3
16,209.7,49.8,9,6,3.3
17,243,53.1,10,7,3.3
18,266.4,49.8,8,6,3.3
19,299.7,53.1,9,7,3.3
20,33,79.8,10,6,3.3
21,56.4,83.1,8,7,3.3
22,89.7,79.8,9,6,3.3
23,123,83.1,10,7,3.3
24,146.4,79.8,8,6,3.3
26,213,79.8,10,6,3.3
27,236.4,83.1,8,7,3.3
28,269.7,79.8,9,6,3.3
29,303,83.1,10,7,3.3
30,26.4,109.8,8,6,3.3
31,59.7,113.1,9,7,3.3
32,93,109.8,10,6,3.3
33,116.4,113.1,8,7,3.3
34,149.7,109.8,9,6,3.3
35,183,113.1,10,7,3.3
36,206.4,109.8,8,6,3.3
37,239.7,113.1,9,7,3.3
38,273,109.8,10,6,3.3
39,296.4,113.1,8,7,3.3
40,29.7,139.8,9,6,3.3
41,63,143.1,10,7,3.3
42,86.4,139.8,8,6,3.3
43,119.7,143.1,9,7,3.3
44,153,139.8,10,6,3.3
45,176.4,143.1,8,7,3.3
47,243,143.1,10,7,3.3
48,266.4,139.8,8,6,3.3
49,299.7,143.1,9,7,3.3
50,33,169.8,10,6,3.3
51,56.4,173.1,8,7,3.3
52,89.7,169.8,9,6,3.3
53,123,173.1,10,7,3.3
54,146.4,169.8,8,6,3.3
55,179.7,173.1,9,7,3.3
56,213,169.8,10,6,3.3
57,236.4,173.1,8,7,3.3
58,269.7,169.8,9,6,3.3
59,303,173.1,10,7,3.3
60,26.4,199.8,8,6,3.3
61,59.7,203.1,9,7,3.3
62,93,199.8,10,6,3.3
63,116.4,203.1,8,7,3.3
64,149.7,199.8,9,6,3.3
65,183,203.1,10,7,3.3
66,206.4,199.8,8,6,3.3
67,239.7,203.1,9,7,3.3
68,273,199.8,10,6,3.3
69,296.4,203.1,8,7,3.3
70,29.7,229.8,9,6,3.3
71,63,233.1,10,7,3.3
72,86.4,229.8,8,6,3.3
73,119.7,233.1,9,7,3.3
74,153,229.8,10,6,3.3
75,176.4,233.1,8,7,3.3
76,209.7,229.8,9,6,3.3
77,243,233.1,10,7,3.3
78,266.4,229.8,8,6,3.3
79,299.7,233.1,9,7,3.3
80,33,259.8,10,6,3.3
81,56.4,263.1,8,7,3.3
82,89.7,259.8,9,6,3.3
83,123,263.1,10,7,3.3
84,146.4,259.8,8,6,3.3
85,179.7,263.1,9,7,3.3
86,213,259.8,10,6,3.3
87,236.4,263.1,8,7,3.3
88,269.7,259.8,9,6,3.3
89,303,263.1,10,7,3.3
90,26.4,289.8,8,6,3.3
91,59.7,293.1,9,7,3.3
92,93,289.8,10,6,3.3
93,116.4,293.1,8,7,3.3
94,149.7,289.8,9,6,3.3
95,183,293.1,10,7,3.3
96,206.4,289.8,8,6,3.3
98,273,289.8,10,6,3.3
99,296.4,293.1,8,7,3.3
100,29.7,319.8,9,6,3.3
102,86.4,319.8,8,6,3.3
103,119.7,323.1,9,7,3.3
104,153,319.8,10,6,3.3
105,176.4,323.1,8,7,3.3
106,209.7,319.8,9,6,3.3
107,243,323.1,10,7,3.3
108,266.4,319.8,8,6,3.3
109,299.7,323.1,9,7,3.3
110,33,349.8,10,6,3.3
111,56.4,353.1,8,7,3.3
112,89.7,349.8,9,6,3.3
113,123,353.1,10,7,3.3
114,146.4,349.8,8,6,3.3
115,179.7,353.1,9,7,3.3
116,213,349.8,10,6,3.3
117,236.4,353.1,8,7,3.3
118,269.7,349.8,9,6,3.3
119,303,353.1,10,7,3.3
120,26.4,379.8,8,6,3.3
121,59.7,383.1,9,7,3.3
122,93,379.8,10,6,3.3
123,116.4,383.1,8,7,3.3
124,149.7,379.8,9,6,3.3
125,183,383.1,10,7,3.3
126,206.4,379.8,8,6,3.3
127,239.7,383.1,9,7,3.3
128,273,379.8,10,6,3.3
129,296.4,383.1,8,7,3.3
131,63,413.1,10,7,3.3
2,94,20.4,10,6,3.4
13,120.6,53.8,9,7,3.4
46,210.6,140.4,9,6,3.4
97,240.6,293.8,9,7,3.4
101,64,323.8,10,7,3.4
130,30.6,410.4,9,6,3.4
1,60.6,23.8,9,7,3.4
3,117.2,23.8,8,7,3.4
5,184,23.8,10,7,3.4
7,240.6,23.8,9,7,3.4
8,274,20.4,10,6,3.4
9,297.2,23.8,8,7,3.4
10,30.6,50.4,9,6,3.4
11,64,53.8,10,7,3.4
12,87.2,50.4,8,6,3.4
14,154,50.4,10,6,3.4
15,177.2,53.8,8,7,3.4
16,210.6,50.4,9,6,3.4
17,244,53.8,10,7,3.4
18,267.2,50.4,8,6,3.4
19,300.6,53.8,9,7,3.4
20,34,80.4,10,6,3.4
21,57.2,83.8,8,7,3.4
22,90.6,80.4,9,6,3.4
23,124,83.8,10,7,3.4
24,147.2,80.4,8,6,3.4
26,214,80.4,10,6,3.4
27,237.2,83.8,8,7,3.4
28,270.6,80.4,9,6,3.4
29,304,83.8,10,7,3.4
30,27.2,110.4,8,6,3.4
31,60.6,113.8,9,7,3.4
32,94,110.4,10,6,3.4
33,117.2,113.8,8,7,3.4
34,150.6,110.4,9,6,3.4
35,184,113.8,10,7,3.4
36,207.2,110.4,8,6,3.4
37,240.6,113.8,9,7,3.4
38,274,110.4,10,6,3.4
39,297.2,113.8,8,7,3.4
40,30.6,140.4,9,6,3.4
41,64,143.8,10,7,3.4
42,87.2,140.4,8,6,3.4
43,120.6,143.8,9,7,3.4
44,154,140.4,10,6,3.4
45,177.2,143.8,8,7,3.4
47,244,143.8,10,7,3.4
48,267.2,140.4,8,6,3.4
49,300.6,143.8,9,7,3.4
50,34,170.4,10,6,3.4
51,57.2,173.8,8,7,3.4
52,90.6,170.4,9,6,3.4
53,124,173.8,10,7,3.4
54,147.2,170.4,8,6,3.4
55,180.6,173.8,9,7,3.4
56,214,170.4,10,6,3.4
57,237.2,173.8,8,7,3.4
58,270.6,170.4,9,6,3.4
59,304,173.8,10,7,3.4
60,27.2,200.4,8,6,3.4
61,60.6,203.8,9,7,3.4
62,94,200.4,10,6,3.4
63,117.2,203.8,8,7,3.4
64,150.6,200.4,9,6,3.4
65,184,203.8,10,7,3.4
66,207.2,200.4,8,6,3.4
67,240.6,203.8,9,7,3.4
68,274,200.4,10,6,3.4
69,297.2,203.8,8,7,3.4
70,30.6,230.4,9,6,3.4
71,64,233.8,10,7,3.4
72,87.2,230.4,8,6,3.4
73,120.6,233.8,9,7,3.4
74,154,230.4,10,6,3.4
75,177.2,233.8,8,7,3.4
76,210.6,230.4,9,6,3.4
77,244,233.8,10,7,3.4
78,267.2,230.4,8,6,3.4
79,300.6,233.8,9,7,3.4
80,34,260.4,10,6,3.4
81,57.2,263.8,8,7,3.4
82,90.6,260.4,9,6,3.4
83,124,263.8,10,7,3.4
84,147.2,260.4,8,6,3.4
85,180.6,263.8,9,7,3.4
86,214,260.4,10,6,3.4
87,237.2,263.8,8,7,3.4
88,270.6,260.4,9,6,3.4
89,304,263.8,10,7,3.4
90,27.2,290.4,8,6,3.4
91,60.6,293.8,9,7,3.4
92,94,290.4,10,6,3.4
93,117.2,293.8,8,7,3.4
94,150.6,290.4,9,6,3.4
95,184,293.8,10,7,3.4
96,207.2,290.4,8,6,3.4
98,274,290.4,10,6,3.4
99,297.2,293.8,8,7,3.4
100,30.6,320.4,9,6,3.4
102,87.2,320.4,8,6,3.4
103,120.6,323.8,9,7,3.4
104,154,320.4,10,6,3.4
105,177.2,323.8,8,7,3.4
106,210.6,320.4,9,6,3.4
107,244,323.8,10,7,3.4
108,267.2,320.4,8,6,3.4
109,300.6,323.8,9,7,3.4
110,34,350.4,10,6,3.4
111,57.2,353.8,8,7,3.4
112,90.6,350.4,9,6,3.4
113,124,353.8,10,7,3.4
114,147.2,350.4,8,6,3.4
115,180.6,353.8,9,7,3.4
116,214,350.4,10,6,3.4
117,237.2,353.8,8,7,3.4
118,270.6,350.4,9,6,3.4
119,304,353.8,10,7,3.4
120,27.2,380.4,8,6,3.4
121,60.6,383.8,9,7,3.4
122,94,380.4,10,6,3.4
123,117.2,383.8,8,7,3.4
124,150.6,380.4,9,6,3.4
125,184,383.8,10,7,3.4
126,207.2,380.4,8,6,3.4
127,240.6,383.8,9,7,3.4
128,274,380.4,10,6,3.4
129,297.2,383.8,8,7,3.4
131,64,413.8,10,7,3.4
2,95,21,10,6,3.5
13,121.5,54.5,9,7,3.5
46,211.5,141,9,6,3.5
97,241.5,294.5,9,7,3.5
101,65,324.5,10,7,3.5
130,31.5,411,9,6,3.5
1,61.5,24.5,9,7,3.5
3,118,24.5,8,7,3.5
5,185,24.5,10,7,3.5
7,241.5,24.5,9,7,3.5
8,275,21,10,6,3.5
9,298,24.5,8,7,3.5
10,31.5,51,9,6,3.5
11,65,54.5,10,7,3.5
12,88,51,8,6,3.5
14,155,51,10,6,3.5
15,178,54.5,8,7,3.5
16,211.5,51,9,6,3.5
17,245,54.5,10,7,3.5
18,268,51,8,6,3.5
19,301.5,54.5,9,7,3.5
20,35,81,10,6,3.5
21,58,84.5,8,7,3.5
22,91.5,81,9,6,3.5
23,125,84.5,10,7,3.5
24,148,81,8,6,3.5
26,215,81,10,6,3.5
27,238,84.5,8,7,3.5
28,271.5,81,9,6,3.5
29,305,84.5,10,7,3.5
30,28,111,8,6,3.5
31,61.5,114.5,9,7,3.5
32,95,111,10,6,3.5
33,118,114.5,8,7,3.5
34,151.5,111,9,6,3.5
35,185,114.5,10,7,3.5
36,208,111,8,6,3.5
37,241.5,114.5,9,7,3.5
38,275,111,10,6,3.5
39,298,114.5,8,7,3.5
40,31.5,141,9,6,3.5
41,65,144.5,10,7,3.5
42,88,141,8,6,3.5
43,121.5,144.5,9,7,3.5
44,155,141,10,6,3.5
45,178,144.5,8,7,3.5
47,245,144.5,10,7,3.5
48,268,141,8,6,3.5
49,301.5,144.5,9,7,3.5
50,35,171,10,6,3.5
51,58,174.5,8,7,3.5
52,91.5,171,9,6,3.5
53,125,174.5,10,7,3.5
54,148,171,8,6,3.5
55,181.5,174.5,9,7,3.5
56,215,171,10,6,3.5
57,238,174.5,8,7,3.5
58,271.5,171,9,6,3.5
59,305,174.5,10,7,3.5
60,28,201,8,6,3.5
61,61.5,204.5,9,7,3.5
62,95,201,10,6,3.5
63,118,204.5,8,7,3.5
64,151.5,201,9,6,3.5
65,185,204.5,10,7,3.5
66,208,201,8,6,3.5
67,241.5,204.5,9,7,3.5
68,275,201,10,6,3.5
69,298,204.5,8,7,3.5
70,31.5,231,9,6,3.5
71,65,234.5,10,7,3.5
72,88,231,8,6,3.5
73,121.5,234.5,9,7,3.5
74,155,231,10,6,3.5
75,178,234.5,8,7,3.5
76,211.5,231,9,6,3.5
77,245,234.5,10,7,3.5
78,268,231,8,6,3.5
79,301.5,234.5,9,7,3.5
80,35,261,10,6,3.5
81,58,264.5,8,7,3.5
82,91.5,261,9,6,3.5
83,125,264.5,10,7,3.5
84,148,261,8,6,3.5
85,181.5,264.5,9,7,3.5
86,215,261,10,6,3.5
87,238,264.5,8,7,3.5
88,271.5,261,9,6,3.5
89,305,264.5,10,7,3.5
90,28,291,8,6,3.5
91,61.5,294.5,9,7,3.5
92,95,291,10,6,3.5
93,118,294.5,8,7,3.5
94,151.5,291,9,6,3.5
95,185,294.5,10,7,3.5
96,208,291,8,6,3.5
98,275,291,10,6,3.5
99,298,294.5,8,7,3.5
100,31.5,321,9,6,3.5
102,88,321,8,6,3.5
103,121.5,324.5,9,7,3.5
104,155,321,10,6,3.5
105,178,324.5,8,7,3.5
106,211.5,321,9,6,3.5
107,245,324.5,10,7,3.5
108,268,321,8,6,3.5
109,301.5,324.5,9,7,3.5
110,35,351,10,6,3.5
111,58,354.5,8,7,3.5
112,91.5,351,9,6,3.5
113,125,354.5,10,7,3.5
114,148,351,8,6,3.5
115,181.5,354.5,9,7,3.5
116,215,351,10,6,3.5
117,238,354.5,8,7,3.5
118,271.5,351,9,6,3.5
119,305,354.5,10,7,3.5
120,28,381,8,6,3.5
121,61.5,384.5,9,7,3.5
122,95,381,10,6,3.5
123,118,384.5,8,7,3.5
124,151.5,381,9,6,3.5
125,185,384.5,10,7,3.5
126,208,381,8,6,3.5
127,241.5,384.5,9,7,3.5
128,275,381,10,6,3.5
129,298,384.5,8,7,3.5
131,65,414.5,10,7,3.5
2,96,21.6,10,6,3.6
13,122.4,55.2,9,7,3.6
46,212.4,141.6,9,6,3.6
97,242.4,295.2,9,7,3.6
101,66,325.2,10,7,3.6
130,32.4,411.6,9,6,3.6
1,62.4,25.2,9,7,3.6
3,118.8,25.2,8,7,3.6
5,186,25.2,10,7,3.6
7,242.4,25.2,9,7,3.6
8,276,21.6,10,6,3.6
9,298.8,25.2,8,7,3.6
10,32.4,51.6,9,6,3.6
11,66,55.2,10,7,3.6
12,88.8,51.6,8,6,3.6
14,156,51.6,10,6,3.6
15,178.8,55.2,8,7,3.6
16,212.4,51.6,9,6,3.6
17,246,55.2,10,7,3.6
18,268.8,51.6,8,6,3.6
19,302.4,55.2,9,7,3.6
20,36,81.6,10,6,3.6
21,58.8,85.2,8,7,3.6
22,92.4,81.6,9,6,3.6
23,126,85.2,10,7,3.6
24,148.8,81.6,8,6,3.6
26,216,81.6,10,6,3.6
27,238.8,85.2,8,7,3.6
28,272.4,81.6,9,6,3.6
29,306,85.2,10,7,3.6
30,28.8,111.6,8,6,3.6
31,62.4,115.2,9,7,3.6
32,96,111.6,10,6,3.6
33,118.8,115.2,8,7,3.6
34,152.4,111.6,9,6,3.6
35,186,115.2,10,7,3.6
36,208.8,111.6,8,6,3.6
37,242.4,115.2,9,7,3.6
38,276,111.6,10,6,3.6
39,298.8,115.2,8,7,3.6
40,32.4,141.6,9,6,3.6
41,66,145.2,10,7,3.6
42,88.8,141.6,8,6,3.6
43,122.4,145.2,9,7,3.6
44,156,141.6,10,6,3.6
45,178.8,145.2,8,7,3.6
47,246,145.2,10,7,3.6
48,268.8,141.6,8,6,3.6
49,302.4,145.2,9,7,3.6
50,36,171.6,10,6,3.6
51,58.8,175.2,8,7,3.6
52,92.4,171.6,9,6,3.6
53,126,175.2,10,7,3.6
54,148.8,171.6,8,6,3.6
55,182.4,175.2,9,7,3.6
56,216,171.6,10,6,3.6
57,238.8,175.2,8,7,3.6
58,272.4,171.6,9,6,3.6
59,306,175.2,10,7,3.6
60,28.8,201.6,8,6,3.6
61,62.4,205.2,9,7,3.6
62,96,201.6,10,6,3.6
63,118.8,205.2,8,7,3.6
64,152.4,201.6,9,6,3.6
65,186,205.2,10,7,3.6
66,208.8,201.6,8,6,3.6
67,242.4,205.2,9,7,3.6
68,276,201.6,10,6,3.6
69,298.8,205.2,8,7,3.6
70,32.4,231.6,9,6,3.6
71,66,235.2,10,7,3.6
72,88.8,231.6,8,6,3.6
73,122.4,235.2,9,7,3.6
74,156,231.6,10,6,3.6
75,178.8,235.2,8,7,3.6
76,212.4,231.6,9,6,3.6
77,246,235.2,10,7,3.6
78,268.8,231.6,8,6,3.6
79,302.4,235.2,9,7,3.6
80,36,261.6,10,6,3.6
81,58.8,265.2,8,7,3.6
82,92.4,261.6,9,6,3.6
83,126,265.2,10,7,3.6
84,148.8,261.6,8,6,3.6
85,182.4,265.2,9,7,3.6
86,216,261.6,10,6,3.6
87,238.8,265.2,8,7,3.6
88,272.4,261.6,9,6,3.6
89,306,265.2,10,7,3.6
90,28.8,291.6,8,6,3.6
91,62.4,295.2,9,7,3.6
92,96,291.6,10,6,3.6
93,118.8,295.2,8,7,3.6
94,152.4,291.6,9,6,3.6
95,186,295.2,10,7,3.6
96,208.8,291.6,8,6,3.6
98,276,291.6,10,6,3.6
99,298.8,295.2,8,7,3.6
100,32.4,321.6,9,6,3.6
102,88.8,321.6,8,6,3.6
103,122.4,325.2,9,7,3.6
104,156,321.6,10,6,3.6
105,178.8,325.2,8,7,3.6
106,212.4,321.6,9,6,3.6
107,246,325.2,10,7,3.6
108,268.8,321.6,8,6,3.6
109,302.4,325.2,9,7,3.6
110,36,351.6,10,6,3.6
111,58.8,355.2,8,7,3.6
112,92.4,351.6,9,6,3.6
113,126,355.2,10,7,3.6
114,148.8,351.6,8,6,3.6
115,182.4,355.2,9,7,3.6
116,216,351.6,10,6,3.6
117,238.8,355.2,8,7,3.6
118,272.4,351.6,9,6,3.6
119,306,355.2,10,7,3.6
120,28.8,381.6,8,6,3.6
121,62.4,385.2,9,7,3.6
122,96,381.6,10,6,3.6
123,118.8,385.2,8,7,3.6
124,152.4,381.6,9,6,3.6
125,186,385.2,10,7,3.6
126,208.8,381.6,8,6,3.6
127,242.4,385.2,9,7,3.6
128,276,381.6,10,6,3.6
129,298.8,385.2,8,7,3.6
131,66,415.2,10,7,3.6
2,97,22.2,10,6,3.7
13,123.3,55.9,9,7,3.7
46,213.3,142.2,9,6,3.7
97,243.3,295.9,9,7,3.7
101,67,325.9,10,7,3.7
130,33.3,412.2,9,6,3.7
1,63.3,25.9,9,7,3.7
3,119.6,25.9,8,7,3.7
5,187,25.9,10,7,3.7
7,243.3,25.9,9,7,3.7
8,277,22.2,10,6,3.7
9,299.6,25.9,8,7,3.7
10,33.3,52.2,9,6,3.7
11,67,55.9,10,7,3.7
12,89.6,52.2,8,6,3.7
14,157,52.2,10,6,3.7
15,179.6,55.9,8,7,3.7
16,213.3,52.2,9,6,3.7
17,247,55.9,10,7,3.7
18,269.6,52.2,8,6,3.7
19,303.3,55.9,9,7,3.7
20,37,82.2,10,6,3.7
21,59.6,85.9,8,7,3.7
22,93.3,82.2,9,6,3.7
23,127,85.9,10,7,3.7
24,149.6,82.2,8,6,3.7
26,217,82.2,10,6,3.7
27,239.6,85.9,8,7,3.7
28,273.3,82.2,9,6,3.7
29,307,85.9,10,7,3.7
30,29.6,112.2,8,6,3.7
31,63.3,115.9,9,7,3.7
32,97,112.2,10,6,3.7
33,119.6,115.9,8,7,3.7
34,153.3,112.2,9,6,3.7
35,187,115.9,10,7,3.7
36,209.6,112.2,8,6,3.7
37,243.3,115.9,9,7,3.7
38,277,112.2,10,6,3.7
39,299.6,115.9,8,7,3.7
40,33.3,142.2,9,6,3.7
41,67,145.9,10,7,3.7
42,89.6,142.2,8,6,3.7
43,123.3,145.9,9,7,3.7
44,157,142.2,10,6,3.7
45,179.6,145.9,8,7,3.7
47,247,145.9,10,7,3.7
48,269.6,142.2,8,6,3.7
49,303.3,145.9,9,7,3.7
50,37,172.2,10,6,3.7
51,59.6,175.9,8,7,3.7
52,93.3,172.2,9,6,3.7
53,127,175.9,10,7,3.7
54,149.6,172.2,8,6,3.7
55,183.3,175.9,9,7,3.7
56,217,172.2,10,6,3.7
57,239.6,175.9,8,7,3.7
58,273.3,172.2,9,6,3.7
59,307,175.9,10,7,3.7
60,29.6,202.2,8,6,3.7
61,63.3,205.9,9,7,3.7
62,97,202.2,10,6,3.7
63,119.6,205.9,8,7,3.7
64,153.3,202.2,9,6,3.7
65,187,205.9,10,7,3.7
66,209.6,202.2,8,6,3.7
67,243.3,205.9,9,7,3.7
68,277,202.2,10,6,3.7
69,299.6,205.9,8,7,3.7
70,33.3,232.2,9,6,3.7
71,67,235.9,10,7,3.7
72,89.6,232.2,8,6,3.7
73,123.3,235.9,9,7,3.7
74,157,232.2,10,6,3.7
75,179.6,235.9,8,7,3.7
76,213.3,232.2,9,6,3.7
77,247,235.9,10,7,3.7
78,269.6,232.2,8,6,3.7
79,303.3,235.9,9,7,3.7
80,37,262.2,10,6,3.7
81,59.6,265.9,8,7,3.7
82,93.3,262.2,9,6,3.7
83,127,265.9,10,7,3.7
84,149.6,262.2,8,6,3.7
85,183.3,265.9,9,7,3.7
86,217,262.2,10,6,3.7
87,239.6,265.9,8,7,3.7
88,273.3,262.2,9,6,3.7
89,307,265.9,10,7,3.7
90,29.6,292.2,8,6,3.7
91,63.3,295.9,9,7,3.7
92,97,292.2,10,6,3.7
93,119.6,295.9,8,7,3.7
94,153.3,292.2,9,6,3.7
95,187,295.9,10,7,3.7
96,209.6,292.2,8,6,3.7
98,277,292.2,10,6,3.7
99,299.6,295.9,8,7,3.7
100,33.3,322.2,9,6,3.7
102,89.6,322.2,8,6,3.7
103,123.3,325.9,9,7,3.7
104,157,322.2,10,6,3.7
105,179.6,325.9,8,7,3.7
106,213.3,322.2,9,6,3.7
107,247,325.9,10,7,3.7
108,269.6,322.2,8,6,3.7
109,303.3,325.9,9,7,3.7
110,37,352.2,10,6,3.7
111,59.6,355.9,8,7,3.7
112,93.3,352.2,9,6,3.7
113,127,355.9,10,7,3.7
114,149.6,352.2,8,6,3.7
115,183.3,355.9,9,7,3.7
116,217,352.2,10,6,3.7
117,239.6,355.9,8,7,3.7
118,273.3,352.2,9,6,3.7
119,307,355.9,10,7,3.7
120,29.6,382.2,8,6,3.7
121,63.3,385.9,9,7,3.7
122,97,382.2,10,6,3.7
123,119.6,385.9,8,7,3.7
124,153.3,382.2,9,6,3.7
125,187,385.9,10,7,3.7
126,209.6,382.2,8,6,3.7
127,243.3,385.9,9,7,3.7
128,277,382.2,10,6,3.7
129,299.6,385.9,8,7,3.7
131,67,415.9,10,7,3.7
2,98,22.8,10,6,3.8
13,124.2,56.6,9,7,3.8
46,214.2,142.8,9,6,3.8
97,244.2,296.6,9,7,3.8
101,68,326.6,10,7,3.8
130,34.2,412.8,9,6,3.8
1,64.2,26.6,9,7,3.8
3,120.4,26.6,8,7,3.8
5,188,26.6,10,7,3.8
7,244.2,26.6,9,7,3.8
8,278,22.8,10,6,3.8
9,300.4,26.6,8,7,3.8
10,34.2,52.8,9,6,3.8
11,68,56.6,10,7,3.8
12,90.4,52.8,8,6,3.8
14,158,52.8,10,6,3.8
15,180.4,56.6,8,7,3.8
16,214.2,52.8,9,6,3.8
17,248,56.6,10,7,3.8
18,270.4,52.8,8,6,3.8
19,304.2,56.6,9,7,3.8
20,38,82.8,10,6,3.8
21,60.4,86.6,8,7,3.8
22,94.2,82.8,9,6,3.8
23,128,86.6,10,7,3.8
24,150.4,82.8,8,6,3.8
26,218,82.8,10,6,3.8
27,240.4,86.6,8,7,3.8
28,274.2,82.8,9,6,3.8
29,308,86.6,10,7,3.8
30,30.4,112.8,8,6,3.8
31,64.2,116.6,9,7,3.8
32,98,112.8,10,6,3.8
33,120.4,116.6,8,7,3.8
34,154.2,112.8,9,6,3.8
35,188,116.6,10,7,3.8
36,210.4,112.8,8,6,3.8
37,244.2,116.6,9,7,3.8
38,278,112.8,10,6,3.8
39,300.4,116.6,8,7,3.8
40,34.2,142.8,9,6,3.8
41,68,146.6,10,7,3.8
42,90.4,142.8,8,6,3.8
43,124.2,146.6,9,7,3.8
44,158,142.8,10,6,3.8
45,180.4,146.6,8,7,3.8
47,248,146.6,10,7,3.8
48,270.4,142.8,8,6,3.8
49,304.2,146.6,9,7,3.8
50,38,172.8,10,6,3.8
51,60.4,176.6,8,7,3.8
52,94.2,172.8,9,6,3.8
53,128,176.6,10,7,3.8
54,150.4,172.8,8,6,3.8
55,184.2,176.6,9,7,3.8
56,218,172.8,10,6,3.8
57,240.4,176.6,8,7,3.8
58,274.2,172.8,9,6,3.8
59,308,176.6,10,7,3.8
60,30.4,202.8,8,6,3.8
61,64.2,206.6,9,7,3.8
62,98,202.8,10,6,3.8
63,120.4,206.6,8,7,3.8
64,154.2,202.8,9,6,3.8
65,188,206.6,10,7,3.8
66,210.4,202.8,8,6,3.8
67,244.2,206.6,9,7,3.8
68,278,202.8,10,6,3.8
69,300.4,206.6,8,7,3.8
70,34.2,232.8,9,6,3.8
71,68,236.6,10,7,3.8
72,90.4,232.8,8,6,3.8
73,124.2,236.6,9,7,3.8
74,158,232.8,10,6,3.8
75,180.4,236.6,8,7,3.8
76,214.2,232.8,9,6,3.8
77,248,236.6,10,7,3.8
78,270.4,232.8,8,6,3.8
79,304.2,236.6,9,7,3.8
80,38,262.8,10,6,3.8
81,60.4,266.6,8,7,3.8
82,94.2,262.8,9,6,3.8
83,128,266.6,10,7,3.8
84,150.4,262.8,8,6,3.8
85,184.2,266.6,9,7,3.8
86,218,262.8,10,6,3.8
87,240.4,266.6,8,7,3.8
88,274.2,262.8,9,6,3.8
89,308,266.6,10,7,3.8
90,30.4,292.8,8,6,3.8
91,64.2,296.6,9,7,3.8
92,98,292.8,10,6,3.8
93,120.4,296.6,8,7,3.8
94,154.2,292.8,9,6,3.8
95,188,296.6,10,7,3.8
96,210.4,292.8,8,6,3.8
98,278,292.8,10,6,3.8
99,300.4,296.6,8,7,3.8
100,34.2,322.8,9,6,3.8
102,90.4,322.8,8,6,3.8
103,124.2,326.6,9,7,3.8
104,158,322.8,10,6,3.8
105,180.4,326.6,8,7,3.8
106,214.2,322.8,9,6,3.8
107,248,326.6,10,7,3.8
108,270.4,322.8,8,6,3.8
109,304.2,326.6,9,7,3.8
110,38,352.8,10,6,3.8
111,60.4,356.6,8,7,3.8
112,94.2,352.8,9,6,3.8
113,128,356.6,10,7,3.8
114,150.4,352.8,8,6,3.8
115,184.2,356.6,9,7,3.8
116,218,352.8,10,6,3.8
117,240.4,356.6,8,7,3.8
118,274.2,352.8,9,6,3.8
119,308,356.6,10,7,3.8
120,30.4,382.8,8,6,3.8
121,64.2,386.6,9,7,3.8
122,98,382.8,10,6,3.8
123,120.4,386.6,8,7,3.8
124,154.2,382.8,9,6,3.8
125,188,386.6,10,7,3.8
126,210.4,382.8,8,6,3.8
127,244.2,386.6,9,7,3.8
128,278,382.8,10,6,3.8
129,300.4,386.6,8,7,3.8
131,68,416.6,10,7,3.8
2,99,23.4,10,6,3.9
13,125.1,57.3,9,7,3.9
46,215.1,143.4,9,6,3.9
97,245.1,297.3,9,7,3.9
101,69,327.3,10,7,3.9
130,35.1,413.4,9,6,3.9
1,65.1,27.3,9,7,3.9
3,121.2,27.3,8,7,3.9
5,189,27.3,10,7,3.9
7,245.1,27.3,9,7,3.9
8,279,23.4,10,6,3.9
9,301.2,27.3,8,7,3.9
10,35.1,53.4,9,6,3.9
11,69,57.3,10,7,3.9
12,91.2,53.4,8,6,3.9
14,159,53.4,10,6,3.9
15,181.2,57.3,8,7,3.9
16,215.1,53.4,9,6,3.9
17,249,57.3,10,7,3.9
18,271.2,53.4,8,6,3.9
19,305.1,57.3,9,7,3.9
20,39,83.4,10,6,3.9
21,61.2,87.3,8,7,3.9
22,95.1,83.4,9,6,3.9
23,129,87.3,10,7,3.9
24,151.2,83.4,8,6,3.9
26,219,83.4,10,6,3.9
27,241.2,87.3,8,7,3.9
28,275.1,83.4,9,6,3.9
29,309,87.3,10,7,3.9
30,31.2,113.4,8,6,3.9
31,65.1,117.3,9,7,3.9
32,99,113.4,10,6,3.9
33,121.2,117.3,8,7,3.9
34,155.1,113.4,9,6,3.9
35,189,117.3,10,7,3.9
36,211.2,113.4,8,6,3.9
37,245.1,117.3,9,7,3.9
38,279,113.4,10,6,3.9
39,301.2,117.3,8,7,3.9
40,35.1,143.4,9,6,3.9
41,69,147.3,10,7,3.9
42,91.2,143.4,8,6,3.9
43,125.1,147.3,9,7,3.9
44,159,143.4,10,6,3.9
45,181.2,147.3,8,7,3.9
47,249,147.3,10,7,3.9
48,271.2,143.4,8,6,3.9
49,305.1,147.3,9,7,3.9
50,39,173.4,10,6,3.9
51,61.2,177.3,8,7,3.9
52,95.1,173.4,9,6,3.9
53,129,177.3,10,7,3.9
54,151.2,173.4,8,6,3.9
55,185.1,177.3,9,7,3.9
56,219,173.4,10,6,3.9
57,241.2,177.3,8,7,3.9
58,275.1,173.4,9,6,3.9
59,309,177.3,10,7,3.9
60,31.2,203.4,8,6,3.9
61,65.1,207.3,9,7,3.9
62,99,203.4,10,6,3.9
63,121.2,207.3,8,7,3.9
64,155.1,203.4,9,6,3.9
65,189,207.3,10,7,3.9
66,211.2,203.4,8,6,3.9
67,245.1,207.3,9,7,3.9
68,279,203.4,10,6,3.9
69,301.2,207.3,8,7,3.9
70,35.1,233.4,9,6,3.9
71,69,237.3,10,7,3.9
72,91.2,233.4,8,6,3.9
73,125.1,237.3,9,7,3.9
74,159,233.4,10,6,3.9
75,181.2,237.3,8,7,3.9
76,215.1,233.4,9,6,3.9
77,249,237.3,10,7,3.9
78,271.2,233.4,8,6,3.9
79,305.1,237.3,9,7,3.9
80,39,263.4,10,6,3.9
81,61.2,267.3,8,7,3.9
82,95.1,263.4,9,6,3.9
83,129,267.3,10,7,3.9
84,151.2,263.4,8,6,3.9
85,185.1,267.3,9,7,3.9
86,219,263.4,10,6,3.9
87,241.2,267.3,8,7,3.9
88,275.1,263.4,9,6,3.9
89,309,267.3,10,7,3.9
90,31.2,293.4,8,6,3.9
91,65.1,297.3,9,7,3.9
92,99,293.4,10,6,3.9
93,121.2,297.3,8,7,3.9
94,155.1,293.4,9,6,3.9
95,189,297.3,10,7,3.9
96,211.2,293.4,8,6,3.9
98,279,293.4,10,6,3.9
99,301.2,297.3,8,7,3.9
100,35.1,323.4,9,6,3.9
102,91.2,323.4,8,6,3.9
103,125.1,327.3,9,7,3.9
104,159,323.4,10,6,3.9
105,181.2,327.3,8,7,3.9
106,215.1,323.4,9,6,3.9
107,249,327.3,10,7,3.9
108,271.2,323.4,8,6,3.9
109,305.1,327.3,9,7,3.9
110,39,353.4,10,6,3.9
111,61.2,357.3,8,7,3.9
112,95.1,353.4,9,6,3.9
113,129,357.3,10,7,3.9
114,151.2,353.4,8,6,3.9
115,185.1,357.3,9,7,3.9
116,219,353.4,10,6,3.9
117,241.2,357.3,8,7,3.9
118,275.1,353.4,9,6,3.9
119,309,357.3,10,7,3.9
120,31.2,383.4,8,6,3.9
121,65.1,387.3,9,7,3.9
122,99,383.4,10,6,3.9
123,121.2,387.3,8,7,3.9
124,155.1,383.4,9,6,3.9
125,189,387.3,10,7,3.9
126,211.2,383.4,8,6,3.9
127,245.1,387.3,9,7,3.9
128,279,383.4,10,6,3.9
129,301.2,387.3,8,7,3.9
131,69,417.3,10,7,3.9
13,126,58,9,7,4
46,216,144,9,6,4
97,246,298,9,7,4
101,70,328,10,7,4
130,36,414,9,6,4
1,66,28,9,7,4
3,122,28,8,7,4
5,190,28,10,7,4
7,246,28,9,7,4
8,280,24,10,6,4
9,302,28,8,7,4
10,36,54,9,6,4
11,70,58,10,7,4
12,92,54,8,6,4
14,160,54,10,6,4
15,182,58,8,7,4
16,216,54,9,6,4
17,250,58,10,7,4
18,272,54,8,6,4
19,306,58,9,7,4
20,40,84,10,6,4
21,62,88,8,7,4
22,96,84,9,6,4
23,130,88,10,7,4
24,152,84,8,6,4
26,220,84,10,6,4
27,242,88,8,7,4
28,276,84,9,6,4
29,310,88,10,7,4
30,32,114,8,6,4
31,66,118,9,7,4
32,100,114,10,6,4
33,122,118,8,7,4
34,156,114,9,6,4
35,190,118,10,7,4
36,212,114,8,6,4
37,246,118,9,7,4
38,280,114,10,6,4
39,302,118,8,7,4
40,36,144,9,6,4
41,70,148,10,7,4
42,92,144,8,6,4
43,126,148,9,7,4
44,160,144,10,6,4
45,182,148,8,7,4
47,250,148,10,7,4
48,272,144,8,6,4
49,306,148,9,7,4
50,40,174,10,6,4
51,62,178,8,7,4
52,96,174,9,6,4
53,130,178,10,7,4
54,152,174,8,6,4
55,186,178,9,7,4
56,220,174,10,6,4
57,242,178,8,7,4
58,276,174,9,6,4
59,310,178,10,7,4
60,32,204,8,6,4
61,66,208,9,7,4
62,100,204,10,6,4
63,122,208,8,7,4
64,156,204,9,6,4
65,190,208,10,7,4
66,212,204,8,6,4
67,246,208,9,7,4
68,280,204,10,6,4
69,302,208,8,7,4
70,36,234,9,6,4
71,70,238,10,7,4
72,92,234,8,6,4
73,126,238,9,7,4
74,160,234,10,6,4
75,182,238,8,7,4
76,216,234,9,6,4
77,250,238,10,7,4
78,272,234,8,6,4
79,306,238,9,7,4
80,40,264,10,6,4
81,62,268,8,7,4
82,96,264,9,6,4
83,130,268,10,7,4
84,152,264,8,6,4
85,186,268,9,7,4
86,220,264,10,6,4
87,242,268,8,7,4
88,276,264,9,6,4
89,310,268,10,7,4
90,32,294,8,6,4
91,66,298,9,7,4
92,100,294,10,6,4
93,122,298,8,7,4
94,156,294,9,6,4
95,190,298,10,7,4
96,212,294,8,6,4
98,280,294,10,6,4
99,302,298,8,7,4
100,36,324,9,6,4
102,92,324,8,6,4
103,126,328,9,7,4
104,160,324,10,6,4
105,182,328,8,7,4
106,216,324,9,6,4
107,250,328,10,7,4
108,272,324,8,6,4
109,306,328,9,7,4
110,40,354,10,6,4
111,62,358,8,7,4
112,96,354,9,6,4
113,130,358,10,7,4
114,152,354,8,6,4
115,186,358,9,7,4
116,220,354,10,6,4
117,242,358,8,7,4
118,276,354,9,6,4
119,310,358,10,7,4
120,32,384,8,6,4
121,66,388,9,7,4
122,100,384,10,6,4
123,122,388,8,7,4
124,156,384,9,6,4
125,190,388,10,7,4
126,212,384,8,6,4
127,246,388,9,7,4
128,280,384,10,6,4
129,302,388,8,7,4
131,70,418,10,7,4
13,126.9,58.7,9,7,4.1
46,216.9,144.6,9,6,4.1
97,246.9,298.7,9,7,4.1
101,71,328.7,10,7,4.1
130,36.9,414.6,9,6,4.1
1,66.9,28.7,9,7,4.1
3,122.8,28.7,8,7,4.1
5,191,28.7,10,7,4.1
7,246.9,28.7,9,7,4.1
8,281,24.6,10,6,4.1
9,302.8,28.7,8,7,4.1
10,36.9,54.6,9,6,4.1
11,71,58.7,10,7,4.1
12,92.8,54.6,8,6,4.1
14,161,54.6,10,6,4.1
15,182.8,58.7,8,7,4.1
16,216.9,54.6,9,6,4.1
17,251,58.7,10,7,4.1
18,272.8,54.6,8,6,4.1
19,306.9,58.7,9,7,4.1
20,41,84.6,10,6,4.1
21,62.8,88.7,8,7,4.1
22,96.9,84.6,9,6,4.1
23,131,88.7,10,7,4.1
24,152.8,84.6,8,6,4.1
26,221,84.6,10,6,4.1
27,242.8,88.7,8,7,4.1
28,276.9,84.6,9,6,4.1
29,311,88.7,10,7,4.1
30,32.8,114.6,8,6,4.1
31,66.9,118.7,9,7,4.1
32,101,114.6,10,6,4.1
33,122.8,118.7,8,7,4.1
34,156.9,114.6,9,6,4.1
35,191,118.7,10,7,4.1
36,212.8,114.6,8,6,4.1
37,246.9,118.7,9,7,4.1
38,281,114.6,10,6,4.1
39,302.8,118.7,8,7,4.1
40,36.9,144.6,9,6,4.1
41,71,148.7,10,7,4.1
42,92.8,144.6,8,6,4.1
43,126.9,148.7,9,7,4.1
44,161,144.6,10,6,4.1
45,182.8,148.7,8,7,4.1
47,251,148.7,10,7,4.1
48,272.8,144.6,8,6,4.1
49,306.9,148.7,9,7,4.1
50,41,174.6,10,6,4.1
51,62.8,178.7,8,7,4.1
52,96.9,174.6,9,6,4.1
53,131,178.7,10,7,4.1
54,152.8,174.6,8,6,4.1
55,186.9,178.7,9,7,4.1
56,221,174.6,10,6,4.1
57,242.8,178.7,8,7,4.1
58,276.9,174.6,9,6,4.1
59,311,178.7,10,7,4.1
60,32.8,204.6,8,6,4.1
61,66.9,208.7,9,7,4.1
62,101,204.6,10,6,4.1
63,122.8,208.7,8,7,4.1
64,156.9,204.6,9,6,4.1
65,191,208.7,10,7,4.1
66,212.8,204.6,8,6,4.1
67,246.9,208.7,9,7,4.1
68,281,204.6,10,6,4.1
69,302.8,208.7,8,7,4.1
70,36.9,234.6,9,6,4.1
71,71,238.7,10,7,4.1
72,92.8,234.6,8,6,4.1
73,126.9,238.7,9,7,4.1
74,161,234.6,10,6,4.1
75,182.8,238.7,8,7,4.1
76,216.9,234.6,9,6,4.1
77,251,238.7,10,7,4.1
78,272.8,234.6,8,6,4.1
79,306.9,238.7,9,7,4.1
80,41,264.6,10,6,4.1
81,62.8,268.7,8,7,4.1
82,96.9,264.6,9,6,4.1
83,131,268.7,10,7,4.1
84,152.8,264.6,8,6,4.1
85,186.9,268.7,9,7,4.1
86,221,264.6,10,6,4.1
87,242.8,268.7,8,7,4.1
88,276.9,264.6,9,6,4.1
89,311,268.7,10,7,4.1
90,32.8,294.6,8,6,4.1
91,66.9,298.7,9,7,4.1
92,101,294.6,10,6,4.1
93,122.8,298.7,8,7,4.1
94,156.9,294.6,9,6,4.1
95,191,298.7,10,7,4.1
96,212.8,294.6,8,6,4.1
98,281,294.6,10,6,4.1
99,302.8,298.7,8,7,4.1
100,36.9,324.6,9,6,4.1
102,92.8,324.6,8,6,4.1
103,126.9,328.7,9,7,4.1
104,161,324.6,10,6,4.1
105,182.8,328.7,8,7,4.1
106,216.9,324.6,9,6,4.1
107,251,328.7,10,7,4.1
108,272.8,324.6,8,6,4.1
109,306.9,328.7,9,7,4.1
110,41,354.6,10,6,4.1
111,62.8,358.7,8,7,4.1
112,96.9,354.6,9,6,4.1
113,131,358.7,10,7,4.1
114,152.8,354.6,8,6,4.1
115,186.9,358.7,9,7,4.1
116,221,354.6,10,6,4.1
117,242.8,358.7,8,7,4.1
118,276.9,354.6,9,6,4.1
119,311,358.7,10,7,4.1
120,32.8,384.6,8,6,4.1
121,66.9,388.7,9,7,4.1
122,101,384.6,10,6,4.1
123,122.8,388.7,8,7,4.1
124,156.9,384.6,9,6,4.1
125,191,388.7,10,7,4.1
126,212.8,384.6,8,6,4.1
127,246.9,388.7,9,7,4.1
128,281,384.6,10,6,4.1
129,302.8,388.7,8,7,4.1
131,71,418.7,10,7,4.1
13,127.8,59.4,9,7,4.2
46,217.8,145.2,9,6,4.2
97,247.8,299.4,9,7,4.2
101,72,329.4,10,7,4.2
130,37.8,415.2,9,6,4.2
1,67.8,29.4,9,7,4.2
3,123.6,29.4,8,7,4.2
5,192,29.4,10,7,4.2
7,247.8,29.4,9,7,4.2
8,282,25.2,10,6,4.2
9,303.6,29.4,8,7,4.2
10,37.8,55.2,9,6,4.2
11,72,59.4,10,7,4.2
12,93.6,55.2,8,6,4.2
14,162,55.2,10,6,4.2
15,183.6,59.4,8,7,4.2
16,217.8,55.2,9,6,4.2
17,252,59.4,10,7,4.2
18,273.6,55.2,8,6,4.2
19,307.8,59.4,9,7,4.2
20,42,85.2,10,6,4.2
21,63.6,89.4,8,7,4.2
22,97.8,85.2,9,6,4.2
23,132,89.4,10,7,4.2
24,153.6,85.2,8,6,4.2
26,222,85.2,10,6,4.2
27,243.6,89.4,8,7,4.2
28,277.8,85.2,9,6,4.2
29,312,89.4,10,7,4.2
30,33.6,115.2,8,6,4.2
31,67.8,119.4,9,7,4.2
32,102,115.2,10,6,4.2
33,123.6,119.4,8,7,4.2
34,157.8,115.2,9,6,4.2
35,192,119.4,10,7,4.2
36,213.6,115.2,8,6,4.2
37,247.8,119.4,9,7,4.2
38,282,115.2,10,6,4.2
39,303.6,119.4,8,7,4.2
40,37.8,145.2,9,6,4.2
41,72,149.4,10,7,4.2
42,93.6,145.2,8,6,4.2
43,127.8,149.4,9,7,4.2
44,162,145.2,10,6,4.2
45,183.6,149.4,8,7,4.2
47,252,149.4,10,7,4.2
48,273.6,145.2,8,6,4.2
49,307.8,149.4,9,7,4.2
50,42,175.2,10,6,4.2
51,63.6,179.4,8,7,4.2
52,97.8,175.2,9,6,4.2
53,132,179.4,10,7,4.2
54,153.6,175.2,8,6,4.2
55,187.8,179.4,9,7,4.2
56,222,175.2,10,6,4.2
57,243.6,179.4,8,7,4.2
58,277.8,175.2,9,6,4.2
59,312,179.4,10,7,4.2
60,33.6,205.2,8,6,4.2
61,67.8,209.4,9,7,4.2
62,102,205.2,10,6,4.2
63,123.6,209.4,8,7,4.2
64,157.8,205.2,9,6,4.2
65,192,209.4,10,7,4.2
66,213.6,205.2,8,6,4.2
67,247.8,209.4,9,7,4.2
68,282,205.2,10,6,4.2
69,303.6,209.4,8,7,4.2
70,37.8,235.2,9,6,4.2
71,72,239.4,10,7,4.2
72,93.6,235.2,8,6,4.2
73,127.8,239.4,9,7,4.2
74,162,235.2,10,6,4.2
75,183.6,239.4,8,7,4.2
76,217.8,235.2,9,6,4.2
77,252,239.4,10,7,4.2
78,273.6,235.2,8,6,4.2
79,307.8,239.4,9,7,4.2
80,42,265.2,10,6,4.2
81,63.6,269.4,8,7,4.2
82,97.8,265.2,9,6,4.2
83,132,269.4,10,7,4.2
84,153.6,265.2,8,6,4.2
85,187.8,269.4,9,7,4.2
86,222,265.2,10,6,4.2
87,243.6,269.4,8,7,4.2
88,277.8,265.2,9,6,4.2
89,312,269.4,10,7,4.2
90,33.6,295.2,8,6,4.2
91,67.8,299.4,9,7,4.2
92,102,295.2,10,6,4.2
93,123.6,299.4,8,7,4.2
94,157.8,295.2,9,6,4.2
95,192,299.4,10,7,4.2
96,213.6,295.2,8,6,4.2
98,282,295.2,10,6,4.2
99,303.6,299.4,8,7,4.2
100,37.8,325.2,9,6,4.2
102,93.6,325.2,8,6,4.2
103,127.8,329.4,9,7,4.2
104,162,325.2,10,6,4.2
105,183.6,329.4,8,7,4.2
106,217.8,325.2,9,6,4.2
107,252,329.4,10,7,4.2
108,273.6,325.2,8,6,4.2
109,307.8,329.4,9,7,4.2
110,42,355.2,10,6,4.2
111,63.6,359.4,8,7,4.2
112,97.8,355.2,9,6,4.2
113,132,359.4,10,7,4.2
114,153.6,355.2,8,6,4.2
115,187.8,359.4,9,7,4.2
116,222,355.2,10,6,4.2
117,243.6,359.4,8,7,4.2
118,277.8,355.2,9,6,4.2
119,312,359.4,10,7,4.2
120,33.6,385.2,8,6,4.2
121,67.8,389.4,9,7,4.2
122,102,385.2,10,6,4.2
123,123.6,389.4,8,7,4.2
124,157.8,385.2,9,6,4.2
125,192,389.4,10,7,4.2
126,213.6,385.2,8,6,4.2
127,247.8,389.4,9,7,4.2
128,282,385.2,10,6,4.2
129,303.6,389.4,8,7,4.2
131,72,419.4,10,7,4.2
13,128.7,60.1,9,7,4.3
46,218.7,145.8,9,6,4.3
97,248.7,300.1,9,7,4.3
101,73,330.1,10,7,4.3
130,38.7,415.8,9,6,4.3
1,68.7,30.1,9,7,4.3
3,124.4,30.1,8,7,4.3
5,193,30.1,10,7,4.3
7,248.7,30.1,9,7,4.3
8,283,25.8,10,6,4.3
9,304.4,30.1,8,7,4.3
10,38.7,55.8,9,6,4.3
11,73,60.1,10,7,4.3
12,94.4,55.8,8,6,4.3
14,163,55.8,10,6,4.3
15,184.4,60.1,8,7,4.3
16,218.7,55.8,9,6,4.3
17,253,60.1,10,7,4.3
18,274.4,55.8,8,6,4.3
19,308.7,60.1,9,7,4.3
20,43,85.8,10,6,4.3
21,64.4,90.1,8,7,4.3
22,98.7,85.8,9,6,4.3
23,133,90.1,10,7,4.3
24,154.4,85.8,8,6,4.3
26,223,85.8,10,6,4.3
27,244.4,90.1,8,7,4.3
28,278.7,85.8,9,6,4.3
29,313,90.1,10,7,4.3
30,34.4,115.8,8,6,4.3
31,68.7,120.1,9,7,4.3
32,103,115.8,10,6,4.3
33,124.4,120.1,8,7,4.3
34,158.7,115.8,9,6,4.3
35,193,120.1,10,7,4.3
36,214.4,115.8,8,6,4.3
37,248.7,120.1,9,7,4.3
38,283,115.8,10,6,4.3
39,304.4,120.1,8,7,4.3
40,38.7,145.8,9,6,4.3
41,73,150.1,10,7,4.3
42,94.4,145.8,8,6,4.3
43,128.7,150.1,9,7,4.3
44,163,145.8,10,6,4.3
45,184.4,150.1,8,7,4.3
47,253,150.1,10,7,4.3
48,274.4,145.8,8,6,4.3
49,308.7,150.1,9,7,4.3
50,43,175.8,10,6,4.3
51,64.4,180.1,8,7,4.3
52,98.7,175.8,9,6,4.3
53,133,180.1,10,7,4.3
54,154.4,175.8,8,6,4.3
55,188.7,180.1,9,7,4.3
56,223,175.8,10,6,4.3
57,244.4,180.1,8,7,4.3
58,278.7,175.8,9,6,4.3
59,313,180.1,10,7,4.3
60,34.4,205.8,8,6,4.3
61,68.7,210.1,9,7,4.3
62,103,205.8,10,6,4.3
63,124.4,210.1,8,7,4.3
64,158.7,205.8,9,6,4.3
65,193,210.1,10,7,4.3
66,214.4,205.8,8,6,4.3
67,248.7,210.1,9,7,4.3
68,283,205.8,10,6,4.3
69,304.4,210.1,8,7,4.3
70,38.7,235.8,9,6,4.3
71,73,240.1,10,7,4.3
72,94.4,235.8,8,6,4.3
73,128.7,240.1,9,7,4.3
74,163,235.8,10,6,4.3
75,184.4,240.1,8,7,4.3
76,218.7,235.8,9,6,4.3
77,253,240.1,10,7,4.3
78,274.4,235.8,8,6,4.3
79,308.7,240.1,9,7,4.3
80,43,265.8,10,6,4.3
81,64.4,270.1,8,7,4.3
82,98.7,265.8,9,6,4.3
83,133,270.1,10,7,4.3
84,154.4,265.8,8,6,4.3
85,188.7,270.1,9,7,4.3
86,223,265.8,10,6,4.3
87,244.4,270.1,8,7,4.3
88,278.7,265.8,9,6,4.3
89,313,270.1,10,7,4.3
90,34.4,295.8,8,6,4.3
91,68.7,300.1,9,7,4.3
92,103,295.8,10,6,4.3
93,124.4,300.1,8,7,4.3
94,158.7,295.8,9,6,4.3
95,193,300.1,10,7,4.3
96,214.4,295.8,8,6,4.3
98,283,295.8,10,6,4.3
99,304.4,300.1,8,7,4.3
100,38.7,325.8,9,6,4.3
102,94.4,325.8,8,6,4.3
103,128.7,330.1,9,7,4.3
104,163,325.8,10,6,4.3
105,184.4,330.1,8,7,4.3
106,218.7,325.8,9,6,4.3
107,253,330.1,10,7,4.3
108,274.4,325.8,8,6,4.3
109,308.7,330.1,9,7,4.3
110,43,355.8,10,6,4.3
111,64.4,360.1,8,7,4.3
112,98.7,355.8,9,6,4.3
113,133,360.1,10,7,4.3
114,154.4,355.8,8,6,4.3
115,188.7,360.1,9,7,4.3
116,223,355.8,10,6,4.3
117,244.4,360.1,8,7,4.3
118,278.7,355.8,9,6,4.3
119,313,360.1,10,7,4.3
120,34.4,385.8,8,6,4.3
121,68.7,390.1,9,7,4.3
122,103,385.8,10,6,4.3
123,124.4,390.1,8,7,4.3
124,158.7,385.8,9,6,4.3
125,193,390.1,10,7,4.3
126,214.4,385.8,8,6,4.3
127,248.7,390.1,9,7,4.3
128,283,385.8,10,6,4.3
129,304.4,390.1,8,7,4.3
131,73,420.1,10,7,4.3
13,129.6,60.8,9,7,4.4
46,219.6,146.4,9,6,4.4
97,249.6,300.8,9,7,4.4
101,74,330.8,10,7,4.4
130,39.6,416.4,9,6,4.4
1,69.6,30.8,9,7,4.4
3,125.2,30.8,8,7,4.4
5,194,30.8,10,7,4.4
7,249.6,30.8,9,7,4.4
8,284,26.4,10,6,4.4
9,305.2,30.8,8,7,4.4
10,39.6,56.4,9,6,4.4
11,74,60.8,10,7,4.4
12,95.2,56.4,8,6,4.4
14,164,56.4,10,6,4.4
15,185.2,60.8,8,7,4.4
16,219.6,56.4,9,6,4.4
17,254,60.8,10,7,4.4
18,275.2,56.4,8,6,4.4
19,309.6,60.8,9,7,4.4
20,44,86.4,10,6,4.4
21,65.2,90.8,8,7,4.4
22,99.6,86.4,9,6,4.4
23,134,90.8,10,7,4.4
24,155.2,86.4,8,6,4.4
26,224,86.4,10,6,4.4
27,245.2,90.8,8,7,4.4
28,279.6,86.4,9,6,4.4
29,314,90.8,10,7,4.4
30,35.2,116.4,8,6,4.4
31,69.6,120.8,9,7,4.4
32,104,116.4,10,6,4.4
33,125.2,120.8,8,7,4.4
34,159.6,116.4,9,6,4.4
35,194,120.8,10,7,4.4
36,215.2,116.4,8,6,4.4
37,249.6,120.8,9,7,4.4
38,284,116.4,10,6,4.4
39,305.2,120.8,8,7,4.4
40,39.6,146.4,9,6,4.4
41,74,150.8,10,7,4.4
42,95.2,146.4,8,6,4.4
43,129.6,150.8,9,7,4.4
44,164,146.4,10,6,4.4
45,185.2,150.8,8,7,4.4
47,254,150.8,10,7,4.4
48,275.2,146.4,8,6,4.4
49,309.6,150.8,9,7,4.4
50,44,176.4,10,6,4.4
51,65.2,180.8,8,7,4.4
52,99.6,176.4,9,6,4.4
53,134,180.8,10,7,4.4
54,155.2,176.4,8,6,4.4
55,189.6,180.8,9,7,4.4
56,224,176.4,10,6,4.4
57,245.2,180.8,8,7,4.4
58,279.6,176.4,9,6,4.4
59,314,180.8,10,7,4.4
60,35.2,206.4,8,6,4.4
61,69.6,210.8,9,7,4.4
62,104,206.4,10,6,4.4
63,125.2,210.8,8,7,4.4
64,159.6,206.4,9,6,4.4
65,194,210.8,10,7,4.4
66,215.2,206.4,8,6,4.4
67,249.6,210.8,9,7,4.4
68,284,206.4,10,6,4.4
69,305.2,210.8,8,7,4.4
70,39.6,236.4,9,6,4.4
71,74,240.8,10,7,4.4
72,95.2,236.4,8,6,4.4
73,129.6,240.8,9,7,4.4
74,164,236.4,10,6,4.4
75,185.2,240.8,8,7,4.4
76,219.6,236.4,9,6,4.4
77,254,240.8,10,7,4.4
78,275.2,236.4,8,6,4.4
79,309.6,240.8,9,7,4.4
80,44,266.4,10,6,4.4
81,65.2,270.8,8,7,4.4
82,99.6,266.4,9,6,4.4
83,134,270.8,10,7,4.4
84,155.2,266.4,8,6,4.4
85,189.6,270.8,9,7,4.4
86,224,266.4,10,6,4.4
87,245.2,270.8,8,7,4.4
88,279.6,266.4,9,6,4.4
89,314,270.8,10,7,4.4
90,35.2,296.4,8,6,4.4
91,69.6,300.8,9,7,4.4
92,104,296.4,10,6,4.4
93,125.2,300.8,8,7,4.4
94,159.6,296.4,9,6,4.4
95,194,300.8,10,7,4.4
96,215.2,296.4,8,6,4.4
98,284,296.4,10,6,4.4
99,305.2,300.8,8,7,4.4
100,39.6,326.4,9,6,4.4
102,95.2,326.4,8,6,4.4
103,129.6,330.8,9,7,4.4
104,164,326.4,10,6,4.4
105,185.2,330.8,8,7,4.4
106,219.6,326.4,9,6,4.4
107,254,330.8,10,7,4.4
108,275.2,326.4,8,6,4.4
109,309.6,330.8,9,7,4.4
110,44,356.4,10,6,4.4
111,65.2,360.8,8,7,4.4
112,99.6,356.4,9,6,4.4
113,134,360.8,10,7,4.4
114,155.2,356.4,8,6,4.4
115,189.6,360.8,9,7,4.4
116,224,356.4,10,6,4.4
117,245.2,360.8,8,7,4.4
118,279.6,356.4,9,6,4.4
119,314,360.8,10,7,4.4
120,35.2,386.4,8,6,4.4
121,69.6,390.8,9,7,4.4
122,104,386.4,10,6,4.4
123,125.2,390.8,8,7,4.4
124,159.6,386.4,9,6,4.4
125,194,390.8,10,7,4.4
126,215.2,386.4,8,6,4.4
127,249.6,390.8,9,7,4.4
128,284,386.4,10,6,4.4
129,305.2,390.8,8,7,4.4
131,74,420.8,10,7,4.4
13,130.5,61.5,9,7,4.5
46,220.5,147,9,6,4.5
97,250.5,301.5,9,7,4.5
101,75,331.5,10,7,4.5
130,40.5,417,9,6,4.5
1,70.5,31.5,9,7,4.5
3,126,31.5,8,7,4.5
5,195,31.5,10,7,4.5
7,250.5,31.5,9,7,4.5
8,285,27,10,6,4.5
9,306,31.5,8,7,4.5
10,40.5,57,9,6,4.5
11,75,61.5,10,7,4.5
12,96,57,8,6,4.5
14,165,57,10,6,4.5
15,186,61.5,8,7,4.5
16,220.5,57,9,6,4.5
17,255,61.5,10,7,4.5
18,276,57,8,6,4.5
19,310.5,61.5,9,7,4.5
20,45,87,10,6,4.5
21,66,91.5,8,7,4.5
22,100.5,87,9,6,4.5
23,135,91.5,10,7,4.5
24,156,87,8,6,4.5
26,225,87,10,6,4.5
27,246,91.5,8,7,4.5
28,280.5,87,9,6,4.5
29,315,91.5,10,7,4.5
30,36,117,8,6,4.5
31,70.5,121.5,9,7,4.5
32,105,117,10,6,4.5
33,126,121.5,8,7,4.5
34,160.5,117,9,6,4.5
35,195,121.5,10,7,4.5
36,216,117,8,6,4.5
37,250.5,121.5,9,7,4.5
38,285,117,10,6,4.5
39,306,121.5,8,7,4.5
40,40.5,147,9,6,4.5
41,75,151.5,10,7,4.5
42,96,147,8,6,4.5
43,130.5,151.5,9,7,4.5
44,165,147,10,6,4.5
45,186,151.5,8,7,4.5
47,255,151.5,10,7,4.5
48,276,147,8,6,4.5
49,310.5,151.5,9,7,4.5
50,45,177,10,6,4.5
51,66,181.5,8,7,4.5
52,100.5,177,9,6,4.5
53,135,181.5,10,7,4.5
54,156,177,8,6,4.5
55,190.5,181.5,9,7,4.5
56,225,177,10,6,4.5
57,246,181.5,8,7,4.5
58,280.5,177,9,6,4.5
59,315,181.5,10,7,4.5
60,36,207,8,6,4.5
61,70.5,211.5,9,7,4.5
62,105,207,10,6,4.5
63,126,211.5,8,7,4.5
64,160.5,207,9,6,4.5
65,195,211.5,10,7,4.5
66,216,207,8,6,4.5
67,250.5,211.5,9,7,4.5
68,285,207,10,6,4.5
69,306,211.5,8,7,4.5
70,40.5,237,9,6,4.5
71,75,241.5,10,7,4.5
72,96,237,8,6,4.5
73,130.5,241.5,9,7,4.5
74,165,237,10,6,4.5
75,186,241.5,8,7,4.5
76,220.5,237,9,6,4.5
77,255,241.5,10,7,4.5
78,276,237,8,6,4.5
79,310.5,241.5,9,7,4.5
80,45,267,10,6,4.5
81,66,271.5,8,7,4.5
82,100.5,267,9,6,4.5
83,135,271.5,10,7,4.5
84,156,267,8,6,4.5
85,190.5,271.5,9,7,4.5
86,225,267,10,6,4.5
87,246,271.5,8,7,4.5
88,280.5,267,9,6,4.5
89,315,271.5,10,7,4.5
90,36,297,8,6,4.5
91,70.5,301.5,9,7,4.5
92,105,297,10,6,4.5
93,126,301.5,8,7,4.5
94,160.5,297,9,6,4.5
95,195,301.5,10,7,4.5
96,216,297,8,6,4.5
98,285,297,10,6,4.5
99,306,301.5,8,7,4.5
100,40.5,327,9,6,4.5
102,96,327,8,6,4.5
103,130.5,331.5,9,7,4.5
104,165,327,10,6,4.5
105,186,331.5,8,7,4.5
106,220.5,327,9,6,4.5
107,255,331.5,10,7,4.5
108,276,327,8,6,4.5
109,310.5,331.5,9,7,4.5
110,45,357,10,6,4.5
111,66,361.5,8,7,4.5
112,100.5,357,9,6,4.5
113,135,361.5,10,7,4.5
114,156,357,8,6,4.5
115,190.5,361.5,9,7,4.5
116,225,357,10,6,4.5
117,246,361.5,8,7,4.5
118,280.5,357,9,6,4.5
119,315,361.5,10,7,4.5
120,36,387,8,6,4.5
121,70.5,391.5,9,7,4.5
122,105,387,10,6,4.5
123,126,391.5,8,7,4.5
124,160.5,387,9,6,4.5
125,195,391.5,10,7,4.5
126,216,387,8,6,4.5
127,250.5,391.5,9,7,4.5
128,285,387,10,6,4.5
129,306,391.5,8,7,4.5
131,75,421.5,10,7,4.5
13,131.4,62.2,9,7,4.6
46,221.4,147.6,9,6,4.6
97,251.4,302.2,9,7,4.6
101,76,332.2,10,7,4.6
130,41.4,417.6,9,6,4.6
1,71.4,32.2,9,7,4.6
3,126.8,32.2,8,7,4.6
5,196,32.2,10,7,4.6
7,251.4,32.2,9,7,4.6
8,286,27.6,10,6,4.6
9,306.8,32.2,8,7,4.6
10,41.4,57.6,9,6,4.6
11,76,62.2,10,7,4.6
12,96.8,57.6,8,6,4.6
14,166,57.6,10,6,4.6
15,186.8,62.2,8,7,4.6
16,221.4,57.6,9,6,4.6
17,256,62.2,10,7,4.6
18,276.8,57.6,8,6,4.6
19,311.4,62.2,9,7,4.6
20,46,87.6,10,6,4.6
21,66.8,92.2,8,7,4.6
22,101.4,87.6,9,6,4.6
23,136,92.2,10,7,4.6
24,156.8,87.6,8,6,4.6
26,226,87.6,10,6,4.6
27,246.8,92.2,8,7,4.6
28,281.4,87.6,9,6,4.6
29,316,92.2,10,7,4.6
30,36.8,117.6,8,6,4.6
31,71.4,122.2,9,7,4.6
32,106,117.6,10,6,4.6
33,126.8,122.2,8,7,4.6
34,161.4,117.6,9,6,4.6
35,196,122.2,10,7,4.6
36,216.8,117.6,8,6,4.6
37,251.4,122.2,9,7,4.6
38,286,117.6,10,6,4.6
39,306.8,122.2,8,7,4.6
40,41.4,147.6,9,6,4.6
41,76,152.2,10,7,4.6
42,96.8,147.6,8,6,4.6
43,131.4,152.2,9,7,4.6
44,166,147.6,10,6,4.6
45,186.8,152.2,8,7,4.6
47,256,152.2,10,7,4.6
48,276.8,147.6,8,6,4.6
49,311.4,152.2,9,7,4.6
50,46,177.6,10,6,4.6
51,66.8,182.2,8,7,4.6
52,101.4,177.6,9,6,4.6
53,136,182.2,10,7,4.6
54,156.8,177.6,8,6,4.6
55,191.4,182.2,9,7,4.6
56,226,177.6,10,6,4.6
57,246.8,182.2,8,7,4.6
58,281.4,177.6,9,6,4.6
59,316,182.2,10,7,4.6
60,36.8,207.6,8,6,4.6
61,71.4,212.2,9,7,4.6
62,106,207.6,10,6,4.6
63,126.8,212.2,8,7,4.6
64,161.4,207.6,9,6,4.6
65,196,212.2,10,7,4.6
66,216.8,207.6,8,6,4.6
67,251.4,212.2,9,7,4.6
68,286,207.6,10,6,4.6
69,306.8,212.2,8,7,4.6
70,41.4,237.6,9,6,4.6
71,76,242.2,10,7,4.6
72,96.8,237.6,8,6,4.6
73,131.4,242.2,9,7,4.6
74,166,237.6,10,6,4.6
75,186.8,242.2,8,7,4.6
76,221.4,237.6,9,6,4.6
77,256,242.2,10,7,4.6
78,276.8,237.6,8,6,4.6
79,311.4,242.2,9,7,4.6
80,46,267.6,10,6,4.6
81,66.8,272.2,8,7,4.6
82,101.4,267.6,9,6,4.6
83,136,272.2,10,7,4.6
84,156.8,267.6,8,6,4.6
85,191.4,272.2,9,7,4.6
86,226,267.6,10,6,4.6
87,246.8,272.2,8,7,4.6
88,281.4,267.6,9,6,4.6
89,316,272.2,10,7,4.6
90,36.8,297.6,8,6,4.6
91,71.4,302.2,9,7,4.6
92,106,297.6,10,6,4.6
93,126.8,302.2,8,7,4.6
94,161.4,297.6,9,6,4.6
95,196,302.2,10,7,4.6
96,216.8,297.6,8,6,4.6
98,286,297.6,10,6,4.6
99,306.8,302.2,8,7,4.6
100,41.4,327.6,9,6,4.6
102,96.8,327.6,8,6,4.6
103,131.4,332.2,9,7,4.6
104,166,327.6,10,6,4.6
105,186.8,332.2,8,7,4.6
106,221.4,327.6,9,6,4.6
107,256,332.2,10,7,4.6
108,276.8,327.6,8,6,4.6
109,311.4,332.2,9,7,4.6
110,46,357.6,10,6,4.6
111,66.8,362.2,8,7,4.6
112,101.4,357.6,9,6,4.6
113,136,362.2,10,7,4.6
114,156.8,357.6,8,6,4.6
115,191.4,362.2,9,7,4.6
116,226,357.6,10,6,4.6
117,246.8,362.2,8,7,4.6
118,281.4,357.6,9,6,4.6
119,316,362.2,10,7,4.6
120,36.8,387.6,8,6,4.6
121,71.4,392.2,9,7,4.6
122,106,387.6,10,6,4.6
123,126.8,392.2,8,7,4.6
124,161.4,387.6,9,6,4.6
125,196,392.2,10,7,4.6
126,216.8,387.6,8,6,4.6
127,251.4,392.2,9,7,4.6
128,286,387.6,10,6,4.6
129,306.8,392.2,8,7,4.6
131,76,422.2,10,7,4.6
13,132.3,62.9,9,7,4.7
46,222.3,148.2,9,6,4.7
97,252.3,302.9,9,7,4.7
101,77,332.9,10,7,4.7
130,42.3,418.2,9,6,4.7
1,72.3,32.9,9,7,4.7
3,127.6,32.9,8,7,4.7
5,197,32.9,10,7,4.7
7,252.3,32.9,9,7,4.7
8,287,28.2,10,6,4.7
9,307.6,32.9,8,7,4.7
10,42.3,58.2,9,6,4.7
11,77,62.9,10,7,4.7
12,97.6,58.2,8,6,4.7
14,167,58.2,10,6,4.7
15,187.6,62.9,8,7,4.7
16,222.3,58.2,9,6,4.7
17,257,62.9,10,7,4.7
18,277.6,58.2,8,6,4.7
19,312.3,62.9,9,7,4.7
20,47,88.2,10,6,4.7
21,67.6,92.9,8,7,4.7
22,102.3,88.2,9,6,4.7
23,137,92.9,10,7,4.7
24,157.6,88.2,8,6,4.7
26,227,88.2,10,6,4.7
27,247.6,92.9,8,7,4.7
28,282.3,88.2,9,6,4.7
29,317,92.9,10,7,4.7
30,37.6,118.2,8,6,4.7
31,72.3,122.9,9,7,4.7
32,107,118.2,10,6,4.7
33,127.6,122.9,8,7,4.7
34,162.3,118.2,9,6,4.7
35,197,122.9,10,7,4.7
36,217.6,118.2,8,6,4.7
37,252.3,122.9,9,7,4.7
38,287,118.2,10,6,4.7
39,307.6,122.9,8,7,4.7
40,42.3,148.2,9,6,4.7
41,77,152.9,10,7,4.7
42,97.6,148.2,8,6,4.7
43,132.3,152.9,9,7,4.7
44,167,148.2,10,6,4.7
45,187.6,152.9,8,7,4.7
47,257,152.9,10,7,4.7
48,277.6,148.2,8,6,4.7
49,312.3,152.9,9,7,4.7
50,47,178.2,10,6,4.7
51,67.6,182.9,8,7,4.7
52,102.3,178.2,9,6,4.7
53,137,182.9,10,7,4.7
54,157.6,178.2,8,6,4.7
55,192.3,182.9,9,7,4.7
56,227,178.2,10,6,4.7
57,247.6,182.9,8,7,4.7
58,282.3,178.2,9,6,4.7
59,317,182.9,10,7,4.7
60,37.6,208.2,8,6,4.7
61,72.3,212.9,9,7,4.7
62,107,208.2,10,6,4.7
63,127.6,212.9,8,7,4.7
64,162.3,208.2,9,6,4.7
65,197,212.9,10,7,4.7
66,217.6,208.2,8,6,4.7
67,252.3,212.9,9,7,4.7
68,287,208.2,10,6,4.7
69,307.6,212.9,8,7,4.7
70,42.3,238.2,9,6,4.7
71,77,242.9,10,7,4.7
72,97.6,238.2,8,6,4.7
73,132.3,242.9,9,7,4.7
74,167,238.2,10,6,4.7
75,187.6,242.9,8,7,4.7
76,222.3,238.2,9,6,4.7
77,257,242.9,10,7,4.7
78,277.6,238.2,8,6,4.7
79,312.3,242.9,9,7,4.7
80,47,268.2,10,6,4.7
81,67.6,272.9,8,7,4.7
82,102.3,268.2,9,6,4.7
83,137,272.9,10,7,4.7
84,157.6,268.2,8,6,4.7
85,192.3,272.9,9,7,4.7
86,227,268.2,10,6,4.7
87,247.6,272.9,8,7,4.7
88,282.3,268.2,9,6,4.7
89,317,272.9,10,7,4.7
90,37.6,298.2,8,6,4.7
91,72.3,302.9,9,7,4.7
92,107,298.2,10,6,4.7
93,127.6,302.9,8,7,4.7
94,162.3,298.2,9,6,4.7
95,197,302.9,10,7,4.7
96,217.6,298.2,8,6,4.7
98,287,298.2,10,6,4.7
99,307.6,302.9,8,7,4.7
100,42.3,328.2,9,6,4.7
102,97.6,328.2,8,6,4.7
103,132.3,332.9,9,7,4.7
104,167,328.2,10,6,4.7
105,187.6,332.9,8,7,4.7
106,222.3,328.2,9,6,4.7
107,257,332.9,10,7,4.7
108,277.6,328.2,8,6,4.7
109,312.3,332.9,9,7,4.7
110,47,358.2,10,6,4.7
111,67.6,362.9,8,7,4.7
112,102.3,358.2,9,6,4.7
113,137,362.9,10,7,4.7
114,157.6,358.2,8,6,4.7
115,192.3,362.9,9,7,4.7
116,227,358.2,10,6,4.7
117,247.6,362.9,8,7,4.7
118,282.3,358.2,9,6,4.7
119,317,362.9,10,7,4.7
120,37.6,388.2,8,6,4.7
121,72.3,392.9,9,7,4.7
122,107,388.2,10,6,4.7
123,127.6,392.9,8,7,4.7
124,162.3,388.2,9,6,4.7
125,197,392.9,10,7,4.7
126,217.6,388.2,8,6,4.7
127,252.3,392.9,9,7,4.7
128,287,388.2,10,6,4.7
129,307.6,392.9,8,7,4.7
131,77,422.9,10,7,4.7
13,133.2,63.6,9,7,4.8
46,223.2,148.8,9,6,4.8
97,253.2,303.6,9,7,4.8
101,78,333.6,10,7,4.8
130,43.2,418.8,9,6,4.8
1,73.2,33.6,9,7,4.8
3,128.4,33.6,8,7,4.8
5,198,33.6,10,7,4.8
7,253.2,33.6,9,7,4.8
8,288,28.8,10,6,4.8
9,308.4,33.6,8,7,4.8
10,43.2,58.8,9,6,4.8
11,78,63.6,10,7,4.8
12,98.4,58.8,8,6,4.8
14,168,58.8,10,6,4.8
15,188.4,63.6,8,7,4.8
16,223.2,58.8,9,6,4.8
17,258,63.6,10,7,4.8
18,278.4,58.8,8,6,4.8
19,313.2,63.6,9,7,4.8
20,48,88.8,10,6,4.8
21,68.4,93.6,8,7,4.8
22,103.2,88.8,9,6,4.8
23,138,93.6,10,7,4.8
24,158.4,88.8,8,6,4.8
26,228,88.8,10,6,4.8
27,248.4,93.6,8,7,4.8
28,283.2,88.8,9,6,4.8
29,318,93.6,10,7,4.8
30,38.4,118.8,8,6,4.8
31,73.2,123.6,9,7,4.8
32,108,118.8,10,6,4.8
33,128.4,123.6,8,7,4.8
34,163.2,118.8,9,6,4.8
35,198,123.6,10,7,4.8
36,218.4,118.8,8,6,4.8
37,253.2,123.6,9,7,4.8
38,288,118.8,10,6,4.8
39,308.4,123.6,8,7,4.8
40,43.2,148.8,9,6,4.8
41,78,153.6,10,7,4.8
42,98.4,148.8,8,6,4.8
43,133.2,153.6,9,7,4.8
44,168,148.8,10,6,4.8
45,188.4,153.6,8,7,4.8
47,258,153.6,10,7,4.8
48,278.4,148.8,8,6,4.8
49,313.2,153.6,9,7,4.8
50,48,178.8,10,6,4.8
51,68.4,183.6,8,7,4.8
52,103.2,178.8,9,6,4.8
53,138,183.6,10,7,4.8
54,158.4,178.8,8,6,4.8
55,193.2,183.6,9,7,4.8
56,228,178.8,10,6,4.8
57,248.4,183.6,8,7,4.8
58,283.2,178.8,9,6,4.8
59,318,183.6,10,7,4.8
60,38.4,208.8,8,6,4.8
61,73.2,213.6,9,7,4.8
62,108,208.8,10,6,4.8
63,128.4,213.6,8,7,4.8
64,163.2,208.8,9,6,4.8
65,198,213.6,10,7,4.8
66,218.4,208.8,8,6,4.8
67,253.2,213.6,9,7,4.8
68,288,208.8,10,6,4.8
69,308.4,213.6,8,7,4.8
70,43.2,238.8,9,6,4.8
71,78,243.6,10,7,4.8
72,98.4,238.8,8,6,4.8
73,133.2,243.6,9,7,4.8
74,168,238.8,10,6,4.8
75,188.4,243.6,8,7,4.8
76,223.2,238.8,9,6,4.8
77,258,243.6,10,7,4.8
78,278.4,238.8,8,6,4.8
79,313.2,243.6,9,7,4.8
80,48,268.8,10,6,4.8
81,68.4,273.6,8,7,4.8
82,103.2,268.8,9,6,4.8
83,138,273.6,10,7,4.8
84,158.4,268.8,8,6,4.8
85,193.2,273.6,9,7,4.8
86,228,268.8,10,6,4.8
87,248.4,273.6,8,7,4.8
88,283.2,268.8,9,6,4.8
89,318,273.6,10,7,4.8
90,38.4,298.8,8,6,4.8
91,73.2,303.6,9,7,4.8
92,108,298.8,10,6,4.8
93,128.4,303.6,8,7,4.8
94,163.2,298.8,9,6,4.8
95,198,303.6,10,7,4.8
96,218.4,298.8,8,6,4.8
98,288,298.8,10,6,4.8
99,308.4,303.6,8,7,4.8
100,43.2,328.8,9,6,4.8
102,98.4,328.8,8,6,4.8
103,133.2,333.6,9,7,4.8
104,168,328.8,10,6,4.8
105,188.4,333.6,8,7,4.8
106,223.2,328.8,9,6,4.8
107,258,333.6,10,7,4.8
108,278.4,328.8,8,6,4.8
109,313.2,333.6,9,7,4.8
110,48,358.8,10,6,4.8
111,68.4,363.6,8,7,4.8
112,103.2,358.8,9,6,4.8
113,138,363.6,10,7,4.8
114,158.4,358.8,8,6,4.8
115,193.2,363.6,9,7,4.8
116,228,358.8,10,6,4.8
117,248.4,363.6,8,7,4.8
118,283.2,358.8,9,6,4.8
119,318,363.6,10,7,4.8
120,38.4,388.8,8,6,4.8
121,73.2,393.6,9,7,4.8
122,108,388.8,10,6,4.8
123,128.4,393.6,8,7,4.8
124,163.2,388.8,9,6,4.8
125,198,393.6,10,7,4.8
126,218.4,388.8,8,6,4.8
127,253.2,393.6,9,7,4.8
128,288,388.8,10,6,4.8
129,308.4,393.6,8,7,4.8
131,78,423.6,10,7,4.8
13,134.1,64.3,9,7,4.9
46,224.1,149.4,9,6,4.9
97,254.1,304.3,9,7,4.9
101,79,334.3,10,7,4.9
130,44.1,419.4,9,6,4.9
1,74.1,34.3,9,7,4.9
3,129.2,34.3,8,7,4.9
5,199,34.3,10,7,4.9
7,254.1,34.3,9,7,4.9
8,289,29.4,10,6,4.9
9,309.2,34.3,8,7,4.9
10,44.1,59.4,9,6,4.9
11,79,64.3,10,7,4.9
12,99.2,59.4,8,6,4.9
14,169,59.4,10,6,4.9
15,189.2,64.3,8,7,4.9
16,224.1,59.4,9,6,4.9
17,259,64.3,10,7,4.9
18,279.2,59.4,8,6,4.9
19,314.1,64.3,9,7,4.9
20,49,89.4,10,6,4.9
21,69.2,94.3,8,7,4.9
22,104.1,89.4,9,6,4.9
23,139,94.3,10,7,4.9
24,159.2,89.4,8,6,4.9
26,229,89.4,10,6,4.9
27,249.2,94.3,8,7,4.9
28,284.1,89.4,9,6,4.9
29,319,94.3,10,7,4.9
30,39.2,119.4,8,6,4.9
31,74.1,124.3,9,7,4.9
32,109,119.4,10,6,4.9
33,129.2,124.3,8,7,4.9
34,164.1,119.4,9,6,4.9
35,199,124.3,10,7,4.9
36,219.2,119.4,8,6,4.9
37,254.1,124.3,9,7,4.9
38,289,119.4,10,6,4.9
39,309.2,124.3,8,7,4.9
40,44.1,149.4,9,6,4.9
41,79,154.3,10,7,4.9
42,99.2,149.4,8,6,4.9
43,134.1,154.3,9,7,4.9
44,169,149.4,10,6,4.9
45,189.2,154.3,8,7,4.9
47,259,154.3,10,7,4.9
48,279.2,149.4,8,6,4.9
49,314.1,154.3,9,7,4.9
50,49,179.4,10,6,4.9
51,69.2,184.3,8,7,4.9
52,104.1,179.4,9,6,4.9
53,139,184.3,10,7,4.9
54,159.2,179.4,8,6,4.9
55,194.1,184.3,9,7,4.9
56,229,179.4,10,6,4.9
57,249.2,184.3,8,7,4.9
58,284.1,179.4,9,6,4.9
59,319,184.3,10,7,4.9
60,39.2,209.4,8,6,4.9
61,74.1,214.3,9,7,4.9
62,109,209.4,10,6,4.9
63,129.2,214.3,8,7,4.9
64,164.1,209.4,9,6,4.9
65,199,214.3,10,7,4.9
66,219.2,209.4,8,6,4.9
67,254.1,214.3,9,7,4.9
68,289,209.4,10,6,4.9
69,309.2,214.3,8,7,4.9
70,44.1,239.4,9,6,4.9
71,79,244.3,10,7,4.9
72,99.2,239.4,8,6,4.9
73,134.1,244.3,9,7,4.9
74,169,239.4,10,6,4.9
75,189.2,244.3,8,7,4.9
76,224.1,239.4,9,6,4.9
77,259,244.3,10,7,4.9
78,279.2,239.4,8,6,4.9
79,314.1,244.3,9,7,4.9
80,49,269.4,10,6,4.9
81,69.2,274.3,8,7,4.9
82,104.1,269.4,9,6,4.9
83,139,274.3,10,7,4.9
84,159.2,269.4,8,6,4.9
85,194.1,274.3,9,7,4.9
86,229,269.4,10,6,4.9
87,249.2,274.3,8,7,4.9
88,284.1,269.4,9,6,4.9
89,319,274.3,10,7,4.9
90,39.2,299.4,8,6,4.9
91,74.1,304.3,9,7,4.9
92,109,299.4,10,6,4.9
93,129.2,304.3,8,7,4.9
94,164.1,299.4,9,6,4.9
95,199,304.3,10,7,4.9
96,219.2,299.4,8,6,4.9
98,289,299.4,10,6,4.9
99,309.2,304.3,8,7,4.9
100,44.1,329.4,9,6,4.9
102,99.2,329.4,8,6,4.9
103,134.1,334.3,9,7,4.9
104,169,329.4,10,6,4.9
105,189.2,334.3,8,7,4.9
106,224.1,329.4,9,6,4.9
107,259,334.3,10,7,4.9
108,279.2,329.4,8,6,4.9
109,314.1,334.3,9,7,4.9
110,49,359.4,10,6,4.9
111,69.2,364.3,8,7,4.9
112,104.1,359.4,9,6,4.9
113,139,364.3,10,7,4.9
114,159.2,359.4,8,6,4.9
115,194.1,364.3,9,7,4.9
116,229,359.4,10,6,4.9
117,249.2,364.3,8,7,4.9
118,284.1,359.4,9,6,4.9
119,319,364.3,10,7,4.9
120,39.2,389.4,8,6,4.9
121,74.1,394.3,9,7,4.9
122,109,389.4,10,6,4.9
123,129.2,394.3,8,7,4.9
124,164.1,389.4,9,6,4.9
125,199,394.3,10,7,4.9
126,219.2,389.4,8,6,4.9
127,254.1,394.3,9,7,4.9
128,289,389.4,10,6,4.9
129,309.2,394.3,8,7,4.9
131,79,424.3,10,7,4.9
13,135,65,9,7,5
46,225,150,9,6,5
97,255,305,9,7,5
101,80,335,10,7,5
130,45,420,9,6,5
1,75,35,9,7,5
3,130,35,8,7,5
5,200,35,10,7,5
7,255,35,9,7,5
8,290,30,10,6,5
9,310,35,8,7,5
10,45,60,9,6,5
11,80,65,10,7,5
12,100,60,8,6,5
14,170,60,10,6,5
15,190,65,8,7,5
16,225,60,9,6,5
17,260,65,10,7,5
18,280,60,8,6,5
19,315,65,9,7,5
20,50,90,10,6,5
21,70,95,8,7,5
22,105,90,9,6,5
23,140,95,10,7,5
24,160,90,8,6,5
26,230,90,10,6,5
27,250,95,8,7,5
28,285,90,9,6,5
29,320,95,10,7,5
30,40,120,8,6,5
31,75,125,9,7,5
32,110,120,10,6,5
33,130,125,8,7,5
34,165,120,9,6,5
35,200,125,10,7,5
36,220,120,8,6,5
37,255,125,9,7,5
38,290,120,10,6,5
39,310,125,8,7,5
40,45,150,9,6,5
41,80,155,10,7,5
42,100,150,8,6,5
43,135,155,9,7,5
44,170,150,10,6,5
45,190,155,8,7,5
47,260,155,10,7,5
48,280,150,8,6,5
49,315,155,9,7,5
50,50,180,10,6,5
51,70,185,8,7,5
52,105,180,9,6,5
53,140,185,10,7,5
54,160,180,8,6,5
55,195,185,9,7,5
56,230,180,10,6,5
57,250,185,8,7,5
58,285,180,9,6,5
59,320,185,10,7,5
60,40,210,8,6,5
61,75,215,9,7,5
62,110,210,10,6,5
63,130,215,8,7,5
64,165,210,9,6,5
65,200,215,10,7,5
66,220,210,8,6,5
67,255,215,9,7,5
68,290,210,10,6,5
69,310,215,8,7,5
70,45,240,9,6,5
71,80,245,10,7,5
72,100,240,8,6,5
73,135,245,9,7,5
74,170,240,10,6,5
75,190,245,8,7,5
76,225,240,9,6,5
77,260,245,10,7,5
78,280,240,8,6,5
79,315,245,9,7,5
80,50,270,10,6,5
81,70,275,8,7,5
82,105,270,9,6,5
83,140,275,10,7,5
84,160,270,8,6,5
85,195,275,9,7,5
86,230,270,10,6,5
87,250,275,8,7,5
88,285,270,9,6,5
89,320,275,10,7,5
90,40,300,8,6,5
91,75,305,9,7,5
92,110,300,10,6,5
93,130,305,8,7,5
94,165,300,9,6,5
95,200,305,10,7,5
96,220,300,8,6,5
98,290,300,10,6,5
99,310,305,8,7,5
100,45,330,9,6,5
102,100,330,8,6,5
103,135,335,9,7,5
104,170,330,10,6,5
105,190,335,8,7,5
106,225,330,9,6,5
107,260,335,10,7,5
108,280,330,8,6,5
109,315,335,9,7,5
110,50,360,10,6,5
111,70,365,8,7,5
112,105,360,9,6,5
113,140,365,10,7,5
114,160,360,8,6,5
115,195,365,9,7,5
116,230,360,10,6,5
117,250,365,8,7,5
118,285,360,9,6,5
119,320,365,10,7,5
120,40,390,8,6,5
121,75,395,9,7,5
122,110,390,10,6,5
123,130,395,8,7,5
124,165,390,9,6,5
125,200,395,10,7,5
126,220,390,8,6,5
127,255,395,9,7,5
128,290,390,10,6,5
129,310,395,8,7,5
131,80,425,10,7,5
13,135.9,65.7,9,7,5.1
46,225.9,150.6,9,6,5.1
97,255.9,305.7,9,7,5.1
101,81,335.7,10,7,5.1
130,45.9,420.6,9,6,5.1
1,75.9,35.7,9,7,5.1
3,130.8,35.7,8,7,5.1
5,201,35.7,10,7,5.1
7,255.9,35.7,9,7,5.1
8,291,30.6,10,6,5.1
9,310.8,35.7,8,7,5.1
10,45.9,60.6,9,6,5.1
11,81,65.7,10,7,5.1
12,100.8,60.6,8,6,5.1
14,171,60.6,10,6,5.1
15,190.8,65.7,8,7,5.1
16,225.9,60.6,9,6,5.1
17,261,65.7,10,7,5.1
18,280.8,60.6,8,6,5.1
19,315.9,65.7,9,7,5.1
20,51,90.6,10,6,5.1
21,70.8,95.7,8,7,5.1
22,105.9,90.6,9,6,5.1
23,141,95.7,10,7,5.1
24,160.8,90.6,8,6,5.1
26,231,90.6,10,6,5.1
27,250.8,95.7,8,7,5.1
28,285.9,90.6,9,6,5.1
29,321,95.7,10,7,5.1
30,40.8,120.6,8,6,5.1
31,75.9,125.7,9,7,5.1
32,111,120.6,10,6,5.1
33,130.8,125.7,8,7,5.1
34,165.9,120.6,9,6,5.1
35,201,125.7,10,7,5.1
36,220.8,120.6,8,6,5.1
37,255.9,125.7,9,7,5.1
38,291,120.6,10,6,5.1
39,310.8,125.7,8,7,5.1
40,45.9,150.6,9,6,5.1
41,81,155.7,10,7,5.1
42,100.8,150.6,8,6,5.1
43,135.9,155.7,9,7,5.1
44,171,150.6,10,6,5.1
45,190.8,155.7,8,7,5.1
47,261,155.7,10,7,5.1
48,280.8,150.6,8,6,5.1
49,315.9,155.7,9,7,5.1
50,51,180.6,10,6,5.1
51,70.8,185.7,8,7,5.1
52,105.9,180.6,9,6,5.1
53,141,185.7,10,7,5.1
54,160.8,180.6,8,6,5.1
55,195.9,185.7,9,7,5.1
56,231,180.6,10,6,5.1
57,250.8,185.7,8,7,5.1
58,285.9,180.6,9,6,5.1
59,321,185.7,10,7,5.1
60,40.8,210.6,8,6,5.1
61,75.9,215.7,9,7,5.1
62,111,210.6,10,6,5.1
63,130.8,215.7,8,7,5.1
64,165.9,210.6,9,6,5.1
65,201,215.7,10,7,5.1
66,220.8,210.6,8,6,5.1
67,255.9,215.7,9,7,5.1
68,291,210.6,10,6,5.1
69,310.8,215.7,8,7,5.1
70,45.9,240.6,9,6,5.1
71,81,245.7,10,7,5.1
72,100.8,240.6,8,6,5.1
73,135.9,245.7,9,7,5.1
74,171,240.6,10,6,5.1
75,190.8,245.7,8,7,5.1
76,225.9,240.6,9,6,5.1
77,261,245.7,10,7,5.1
78,280.8,240.6,8,6,5.1
79,315.9,245.7,9,7,5.1
80,51,270.6,10,6,5.1
81,70.8,275.7,8,7,5.1
82,105.9,270.6,9,6,5.1
83,141,275.7,10,7,5.1
84,160.8,270.6,8,6,5.1
85,195.9,275.7,9,7,5.1
86,231,270.6,10,6,5.1
87,250.8,275.7,8,7,5.1
88,285.9,270.6,9,6,5.1
89,321,275.7,10,7,5.1
90,40.8,300.6,8,6,5.1
91,75.9,305.7,9,7,5.1
92,111,300.6,10,6,5.1
93,130.8,305.7,8,7,5.1
94,165.9,300.6,9,6,5.1
95,201,305.7,10,7,5.1
96,220.8,300.6,8,6,5.1
98,291,300.6,10,6,5.1
99,310.8,305.7,8,7,5.1
100,45.9,330.6,9,6,5.1
102,100.8,330.6,8,6,5.1
103,135.9,335.7,9,7,5.1
104,171,330.6,10,6,5.1
105,190.8,335.7,8,7,5.1
106,225.9,330.6,9,6,5.1
107,261,335.7,10,7,5.1
108,280.8,330.6,8,6,5.1
109,315.9,335.7,9,7,5.1
110,51,360.6,10,6,5.1
111,70.8,365.7,8,7,5.1
112,105.9,360.6,9,6,5.1
113,141,365.7,10,7,5.1
114,160.8,360.6,8,6,5.1
115,195.9,365.7,9,7,5.1
116,231,360.6,10,6,5.1
117,250.8,365.7,8,7,5.1
118,285.9,360.6,9,6,5.1
119,321,365.7,10,7,5.1
120,40.8,390.6,8,6,5.1
121,75.9,395.7,9,7,5.1
122,111,390.6,10,6,5.1
123,130.8,395.7,8,7,5.1
124,165.9,390.6,9,6,5.1
125,201,395.7,10,7,5.1
126,220.8,390.6,8,6,5.1
127,255.9,395.7,9,7,5.1
128,291,390.6,10,6,5.1
129,310.8,395.7,8,7,5.1
131,81,425.7,10,7,5.1
13,136.8,66.4,9,7,5.2
46,226.8,151.2,9,6,5.2
97,256.8,306.4,9,7,5.2
101,82,336.4,10,7,5.2
130,46.8,421.2,9,6,5.2
1,76.8,36.4,9,7,5.2
3,131.6,36.4,8,7,5.2
5,202,36.4,10,7,5.2
7,256.8,36.4,9,7,5.2
8,292,31.2,10,6,5.2
9,311.6,36.4,8,7,5.2
10,46.8,61.2,9,6,5.2
11,82,66.4,10,7,5.2
12,101.6,61.2,8,6,5.2
14,172,61.2,10,6,5.2
15,191.6,66.4,8,7,5.2
16,226.8,61.2,9,6,5.2
17,262,66.4,10,7,5.2
18,281.6,61.2,8,6,5.2
19,316.8,66.4,9,7,5.2
20,52,91.2,10,6,5.2
21,71.6,96.4,8,7,5.2
22,106.8,91.2,9,6,5.2
23,142,96.4,10,7,5.2
24,161.6,91.2,8,6,5.2
26,232,91.2,10,6,5.2
27,251.6,96.4,8,7,5.2
28,286.8,91.2,9,6,5.2
29,322,96.4,10,7,5.2
30,41.6,121.2,8,6,5.2
31,76.8,126.4,9,7,5.2
32,112,121.2,10,6,5.2
33,131.6,126.4,8,7,5.2
34,166.8,121.2,9,6,5.2
35,202,126.4,10,7,5.2
36,221.6,121.2,8,6,5.2
37,256.8,126.4,9,7,5.2
38,292,121.2,10,6,5.2
39,311.6,126.4,8,7,5.2
40,46.8,151.2,9,6,5.2
41,82,156.4,10,7,5.2
42,101.6,151.2,8,6,5.2
43,136.8,156.4,9,7,5.2
44,172,151.2,10,6,5.2
45,191.6,156.4,8,7,5.2
47,262,156.4,10,7,5.2
48,281.6,151.2,8,6,5.2
49,316.8,156.4,9,7,5.2
50,52,181.2,10,6,5.2
51,71.6,186.4,8,7,5.2
52,106.8,181.2,9,6,5.2
53,142,186.4,10,7,5.2
54,161.6,181.2,8,6,5.2
55,196.8,186.4,9,7,5.2
56,232,181.2,10,6,5.2
57,251.6,186.4,8,7,5.2
58,286.8,181.2,9,6,5.2
59,322,186.4,10,7,5.2
60,41.6,211.2,8,6,5.2
61,76.8,216.4,9,7,5.2
62,112,211.2,10,6,5.2
63,131.6,216.4,8,7,5.2
64,166.8,211.2,9,6,5.2
65,202,216.4,10,7,5.2
66,221.6,211.2,8,6,5.2
67,256.8,216.4,9,7,5.2
68,292,211.2,10,6,5.2
69,311.6,216.4,8,7,5.2
70,46.8,241.2,9,6,5.2
71,82,246.4,10,7,5.2
72,101.6,241.2,8,6,5.2
73,136.8,246.4,9,7,5.2
74,172,241.2,10,6,5.2
75,191.6,246.4,8,7,5.2
76,226.8,241.2,9,6,5.2
77,262,246.4,10,7,5.2
78,281.6,241.2,8,6,5.2
79,316.8,246.4,9,7,5.2
80,52,271.2,10,6,5.2
81,71.6,276.4,8,7,5.2
82,106.8,271.2,9,6,5.2
83,142,276.4,10,7,5.2
84,161.6,271.2,8,6,5.2
85,196.8,276.4,9,7,5.2
86,232,271.2,10,6,5.2
87,251.6,276.4,8,7,5.2
88,286.8,271.2,9,6,5.2
89,322,276.4,10,7,5.2
90,41.6,301.2,8,6,5.2
91,76.8,306.4,9,7,5.2
92,112,301.2,10,6,5.2
93,131.6,306.4,8,7,5.2
94,166.8,301.2,9,6,5.2
95,202,306.4,10,7,5.2
96,221.6,301.2,8,6,5.2
98,292,301.2,10,6,5.2
99,311.6,306.4,8,7,5.2
100,46.8,331.2,9,6,5.2
102,101.6,331.2,8,6,5.2
103,136.8,336.4,9,7,5.2
104,172,331.2,10,6,5.2
105,191.6,336.4,8,7,5.2
106,226.8,331.2,9,6,5.2
107,262,336.4,10,7,5.2
108,281.6,331.2,8,6,5.2
109,316.8,336.4,9,7,5.2
110,52,361.2,10,6,5.2
111,71.6,366.4,8,7,5.2
112,106.8,361.2,9,6,5.2
113,142,366.4,10,7,5.2
114,161.6,361.2,8,6,5.2
115,196.8,366.4,9,7,5.2
116,232,361.2,10,6,5.2
117,251.6,366.4,8,7,5.2
118,286.8,361.2,9,6,5.2
119,322,366.4,10,7,5.2
120,41.6,391.2,8,6,5.2
121,76.8,396.4,9,7,5.2
122,112,391.2,10,6,5.2
123,131.6,396.4,8,7,5.2
124,166.8,391.2,9,6,5.2
125,202,396.4,10,7,5.2
126,221.6,391.2,8,6,5.2
127,256.8,396.4,9,7,5.2
128,292,391.2,10,6,5.2
129,311.6,396.4,8,7,5.2
131,82,426.4,10,7,5.2
13,137.7,67.1,9,7,5.3
46,227.7,151.8,9,6,5.3
97,257.7,307.1,9,7,5.3
101,83,337.1,10,7,5.3
130,47.7,421.8,9,6,5.3
1,77.7,37.1,9,7,5.3
3,132.4,37.1,8,7,5.3
5,203,37.1,10,7,5.3
7,257.7,37.1,9,7,5.3
8,293,31.8,10,6,5.3
9,312.4,37.1,8,7,5.3
10,47.7,61.8,9,6,5.3
11,83,67.1,10,7,5.3
12,102.4,61.8,8,6,5.3
14,173,61.8,10,6,5.3
15,192.4,67.1,8,7,5.3
16,227.7,61.8,9,6,5.3
17,263,67.1,10,7,5.3
18,282.4,61.8,8,6,5.3
19,317.7,67.1,9,7,5.3
20,53,91.8,10,6,5.3
21,72.4,97.1,8,7,5.3
22,107.7,91.8,9,6,5.3
23,143,97.1,10,7,5.3
24,162.4,91.8,8,6,5.3
26,233,91.8,10,6,5.3
27,252.4,97.1,8,7,5.3
28,287.7,91.8,9,6,5.3
29,323,97.1,10,7,5.3
30,42.4,121.8,8,6,5.3
31,77.7,127.1,9,7,5.3
32,113,121.8,10,6,5.3
33,132.4,127.1,8,7,5.3
34,167.7,121.8,9,6,5.3
35,203,127.1,10,7,5.3
36,222.4,121.8,8,6,5.3
37,257.7,127.1,9,7,5.3
38,293,121.8,10,6,5.3
39,312.4,127.1,8,7,5.3
40,47.7,151.8,9,6,5.3
41,83,157.1,10,7,5.3
42,102.4,151.8,8,6,5.3
43,137.7,157.1,9,7,5.3
44,173,151.8,10,6,5.3
45,192.4,157.1,8,7,5.3
47,263,157.1,10,7,5.3
48,282.4,151.8,8,6,5.3
49,317.7,157.1,9,7,5.3
50,53,181.8,10,6,5.3
51,72.4,187.1,8,7,5.3
52,107.7,181.8,9,6,5.3
53,143,187.1,10,7,5.3
54,162.4,181.8,8,6,5.3
55,197.7,187.1,9,7,5.3
56,233,181.8,10,6,5.3
57,252.4,187.1,8,7,5.3
58,287.7,181.8,9,6,5.3
59,323,187.1,10,7,5.3
60,42.4,211.8,8,6,5.3
61,77.7,217.1,9,7,5.3
62,113,211.8,10,6,5.3
63,132.4,217.1,8,7,5.3
64,167.7,211.8,9,6,5.3
65,203,217.1,10,7,5.3
66,222.4,211.8,8,6,5.3
67,257.7,217.1,9,7,5.3
68,293,211.8,10,6,5.3
69,312.4,217.1,8,7,5.3
70,47.7,241.8,9,6,5.3
71,83,247.1,10,7,5.3
72,102.4,241.8,8,6,5.3
73,137.7,247.1,9,7,5.3
74,173,241.8,10,6,5.3
75,192.4,247.1,8,7,5.3
76,227.7,241.8,9,6,5.3
77,263,247.1,10,7,5.3
78,282.4,241.8,8,6,5.3
79,317.7,247.1,9,7,5.3
80,53,271.8,10,6,5.3
81,72.4,277.1,8,7,5.3
82,107.7,271.8,9,6,5.3
83,143,277.1,10,7,5.3
84,162.4,271.8,8,6,5.3
85,197.7,277.1,9,7,5.3
86,233,271.8,10,6,5.3
87,252.4,277.1,8,7,5.3
88,287.7,271.8,9,6,5.3
89,323,277.1,10,7,5.3
90,42.4,301.8,8,6,5.3
91,77.7,307.1,9,7,5.3
92,113,301.8,10,6,5.3
93,132.4,307.1,8,7,5.3
94,167.7,301.8,9,6,5.3
95,203,307.1,10,7,5.3
96,222.4,301.8,8,6,5.3
98,293,301.8,10,6,5.3
99,312.4,307.1,8,7,5.3
100,47.7,331.8,9,6,5.3
102,102.4,331.8,8,6,5.3
103,137.7,337.1,9,7,5.3
104,173,331.8,10,6,5.3
105,192.4,337.1,8,7,5.3
106,227.7,331.8,9,6,5.3
107,263,337.1,10,7,5.3
108,282.4,331.8,8,6,5.3
109,317.7,337.1,9,7,5.3
110,53,361.8,10,6,5.3
111,72.4,367.1,8,7,5.3
112,107.7,361.8,9,6,5.3
113,143,367.1,10,7,5.3
114,162.4,361.8,8,6,5.3
115,197.7,367.1,9,7,5.3
116,233,361.8,10,6,5.3
117,252.4,367.1,8,7,5.3
118,287.7,361.8,9,6,5.3
119,323,367.1,10,7,5.3
120,42.4,391.8,8,6,5.3
121,77.7,397.1,9,7,5.3
122,113,391.8,10,6,5.3
123,132.4,397.1,8,7,5.3
124,167.7,391.8,9,6,5.3
125,203,397.1,10,7,5.3
126,222.4,391.8,8,6,5.3
127,257.7,397.1,9,7,5.3
128,293,391.8,10,6,5.3
129,312.4,397.1,8,7,5.3
131,83,427.1,10,7,5.3
13,138.6,67.8,9,7,5.4
46,228.6,152.4,9,6,5.4
97,258.6,307.8,9,7,5.4
101,84,337.8,10,7,5.4
130,48.6,422.4,9,6,5.4
1,78.6,37.8,9,7,5.4
3,133.2,37.8,8,7,5.4
5,204,37.8,10,7,5.4
7,258.6,37.8,9,7,5.4
8,294,32.4,10,6,5.4
9,313.2,37.8,8,7,5.4
10,48.6,62.4,9,6,5.4
11,84,67.8,10,7,5.4
12,103.2,62.4,8,6,5.4
14,174,62.4,10,6,5.4
15,193.2,67.8,8,7,5.4
16,228.6,62.4,9,6,5.4
17,264,67.8,10,7,5.4
18,283.2,62.4,8,6,5.4
19,318.6,67.8,9,7,5.4
20,54,92.4,10,6,5.4
21,73.2,97.8,8,7,5.4
22,108.6,92.4,9,6,5.4
23,144,97.8,10,7,5.4
24,163.2,92.4,8,6,5.4
26,234,92.4,10,6,5.4
27,253.2,97.8,8,7,5.4
28,288.6,92.4,9,6,5.4
29,324,97.8,10,7,5.4
30,43.2,122.4,8,6,5.4
31,78.6,127.8,9,7,5.4
32,114,122.4,10,6,5.4
33,133.2,127.8,8,7,5.4
34,168.6,122.4,9,6,5.4
35,204,127.8,10,7,5.4
36,223.2,122.4,8,6,5.4
37,258.6,127.8,9,7,5.4
38,294,122.4,10,6,5.4
39,313.2,127.8,8,7,5.4
40,48.6,152.4,9,6,5.4
41,84,157.8,10,7,5.4
42,103.2,152.4,8,6,5.4
43,138.6,157.8,9,7,5.4
44,174,152.4,10,6,5.4
45,193.2,157.8,8,7,5.4
47,264,157.8,10,7,5.4
48,283.2,152.4,8,6,5.4
49,318.6,157.8,9,7,5.4
50,54,182.4,10,6,5.4
51,73.2,187.8,8,7,5.4
52,108.6,182.4,9,6,5.4
53,144,187.8,10,7,5.4
54,163.2,182.4,8,6,5.4
55,198.6,187.8,9,7,5.4
56,234,182.4,10,6,5.4
57,253.2,187.8,8,7,5.4
58,288.6,182.4,9,6,5.4
59,324,187.8,10,7,5.4
60,43.2,212.4,8,6,5.4
61,78.6,217.8,9,7,5.4
62,114,212.4,10,6,5.4
63,133.2,217.8,8,7,5.4
64,168.6,212.4,9,6,5.4
65,204,217.8,10,7,5.4
66,223.2,212.4,8,6,5.4
67,258.6,217.8,9,7,5.4
68,294,212.4,10,6,5.4
69,313.2,217.8,8,7,5.4
70,48.6,242.4,9,6,5.4
71,84,247.8,10,7,5.4
72,103.2,242.4,8,6,5.4
73,138.6,247.8,9,7,5.4
74,174,242.4,10,6,5.4
75,193.2,247.8,8,7,5.4
76,228.6,242.4,9,6,5.4
77,264,247.8,10,7,5.4
78,283.2,242.4,8,6,5.4
79,318.6,247.8,9,7,5.4
80,54,272.4,10,6,5.4
81,73.2,277.8,8,7,5.4
82,108.6,272.4,9,6,5.4
83,144,277.8,10,7,5.4
84,163.2,272.4,8,6,5.4
85,198.6,277.8,9,7,5.4
86,234,272.4,10,6,5.4
87,253.2,277.8,8,7,5.4
88,288.6,272.4,9,6,5.4
89,324,277.8,10,7,5.4
90,43.2,302.4,8,6,5.4
91,78.6,307.8,9,7,5.4
92,114,302.4,10,6,5.4
93,133.2,307.8,8,7,5.4
94,168.6,302.4,9,6,5.4
95,204,307.8,10,7,5.4
96,223.2,302.4,8,6,5.4
98,294,302.4,10,6,5.4
99,313.2,307.8,8,7,5.4
100,48.6,332.4,9,6,5.4
102,103.2,332.4,8,6,5.4
103,138.6,337.8,9,7,5.4
104,174,332.4,10,6,5.4
105,193.2,337.8,8,7,5.4
106,228.6,332.4,9,6,5.4
107,264,337.8,10,7,5.4
108,283.2,332.4,8,6,5.4
109,318.6,337.8,9,7,5.4
110,54,362.4,10,6,5.4
111,73.2,367.8,8,7,5.4
112,108.6,362.4,9,6,5.4
113,144,367.8,10,7,5.4
114,163.2,362.4,8,6,5.4
115,198.6,367.8,9,7,5.4
116,234,362.4,10,6,5.4
117,253.2,367.8,8,7,5.4
118,288.6,362.4,9,6,5.4
119,324,367.8,10,7,5.4
120,43.2,392.4,8,6,5.4
121,78.6,397.8,9,7,5.4
122,114,392.4,10,6,5.4
123,133.2,397.8,8,7,5.4
124,168.6,392.4,9,6,5.4
125,204,397.8,10,7,5.4
126,223.2,392.4,8,6,5.4
127,258.6,397.8,9,7,5.4
128,294,392.4,10,6,5.4
129,313.2,397.8,8,7,5.4
131,84,427.8,10,7,5.4
13,139.5,68.5,9,7,5.5
46,229.5,153,9,6,5.5
97,259.5,308.5,9,7,5.5
101,85,338.5,10,7,5.5
130,49.5,423,9,6,5.5
1,79.5,38.5,9,7,5.5
3,134,38.5,8,7,5.5
5,205,38.5,10,7,5.5
7,259.5,38.5,9,7,5.5
8,295,33,10,6,5.5
9,314,38.5,8,7,5.5
10,49.5,63,9,6,5.5
11,85,68.5,10,7,5.5
12,104,63,8,6,5.5
14,175,63,10,6,5.5
15,194,68.5,8,7,5.5
16,229.5,63,9,6,5.5
17,265,68.5,10,7,5.5
18,284,63,8,6,5.5
19,319.5,68.5,9,7,5.5
20,55,93,10,6,5.5
21,74,98.5,8,7,5.5
22,109.5,93,9,6,5.5
23,145,98.5,10,7,5.5
24,164,93,8,6,5.5
26,235,93,10,6,5.5
27,254,98.5,8,7,5.5
28,289.5,93,9,6,5.5
29,325,98.5,10,7,5.5
30,44,123,8,6,5.5
31,79.5,128.5,9,7,5.5
32,115,123,10,6,5.5
33,134,128.5,8,7,5.5
34,169.5,123,9,6,5.5
35,205,128.5,10,7,5.5
36,224,123,8,6,5.5
37,259.5,128.5,9,7,5.5
38,295,123,10,6,5.5
39,314,128.5,8,7,5.5
40,49.5,153,9,6,5.5
41,85,158.5,10,7,5.5
42,104,153,8,6,5.5
43,139.5,158.5,9,7,5.5
44,175,153,10,6,5.5
45,194,158.5,8,7,5.5
47,265,158.5,10,7,5.5
48,284,153,8,6,5.5
49,319.5,158.5,9,7,5.5
50,55,183,10,6,5.5
51,74,188.5,8,7,5.5
52,109.5,183,9,6,5.5
53,145,188.5,10,7,5.5
54,164,183,8,6,5.5
55,199.5,188.5,9,7,5.5
56,235,183,10,6,5.5
57,254,188.5,8,7,5.5
58,289.5,183,9,6,5.5
59,325,188.5,10,7,5.5
60,44,213,8,6,5.5
61,79.5,218.5,9,7,5.5
62,115,213,10,6,5.5
63,134,218.5,8,7,5.5
64,169.5,213,9,6,5.5
65,205,218.5,10,7,5.5
66,224,213,8,6,5.5
67,259.5,218.5,9,7,5.5
68,295,213,10,6,5.5
69,314,218.5,8,7,5.5
70,49.5,243,9,6,5.5
71,85,248.5,10,7,5.5
72,104,243,8,6,5.5
73,139.5,248.5,9,7,5.5
74,175,243,10,6,5.5
75,194,248.5,8,7,5.5
76,229.5,243,9,6,5.5
77,265,248.5,10,7,5.5
78,284,243,8,6,5.5
79,319.5,248.5,9,7,5.5
80,55,273,10,6,5.5
81,74,278.5,8,7,5.5
82,109.5,273,9,6,5.5
83,145,278.5,10,7,5.5
84,164,273,8,6,5.5
85,199.5,278.5,9,7,5.5
86,235,273,10,6,5.5
87,254,278.5,8,7,5.5
88,289.5,273,9,6,5.5
89,325,278.5,10,7,5.5
90,44,303,8,6,5.5
91,79.5,308.5,9,7,5.5
92,115,303,10,6,5.5
93,134,308.5,8,7,5.5
94,169.5,303,9,6,5.5
95,205,308.5,10,7,5.5
96,224,303,8,6,5.5
98,295,303,10,6,5.5
99,314,308.5,8,7,5.5
100,49.5,333,9,6,5.5
102,104,333,8,6,5.5
103,139.5,338.5,9,7,5.5
104,175,333,10,6,5.5
105,194,338.5,8,7,5.5
106,229.5,333,9,6,5.5
107,265,338.5,10,7,5.5
108,284,333,8,6,5.5
109,319.5,338.5,9,7,5.5
110,55,363,10,6,5.5
111,74,368.5,8,7,5.5
112,109.5,363,9,6,5.5
113,145,368.5,10,7,5.5
114,164,363,8,6,5.5
115,199.5,368.5,9,7,5.5
116,235,363,10,6,5.5
117,254,368.5,8,7,5.5
118,289.5,363,9,6,5.5
119,325,368.5,10,7,5.5
120,44,393,8,6,5.5
121,79.5,398.5,9,7,5.5
122,115,393,10,6,5.5
123,134,398.5,8,7,5.5
124,169.5,393,9,6,5.5
125,205,398.5,10,7,5.5
126,224,393,8,6,5.5
127,259.5,398.5,9,7,5.5
128,295,393,10,6,5.5
129,314,398.5,8,7,5.5
131,85,428.5,10,7,5.5
13,140.4,69.2,9,7,5.6
46,230.4,153.6,9,6,5.6
97,260.4,309.2,9,7,5.6
101,86,339.2,10,7,5.6
130,50.4,423.6,9,6,5.6
1,80.4,39.2,9,7,5.6
3,134.8,39.2,8,7,5.6
5,206,39.2,10,7,5.6
7,260.4,39.2,9,7,5.6
8,296,33.6,10,6,5.6
9,314.8,39.2,8,7,5.6
10,50.4,63.6,9,6,5.6
11,86,69.2,10,7,5.6
12,104.8,63.6,8,6,5.6
14,176,63.6,10,6,5.6
15,194.8,69.2,8,7,5.6
16,230.4,63.6,9,6,5.6
17,266,69.2,10,7,5.6
18,284.8,63.6,8,6,5.6
19,320.4,69.2,9,7,5.6
20,56,93.6,10,6,5.6
21,74.8,99.2,8,7,5.6
22,110.4,93.6,9,6,5.6
23,146,99.2,10,7,5.6
24,164.8,93.6,8,6,5.6
26,236,93.6,10,6,5.6
27,254.8,99.2,8,7,5.6
28,290.4,93.6,9,6,5.6
29,326,99.2,10,7,5.6
30,44.8,123.6,8,6,5.6
31,80.4,129.2,9,7,5.6
32,116,123.6,10,6,5.6
33,134.8,129.2,8,7,5.6
34,170.4,123.6,9,6,5.6
35,206,129.2,10,7,5.6
36,224.8,123.6,8,6,5.6
37,260.4,129.2,9,7,5.6
38,296,123.6,10,6,5.6
39,314.8,129.2,8,7,5.6
40,50.4,153.6,9,6,5.6
41,86,159.2,10,7,5.6
42,104.8,153.6,8,6,5.6
43,140.4,159.2,9,7,5.6
44,176,153.6,10,6,5.6
45,194.8,159.2,8,7,5.6
47,266,159.2,10,7,5.6
48,284.8,153.6,8,6,5.6
49,320.4,159.2,9,7,5.6
50,56,183.6,10,6,5.6
51,74.8,189.2,8,7,5.6
52,110.4,183.6,9,6,5.6
53,146,189.2,10,7,5.6
54,164.8,183.6,8,6,5.6
55,200.4,189.2,9,7,5.6
56,236,183.6,10,6,5.6
57,254.8,189.2,8,7,5.6
58,290.4,183.6,9,6,5.6
59,326,189.2,10,7,5.6
60,44.8,213.6,8,6,5.6
61,80.4,219.2,9,7,5.6
62,116,213.6,10,6,5.6
63,134.8,219.2,8,7,5.6
64,170.4,213.6,9,6,5.6
65,206,219.2,10,7,5.6
66,224.8,213.6,8,6,5.6
67,260.4,219.2,9,7,5.6
68,296,213.6,10,6,5.6
69,314.8,219.2,8,7,5.6
70,50.4,243.6,9,6,5.6
71,86,249.2,10,7,5.6
72,104.8,243.6,8,6,5.6
73,140.4,249.2,9,7,5.6
74,176,243.6,10,6,5.6
75,194.8,249.2,8,7,5.6
76,230.4,243.6,9,6,5.6
77,266,249.2,10,7,5.6
78,284.8,243.6,8,6,5.6
79,320.4,249.2,9,7,5.6
80,56,273.6,10,6,5.6
81,74.8,279.2,8,7,5.6
82,110.4,273.6,9,6,5.6
83,146,279.2,10,7,5.6
84,164.8,273.6,8,6,5.6
85,200.4,279.2,9,7,5.6
86,236,273.6,10,6,5.6
87,254.8,279.2,8,7,5.6
88,290.4,273.6,9,6,5.6
89,326,279.2,10,7,5.6
90,44.8,303.6,8,6,5.6
91,80.4,309.2,9,7,5.6
92,116,303.6,10,6,5.6
93,134.8,309.2,8,7,5.6
94,170.4,303.6,9,6,5.6
95,206,309.2,10,7,5.6
96,224.8,303.6,8,6,5.6
98,296,303.6,10,6,5.6
99,314.8,309.2,8,7,5.6
100,50.4,333.6,9,6,5.6
102,104.8,333.6,8,6,5.6
103,140.4,339.2,9,7,5.6
104,176,333.6,10,6,5.6
105,194.8,339.2,8,7,5.6
106,230.4,333.6,9,6,5.6
107,266,339.2,10,7,5.6
108,284.8,333.6,8,6,5.6
109,320.4,339.2,9,7,5.6
110,56,363.6,10,6,5.6
111,74.8,369.2,8,7,5.6
112,110.4,363.6,9,6,5.6
113,146,369.2,10,7,5.6
114,164.8,363.6,8,6,5.6
115,200.4,369.2,9,7,5.6
116,236,363.6,10,6,5.6
117,254.8,369.2,8,7,5.6
118,290.4,363.6,9,6,5.6
119,326,369.2,10,7,5.6
120,44.8,393.6,8,6,5.6
121,80.4,399.2,9,7,5.6
122,116,393.6,10,6,5.6
123,134.8,399.2,8,7,5.6
124,170.4,393.6,9,6,5.6
125,206,399.2,10,7,5.6
126,224.8,393.6,8,6,5.6
127,260.4,399.2,9,7,5.6
128,296,393.6,10,6,5.6
129,314.8,399.2,8,7,5.6
131,86,429.2,10,7,5.6
13,141.3,69.9,9,7,5.7
46,231.3,154.2,9,6,5.7
97,261.3,309.9,9,7,5.7
101,87,339.9,10,7,5.7
130,51.3,424.2,9,6,5.7
1,81.3,39.9,9,7,5.7
3,135.6,39.9,8,7,5.7
5,207,39.9,10,7,5.7
7,261.3,39.9,9,7,5.7
8,297,34.2,10,6,5.7
9,315.6,39.9,8,7,5.7
10,51.3,64.2,9,6,5.7
11,87,69.9,10,7,5.7
12,105.6,64.2,8,6,5.7
14,177,64.2,10,6,5.7
15,195.6,69.9,8,7,5.7
16,231.3,64.2,9,6,5.7
17,267,69.9,10,7,5.7
18,285.6,64.2,8,6,5.7
19,321.3,69.9,9,7,5.7
20,57,94.2,10,6,5.7
21,75.6,99.9,8,7,5.7
22,111.3,94.2,9,6,5.7
23,147,99.9,10,7,5.7
24,165.6,94.2,8,6,5.7
26,237,94.2,10,6,5.7
27,255.6,99.9,8,7,5.7
28,291.3,94.2,9,6,5.7
29,327,99.9,10,7,5.7
30,45.6,124.2,8,6,5.7
31,81.3,129.9,9,7,5.7
32,117,124.2,10,6,5.7
33,135.6,129.9,8,7,5.7
34,171.3,124.2,9,6,5.7
35,207,129.9,10,7,5.7
36,225.6,124.2,8,6,5.7
37,261.3,129.9,9,7,5.7
38,297,124.2,10,6,5.7
39,315.6,129.9,8,7,5.7
40,51.3,154.2,9,6,5.7
41,87,159.9,10,7,5.7
42,105.6,154.2,8,6,5.7
43,141.3,159.9,9,7,5.7
44,177,154.2,10,6,5.7
45,195.6,159.9,8,7,5.7
47,267,159.9,10,7,5.7
48,285.6,154.2,8,6,5.7
49,321.3,159.9,9,7,5.7
50,57,184.2,10,6,5.7
51,75.6,189.9,8,7,5.7
52,111.3,184.2,9,6,5.7
53,147,189.9,10,7,5.7
54,165.6,184.2,8,6,5.7
55,201.3,189.9,9,7,5.7
56,237,184.2,10,6,5.7
57,255.6,189.9,8,7,5.7
58,291.3,184.2,9,6,5.7
59,327,189.9,10,7,5.7
60,45.6,214.2,8,6,5.7
61,81.3,219.9,9,7,5.7
62,117,214.2,10,6,5.7
63,135.6,219.9,8,7,5.7
64,171.3,214.2,9,6,5.7
65,207,219.9,10,7,5.7
66,225.6,214.2,8,6,5.7
67,261.3,219.9,9,7,5.7
68,297,214.2,10,6,5.7
69,315.6,219.9,8,7,5.7
70,51.3,244.2,9,6,5.7
71,87,249.9,10,7,5.7
72,105.6,244.2,8,6,5.7
73,141.3,249.9,9,7,5.7
74,177,244.2,10,6,5.7
75,195.6,249.9,8,7,5.7
76,231.3,244.2,9,6,5.7
77,267,249.9,10,7,5.7
78,285.6,244.2,8,6,5.7
79,321.3,249.9,9,7,5.7
80,57,274.2,10,6,5.7
81,75.6,279.9,8,7,5.7
82,111.3,274.2,9,6,5.7
83,147,279.9,10,7,5.7
84,165.6,274.2,8,6,5.7
85,201.3,279.9,9,7,5.7
86,237,274.2,10,6,5.7
87,255.6,279.9,8,7,5.7
88,291.3,274.2,9,6,5.7
89,327,279.9,10,7,5.7
90,45.6,304.2,8,6,5.7
91,81.3,309.9,9,7,5.7
92,117,304.2,10,6,5.7
93,135.6,309.9,8,7,5.7
94,171.3,304.2,9,6,5.7
95,207,309.9,10,7,5.7
96,225.6,304.2,8,6,5.7
98,297,304.2,10,6,5.7
99,315.6,309.9,8,7,5.7
100,51.3,334.2,9,6,5.7
102,105.6,334.2,8,6,5.7
103,141.3,339.9,9,7,5.7
104,177,334.2,10,6,5.7
105,195.6,339.9,8,7,5.7
106,231.3,334.2,9,6,5.7
107,267,339.9,10,7,5.7
108,285.6,334.2,8,6,5.7
109,321.3,339.9,9,7,5.7
110,57,364.2,10,6,5.7
111,75.6,369.9,8,7,5.7
112,111.3,364.2,9,6,5.7
113,147,369.9,10,7,5.7
114,165.6,364.2,8,6,5.7
115,201.3,369.9,9,7,5.7
116,237,364.2,10,6,5.7
117,255.6,369.9,8,7,5.7
118,291.3,364.2,9,6,5.7
119,327,369.9,10,7,5.7
120,45.6,394.2,8,6,5.7
121,81.3,399.9,9,7,5.7
122,117,394.2,10,6,5.7
123,135.6,399.9,8,7,5.7
124,171.3,394.2,9,6,5.7
125,207,399.9,10,7,5.7
126,225.6,394.2,8,6,5.7
127,261.3,399.9,9,7,5.7
128,297,394.2,10,6,5.7
129,315.6,399.9,8,7,5.7
131,87,429.9,10,7,5.7
13,142.2,70.6,9,7,5.8
46,232.2,154.8,9,6,5.8
97,262.2,310.6,9,7,5.8
101,88,340.6,10,7,5.8
130,52.2,424.8,9,6,5.8
1,82.2,40.6,9,7,5.8
3,136.4,40.6,8,7,5.8
5,208,40.6,10,7,5.8
7,262.2,40.6,9,7,5.8
8,298,34.8,10,6,5.8
9,316.4,40.6,8,7,5.8
10,52.2,64.8,9,6,5.8
11,88,70.6,10,7,5.8
12,106.4,64.8,8,6,5.8
14,178,64.8,10,6,5.8
15,196.4,70.6,8,7,5.8
16,232.2,64.8,9,6,5.8
17,268,70.6,10,7,5.8
18,286.4,64.8,8,6,5.8
19,322.2,70.6,9,7,5.8
20,58,94.8,10,6,5.8
21,76.4,100.6,8,7,5.8
22,112.2,94.8,9,6,5.8
23,148,100.6,10,7,5.8
24,166.4,94.8,8,6,5.8
26,238,94.8,10,6,5.8
27,256.4,100.6,8,7,5.8
28,292.2,94.8,9,6,5.8
29,328,100.6,10,7,5.8
30,46.4,124.8,8,6,5.8
31,82.2,130.6,9,7,5.8
32,118,124.8,10,6,5.8
33,136.4,130.6,8,7,5.8
34,172.2,124.8,9,6,5.8
35,208,130.6,10,7,5.8
36,226.4,124.8,8,6,5.8
37,262.2,130.6,9,7,5.8
38,298,124.8,10,6,5.8
39,316.4,130.6,8,7,5.8
40,52.2,154.8,9,6,5.8
41,88,160.6,10,7,5.8
42,106.4,154.8,8,6,5.8
43,142.2,160.6,9,7,5.8
44,178,154.8,10,6,5.8
45,196.4,160.6,8,7,5.8
47,268,160.6,10,7,5.8
48,286.4,154.8,8,6,5.8
49,322.2,160.6,9,7,5.8
50,58,184.8,10,6,5.8
51,76.4,190.6,8,7,5.8
52,112.2,184.8,9,6,5.8
53,148,190.6,10,7,5.8
54,166.4,184.8,8,6,5.8
55,202.2,190.6,9,7,5.8
56,238,184.8,10,6,5.8
57,256.4,190.6,8,7,5.8
58,292.2,184.8,9,6,5.8
59,328,190.6,10,7,5.8
60,46.4,214.8,8,6,5.8
61,82.2,220.6,9,7,5.8
62,118,214.8,10,6,5.8
63,136.4,220.6,8,7,5.8
64,172.2,214.8,9,6,5.8
65,208,220.6,10,7,5.8
66,226.4,214.8,8,6,5.8
67,262.2,220.6,9,7,5.8
68,298,214.8,10,6,5.8
69,316.4,220.6,8,7,5.8
70,52.2,244.8,9,6,5.8
71,88,250.6,10,7,5.8
72,106.4,244.8,8,6,5.8
73,142.2,250.6,9,7,5.8
74,178,244.8,10,6,5.8
75,196.4,250.6,8,7,5.8
76,232.2,244.8,9,6,5.8
77,268,250.6,10,7,5.8
78,286.4,244.8,8,6,5.8
79,322.2,250.6,9,7,5.8
80,58,274.8,10,6,5.8
81,76.4,280.6,8,7,5.8
82,112.2,274.8,9,6,5.8
83,148,280.6,10,7,5.8
84,166.4,274.8,8,6,5.8
85,202.2,280.6,9,7,5.8
86,238,274.8,10,6,5.8
87,256.4,280.6,8,7,5.8
88,292.2,274.8,9,6,5.8
89,328,280.6,10,7,5.8
90,46.4,304.8,8,6,5.8
91,82.2,310.6,9,7,5.8
92,118,304.8,10,6,5.8
93,136.4,310.6,8,7,5.8
94,172.2,304.8,9,6,5.8
95,208,310.6,10,7,5.8
96,226.4,304.8,8,6,5.8
98,298,304.8,10,6,5.8
99,316.4,310.6,8,7,5.8
100,52.2,334.8,9,6,5.8
102,106.4,334.8,8,6,5.8
103,142.2,340.6,9,7,5.8
104,178,334.8,10,6,5.8
105,196.4,340.6,8,7,5.8
106,232.2,334.8,9,6,5.8
107,268,340.6,10,7,5.8
108,286.4,334.8,8,6,5.8
109,322.2,340.6,9,7,5.8
110,58,364.8,10,6,5.8
111,76.4,370.6,8,7,5.8
112,112.2,364.8,9,6,5.8
113,148,370.6,10,7,5.8
114,166.4,364.8,8,6,5.8
115,202.2,370.6,9,7,5.8
116,238,364.8,10,6,5.8
117,256.4,370.6,8,7,5.8
118,292.2,364.8,9,6,5.8
119,328,370.6,10,7,5.8
120,46.4,394.8,8,6,5.8
121,82.2,400.6,9,7,5.8
122,118,394.8,10,6,5.8
123,136.4,400.6,8,7,5.8
124,172.2,394.8,9,6,5.8
125,208,400.6,10,7,5.8
126,226.4,394.8,8,6,5.8
127,262.2,400.6,9,7,5.8
128,298,394.8,10,6,5.8
129,316.4,400.6,8,7,5.8
131,88,430.6,10,7,5.8
13,143.1,71.3,9,7,5.9
46,233.1,155.4,9,6,5.9
97,263.1,311.3,9,7,5.9
101,89,341.3,10,7,5.9
130,53.1,425.4,9,6,5.9
1,83.1,41.3,9,7,5.9
3,137.2,41.3,8,7,5.9
5,209,41.3,10,7,5.9
7,263.1,41.3,9,7,5.9
8,299,35.4,10,6,5.9
9,317.2,41.3,8,7,5.9
10,53.1,65.4,9,6,5.9
11,89,71.3,10,7,5.9
12,107.2,65.4,8,6,5.9
14,179,65.4,10,6,5.9
15,197.2,71.3,8,7,5.9
16,233.1,65.4,9,6,5.9
17,269,71.3,10,7,5.9
18,287.2,65.4,8,6,5.9
19,323.1,71.3,9,7,5.9
20,59,95.4,10,6,5.9
21,77.2,101.3,8,7,5.9
22,113.1,95.4,9,6,5.9
23,149,101.3,10,7,5.9
24,167.2,95.4,8,6,5.9
26,239,95.4,10,6,5.9
27,257.2,101.3,8,7,5.9
28,293.1,95.4,9,6,5.9
29,329,101.3,10,7,5.9
30,47.2,125.4,8,6,5.9
31,83.1,131.3,9,7,5.9
32,119,125.4,10,6,5.9
33,137.2,131.3,8,7,5.9
34,173.1,125.4,9,6,5.9
35,209,131.3,10,7,5.9
36,227.2,125.4,8,6,5.9
37,263.1,131.3,9,7,5.9
38,299,125.4,10,6,5.9
39,317.2,131.3,8,7,5.9
40,53.1,155.4,9,6,5.9
41,89,161.3,10,7,5.9
42,107.2,155.4,8,6,5.9
43,143.1,161.3,9,7,5.9
44,179,155.4,10,6,5.9
45,197.2,161.3,8,7,5.9
47,269,161.3,10,7,5.9
48,287.2,155.4,8,6,5.9
49,323.1,161.3,9,7,5.9
50,59,185.4,10,6,5.9
51,77.2,191.3,8,7,5.9
52,113.1,185.4,9,6,5.9
53,149,191.3,10,7,5.9
54,167.2,185.4,8,6,5.9
55,203.1,191.3,9,7,5.9
56,239,185.4,10,6,5.9
57,257.2,191.3,8,7,5.9
58,293.1,185.4,9,6,5.9
59,329,191.3,10,7,5.9
60,47.2,215.4,8,6,5.9
61,83.1,221.3,9,7,5.9
62,119,215.4,10,6,5.9
63,137.2,221.3,8,7,5.9
64,173.1,215.4,9,6,5.9
65,209,221.3,10,7,5.9
66,227.2,215.4,8,6,5.9
67,263.1,221.3,9,7,5.9
68,299,215.4,10,6,5.9
69,317.2,221.3,8,7,5.9
70,53.1,245.4,9,6,5.9
71,89,251.3,10,7,5.9
72,107.2,245.4,8,6,5.9
73,143.1,251.3,9,7,5.9
74,179,245.4,10,6,5.9
75,197.2,251.3,8,7,5.9
76,233.1,245.4,9,6,5.9
77,269,251.3,10,7,5.9
78,287.2,245.4,8,6,5.9
79,323.1,251.3,9,7,5.9
80,59,275.4,10,6,5.9
81,77.2,281.3,8,7,5.9
82,113.1,275.4,9,6,5.9
83,149,281.3,10,7,5.9
84,167.2,275.4,8,6,5.9
85,203.1,281.3,9,7,5.9
86,239,275.4,10,6,5.9
87,257.2,281.3,8,7,5.9
88,293.1,275.4,9,6,5.9
89,329,281.3,10,7,5.9
90,47.2,305.4,8,6,5.9
91,83.1,311.3,9,7,5.9
92,119,305.4,10,6,5.9
93,137.2,311.3,8,7,5.9
94,173.1,305.4,9,6,5.9
95,209,311.3,10,7,5.9
96,227.2,305.4,8,6,5.9
98,299,305.4,10,6,5.9
99,317.2,311.3,8,7,5.9
100,53.1,335.4,9,6,5.9
102,107.2,335.4,8,6,5.9
103,143.1,341.3,9,7,5.9
104,179,335.4,10,6,5.9
105,197.2,341.3,8,7,5.9
106,233.1,335.4,9,6,5.9
107,269,341.3,10,7,5.9
108,287.2,335.4,8,6,5.9
109,323.1,341.3,9,7,5.9
110,59,365.4,10,6,5.9
111,77.2,371.3,8,7,5.9
112,113.1,365.4,9,6,5.9
113,149,371.3,10,7,5.9
114,167.2,365.4,8,6,5.9
115,203.1,371.3,9,7,5.9
116,239,365.4,10,6,5.9
117,257.2,371.3,8,7,5.9
118,293.1,365.4,9,6,5.9
119,329,371.3,10,7,5.9
120,47.2,395.4,8,6,5.9
121,83.1,401.3,9,7,5.9
122,119,395.4,10,6,5.9
123,137.2,401.3,8,7,5.9
124,173.1,395.4,9,6,5.9
125,209,401.3,10,7,5.9
126,227.2,395.4,8,6,5.9
127,263.1,401.3,9,7,5.9
128,299,395.4,10,6,5.9
129,317.2,401.3,8,7,5.9
131,89,431.3,10,7,5.9
13,144,72,9,7,6
46,234,156,9,6,6
97,264,312,9,7,6
101,90,342,10,7,6
130,54,426,9,6,6
1,84,42,9,7,6
3,138,42,8,7,6
5,210,42,10,7,6
7,264,42,9,7,6
8,300,36,10,6,6
9,318,42,8,7,6
10,54,66,9,6,6
11,90,72,10,7,6
12,108,66,8,6,6
14,180,66,10,6,6
15,198,72,8,7,6
16,234,66,9,6,6
17,270,72,10,7,6
18,288,66,8,6,6
19,324,72,9,7,6
20,60,96,10,6,6
21,78,102,8,7,6
22,114,96,9,6,6
23,150,102,10,7,6
24,168,96,8,6,6
26,240,96,10,6,6
27,258,102,8,7,6
28,294,96,9,6,6
29,330,102,10,7,6
30,48,126,8,6,6
31,84,132,9,7,6
32,120,126,10,6,6
33,138,132,8,7,6
34,174,126,9,6,6
35,210,132,10,7,6
36,228,126,8,6,6
37,264,132,9,7,6
38,300,126,10,6,6
39,318,132,8,7,6
40,54,156,9,6,6
41,90,162,10,7,6
42,108,156,8,6,6
43,144,162,9,7,6
44,180,156,10,6,6
45,198,162,8,7,6
47,270,162,10,7,6
48,288,156,8,6,6
49,324,162,9,7,6
50,60,186,10,6,6
51,78,192,8,7,6
52,114,186,9,6,6
53,150,192,10,7,6
54,168,186,8,6,6
55,204,192,9,7,6
56,240,186,10,6,6
57,258,192,8,7,6
58,294,186,9,6,6
59,330,192,10,7,6
60,48,216,8,6,6
61,84,222,9,7,6
62,120,216,10,6,6
63,138,222,8,7,6
64,174,216,9,6,6
65,210,222,10,7,6
66,228,216,8,6,6
67,264,222,9,7,6
68,300,216,10,6,6
69,318,222,8,7,6
70,54,246,9,6,6
71,90,252,10,7,6
72,108,246,8,6,6
73,144,252,9,7,6
74,180,246,10,6,6
75,198,252,8,7,6
76,234,246,9,6,6
77,270,252,10,7,6
78,288,246,8,6,6
79,324,252,9,7,6
80,60,276,10,6,6
81,78,282,8,7,6
82,114,276,9,6,6
83,150,282,10,7,6
84,168,276,8,6,6
85,204,282,9,7,6
86,240,276,10,6,6
87,258,282,8,7,6
88,294,276,9,6,6
89,330,282,10,7,6
90,48,306,8,6,6
91,84,312,9,7,6
92,120,306,10,6,6
93,138,312,8,7,6
94,174,306,9,6,6
95,210,312,10,7,6
96,228,306,8,6,6
98,300,306,10,6,6
99,318,312,8,7,6
100,54,336,9,6,6
102,108,336,8,6,6
103,144,342,9,7,6
104,180,336,10,6,6
105,198,342,8,7,6
106,234,336,9,6,6
107,270,342,10,7,6
108,288,336,8,6,6
109,324,342,9,7,6
110,60,366,10,6,6
111,78,372,8,7,6
112,114,366,9,6,6
113,150,372,10,7,6
114,168,366,8,6,6
115,204,372,9,7,6
116,240,366,10,6,6
117,258,372,8,7,6
118,294,366,9,6,6
119,330,372,10,7,6
120,48,396,8,6,6
121,84,402,9,7,6
122,120,396,10,6,6
123,138,402,8,7,6
124,174,396,9,6,6
125,210,402,10,7,6
126,228,396,8,6,6
127,264,402,9,7,6
128,300,396,10,6,6
129,318,402,8,7,6
131,90,432,10,7,6
13,144.9,72.7,9,7,6.1
46,234.9,156.6,9,6,6.1
97,264.9,312.7,9,7,6.1
101,91,342.7,10,7,6.1
130,54.9,426.6,9,6,6.1
1,84.9,42.7,9,7,6.1
3,138.8,42.7,8,7,6.1
5,211,42.7,10,7,6.1
7,264.9,42.7,9,7,6.1
8,301,36.6,10,6,6.1
9,318.8,42.7,8,7,6.1
10,54.9,66.6,9,6,6.1
11,91,72.7,10,7,6.1
12,108.8,66.6,8,6,6.1
14,181,66.6,10,6,6.1
15,198.8,72.7,8,7,6.1
16,234.9,66.6,9,6,6.1
17,271,72.7,10,7,6.1
18,288.8,66.6,8,6,6.1
19,324.9,72.7,9,7,6.1
20,61,96.6,10,6,6.1
21,78.8,102.7,8,7,6.1
22,114.9,96.6,9,6,6.1
23,151,102.7,10,7,6.1
24,168.8,96.6,8,6,6.1
26,241,96.6,10,6,6.1
27,258.8,102.7,8,7,6.1
28,294.9,96.6,9,6,6.1
29,331,102.7,10,7,6.1
30,48.8,126.6,8,6,6.1
31,84.9,132.7,9,7,6.1
32,121,126.6,10,6,6.1
33,138.8,132.7,8,7,6.1
34,174.9,126.6,9,6,6.1
35,211,132.7,10,7,6.1
36,228.8,126.6,8,6,6.1
37,264.9,132.7,9,7,6.1
38,301,126.6,10,6,6.1
39,318.8,132.7,8,7,6.1
40,54.9,156.6,9,6,6.1
41,91,162.7,10,7,6.1
42,108.8,156.6,8,6,6.1
43,144.9,162.7,9,7,6.1
44,181,156.6,10,6,6.1
45,198.8,162.7,8,7,6.1
47,271,162.7,10,7,6.1
48,288.8,156.6,8,6,6.1
49,324.9,162.7,9,7,6.1
50,61,186.6,10,6,6.1
51,78.8,192.7,8,7,6.1
52,114.9,186.6,9,6,6.1
53,151,192.7,10,7,6.1
54,168.8,186.6,8,6,6.1
55,204.9,192.7,9,7,6.1
56,241,186.6,10,6,6.1
57,258.8,192.7,8,7,6.1
58,294.9,186.6,9,6,6.1
59,331,192.7,10,7,6.1
60,48.8,216.6,8,6,6.1
61,84.9,222.7,9,7,6.1
62,121,216.6,10,6,6.1
63,138.8,222.7,8,7,6.1
64,174.9,216.6,9,6,6.1
65,211,222.7,10,7,6.1
66,228.8,216.6,8,6,6.1
67,264.9,222.7,9,7,6.1
68,301,216.6,10,6,6.1
69,318.8,222.7,8,7,6.1
70,54.9,246.6,9,6,6.1
71,91,252.7,10,7,6.1
72,108.8,246.6,8,6,6.1
73,144.9,252.7,9,7,6.1
74,181,246.6,10,6,6.1
75,198.8,252.7,8,7,6.1
76,234.9,246.6,9,6,6.1
77,271,252.7,10,7,6.1
78,288.8,246.6,8,6,6.1
79,324.9,252.7,9,7,6.1
80,61,276.6,10,6,6.1
81,78.8,282.7,8,7,6.1
82,114.9,276.6,9,6,6.1
83,151,282.7,10,7,6.1
84,168.8,276.6,8,6,6.1
85,204.9,282.7,9,7,6.1
86,241,276.6,10,6,6.1
87,258.8,282.7,8,7,6.1
88,294.9,276.6,9,6,6.1
89,331,282.7,10,7,6.1
90,48.8,306.6,8,6,6.1
91,84.9,312.7,9,7,6.1
92,121,306.6,10,6,6.1
93,138.8,312.7,8,7,6.1
94,174.9,306.6,9,6,6.1
95,211,312.7,10,7,6.1
96,228.8,306.6,8,6,6.1
98,301,306.6,10,6,6.1
99,318.8,312.7,8,7,6.1
100,54.9,336.6,9,6,6.1
102,108.8,336.6,8,6,6.1
103,144.9,342.7,9,7,6.1
104,181,336.6,10,6,6.1
105,198.8,342.7,8,7,6.1
106,234.9,336.6,9,6,6.1
107,271,342.7,10,7,6.1
108,288.8,336.6,8,6,6.1
109,324.9,342.7,9,7,6.1
110,61,366.6,10,6,6.1
111,78.8,372.7,8,7,6.1
112,114.9,366.6,9,6,6.1
113,151,372.7,10,7,6.1
114,168.8,366.6,8,6,6.1
115,204.9,372.7,9,7,6.1
116,241,366.6,10,6,6.1
117,258.8,372.7,8,7,6.1
118,294.9,366.6,9,6,6.1
119,331,372.7,10,7,6.1
120,48.8,396.6,8,6,6.1
121,84.9,402.7,9,7,6.1
122,121,396.6,10,6,6.1
123,138.8,402.7,8,7,6.1
124,174.9,396.6,9,6,6.1
125,211,402.7,10,7,6.1
126,228.8,396.6,8,6,6.1
127,264.9,402.7,9,7,6.1
128,301,396.6,10,6,6.1
129,318.8,402.7,8,7,6.1
131,91,432.7,10,7,6.1
13,145.8,73.4,9,7,6.2
46,235.8,157.2,9,6,6.2
97,265.8,313.4,9,7,6.2
101,92,343.4,10,7,6.2
130,55.8,427.2,9,6,6.2
1,85.8,43.4,9,7,6.2
3,139.6,43.4,8,7,6.2
5,212,43.4,10,7,6.2
7,265.8,43.4,9,7,6.2
8,302,37.2,10,6,6.2
9,319.6,43.4,8,7,6.2
10,55.8,67.2,9,6,6.2
11,92,73.4,10,7,6.2
12,109.6,67.2,8,6,6.2
14,182,67.2,10,6,6.2
15,199.6,73.4,8,7,6.2
16,235.8,67.2,9,6,6.2
17,272,73.4,10,7,6.2
18,289.6,67.2,8,6,6.2
19,325.8,73.4,9,7,6.2
20,62,97.2,10,6,6.2
21,79.6,103.4,8,7,6.2
22,115.8,97.2,9,6,6.2
23,152,103.4,10,7,6.2
24,169.6,97.2,8,6,6.2
26,242,97.2,10,6,6.2
27,259.6,103.4,8,7,6.2
28,295.8,97.2,9,6,6.2
29,332,103.4,10,7,6.2
30,49.6,127.2,8,6,6.2
31,85.8,133.4,9,7,6.2
32,122,127.2,10,6,6.2
33,139.6,133.4,8,7,6.2
34,175.8,127.2,9,6,6.2
35,212,133.4,10,7,6.2
36,229.6,127.2,8,6,6.2
37,265.8,133.4,9,7,6.2
38,302,127.2,10,6,6.2
39,319.6,133.4,8,7,6.2
40,55.8,157.2,9,6,6.2
41,92,163.4,10,7,6.2
42,109.6,157.2,8,6,6.2
43,145.8,163.4,9,7,6.2
44,182,157.2,10,6,6.2
45,199.6,163.4,8,7,6.2
47,272,163.4,10,7,6.2
48,289.6,157.2,8,6,6.2
49,325.8,163.4,9,7,6.2
50,62,187.2,10,6,6.2
51,79.6,193.4,8,7,6.2
52,115.8,187.2,9,6,6.2
53,152,193.4,10,7,6.2
54,169.6,187.2,8,6,6.2
55,205.8,193.4,9,7,6.2
56,242,187.2,10,6,6.2
57,259.6,193.4,8,7,6.2
58,295.8,187.2,9,6,6.2
59,332,193.4,10,7,6.2
60,49.6,217.2,8,6,6.2
61,85.8,223.4,9,7,6.2
62,122,217.2,10,6,6.2
63,139.6,223.4,8,7,6.2
64,175.8,217.2,9,6,6.2
65,212,223.4,10,7,6.2
66,229.6,217.2,8,6,6.2
67,265.8,223.4,9,7,6.2
68,302,217.2,10,6,6.2
69,319.6,223.4,8,7,6.2
70,55.8,247.2,9,6,6.2
71,92,253.4,10,7,6.2
72,109.6,247.2,8,6,6.2
73,145.8,253.4,9,7,6.2
74,182,247.2,10,6,6.2
75,199.6,253.4,8,7,6.2
76,235.8,247.2,9,6,6.2
77,272,253.4,10,7,6.2
78,289.6,247.2,8,6,6.2
79,325.8,253.4,9,7,6.2
80,62,277.2,10,6,6.2
81,79.6,283.4,8,7,6.2
82,115.8,277.2,9,6,6.2
83,152,283.4,10,7,6.2
84,169.6,277.2,8,6,6.2
85,205.8,283.4,9,7,6.2
86,242,277.2,10,6,6.2
87,259.6,283.4,8,7,6.2
88,295.8,277.2,9,6,6.2
89,332,283.4,10,7,6.2
90,49.6,307.2,8,6,6.2
91,85.8,313.4,9,7,6.2
92,122,307.2,10,6,6.2
93,139.6,313.4,8,7,6.2
94,175.8,307.2,9,6,6.2
95,212,313.4,10,7,6.2
96,229.6,307.2,8,6,6.2
98,302,307.2,10,6,6.2
99,319.6,313.4,8,7,6.2
100,55.8,337.2,9,6,6.2
102,109.6,337.2,8,6,6.2
103,145.8,343.4,9,7,6.2
104,182,337.2,10,6,6.2
105,199.6,343.4,8,7,6.2
106,235.8,337.2,9,6,6.2
107,272,343.4,10,7,6.2
108,289.6,337.2,8,6,6.2
109,325.8,343.4,9,7,6.2
110,62,367.2,10,6,6.2
111,79.6,373.4,8,7,6.2
112,115.8,367.2,9,6,6.2
113,152,373.4,10,7,6.2
114,169.6,367.2,8,6,6.2
115,205.8,373.4,9,7,6.2
116,242,367.2,10,6,6.2
117,259.6,373.4,8,7,6.2
118,295.8,367.2,9,6,6.2
119,332,373.4,10,7,6.2
120,49.6,397.2,8,6,6.2
121,85.8,403.4,9,7,6.2
122,122,397.2,10,6,6.2
123,139.6,403.4,8,7,6.2
124,175.8,397.2,9,6,6.2
125,212,403.4,10,7,6.2
126,229.6,397.2,8,6,6.2
127,265.8,403.4,9,7,6.2
128,302,397.2,10,6,6.2
129,319.6,403.4,8,7,6.2
131,92,433.4,10,7,6.2
13,146.7,74.1,9,7,6.3
46,236.7,157.8,9,6,6.3
97,266.7,314.1,9,7,6.3
101,93,344.1,10,7,6.3
130,56.7,427.8,9,6,6.3
1,86.7,44.1,9,7,6.3
3,140.4,44.1,8,7,6.3
5,213,44.1,10,7,6.3
7,266.7,44.1,9,7,6.3
8,303,37.8,10,6,6.3
9,320.4,44.1,8,7,6.3
10,56.7,67.8,9,6,6.3
11,93,74.1,10,7,6.3
12,110.4,67.8,8,6,6.3
14,183,67.8,10,6,6.3
15,200.4,74.1,8,7,6.3
16,236.7,67.8,9,6,6.3
17,273,74.1,10,7,6.3
18,290.4,67.8,8,6,6.3
19,326.7,74.1,9,7,6.3
20,63,97.8,10,6,6.3
21,80.4,104.1,8,7,6.3
22,116.7,97.8,9,6,6.3
23,153,104.1,10,7,6.3
24,170.4,97.8,8,6,6.3
26,243,97.8,10,6,6.3
27,260.4,104.1,8,7,6.3
28,296.7,97.8,9,6,6.3
29,333,104.1,10,7,6.3
30,50.4,127.8,8,6,6.3
31,86.7,134.1,9,7,6.3
32,123,127.8,10,6,6.3
33,140.4,134.1,8,7,6.3
34,176.7,127.8,9,6,6.3
35,213,134.1,10,7,6.3
36,230.4,127.8,8,6,6.3
37,266.7,134.1,9,7,6.3
38,303,127.8,10,6,6.3
39,320.4,134.1,8,7,6.3
40,56.7,157.8,9,6,6.3
41,93,164.1,10,7,6.3
42,110.4,157.8,8,6,6.3
43,146.7,164.1,9,7,6.3
44,183,157.8,10,6,6.3
45,200.4,164.1,8,7,6.3
47,273,164.1,10,7,6.3
48,290.4,157.8,8,6,6.3
49,326.7,164.1,9,7,6.3
50,63,187.8,10,6,6.3
51,80.4,194.1,8,7,6.3
52,116.7,187.8,9,6,6.3
53,153,194.1,10,7,6.3
54,170.4,187.8,8,6,6.3
55,206.7,194.1,9,7,6.3
56,243,187.8,10,6,6.3
57,260.4,194.1,8,7,6.3
58,296.7,187.8,9,6,6.3
59,333,194.1,10,7,6.3
60,50.4,217.8,8,6,6.3
61,86.7,224.1,9,7,6.3
62,123,217.8,10,6,6.3
63,140.4,224.1,8,7,6.3
64,176.7,217.8,9,6,6.3
65,213,224.1,10,7,6.3
66,230.4,217.8,8,6,6.3
67,266.7,224.1,9,7,6.3
68,303,217.8,10,6,6.3
69,320.4,224.1,8,7,6.3
70,56.7,247.8,9,6,6.3
71,93,254.1,10,7,6.3
72,110.4,247.8,8,6,6.3
73,146.7,254.1,9,7,6.3
74,183,247.8,10,6,6.3
75,200.4,254.1,8,7,6.3
76,236.7,247.8,9,6,6.3
77,273,254.1,10,7,6.3
78,290.4,247.8,8,6,6.3
79,326.7,254.1,9,7,6.3
80,63,277.8,10,6,6.3
81,80.4,284.1,8,7,6.3
82,116.7,277.8,9,6,6.3
83,153,284.1,10,7,6.3
84,170.4,277.8,8,6,6.3
85,206.7,284.1,9,7,6.3
86,243,277.8,10,6,6.3
87,260.4,284.1,8,7,6.3
88,296.7,277.8,9,6,6.3
89,333,284.1,10,7,6.3
90,50.4,307.8,8,6,6.3
91,86.7,314.1,9,7,6.3
92,123,307.8,10,6,6.3
93,140.4,314.1,8,7,6.3
94,176.7,307.8,9,6,6.3
95,213,314.1,10,7,6.3
96,230.4,307.8,8,6,6.3
98,303,307.8,10,6,6.3
99,320.4,314.1,8,7,6.3
100,56.7,337.8,9,6,6.3
102,110.4,337.8,8,6,6.3
103,146.7,344.1,9,7,6.3
104,183,337.8,10,6,6.3
105,200.4,344.1,8,7,6.3
106,236.7,337.8,9,6,6.3
107,273,344.1,10,7,6.3
108,290.4,337.8,8,6,6.3
109,326.7,344.1,9,7,6.3
110,63,367.8,10,6,6.3
111,80.4,374.1,8,7,6.3
112,116.7,367.8,9,6,6.3
113,153,374.1,10,7,6.3
114,170.4,367.8,8,6,6.3
115,206.7,374.1,9,7,6.3
116,243,367.8,10,6,6.3
117,260.4,374.1,8,7,6.3
118,296.7,367.8,9,6,6.3
119,333,374.1,10,7,6.3
120,50.4,397.8,8,6,6.3
121,86.7,404.1,9,7,6.3
122,123,397.8,10,6,6.3
123,140.4,404.1,8,7,6.3
124,176.7,397.8,9,6,6.3
125,213,404.1,10,7,6.3
126,230.4,397.8,8,6,6.3
127,266.7,404.1,9,7,6.3
128,303,397.8,10,6,6.3
129,320.4,404.1,8,7,6.3
131,93,434.1,10,7,6.3
13,147.6,74.8,9,7,6.4
46,237.6,158.4,9,6,6.4
97,267.6,314.8,9,7,6.4
101,94,344.8,10,7,6.4
130,57.6,428.4,9,6,6.4
1,87.6,44.8,9,7,6.4
3,141.2,44.8,8,7,6.4
5,214,44.8,10,7,6.4
7,267.6,44.8,9,7,6.4
8,304,38.4,10,6,6.4
9,321.2,44.8,8,7,6.4
10,57.6,68.4,9,6,6.4
11,94,74.8,10,7,6.4
12,111.2,68.4,8,6,6.4
14,184,68.4,10,6,6.4
15,201.2,74.8,8,7,6.4
16,237.6,68.4,9,6,6.4
17,274,74.8,10,7,6.4
18,291.2,68.4,8,6,6.4
19,327.6,74.8,9,7,6.4
20,64,98.4,10,6,6.4
21,81.2,104.8,8,7,6.4
22,117.6,98.4,9,6,6.4
23,154,104.8,10,7,6.4
24,171.2,98.4,8,6,6.4
26,244,98.4,10,6,6.4
27,261.2,104.8,8,7,6.4
28,297.6,98.4,9,6,6.4
29,334,104.8,10,7,6.4
30,51.2,128.4,8,6,6.4
31,87.6,134.8,9,7,6.4
32,124,128.4,10,6,6.4
33,141.2,134.8,8,7,6.4
34,177.6,128.4,9,6,6.4
35,214,134.8,10,7,6.4
36,231.2,128.4,8,6,6.4
37,267.6,134.8,9,7,6.4
38,304,128.4,10,6,6.4
39,321.2,134.8,8,7,6.4
40,57.6,158.4,9,6,6.4
41,94,164.8,10,7,6.4
42,111.2,158.4,8,6,6.4
43,147.6,164.8,9,7,6.4
44,184,158.4,10,6,6.4
45,201.2,164.8,8,7,6.4
47,274,164.8,10,7,6.4
48,291.2,158.4,8,6,6.4
49,327.6,164.8,9,7,6.4
50,64,188.4,10,6,6.4
51,81.2,194.8,8,7,6.4
52,117.6,188.4,9,6,6.4
53,154,194.8,10,7,6.4
54,171.2,188.4,8,6,6.4
55,207.6,194.8,9,7,6.4
56,244,188.4,10,6,6.4
57,261.2,194.8,8,7,6.4
58,297.6,188.4,9,6,6.4
59,334,194.8,10,7,6.4
60,51.2,218.4,8,6,6.4
61,87.6,224.8,9,7,6.4
62,124,218.4,10,6,6.4
63,141.2,224.8,8,7,6.4
64,177.6,218.4,9,6,6.4
65,214,224.8,10,7,6.4
66,231.2,218.4,8,6,6.4
67,267.6,224.8,9,7,6.4
68,304,218.4,10,6,6.4
69,321.2,224.8,8,7,6.4
70,57.6,248.4,9,6,6.4
71,94,254.8,10,7,6.4
72,111.2,248.4,8,6,6.4
73,147.6,254.8,9,7,6.4
74,184,248.4,10,6,6.4
75,201.2,254.8,8,7,6.4
76,237.6,248.4,9,6,6.4
77,274,254.8,10,7,6.4
78,291.2,248.4,8,6,6.4
79,327.6,254.8,9,7,6.4
80,64,278.4,10,6,6.4
81,81.2,284.8,8,7,6.4
82,117.6,278.4,9,6,6.4
83,154,284.8,10,7,6.4
84,171.2,278.4,8,6,6.4
85,207.6,284.8,9,7,6.4
86,244,278.4,10,6,6.4
87,261.2,284.8,8,7,6.4
88,297.6,278.4,9,6,6.4
89,334,284.8,10,7,6.4
90,51.2,308.4,8,6,6.4
91,87.6,314.8,9,7,6.4
92,124,308.4,10,6,6.4
93,141.2,314.8,8,7,6.4
94,177.6,308.4,9,6,6.4
95,214,314.8,10,7,6.4
96,231.2,308.4,8,6,6.4
98,304,308.4,10,6,6.4
99,321.2,314.8,8,7,6.4
100,57.6,338.4,9,6,6.4
102,111.2,338.4,8,6,6.4
103,147.6,344.8,9,7,6.4
104,184,338.4,10,6,6.4
105,201.2,344.8,8,7,6.4
106,237.6,338.4,9,6,6.4
107,274,344.8,10,7,6.4
108,291.2,338.4,8,6,6.4
109,327.6,344.8,9,7,6.4
110,64,368.4,10,6,6.4
111,81.2,374.8,8,7,6.4
112,117.6,368.4,9,6,6.4
113,154,374.8,10,7,6.4
114,171.2,368.4,8,6,6.4
115,207.6,374.8,9,7,6.4
116,244,368.4,10,6,6.4
117,261.2,374.8,8,7,6.4
118,297.6,368.4,9,6,6.4
119,334,374.8,10,7,6.4
120,51.2,398.4,8,6,6.4
121,87.6,404.8,9,7,6.4
122,124,398.4,10,6,6.4
123,141.2,404.8,8,7,6.4
124,177.6,398.4,9,6,6.4
125,214,404.8,10,7,6.4
126,231.2,398.4,8,6,6.4
127,267.6,404.8,9,7,6.4
128,304,398.4,10,6,6.4
129,321.2,404.8,8,7,6.4
131,94,434.8,10,7,6.4
13,148.5,75.5,9,7,6.5
46,238.5,159,9,6,6.5
97,268.5,315.5,9,7,6.5
101,95,345.5,10,7,6.5
130,58.5,429,9,6,6.5
1,88.5,45.5,9,7,6.5
3,142,45.5,8,7,6.5
5,215,45.5,10,7,6.5
7,268.5,45.5,9,7,6.5
8,305,39,10,6,6.5
9,322,45.5,8,7,6.5
10,58.5,69,9,6,6.5
11,95,75.5,10,7,6.5
12,112,69,8,6,6.5
14,185,69,10,6,6.5
15,202,75.5,8,7,6.5
16,238.5,69,9,6,6.5
17,275,75.5,10,7,6.5
18,292,69,8,6,6.5
19,328.5,75.5,9,7,6.5
20,65,99,10,6,6.5
21,82,105.5,8,7,6.5
22,118.5,99,9,6,6.5
23,155,105.5,10,7,6.5
24,172,99,8,6,6.5
26,245,99,10,6,6.5
27,262,105.5,8,7,6.5
28,298.5,99,9,6,6.5
29,335,105.5,10,7,6.5
30,52,129,8,6,6.5
31,88.5,135.5,9,7,6.5
32,125,129,10,6,6.5
33,142,135.5,8,7,6.5
34,178.5,129,9,6,6.5
35,215,135.5,10,7,6.5
36,232,129,8,6,6.5
37,268.5,135.5,9,7,6.5
38,305,129,10,6,6.5
39,322,135.5,8,7,6.5
40,58.5,159,9,6,6.5
41,95,165.5,10,7,6.5
42,112,159,8,6,6.5
43,148.5,165.5,9,7,6.5
44,185,159,10,6,6.5
45,202,165.5,8,7,6.5
47,275,165.5,10,7,6.5
48,292,159,8,6,6.5
49,328.5,165.5,9,7,6.5
50,65,189,10,6,6.5
51,82,195.5,8,7,6.5
52,118.5,189,9,6,6.5
53,155,195.5,10,7,6.5
54,172,189,8,6,6.5
55,208.5,195.5,9,7,6.5
56,245,189,10,6,6.5
57,262,195.5,8,7,6.5
58,298.5,189,9,6,6.5
59,335,195.5,10,7,6.5
60,52,219,8,6,6.5
61,88.5,225.5,9,7,6.5
62,125,219,10,6,6.5
63,142,225.5,8,7,6.5
64,178.5,219,9,6,6.5
65,215,225.5,10,7,6.5
66,232,219,8,6,6.5
67,268.5,225.5,9,7,6.5
68,305,219,10,6,6.5
69,322,225.5,8,7,6.5
70,58.5,249,9,6,6.5
71,95,255.5,10,7,6.5
72,112,249,8,6,6.5
73,148.5,255.5,9,7,6.5
74,185,249,10,6,6.5
75,202,255.5,8,7,6.5
76,238.5,249,9,6,6.5
77,275,255.5,10,7,6.5
78,292,249,8,6,6.5
79,328.5,255.5,9,7,6.5
80,65,279,10,6,6.5
81,82,285.5,8,7,6.5
82,118.5,279,9,6,6.5
83,155,285.5,10,7,6.5
84,172,279,8,6,6.5
85,208.5,285.5,9,7,6.5
86,245,279,10,6,6.5
87,262,285.5,8,7,6.5
88,298.5,279,9,6,6.5
89,335,285.5,10,7,6.5
90,52,309,8,6,6.5
91,88.5,315.5,9,7,6.5
92,125,309,10,6,6.5
93,142,315.5,8,7,6.5
94,178.5,309,9,6,6.5
95,215,315.5,10,7,6.5
96,232,309,8,6,6.5
98,305,309,10,6,6.5
99,322,315.5,8,7,6.5
100,58.5,339,9,6,6.5
102,112,339,8,6,6.5
103,148.5,345.5,9,7,6.5
104,185,339,10,6,6.5
105,202,345.5,8,7,6.5
106,238.5,339,9,6,6.5
107,275,345.5,10,7,6.5
108,292,339,8,6,6.5
109,328.5,345.5,9,7,6.5
110,65,369,10,6,6.5
111,82,375.5,8,7,6.5
112,118.5,369,9,6,6.5
113,155,375.5,10,7,6.5
114,172,369,8,6,6.5
115,208.5,375.5,9,7,6.5
116,245,369,10,6,6.5
117,262,375.5,8,7,6.5
118,298.5,369,9,6,6.5
119,335,375.5,10,7,6.5
120,52,399,8,6,6.5
121,88.5,405.5,9,7,6.5
122,125,399,10,6,6.5
123,142,405.5,8,7,6.5
124,178.5,399,9,6,6.5
125,215,405.5,10,7,6.5
126,232,399,8,6,6.5
127,268.5,405.5,9,7,6.5
128,305,399,10,6,6.5
129,322,405.5,8,7,6.5
131,95,435.5,10,7,6.5
13,149.4,76.2,9,7,6.6
46,239.4,159.6,9,6,6.6
97,269.4,316.2,9,7,6.6
101,96,346.2,10,7,6.6
130,59.4,429.6,9,6,6.6
1,89.4,46.2,9,7,6.6
3,142.8,46.2,8,7,6.6
5,216,46.2,10,7,6.6
7,269.4,46.2,9,7,6.6
8,306,39.6,10,6,6.6
9,322.8,46.2,8,7,6.6
10,59.4,69.6,9,6,6.6
11,96,76.2,10,7,6.6
12,112.8,69.6,8,6,6.6
14,186,69.6,10,6,6.6
15,202.8,76.2,8,7,6.6
16,239.4,69.6,9,6,6.6
17,276,76.2,10,7,6.6
18,292.8,69.6,8,6,6.6
19,329.4,76.2,9,7,6.6
20,66,99.6,10,6,6.6
21,82.8,106.2,8,7,6.6
22,119.4,99.6,9,6,6.6
23,156,106.2,10,7,6.6
24,172.8,99.6,8,6,6.6
26,246,99.6,10,6,6.6
27,262.8,106.2,8,7,6.6
28,299.4,99.6,9,6,6.6
29,336,106.2,10,7,6.6
30,52.8,129.6,8,6,6.6
31,89.4,136.2,9,7,6.6
32,126,129.6,10,6,6.6
33,142.8,136.2,8,7,6.6
34,179.4,129.6,9,6,6.6
35,216,136.2,10,7,6.6
36,232.8,129.6,8,6,6.6
37,269.4,136.2,9,7,6.6
38,306,129.6,10,6,6.6
39,322.8,136.2,8,7,6.6
40,59.4,159.6,9,6,6.6
41,96,166.2,10,7,6.6
42,112.8,159.6,8,6,6.6
43,149.4,166.2,9,7,6.6
44,186,159.6,10,6,6.6
45,202.8,166.2,8,7,6.6
47,276,166.2,10,7,6.6
48,292.8,159.6,8,6,6.6
49,329.4,166.2,9,7,6.6
50,66,189.6,10,6,6.6
51,82.8,196.2,8,7,6.6
52,119.4,189.6,9,6,6.6
53,156,196.2,10,7,6.6
54,172.8,189.6,8,6,6.6
55,209.4,196.2,9,7,6.6
56,246,189.6,10,6,6.6
57,262.8,196.2,8,7,6.6
58,299.4,189.6,9,6,6.6
59,336,196.2,10,7,6.6
60,52.8,219.6,8,6,6.6
61,89.4,226.2,9,7,6.6
62,126,219.6,10,6,6.6
63,142.8,226.2,8,7,6.6
64,179.4,219.6,9,6,6.6
65,216,226.2,10,7,6.6
66,232.8,219.6,8,6,6.6
67,269.4,226.2,9,7,6.6
68,306,219.6,10,6,6.6
69,322.8,226.2,8,7,6.6
70,59.4,249.6,9,6,6.6
71,96,256.2,10,7,6.6
72,112.8,249.6,8,6,6.6
73,149.4,256.2,9,7,6.6
74,186,249.6,10,6,6.6
75,202.8,256.2,8,7,6.6
76,239.4,249.6,9,6,6.6
77,276,256.2,10,7,6.6
78,292.8,249.6,8,6,6.6
79,329.4,256.2,9,7,6.6
80,66,279.6,10,6,6.6
81,82.8,286.2,8,7,6.6
82,119.4,279.6,9,6,6.6
83,156,286.2,10,7,6.6
84,172.8,279.6,8,6,6.6
85,209.4,286.2,9,7,6.6
86,246,279.6,10,6,6.6
87,262.8,286.2,8,7,6.6
88,299.4,279.6,9,6,6.6
89,336,286.2,10,7,6.6
90,52.8,309.6,8,6,6.6
91,89.4,316.2,9,7,6.6
92,126,309.6,10,6,6.6
93,142.8,316.2,8,7,6.6
94,179.4,309.6,9,6,6.6
95,216,316.2,10,7,6.6
96,232.8,309.6,8,6,6.6
98,306,309.6,10,6,6.6
99,322.8,316.2,8,7,6.6
100,59.4,339.6,9,6,6.6
102,112.8,339.6,8,6,6.6
103,149.4,346.2,9,7,6.6
104,186,339.6,10,6,6.6
105,202.8,346.2,8,7,6.6
106,239.4,339.6,9,6,6.6
107,276,346.2,10,7,6.6
108,292.8,339.6,8,6,6.6
109,329.4,346.2,9,7,6.6
110,66,369.6,10,6,6.6
111,82.8,376.2,8,7,6.6
112,119.4,369.6,9,6,6.6
113,156,376.2,10,7,6.6
114,172.8,369.6,8,6,6.6
115,209.4,376.2,9,7,6.6
116,246,369.6,10,6,6.6
117,262.8,376.2,8,7,6.6
118,299.4,369.6,9,6,6.6
119,336,376.2,10,7,6.6
120,52.8,399.6,8,6,6.6
121,89.4,406.2,9,7,6.6
122,126,399.6,10,6,6.6
123,142.8,406.2,8,7,6.6
124,179.4,399.6,9,6,6.6
125,216,406.2,10,7,6.6
126,232.8,399.6,8,6,6.6
127,269.4,406.2,9,7,6.6
128,306,399.6,10,6,6.6
129,322.8,406.2,8,7,6.6
131,96,436.2,10,7,6.6
13,150.3,76.9,9,7,6.7
46,240.3,160.2,9,6,6.7
97,270.3,316.9,9,7,6.7
101,97,346.9,10,7,6.7
130,60.3,430.2,9,6,6.7
1,90.3,46.9,9,7,6.7
3,143.6,46.9,8,7,6.7
5,217,46.9,10,7,6.7
7,270.3,46.9,9,7,6.7
8,307,40.2,10,6,6.7
9,323.6,46.9,8,7,6.7
10,60.3,70.2,9,6,6.7
11,97,76.9,10,7,6.7
12,113.6,70.2,8,6,6.7
14,187,70.2,10,6,6.7
15,203.6,76.9,8,7,6.7
16,240.3,70.2,9,6,6.7
17,277,76.9,10,7,6.7
18,293.6,70.2,8,6,6.7
19,330.3,76.9,9,7,6.7
20,67,100.2,10,6,6.7
21,83.6,106.9,8,7,6.7
22,120.3,100.2,9,6,6.7
23,157,106.9,10,7,6.7
24,173.6,100.2,8,6,6.7
26,247,100.2,10,6,6.7
27,263.6,106.9,8,7,6.7
28,300.3,100.2,9,6,6.7
29,337,106.9,10,7,6.7
30,53.6,130.2,8,6,6.7
31,90.3,136.9,9,7,6.7
32,127,130.2,10,6,6.7
33,143.6,136.9,8,7,6.7
34,180.3,130.2,9,6,6.7
35,217,136.9,10,7,6.7
36,233.6,130.2,8,6,6.7
37,270.3,136.9,9,7,6.7
38,307,130.2,10,6,6.7
39,323.6,136.9,8,7,6.7
40,60.3,160.2,9,6,6.7
41,97,166.9,10,7,6.7
42,113.6,160.2,8,6,6.7
43,150.3,166.9,9,7,6.7
44,187,160.2,10,6,6.7
45,203.6,166.9,8,7,6.7
47,277,166.9,10,7,6.7
48,293.6,160.2,8,6,6.7
49,330.3,166.9,9,7,6.7
50,67,190.2,10,6,6.7
51,83.6,196.9,8,7,6.7
52,120.3,190.2,9,6,6.7
53,157,196.9,10,7,6.7
54,173.6,190.2,8,6,6.7
55,210.3,196.9,9,7,6.7
56,247,190.2,10,6,6.7
57,263.6,196.9,8,7,6.7
58,300.3,190.2,9,6,6.7
59,337,196.9,10,7,6.7
60,53.6,220.2,8,6,6.7
61,90.3,226.9,9,7,6.7
62,127,220.2,10,6,6.7
63,143.6,226.9,8,7,6.7
64,180.3,220.2,9,6,6.7
65,217,226.9,10,7,6.7
66,233.6,220.2,8,6,6.7
67,270.3,226.9,9,7,6.7
68,307,220.2,10,6,6.7
69,323.6,226.9,8,7,6.7
70,60.3,250.2,9,6,6.7
71,97,256.9,10,7,6.7
72,113.6,250.2,8,6,6.7
73,150.3,256.9,9,7,6.7
74,187,250.2,10,6,6.7
75,203.6,256.9,8,7,6.7
76,240.3,250.2,9,6,6.7
77,277,256.9,10,7,6.7
78,293.6,250.2,8,6,6.7
79,330.3,256.9,9,7,6.7
80,67,280.2,10,6,6.7
81,83.6,286.9,8,7,6.7
82,120.3,280.2,9,6,6.7
83,157,286.9,10,7,6.7
84,173.6,280.2,8,6,6.7
85,210.3,286.9,9,7,6.7
86,247,280.2,10,6,6.7
87,263.6,286.9,8,7,6.7
88,300.3,280.2,9,6,6.7
89,337,286.9,10,7,6.7
90,53.6,310.2,8,6,6.7
91,90.3,316.9,9,7,6.7
92,127,310.2,10,6,6.7
93,143.6,316.9,8,7,6.7
94,180.3,310.2,9,6,6.7
95,217,316.9,10,7,6.7
96,233.6,310.2,8,6,6.7
98,307,310.2,10,6,6.7
99,323.6,316.9,8,7,6.7
100,60.3,340.2,9,6,6.7
102,113.6,340.2,8,6,6.7
103,150.3,346.9,9,7,6.7
104,187,340.2,10,6,6.7
105,203.6,346.9,8,7,6.7
106,240.3,340.2,9,6,6.7
107,277,346.9,10,7,6.7
108,293.6,340.2,8,6,6.7
109,330.3,346.9,9,7,6.7
110,67,370.2,10,6,6.7
111,83.6,376.9,8,7,6.7
112,120.3,370.2,9,6,6.7
113,157,376.9,10,7,6.7
114,173.6,370.2,8,6,6.7
115,210.3,376.9,9,7,6.7
116,247,370.2,10,6,6.7
117,263.6,376.9,8,7,6.7
118,300.3,370.2,9,6,6.7
119,337,376.9,10,7,6.7
120,53.6,400.2,8,6,6.7
121,90.3,406.9,9,7,6.7
122,127,400.2,10,6,6.7
123,143.6,406.9,8,7,6.7
124,180.3,400.2,9,6,6.7
125,217,406.9,10,7,6.7
126,233.6,400.2,8,6,6.7
127,270.3,406.9,9,7,6.7
128,307,400.2,10,6,6.7
129,323.6,406.9,8,7,6.7
131,97,436.9,10,7,6.7
13,151.2,77.6,9,7,6.8
46,241.2,160.8,9,6,6.8
97,271.2,317.6,9,7,6.8
101,98,347.6,10,7,6.8
130,61.2,430.8,9,6,6.8
1,91.2,47.6,9,7,6.8
3,144.4,47.6,8,7,6.8
5,218,47.6,10,7,6.8
7,271.2,47.6,9,7,6.8
8,308,40.8,10,6,6.8
9,324.4,47.6,8,7,6.8
10,61.2,70.8,9,6,6.8
11,98,77.6,10,7,6.8
12,114.4,70.8,8,6,6.8
14,188,70.8,10,6,6.8
15,204.4,77.6,8,7,6.8
16,241.2,70.8,9,6,6.8
17,278,77.6,10,7,6.8
18,294.4,70.8,8,6,6.8
19,331.2,77.6,9,7,6.8
20,68,100.8,10,6,6.8
21,84.4,107.6,8,7,6.8
22,121.2,100.8,9,6,6.8
23,158,107.6,10,7,6.8
24,174.4,100.8,8,6,6.8
26,248,100.8,10,6,6.8
27,264.4,107.6,8,7,6.8
28,301.2,100.8,9,6,6.8
29,338,107.6,10,7,6.8
30,54.4,130.8,8,6,6.8
31,91.2,137.6,9,7,6.8
32,128,130.8,10,6,6.8
33,144.4,137.6,8,7,6.8
34,181.2,130.8,9,6,6.8
35,218,137.6,10,7,6.8
36,234.4,130.8,8,6,6.8
37,271.2,137.6,9,7,6.8
38,308,130.8,10,6,6.8
39,324.4,137.6,8,7,6.8
40,61.2,160.8,9,6,6.8
41,98,167.6,10,7,6.8
42,114.4,160.8,8,6,6.8
43,151.2,167.6,9,7,6.8
44,188,160.8,10,6,6.8
45,204.4,167.6,8,7,6.8
47,278,167.6,10,7,6.8
48,294.4,160.8,8,6,6.8
49,331.2,167.6,9,7,6.8
50,68,190.8,10,6,6.8
51,84.4,197.6,8,7,6.8
52,121.2,190.8,9,6,6.8
53,158,197.6,10,7,6.8
54,174.4,190.8,8,6,6.8
55,211.2,197.6,9,7,6.8
56,248,190.8,10,6,6.8
57,264.4,197.6,8,7,6.8
58,301.2,190.8,9,6,6.8
59,338,197.6,10,7,6.8
60,54.4,220.8,8,6,6.8
61,91.2,227.6,9,7,6.8
62,128,220.8,10,6,6.8
63,144.4,227.6,8,7,6.8
64,181.2,220.8,9,6,6.8
65,218,227.6,10,7,6.8
66,234.4,220.8,8,6,6.8
67,271.2,227.6,9,7,6.8
68,308,220.8,10,6,6.8
69,324.4,227.6,8,7,6.8
70,61.2,250.8,9,6,6.8
71,98,257.6,10,7,6.8
72,114.4,250.8,8,6,6.8
73,151.2,257.6,9,7,6.8
74,188,250.8,10,6,6.8
75,204.4,257.6,8,7,6.8
76,241.2,250.8,9,6,6.8
77,278,257.6,10,7,6.8
78,294.4,250.8,8,6,6.8
79,331.2,257.6,9,7,6.8
80,68,280.8,10,6,6.8
81,84.4,287.6,8,7,6.8
82,121.2,280.8,9,6,6.8
83,158,287.6,10,7,6.8
84,174.4,280.8,8,6,6.8
85,211.2,287.6,9,7,6.8
86,248,280.8,10,6,6.8
87,264.4,287.6,8,7,6.8
88,301.2,280.8,9,6,6.8
89,338,287.6,10,7,6.8
90,54.4,310.8,8,6,6.8
91,91.2,317.6,9,7,6.8
92,128,310.8,10,6,6.8
93,144.4,317.6,8,7,6.8
94,181.2,310.8,9,6,6.8
95,218,317.6,10,7,6.8
96,234.4,310.8,8,6,6.8
98,308,310.8,10,6,6.8
99,324.4,317.6,8,7,6.8
100,61.2,340.8,9,6,6.8
102,114.4,340.8,8,6,6.8
103,151.2,347.6,9,7,6.8
104,188,340.8,10,6,6.8
105,204.4,347.6,8,7,6.8
106,241.2,340.8,9,6,6.8
107,278,347.6,10,7,6.8
108,294.4,340.8,8,6,6.8
109,331.2,347.6,9,7,6.8
110,68,370.8,10,6,6.8
111,84.4,377.6,8,7,6.8
112,121.2,370.8,9,6,6.8
113,158,377.6,10,7,6.8
114,174.4,370.8,8,6,6.8
115,211.2,377.6,9,7,6.8
116,248,370.8,10,6,6.8
117,264.4,377.6,8,7,6.8
118,301.2,370.8,9,6,6.8
119,338,377.6,10,7,6.8
120,54.4,400.8,8,6,6.8
121,91.2,407.6,9,7,6.8
122,128,400.8,10,6,6.8
123,144.4,407.6,8,7,6.8
124,181.2,400.8,9,6,6.8
125,218,407.6,10,7,6.8
126,234.4,400.8,8,6,6.8
127,271.2,407.6,9,7,6.8
128,308,400.8,10,6,6.8
129,324.4,407.6,8,7,6.8
131,98,437.6,10,7,6.8
13,152.1,78.3,9,7,6.9
46,242.1,161.4,9,6,6.9
97,272.1,318.3,9,7,6.9
101,99,348.3,10,7,6.9
130,62.1,431.4,9,6,6.9
1,92.1,48.3,9,7,6.9
3,145.2,48.3,8,7,6.9
5,219,48.3,10,7,6.9
7,272.1,48.3,9,7,6.9
8,309,41.4,10,6,6.9
9,325.2,48.3,8,7,6.9
10,62.1,71.4,9,6,6.9
11,99,78.3,10,7,6.9
12,115.2,71.4,8,6,6.9
14,189,71.4,10,6,6.9
15,205.2,78.3,8,7,6.9
16,242.1,71.4,9,6,6.9
17,279,78.3,10,7,6.9
18,295.2,71.4,8,6,6.9
19,332.1,78.3,9,7,6.9
20,69,101.4,10,6,6.9
21,85.2,108.3,8,7,6.9
22,122.1,101.4,9,6,6.9
23,159,108.3,10,7,6.9
24,175.2,101.4,8,6,6.9
26,249,101.4,10,6,6.9
27,265.2,108.3,8,7,6.9
28,302.1,101.4,9,6,6.9
29,339,108.3,10,7,6.9
30,55.2,131.4,8,6,6.9
31,92.1,138.3,9,7,6.9
32,129,131.4,10,6,6.9
33,145.2,138.3,8,7,6.9
34,182.1,131.4,9,6,6.9
35,219,138.3,10,7,6.9
36,235.2,131.4,8,6,6.9
37,272.1,138.3,9,7,6.9
38,309,131.4,10,6,6.9
39,325.2,138.3,8,7,6.9
40,62.1,161.4,9,6,6.9
41,99,168.3,10,7,6.9
42,115.2,161.4,8,6,6.9
43,152.1,168.3,9,7,6.9
44,189,161.4,10,6,6.9
45,205.2,168.3,8,7,6.9
47,279,168.3,10,7,6.9
48,295.2,161.4,8,6,6.9
49,332.1,168.3,9,7,6.9
50,69,191.4,10,6,6.9
51,85.2,198.3,8,7,6.9
52,122.1,191.4,9,6,6.9
53,159,198.3,10,7,6.9
54,175.2,191.4,8,6,6.9
55,212.1,198.3,9,7,6.9
56,249,191.4,10,6,6.9
57,265.2,198.3,8,7,6.9
58,302.1,191.4,9,6,6.9
59,339,198.3,10,7,6.9
60,55.2,221.4,8,6,6.9
61,92.1,228.3,9,7,6.9
62,129,221.4,10,6,6.9
63,145.2,228.3,8,7,6.9
64,182.1,221.4,9,6,6.9
65,219,228.3,10,7,6.9
66,235.2,221.4,8,6,6.9
67,272.1,228.3,9,7,6.9
68,309,221.4,10,6,6.9
69,325.2,228.3,8,7,6.9
70,62.1,251.4,9,6,6.9
71,99,258.3,10,7,6.9
72,115.2,251.4,8,6,6.9
73,152.1,258.3,9,7,6.9
74,189,251.4,10,6,6.9
75,205.2,258.3,8,7,6.9
76,242.1,251.4,9,6,6.9
77,279,258.3,10,7,6.9
78,295.2,251.4,8,6,6.9
79,332.1,258.3,9,7,6.9
80,69,281.4,10,6,6.9
81,85.2,288.3,8,7,6.9
82,122.1,281.4,9,6,6.9
83,159,288.3,10,7,6.9
84,175.2,281.4,8,6,6.9
85,212.1,288.3,9,7,6.9
86,249,281.4,10,6,6.9
87,265.2,288.3,8,7,6.9
88,302.1,281.4,9,6,6.9
89,339,288.3,10,7,6.9
90,55.2,311.4,8,6,6.9
91,92.1,318.3,9,7,6.9
92,129,311.4,10,6,6.9
93,145.2,318.3,8,7,6.9
94,182.1,311.4,9,6,6.9
95,219,318.3,10,7,6.9
96,235.2,311.4,8,6,6.9
98,309,311.4,10,6,6.9
99,325.2,318.3,8,7,6.9
100,62.1,341.4,9,6,6.9
102,115.2,341.4,8,6,6.9
103,152.1,348.3,9,7,6.9
104,189,341.4,10,6,6.9
105,205.2,348.3,8,7,6.9
106,242.1,341.4,9,6,6.9
107,279,348.3,10,7,6.9
108,295.2,341.4,8,6,6.9
109,332.1,348.3,9,7,6.9
110,69,371.4,10,6,6.9
111,85.2,378.3,8,7,6.9
112,122.1,371.4,9,6,6.9
113,159,378.3,10,7,6.9
114,175.2,371.4,8,6,6.9
115,212.1,378.3,9,7,6.9
116,249,371.4,10,6,6.9
117,265.2,378.3,8,7,6.9
118,302.1,371.4,9,6,6.9
119,339,378.3,10,7,6.9
120,55.2,401.4,8,6,6.9
121,92.1,408.3,9,7,6.9
122,129,401.4,10,6,6.9
123,145.2,408.3,8,7,6.9
124,182.1,401.4,9,6,6.9
125,219,408.3,10,7,6.9
126,235.2,401.4,8,6,6.9
127,272.1,408.3,9,7,6.9
128,309,401.4,10,6,6.9
129,325.2,408.3,8,7,6.9
131,99,438.3,10,7,6.9
13,153,79,9,7,7
46,243,162,9,6,7
97,273,319,9,7,7
101,100,349,10,7,7
130,63,432,9,6,7
1,93,49,9,7,7
3,146,49,8,7,7
5,220,49,10,7,7
7,273,49,9,7,7
8,310,42,10,6,7
9,326,49,8,7,7
10,63,72,9,6,7
11,100,79,10,7,7
12,116,72,8,6,7
14,190,72,10,6,7
15,206,79,8,7,7
16,243,72,9,6,7
17,280,79,10,7,7
18,296,72,8,6,7
19,333,79,9,7,7
20,70,102,10,6,7
21,86,109,8,7,7
22,123,102,9,6,7
23,160,109,10,7,7
24,176,102,8,6,7
26,250,102,10,6,7
27,266,109,8,7,7
28,303,102,9,6,7
29,340,109,10,7,7
30,56,132,8,6,7
31,93,139,9,7,7
32,130,132,10,6,7
33,146,139,8,7,7
34,183,132,9,6,7
35,220,139,10,7,7
36,236,132,8,6,7
37,273,139,9,7,7
38,310,132,10,6,7
39,326,139,8,7,7
40,63,162,9,6,7
41,100,169,10,7,7
42,116,162,8,6,7
43,153,169,9,7,7
44,190,162,10,6,7
45,206,169,8,7,7
47,280,169,10,7,7
48,296,162,8,6,7
49,333,169,9,7,7
50,70,192,10,6,7
51,86,199,8,7,7
52,123,192,9,6,7
53,160,199,10,7,7
54,176,192,8,6,7
55,213,199,9,7,7
56,250,192,10,6,7
57,266,199,8,7,7
58,303,192,9,6,7
59,340,199,10,7,7
60,56,222,8,6,7
61,93,229,9,7,7
62,130,222,10,6,7
63,146,229,8,7,7
64,183,222,9,6,7
65,220,229,10,7,7
66,236,222,8,6,7
67,273,229,9,7,7
68,310,222,10,6,7
69,326,229,8,7,7
70,63,252,9,6,7
71,100,259,10,7,7
72,116,252,8,6,7
73,153,259,9,7,7
74,190,252,10,6,7
75,206,259,8,7,7
76,243,252,9,6,7
77,280,259,10,7,7
78,296,252,8,6,7
79,333,259,9,7,7
80,70,282,10,6,7
81,86,289,8,7,7
82,123,282,9,6,7
83,160,289,10,7,7
84,176,282,8,6,7
85,213,289,9,7,7
86,250,282,10,6,7
87,266,289,8,7,7
88,303,282,9,6,7
89,340,289,10,7,7
90,56,312,8,6,7
91,93,319,9,7,7
92,130,312,10,6,7
93,146,319,8,7,7
94,183,312,9,6,7
95,220,319,10,7,7
96,236,312,8,6,7
98,310,312,10,6,7
99,326,319,8,7,7
100,63,342,9,6,7
102,116,342,8,6,7
103,153,349,9,7,7
104,190,342,10,6,7
105,206,349,8,7,7
106,243,342,9,6,7
107,280,349,10,7,7
108,296,342,8,6,7
109,333,349,9,7,7
110,70,372,10,6,7
111,86,379,8,7,7
112,123,372,9,6,7
113,160,379,10,7,7
114,176,372,8,6,7
115,213,379,9,7,7
116,250,372,10,6,7
117,266,379,8,7,7
118,303,372,9,6,7
119,340,379,10,7,7
120,56,402,8,6,7
121,93,409,9,7,7
122,130,402,10,6,7
123,146,409,8,7,7
124,183,402,9,6,7
125,220,409,10,7,7
126,236,402,8,6,7
127,273,409,9,7,7
128,310,402,10,6,7
129,326,409,8,7,7
131,100,439,10,7,7
13,153.9,79.7,9,7,7.1
46,243.9,162.6,9,6,7.1
97,273.9,319.7,9,7,7.1
101,101,349.7,10,7,7.1
130,63.9,432.6,9,6,7.1
1,93.9,49.7,9,7,7.1
3,146.8,49.7,8,7,7.1
5,221,49.7,10,7,7.1
7,273.9,49.7,9,7,7.1
8,311,42.6,10,6,7.1
9,326.8,49.7,8,7,7.1
10,63.9,72.6,9,6,7.1
11,101,79.7,10,7,7.1
12,116.8,72.6,8,6,7.1
14,191,72.6,10,6,7.1
15,206.8,79.7,8,7,7.1
16,243.9,72.6,9,6,7.1
17,281,79.7,10,7,7.1
18,296.8,72.6,8,6,7.1
19,333.9,79.7,9,7,7.1
20,71,102.6,10,6,7.1
21,86.8,109.7,8,7,7.1
22,123.9,102.6,9,6,7.1
23,161,109.7,10,7,7.1
24,176.8,102.6,8,6,7.1
26,251,102.6,10,6,7.1
27,266.8,109.7,8,7,7.1
28,303.9,102.6,9,6,7.1
29,341,109.7,10,7,7.1
30,56.8,132.6,8,6,7.1
31,93.9,139.7,9,7,7.1
32,131,132.6,10,6,7.1
33,146.8,139.7,8,7,7.1
34,183.9,132.6,9,6,7.1
35,221,139.7,10,7,7.1
36,236.8,132.6,8,6,7.1
37,273.9,139.7,9,7,7.1
38,311,132.6,10,6,7.1
39,326.8,139.7,8,7,7.1
40,63.9,162.6,9,6,7.1
41,101,169.7,10,7,7.1
42,116.8,162.6,8,6,7.1
43,153.9,169.7,9,7,7.1
44,191,162.6,10,6,7.1
45,206.8,169.7,8,7,7.1
47,281,169.7,10,7,7.1
48,296.8,162.6,8,6,7.1
49,333.9,169.7,9,7,7.1
50,71,192.6,10,6,7.1
51,86.8,199.7,8,7,7.1
52,123.9,192.6,9,6,7.1
53,161,199.7,10,7,7.1
54,176.8,192.6,8,6,7.1
55,213.9,199.7,9,7,7.1
56,251,192.6,10,6,7.1
57,266.8,199.7,8,7,7.1
58,303.9,192.6,9,6,7.1
59,341,199.7,10,7,7.1
60,56.8,222.6,8,6,7.1
61,93.9,229.7,9,7,7.1
62,131,222.6,10,6,7.1
63,146.8,229.7,8,7,7.1
64,183.9,222.6,9,6,7.1
65,221,229.7,10,7,7.1
66,236.8,222.6,8,6,7.1
67,273.9,229.7,9,7,7.1
68,311,222.6,10,6,7.1
69,326.8,229.7,8,7,7.1
70,63.9,252.6,9,6,7.1
71,101,259.7,10,7,7.1
72,116.8,252.6,8,6,7.1
73,153.9,259.7,9,7,7.1
74,191,252.6,10,6,7.1
75,206.8,259.7,8,7,7.1
76,243.9,252.6,9,6,7.1
77,281,259.7,10,7,7.1
78,296.8,252.6,8,6,7.1
79,333.9,259.7,9,7,7.1
80,71,282.6,10,6,7.1
81,86.8,289.7,8,7,7.1
82,123.9,282.6,9,6,7.1
83,161,289.7,10,7,7.1
84,176.8,282.6,8,6,7.1
85,213.9,289.7,9,7,7.1
86,251,282.6,10,6,7.1
87,266.8,289.7,8,7,7.1
88,303.9,282.6,9,6,7.1
89,341,289.7,10,7,7.1
90,56.8,312.6,8,6,7.1
91,93.9,319.7,9,7,7.1
92,131,312.6,10,6,7.1
93,146.8,319.7,8,7,7.1
94,183.9,312.6,9,6,7.1
95,221,319.7,10,7,7.1
96,236.8,312.6,8,6,7.1
98,311,312.6,10,6,7.1
99,326.8,319.7,8,7,7.1
100,63.9,342.6,9,6,7.1
102,116.8,342.6,8,6,7.1
103,153.9,349.7,9,7,7.1
104,191,342.6,10,6,7.1
105,206.8,349.7,8,7,7.1
106,243.9,342.6,9,6,7.1
107,281,349.7,10,7,7.1
108,296.8,342.6,8,6,7.1
109,333.9,349.7,9,7,7.1
110,71,372.6,10,6,7.1
111,86.8,379.7,8,7,7.1
112,123.9,372.6,9,6,7.1
113,161,379.7,10,7,7.1
114,176.8,372.6,8,6,7.1
115,213.9,379.7,9,7,7.1
116,251,372.6,10,6,7.1
117,266.8,379.7,8,7,7.1
118,303.9,372.6,9,6,7.1
119,341,379.7,10,7,7.1
120,56.8,402.6,8,6,7.1
121,93.9,409.7,9,7,7.1
122,131,402.6,10,6,7.1
123,146.8,409.7,8,7,7.1
124,183.9,402.6,9,6,7.1
125,221,409.7,10,7,7.1
126,236.8,402.6,8,6,7.1
127,273.9,409.7,9,7,7.1
128,311,402.6,10,6,7.1
129,326.8,409.7,8,7,7.1
131,101,439.7,10,7,7.1
13,154.8,80.4,9,7,7.2
46,244.8,163.2,9,6,7.2
97,274.8,320.4,9,7,7.2
101,102,350.4,10,7,7.2
130,64.8,433.2,9,6,7.2
1,94.8,50.4,9,7,7.2
3,147.6,50.4,8,7,7.2
5,222,50.4,10,7,7.2
7,274.8,50.4,9,7,7.2
8,312,43.2,10,6,7.2
9,327.6,50.4,8,7,7.2
10,64.8,73.2,9,6,7.2
11,102,80.4,10,7,7.2
12,117.6,73.2,8,6,7.2
14,192,73.2,10,6,7.2
15,207.6,80.4,8,7,7.2
16,244.8,73.2,9,6,7.2
17,282,80.4,10,7,7.2
18,297.6,73.2,8,6,7.2
19,334.8,80.4,9,7,7.2
20,72,103.2,10,6,7.2
21,87.6,110.4,8,7,7.2
22,124.8,103.2,9,6,7.2
23,162,110.4,10,7,7.2
24,177.6,103.2,8,6,7.2
26,252,103.2,10,6,7.2
27,267.6,110.4,8,7,7.2
28,304.8,103.2,9,6,7.2
29,342,110.4,10,7,7.2
30,57.6,133.2,8,6,7.2
31,94.8,140.4,9,7,7.2
32,132,133.2,10,6,7.2
33,147.6,140.4,8,7,7.2
34,184.8,133.2,9,6,7.2
35,222,140.4,10,7,7.2
36,237.6,133.2,8,6,7.2
37,274.8,140.4,9,7,7.2
38,312,133.2,10,6,7.2
39,327.6,140.4,8,7,7.2
40,64.8,163.2,9,6,7.2
41,102,170.4,10,7,7.2
42,117.6,163.2,8,6,7.2
43,154.8,170.4,9,7,7.2
44,192,163.2,10,6,7.2
45,207.6,170.4,8,7,7.2
47,282,170.4,10,7,7.2
48,297.6,163.2,8,6,7.2
49,334.8,170.4,9,7,7.2
50,72,193.2,10,6,7.2
51,87.6,200.4,8,7,7.2
52,124.8,193.2,9,6,7.2
53,162,200.4,10,7,7.2
54,177.6,193.2,8,6,7.2
55,214.8,200.4,9,7,7.2
56,252,193.2,10,6,7.2
57,267.6,200.4,8,7,7.2
58,304.8,193.2,9,6,7.2
59,342,200.4,10,7,7.2
60,57.6,223.2,8,6,7.2
61,94.8,230.4,9,7,7.2
62,132,223.2,10,6,7.2
63,147.6,230.4,8,7,7.2
64,184.8,223.2,9,6,7.2
65,222,230.4,10,7,7.2
66,237.6,223.2,8,6,7.2
67,274.8,230.4,9,7,7.2
68,312,223.2,10,6,7.2
69,327.6,230.4,8,7,7.2
70,64.8,253.2,9,6,7.2
71,102,260.4,10,7,7.2
72,117.6,253.2,8,6,7.2
73,154.8,260.4,9,7,7.2
74,192,253.2,10,6,7.2
75,207.6,260.4,8,7,7.2
76,244.8,253.2,9,6,7.2
77,282,260.4,10,7,7.2
78,297.6,253.2,8,6,7.2
79,334.8,260.4,9,7,7.2
80,72,283.2,10,6,7.2
81,87.6,290.4,8,7,7.2
82,124.8,283.2,9,6,7.2
83,162,290.4,10,7,7.2
84,177.6,283.2,8,6,7.2
85,214.8,290.4,9,7,7.2
86,252,283.2,10,6,7.2
87,267.6,290.4,8,7,7.2
88,304.8,283.2,9,6,7.2
89,342,290.4,10,7,7.2
90,57.6,313.2,8,6,7.2
91,94.8,320.4,9,7,7.2
92,132,313.2,10,6,7.2
93,147.6,320.4,8,7,7.2
94,184.8,313.2,9,6,7.2
95,222,320.4,10,7,7.2
96,237.6,313.2,8,6,7.2
98,312,313.2,10,6,7.2
99,327.6,320.4,8,7,7.2
100,64.8,343.2,9,6,7.2
102,117.6,343.2,8,6,7.2
103,154.8,350.4,9,7,7.2
104,192,343.2,10,6,7.2
105,207.6,350.4,8,7,7.2
106,244.8,343.2,9,6,7.2
107,282,350.4,10,7,7.2
108,297.6,343.2,8,6,7.2
109,334.8,350.4,9,7,7.2
110,72,373.2,10,6,7.2
111,87.6,380.4,8,7,7.2
112,124.8,373.2,9,6,7.2
113,162,380.4,10,7,7.2
114,177.6,373.2,8,6,7.2
115,214.8,380.4,9,7,7.2
116,252,373.2,10,6,7.2
117,267.6,380.4,8,7,7.2
118,304.8,373.2,9,6,7.2
119,342,380.4,10,7,7.2
120,57.6,403.2,8,6,7.2
121,94.8,410.4,9,7,7.2
122,132,403.2,10,6,7.2
123,147.6,410.4,8,7,7.2
124,184.8,403.2,9,6,7.2
125,222,410.4,10,7,7.2
126,237.6,403.2,8,6,7.2
127,274.8,410.4,9,7,7.2
128,312,403.2,10,6,7.2
129,327.6,410.4,8,7,7.2
131,102,440.4,10,7,7.2
13,155.7,81.1,9,7,7.3
46,245.7,163.8,9,6,7.3
97,275.7,321.1,9,7,7.3
101,103,351.1,10,7,7.3
130,65.7,433.8,9,6,7.3
1,95.7,51.1,9,7,7.3
3,148.4,51.1,8,7,7.3
5,223,51.1,10,7,7.3
7,275.7,51.1,9,7,7.3
8,313,43.8,10,6,7.3
9,328.4,51.1,8,7,7.3
10,65.7,73.8,9,6,7.3
11,103,81.1,10,7,7.3
12,118.4,73.8,8,6,7.3
14,193,73.8,10,6,7.3
15,208.4,81.1,8,7,7.3
16,245.7,73.8,9,6,7.3
17,283,81.1,10,7,7.3
18,298.4,73.8,8,6,7.3
19,335.7,81.1,9,7,7.3
20,73,103.8,10,6,7.3
21,88.4,111.1,8,7,7.3
22,125.7,103.8,9,6,7.3
23,163,111.1,10,7,7.3
24,178.4,103.8,8,6,7.3
26,253,103.8,10,6,7.3
27,268.4,111.1,8,7,7.3
28,305.7,103.8,9,6,7.3
29,343,111.1,10,7,7.3
30,58.4,133.8,8,6,7.3
31,95.7,141.1,9,7,7.3
32,133,133.8,10,6,7.3
33,148.4,141.1,8,7,7.3
34,185.7,133.8,9,6,7.3
35,223,141.1,10,7,7.3
36,238.4,133.8,8,6,7.3
37,275.7,141.1,9,7,7.3
38,313,133.8,10,6,7.3
39,328.4,141.1,8,7,7.3
40,65.7,163.8,9,6,7.3
41,103,171.1,10,7,7.3
42,118.4,163.8,8,6,7.3
43,155.7,171.1,9,7,7.3
44,193,163.8,10,6,7.3
45,208.4,171.1,8,7,7.3
47,283,171.1,10,7,7.3
48,298.4,163.8,8,6,7.3
49,335.7,171.1,9,7,7.3
50,73,193.8,10,6,7.3
51,88.4,201.1,8,7,7.3
52,125.7,193.8,9,6,7.3
53,163,201.1,10,7,7.3
54,178.4,193.8,8,6,7.3
55,215.7,201.1,9,7,7.3
56,253,193.8,10,6,7.3
57,268.4,201.1,8,7,7.3
58,305.7,193.8,9,6,7.3
59,343,201.1,10,7,7.3
60,58.4,223.8,8,6,7.3
61,95.7,231.1,9,7,7.3
62,133,223.8,10,6,7.3
63,148.4,231.1,8,7,7.3
64,185.7,223.8,9,6,7.3
65,223,231.1,10,7,7.3
66,238.4,223.8,8,6,7.3
67,275.7,231.1,9,7,7.3
68,313,223.8,10,6,7.3
69,328.4,231.1,8,7,7.3
70,65.7,253.8,9,6,7.3
71,103,261.1,10,7,7.3
72,118.4,253.8,8,6,7.3
73,155.7,261.1,9,7,7.3
74,193,253.8,10,6,7.3
75,208.4,261.1,8,7,7.3
76,245.7,253.8,9,6,7.3
77,283,261.1,10,7,7.3
78,298.4,253.8,8,6,7.3
79,335.7,261.1,9,7,7.3
80,73,283.8,10,6,7.3
81,88.4,291.1,8,7,7.3
82,125.7,283.8,9,6,7.3
83,163,291.1,10,7,7.3
84,178.4,283.8,8,6,7.3
85,215.7,291.1,9,7,7.3
86,253,283.8,10,6,7.3
87,268.4,291.1,8,7,7.3
88,305.7,283.8,9,6,7.3
89,343,291.1,10,7,7.3
90,58.4,313.8,8,6,7.3
91,95.7,321.1,9,7,7.3
92,133,313.8,10,6,7.3
93,148.4,321.1,8,7,7.3
94,185.7,313.8,9,6,7.3
95,223,321.1,10,7,7.3
96,238.4,313.8,8,6,7.3
98,313,313.8,10,6,7.3
99,328.4,321.1,8,7,7.3
100,65.7,343.8,9,6,7.3
102,118.4,343.8,8,6,7.3
103,155.7,351.1,9,7,7.3
104,193,343.8,10,6,7.3
105,208.4,351.1,8,7,7.3
106,245.7,343.8,9,6,7.3
107,283,351.1,10,7,7.3
108,298.4,343.8,8,6,7.3
109,335.7,351.1,9,7,7.3
110,73,373.8,10,6,7.3
111,88.4,381.1,8,7,7.3
112,125.7,373.8,9,6,7.3
113,163,381.1,10,7,7.3
114,178.4,373.8,8,6,7.3
115,215.7,381.1,9,7,7.3
116,253,373.8,10,6,7.3
117,268.4,381.1,8,7,7.3
118,305.7,373.8,9,6,7.3
119,343,381.1,10,7,7.3
120,58.4,403.8,8,6,7.3
121,95.7,411.1,9,7,7.3
122,133,403.8,10,6,7.3
123,148.4,411.1,8,7,7.3
124,185.7,403.8,9,6,7.3
125,223,411.1,10,7,7.3
126,238.4,403.8,8,6,7.3
127,275.7,411.1,9,7,7.3
128,313,403.8,10,6,7.3
129,328.4,411.1,8,7,7.3
131,103,441.1,10,7,7.3
13,156.6,81.8,9,7,7.4
46,246.6,164.4,9,6,7.4
97,276.6,321.8,9,7,7.4
101,104,351.8,10,7,7.4
130,66.6,434.4,9,6,7.4
1,96.6,51.8,9,7,7.4
3,149.2,51.8,8,7,7.4
5,224,51.8,10,7,7.4
7,276.6,51.8,9,7,7.4
8,314,44.4,10,6,7.4
9,329.2,51.8,8,7,7.4
10,66.6,74.4,9,6,7.4
11,104,81.8,10,7,7.4
12,119.2,74.4,8,6,7.4
14,194,74.4,10,6,7.4
15,209.2,81.8,8,7,7.4
16,246.6,74.4,9,6,7.4
17,284,81.8,10,7,7.4
18,299.2,74.4,8,6,7.4
19,336.6,81.8,9,7,7.4
20,74,104.4,10,6,7.4
21,89.2,111.8,8,7,7.4
22,126.6,104.4,9,6,7.4
23,164,111.8,10,7,7.4
24,179.2,104.4,8,6,7.4
26,254,104.4,10,6,7.4
27,269.2,111.8,8,7,7.4
28,306.6,104.4,9,6,7.4
29,344,111.8,10,7,7.4
30,59.2,134.4,8,6,7.4
31,96.6,141.8,9,7,7.4
32,134,134.4,10,6,7.4
33,149.2,141.8,8,7,7.4
34,186.6,134.4,9,6,7.4
35,224,141.8,10,7,7.4
36,239.2,134.4,8,6,7.4
37,276.6,141.8,9,7,7.4
38,314,134.4,10,6,7.4
39,329.2,141.8,8,7,7.4
40,66.6,164.4,9,6,7.4
41,104,171.8,10,7,7.4
42,119.2,164.4,8,6,7.4
43,156.6,171.8,9,7,7.4
44,194,164.4,10,6,7.4
45,209.2,171.8,8,7,7.4
47,284,171.8,10,7,7.4
48,299.2,164.4,8,6,7.4
49,336.6,171.8,9,7,7.4
50,74,194.4,10,6,7.4
51,89.2,201.8,8,7,7.4
52,126.6,194.4,9,6,7.4
53,164,201.8,10,7,7.4
54,179.2,194.4,8,6,7.4
55,216.6,201.8,9,7,7.4
56,254,194.4,10,6,7.4
57,269.2,201.8,8,7,7.4
58,306.6,194.4,9,6,7.4
59,344,201.8,10,7,7.4
60,59.2,224.4,8,6,7.4
61,96.6,231.8,9,7,7.4
62,134,224.4,10,6,7.4
63,149.2,231.8,8,7,7.4
64,186.6,224.4,9,6,7.4
65,224,231.8,10,7,7.4
66,239.2,224.4,8,6,7.4
67,276.6,231.8,9,7,7.4
68,314,224.4,10,6,7.4
69,329.2,231.8,8,7,7.4
70,66.6,254.4,9,6,7.4
71,104,261.8,10,7,7.4
72,119.2,254.4,8,6,7.4
73,156.6,261.8,9,7,7.4
74,194,254.4,10,6,7.4
75,209.2,261.8,8,7,7.4
76,246.6,254.4,9,6,7.4
77,284,261.8,10,7,7.4
78,299.2,254.4,8,6,7.4
79,336.6,261.8,9,7,7.4
80,74,284.4,10,6,7.4
81,89.2,291.8,8,7,7.4
82,126.6,284.4,9,6,7.4
83,164,291.8,10,7,7.4
84,179.2,284.4,8,6,7.4
85,216.6,291.8,9,7,7.4
86,254,284.4,10,6,7.4
87,269.2,291.8,8,7,7.4
88,306.6,284.4,9,6,7.4
89,344,291.8,10,7,7.4
90,59.2,314.4,8,6,7.4
91,96.6,321.8,9,7,7.4
92,134,314.4,10,6,7.4
93,149.2,321.8,8,7,7.4
94,186.6,314.4,9,6,7.4
95,224,321.8,10,7,7.4
96,239.2,314.4,8,6,7.4
98,314,314.4,10,6,7.4
99,329.2,321.8,8,7,7.4
100,66.6,344.4,9,6,7.4
102,119.2,344.4,8,6,7.4
103,156.6,351.8,9,7,7.4
104,194,344.4,10,6,7.4
105,209.2,351.8,8,7,7.4
106,246.6,344.4,9,6,7.4
107,284,351.8,10,7,7.4
108,299.2,344.4,8,6,7.4
109,336.6,351.8,9,7,7.4
110,74,374.4,10,6,7.4
111,89.2,381.8,8,7,7.4
112,126.6,374.4,9,6,7.4
113,164,381.8,10,7,7.4
114,179.2,374.4,8,6,7.4
115,216.6,381.8,9,7,7.4
116,254,374.4,10,6,7.4
117,269.2,381.8,8,7,7.4
118,306.6,374.4,9,6,7.4
119,344,381.8,10,7,7.4
120,59.2,404.4,8,6,7.4
121,96.6,411.8,9,7,7.4
122,134,404.4,10,6,7.4
123,149.2,411.8,8,7,7.4
124,186.6,404.4,9,6,7.4
125,224,411.8,10,7,7.4
126,239.2,404.4,8,6,7.4
127,276.6,411.8,9,7,7.4
128,314,404.4,10,6,7.4
129,329.2,411.8,8,7,7.4
131,104,441.8,10,7,7.4
13,157.5,82.5,9,7,7.5
46,247.5,165,9,6,7.5
97,277.5,322.5,9,7,7.5
101,105,352.5,10,7,7.5
130,67.5,435,9,6,7.5
1,97.5,52.5,9,7,7.5
3,150,52.5,8,7,7.5
5,225,52.5,10,7,7.5
7,277.5,52.5,9,7,7.5
8,315,45,10,6,7.5
9,330,52.5,8,7,7.5
10,67.5,75,9,6,7.5
11,105,82.5,10,7,7.5
12,120,75,8,6,7.5
14,195,75,10,6,7.5
15,210,82.5,8,7,7.5
16,247.5,75,9,6,7.5
17,285,82.5,10,7,7.5
18,300,75,8,6,7.5
19,337.5,82.5,9,7,7.5
20,75,105,10,6,7.5
21,90,112.5,8,7,7.5
22,127.5,105,9,6,7.5
23,165,112.5,10,7,7.5
24,180,105,8,6,7.5
26,255,105,10,6,7.5
27,270,112.5,8,7,7.5
28,307.5,105,9,6,7.5
29,345,112.5,10,7,7.5
30,60,135,8,6,7.5
31,97.5,142.5,9,7,7.5
32,135,135,10,6,7.5
33,150,142.5,8,7,7.5
34,187.5,135,9,6,7.5
35,225,142.5,10,7,7.5
36,240,135,8,6,7.5
37,277.5,142.5,9,7,7.5
38,315,135,10,6,7.5
39,330,142.5,8,7,7.5
40,67.5,165,9,6,7.5
41,105,172.5,10,7,7.5
42,120,165,8,6,7.5
43,157.5,172.5,9,7,7.5
44,195,165,10,6,7.5
45,210,172.5,8,7,7.5
47,285,172.5,10,7,7.5
48,300,165,8,6,7.5
49,337.5,172.5,9,7,7.5
50,75,195,10,6,7.5
51,90,202.5,8,7,7.5
52,127.5,195,9,6,7.5
53,165,202.5,10,7,7.5
54,180,195,8,6,7.5
55,217.5,202.5,9,7,7.5
56,255,195,10,6,7.5
57,270,202.5,8,7,7.5
58,307.5,195,9,6,7.5
59,345,202.5,10,7,7.5
60,60,225,8,6,7.5
61,97.5,232.5,9,7,7.5
62,135,225,10,6,7.5
63,150,232.5,8,7,7.5
64,187.5,225,9,6,7.5
65,225,232.5,10,7,7.5
66,240,225,8,6,7.5
67,277.5,232.5,9,7,7.5
68,315,225,10,6,7.5
69,330,232.5,8,7,7.5
70,67.5,255,9,6,7.5
71,105,262.5,10,7,7.5
72,120,255,8,6,7.5
73,157.5,262.5,9,7,7.5
74,195,255,10,6,7.5
75,210,262.5,8,7,7.5
76,247.5,255,9,6,7.5
77,285,262.5,10,7,7.5
78,300,255,8,6,7.5
79,337.5,262.5,9,7,7.5
80,75,285,10,6,7.5
81,90,292.5,8,7,7.5
82,127.5,285,9,6,7.5
83,165,292.5,10,7,7.5
84,180,285,8,6,7.5
85,217.5,292.5,9,7,7.5
86,255,285,10,6,7.5
87,270,292.5,8,7,7.5
88,307.5,285,9,6,7.5
89,345,292.5,10,7,7.5
90,60,315,8,6,7.5
91,97.5,322.5,9,7,7.5
92,135,315,10,6,7.5
93,150,322.5,8,7,7.5
94,187.5,315,9,6,7.5
95,225,322.5,10,7,7.5
96,240,315,8,6,7.5
98,315,315,10,6,7.5
99,330,322.5,8,7,7.5
100,67.5,345,9,6,7.5
102,120,345,8,6,7.5
103,157.5,352.5,9,7,7.5
104,195,345,10,6,7.5
105,210,352.5,8,7,7.5
106,247.5,345,9,6,7.5
107,285,352.5,10,7,7.5
108,300,345,8,6,7.5
109,337.5,352.5,9,7,7.5
110,75,375,10,6,7.5
111,90,382.5,8,7,7.5
112,127.5,375,9,6,7.5
113,165,382.5,10,7,7.5
114,180,375,8,6,7.5
115,217.5,382.5,9,7,7.5
116,255,375,10,6,7.5
117,270,382.5,8,7,7.5
118,307.5,375,9,6,7.5
119,345,382.5,10,7,7.5
120,60,405,8,6,7.5
121,97.5,412.5,9,7,7.5
122,135,405,10,6,7.5
123,150,412.5,8,7,7.5
124,187.5,405,9,6,7.5
125,225,412.5,10,7,7.5
126,240,405,8,6,7.5
127,277.5,412.5,9,7,7.5
128,315,405,10,6,7.5
129,330,412.5,8,7,7.5
131,105,442.5,10,7,7.5
13,158.4,83.2,9,7,7.6
46,248.4,165.6,9,6,7.6
97,278.4,323.2,9,7,7.6
101,106,353.2,10,7,7.6
130,68.4,435.6,9,6,7.6
1,98.4,53.2,9,7,7.6
3,150.8,53.2,8,7,7.6
5,226,53.2,10,7,7.6
7,278.4,53.2,9,7,7.6
8,316,45.6,10,6,7.6
9,330.8,53.2,8,7,7.6
10,68.4,75.6,9,6,7.6
11,106,83.2,10,7,7.6
12,120.8,75.6,8,6,7.6
14,196,75.6,10,6,7.6
15,210.8,83.2,8,7,7.6
16,248.4,75.6,9,6,7.6
17,286,83.2,10,7,7.6
18,300.8,75.6,8,6,7.6
19,338.4,83.2,9,7,7.6
20,76,105.6,10,6,7.6
21,90.8,113.2,8,7,7.6
22,128.4,105.6,9,6,7.6
23,166,113.2,10,7,7.6
24,180.8,105.6,8,6,7.6
26,256,105.6,10,6,7.6
27,270.8,113.2,8,7,7.6
28,308.4,105.6,9,6,7.6
29,346,113.2,10,7,7.6
30,60.8,135.6,8,6,7.6
31,98.4,143.2,9,7,7.6
32,136,135.6,10,6,7.6
33,150.8,143.2,8,7,7.6
34,188.4,135.6,9,6,7.6
35,226,143.2,10,7,7.6
36,240.8,135.6,8,6,7.6
37,278.4,143.2,9,7,7.6
38,316,135.6,10,6,7.6
39,330.8,143.2,8,7,7.6
40,68.4,165.6,9,6,7.6
41,106,173.2,10,7,7.6
42,120.8,165.6,8,6,7.6
43,158.4,173.2,9,7,7.6
44,196,165.6,10,6,7.6
45,210.8,173.2,8,7,7.6
47,286,173.2,10,7,7.6
48,300.8,165.6,8,6,7.6
49,338.4,173.2,9,7,7.6
50,76,195.6,10,6,7.6
51,90.8,203.2,8,7,7.6
52,128.4,195.6,9,6,7.6
53,166,203.2,10,7,7.6
54,180.8,195.6,8,6,7.6
55,218.4,203.2,9,7,7.6
56,256,195.6,10,6,7.6
57,270.8,203.2,8,7,7.6
58,308.4,195.6,9,6,7.6
59,346,203.2,10,7,7.6
60,60.8,225.6,8,6,7.6
61,98.4,233.2,9,7,7.6
62,136,225.6,10,6,7.6
63,150.8,233.2,8,7,7.6
64,188.4,225.6,9,6,7.6
65,226,233.2,10,7,7.6
66,240.8,225.6,8,6,7.6
67,278.4,233.2,9,7,7.6
68,316,225.6,10,6,7.6
69,330.8,233.2,8,7,7.6
70,68.4,255.6,9,6,7.6
71,106,263.2,10,7,7.6
72,120.8,255.6,8,6,7.6
73,158.4,263.2,9,7,7.6
74,196,255.6,10,6,7.6
75,210.8,263.2,8,7,7.6
76,248.4,255.6,9,6,7.6
77,286,263.2,10,7,7.6
78,300.8,255.6,8,6,7.6
79,338.4,263.2,9,7,7.6
80,76,285.6,10,6,7.6
81,90.8,293.2,8,7,7.6
82,128.4,285.6,9,6,7.6
83,166,293.2,10,7,7.6
84,180.8,285.6,8,6,7.6
85,218.4,293.2,9,7,7.6
86,256,285.6,10,6,7.6
87,270.8,293.2,8,7,7.6
88,308.4,285.6,9,6,7.6
89,346,293.2,10,7,7.6
90,60.8,315.6,8,6,7.6
91,98.4,323.2,9,7,7.6
92,136,315.6,10,6,7.6
93,150.8,323.2,8,7,7.6
94,188.4,315.6,9,6,7.6
95,226,323.2,10,7,7.6
96,240.8,315.6,8,6,7.6
98,316,315.6,10,6,7.6
99,330.8,323.2,8,7,7.6
100,68.4,345.6,9,6,7.6
102,120.8,345.6,8,6,7.6
103,158.4,353.2,9,7,7.6
104,196,345.6,10,6,7.6
105,210.8,353.2,8,7,7.6
106,248.4,345.6,9,6,7.6
107,286,353.2,10,7,7.6
108,300.8,345.6,8,6,7.6
109,338.4,353.2,9,7,7.6
110,76,375.6,10,6,7.6
111,90.8,383.2,8,7,7.6
112,128.4,375.6,9,6,7.6
113,166,383.2,10,7,7.6
114,180.8,375.6,8,6,7.6
115,218.4,383.2,9,7,7.6
116,256,375.6,10,6,7.6
117,270.8,383.2,8,7,7.6
118,308.4,375.6,9,6,7.6
119,346,383.2,10,7,7.6
120,60.8,405.6,8,6,7.6
121,98.4,413.2,9,7,7.6
122,136,405.6,10,6,7.6
123,150.8,413.2,8,7,7.6
124,188.4,405.6,9,6,7.6
125,226,413.2,10,7,7.6
126,240.8,405.6,8,6,7.6
127,278.4,413.2,9,7,7.6
128,316,405.6,10,6,7.6
129,330.8,413.2,8,7,7.6
131,106,443.2,10,7,7.6
13,159.3,83.9,9,7,7.7
46,249.3,166.2,9,6,7.7
97,279.3,323.9,9,7,7.7
101,107,353.9,10,7,7.7
130,69.3,436.2,9,6,7.7
1,99.3,53.9,9,7,7.7
3,151.6,53.9,8,7,7.7
5,227,53.9,10,7,7.7
7,279.3,53.9,9,7,7.7
8,317,46.2,10,6,7.7
9,331.6,53.9,8,7,7.7
10,69.3,76.2,9,6,7.7
11,107,83.9,10,7,7.7
12,121.6,76.2,8,6,7.7
14,197,76.2,10,6,7.7
15,211.6,83.9,8,7,7.7
16,249.3,76.2,9,6,7.7
17,287,83.9,10,7,7.7
18,301.6,76.2,8,6,7.7
19,339.3,83.9,9,7,7.7
20,77,106.2,10,6,7.7
21,91.6,113.9,8,7,7.7
22,129.3,106.2,9,6,7.7
23,167,113.9,10,7,7.7
24,181.6,106.2,8,6,7.7
26,257,106.2,10,6,7.7
27,271.6,113.9,8,7,7.7
28,309.3,106.2,9,6,7.7
29,347,113.9,10,7,7.7
30,61.6,136.2,8,6,7.7
31,99.3,143.9,9,7,7.7
32,137,136.2,10,6,7.7
33,151.6,143.9,8,7,7.7
34,189.3,136.2,9,6,7.7
35,227,143.9,10,7,7.7
36,241.6,136.2,8,6,7.7
37,279.3,143.9,9,7,7.7
38,317,136.2,10,6,7.7
39,331.6,143.9,8,7,7.7
40,69.3,166.2,9,6,7.7
41,107,173.9,10,7,7.7
42,121.6,166.2,8,6,7.7
43,159.3,173.9,9,7,7.7
44,197,166.2,10,6,7.7
45,211.6,173.9,8,7,7.7
47,287,173.9,10,7,7.7
48,301.6,166.2,8,6,7.7
49,339.3,173.9,9,7,7.7
50,77,196.2,10,6,7.7
51,91.6,203.9,8,7,7.7
52,129.3,196.2,9,6,7.7
53,167,203.9,10,7,7.7
54,181.6,196.2,8,6,7.7
55,219.3,203.9,9,7,7.7
56,257,196.2,10,6,7.7
57,271.6,203.9,8,7,7.7
58,309.3,196.2,9,6,7.7
59,347,203.9,10,7,7.7
60,61.6,226.2,8,6,7.7
61,99.3,233.9,9,7,7.7
62,137,226.2,10,6,7.7
63,151.6,233.9,8,7,7.7
64,189.3,226.2,9,6,7.7
65,227,233.9,10,7,7.7
66,241.6,226.2,8,6,7.7
67,279.3,233.9,9,7,7.7
68,317,226.2,10,6,7.7
69,331.6,233.9,8,7,7.7
70,69.3,256.2,9,6,7.7
71,107,263.9,10,7,7.7
72,121.6,256.2,8,6,7.7
73,159.3,263.9,9,7,7.7
74,197,256.2,10,6,7.7
75,211.6,263.9,8,7,7.7
76,249.3,256.2,9,6,7.7
77,287,263.9,10,7,7.7
78,301.6,256.2,8,6,7.7
79,339.3,263.9,9,7,7.7
80,77,286.2,10,6,7.7
81,91.6,293.9,8,7,7.7
82,129.3,286.2,9,6,7.7
83,167,293.9,10,7,7.7
84,181.6,286.2,8,6,7.7
85,219.3,293.9,9,7,7.7
86,257,286.2,10,6,7.7
87,271.6,293.9,8,7,7.7
88,309.3,286.2,9,6,7.7
89,347,293.9,10,7,7.7
90,61.6,316.2,8,6,7.7
91,99.3,323.9,9,7,7.7
92,137,316.2,10,6,7.7
93,151.6,323.9,8,7,7.7
94,189.3,316.2,9,6,7.7
95,227,323.9,10,7,7.7
96,241.6,316.2,8,6,7.7
98,317,316.2,10,6,7.7
99,331.6,323.9,8,7,7.7
100,69.3,346.2,9,6,7.7
102,121.6,346.2,8,6,7.7
103,159.3,353.9,9,7,7.7
104,197,346.2,10,6,7.7
105,211.6,353.9,8,7,7.7
106,249.3,346.2,9,6,7.7
107,287,353.9,10,7,7.7
108,301.6,346.2,8,6,7.7
109,339.3,353.9,9,7,7.7
110,77,376.2,10,6,7.7
111,91.6,383.9,8,7,7.7
112,129.3,376.2,9,6,7.7
113,167,383.9,10,7,7.7
114,181.6,376.2,8,6,7.7
115,219.3,383.9,9,7,7.7
116,257,376.2,10,6,7.7
117,271.6,383.9,8,7,7.7
118,309.3,376.2,9,6,7.7
119,347,383.9,10,7,7.7
120,61.6,406.2,8,6,7.7
121,99.3,413.9,9,7,7.7
122,137,406.2,10,6,7.7
123,151.6,413.9,8,7,7.7
124,189.3,406.2,9,6,7.7
125,227,413.9,10,7,7.7
126,241.6,406.2,8,6,7.7
127,279.3,413.9,9,7,7.7
128,317,406.2,10,6,7.7
129,331.6,413.9,8,7,7.7
131,107,443.9,10,7,7.7
13,160.2,84.6,9,7,7.8
46,250.2,166.8,9,6,7.8
97,280.2,324.6,9,7,7.8
101,108,354.6,10,7,7.8
130,70.2,436.8,9,6,7.8
1,100.2,54.6,9,7,7.8
3,152.4,54.6,8,7,7.8
5,228,54.6,10,7,7.8
7,280.2,54.6,9,7,7.8
8,318,46.8,10,6,7.8
9,332.4,54.6,8,7,7.8
10,70.2,76.8,9,6,7.8
11,108,84.6,10,7,7.8
12,122.4,76.8,8,6,7.8
14,198,76.8,10,6,7.8
15,212.4,84.6,8,7,7.8
16,250.2,76.8,9,6,7.8
17,288,84.6,10,7,7.8
18,302.4,76.8,8,6,7.8
19,340.2,84.6,9,7,7.8
20,78,106.8,10,6,7.8
21,92.4,114.6,8,7,7.8
22,130.2,106.8,9,6,7.8
23,168,114.6,10,7,7.8
24,182.4,106.8,8,6,7.8
26,258,106.8,10,6,7.8
27,272.4,114.6,8,7,7.8
28,310.2,106.8,9,6,7.8
29,348,114.6,10,7,7.8
30,62.4,136.8,8,6,7.8
31,100.2,144.6,9,7,7.8
32,138,136.8,10,6,7.8
33,152.4,144.6,8,7,7.8
34,190.2,136.8,9,6,7.8
35,228,144.6,10,7,7.8
36,242.4,136.8,8,6,7.8
37,280.2,144.6,9,7,7.8
38,318,136.8,10,6,7.8
39,332.4,144.6,8,7,7.8
40,70.2,166.8,9,6,7.8
41,108,174.6,10,7,7.8
42,122.4,166.8,8,6,7.8
43,160.2,174.6,9,7,7.8
44,198,166.8,10,6,7.8
45,212.4,174.6,8,7,7.8
47,288,174.6,10,7,7.8
48,302.4,166.8,8,6,7.8
49,340.2,174.6,9,7,7.8
50,78,196.8,10,6,7.8
51,92.4,204.6,8,7,7.8
52,130.2,196.8,9,6,7.8
53,168,204.6,10,7,7.8
54,182.4,196.8,8,6,7.8
55,220.2,204.6,9,7,7.8
56,258,196.8,10,6,7.8
57,272.4,204.6,8,7,7.8
58,310.2,196.8,9,6,7.8
59,348,204.6,10,7,7.8
60,62.4,226.8,8,6,7.8
61,100.2,234.6,9,7,7.8
62,138,226.8,10,6,7.8
63,152.4,234.6,8,7,7.8
64,190.2,226.8,9,6,7.8
65,228,234.6,10,7,7.8
66,242.4,226.8,8,6,7.8
67,280.2,234.6,9,7,7.8
68,318,226.8,10,6,7.8
69,332.4,234.6,8,7,7.8
70,70.2,256.8,9,6,7.8
71,108,264.6,10,7,7.8
72,122.4,256.8,8,6,7.8
73,160.2,264.6,9,7,7.8
74,198,256.8,10,6,7.8
75,212.4,264.6,8,7,7.8
76,250.2,256.8,9,6,7.8
77,288,264.6,10,7,7.8
78,302.4,256.8,8,6,7.8
79,340.2,264.6,9,7,7.8
80,78,286.8,10,6,7.8
81,92.4,294.6,8,7,7.8
82,130.2,286.8,9,6,7.8
83,168,294.6,10,7,7.8
84,182.4,286.8,8,6,7.8
85,220.2,294.6,9,7,7.8
86,258,286.8,10,6,7.8
87,272.4,294.6,8,7,7.8
88,310.2,286.8,9,6,7.8
89,348,294.6,10,7,7.8
90,62.4,316.8,8,6,7.8
91,100.2,324.6,9,7,7.8
92,138,316.8,10,6,7.8
93,152.4,324.6,8,7,7.8
94,190.2,316.8,9,6,7.8
95,228,324.6,10,7,7.8
96,242.4,316.8,8,6,7.8
98,318,316.8,10,6,7.8
99,332.4,324.6,8,7,7.8
100,70.2,346.8,9,6,7.8
102,122.4,346.8,8,6,7.8
103,160.2,354.6,9,7,7.8
104,198,346.8,10,6,7.8
105,212.4,354.6,8,7,7.8
106,250.2,346.8,9,6,7.8
107,288,354.6,10,7,7.8
108,302.4,346.8,8,6,7.8
109,340.2,354.6,9,7,7.8
110,78,376.8,10,6,7.8
111,92.4,384.6,8,7,7.8
112,130.2,376.8,9,6,7.8
113,168,384.6,10,7,7.8
114,182.4,376.8,8,6,7.8
115,220.2,384.6,9,7,7.8
116,258,376.8,10,6,7.8
117,272.4,384.6,8,7,7.8
118,310.2,376.8,9,6,7.8
119,348,384.6,10,7,7.8
120,62.4,406.8,8,6,7.8
121,100.2,414.6,9,7,7.8
122,138,406.8,10,6,7.8
123,152.4,414.6,8,7,7.8
124,190.2,406.8,9,6,7.8
125,228,414.6,10,7,7.8
126,242.4,406.8,8,6,7.8
127,280.2,414.6,9,7,7.8
128,318,406.8,10,6,7.8
129,332.4,414.6,8,7,7.8
131,108,444.6,10,7,7.8
13,161.1,85.3,9,7,7.9
46,251.1,167.4,9,6,7.9
97,281.1,325.3,9,7,7.9
101,109,355.3,10,7,7.9
130,71.1,437.4,9,6,7.9
1,101.1,55.3,9,7,7.9
3,153.2,55.3,8,7,7.9
5,229,55.3,10,7,7.9
7,281.1,55.3,9,7,7.9
8,319,47.4,10,6,7.9
9,333.2,55.3,8,7,7.9
10,71.1,77.4,9,6,7.9
11,109,85.3,10,7,7.9
12,123.2,77.4,8,6,7.9
14,199,77.4,10,6,7.9
15,213.2,85.3,8,7,7.9
16,251.1,77.4,9,6,7.9
17,289,85.3,10,7,7.9
18,303.2,77.4,8,6,7.9
19,341.1,85.3,9,7,7.9
20,79,107.4,10,6,7.9
21,93.2,115.3,8,7,7.9
22,131.1,107.4,9,6,7.9
23,169,115.3,10,7,7.9
24,183.2,107.4,8,6,7.9
26,259,107.4,10,6,7.9
27,273.2,115.3,8,7,7.9
28,311.1,107.4,9,6,7.9
29,349,115.3,10,7,7.9
30,63.2,137.4,8,6,7.9
31,101.1,145.3,9,7,7.9
32,139,137.4,10,6,7.9
33,153.2,145.3,8,7,7.9
34,191.1,137.4,9,6,7.9
35,229,145.3,10,7,7.9
36,243.2,137.4,8,6,7.9
37,281.1,145.3,9,7,7.9
38,319,137.4,10,6,7.9
39,333.2,145.3,8,7,7.9
40,71.1,167.4,9,6,7.9
41,109,175.3,10,7,7.9
42,123.2,167.4,8,6,7.9
43,161.1,175.3,9,7,7.9
44,199,167.4,10,6,7.9
45,213.2,175.3,8,7,7.9
47,289,175.3,10,7,7.9
48,303.2,167.4,8,6,7.9
49,341.1,175.3,9,7,7.9
50,79,197.4,10,6,7.9
51,93.2,205.3,8,7,7.9
52,131.1,197.4,9,6,7.9
53,169,205.3,10,7,7.9
54,183.2,197.4,8,6,7.9
55,221.1,205.3,9,7,7.9
56,259,197.4,10,6,7.9
57,273.2,205.3,8,7,7.9
58,311.1,197.4,9,6,7.9
59,349,205.3,10,7,7.9
60,63.2,227.4,8,6,7.9
61,101.1,235.3,9,7,7.9
62,139,227.4,10,6,7.9
63,153.2,235.3,8,7,7.9
64,191.1,227.4,9,6,7.9
65,229,235.3,10,7,7.9
66,243.2,227.4,8,6,7.9
67,281.1,235.3,9,7,7.9
68,319,227.4,10,6,7.9
69,333.2,235.3,8,7,7.9
70,71.1,257.4,9,6,7.9
71,109,265.3,10,7,7.9
72,123.2,257.4,8,6,7.9
73,161.1,265.3,9,7,7.9
74,199,257.4,10,6,7.9
75,213.2,265.3,8,7,7.9
76,251.1,257.4,9,6,7.9
77,289,265.3,10,7,7.9
78,303.2,257.4,8,6,7.9
79,341.1,265.3,9,7,7.9
80,79,287.4,10,6,7.9
81,93.2,295.3,8,7,7.9
82,131.1,287.4,9,6,7.9
83,169,295.3,10,7,7.9
84,183.2,287.4,8,6,7.9
85,221.1,295.3,9,7,7.9
86,259,287.4,10,6,7.9
87,273.2,295.3,8,7,7.9
88,311.1,287.4,9,6,7.9
89,349,295.3,10,7,7.9
90,63.2,317.4,8,6,7.9
91,101.1,325.3,9,7,7.9
92,139,317.4,10,6,7.9
93,153.2,325.3,8,7,7.9
94,191.1,317.4,9,6,7.9
95,229,325.3,10,7,7.9
96,243.2,317.4,8,6,7.9
98,319,317.4,10,6,7.9
99,333.2,325.3,8,7,7.9
100,71.1,347.4,9,6,7.9
102,123.2,347.4,8,6,7.9
103,161.1,355.3,9,7,7.9
104,199,347.4,10,6,7.9
105,213.2,355.3,8,7,7.9
106,251.1,347.4,9,6,7.9
107,289,355.3,10,7,7.9
108,303.2,347.4,8,6,7.9
109,341.1,355.3,9,7,7.9
110,79,377.4,10,6,7.9
111,93.2,385.3,8,7,7.9
112,131.1,377.4,9,6,7.9
113,169,385.3,10,7,7.9
114,183.2,377.4,8,6,7.9
115,221.1,385.3,9,7,7.9
116,259,377.4,10,6,7.9
117,273.2,385.3,8,7,7.9
118,311.1,377.4,9,6,7.9
119,349,385.3,10,7,7.9
120,63.2,407.4,8,6,7.9
121,101.1,415.3,9,7,7.9
122,139,407.4,10,6,7.9
123,153.2,415.3,8,7,7.9
124,191.1,407.4,9,6,7.9
125,229,415.3,10,7,7.9
126,243.2,407.4,8,6,7.9
127,281.1,415.3,9,7,7.9
128,319,407.4,10,6,7.9
129,333.2,415.3,8,7,7.9
131,109,445.3,10,7,7.9
13,162,86,9,7,8
46,252,168,9,6,8
97,282,326,9,7,8
101,110,356,10,7,8
130,72,438,9,6,8
1,102,56,9,7,8
3,154,56,8,7,8
5,230,56,10,7,8
7,282,56,9,7,8
8,320,48,10,6,8
9,334,56,8,7,8
10,72,78,9,6,8
11,110,86,10,7,8
12,124,78,8,6,8
14,200,78,10,6,8
15,214,86,8,7,8
16,252,78,9,6,8
17,290,86,10,7,8
18,304,78,8,6,8
19,342,86,9,7,8
20,80,108,10,6,8
21,94,116,8,7,8
22,132,108,9,6,8
23,170,116,10,7,8
24,184,108,8,6,8
26,260,108,10,6,8
27,274,116,8,7,8
28,312,108,9,6,8
29,350,116,10,7,8
30,64,138,8,6,8
31,102,146,9,7,8
32,140,138,10,6,8
33,154,146,8,7,8
34,192,138,9,6,8
35,230,146,10,7,8
36,244,138,8,6,8
37,282,146,9,7,8
38,320,138,10,6,8
39,334,146,8,7,8
40,72,168,9,6,8
41,110,176,10,7,8
42,124,168,8,6,8
43,162,176,9,7,8
44,200,168,10,6,8
45,214,176,8,7,8
47,290,176,10,7,8
48,304,168,8,6,8
49,342,176,9,7,8
50,80,198,10,6,8
51,94,206,8,7,8
52,132,198,9,6,8
53,170,206,10,7,8
54,184,198,8,6,8
55,222,206,9,7,8
56,260,198,10,6,8
57,274,206,8,7,8
58,312,198,9,6,8
59,350,206,10,7,8
60,64,228,8,6,8
61,102,236,9,7,8
62,140,228,10,6,8
63,154,236,8,7,8
64,192,228,9,6,8
65,230,236,10,7,8
66,244,228,8,6,8
67,282,236,9,7,8
68,320,228,10,6,8
69,334,236,8,7,8
70,72,258,9,6,8
71,110,266,10,7,8
72,124,258,8,6,8
73,162,266,9,7,8
74,200,258,10,6,8
75,214,266,8,7,8
76,252,258,9,6,8
77,290,266,10,7,8
78,304,258,8,6,8
79,342,266,9,7,8
80,80,288,10,6,8
81,94,296,8,7,8
82,132,288,9,6,8
83,170,296,10,7,8
84,184,288,8,6,8
85,222,296,9,7,8
86,260,288,10,6,8
87,274,296,8,7,8
88,312,288,9,6,8
89,350,296,10,7,8
90,64,318,8,6,8
91,102,326,9,7,8
92,140,318,10,6,8
93,154,326,8,7,8
94,192,318,9,6,8
95,230,326,10,7,8
96,244,318,8,6,8
98,320,318,10,6,8
99,334,326,8,7,8
100,72,348,9,6,8
102,124,348,8,6,8
103,162,356,9,7,8
104,200,348,10,6,8
105,214,356,8,7,8
106,252,348,9,6,8
107,290,356,10,7,8
108,304,348,8,6,8
109,342,356,9,7,8
110,80,378,10,6,8
111,94,386,8,7,8
112,132,378,9,6,8
113,170,386,10,7,8
114,184,378,8,6,8
115,222,386,9,7,8
116,260,378,10,6,8
117,274,386,8,7,8
118,312,378,9,6,8
119,350,386,10,7,8
120,64,408,8,6,8
121,102,416,9,7,8
122,140,408,10,6,8
123,154,416,8,7,8
124,192,408,9,6,8
125,230,416,10,7,8
126,244,408,8,6,8
127,282,416,9,7,8
128,320,408,10,6,8
129,334,416,8,7,8
131,110,446,10,7,8
13,162.9,86.7,9,7,8.1
46,252.9,168.6,9,6,8.1
97,282.9,326.7,9,7,8.1
101,111,356.7,10,7,8.1
130,72.9,438.6,9,6,8.1
1,102.9,56.7,9,7,8.1
3,154.8,56.7,8,7,8.1
5,231,56.7,10,7,8.1
7,282.9,56.7,9,7,8.1
8,321,48.6,10,6,8.1
9,334.8,56.7,8,7,8.1
10,72.9,78.6,9,6,8.1
11,111,86.7,10,7,8.1
12,124.8,78.6,8,6,8.1
14,201,78.6,10,6,8.1
15,214.8,86.7,8,7,8.1
16,252.9,78.6,9,6,8.1
17,291,86.7,10,7,8.1
18,304.8,78.6,8,6,8.1
19,342.9,86.7,9,7,8.1
20,81,108.6,10,6,8.1
21,94.8,116.7,8,7,8.1
22,132.9,108.6,9,6,8.1
23,171,116.7,10,7,8.1
24,184.8,108.6,8,6,8.1
26,261,108.6,10,6,8.1
27,274.8,116.7,8,7,8.1
28,312.9,108.6,9,6,8.1
29,351,116.7,10,7,8.1
30,64.8,138.6,8,6,8.1
31,102.9,146.7,9,7,8.1
32,141,138.6,10,6,8.1
33,154.8,146.7,8,7,8.1
34,192.9,138.6,9,6,8.1
35,231,146.7,10,7,8.1
36,244.8,138.6,8,6,8.1
37,282.9,146.7,9,7,8.1
38,321,138.6,10,6,8.1
39,334.8,146.7,8,7,8.1
40,72.9,168.6,9,6,8.1
41,111,176.7,10,7,8.1
42,124.8,168.6,8,6,8.1
43,162.9,176.7,9,7,8.1
44,201,168.6,10,6,8.1
45,214.8,176.7,8,7,8.1
47,291,176.7,10,7,8.1
48,304.8,168.6,8,6,8.1
49,342.9,176.7,9,7,8.1
50,81,198.6,10,6,8.1
51,94.8,206.7,8,7,8.1
52,132.9,198.6,9,6,8.1
53,171,206.7,10,7,8.1
54,184.8,198.6,8,6,8.1
55,222.9,206.7,9,7,8.1
56,261,198.6,10,6,8.1
57,274.8,206.7,8,7,8.1
58,312.9,198.6,9,6,8.1
59,351,206.7,10,7,8.1
60,64.8,228.6,8,6,8.1
61,102.9,236.7,9,7,8.1
62,141,228.6,10,6,8.1
63,154.8,236.7,8,7,8.1
64,192.9,228.6,9,6,8.1
65,231,236.7,10,7,8.1
66,244.8,228.6,8,6,8.1
67,282.9,236.7,9,7,8.1
68,321,228.6,10,6,8.1
69,334.8,236.7,8,7,8.1
70,72.9,258.6,9,6,8.1
71,111,266.7,10,7,8.1
72,124.8,258.6,8,6,8.1
73,162.9,266.7,9,7,8.1
74,201,258.6,10,6,8.1
75,214.8,266.7,8,7,8.1
76,252.9,258.6,9,6,8.1
77,291,266.7,10,7,8.1
78,304.8,258.6,8,6,8.1
79,342.9,266.7,9,7,8.1
80,81,288.6,10,6,8.1
81,94.8,296.7,8,7,8.1
82,132.9,288.6,9,6,8.1
83,171,296.7,10,7,8.1
84,184.8,288.6,8,6,8.1
85,222.9,296.7,9,7,8.1
86,261,288.6,10,6,8.1
87,274.8,296.7,8,7,8.1
88,312.9,288.6,9,6,8.1
89,351,296.7,10,7,8.1
90,64.8,318.6,8,6,8.1
91,102.9,326.7,9,7,8.1
92,141,318.6,10,6,8.1
93,154.8,326.7,8,7,8.1
94,192.9,318.6,9,6,8.1
95,231,326.7,10,7,8.1
96,244.8,318.6,8,6,8.1
98,321,318.6,10,6,8.1
99,334.8,326.7,8,7,8.1
100,72.9,348.6,9,6,8.1
102,124.8,348.6,8,6,8.1
103,162.9,356.7,9,7,8.1
104,201,348.6,10,6,8.1
105,214.8,356.7,8,7,8.1
106,252.9,348.6,9,6,8.1
107,291,356.7,10,7,8.1
108,304.8,348.6,8,6,8.1
109,342.9,356.7,9,7,8.1
110,81,378.6,10,6,8.1
111,94.8,386.7,8,7,8.1
112,132.9,378.6,9,6,8.1
113,171,386.7,10,7,8.1
114,184.8,378.6,8,6,8.1
115,222.9,386.7,9,7,8.1
116,261,378.6,10,6,8.1
117,274.8,386.7,8,7,8.1
118,312.9,378.6,9,6,8.1
119,351,386.7,10,7,8.1
120,64.8,408.6,8,6,8.1
121,102.9,416.7,9,7,8.1
122,141,408.6,10,6,8.1
123,154.8,416.7,8,7,8.1
124,192.9,408.6,9,6,8.1
125,231,416.7,10,7,8.1
126,244.8,408.6,8,6,8.1
127,282.9,416.7,9,7,8.1
128,321,408.6,10,6,8.1
129,334.8,416.7,8,7,8.1
131,111,446.7,10,7,8.1
13,163.8,87.4,9,7,8.2
46,253.8,169.2,9,6,8.2
97,283.8,327.4,9,7,8.2
101,112,357.4,10,7,8.2
130,73.8,439.2,9,6,8.2
1,103.8,57.4,9,7,8.2
3,155.6,57.4,8,7,8.2
5,232,57.4,10,7,8.2
7,283.8,57.4,9,7,8.2
8,322,49.2,10,6,8.2
9,335.6,57.4,8,7,8.2
10,73.8,79.2,9,6,8.2
11,112,87.4,10,7,8.2
12,125.6,79.2,8,6,8.2
14,202,79.2,10,6,8.2
15,215.6,87.4,8,7,8.2
16,253.8,79.2,9,6,8.2
17,292,87.4,10,7,8.2
18,305.6,79.2,8,6,8.2
19,343.8,87.4,9,7,8.2
20,82,109.2,10,6,8.2
21,95.6,117.4,8,7,8.2
22,133.8,109.2,9,6,8.2
23,172,117.4,10,7,8.2
24,185.6,109.2,8,6,8.2
26,262,109.2,10,6,8.2
27,275.6,117.4,8,7,8.2
28,313.8,109.2,9,6,8.2
29,352,117.4,10,7,8.2
30,65.6,139.2,8,6,8.2
31,103.8,147.4,9,7,8.2
32,142,139.2,10,6,8.2
33,155.6,147.4,8,7,8.2
34,193.8,139.2,9,6,8.2
35,232,147.4,10,7,8.2
36,245.6,139.2,8,6,8.2
37,283.8,147.4,9,7,8.2
38,322,139.2,10,6,8.2
39,335.6,147.4,8,7,8.2
40,73.8,169.2,9,6,8.2
41,112,177.4,10,7,8.2
42,125.6,169.2,8,6,8.2
43,163.8,177.4,9,7,8.2
44,202,169.2,10,6,8.2
45,215.6,177.4,8,7,8.2
47,292,177.4,10,7,8.2
48,305.6,169.2,8,6,8.2
49,343.8,177.4,9,7,8.2
50,82,199.2,10,6,8.2
51,95.6,207.4,8,7,8.2
52,133.8,199.2,9,6,8.2
53,172,207.4,10,7,8.2
54,185.6,199.2,8,6,8.2
55,223.8,207.4,9,7,8.2
56,262,199.2,10,6,8.2
57,275.6,207.4,8,7,8.2
58,313.8,199.2,9,6,8.2
59,352,207.4,10,7,8.2
60,65.6,229.2,8,6,8.2
61,103.8,237.4,9,7,8.2
62,142,229.2,10,6,8.2
63,155.6,237.4,8,7,8.2
64,193.8,229.2,9,6,8.2
65,232,237.4,10,7,8.2
66,245.6,229.2,8,6,8.2
67,283.8,237.4,9,7,8.2
68,322,229.2,10,6,8.2
69,335.6,237.4,8,7,8.2
70,73.8,259.2,9,6,8.2
71,112,267.4,10,7,8.2
72,125.6,259.2,8,6,8.2
73,163.8,267.4,9,7,8.2
74,202,259.2,10,6,8.2
75,215.6,267.4,8,7,8.2
76,253.8,259.2,9,6,8.2
77,292,267.4,10,7,8.2
78,305.6,259.2,8,6,8.2
79,343.8,267.4,9,7,8.2
80,82,289.2,10,6,8.2
81,95.6,297.4,8,7,8.2
82,133.8,289.2,9,6,8.2
83,172,297.4,10,7,8.2
84,185.6,289.2,8,6,8.2
85,223.8,297.4,9,7,8.2
86,262,289.2,10,6,8.2
87,275.6,297.4,8,7,8.2
88,313.8,289.2,9,6,8.2
89,352,297.4,10,7,8.2
90,65.6,319.2,8,6,8.2
91,103.8,327.4,9,7,8.2
92,142,319.2,10,6,8.2
93,155.6,327.4,8,7,8.2
94,193.8,319.2,9,6,8.2
95,232,327.4,10,7,8.2
96,245.6,319.2,8,6,8.2
98,322,319.2,10,6,8.2
99,335.6,327.4,8,7,8.2
100,73.8,349.2,9,6,8.2
102,125.6,349.2,8,6,8.2
103,163.8,357.4,9,7,8.2
104,202,349.2,10,6,8.2
105,215.6,357.4,8,7,8.2
106,253.8,349.2,9,6,8.2
107,292,357.4,10,7,8.2
108,305.6,349.2,8,6,8.2
109,343.8,357.4,9,7,8.2
110,82,379.2,10,6,8.2
111,95.6,387.4,8,7,8.2
112,133.8,379.2,9,6,8.2
113,172,387.4,10,7,8.2
114,185.6,379.2,8,6,8.2
115,223.8,387.4,9,7,8.2
116,262,379.2,10,6,8.2
117,275.6,387.4,8,7,8.2
118,313.8,379.2,9,6,8.2
119,352,387.4,10,7,8.2
120,65.6,409.2,8,6,8.2
121,103.8,417.4,9,7,8.2
122,142,409.2,10,6,8.2
123,155.6,417.4,8,7,8.2
124,193.8,409.2,9,6,8.2
125,232,417.4,10,7,8.2
126,245.6,409.2,8,6,8.2
127,283.8,417.4,9,7,8.2
128,322,409.2,10,6,8.2
129,335.6,417.4,8,7,8.2
131,112,447.4,10,7,8.2
13,164.7,88.1,9,7,8.3
46,254.7,169.8,9,6,8.3
97,284.7,328.1,9,7,8.3
101,113,358.1,10,7,8.3
130,74.7,439.8,9,6,8.3
1,104.7,58.1,9,7,8.3
3,156.4,58.1,8,7,8.3
5,233,58.1,10,7,8.3
7,284.7,58.1,9,7,8.3
8,323,49.8,10,6,8.3
9,336.4,58.1,8,7,8.3
10,74.7,79.8,9,6,8.3
11,113,88.1,10,7,8.3
12,126.4,79.8,8,6,8.3
14,203,79.8,10,6,8.3
15,216.4,88.1,8,7,8.3
16,254.7,79.8,9,6,8.3
17,293,88.1,10,7,8.3
18,306.4,79.8,8,6,8.3
19,344.7,88.1,9,7,8.3
20,83,109.8,10,6,8.3
21,96.4,118.1,8,7,8.3
22,134.7,109.8,9,6,8.3
23,173,118.1,10,7,8.3
24,186.4,109.8,8,6,8.3
26,263,109.8,10,6,8.3
27,276.4,118.1,8,7,8.3
28,314.7,109.8,9,6,8.3
29,353,118.1,10,7,8.3
30,66.4,139.8,8,6,8.3
31,104.7,148.1,9,7,8.3
32,143,139.8,10,6,8.3
33,156.4,148.1,8,7,8.3
34,194.7,139.8,9,6,8.3
35,233,148.1,10,7,8.3
36,246.4,139.8,8,6,8.3
37,284.7,148.1,9,7,8.3
38,323,139.8,10,6,8.3
39,336.4,148.1,8,7,8.3
40,74.7,169.8,9,6,8.3
41,113,178.1,10,7,8.3
42,126.4,169.8,8,6,8.3
43,164.7,178.1,9,7,8.3
44,203,169.8,10,6,8.3
45,216.4,178.1,8,7,8.3
47,293,178.1,10,7,8.3
48,306.4,169.8,8,6,8.3
49,344.7,178.1,9,7,8.3
50,83,199.8,10,6,8.3
51,96.4,208.1,8,7,8.3
52,134.7,199.8,9,6,8.3
53,173,208.1,10,7,8.3
54,186.4,199.8,8,6,8.3
55,224.7,208.1,9,7,8.3
56,263,199.8,10,6,8.3
57,276.4,208.1,8,7,8.3
58,314.7,199.8,9,6,8.3
59,353,208.1,10,7,8.3
60,66.4,229.8,8,6,8.3
61,104.7,238.1,9,7,8.3
62,143,229.8,10,6,8.3
63,156.4,238.1,8,7,8.3
64,194.7,229.8,9,6,8.3
65,233,238.1,10,7,8.3
66,246.4,229.8,8,6,8.3
67,284.7,238.1,9,7,8.3
68,323,229.8,10,6,8.3
69,336.4,238.1,8,7,8.3
70,74.7,259.8,9,6,8.3
71,113,268.1,10,7,8.3
72,126.4,259.8,8,6,8.3
73,164.7,268.1,9,7,8.3
74,203,259.8,10,6,8.3
75,216.4,268.1,8,7,8.3
76,254.7,259.8,9,6,8.3
77,293,268.1,10,7,8.3
78,306.4,259.8,8,6,8.3
79,344.7,268.1,9,7,8.3
80,83,289.8,10,6,8.3
81,96.4,298.1,8,7,8.3
82,134.7,289.8,9,6,8.3
83,173,298.1,10,7,8.3
84,186.4,289.8,8,6,8.3
85,224.7,298.1,9,7,8.3
86,263,289.8,10,6,8.3
87,276.4,298.1,8,7,8.3
88,314.7,289.8,9,6,8.3
89,353,298.1,10,7,8.3
90,66.4,319.8,8,6,8.3
91,104.7,328.1,9,7,8.3
92,143,319.8,10,6,8.3
93,156.4,328.1,8,7,8.3
94,194.7,319.8,9,6,8.3
95,233,328.1,10,7,8.3
96,246.4,319.8,8,6,8.3
98,323,319.8,10,6,8.3
99,336.4,328.1,8,7,8.3
100,74.7,349.8,9,6,8.3
102,126.4,349.8,8,6,8.3
103,164.7,358.1,9,7,8.3
104,203,349.8,10,6,8.3
105,216.4,358.1,8,7,8.3
106,254.7,349.8,9,6,8.3
107,293,358.1,10,7,8.3
108,306.4,349.8,8,6,8.3
109,344.7,358.1,9,7,8.3
110,83,379.8,10,6,8.3
111,96.4,388.1,8,7,8.3
112,134.7,379.8,9,6,8.3
113,173,388.1,10,7,8.3
114,186.4,379.8,8,6,8.3
115,224.7,388.1,9,7,8.3
116,263,379.8,10,6,8.3
117,276.4,388.1,8,7,8.3
118,314.7,379.8,9,6,8.3
119,353,388.1,10,7,8.3
120,66.4,409.8,8,6,8.3
121,104.7,418.1,9,7,8.3
122,143,409.8,10,6,8.3
123,156.4,418.1,8,7,8.3
124,194.7,409.8,9,6,8.3
125,233,418.1,10,7,8.3
126,246.4,409.8,8,6,8.3
127,284.7,418.1,9,7,8.3
128,323,409.8,10,6,8.3
129,336.4,418.1,8,7,8.3
131,113,448.1,10,7,8.3
13,165.6,88.8,9,7,8.4
46,255.6,170.4,9,6,8.4
97,285.6,328.8,9,7,8.4
101,114,358.8,10,7,8.4
130,75.6,440.4,9,6,8.4
1,105.6,58.8,9,7,8.4
3,157.2,58.8,8,7,8.4
5,234,58.8,10,7,8.4
7,285.6,58.8,9,7,8.4
8,324,50.4,10,6,8.4
9,337.2,58.8,8,7,8.4
10,75.6,80.4,9,6,8.4
11,114,88.8,10,7,8.4
12,127.2,80.4,8,6,8.4
14,204,80.4,10,6,8.4
15,217.2,88.8,8,7,8.4
16,255.6,80.4,9,6,8.4
17,294,88.8,10,7,8.4
18,307.2,80.4,8,6,8.4
19,345.6,88.8,9,7,8.4
20,84,110.4,10,6,8.4
21,97.2,118.8,8,7,8.4
22,135.6,110.4,9,6,8.4
23,174,118.8,10,7,8.4
24,187.2,110.4,8,6,8.4
26,264,110.4,10,6,8.4
27,277.2,118.8,8,7,8.4
28,315.6,110.4,9,6,8.4
29,354,118.8,10,7,8.4
30,67.2,140.4,8,6,8.4
31,105.6,148.8,9,7,8.4
32,144,140.4,10,6,8.4
33,157.2,148.8,8,7,8.4
34,195.6,140.4,9,6,8.4
35,234,148.8,10,7,8.4
36,247.2,140.4,8,6,8.4
37,285.6,148.8,9,7,8.4
38,324,140.4,10,6,8.4
39,337.2,148.8,8,7,8.4
40,75.6,170.4,9,6,8.4
41,114,178.8,10,7,8.4
42,127.2,170.4,8,6,8.4
43,165.6,178.8,9,7,8.4
44,204,170.4,10,6,8.4
45,217.2,178.8,8,7,8.4
47,294,178.8,10,7,8.4
48,307.2,170.4,8,6,8.4
49,345.6,178.8,9,7,8.4
50,84,200.4,10,6,8.4
51,97.2,208.8,8,7,8.4
52,135.6,200.4,9,6,8.4
53,174,208.8,10,7,8.4
54,187.2,200.4,8,6,8.4
55,225.6,208.8,9,7,8.4
56,264,200.4,10,6,8.4
57,277.2,208.8,8,7,8.4
58,315.6,200.4,9,6,8.4
59,354,208.8,10,7,8.4
60,67.2,230.4,8,6,8.4
61,105.6,238.8,9,7,8.4
62,144,230.4,10,6,8.4
63,157.2,238.8,8,7,8.4
64,195.6,230.4,9,6,8.4
65,234,238.8,10,7,8.4
66,247.2,230.4,8,6,8.4
67,285.6,238.8,9,7,8.4
68,324,230.4,10,6,8.4
69,337.2,238.8,8,7,8.4
70,75.6,260.4,9,6,8.4
71,114,268.8,10,7,8.4
72,127.2,260.4,8,6,8.4
73,165.6,268.8,9,7,8.4
74,204,260.4,10,6,8.4
75,217.2,268.8,8,7,8.4
76,255.6,260.4,9,6,8.4
77,294,268.8,10,7,8.4
78,307.2,260.4,8,6,8.4
79,345.6,268.8,9,7,8.4
80,84,290.4,10,6,8.4
81,97.2,298.8,8,7,8.4
82,135.6,290.4,9,6,8.4
83,174,298.8,10,7,8.4
84,187.2,290.4,8,6,8.4
85,225.6,298.8,9,7,8.4
86,264,290.4,10,6,8.4
87,277.2,298.8,8,7,8.4
88,315.6,290.4,9,6,8.4
89,354,298.8,10,7,8.4
90,67.2,320.4,8,6,8.4
91,105.6,328.8,9,7,8.4
92,144,320.4,10,6,8.4
93,157.2,328.8,8,7,8.4
94,195.6,320.4,9,6,8.4
95,234,328.8,10,7,8.4
96,247.2,320.4,8,6,8.4
98,324,320.4,10,6,8.4
99,337.2,328.8,8,7,8.4
100,75.6,350.4,9,6,8.4
102,127.2,350.4,8,6,8.4
103,165.6,358.8,9,7,8.4
104,204,350.4,10,6,8.4
105,217.2,358.8,8,7,8.4
106,255.6,350.4,9,6,8.4
107,294,358.8,10,7,8.4
108,307.2,350.4,8,6,8.4
109,345.6,358.8,9,7,8.4
110,84,380.4,10,6,8.4
111,97.2,388.8,8,7,8.4
112,135.6,380.4,9,6,8.4
113,174,388.8,10,7,8.4
114,187.2,380.4,8,6,8.4
115,225.6,388.8,9,7,8.4
116,264,380.4,10,6,8.4
117,277.2,388.8,8,7,8.4
118,315.6,380.4,9,6,8.4
119,354,388.8,10,7,8.4
120,67.2,410.4,8,6,8.4
121,105.6,418.8,9,7,8.4
122,144,410.4,10,6,8.4
123,157.2,418.8,8,7,8.4
124,195.6,410.4,9,6,8.4
125,234,418.8,10,7,8.4
126,247.2,410.4,8,6,8.4
127,285.6,418.8,9,7,8.4
128,324,410.4,10,6,8.4
129,337.2,418.8,8,7,8.4
131,114,448.8,10,7,8.4
13,166.5,89.5,9,7,8.5
46,256.5,171,9,6,8.5
97,286.5,329.5,9,7,8.5
101,115,359.5,10,7,8.5
130,76.5,441,9,6,8.5
1,106.5,59.5,9,7,8.5
3,158,59.5,8,7,8.5
5,235,59.5,10,7,8.5
7,286.5,59.5,9,7,8.5
8,325,51,10,6,8.5
9,338,59.5,8,7,8.5
10,76.5,81,9,6,8.5
11,115,89.5,10,7,8.5
12,128,81,8,6,8.5
14,205,81,10,6,8.5
15,218,89.5,8,7,8.5
16,256.5,81,9,6,8.5
17,295,89.5,10,7,8.5
18,308,81,8,6,8.5
19,346.5,89.5,9,7,8.5
20,85,111,10,6,8.5
21,98,119.5,8,7,8.5
22,136.5,111,9,6,8.5
23,175,119.5,10,7,8.5
24,188,111,8,6,8.5
26,265,111,10,6,8.5
27,278,119.5,8,7,8.5
28,316.5,111,9,6,8.5
29,355,119.5,10,7,8.5
30,68,141,8,6,8.5
31,106.5,149.5,9,7,8.5
32,145,141,10,6,8.5
33,158,149.5,8,7,8.5
34,196.5,141,9,6,8.5
35,235,149.5,10,7,8.5
36,248,141,8,6,8.5
37,286.5,149.5,9,7,8.5
38,325,141,10,6,8.5
39,338,149.5,8,7,8.5
40,76.5,171,9,6,8.5
41,115,179.5,10,7,8.5
42,128,171,8,6,8.5
43,166.5,179.5,9,7,8.5
44,205,171,10,6,8.5
45,218,179.5,8,7,8.5
47,295,179.5,10,7,8.5
48,308,171,8,6,8.5
49,346.5,179.5,9,7,8.5
50,85,201,10,6,8.5
51,98,209.5,8,7,8.5
52,136.5,201,9,6,8.5
53,175,209.5,10,7,8.5
54,188,201,8,6,8.5
55,226.5,209.5,9,7,8.5
56,265,201,10,6,8.5
57,278,209.5,8,7,8.5
58,316.5,201,9,6,8.5
59,355,209.5,10,7,8.5
60,68,231,8,6,8.5
61,106.5,239.5,9,7,8.5
62,145,231,10,6,8.5
63,158,239.5,8,7,8.5
64,196.5,231,9,6,8.5
65,235,239.5,10,7,8.5
66,248,231,8,6,8.5
67,286.5,239.5,9,7,8.5
68,325,231,10,6,8.5
69,338,239.5,8,7,8.5
70,76.5,261,9,6,8.5
71,115,269.5,10,7,8.5
72,128,261,8,6,8.5
73,166.5,269.5,9,7,8.5
74,205,261,10,6,8.5
75,218,269.5,8,7,8.5
76,256.5,261,9,6,8.5
77,295,269.5,10,7,8.5
78,308,261,8,6,8.5
79,346.5,269.5,9,7,8.5
80,85,291,10,6,8.5
81,98,299.5,8,7,8.5
82,136.5,291,9,6,8.5
83,175,299.5,10,7,8.5
84,188,291,8,6,8.5
85,226.5,299.5,9,7,8.5
86,265,291,10,6,8.5
87,278,299.5,8,7,8.5
88,316.5,291,9,6,8.5
89,355,299.5,10,7,8.5
90,68,321,8,6,8.5
91,106.5,329.5,9,7,8.5
92,145,321,10,6,8.5
93,158,329.5,8,7,8.5
94,196.5,321,9,6,8.5
95,235,329.5,10,7,8.5
96,248,321,8,6,8.5
98,325,321,10,6,8.5
99,338,329.5,8,7,8.5
100,76.5,351,9,6,8.5
102,128,351,8,6,8.5
103,166.5,359.5,9,7,8.5
104,205,351,10,6,8.5
105,218,359.5,8,7,8.5
106,256.5,351,9,6,8.5
107,295,359.5,10,7,8.5
108,308,351,8,6,8.5
109,346.5,359.5,9,7,8.5
110,85,381,10,6,8.5
111,98,389.5,8,7,8.5
112,136.5,381,9,6,8.5
113,175,389.5,10,7,8.5
114,188,381,8,6,8.5
115,226.5,389.5,9,7,8.5
116,265,381,10,6,8.5
117,278,389.5,8,7,8.5
118,316.5,381,9,6,8.5
119,355,389.5,10,7,8.5
120,68,411,8,6,8.5
121,106.5,419.5,9,7,8.5
122,145,411,10,6,8.5
123,158,419.5,8,7,8.5
124,196.5,411,9,6,8.5
125,235,419.5,10,7,8.5
126,248,411,8,6,8.5
127,286.5,419.5,9,7,8.5
128,325,411,10,6,8.5
129,338,419.5,8,7,8.5
131,115,449.5,10,7,8.5
13,167.4,90.2,9,7,8.6
46,257.4,171.6,9,6,8.6
97,287.4,330.2,9,7,8.6
101,116,360.2,10,7,8.6
130,77.4,441.6,9,6,8.6
1,107.4,60.2,9,7,8.6
3,158.8,60.2,8,7,8.6
5,236,60.2,10,7,8.6
7,287.4,60.2,9,7,8.6
8,326,51.6,10,6,8.6
9,338.8,60.2,8,7,8.6
10,77.4,81.6,9,6,8.6
11,116,90.2,10,7,8.6
12,128.8,81.6,8,6,8.6
14,206,81.6,10,6,8.6
15,218.8,90.2,8,7,8.6
16,257.4,81.6,9,6,8.6
17,296,90.2,10,7,8.6
18,308.8,81.6,8,6,8.6
19,347.4,90.2,9,7,8.6
20,86,111.6,10,6,8.6
21,98.8,120.2,8,7,8.6
22,137.4,111.6,9,6,8.6
23,176,120.2,10,7,8.6
24,188.8,111.6,8,6,8.6
26,266,111.6,10,6,8.6
27,278.8,120.2,8,7,8.6
28,317.4,111.6,9,6,8.6
29,356,120.2,10,7,8.6
30,68.8,141.6,8,6,8.6
31,107.4,150.2,9,7,8.6
32,146,141.6,10,6,8.6
33,158.8,150.2,8,7,8.6
34,197.4,141.6,9,6,8.6
35,236,150.2,10,7,8.6
36,248.8,141.6,8,6,8.6
37,287.4,150.2,9,7,8.6
38,326,141.6,10,6,8.6
39,338.8,150.2,8,7,8.6
40,77.4,171.6,9,6,8.6
41,116,180.2,10,7,8.6
42,128.8,171.6,8,6,8.6
43,167.4,180.2,9,7,8.6
44,206,171.6,10,6,8.6
45,218.8,180.2,8,7,8.6
47,296,180.2,10,7,8.6
48,308.8,171.6,8,6,8.6
49,347.4,180.2,9,7,8.6
50,86,201.6,10,6,8.6
51,98.8,210.2,8,7,8.6
52,137.4,201.6,9,6,8.6
53,176,210.2,10,7,8.6
54,188.8,201.6,8,6,8.6
55,227.4,210.2,9,7,8.6
56,266,201.6,10,6,8.6
57,278.8,210.2,8,7,8.6
58,317.4,201.6,9,6,8.6
59,356,210.2,10,7,8.6
60,68.8,231.6,8,6,8.6
61,107.4,240.2,9,7,8.6
62,146,231.6,10,6,8.6
63,158.8,240.2,8,7,8.6
64,197.4,231.6,9,6,8.6
65,236,240.2,10,7,8.6
66,248.8,231.6,8,6,8.6
67,287.4,240.2,9,7,8.6
68,326,231.6,10,6,8.6
69,338.8,240.2,8,7,8.6
70,77.4,261.6,9,6,8.6
71,116,270.2,10,7,8.6
72,128.8,261.6,8,6,8.6
73,167.4,270.2,9,7,8.6
74,206,261.6,10,6,8.6
75,218.8,270.2,8,7,8.6
76,257.4,261.6,9,6,8.6
77,296,270.2,10,7,8.6
78,308.8,261.6,8,6,8.6
79,347.4,270.2,9,7,8.6
80,86,291.6,10,6,8.6
81,98.8,300.2,8,7,8.6
82,137.4,291.6,9,6,8.6
83,176,300.2,10,7,8.6
84,188.8,291.6,8,6,8.6
85,227.4,300.2,9,7,8.6
86,266,291.6,10,6,8.6
87,278.8,300.2,8,7,8.6
88,317.4,291.6,9,6,8.6
89,356,300.2,10,7,8.6
90,68.8,321.6,8,6,8.6
91,107.4,330.2,9,7,8.6
92,146,321.6,10,6,8.6
93,158.8,330.2,8,7,8.6
94,197.4,321.6,9,6,8.6
95,236,330.2,10,7,8.6
96,248.8,321.6,8,6,8.6
98,326,321.6,10,6,8.6
99,338.8,330.2,8,7,8.6
100,77.4,351.6,9,6,8.6
102,128.8,351.6,8,6,8.6
103,167.4,360.2,9,7,8.6
104,206,351.6,10,6,8.6
105,218.8,360.2,8,7,8.6
106,257.4,351.6,9,6,8.6
107,296,360.2,10,7,8.6
108,308.8,351.6,8,6,8.6
109,347.4,360.2,9,7,8.6
110,86,381.6,10,6,8.6
111,98.8,390.2,8,7,8.6
112,137.4,381.6,9,6,8.6
113,176,390.2,10,7,8.6
114,188.8,381.6,8,6,8.6
115,227.4,390.2,9,7,8.6
116,266,381.6,10,6,8.6
117,278.8,390.2,8,7,8.6
118,317.4,381.6,9,6,8.6
119,356,390.2,10,7,8.6
120,68.8,411.6,8,6,8.6
121,107.4,420.2,9,7,8.6
122,146,411.6,10,6,8.6
123,158.8,420.2,8,7,8.6
124,197.4,411.6,9,6,8.6
125,236,420.2,10,7,8.6
126,248.8,411.6,8,6,8.6
127,287.4,420.2,9,7,8.6
128,326,411.6,10,6,8.6
129,338.8,420.2,8,7,8.6
131,116,450.2,10,7,8.6
13,168.3,90.9,9,7,8.7
46,258.3,172.2,9,6,8.7
97,288.3,330.9,9,7,8.7
101,117,360.9,10,7,8.7
130,78.3,442.2,9,6,8.7
1,108.3,60.9,9,7,8.7
3,159.6,60.9,8,7,8.7
5,237,60.9,10,7,8.7
7,288.3,60.9,9,7,8.7
8,327,52.2,10,6,8.7
9,339.6,60.9,8,7,8.7
10,78.3,82.2,9,6,8.7
11,117,90.9,10,7,8.7
12,129.6,82.2,8,6,8.7
14,207,82.2,10,6,8.7
15,219.6,90.9,8,7,8.7
16,258.3,82.2,9,6,8.7
17,297,90.9,10,7,8.7
18,309.6,82.2,8,6,8.7
19,348.3,90.9,9,7,8.7
20,87,112.2,10,6,8.7
21,99.6,120.9,8,7,8.7
22,138.3,112.2,9,6,8.7
23,177,120.9,10,7,8.7
24,189.6,112.2,8,6,8.7
26,267,112.2,10,6,8.7
27,279.6,120.9,8,7,8.7
28,318.3,112.2,9,6,8.7
29,357,120.9,10,7,8.7
30,69.6,142.2,8,6,8.7
31,108.3,150.9,9,7,8.7
32,147,142.2,10,6,8.7
33,159.6,150.9,8,7,8.7
34,198.3,142.2,9,6,8.7
35,237,150.9,10,7,8.7
36,249.6,142.2,8,6,8.7
37,288.3,150.9,9,7,8.7
38,327,142.2,10,6,8.7
39,339.6,150.9,8,7,8.7
40,78.3,172.2,9,6,8.7
41,117,180.9,10,7,8.7
42,129.6,172.2,8,6,8.7
43,168.3,180.9,9,7,8.7
44,207,172.2,10,6,8.7
45,219.6,180.9,8,7,8.7
47,297,180.9,10,7,8.7
48,309.6,172.2,8,6,8.7
49,348.3,180.9,9,7,8.7
50,87,202.2,10,6,8.7
51,99.6,210.9,8,7,8.7
52,138.3,202.2,9,6,8.7
53,177,210.9,10,7,8.7
54,189.6,202.2,8,6,8.7
55,228.3,210.9,9,7,8.7
56,267,202.2,10,6,8.7
57,279.6,210.9,8,7,8.7
58,318.3,202.2,9,6,8.7
59,357,210.9,10,7,8.7
60,69.6,232.2,8,6,8.7
61,108.3,240.9,9,7,8.7
62,147,232.2,10,6,8.7
63,159.6,240.9,8,7,8.7
64,198.3,232.2,9,6,8.7
65,237,240.9,10,7,8.7
66,249.6,232.2,8,6,8.7
67,288.3,240.9,9,7,8.7
68,327,232.2,10,6,8.7
69,339.6,240.9,8,7,8.7
70,78.3,262.2,9,6,8.7
71,117,270.9,10,7,8.7
72,129.6,262.2,8,6,8.7
73,168.3,270.9,9,7,8.7
74,207,262.2,10,6,8.7
75,219.6,270.9,8,7,8.7
76,258.3,262.2,9,6,8.7
77,297,270.9,10,7,8.7
78,309.6,262.2,8,6,8.7
79,348.3,270.9,9,7,8.7
80,87,292.2,10,6,8.7
81,99.6,300.9,8,7,8.7
82,138.3,292.2,9,6,8.7
83,177,300.9,10,7,8.7
84,189.6,292.2,8,6,8.7
85,228.3,300.9,9,7,8.7
86,267,292.2,10,6,8.7
87,279.6,300.9,8,7,8.7
88,318.3,292.2,9,6,8.7
89,357,300.9,10,7,8.7
90,69.6,322.2,8,6,8.7
91,108.3,330.9,9,7,8.7
92,147,322.2,10,6,8.7
93,159.6,330.9,8,7,8.7
94,198.3,322.2,9,6,8.7
95,237,330.9,10,7,8.7
96,249.6,322.2,8,6,8.7
98,327,322.2,10,6,8.7
99,339.6,330.9,8,7,8.7
100,78.3,352.2,9,6,8.7
102,129.6,352.2,8,6,8.7
103,168.3,360.9,9,7,8.7
104,207,352.2,10,6,8.7
105,219.6,360.9,8,7,8.7
106,258.3,352.2,9,6,8.7
107,297,360.9,10,7,8.7
108,309.6,352.2,8,6,8.7
109,348.3,360.9,9,7,8.7
110,87,382.2,10,6,8.7
111,99.6,390.9,8,7,8.7
112,138.3,382.2,9,6,8.7
113,177,390.9,10,7,8.7
114,189.6,382.2,8,6,8.7
115,228.3,390.9,9,7,8.7
116,267,382.2,10,6,8.7
117,279.6,390.9,8,7,8.7
118,318.3,382.2,9,6,8.7
119,357,390.9,10,7,8.7
120,69.6,412.2,8,6,8.7
121,108.3,420.9,9,7,8.7
122,147,412.2,10,6,8.7
123,159.6,420.9,8,7,8.7
124,198.3,412.2,9,6,8.7
125,237,420.9,10,7,8.7
126,249.6,412.2,8,6,8.7
127,288.3,420.9,9,7,8.7
128,327,412.2,10,6,8.7
129,339.6,420.9,8,7,8.7
131,117,450.9,10,7,8.7
13,169.2,91.6,9,7,8.8
46,259.2,172.8,9,6,8.8
97,289.2,331.6,9,7,8.8
101,118,361.6,10,7,8.8
130,79.2,442.8,9,6,8.8
1,109.2,61.6,9,7,8.8
3,160.4,61.6,8,7,8.8
5,238,61.6,10,7,8.8
7,289.2,61.6,9,7,8.8
8,328,52.8,10,6,8.8
9,340.4,61.6,8,7,8.8
10,79.2,82.8,9,6,8.8
11,118,91.6,10,7,8.8
12,130.4,82.8,8,6,8.8
14,208,82.8,10,6,8.8
15,220.4,91.6,8,7,8.8
16,259.2,82.8,9,6,8.8
17,298,91.6,10,7,8.8
18,310.4,82.8,8,6,8.8
19,349.2,91.6,9,7,8.8
20,88,112.8,10,6,8.8
21,100.4,121.6,8,7,8.8
22,139.2,112.8,9,6,8.8
23,178,121.6,10,7,8.8
24,190.4,112.8,8,6,8.8
26,268,112.8,10,6,8.8
27,280.4,121.6,8,7,8.8
28,319.2,112.8,9,6,8.8
29,358,121.6,10,7,8.8
30,70.4,142.8,8,6,8.8
31,109.2,151.6,9,7,8.8
32,148,142.8,10,6,8.8
33,160.4,151.6,8,7,8.8
34,199.2,142.8,9,6,8.8
35,238,151.6,10,7,8.8
36,250.4,142.8,8,6,8.8
37,289.2,151.6,9,7,8.8
38,328,142.8,10,6,8.8
39,340.4,151.6,8,7,8.8
40,79.2,172.8,9,6,8.8
41,118,181.6,10,7,8.8
42,130.4,172.8,8,6,8.8
43,169.2,181.6,9,7,8.8
44,208,172.8,10,6,8.8
45,220.4,181.6,8,7,8.8
47,298,181.6,10,7,8.8
48,310.4,172.8,8,6,8.8
49,349.2,181.6,9,7,8.8
50,88,202.8,10,6,8.8
51,100.4,211.6,8,7,8.8
52,139.2,202.8,9,6,8.8
53,178,211.6,10,7,8.8
54,190.4,202.8,8,6,8.8
55,229.2,211.6,9,7,8.8
56,268,202.8,10,6,8.8
57,280.4,211.6,8,7,8.8
58,319.2,202.8,9,6,8.8
59,358,211.6,10,7,8.8
60,70.4,232.8,8,6,8.8
61,109.2,241.6,9,7,8.8
62,148,232.8,10,6,8.8
63,160.4,241.6,8,7,8.8
64,199.2,232.8,9,6,8.8
65,238,241.6,10,7,8.8
66,250.4,232.8,8,6,8.8
67,289.2,241.6,9,7,8.8
68,328,232.8,10,6,8.8
69,340.4,241.6,8,7,8.8
70,79.2,262.8,9,6,8.8
71,118,271.6,10,7,8.8
72,130.4,262.8,8,6,8.8
73,169.2,271.6,9,7,8.8
74,208,262.8,10,6,8.8
75,220.4,271.6,8,7,8.8
76,259.2,262.8,9,6,8.8
77,298,271.6,10,7,8.8
78,310.4,262.8,8,6,8.8
79,349.2,271.6,9,7,8.8
80,88,292.8,10,6,8.8
81,100.4,301.6,8,7,8.8
82,139.2,292.8,9,6,8.8
83,178,301.6,10,7,8.8
84,190.4,292.8,8,6,8.8
85,229.2,301.6,9,7,8.8
86,268,292.8,10,6,8.8
87,280.4,301.6,8,7,8.8
88,319.2,292.8,9,6,8.8
89,358,301.6,10,7,8.8
90,70.4,322.8,8,6,8.8
91,109.2,331.6,9,7,8.8
92,148,322.8,10,6,8.8
93,160.4,331.6,8,7,8.8
94,199.2,322.8,9,6,8.8
95,238,331.6,10,7,8.8
96,250.4,322.8,8,6,8.8
98,328,322.8,10,6,8.8
99,340.4,331.6,8,7,8.8
100,79.2,352.8,9,6,8.8
102,130.4,352.8,8,6,8.8
103,169.2,361.6,9,7,8.8
104,208,352.8,10,6,8.8
105,220.4,361.6,8,7,8.8
106,259.2,352.8,9,6,8.8
107,298,361.6,10,7,8.8
108,310.4,352.8,8,6,8.8
109,349.2,361.6,9,7,8.8
110,88,382.8,10,6,8.8
111,100.4,391.6,8,7,8.8
112,139.2,382.8,9,6,8.8
113,178,391.6,10,7,8.8
114,190.4,382.8,8,6,8.8
115,229.2,391.6,9,7,8.8
116,268,382.8,10,6,8.8
117,280.4,391.6,8,7,8.8
118,319.2,382.8,9,6,8.8
119,358,391.6,10,7,8.8
120,70.4,412.8,8,6,8.8
121,109.2,421.6,9,7,8.8
122,148,412.8,10,6,8.8
123,160.4,421.6,8,7,8.8
124,199.2,412.8,9,6,8.8
125,238,421.6,10,7,8.8
126,250.4,412.8,8,6,8.8
127,289.2,421.6,9,7,8.8
128,328,412.8,10,6,8.8
129,340.4,421.6,8,7,8.8
131,118,451.6,10,7,8.8
13,170.1,92.3,9,7,8.9
46,260.1,173.4,9,6,8.9
97,290.1,332.3,9,7,8.9
101,119,362.3,10,7,8.9
130,80.1,443.4,9,6,8.9
1,110.1,62.3,9,7,8.9
3,161.2,62.3,8,7,8.9
5,239,62.3,10,7,8.9
7,290.1,62.3,9,7,8.9
8,329,53.4,10,6,8.9
9,341.2,62.3,8,7,8.9
10,80.1,83.4,9,6,8.9
11,119,92.3,10,7,8.9
12,131.2,83.4,8,6,8.9
14,209,83.4,10,6,8.9
15,221.2,92.3,8,7,8.9
16,260.1,83.4,9,6,8.9
17,299,92.3,10,7,8.9
18,311.2,83.4,8,6,8.9
19,350.1,92.3,9,7,8.9
20,89,113.4,10,6,8.9
21,101.2,122.3,8,7,8.9
22,140.1,113.4,9,6,8.9
23,179,122.3,10,7,8.9
24,191.2,113.4,8,6,8.9
26,269,113.4,10,6,8.9
27,281.2,122.3,8,7,8.9
28,320.1,113.4,9,6,8.9
29,359,122.3,10,7,8.9
30,71.2,143.4,8,6,8.9
31,110.1,152.3,9,7,8.9
32,149,143.4,10,6,8.9
33,161.2,152.3,8,7,8.9
34,200.1,143.4,9,6,8.9
35,239,152.3,10,7,8.9
36,251.2,143.4,8,6,8.9
37,290.1,152.3,9,7,8.9
38,329,143.4,10,6,8.9
39,341.2,152.3,8,7,8.9
40,80.1,173.4,9,6,8.9
41,119,182.3,10,7,8.9
42,131.2,173.4,8,6,8.9
43,170.1,182.3,9,7,8.9
44,209,173.4,10,6,8.9
45,221.2,182.3,8,7,8.9
47,299,182.3,10,7,8.9
48,311.2,173.4,8,6,8.9
49,350.1,182.3,9,7,8.9
50,89,203.4,10,6,8.9
51,101.2,212.3,8,7,8.9
52,140.1,203.4,9,6,8.9
53,179,212.3,10,7,8.9
54,191.2,203.4,8,6,8.9
55,230.1,212.3,9,7,8.9
56,269,203.4,10,6,8.9
57,281.2,212.3,8,7,8.9
58,320.1,203.4,9,6,8.9
59,359,212.3,10,7,8.9
60,71.2,233.4,8,6,8.9
61,110.1,242.3,9,7,8.9
62,149,233.4,10,6,8.9
63,161.2,242.3,8,7,8.9
64,200.1,233.4,9,6,8.9
65,239,242.3,10,7,8.9
66,251.2,233.4,8,6,8.9
67,290.1,242.3,9,7,8.9
68,329,233.4,10,6,8.9
69,341.2,242.3,8,7,8.9
70,80.1,263.4,9,6,8.9
71,119,272.3,10,7,8.9
72,131.2,263.4,8,6,8.9
73,170.1,272.3,9,7,8.9
74,209,263.4,10,6,8.9
75,221.2,272.3,8,7,8.9
76,260.1,263.4,9,6,8.9
77,299,272.3,10,7,8.9
78,311.2,263.4,8,6,8.9
79,350.1,272.3,9,7,8.9
80,89,293.4,10,6,8.9
81,101.2,302.3,8,7,8.9
82,140.1,293.4,9,6,8.9
83,179,302.3,10,7,8.9
84,191.2,293.4,8,6,8.9
85,230.1,302.3,9,7,8.9
86,269,293.4,10,6,8.9
87,281.2,302.3,8,7,8.9
88,320.1,293.4,9,6,8.9
89,359,302.3,10,7,8.9
90,71.2,323.4,8,6,8.9
91,110.1,332.3,9,7,8.9
92,149,323.4,10,6,8.9
93,161.2,332.3,8,7,8.9
94,200.1,323.4,9,6,8.9
95,239,332.3,10,7,8.9
96,251.2,323.4,8,6,8.9
98,329,323.4,10,6,8.9
99,341.2,332.3,8,7,8.9
100,80.1,353.4,9,6,8.9
102,131.2,353.4,8,6,8.9
103,170.1,362.3,9,7,8.9
104,209,353.4,10,6,8.9
105,221.2,362.3,8,7,8.9
106,260.1,353.4,9,6,8.9
107,299,362.3,10,7,8.9
108,311.2,353.4,8,6,8.9
109,350.1,362.3,9,7,8.9
110,89,383.4,10,6,8.9
111,101.2,392.3,8,7,8.9
112,140.1,383.4,9,6,8.9
113,179,392.3,10,7,8.9
114,191.2,383.4,8,6,8.9
115,230.1,392.3,9,7,8.9
116,269,383.4,10,6,8.9
117,281.2,392.3,8,7,8.9
118,320.1,383.4,9,6,8.9
119,359,392.3,10,7,8.9
120,71.2,413.4,8,6,8.9
121,110.1,422.3,9,7,8.9
122,149,413.4,10,6,8.9
123,161.2,422.3,8,7,8.9
124,200.1,413.4,9,6,8.9
125,239,422.3,10,7,8.9
126,251.2,413.4,8,6,8.9
127,290.1,422.3,9,7,8.9
128,329,413.4,10,6,8.9
129,341.2,422.3,8,7,8.9
131,119,452.3,10,7,8.9
13,171,93,9,7,9
46,261,174,9,6,9
97,291,333,9,7,9
101,120,363,10,7,9
130,81,444,9,6,9
1,111,63,9,7,9
3,162,63,8,7,9
5,240,63,10,7,9
7,291,63,9,7,9
8,330,54,10,6,9
9,342,63,8,7,9
10,81,84,9,6,9
11,120,93,10,7,9
12,132,84,8,6,9
14,210,84,10,6,9
15,222,93,8,7,9
16,261,84,9,6,9
17,300,93,10,7,9
18,312,84,8,6,9
19,351,93,9,7,9
20,90,114,10,6,9
21,102,123,8,7,9
22,141,114,9,6,9
23,180,123,10,7,9
24,192,114,8,6,9
26,270,114,10,6,9
27,282,123,8,7,9
28,321,114,9,6,9
29,360,123,10,7,9
30,72,144,8,6,9
31,111,153,9,7,9
32,150,144,10,6,9
33,162,153,8,7,9
34,201,144,9,6,9
35,240,153,10,7,9
36,252,144,8,6,9
37,291,153,9,7,9
38,330,144,10,6,9
39,342,153,8,7,9
40,81,174,9,6,9
41,120,183,10,7,9
42,132,174,8,6,9
43,171,183,9,7,9
44,210,174,10,6,9
45,222,183,8,7,9
47,300,183,10,7,9
48,312,174,8,6,9
49,351,183,9,7,9
50,90,204,10,6,9
51,102,213,8,7,9
52,141,204,9,6,9
53,180,213,10,7,9
54,192,204,8,6,9
55,231,213,9,7,9
56,270,204,10,6,9
57,282,213,8,7,9
58,321,204,9,6,9
59,360,213,10,7,9
60,72,234,8,6,9
61,111,243,9,7,9
62,150,234,10,6,9
63,162,243,8,7,9
64,201,234,9,6,9
65,240,243,10,7,9
66,252,234,8,6,9
67,291,243,9,7,9
68,330,234,10,6,9
69,342,243,8,7,9
70,81,264,9,6,9
71,120,273,10,7,9
72,132,264,8,6,9
73,171,273,9,7,9
74,210,264,10,6,9
75,222,273,8,7,9
76,261,264,9,6,9
77,300,273,10,7,9
78,312,264,8,6,9
79,351,273,9,7,9
80,90,294,10,6,9
81,102,303,8,7,9
82,141,294,9,6,9
83,180,303,10,7,9
84,192,294,8,6,9
85,231,303,9,7,9
86,270,294,10,6,9
87,282,303,8,7,9
88,321,294,9,6,9
89,360,303,10,7,9
90,72,324,8,6,9
91,111,333,9,7,9
92,150,324,10,6,9
93,162,333,8,7,9
94,201,324,9,6,9
95,240,333,10,7,9
96,252,324,8,6,9
98,330,324,10,6,9
99,342,333,8,7,9
100,81,354,9,6,9
102,132,354,8,6,9
103,171,363,9,7,9
104,210,354,10,6,9
105,222,363,8,7,9
106,261,354,9,6,9
107,300,363,10,7,9
108,312,354,8,6,9
109,351,363,9,7,9
110,90,384,10,6,9
111,102,393,8,7,9
112,141,384,9,6,9
113,180,393,10,7,9
114,192,384,8,6,9
115,231,393,9,7,9
116,270,384,10,6,9
117,282,393,8,7,9
118,321,384,9,6,9
119,360,393,10,7,9
120,72,414,8,6,9
121,111,423,9,7,9
122,150,414,10,6,9
123,162,423,8,7,9
124,201,414,9,6,9
125,240,423,10,7,9
126,252,414,8,6,9
127,291,423,9,7,9
128,330,414,10,6,9
129,342,423,8,7,9
131,120,453,10,7,9
13,171.9,93.7,9,7,9.1
46,261.9,174.6,9,6,9.1
97,291.9,333.7,9,7,9.1
101,121,363.7,10,7,9.1
130,81.9,444.6,9,6,9.1
1,111.9,63.7,9,7,9.1
3,162.8,63.7,8,7,9.1
5,241,63.7,10,7,9.1
7,291.9,63.7,9,7,9.1
8,331,54.6,10,6,9.1
9,342.8,63.7,8,7,9.1
10,81.9,84.6,9,6,9.1
11,121,93.7,10,7,9.1
12,132.8,84.6,8,6,9.1
14,211,84.6,10,6,9.1
15,222.8,93.7,8,7,9.1
16,261.9,84.6,9,6,9.1
17,301,93.7,10,7,9.1
18,312.8,84.6,8,6,9.1
19,351.9,93.7,9,7,9.1
20,91,114.6,10,6,9.1
21,102.8,123.7,8,7,9.1
22,141.9,114.6,9,6,9.1
23,181,123.7,10,7,9.1
24,192.8,114.6,8,6,9.1
26,271,114.6,10,6,9.1
27,282.8,123.7,8,7,9.1
28,321.9,114.6,9,6,9.1
29,361,123.7,10,7,9.1
30,72.8,144.6,8,6,9.1
31,111.9,153.7,9,7,9.1
32,151,144.6,10,6,9.1
33,162.8,153.7,8,7,9.1
34,201.9,144.6,9,6,9.1
35,241,153.7,10,7,9.1
36,252.8,144.6,8,6,9.1
37,291.9,153.7,9,7,9.1
38,331,144.6,10,6,9.1
39,342.8,153.7,8,7,9.1
40,81.9,174.6,9,6,9.1
41,121,183.7,10,7,9.1
42,132.8,174.6,8,6,9.1
43,171.9,183.7,9,7,9.1
44,211,174.6,10,6,9.1
45,222.8,183.7,8,7,9.1
47,301,183.7,10,7,9.1
48,312.8,174.6,8,6,9.1
49,351.9,183.7,9,7,9.1
50,91,204.6,10,6,9.1
51,102.8,213.7,8,7,9.1
52,141.9,204.6,9,6,9.1
53,181,213.7,10,7,9.1
54,192.8,204.6,8,6,9.1
55,231.9,213.7,9,7,9.1
56,271,204.6,10,6,9.1
57,282.8,213.7,8,7,9.1
58,321.9,204.6,9,6,9.1
59,361,213.7,10,7,9.1
60,72.8,234.6,8,6,9.1
61,111.9,243.7,9,7,9.1
62,151,234.6,10,6,9.1
63,162.8,243.7,8,7,9.1
64,201.9,234.6,9,6,9.1
65,241,243.7,10,7,9.1
66,252.8,234.6,8,6,9.1
67,291.9,243.7,9,7,9.1
68,331,234.6,10,6,9.1
69,342.8,243.7,8,7,9.1
70,81.9,264.6,9,6,9.1
71,121,273.7,10,7,9.1
72,132.8,264.6,8,6,9.1
73,171.9,273.7,9,7,9.1
74,211,264.6,10,6,9.1
75,222.8,273.7,8,7,9.1
76,261.9,264.6,9,6,9.1
77,301,273.7,10,7,9.1
78,312.8,264.6,8,6,9.1
79,351.9,273.7,9,7,9.1
80,91,294.6,10,6,9.1
81,102.8,303.7,8,7,9.1
82,141.9,294.6,9,6,9.1
83,181,303.7,10,7,9.1
84,192.8,294.6,8,6,9.1
85,231.9,303.7,9,7,9.1
86,271,294.6,10,6,9.1
87,282.8,303.7,8,7,9.1
88,321.9,294.6,9,6,9.1
89,361,303.7,10,7,9.1
90,72.8,324.6,8,6,9.1
91,111.9,333.7,9,7,9.1
92,151,324.6,10,6,9.1
93,162.8,333.7,8,7,9.1
94,201.9,324.6,9,6,9.1
95,241,333.7,10,7,9.1
96,252.8,324.6,8,6,9.1
98,331,324.6,10,6,9.1
99,342.8,333.7,8,7,9.1
100,81.9,354.6,9,6,9.1
102,132.8,354.6,8,6,9.1
103,171.9,363.7,9,7,9.1
104,211,354.6,10,6,9.1
105,222.8,363.7,8,7,9.1
106,261.9,354.6,9,6,9.1
107,301,363.7,10,7,9.1
108,312.8,354.6,8,6,9.1
109,351.9,363.7,9,7,9.1
110,91,384.6,10,6,9.1
111,102.8,393.7,8,7,9.1
112,141.9,384.6,9,6,9.1
113,181,393.7,10,7,9.1
114,192.8,384.6,8,6,9.1
115,231.9,393.7,9,7,9.1
116,271,384.6,10,6,9.1
117,282.8,393.7,8,7,9.1
118,321.9,384.6,9,6,9.1
119,361,393.7,10,7,9.1
120,72.8,414.6,8,6,9.1
121,111.9,423.7,9,7,9.1
122,151,414.6,10,6,9.1
123,162.8,423.7,8,7,9.1
124,201.9,414.6,9,6,9.1
125,241,423.7,10,7,9.1
126,252.8,414.6,8,6,9.1
127,291.9,423.7,9,7,9.1
128,331,414.6,10,6,9.1
129,342.8,423.7,8,7,9.1
131,121,453.7,10,7,9.1
13,172.8,94.4,9,7,9.2
46,262.8,175.2,9,6,9.2
97,292.8,334.4,9,7,9.2
101,122,364.4,10,7,9.2
130,82.8,445.2,9,6,9.2
1,112.8,64.4,9,7,9.2
3,163.6,64.4,8,7,9.2
5,242,64.4,10,7,9.2
7,292.8,64.4,9,7,9.2
8,332,55.2,10,6,9.2
9,343.6,64.4,8,7,9.2
10,82.8,85.2,9,6,9.2
11,122,94.4,10,7,9.2
12,133.6,85.2,8,6,9.2
14,212,85.2,10,6,9.2
15,223.6,94.4,8,7,9.2
16,262.8,85.2,9,6,9.2
17,302,94.4,10,7,9.2
18,313.6,85.2,8,6,9.2
19,352.8,94.4,9,7,9.2
20,92,115.2,10,6,9.2
21,103.6,124.4,8,7,9.2
22,142.8,115.2,9,6,9.2
23,182,124.4,10,7,9.2
24,193.6,115.2,8,6,9.2
26,272,115.2,10,6,9.2
27,283.6,124.4,8,7,9.2
28,322.8,115.2,9,6,9.2
29,362,124.4,10,7,9.2
30,73.6,145.2,8,6,9.2
31,112.8,154.4,9,7,9.2
32,152,145.2,10,6,9.2
33,163.6,154.4,8,7,9.2
34,202.8,145.2,9,6,9.2
35,242,154.4,10,7,9.2
36,253.6,145.2,8,6,9.2
37,292.8,154.4,9,7,9.2
38,332,145.2,10,6,9.2
39,343.6,154.4,8,7,9.2
40,82.8,175.2,9,6,9.2
41,122,184.4,10,7,9.2
42,133.6,175.2,8,6,9.2
43,172.8,184.4,9,7,9.2
44,212,175.2,10,6,9.2
45,223.6,184.4,8,7,9.2
47,302,184.4,10,7,9.2
48,313.6,175.2,8,6,9.2
49,352.8,184.4,9,7,9.2
50,92,205.2,10,6,9.2
51,103.6,214.4,8,7,9.2
52,142.8,205.2,9,6,9.2
53,182,214.4,10,7,9.2
54,193.6,205.2,8,6,9.2
55,232.8,214.4,9,7,9.2
56,272,205.2,10,6,9.2
57,283.6,214.4,8,7,9.2
58,322.8,205.2,9,6,9.2
59,362,214.4,10,7,9.2
60,73.6,235.2,8,6,9.2
61,112.8,244.4,9,7,9.2
62,152,235.2,10,6,9.2
63,163.6,244.4,8,7,9.2
64,202.8,235.2,9,6,9.2
65,242,244.4,10,7,9.2
66,253.6,235.2,8,6,9.2
67,292.8,244.4,9,7,9.2
68,332,235.2,10,6,9.2
69,343.6,244.4,8,7,9.2
70,82.8,265.2,9,6,9.2
71,122,274.4,10,7,9.2
72,133.6,265.2,8,6,9.2
73,172.8,274.4,9,7,9.2
74,212,265.2,10,6,9.2
75,223.6,274.4,8,7,9.2
76,262.8,265.2,9,6,9.2
77,302,274.4,10,7,9.2
78,313.6,265.2,8,6,9.2
79,352.8,274.4,9,7,9.2
80,92,295.2,10,6,9.2
81,103.6,304.4,8,7,9.2
82,142.8,295.2,9,6,9.2
83,182,304.4,10,7,9.2
84,193.6,295.2,8,6,9.2
85,232.8,304.4,9,7,9.2
86,272,295.2,10,6,9.2
87,283.6,304.4,8,7,9.2
88,322.8,295.2,9,6,9.2
89,362,304.4,10,7,9.2
90,73.6,325.2,8,6,9.2
91,112.8,334.4,9,7,9.2
92,152,325.2,10,6,9.2
93,163.6,334.4,8,7,9.2
94,202.8,325.2,9,6,9.2
95,242,334.4,10,7,9.2
96,253.6,325.2,8,6,9.2
98,332,325.2,10,6,9.2
99,343.6,334.4,8,7,9.2
100,82.8,355.2,9,6,9.2
102,133.6,355.2,8,6,9.2
103,172.8,364.4,9,7,9.2
104,212,355.2,10,6,9.2
105,223.6,364.4,8,7,9.2
106,262.8,355.2,9,6,9.2
107,302,364.4,10,7,9.2
108,313.6,355.2,8,6,9.2
109,352.8,364.4,9,7,9.2
110,92,385.2,10,6,9.2
111,103.6,394.4,8,7,9.2
112,142.8,385.2,9,6,9.2
113,182,394.4,10,7,9.2
114,193.6,385.2,8,6,9.2
115,232.8,394.4,9,7,9.2
116,272,385.2,10,6,9.2
117,283.6,394.4,8,7,9.2
118,322.8,385.2,9,6,9.2
119,362,394.4,10,7,9.2
120,73.6,415.2,8,6,9.2
121,112.8,424.4,9,7,9.2
122,152,415.2,10,6,9.2
123,163.6,424.4,8,7,9.2
124,202.8,415.2,9,6,9.2
125,242,424.4,10,7,9.2
126,253.6,415.2,8,6,9.2
127,292.8,424.4,9,7,9.2
128,332,415.2,10,6,9.2
129,343.6,424.4,8,7,9.2
131,122,454.4,10,7,9.2
13,173.7,95.1,9,7,9.3
46,263.7,175.8,9,6,9.3
97,293.7,335.1,9,7,9.3
101,123,365.1,10,7,9.3
130,83.7,445.8,9,6,9.3
1,113.7,65.1,9,7,9.3
3,164.4,65.1,8,7,9.3
5,243,65.1,10,7,9.3
7,293.7,65.1,9,7,9.3
8,333,55.8,10,6,9.3
9,344.4,65.1,8,7,9.3
10,83.7,85.8,9,6,9.3
11,123,95.1,10,7,9.3
12,134.4,85.8,8,6,9.3
14,213,85.8,10,6,9.3
15,224.4,95.1,8,7,9.3
16,263.7,85.8,9,6,9.3
17,303,95.1,10,7,9.3
18,314.4,85.8,8,6,9.3
19,353.7,95.1,9,7,9.3
20,93,115.8,10,6,9.3
21,104.4,125.1,8,7,9.3
22,143.7,115.8,9,6,9.3
23,183,125.1,10,7,9.3
24,194.4,115.8,8,6,9.3
26,273,115.8,10,6,9.3
27,284.4,125.1,8,7,9.3
28,323.7,115.8,9,6,9.3
29,363,125.1,10,7,9.3
30,74.4,145.8,8,6,9.3
31,113.7,155.1,9,7,9.3
32,153,145.8,10,6,9.3
33,164.4,155.1,8,7,9.3
34,203.7,145.8,9,6,9.3
35,243,155.1,10,7,9.3
36,254.4,145.8,8,6,9.3
37,293.7,155.1,9,7,9.3
38,333,145.8,10,6,9.3
39,344.4,155.1,8,7,9.3
40,83.7,175.8,9,6,9.3
41,123,185.1,10,7,9.3
42,134.4,175.8,8,6,9.3
43,173.7,185.1,9,7,9.3
44,213,175.8,10,6,9.3
45,224.4,185.1,8,7,9.3
47,303,185.1,10,7,9.3
48,314.4,175.8,8,6,9.3
49,353.7,185.1,9,7,9.3
50,93,205.8,10,6,9.3
51,104.4,215.1,8,7,9.3
52,143.7,205.8,9,6,9.3
53,183,215.1,10,7,9.3
54,194.4,205.8,8,6,9.3
55,233.7,215.1,9,7,9.3
56,273,205.8,10,6,9.3
57,284.4,215.1,8,7,9.3
58,323.7,205.8,9,6,9.3
59,363,215.1,10,7,9.3
60,74.4,235.8,8,6,9.3
61,113.7,245.1,9,7,9.3
62,153,235.8,10,6,9.3
63,164.4,245.1,8,7,9.3
64,203.7,235.8,9,6,9.3
65,243,245.1,10,7,9.3
66,254.4,235.8,8,6,9.3
67,293.7,245.1,9,7,9.3
68,333,235.8,10,6,9.3
69,344.4,245.1,8,7,9.3
70,83.7,265.8,9,6,9.3
71,123,275.1,10,7,9.3
72,134.4,265.8,8,6,9.3
73,173.7,275.1,9,7,9.3
74,213,265.8,10,6,9.3
75,224.4,275.1,8,7,9.3
76,263.7,265.8,9,6,9.3
77,303,275.1,10,7,9.3
78,314.4,265.8,8,6,9.3
79,353.7,275.1,9,7,9.3
80,93,295.8,10,6,9.3
81,104.4,305.1,8,7,9.3
82,143.7,295.8,9,6,9.3
83,183,305.1,10,7,9.3
84,194.4,295.8,8,6,9.3
85,233.7,305.1,9,7,9.3
86,273,295.8,10,6,9.3
87,284.4,305.1,8,7,9.3
88,323.7,295.8,9,6,9.3
89,363,305.1,10,7,9.3
90,74.4,325.8,8,6,9.3
91,113.7,335.1,9,7,9.3
92,153,325.8,10,6,9.3
93,164.4,335.1,8,7,9.3
94,203.7,325.8,9,6,9.3
95,243,335.1,10,7,9.3
96,254.4,325.8,8,6,9.3
98,333,325.8,10,6,9.3
99,344.4,335.1,8,7,9.3
100,83.7,355.8,9,6,9.3
102,134.4,355.8,8,6,9.3
103,173.7,365.1,9,7,9.3
104,213,355.8,10,6,9.3
105,224.4,365.1,8,7,9.3
106,263.7,355.8,9,6,9.3
107,303,365.1,10,7,9.3
108,314.4,355.8,8,6,9.3
109,353.7,365.1,9,7,9.3
110,93,385.8,10,6,9.3
111,104.4,395.1,8,7,9.3
112,143.7,385.8,9,6,9.3
113,183,395.1,10,7,9.3
114,194.4,385.8,8,6,9.3
115,233.7,395.1,9,7,9.3
116,273,385.8,10,6,9.3
117,284.4,395.1,8,7,9.3
118,323.7,385.8,9,6,9.3
119,363,395.1,10,7,9.3
120,74.4,415.8,8,6,9.3
121,113.7,425.1,9,7,9.3
122,153,415.8,10,6,9.3
123,164.4,425.1,8,7,9.3
124,203.7,415.8,9,6,9.3
125,243,425.1,10,7,9.3
126,254.4,415.8,8,6,9.3
127,293.7,425.1,9,7,9.3
128,333,415.8,10,6,9.3
129,344.4,425.1,8,7,9.3
131,123,455.1,10,7,9.3
13,174.6,95.8,9,7,9.4
46,264.6,176.4,9,6,9.4
97,294.6,335.8,9,7,9.4
101,124,365.8,10,7,9.4
130,84.6,446.4,9,6,9.4
1,114.6,65.8,9,7,9.4
3,165.2,65.8,8,7,9.4
5,244,65.8,10,7,9.4
7,294.6,65.8,9,7,9.4
8,334,56.4,10,6,9.4
9,345.2,65.8,8,7,9.4
10,84.6,86.4,9,6,9.4
11,124,95.8,10,7,9.4
12,135.2,86.4,8,6,9.4
14,214,86.4,10,6,9.4
15,225.2,95.8,8,7,9.4
16,264.6,86.4,9,6,9.4
17,304,95.8,10,7,9.4
18,315.2,86.4,8,6,9.4
19,354.6,95.8,9,7,9.4
20,94,116.4,10,6,9.4
21,105.2,125.8,8,7,9.4
22,144.6,116.4,9,6,9.4
23,184,125.8,10,7,9.4
24,195.2,116.4,8,6,9.4
26,274,116.4,10,6,9.4
27,285.2,125.8,8,7,9.4
28,324.6,116.4,9,6,9.4
29,364,125.8,10,7,9.4
30,75.2,146.4,8,6,9.4
31,114.6,155.8,9,7,9.4
32,154,146.4,10,6,9.4
33,165.2,155.8,8,7,9.4
34,204.6,146.4,9,6,9.4
35,244,155.8,10,7,9.4
36,255.2,146.4,8,6,9.4
37,294.6,155.8,9,7,9.4
38,334,146.4,10,6,9.4
39,345.2,155.8,8,7,9.4
40,84.6,176.4,9,6,9.4
41,124,185.8,10,7,9.4
42,135.2,176.4,8,6,9.4
43,174.6,185.8,9,7,9.4
44,214,176.4,10,6,9.4
45,225.2,185.8,8,7,9.4
47,304,185.8,10,7,9.4
48,315.2,176.4,8,6,9.4
49,354.6,185.8,9,7,9.4
50,94,206.4,10,6,9.4
51,105.2,215.8,8,7,9.4
52,144.6,206.4,9,6,9.4
53,184,215.8,10,7,9.4
54,195.2,206.4,8,6,9.4
55,234.6,215.8,9,7,9.4
56,274,206.4,10,6,9.4
57,285.2,215.8,8,7,9.4
58,324.6,206.4,9,6,9.4
59,364,215.8,10,7,9.4
60,75.2,236.4,8,6,9.4
61,114.6,245.8,9,7,9.4
62,154,236.4,10,6,9.4
63,165.2,245.8,8,7,9.4
64,204.6,236.4,9,6,9.4
65,244,245.8,10,7,9.4
66,255.2,236.4,8,6,9.4
67,294.6,245.8,9,7,9.4
68,334,236.4,10,6,9.4
69,345.2,245.8,8,7,9.4
70,84.6,266.4,9,6,9.4
71,124,275.8,10,7,9.4
72,135.2,266.4,8,6,9.4
73,174.6,275.8,9,7,9.4
74,214,266.4,10,6,9.4
75,225.2,275.8,8,7,9.4
76,264.6,266.4,9,6,9.4
77,304,275.8,10,7,9.4
78,315.2,266.4,8,6,9.4
79,354.6,275.8,9,7,9.4
80,94,296.4,10,6,9.4
81,105.2,305.8,8,7,9.4
82,144.6,296.4,9,6,9.4
83,184,305.8,10,7,9.4
84,195.2,296.4,8,6,9.4
85,234.6,305.8,9,7,9.4
86,274,296.4,10,6,9.4
87,285.2,305.8,8,7,9.4
88,324.6,296.4,9,6,9.4
89,364,305.8,10,7,9.4
90,75.2,326.4,8,6,9.4
91,114.6,335.8,9,7,9.4
92,154,326.4,10,6,9.4
93,165.2,335.8,8,7,9.4
94,204.6,326.4,9,6,9.4
95,244,335.8,10,7,9.4
96,255.2,326.4,8,6,9.4
98,334,326.4,10,6,9.4
99,345.2,335.8,8,7,9.4
100,84.6,356.4,9,6,9.4
102,135.2,356.4,8,6,9.4
103,174.6,365.8,9,7,9.4
104,214,356.4,10,6,9.4
105,225.2,365.8,8,7,9.4
106,264.6,356.4,9,6,9.4
107,304,365.8,10,7,9.4
108,315.2,356.4,8,6,9.4
109,354.6,365.8,9,7,9.4
110,94,386.4,10,6,9.4
111,105.2,395.8,8,7,9.4
112,144.6,386.4,9,6,9.4
113,184,395.8,10,7,9.4
114,195.2,386.4,8,6,9.4
115,234.6,395.8,9,7,9.4
116,274,386.4,10,6,9.4
117,285.2,395.8,8,7,9.4
118,324.6,386.4,9,6,9.4
119,364,395.8,10,7,9.4
120,75.2,416.4,8,6,9.4
121,114.6,425.8,9,7,9.4
122,154,416.4,10,6,9.4
123,165.2,425.8,8,7,9.4
124,204.6,416.4,9,6,9.4
125,244,425.8,10,7,9.4
126,255.2,416.4,8,6,9.4
127,294.6,425.8,9,7,9.4
128,334,416.4,10,6,9.4
129,345.2,425.8,8,7,9.4
131,124,455.8,10,7,9.4
13,175.5,96.5,9,7,9.5
46,265.5,177,9,6,9.5
97,295.5,336.5,9,7,9.5
101,125,366.5,10,7,9.5
130,85.5,447,9,6,9.5
1,115.5,66.5,9,7,9.5
3,166,66.5,8,7,9.5
5,245,66.5,10,7,9.5
7,295.5,66.5,9,7,9.5
8,335,57,10,6,9.5
9,346,66.5,8,7,9.5
10,85.5,87,9,6,9.5
11,125,96.5,10,7,9.5
12,136,87,8,6,9.5
14,215,87,10,6,9.5
15,226,96.5,8,7,9.5
16,265.5,87,9,6,9.5
17,305,96.5,10,7,9.5
18,316,87,8,6,9.5
19,355.5,96.5,9,7,9.5
20,95,117,10,6,9.5
21,106,126.5,8,7,9.5
22,145.5,117,9,6,9.5
23,185,126.5,10,7,9.5
24,196,117,8,6,9.5
26,275,117,10,6,9.5
27,286,126.5,8,7,9.5
28,325.5,117,9,6,9.5
29,365,126.5,10,7,9.5
30,76,147,8,6,9.5
31,115.5,156.5,9,7,9.5
32,155,147,10,6,9.5
33,166,156.5,8,7,9.5
34,205.5,147,9,6,9.5
35,245,156.5,10,7,9.5
36,256,147,8,6,9.5
37,295.5,156.5,9,7,9.5
38,335,147,10,6,9.5
39,346,156.5,8,7,9.5
40,85.5,177,9,6,9.5
41,125,186.5,10,7,9.5
42,136,177,8,6,9.5
43,175.5,186.5,9,7,9.5
44,215,177,10,6,9.5
45,226,186.5,8,7,9.5
47,305,186.5,10,7,9.5
48,316,177,8,6,9.5
49,355.5,186.5,9,7,9.5
50,95,207,10,6,9.5
51,106,216.5,8,7,9.5
52,145.5,207,9,6,9.5
53,185,216.5,10,7,9.5
54,196,207,8,6,9.5
55,235.5,216.5,9,7,9.5
56,275,207,10,6,9.5
57,286,216.5,8,7,9.5
58,325.5,207,9,6,9.5
59,365,216.5,10,7,9.5
60,76,237,8,6,9.5
61,115.5,246.5,9,7,9.5
62,155,237,10,6,9.5
63,166,246.5,8,7,9.5
64,205.5,237,9,6,9.5
65,245,246.5,10,7,9.5
66,256,237,8,6,9.5
67,295.5,246.5,9,7,9.5
68,335,237,10,6,9.5
69,346,246.5,8,7,9.5
70,85.5,267,9,6,9.5
71,125,276.5,10,7,9.5
72,136,267,8,6,9.5
73,175.5,276.5,9,7,9.5
74,215,267,10,6,9.5
75,226,276.5,8,7,9.5
76,265.5,267,9,6,9.5
77,305,276.5,10,7,9.5
78,316,267,8,6,9.5
79,355.5,276.5,9,7,9.5
80,95,297,10,6,9.5
81,106,306.5,8,7,9.5
82,145.5,297,9,6,9.5
83,185,306.5,10,7,9.5
84,196,297,8,6,9.5
85,235.5,306.5,9,7,9.5
86,275,297,10,6,9.5
87,286,306.5,8,7,9.5
88,325.5,297,9,6,9.5
89,365,306.5,10,7,9.5
90,76,327,8,6,9.5
91,115.5,336.5,9,7,9.5
92,155,327,10,6,9.5
93,166,336.5,8,7,9.5
94,205.5,327,9,6,9.5
95,245,336.5,10,7,9.5
96,256,327,8,6,9.5
98,335,327,10,6,9.5
99,346,336.5,8,7,9.5
100,85.5,357,9,6,9.5
102,136,357,8,6,9.5
103,175.5,366.5,9,7,9.5
104,215,357,10,6,9.5
105,226,366.5,8,7,9.5
106,265.5,357,9,6,9.5
107,305,366.5,10,7,9.5
108,316,357,8,6,9.5
109,355.5,366.5,9,7,9.5
110,95,387,10,6,9.5
111,106,396.5,8,7,9.5
112,145.5,387,9,6,9.5
113,185,396.5,10,7,9.5
114,196,387,8,6,9.5
115,235.5,396.5,9,7,9.5
116,275,387,10,6,9.5
117,286,396.5,8,7,9.5
118,325.5,387,9,6,9.5
119,365,396.5,10,7,9.5
120,76,417,8,6,9.5
121,115.5,426.5,9,7,9.5
122,155,417,10,6,9.5
123,166,426.5,8,7,9.5
124,205.5,417,9,6,9.5
125,245,426.5,10,7,9.5
126,256,417,8,6,9.5
127,295.5,426.5,9,7,9.5
128,335,417,10,6,9.5
129,346,426.5,8,7,9.5
131,125,456.5,10,7,9.5
13,176.4,97.2,9,7,9.6
46,266.4,177.6,9,6,9.6
97,296.4,337.2,9,7,9.6
101,126,367.2,10,7,9.6
130,86.4,447.6,9,6,9.6
1,116.4,67.2,9,7,9.6
3,166.8,67.2,8,7,9.6
5,246,67.2,10,7,9.6
7,296.4,67.2,9,7,9.6
8,336,57.6,10,6,9.6
9,346.8,67.2,8,7,9.6
10,86.4,87.6,9,6,9.6
11,126,97.2,10,7,9.6
12,136.8,87.6,8,6,9.6
14,216,87.6,10,6,9.6
15,226.8,97.2,8,7,9.6
16,266.4,87.6,9,6,9.6
17,306,97.2,10,7,9.6
18,316.8,87.6,8,6,9.6
19,356.4,97.2,9,7,9.6
20,96,117.6,10,6,9.6
21,106.8,127.2,8,7,9.6
22,146.4,117.6,9,6,9.6
23,186,127.2,10,7,9.6
24,196.8,117.6,8,6,9.6
26,276,117.6,10,6,9.6
27,286.8,127.2,8,7,9.6
28,326.4,117.6,9,6,9.6
29,366,127.2,10,7,9.6
30,76.8,147.6,8,6,9.6
31,116.4,157.2,9,7,9.6
32,156,147.6,10,6,9.6
33,166.8,157.2,8,7,9.6
34,206.4,147.6,9,6,9.6
35,246,157.2,10,7,9.6
36,256.8,147.6,8,6,9.6
37,296.4,157.2,9,7,9.6
38,336,147.6,10,6,9.6
39,346.8,157.2,8,7,9.6
40,86.4,177.6,9,6,9.6
41,126,187.2,10,7,9.6
42,136.8,177.6,8,6,9.6
43,176.4,187.2,9,7,9.6
44,216,177.6,10,6,9.6
45,226.8,187.2,8,7,9.6
47,306,187.2,10,7,9.6
48,316.8,177.6,8,6,9.6
49,356.4,187.2,9,7,9.6
50,96,207.6,10,6,9.6
51,106.8,217.2,8,7,9.6
52,146.4,207.6,9,6,9.6
53,186,217.2,10,7,9.6
54,196.8,207.6,8,6,9.6
55,236.4,217.2,9,7,9.6
56,276,207.6,10,6,9.6
57,286.8,217.2,8,7,9.6
58,326.4,207.6,9,6,9.6
59,366,217.2,10,7,9.6
60,76.8,237.6,8,6,9.6
61,116.4,247.2,9,7,9.6
62,156,237.6,10,6,9.6
63,166.8,247.2,8,7,9.6
64,206.4,237.6,9,6,9.6
65,246,247.2,10,7,9.6
66,256.8,237.6,8,6,9.6
67,296.4,247.2,9,7,9.6
68,336,237.6,10,6,9.6
69,346.8,247.2,8,7,9.6
70,86.4,267.6,9,6,9.6
71,126,277.2,10,7,9.6
72,136.8,267.6,8,6,9.6
73,176.4,277.2,9,7,9.6
74,216,267.6,10,6,9.6
75,226.8,277.2,8,7,9.6
76,266.4,267.6,9,6,9.6
77,306,277.2,10,7,9.6
78,316.8,267.6,8,6,9.6
79,356.4,277.2,9,7,9.6
80,96,297.6,10,6,9.6
81,106.8,307.2,8,7,9.6
82,146.4,297.6,9,6,9.6
83,186,307.2,10,7,9.6
84,196.8,297.6,8,6,9.6
85,236.4,307.2,9,7,9.6
86,276,297.6,10,6,9.6
87,286.8,307.2,8,7,9.6
88,326.4,297.6,9,6,9.6
89,366,307.2,10,7,9.6
90,76.8,327.6,8,6,9.6
91,116.4,337.2,9,7,9.6
92,156,327.6,10,6,9.6
93,166.8,337.2,8,7,9.6
94,206.4,327.6,9,6,9.6
95,246,337.2,10,7,9.6
96,256.8,327.6,8,6,9.6
98,336,327.6,10,6,9.6
99,346.8,337.2,8,7,9.6
100,86.4,357.6,9,6,9.6
102,136.8,357.6,8,6,9.6
103,176.4,367.2,9,7,9.6
104,216,357.6,10,6,9.6
105,226.8,367.2,8,7,9.6
106,266.4,357.6,9,6,9.6
107,306,367.2,10,7,9.6
108,316.8,357.6,8,6,9.6
109,356.4,367.2,9,7,9.6
110,96,387.6,10,6,9.6
111,106.8,397.2,8,7,9.6
112,146.4,387.6,9,6,9.6
113,186,397.2,10,7,9.6
114,196.8,387.6,8,6,9.6
115,236.4,397.2,9,7,9.6
116,276,387.6,10,6,9.6
117,286.8,397.2,8,7,9.6
118,326.4,387.6,9,6,9.6
119,366,397.2,10,7,9.6
120,76.8,417.6,8,6,9.6
121,116.4,427.2,9,7,9.6
122,156,417.6,10,6,9.6
123,166.8,427.2,8,7,9.6
124,206.4,417.6,9,6,9.6
125,246,427.2,10,7,9.6
126,256.8,417.6,8,6,9.6
127,296.4,427.2,9,7,9.6
128,336,417.6,10,6,9.6
129,346.8,427.2,8,7,9.6
131,126,457.2,10,7,9.6
13,177.3,97.9,9,7,9.7
46,267.3,178.2,9,6,9.7
97,297.3,337.9,9,7,9.7
101,127,367.9,10,7,9.7
130,87.3,448.2,9,6,9.7
1,117.3,67.9,9,7,9.7
3,167.6,67.9,8,7,9.7
5,247,67.9,10,7,9.7
7,297.3,67.9,9,7,9.7
8,337,58.2,10,6,9.7
9,347.6,67.9,8,7,9.7
10,87.3,88.2,9,6,9.7
11,127,97.9,10,7,9.7
12,137.6,88.2,8,6,9.7
14,217,88.2,10,6,9.7
15,227.6,97.9,8,7,9.7
16,267.3,88.2,9,6,9.7
17,307,97.9,10,7,9.7
18,317.6,88.2,8,6,9.7
19,357.3,97.9,9,7,9.7
20,97,118.2,10,6,9.7
21,107.6,127.9,8,7,9.7
22,147.3,118.2,9,6,9.7
23,187,127.9,10,7,9.7
24,197.6,118.2,8,6,9.7
26,277,118.2,10,6,9.7
27,287.6,127.9,8,7,9.7
28,327.3,118.2,9,6,9.7
29,367,127.9,10,7,9.7
30,77.6,148.2,8,6,9.7
31,117.3,157.9,9,7,9.7
32,157,148.2,10,6,9.7
33,167.6,157.9,8,7,9.7
34,207.3,148.2,9,6,9.7
35,247,157.9,10,7,9.7
36,257.6,148.2,8,6,9.7
37,297.3,157.9,9,7,9.7
38,337,148.2,10,6,9.7
39,347.6,157.9,8,7,9.7
40,87.3,178.2,9,6,9.7
41,127,187.9,10,7,9.7
42,137.6,178.2,8,6,9.7
43,177.3,187.9,9,7,9.7
44,217,178.2,10,6,9.7
45,227.6,187.9,8,7,9.7
47,307,187.9,10,7,9.7
48,317.6,178.2,8,6,9.7
49,357.3,187.9,9,7,9.7
50,97,208.2,10,6,9.7
51,107.6,217.9,8,7,9.7
52,147.3,208.2,9,6,9.7
53,187,217.9,10,7,9.7
54,197.6,208.2,8,6,9.7
55,237.3,217.9,9,7,9.7
56,277,208.2,10,6,9.7
57,287.6,217.9,8,7,9.7
58,327.3,208.2,9,6,9.7
59,367,217.9,10,7,9.7
60,77.6,238.2,8,6,9.7
61,117.3,247.9,9,7,9.7
62,157,238.2,10,6,9.7
63,167.6,247.9,8,7,9.7
64,207.3,238.2,9,6,9.7
65,247,247.9,10,7,9.7
66,257.6,238.2,8,6,9.7
67,297.3,247.9,9,7,9.7
68,337,238.2,10,6,9.7
69,347.6,247.9,8,7,9.7
70,87.3,268.2,9,6,9.7
71,127,277.9,10,7,9.7
72,137.6,268.2,8,6,9.7
73,177.3,277.9,9,7,9.7
74,217,268.2,10,6,9.7
75,227.6,277.9,8,7,9.7
76,267.3,268.2,9,6,9.7
77,307,277.9,10,7,9.7
78,317.6,268.2,8,6,9.7
79,357.3,277.9,9,7,9.7
80,97,298.2,10,6,9.7
81,107.6,307.9,8,7,9.7
82,147.3,298.2,9,6,9.7
83,187,307.9,10,7,9.7
84,197.6,298.2,8,6,9.7
85,237.3,307.9,9,7,9.7
86,277,298.2,10,6,9.7
87,287.6,307.9,8,7,9.7
88,327.3,298.2,9,6,9.7
89,367,307.9,10,7,9.7
90,77.6,328.2,8,6,9.7
91,117.3,337.9,9,7,9.7
92,157,328.2,10,6,9.7
93,167.6,337.9,8,7,9.7
94,207.3,328.2,9,6,9.7
95,247,337.9,10,7,9.7
96,257.6,328.2,8,6,9.7
98,337,328.2,10,6,9.7
99,347.6,337.9,8,7,9.7
100,87.3,358.2,9,6,9.7
102,137.6,358.2,8,6,9.7
103,177.3,367.9,9,7,9.7
104,217,358.2,10,6,9.7
105,227.6,367.9,8,7,9.7
106,267.3,358.2,9,6,9.7
107,307,367.9,10,7,9.7
108,317.6,358.2,8,6,9.7
109,357.3,367.9,9,7,9.7
110,97,388.2,10,6,9.7
111,107.6,397.9,8,7,9.7
112,147.3,388.2,9,6,9.7
113,187,397.9,10,7,9.7
114,197.6,388.2,8,6,9.7
115,237.3,397.9,9,7,9.7
116,277,388.2,10,6,9.7
117,287.6,397.9,8,7,9.7
118,327.3,388.2,9,6,9.7
119,367,397.9,10,7,9.7
120,77.6,418.2,8,6,9.7
121,117.3,427.9,9,7,9.7
122,157,418.2,10,6,9.7
123,167.6,427.9,8,7,9.7
124,207.3,418.2,9,6,9.7
125,247,427.9,10,7,9.7
126,257.6,418.2,8,6,9.7
127,297.3,427.9,9,7,9.7
128,337,418.2,10,6,9.7
129,347.6,427.9,8,7,9.7
131,127,457.9,10,7,9.7
13,178.2,98.6,9,7,9.8
46,268.2,178.8,9,6,9.8
97,298.2,338.6,9,7,9.8
101,128,368.6,10,7,9.8
130,88.2,448.8,9,6,9.8
1,118.2,68.6,9,7,9.8
3,168.4,68.6,8,7,9.8
5,248,68.6,10,7,9.8
7,298.2,68.6,9,7,9.8
8,338,58.8,10,6,9.8
9,348.4,68.6,8,7,9.8
10,88.2,88.8,9,6,9.8
11,128,98.6,10,7,9.8
12,138.4,88.8,8,6,9.8
14,218,88.8,10,6,9.8
15,228.4,98.6,8,7,9.8
16,268.2,88.8,9,6,9.8
17,308,98.6,10,7,9.8
18,318.4,88.8,8,6,9.8
19,358.2,98.6,9,7,9.8
20,98,118.8,10,6,9.8
21,108.4,128.6,8,7,9.8
22,148.2,118.8,9,6,9.8
23,188,128.6,10,7,9.8
24,198.4,118.8,8,6,9.8
26,278,118.8,10,6,9.8
27,288.4,128.6,8,7,9.8
28,328.2,118.8,9,6,9.8
29,368,128.6,10,7,9.8
30,78.4,148.8,8,6,9.8
31,118.2,158.6,9,7,9.8
32,158,148.8,10,6,9.8
33,168.4,158.6,8,7,9.8
34,208.2,148.8,9,6,9.8
35,248,158.6,10,7,9.8
36,258.4,148.8,8,6,9.8
37,298.2,158.6,9,7,9.8
38,338,148.8,10,6,9.8
39,348.4,158.6,8,7,9.8
40,88.2,178.8,9,6,9.8
41,128,188.6,10,7,9.8
42,138.4,178.8,8,6,9.8
43,178.2,188.6,9,7,9.8
44,218,178.8,10,6,9.8
45,228.4,188.6,8,7,9.8
47,308,188.6,10,7,9.8
48,318.4,178.8,8,6,9.8
49,358.2,188.6,9,7,9.8
50,98,208.8,10,6,9.8
51,108.4,218.6,8,7,9.8
52,148.2,208.8,9,6,9.8
53,188,218.6,10,7,9.8
54,198.4,208.8,8,6,9.8
55,238.2,218.6,9,7,9.8
56,278,208.8,10,6,9.8
57,288.4,218.6,8,7,9.8
58,328.2,208.8,9,6,9.8
59,368,218.6,10,7,9.8
60,78.4,238.8,8,6,9.8
61,118.2,248.6,9,7,9.8
62,158,238.8,10,6,9.8
63,168.4,248.6,8,7,9.8
64,208.2,238.8,9,6,9.8
65,248,248.6,10,7,9.8
66,258.4,238.8,8,6,9.8
67,298.2,248.6,9,7,9.8
68,338,238.8,10,6,9.8
69,348.4,248.6,8,7,9.8
70,88.2,268.8,9,6,9.8
71,128,278.6,10,7,9.8
72,138.4,268.8,8,6,9.8
73,178.2,278.6,9,7,9.8
74,218,268.8,10,6,9.8
75,228.4,278.6,8,7,9.8
76,268.2,268.8,9,6,9.8
77,308,278.6,10,7,9.8
78,318.4,268.8,8,6,9.8
79,358.2,278.6,9,7,9.8
80,98,298.8,10,6,9.8
81,108.4,308.6,8,7,9.8
82,148.2,298.8,9,6,9.8
83,188,308.6,10,7,9.8
84,198.4,298.8,8,6,9.8
85,238.2,308.6,9,7,9.8
86,278,298.8,10,6,9.8
87,288.4,308.6,8,7,9.8
88,328.2,298.8,9,6,9.8
89,368,308.6,10,7,9.8
90,78.4,328.8,8,6,9.8
91,118.2,338.6,9,7,9.8
92,158,328.8,10,6,9.8
93,168.4,338.6,8,7,9.8
94,208.2,328.8,9,6,9.8
95,248,338.6,10,7,9.8
96,258.4,328.8,8,6,9.8
98,338,328.8,10,6,9.8
99,348.4,338.6,8,7,9.8
100,88.2,358.8,9,6,9.8
102,138.4,358.8,8,6,9.8
103,178.2,368.6,9,7,9.8
104,218,358.8,10,6,9.8
105,228.4,368.6,8,7,9.8
106,268.2,358.8,9,6,9.8
107,308,368.6,10,7,9.8
108,318.4,358.8,8,6,9.8
109,358.2,368.6,9,7,9.8
110,98,388.8,10,6,9.8
111,108.4,398.6,8,7,9.8
112,148.2,388.8,9,6,9.8
113,188,398.6,10,7,9.8
114,198.4,388.8,8,6,9.8
115,238.2,398.6,9,7,9.8
116,278,388.8,10,6,9.8
117,288.4,398.6,8,7,9.8
118,328.2,388.8,9,6,9.8
119,368,398.6,10,7,9.8
120,78.4,418.8,8,6,9.8
121,118.2,428.6,9,7,9.8
122,158,418.8,10,6,9.8
123,168.4,428.6,8,7,9.8
124,208.2,418.8,9,6,9.8
125,248,428.6,10,7,9.8
126,258.4,418.8,8,6,9.8
127,298.2,428.6,9,7,9.8
128,338,418.8,10,6,9.8
129,348.4,428.6,8,7,9.8
131,128,458.6,10,7,9.8
13,179.1,99.3,9,7,9.9
46,269.1,179.4,9,6,9.9
97,299.1,339.3,9,7,9.9
101,129,369.3,10,7,9.9
130,89.1,449.4,9,6,9.9
1,119.1,69.3,9,7,9.9
3,169.2,69.3,8,7,9.9
5,249,69.3,10,7,9.9
7,299.1,69.3,9,7,9.9
8,339,59.4,10,6,9.9
9,349.2,69.3,8,7,9.9
10,89.1,89.4,9,6,9.9
11,129,99.3,10,7,9.9
12,139.2,89.4,8,6,9.9
14,219,89.4,10,6,9.9
15,229.2,99.3,8,7,9.9
16,269.1,89.4,9,6,9.9
17,309,99.3,10,7,9.9
18,319.2,89.4,8,6,9.9
19,359.1,99.3,9,7,9.9
20,99,119.4,10,6,9.9
21,109.2,129.3,8,7,9.9
22,149.1,119.4,9,6,9.9
23,189,129.3,10,7,9.9
24,199.2,119.4,8,6,9.9
26,279,119.4,10,6,9.9
27,289.2,129.3,8,7,9.9
28,329.1,119.4,9,6,9.9
29,369,129.3,10,7,9.9
30,79.2,149.4,8,6,9.9
31,119.1,159.3,9,7,9.9
32,159,149.4,10,6,9.9
33,169.2,159.3,8,7,9.9
34,209.1,149.4,9,6,9.9
35,249,159.3,10,7,9.9
36,259.2,149.4,8,6,9.9
37,299.1,159.3,9,7,9.9
38,339,149.4,10,6,9.9
39,349.2,159.3,8,7,9.9
40,89.1,179.4,9,6,9.9
41,129,189.3,10,7,9.9
42,139.2,179.4,8,6,9.9
43,179.1,189.3,9,7,9.9
44,219,179.4,10,6,9.9
45,229.2,189.3,8,7,9.9
47,309,189.3,10,7,9.9
48,319.2,179.4,8,6,9.9
49,359.1,189.3,9,7,9.9
50,99,209.4,10,6,9.9
51,109.2,219.3,8,7,9.9
52,149.1,209.4,9,6,9.9
53,189,219.3,10,7,9.9
54,199.2,209.4,8,6,9.9
55,239.1,219.3,9,7,9.9
56,279,209.4,10,6,9.9
57,289.2,219.3,8,7,9.9
58,329.1,209.4,9,6,9.9
59,369,219.3,10,7,9.9
60,79.2,239.4,8,6,9.9
61,119.1,249.3,9,7,9.9
62,159,239.4,10,6,9.9
63,169.2,249.3,8,7,9.9
64,209.1,239.4,9,6,9.9
65,249,249.3,10,7,9.9
66,259.2,239.4,8,6,9.9
67,299.1,249.3,9,7,9.9
68,339,239.4,10,6,9.9
69,349.2,249.3,8,7,9.9
70,89.1,269.4,9,6,9.9
71,129,279.3,10,7,9.9
72,139.2,269.4,8,6,9.9
73,179.1,279.3,9,7,9.9
74,219,269.4,10,6,9.9
75,229.2,279.3,8,7,9.9
76,269.1,269.4,9,6,9.9
77,309,279.3,10,7,9.9
78,319.2,269.4,8,6,9.9
79,359.1,279.3,9,7,9.9
80,99,299.4,10,6,9.9
81,109.2,309.3,8,7,9.9
82,149.1,299.4,9,6,9.9
83,189,309.3,10,7,9.9
84,199.2,299.4,8,6,9.9
85,239.1,309.3,9,7,9.9
86,279,299.4,10,6,9.9
87,289.2,309.3,8,7,9.9
88,329.1,299.4,9,6,9.9
89,369,309.3,10,7,9.9
90,79.2,329.4,8,6,9.9
91,119.1,339.3,9,7,9.9
92,159,329.4,10,6,9.9
93,169.2,339.3,8,7,9.9
94,209.1,329.4,9,6,9.9
95,249,339.3,10,7,9.9
96,259.2,329.4,8,6,9.9
98,339,329.4,10,6,9.9
99,349.2,339.3,8,7,9.9
100,89.1,359.4,9,6,9.9
102,139.2,359.4,8,6,9.9
103,179.1,369.3,9,7,9.9
104,219,359.4,10,6,9.9
105,229.2,369.3,8,7,9.9
106,269.1,359.4,9,6,9.9
107,309,369.3,10,7,9.9
108,319.2,359.4,8,6,9.9
109,359.1,369.3,9,7,9.9
110,99,389.4,10,6,9.9
111,109.2,399.3,8,7,9.9
112,149.1,389.4,9,6,9.9
113,189,399.3,10,7,9.9
114,199.2,389.4,8,6,9.9
115,239.1,399.3,9,7,9.9
116,279,389.4,10,6,9.9
117,289.2,399.3,8,7,9.9
118,329.1,389.4,9,6,9.9
119,369,399.3,10,7,9.9
120,79.2,419.4,8,6,9.9
121,119.1,429.3,9,7,9.9
122,159,419.4,10,6,9.9
123,169.2,429.3,8,7,9.9
124,209.1,419.4,9,6,9.9
125,249,429.3,10,7,9.9
126,259.2,419.4,8,6,9.9
127,299.1,429.3,9,7,9.9
128,339,419.4,10,6,9.9
129,349.2,429.3,8,7,9.9
131,129,459.3,10,7,9.9
13,180,100,9,7,10
46,270,180,9,6,10
97,300,340,9,7,10
101,130,370,10,7,10
130,90,450,9,6,10
1,120,70,9,7,10
3,170,70,8,7,10
5,250,70,10,7,10
7,300,70,9,7,10
8,340,60,10,6,10
9,350,70,8,7,10
10,90,90,9,6,10
11,130,100,10,7,10
12,140,90,8,6,10
14,220,90,10,6,10
15,230,100,8,7,10
16,270,90,9,6,10
17,310,100,10,7,10
18,320,90,8,6,10
19,360,100,9,7,10
20,100,120,10,6,10
21,110,130,8,7,10
22,150,120,9,6,10
23,190,130,10,7,10
24,200,120,8,6,10
26,280,120,10,6,10
27,290,130,8,7,10
28,330,120,9,6,10
29,370,130,10,7,10
30,80,150,8,6,10
31,120,160,9,7,10
32,160,150,10,6,10
33,170,160,8,7,10
34,210,150,9,6,10
35,250,160,10,7,10
36,260,150,8,6,10
37,300,160,9,7,10
38,340,150,10,6,10
39,350,160,8,7,10
40,90,180,9,6,10
41,130,190,10,7,10
42,140,180,8,6,10
43,180,190,9,7,10
44,220,180,10,6,10
45,230,190,8,7,10
47,310,190,10,7,10
48,320,180,8,6,10
49,360,190,9,7,10
50,100,210,10,6,10
51,110,220,8,7,10
52,150,210,9,6,10
53,190,220,10,7,10
54,200,210,8,6,10
55,240,220,9,7,10
56,280,210,10,6,10
57,290,220,8,7,10
58,330,210,9,6,10
59,370,220,10,7,10
60,80,240,8,6,10
61,120,250,9,7,10
62,160,240,10,6,10
63,170,250,8,7,10
64,210,240,9,6,10
65,250,250,10,7,10
66,260,240,8,6,10
67,300,250,9,7,10
68,340,240,10,6,10
69,350,250,8,7,10
70,90,270,9,6,10
71,130,280,10,7,10
72,140,270,8,6,10
73,180,280,9,7,10
74,220,270,10,6,10
75,230,280,8,7,10
76,270,270,9,6,10
77,310,280,10,7,10
78,320,270,8,6,10
79,360,280,9,7,10
80,100,300,10,6,10
81,110,310,8,7,10
82,150,300,9,6,10
83,190,310,10,7,10
84,200,300,8,6,10
85,240,310,9,7,10
86,280,300,10,6,10
87,290,310,8,7,10
88,330,300,9,6,10
89,370,310,10,7,10
90,80,330,8,6,10
91,120,340,9,7,10
92,160,330,10,6,10
93,170,340,8,7,10
94,210,330,9,6,10
95,250,340,10,7,10
96,260,330,8,6,10
98,340,330,10,6,10
99,350,340,8,7,10
100,90,360,9,6,10
102,140,360,8,6,10
103,180,370,9,7,10
104,220,360,10,6,10
105,230,370,8,7,10
106,270,360,9,6,10
107,310,370,10,7,10
108,320,360,8,6,10
109,360,370,9,7,10
110,100,390,10,6,10
111,110,400,8,7,10
112,150,390,9,6,10
113,190,400,10,7,10
114,200,390,8,6,10
115,240,400,9,7,10
116,280,390,10,6,10
117,290,400,8,7,10
118,330,390,9,6,10
119,370,400,10,7,10
120,80,420,8,6,10
121,120,430,9,7,10
122,160,420,10,6,10
123,170,430,8,7,10
124,210,420,9,6,10
125,250,430,10,7,10
126,260,420,8,6,10
127,300,430,9,7,10
128,340,420,10,6,10
129,350,430,8,7,10
131,130,460,10,7,10
13,180.9,100.7,9,7,10.1
46,270.9,180.6,9,6,10.1
97,300.9,340.7,9,7,10.1
101,131,370.7,10,7,10.1
130,90.9,450.6,9,6,10.1
1,120.9,70.7,9,7,10.1
3,170.8,70.7,8,7,10.1
5,251,70.7,10,7,10.1
7,300.9,70.7,9,7,10.1
8,341,60.6,10,6,10.1
9,350.8,70.7,8,7,10.1
10,90.9,90.6,9,6,10.1
11,131,100.7,10,7,10.1
12,140.8,90.6,8,6,10.1
14,221,90.6,10,6,10.1
15,230.8,100.7,8,7,10.1
16,270.9,90.6,9,6,10.1
17,311,100.7,10,7,10.1
18,320.8,90.6,8,6,10.1
19,360.9,100.7,9,7,10.1
20,101,120.6,10,6,10.1
21,110.8,130.7,8,7,10.1
22,150.9,120.6,9,6,10.1
23,191,130.7,10,7,10.1
24,200.8,120.6,8,6,10.1
26,281,120.6,10,6,10.1
27,290.8,130.7,8,7,10.1
28,330.9,120.6,9,6,10.1
29,371,130.7,10,7,10.1
30,80.8,150.6,8,6,10.1
31,120.9,160.7,9,7,10.1
32,161,150.6,10,6,10.1
33,170.8,160.7,8,7,10.1
34,210.9,150.6,9,6,10.1
35,251,160.7,10,7,10.1
36,260.8,150.6,8,6,10.1
37,300.9,160.7,9,7,10.1
38,341,150.6,10,6,10.1
39,350.8,160.7,8,7,10.1
40,90.9,180.6,9,6,10.1
41,131,190.7,10,7,10.1
42,140.8,180.6,8,6,10.1
43,180.9,190.7,9,7,10.1
44,221,180.6,10,6,10.1
45,230.8,190.7,8,7,10.1
47,311,190.7,10,7,10.1
48,320.8,180.6,8,6,10.1
49,360.9,190.7,9,7,10.1
50,101,210.6,10,6,10.1
51,110.8,220.7,8,7,10.1
52,150.9,210.6,9,6,10.1
53,191,220.7,10,7,10.1
54,200.8,210.6,8,6,10.1
55,240.9,220.7,9,7,10.1
56,281,210.6,10,6,10.1
57,290.8,220.7,8,7,10.1
58,330.9,210.6,9,6,10.1
59,371,220.7,10,7,10.1
60,80.8,240.6,8,6,10.1
61,120.9,250.7,9,7,10.1
62,161,240.6,10,6,10.1
63,170.8,250.7,8,7,10.1
64,210.9,240.6,9,6,10.1
65,251,250.7,10,7,10.1
66,260.8,240.6,8,6,10.1
67,300.9,250.7,9,7,10.1
68,341,240.6,10,6,10.1
69,350.8,250.7,8,7,10.1
70,90.9,270.6,9,6,10.1
71,131,280.7,10,7,10.1
72,140.8,270.6,8,6,10.1
73,180.9,280.7,9,7,10.1
74,221,270.6,10,6,10.1
75,230.8,280.7,8,7,10.1
76,270.9,270.6,9,6,10.1
77,311,280.7,10,7,10.1
78,320.8,270.6,8,6,10.1
79,360.9,280.7,9,7,10.1
80,101,300.6,10,6,10.1
81,110.8,310.7,8,7,10.1
82,150.9,300.6,9,6,10.1
83,191,310.7,10,7,10.1
84,200.8,300.6,8,6,10.1
85,240.9,310.7,9,7,10.1
86,281,300.6,10,6,10.1
87,290.8,310.7,8,7,10.1
88,330.9,300.6,9,6,10.1
89,371,310.7,10,7,10.1
90,80.8,330.6,8,6,10.1
91,120.9,340.7,9,7,10.1
92,161,330.6,10,6,10.1
93,170.8,340.7,8,7,10.1
94,210.9,330.6,9,6,10.1
95,251,340.7,10,7,10.1
96,260.8,330.6,8,6,10.1
98,341,330.6,10,6,10.1
99,350.8,340.7,8,7,10.1
100,90.9,360.6,9,6,10.1
102,140.8,360.6,8,6,10.1
103,180.9,370.7,9,7,10.1
104,221,360.6,10,6,10.1
105,230.8,370.7,8,7,10.1
106,270.9,360.6,9,6,10.1
107,311,370.7,10,7,10.1
108,320.8,360.6,8,6,10.1
109,360.9,370.7,9,7,10.1
110,101,390.6,10,6,10.1
111,110.8,400.7,8,7,10.1
112,150.9,390.6,9,6,10.1
113,191,400.7,10,7,10.1
114,200.8,390.6,8,6,10.1
115,240.9,400.7,9,7,10.1
116,281,390.6,10,6,10.1
117,290.8,400.7,8,7,10.1
118,330.9,390.6,9,6,10.1
119,371,400.7,10,7,10.1
120,80.8,420.6,8,6,10.1
121,120.9,430.7,9,7,10.1
122,161,420.6,10,6,10.1
123,170.8,430.7,8,7,10.1
124,210.9,420.6,9,6,10.1
125,251,430.7,10,7,10.1
126,260.8,420.6,8,6,10.1
127,300.9,430.7,9,7,10.1
128,341,420.6,10,6,10.1
129,350.8,430.7,8,7,10.1
131,131,460.7,10,7,10.1
13,181.8,101.4,9,7,10.2
46,271.8,181.2,9,6,10.2
97,301.8,341.4,9,7,10.2
101,132,371.4,10,7,10.2
130,91.8,451.2,9,6,10.2
1,121.8,71.4,9,7,10.2
3,171.6,71.4,8,7,10.2
5,252,71.4,10,7,10.2
7,301.8,71.4,9,7,10.2
8,342,61.2,10,6,10.2
9,351.6,71.4,8,7,10.2
10,91.8,91.2,9,6,10.2
11,132,101.4,10,7,10.2
12,141.6,91.2,8,6,10.2
14,222,91.2,10,6,10.2
15,231.6,101.4,8,7,10.2
16,271.8,91.2,9,6,10.2
17,312,101.4,10,7,10.2
18,321.6,91.2,8,6,10.2
19,361.8,101.4,9,7,10.2
20,102,121.2,10,6,10.2
21,111.6,131.4,8,7,10.2
22,151.8,121.2,9,6,10.2
23,192,131.4,10,7,10.2
24,201.6,121.2,8,6,10.2
26,282,121.2,10,6,10.2
27,291.6,131.4,8,7,10.2
28,331.8,121.2,9,6,10.2
29,372,131.4,10,7,10.2
30,81.6,151.2,8,6,10.2
31,121.8,161.4,9,7,10.2
32,162,151.2,10,6,10.2
33,171.6,161.4,8,7,10.2
34,211.8,151.2,9,6,10.2
35,252,161.4,10,7,10.2
36,261.6,151.2,8,6,10.2
37,301.8,161.4,9,7,10.2
38,342,151.2,10,6,10.2
39,351.6,161.4,8,7,10.2
40,91.8,181.2,9,6,10.2
41,132,191.4,10,7,10.2
42,141.6,181.2,8,6,10.2
43,181.8,191.4,9,7,10.2
44,222,181.2,10,6,10.2
45,231.6,191.4,8,7,10.2
47,312,191.4,10,7,10.2
48,321.6,181.2,8,6,10.2
49,361.8,191.4,9,7,10.2
50,102,211.2,10,6,10.2
51,111.6,221.4,8,7,10.2
52,151.8,211.2,9,6,10.2
53,192,221.4,10,7,10.2
54,201.6,211.2,8,6,10.2
55,241.8,221.4,9,7,10.2
56,282,211.2,10,6,10.2
57,291.6,221.4,8,7,10.2
58,331.8,211.2,9,6,10.2
59,372,221.4,10,7,10.2
60,81.6,241.2,8,6,10.2
61,121.8,251.4,9,7,10.2
62,162,241.2,10,6,10.2
63,171.6,251.4,8,7,10.2
64,211.8,241.2,9,6,10.2
65,252,251.4,10,7,10.2
66,261.6,241.2,8,6,10.2
67,301.8,251.4,9,7,10.2
68,342,241.2,10,6,10.2
69,351.6,251.4,8,7,10.2
70,91.8,271.2,9,6,10.2
71,132,281.4,10,7,10.2
72,141.6,271.2,8,6,10.2
73,181.8,281.4,9,7,10.2
74,222,271.2,10,6,10.2
75,231.6,281.4,8,7,10.2
76,271.8,271.2,9,6,10.2
77,312,281.4,10,7,10.2
78,321.6,271.2,8,6,10.2
79,361.8,281.4,9,7,10.2
80,102,301.2,10,6,10.2
81,111.6,311.4,8,7,10.2
82,151.8,301.2,9,6,10.2
83,192,311.4,10,7,10.2
84,201.6,301.2,8,6,10.2
85,241.8,311.4,9,7,10.2
86,282,301.2,10,6,10.2
87,291.6,311.4,8,7,10.2
88,331.8,301.2,9,6,10.2
89,372,311.4,10,7,10.2
90,81.6,331.2,8,6,10.2
91,121.8,341.4,9,7,10.2
92,162,331.2,10,6,10.2
93,171.6,341.4,8,7,10.2
94,211.8,331.2,9,6,10.2
95,252,341.4,10,7,10.2
96,261.6,331.2,8,6,10.2
98,342,331.2,10,6,10.2
99,351.6,341.4,8,7,10.2
100,91.8,361.2,9,6,10.2
102,141.6,361.2,8,6,10.2
103,181.8,371.4,9,7,10.2
104,222,361.2,10,6,10.2
105,231.6,371.4,8,7,10.2
106,271.8,361.2,9,6,10.2
107,312,371.4,10,7,10.2
108,321.6,361.2,8,6,10.2
109,361.8,371.4,9,7,10.2
110,102,391.2,10,6,10.2
111,111.6,401.4,8,7,10.2
112,151.8,391.2,9,6,10.2
113,192,401.4,10,7,10.2
114,201.6,391.2,8,6,10.2
115,241.8,401.4,9,7,10.2
116,282,391.2,10,6,10.2
117,291.6,401.4,8,7,10.2
118,331.8,391.2,9,6,10.2
119,372,401.4,10,7,10.2
120,81.6,421.2,8,6,10.2
121,121.8,431.4,9,7,10.2
122,162,421.2,10,6,10.2
123,171.6,431.4,8,7,10.2
124,211.8,421.2,9,6,10.2
125,252,431.4,10,7,10.2
126,261.6,421.2,8,6,10.2
127,301.8,431.4,9,7,10.2
128,342,421.2,10,6,10.2
129,351.6,431.4,8,7,10.2
131,132,461.4,10,7,10.2
13,182.7,102.1,9,7,10.3
46,272.7,181.8,9,6,10.3
97,302.7,342.1,9,7,10.3
101,133,372.1,10,7,10.3
130,92.7,451.8,9,6,10.3
1,122.7,72.1,9,7,10.3
3,172.4,72.1,8,7,10.3
5,253,72.1,10,7,10.3
7,302.7,72.1,9,7,10.3
8,343,61.8,10,6,10.3
9,352.4,72.1,8,7,10.3
10,92.7,91.8,9,6,10.3
11,133,102.1,10,7,10.3
12,142.4,91.8,8,6,10.3
14,223,91.8,10,6,10.3
15,232.4,102.1,8,7,10.3
16,272.7,91.8,9,6,10.3
17,313,102.1,10,7,10.3
18,322.4,91.8,8,6,10.3
19,362.7,102.1,9,7,10.3
20,103,121.8,10,6,10.3
21,112.4,132.1,8,7,10.3
22,152.7,121.8,9,6,10.3
23,193,132.1,10,7,10.3
24,202.4,121.8,8,6,10.3
26,283,121.8,10,6,10.3
27,292.4,132.1,8,7,10.3
28,332.7,121.8,9,6,10.3
29,373,132.1,10,7,10.3
30,82.4,151.8,8,6,10.3
31,122.7,162.1,9,7,10.3
32,163,151.8,10,6,10.3
33,172.4,162.1,8,7,10.3
34,212.7,151.8,9,6,10.3
35,253,162.1,10,7,10.3
36,262.4,151.8,8,6,10.3
37,302.7,162.1,9,7,10.3
38,343,151.8,10,6,10.3
39,352.4,162.1,8,7,10.3
40,92.7,181.8,9,6,10.3
41,133,192.1,10,7,10.3
42,142.4,181.8,8,6,10.3
43,182.7,192.1,9,7,10.3
44,223,181.8,10,6,10.3
45,232.4,192.1,8,7,10.3
47,313,192.1,10,7,10.3
48,322.4,181.8,8,6,10.3
49,362.7,192.1,9,7,10.3
50,103,211.8,10,6,10.3
51,112.4,222.1,8,7,10.3
52,152.7,211.8,9,6,10.3
53,193,222.1,10,7,10.3
54,202.4,211.8,8,6,10.3
55,242.7,222.1,9,7,10.3
56,283,211.8,10,6,10.3
57,292.4,222.1,8,7,10.3
58,332.7,211.8,9,6,10.3
59,373,222.1,10,7,10.3
60,82.4,241.8,8,6,10.3
61,122.7,252.1,9,7,10.3
62,163,241.8,10,6,10.3
63,172.4,252.1,8,7,10.3
64,212.7,241.8,9,6,10.3
65,253,252.1,10,7,10.3
66,262.4,241.8,8,6,10.3
67,302.7,252.1,9,7,10.3
68,343,241.8,10,6,10.3
69,352.4,252.1,8,7,10.3
70,92.7,271.8,9,6,10.3
71,133,282.1,10,7,10.3
72,142.4,271.8,8,6,10.3
73,182.7,282.1,9,7,10.3
74,223,271.8,10,6,10.3
75,232.4,282.1,8,7,10.3
76,272.7,271.8,9,6,10.3
77,313,282.1,10,7,10.3
78,322.4,271.8,8,6,10.3
79,362.7,282.1,9,7,10.3
80,103,301.8,10,6,10.3
81,112.4,312.1,8,7,10.3
82,152.7,301.8,9,6,10.3
83,193,312.1,10,7,10.3
84,202.4,301.8,8,6,10.3
85,242.7,312.1,9,7,10.3
86,283,301.8,10,6,10.3
87,292.4,312.1,8,7,10.3
88,332.7,301.8,9,6,10.3
89,373,312.1,10,7,10.3
90,82.4,331.8,8,6,10.3
91,122.7,342.1,9,7,10.3
92,163,331.8,10,6,10.3
93,172.4,342.1,8,7,10.3
94,212.7,331.8,9,6,10.3
95,253,342.1,10,7,10.3
96,262.4,331.8,8,6,10.3
98,343,331.8,10,6,10.3
99,352.4,342.1,8,7,10.3
100,92.7,361.8,9,6,10.3
102,142.4,361.8,8,6,10.3
103,182.7,372.1,9,7,10.3
104,223,361.8,10,6,10.3
105,232.4,372.1,8,7,10.3
106,272.7,361.8,9,6,10.3
107,313,372.1,10,7,10.3
108,322.4,361.8,8,6,10.3
109,362.7,372.1,9,7,10.3
110,103,391.8,10,6,10.3
111,112.4,402.1,8,7,10.3
112,152.7,391.8,9,6,10.3
113,193,402.1,10,7,10.3
114,202.4,391.8,8,6,10.3
115,242.7,402.1,9,7,10.3
116,283,391.8,10,6,10.3
117,292.4,402.1,8,7,10.3
118,332.7,391.8,9,6,10.3
119,373,402.1,10,7,10.3
120,82.4,421.8,8,6,10.3
121,122.7,432.1,9,7,10.3
122,163,421.8,10,6,10.3
123,172.4,432.1,8,7,10.3
124,212.7,421.8,9,6,10.3
125,253,432.1,10,7,10.3
126,262.4,421.8,8,6,10.3
127,302.7,432.1,9,7,10.3
128,343,421.8,10,6,10.3
129,352.4,432.1,8,7,10.3
131,133,462.1,10,7,10.3
13,183.6,102.8,9,7,10.4
46,273.6,182.4,9,6,10.4
97,303.6,342.8,9,7,10.4
101,134,372.8,10,7,10.4
130,93.6,452.4,9,6,10.4
1,123.6,72.8,9,7,10.4
3,173.2,72.8,8,7,10.4
5,254,72.8,10,7,10.4
7,303.6,72.8,9,7,10.4
8,344,62.4,10,6,10.4
9,353.2,72.8,8,7,10.4
10,93.6,92.4,9,6,10.4
11,134,102.8,10,7,10.4
12,143.2,92.4,8,6,10.4
14,224,92.4,10,6,10.4
15,233.2,102.8,8,7,10.4
16,273.6,92.4,9,6,10.4
17,314,102.8,10,7,10.4
18,323.2,92.4,8,6,10.4
19,363.6,102.8,9,7,10.4
20,104,122.4,10,6,10.4
21,113.2,132.8,8,7,10.4
22,153.6,122.4,9,6,10.4
23,194,132.8,10,7,10.4
24,203.2,122.4,8,6,10.4
26,284,122.4,10,6,10.4
27,293.2,132.8,8,7,10.4
28,333.6,122.4,9,6,10.4
29,374,132.8,10,7,10.4
30,83.2,152.4,8,6,10.4
31,123.6,162.8,9,7,10.4
32,164,152.4,10,6,10.4
33,173.2,162.8,8,7,10.4
34,213.6,152.4,9,6,10.4
35,254,162.8,10,7,10.4
36,263.2,152.4,8,6,10.4
37,303.6,162.8,9,7,10.4
38,344,152.4,10,6,10.4
39,353.2,162.8,8,7,10.4
40,93.6,182.4,9,6,10.4
41,134,192.8,10,7,10.4
42,143.2,182.4,8,6,10.4
43,183.6,192.8,9,7,10.4
44,224,182.4,10,6,10.4
45,233.2,192.8,8,7,10.4
47,314,192.8,10,7,10.4
48,323.2,182.4,8,6,10.4
49,363.6,192.8,9,7,10.4
50,104,212.4,10,6,10.4
51,113.2,222.8,8,7,10.4
52,153.6,212.4,9,6,10.4
53,194,222.8,10,7,10.4
54,203.2,212.4,8,6,10.4
55,243.6,222.8,9,7,10.4
56,284,212.4,10,6,10.4
57,293.2,222.8,8,7,10.4
58,333.6,212.4,9,6,10.4
59,374,222.8,10,7,10.4
60,83.2,242.4,8,6,10.4
61,123.6,252.8,9,7,10.4
62,164,242.4,10,6,10.4
63,173.2,252.8,8,7,10.4
64,213.6,242.4,9,6,10.4
65,254,252.8,10,7,10.4
66,263.2,242.4,8,6,10.4
67,303.6,252.8,9,7,10.4
68,344,242.4,10,6,10.4
69,353.2,252.8,8,7,10.4
70,93.6,272.4,9,6,10.4
71,134,282.8,10,7,10.4
72,143.2,272.4,8,6,10.4
73,183.6,282.8,9,7,10.4
74,224,272.4,10,6,10.4
75,233.2,282.8,8,7,10.4
76,273.6,272.4,9,6,10.4
77,314,282.8,10,7,10.4
78,323.2,272.4,8,6,10.4
79,363.6,282.8,9,7,10.4
80,104,302.4,10,6,10.4
81,113.2,312.8,8,7,10.4
82,153.6,302.4,9,6,10.4
83,194,312.8,10,7,10.4
84,203.2,302.4,8,6,10.4
85,243.6,312.8,9,7,10.4
86,284,302.4,10,6,10.4
87,293.2,312.8,8,7,10.4
88,333.6,302.4,9,6,10.4
89,374,312.8,10,7,10.4
90,83.2,332.4,8,6,10.4
91,123.6,342.8,9,7,10.4
92,164,332.4,10,6,10.4
93,173.2,342.8,8,7,10.4
94,213.6,332.4,9,6,10.4
95,254,342.8,10,7,10.4
96,263.2,332.4,8,6,10.4
98,344,332.4,10,6,10.4
99,353.2,342.8,8,7,10.4
100,93.6,362.4,9,6,10.4
102,143.2,362.4,8,6,10.4
103,183.6,372.8,9,7,10.4
104,224,362.4,10,6,10.4
105,233.2,372.8,8,7,10.4
106,273.6,362.4,9,6,10.4
107,314,372.8,10,7,10.4
108,323.2,362.4,8,6,10.4
109,363.6,372.8,9,7,10.4
110,104,392.4,10,6,10.4
111,113.2,402.8,8,7,10.4
112,153.6,392.4,9,6,10.4
113,194,402.8,10,7,10.4
114,203.2,392.4,8,6,10.4
115,243.6,402.8,9,7,10.4
116,284,392.4,10,6,10.4
117,293.2,402.8,8,7,10.4
118,333.6,392.4,9,6,10.4
119,374,402.8,10,7,10.4
120,83.2,422.4,8,6,10.4
121,123.6,432.8,9,7,10.4
122,164,422.4,10,6,10.4
123,173.2,432.8,8,7,10.4
124,213.6,422.4,9,6,10.4
125,254,432.8,10,7,10.4
126,263.2,422.4,8,6,10.4
127,303.6,432.8,9,7,10.4
128,344,422.4,10,6,10.4
129,353.2,432.8,8,7,10.4
131,134,462.8,10,7,10.4
13,184.5,103.5,9,7,10.5
46,274.5,183,9,6,10.5
97,304.5,343.5,9,7,10.5
101,135,373.5,10,7,10.5
130,94.5,453,9,6,10.5
1,124.5,73.5,9,7,10.5
3,174,73.5,8,7,10.5
5,255,73.5,10,7,10.5
7,304.5,73.5,9,7,10.5
8,345,63,10,6,10.5
9,354,73.5,8,7,10.5
10,94.5,93,9,6,10.5
11,135,103.5,10,7,10.5
12,144,93,8,6,10.5
14,225,93,10,6,10.5
15,234,103.5,8,7,10.5
16,274.5,93,9,6,10.5
17,315,103.5,10,7,10.5
18,324,93,8,6,10.5
19,364.5,103.5,9,7,10.5
20,105,123,10,6,10.5
21,114,133.5,8,7,10.5
22,154.5,123,9,6,10.5
23,195,133.5,10,7,10.5
24,204,123,8,6,10.5
26,285,123,10,6,10.5
27,294,133.5,8,7,10.5
28,334.5,123,9,6,10.5
29,375,133.5,10,7,10.5
30,84,153,8,6,10.5
31,124.5,163.5,9,7,10.5
32,165,153,10,6,10.5
33,174,163.5,8,7,10.5
34,214.5,153,9,6,10.5
35,255,163.5,10,7,10.5
36,264,153,8,6,10.5
37,304.5,163.5,9,7,10.5
38,345,153,10,6,10.5
39,354,163.5,8,7,10.5
40,94.5,183,9,6,10.5
41,135,193.5,10,7,10.5
42,144,183,8,6,10.5
43,184.5,193.5,9,7,10.5
44,225,183,10,6,10.5
45,234,193.5,8,7,10.5
47,315,193.5,10,7,10.5
48,324,183,8,6,10.5
49,364.5,193.5,9,7,10.5
50,105,213,10,6,10.5
51,114,223.5,8,7,10.5
52,154.5,213,9,6,10.5
53,195,223.5,10,7,10.5
54,204,213,8,6,10.5
55,244.5,223.5,9,7,10.5
56,285,213,10,6,10.5
57,294,223.5,8,7,10.5
58,334.5,213,9,6,10.5
59,375,223.5,10,7,10.5
60,84,243,8,6,10.5
61,124.5,253.5,9,7,10.5
62,165,243,10,6,10.5
63,174,253.5,8,7,10.5
64,214.5,243,9,6,10.5
65,255,253.5,10,7,10.5
66,264,243,8,6,10.5
67,304.5,253.5,9,7,10.5
68,345,243,10,6,10.5
69,354,253.5,8,7,10.5
70,94.5,273,9,6,10.5
71,135,283.5,10,7,10.5
72,144,273,8,6,10.5
73,184.5,283.5,9,7,10.5
74,225,273,10,6,10.5
75,234,283.5,8,7,10.5
76,274.5,273,9,6,10.5
77,315,283.5,10,7,10.5
78,324,273,8,6,10.5
79,364.5,283.5,9,7,10.5
80,105,303,10,6,10.5
81,114,313.5,8,7,10.5
82,154.5,303,9,6,10.5
83,195,313.5,10,7,10.5
84,204,303,8,6,10.5
85,244.5,313.5,9,7,10.5
86,285,303,10,6,10.5
87,294,313.5,8,7,10.5
88,334.5,303,9,6,10.5
89,375,313.5,10,7,10.5
90,84,333,8,6,10.5
91,124.5,343.5,9,7,10.5
92,165,333,10,6,10.5
93,174,343.5,8,7,10.5
94,214.5,333,9,6,10.5
95,255,343.5,10,7,10.5
96,264,333,8,6,10.5
98,345,333,10,6,10.5
99,354,343.5,8,7,10.5
100,94.5,363,9,6,10.5
102,144,363,8,6,10.5
103,184.5,373.5,9,7,10.5
104,225,363,10,6,10.5
105,234,373.5,8,7,10.5
106,274.5,363,9,6,10.5
107,315,373.5,10,7,10.5
108,324,363,8,6,10.5
109,364.5,373.5,9,7,10.5
110,105,393,10,6,10.5
111,114,403.5,8,7,10.5
112,154.5,393,9,6,10.5
113,195,403.5,10,7,10.5
114,204,393,8,6,10.5
115,244.5,403.5,9,7,10.5
116,285,393,10,6,10.5
117,294,403.5,8,7,10.5
118,334.5,393,9,6,10.5
119,375,403.5,10,7,10.5
120,84,423,8,6,10.5
121,124.5,433.5,9,7,10.5
122,165,423,10,6,10.5
123,174,433.5,8,7,10.5
124,214.5,423,9,6,10.5
125,255,433.5,10,7,10.5
126,264,423,8,6,10.5
127,304.5,433.5,9,7,10.5
128,345,423,10,6,10.5
129,354,433.5,8,7,10.5
131,135,463.5,10,7,10.5
13,185.4,104.2,9,7,10.6
46,275.4,183.6,9,6,10.6
97,305.4,344.2,9,7,10.6
101,136,374.2,10,7,10.6
130,95.4,453.6,9,6,10.6
1,125.4,74.2,9,7,10.6
3,174.8,74.2,8,7,10.6
5,256,74.2,10,7,10.6
7,305.4,74.2,9,7,10.6
8,346,63.6,10,6,10.6
9,354.8,74.2,8,7,10.6
10,95.4,93.6,9,6,10.6
11,136,104.2,10,7,10.6
12,144.8,93.6,8,6,10.6
14,226,93.6,10,6,10.6
15,234.8,104.2,8,7,10.6
16,275.4,93.6,9,6,10.6
17,316,104.2,10,7,10.6
18,324.8,93.6,8,6,10.6
19,365.4,104.2,9,7,10.6
20,106,123.6,10,6,10.6
21,114.8,134.2,8,7,10.6
22,155.4,123.6,9,6,10.6
23,196,134.2,10,7,10.6
24,204.8,123.6,8,6,10.6
26,286,123.6,10,6,10.6
27,294.8,134.2,8,7,10.6
28,335.4,123.6,9,6,10.6
29,376,134.2,10,7,10.6
30,84.8,153.6,8,6,10.6
31,125.4,164.2,9,7,10.6
32,166,153.6,10,6,10.6
33,174.8,164.2,8,7,10.6
34,215.4,153.6,9,6,10.6
35,256,164.2,10,7,10.6
36,264.8,153.6,8,6,10.6
37,305.4,164.2,9,7,10.6
38,346,153.6,10,6,10.6
39,354.8,164.2,8,7,10.6
40,95.4,183.6,9,6,10.6
41,136,194.2,10,7,10.6
42,144.8,183.6,8,6,10.6
43,185.4,194.2,9,7,10.6
44,226,183.6,10,6,10.6
45,234.8,194.2,8,7,10.6
47,316,194.2,10,7,10.6
48,324.8,183.6,8,6,10.6
49,365.4,194.2,9,7,10.6
50,106,213.6,10,6,10.6
51,114.8,224.2,8,7,10.6
52,155.4,213.6,9,6,10.6
53,196,224.2,10,7,10.6
54,204.8,213.6,8,6,10.6
55,245.4,224.2,9,7,10.6
56,286,213.6,10,6,10.6
57,294.8,224.2,8,7,10.6
58,335.4,213.6,9,6,10.6
59,376,224.2,10,7,10.6
60,84.8,243.6,8,6,10.6
61,125.4,254.2,9,7,10.6
62,166,243.6,10,6,10.6
63,174.8,254.2,8,7,10.6
64,215.4,243.6,9,6,10.6
65,256,254.2,10,7,10.6
66,264.8,243.6,8,6,10.6
67,305.4,254.2,9,7,10.6
68,346,243.6,10,6,10.6
69,354.8,254.2,8,7,10.6
70,95.4,273.6,9,6,10.6
71,136,284.2,10,7,10.6
72,144.8,273.6,8,6,10.6
73,185.4,284.2,9,7,10.6
74,226,273.6,10,6,10.6
75,234.8,284.2,8,7,10.6
76,275.4,273.6,9,6,10.6
77,316,284.2,10,7,10.6
78,324.8,273.6,8,6,10.6
79,365.4,284.2,9,7,10.6
80,106,303.6,10,6,10.6
81,114.8,314.2,8,7,10.6
82,155.4,303.6,9,6,10.6
83,196,314.2,10,7,10.6
84,204.8,303.6,8,6,10.6
85,245.4,314.2,9,7,10.6
86,286,303.6,10,6,10.6
87,294.8,314.2,8,7,10.6
88,335.4,303.6,9,6,10.6
89,376,314.2,10,7,10.6
90,84.8,333.6,8,6,10.6
91,125.4,344.2,9,7,10.6
92,166,333.6,10,6,10.6
93,174.8,344.2,8,7,10.6
94,215.4,333.6,9,6,10.6
95,256,344.2,10,7,10.6
96,264.8,333.6,8,6,10.6
98,346,333.6,10,6,10.6
99,354.8,344.2,8,7,10.6
100,95.4,363.6,9,6,10.6
102,144.8,363.6,8,6,10.6
103,185.4,374.2,9,7,10.6
104,226,363.6,10,6,10.6
105,234.8,374.2,8,7,10.6
106,275.4,363.6,9,6,10.6
107,316,374.2,10,7,10.6
108,324.8,363.6,8,6,10.6
109,365.4,374.2,9,7,10.6
110,106,393.6,10,6,10.6
111,114.8,404.2,8,7,10.6
112,155.4,393.6,9,6,10.6
113,196,404.2,10,7,10.6
114,204.8,393.6,8,6,10.6
115,245.4,404.2,9,7,10.6
116,286,393.6,10,6,10.6
117,294.8,404.2,8,7,10.6
118,335.4,393.6,9,6,10.6
119,376,404.2,10,7,10.6
120,84.8,423.6,8,6,10.6
121,125.4,434.2,9,7,10.6
122,166,423.6,10,6,10.6
123,174.8,434.2,8,7,10.6
124,215.4,423.6,9,6,10.6
125,256,434.2,10,7,10.6
126,264.8,423.6,8,6,10.6
127,305.4,434.2,9,7,10.6
128,346,423.6,10,6,10.6
129,354.8,434.2,8,7,10.6
131,136,464.2,10,7,10.6
13,186.3,104.9,9,7,10.7
46,276.3,184.2,9,6,10.7
97,306.3,344.9,9,7,10.7
101,137,374.9,10,7,10.7
130,96.3,454.2,9,6,10.7
1,126.3,74.9,9,7,10.7
3,175.6,74.9,8,7,10.7
5,257,74.9,10,7,10.7
7,306.3,74.9,9,7,10.7
8,347,64.2,10,6,10.7
9,355.6,74.9,8,7,10.7
10,96.3,94.2,9,6,10.7
11,137,104.9,10,7,10.7
12,145.6,94.2,8,6,10.7
14,227,94.2,10,6,10.7
15,235.6,104.9,8,7,10.7
16,276.3,94.2,9,6,10.7
17,317,104.9,10,7,10.7
18,325.6,94.2,8,6,10.7
19,366.3,104.9,9,7,10.7
20,107,124.2,10,6,10.7
21,115.6,134.9,8,7,10.7
22,156.3,124.2,9,6,10.7
23,197,134.9,10,7,10.7
24,205.6,124.2,8,6,10.7
26,287,124.2,10,6,10.7
27,295.6,134.9,8,7,10.7
28,336.3,124.2,9,6,10.7
29,377,134.9,10,7,10.7
30,85.6,154.2,8,6,10.7
31,126.3,164.9,9,7,10.7
32,167,154.2,10,6,10.7
33,175.6,164.9,8,7,10.7
34,216.3,154.2,9,6,10.7
35,257,164.9,10,7,10.7
36,265.6,154.2,8,6,10.7
37,306.3,164.9,9,7,10.7
38,347,154.2,10,6,10.7
39,355.6,164.9,8,7,10.7
40,96.3,184.2,9,6,10.7
41,137,194.9,10,7,10.7
42,145.6,184.2,8,6,10.7
43,186.3,194.9,9,7,10.7
44,227,184.2,10,6,10.7
45,235.6,194.9,8,7,10.7
47,317,194.9,10,7,10.7
48,325.6,184.2,8,6,10.7
49,366.3,194.9,9,7,10.7
50,107,214.2,10,6,10.7
51,115.6,224.9,8,7,10.7
52,156.3,214.2,9,6,10.7
53,197,224.9,10,7,10.7
54,205.6,214.2,8,6,10.7
55,246.3,224.9,9,7,10.7
56,287,214.2,10,6,10.7
57,295.6,224.9,8,7,10.7
58,336.3,214.2,9,6,10.7
59,377,224.9,10,7,10.7
60,85.6,244.2,8,6,10.7
61,126.3,254.9,9,7,10.7
62,167,244.2,10,6,10.7
63,175.6,254.9,8,7,10.7
64,216.3,244.2,9,6,10.7
65,257,254.9,10,7,10.7
66,265.6,244.2,8,6,10.7
67,306.3,254.9,9,7,10.7
68,347,244.2,10,6,10.7
69,355.6,254.9,8,7,10.7
70,96.3,274.2,9,6,10.7
71,137,284.9,10,7,10.7
72,145.6,274.2,8,6,10.7
73,186.3,284.9,9,7,10.7
74,227,274.2,10,6,10.7
75,235.6,284.9,8,7,10.7
76,276.3,274.2,9,6,10.7
77,317,284.9,10,7,10.7
78,325.6,274.2,8,6,10.7
79,366.3,284.9,9,7,10.7
80,107,304.2,10,6,10.7
81,115.6,314.9,8,7,10.7
82,156.3,304.2,9,6,10.7
83,197,314.9,10,7,10.7
84,205.6,304.2,8,6,10.7
85,246.3,314.9,9,7,10.7
86,287,304.2,10,6,10.7
87,295.6,314.9,8,7,10.7
88,336.3,304.2,9,6,10.7
89,377,314.9,10,7,10.7
90,85.6,334.2,8,6,10.7
91,126.3,344.9,9,7,10.7
92,167,334.2,10,6,10.7
93,175.6,344.9,8,7,10.7
94,216.3,334.2,9,6,10.7
95,257,344.9,10,7,10.7
96,265.6,334.2,8,6,10.7
98,347,334.2,10,6,10.7
99,355.6,344.9,8,7,10.7
100,96.3,364.2,9,6,10.7
102,145.6,364.2,8,6,10.7
103,186.3,374.9,9,7,10.7
104,227,364.2,10,6,10.7
105,235.6,374.9,8,7,10.7
106,276.3,364.2,9,6,10.7
107,317,374.9,10,7,10.7
108,325.6,364.2,8,6,10.7
109,366.3,374.9,9,7,10.7
110,107,394.2,10,6,10.7
111,115.6,404.9,8,7,10.7
112,156.3,394.2,9,6,10.7
113,197,404.9,10,7,10.7
114,205.6,394.2,8,6,10.7
115,246.3,404.9,9,7,10.7
116,287,394.2,10,6,10.7
117,295.6,404.9,8,7,10.7
118,336.3,394.2,9,6,10.7
119,377,404.9,10,7,10.7
120,85.6,424.2,8,6,10.7
121,126.3,434.9,9,7,10.7
122,167,424.2,10,6,10.7
123,175.6,434.9,8,7,10.7
124,216.3,424.2,9,6,10.7
125,257,434.9,10,7,10.7
126,265.6,424.2,8,6,10.7
127,306.3,434.9,9,7,10.7
128,347,424.2,10,6,10.7
129,355.6,434.9,8,7,10.7
131,137,464.9,10,7,10.7
13,187.2,105.6,9,7,10.8
46,277.2,184.8,9,6,10.8
97,307.2,345.6,9,7,10.8
101,138,375.6,10,7,10.8
130,97.2,454.8,9,6,10.8
1,127.2,75.6,9,7,10.8
3,176.4,75.6,8,7,10.8
5,258,75.6,10,7,10.8
7,307.2,75.6,9,7,10.8
8,348,64.8,10,6,10.8
9,356.4,75.6,8,7,10.8
10,97.2,94.8,9,6,10.8
11,138,105.6,10,7,10.8
12,146.4,94.8,8,6,10.8
14,228,94.8,10,6,10.8
15,236.4,105.6,8,7,10.8
16,277.2,94.8,9,6,10.8
17,318,105.6,10,7,10.8
18,326.4,94.8,8,6,10.8
19,367.2,105.6,9,7,10.8
20,108,124.8,10,6,10.8
21,116.4,135.6,8,7,10.8
22,157.2,124.8,9,6,10.8
23,198,135.6,10,7,10.8
24,206.4,124.8,8,6,10.8
26,288,124.8,10,6,10.8
27,296.4,135.6,8,7,10.8
28,337.2,124.8,9,6,10.8
29,378,135.6,10,7,10.8
30,86.4,154.8,8,6,10.8
31,127.2,165.6,9,7,10.8
32,168,154.8,10,6,10.8
33,176.4,165.6,8,7,10.8
34,217.2,154.8,9,6,10.8
35,258,165.6,10,7,10.8
36,266.4,154.8,8,6,10.8
37,307.2,165.6,9,7,10.8
38,348,154.8,10,6,10.8
39,356.4,165.6,8,7,10.8
40,97.2,184.8,9,6,10.8
41,138,195.6,10,7,10.8
42,146.4,184.8,8,6,10.8
43,187.2,195.6,9,7,10.8
44,228,184.8,10,6,10.8
45,236.4,195.6,8,7,10.8
47,318,195.6,10,7,10.8
48,326.4,184.8,8,6,10.8
49,367.2,195.6,9,7,10.8
50,108,214.8,10,6,10.8
51,116.4,225.6,8,7,10.8
52,157.2,214.8,9,6,10.8
53,198,225.6,10,7,10.8
54,206.4,214.8,8,6,10.8
55,247.2,225.6,9,7,10.8
56,288,214.8,10,6,10.8
57,296.4,225.6,8,7,10.8
58,337.2,214.8,9,6,10.8
59,378,225.6,10,7,10.8
60,86.4,244.8,8,6,10.8
61,127.2,255.6,9,7,10.8
62,168,244.8,10,6,10.8
63,176.4,255.6,8,7,10.8
64,217.2,244.8,9,6,10.8
65,258,255.6,10,7,10.8
66,266.4,244.8,8,6,10.8
67,307.2,255.6,9,7,10.8
68,348,244.8,10,6,10.8
69,356.4,255.6,8,7,10.8
70,97.2,274.8,9,6,10.8
71,138,285.6,10,7,10.8
72,146.4,274.8,8,6,10.8
73,187.2,285.6,9,7,10.8
74,228,274.8,10,6,10.8
75,236.4,285.6,8,7,10.8
76,277.2,274.8,9,6,10.8
77,318,285.6,10,7,10.8
78,326.4,274.8,8,6,10.8
79,367.2,285.6,9,7,10.8
80,108,304.8,10,6,10.8
81,116.4,315.6,8,7,10.8
82,157.2,304.8,9,6,10.8
83,198,315.6,10,7,10.8
84,206.4,304.8,8,6,10.8
85,247.2,315.6,9,7,10.8
86,288,304.8,10,6,10.8
87,296.4,315.6,8,7,10.8
88,337.2,304.8,9,6,10.8
89,378,315.6,10,7,10.8
90,86.4,334.8,8,6,10.8
91,127.2,345.6,9,7,10.8
92,168,334.8,10,6,10.8
93,176.4,345.6,8,7,10.8
94,217.2,334.8,9,6,10.8
95,258,345.6,10,7,10.8
96,266.4,334.8,8,6,10.8
98,348,334.8,10,6,10.8
99,356.4,345.6,8,7,10.8
100,97.2,364.8,9,6,10.8
102,146.4,364.8,8,6,10.8
103,187.2,375.6,9,7,10.8
104,228,364.8,10,6,10.8
105,236.4,375.6,8,7,10.8
106,277.2,364.8,9,6,10.8
107,318,375.6,10,7,10.8
108,326.4,364.8,8,6,10.8
109,367.2,375.6,9,7,10.8
110,108,394.8,10,6,10.8
111,116.4,405.6,8,7,10.8
112,157.2,394.8,9,6,10.8
113,198,405.6,10,7,10.8
114,206.4,394.8,8,6,10.8
115,247.2,405.6,9,7,10.8
116,288,394.8,10,6,10.8
117,296.4,405.6,8,7,10.8
118,337.2,394.8,9,6,10.8
119,378,405.6,10,7,10.8
120,86.4,424.8,8,6,10.8
121,127.2,435.6,9,7,10.8
122,168,424.8,10,6,10.8
123,176.4,435.6,8,7,10.8
124,217.2,424.8,9,6,10.8
125,258,435.6,10,7,10.8
126,266.4,424.8,8,6,10.8
127,307.2,435.6,9,7,10.8
128,348,424.8,10,6,10.8
129,356.4,435.6,8,7,10.8
131,138,465.6,10,7,10.8
13,188.1,106.3,9,7,10.9
46,278.1,185.4,9,6,10.9
97,308.1,346.3,9,7,10.9
101,139,376.3,10,7,10.9
130,98.1,455.4,9,6,10.9
1,128.1,76.3,9,7,10.9
3,177.2,76.3,8,7,10.9
5,259,76.3,10,7,10.9
7,308.1,76.3,9,7,10.9
8,349,65.4,10,6,10.9
9,357.2,76.3,8,7,10.9
10,98.1,95.4,9,6,10.9
11,139,106.3,10,7,10.9
12,147.2,95.4,8,6,10.9
14,229,95.4,10,6,10.9
15,237.2,106.3,8,7,10.9
16,278.1,95.4,9,6,10.9
17,319,106.3,10,7,10.9
18,327.2,95.4,8,6,10.9
19,368.1,106.3,9,7,10.9
20,109,125.4,10,6,10.9
21,117.2,136.3,8,7,10.9
22,158.1,125.4,9,6,10.9
23,199,136.3,10,7,10.9
24,207.2,125.4,8,6,10.9
26,289,125.4,10,6,10.9
27,297.2,136.3,8,7,10.9
28,338.1,125.4,9,6,10.9
29,379,136.3,10,7,10.9
30,87.2,155.4,8,6,10.9
31,128.1,166.3,9,7,10.9
32,169,155.4,10,6,10.9
33,177.2,166.3,8,7,10.9
34,218.1,155.4,9,6,10.9
35,259,166.3,10,7,10.9
36,267.2,155.4,8,6,10.9
37,308.1,166.3,9,7,10.9
38,349,155.4,10,6,10.9
39,357.2,166.3,8,7,10.9
40,98.1,185.4,9,6,10.9
41,139,196.3,10,7,10.9
42,147.2,185.4,8,6,10.9
43,188.1,196.3,9,7,10.9
44,229,185.4,10,6,10.9
45,237.2,196.3,8,7,10.9
47,319,196.3,10,7,10.9
48,327.2,185.4,8,6,10.9
49,368.1,196.3,9,7,10.9
50,109,215.4,10,6,10.9
51,117.2,226.3,8,7,10.9
52,158.1,215.4,9,6,10.9
53,199,226.3,10,7,10.9
54,207.2,215.4,8,6,10.9
55,248.1,226.3,9,7,10.9
56,289,215.4,10,6,10.9
57,297.2,226.3,8,7,10.9
58,338.1,215.4,9,6,10.9
59,379,226.3,10,7,10.9
60,87.2,245.4,8,6,10.9
61,128.1,256.3,9,7,10.9
62,169,245.4,10,6,10.9
63,177.2,256.3,8,7,10.9
64,218.1,245.4,9,6,10.9
65,259,256.3,10,7,10.9
66,267.2,245.4,8,6,10.9
67,308.1,256.3,9,7,10.9
68,349,245.4,10,6,10.9
69,357.2,256.3,8,7,10.9
70,98.1,275.4,9,6,10.9
71,139,286.3,10,7,10.9
72,147.2,275.4,8,6,10.9
73,188.1,286.3,9,7,10.9
74,229,275.4,10,6,10.9
75,237.2,286.3,8,7,10.9
76,278.1,275.4,9,6,10.9
77,319,286.3,10,7,10.9
78,327.2,275.4,8,6,10.9
79,368.1,286.3,9,7,10.9
80,109,305.4,10,6,10.9
81,117.2,316.3,8,7,10.9
82,158.1,305.4,9,6,10.9
83,199,316.3,10,7,10.9
84,207.2,305.4,8,6,10.9
85,248.1,316.3,9,7,10.9
86,289,305.4,10,6,10.9
87,297.2,316.3,8,7,10.9
88,338.1,305.4,9,6,10.9
89,379,316.3,10,7,10.9
90,87.2,335.4,8,6,10.9
91,128.1,346.3,9,7,10.9
92,169,335.4,10,6,10.9
93,177.2,346.3,8,7,10.9
94,218.1,335.4,9,6,10.9
95,259,346.3,10,7,10.9
96,267.2,335.4,8,6,10.9
98,349,335.4,10,6,10.9
99,357.2,346.3,8,7,10.9
100,98.1,365.4,9,6,10.9
102,147.2,365.4,8,6,10.9
103,188.1,376.3,9,7,10.9
104,229,365.4,10,6,10.9
105,237.2,376.3,8,7,10.9
106,278.1,365.4,9,6,10.9
107,319,376.3,10,7,10.9
108,327.2,365.4,8,6,10.9
109,368.1,376.3,9,7,10.9
110,109,395.4,10,6,10.9
111,117.2,406.3,8,7,10.9
112,158.1,395.4,9,6,10.9
113,199,406.3,10,7,10.9
114,207.2,395.4,8,6,10.9
115,248.1,406.3,9,7,10.9
116,289,395.4,10,6,10.9
117,297.2,406.3,8,7,10.9
118,338.1,395.4,9,6,10.9
119,379,406.3,10,7,10.9
120,87.2,425.4,8,6,10.9
121,128.1,436.3,9,7,10.9
122,169,425.4,10,6,10.9
123,177.2,436.3,8,7,10.9
124,218.1,425.4,9,6,10.9
125,259,436.3,10,7,10.9
126,267.2,425.4,8,6,10.9
127,308.1,436.3,9,7,10.9
128,349,425.4,10,6,10.9
129,357.2,436.3,8,7,10.9
131,139,466.3,10,7,10.9
13,189,107,9,7,11
46,279,186,9,6,11
97,309,347,9,7,11
101,140,377,10,7,11
130,99,456,9,6,11
1,129,77,9,7,11
3,178,77,8,7,11
5,260,77,10,7,11
7,309,77,9,7,11
8,350,66,10,6,11
9,358,77,8,7,11
10,99,96,9,6,11
11,140,107,10,7,11
12,148,96,8,6,11
14,230,96,10,6,11
15,238,107,8,7,11
16,279,96,9,6,11
17,320,107,10,7,11
18,328,96,8,6,11
19,369,107,9,7,11
20,110,126,10,6,11
21,118,137,8,7,11
22,159,126,9,6,11
23,200,137,10,7,11
24,208,126,8,6,11
26,290,126,10,6,11
27,298,137,8,7,11
28,339,126,9,6,11
29,380,137,10,7,11
30,88,156,8,6,11
31,129,167,9,7,11
32,170,156,10,6,11
33,178,167,8,7,11
34,219,156,9,6,11
35,260,167,10,7,11
36,268,156,8,6,11
37,309,167,9,7,11
38,350,156,10,6,11
39,358,167,8,7,11
40,99,186,9,6,11
41,140,197,10,7,11
42,148,186,8,6,11
43,189,197,9,7,11
44,230,186,10,6,11
45,238,197,8,7,11
47,320,197,10,7,11
48,328,186,8,6,11
49,369,197,9,7,11
50,110,216,10,6,11
51,118,227,8,7,11
52,159,216,9,6,11
53,200,227,10,7,11
54,208,216,8,6,11
55,249,227,9,7,11
56,290,216,10,6,11
57,298,227,8,7,11
58,339,216,9,6,11
59,380,227,10,7,11
60,88,246,8,6,11
61,129,257,9,7,11
62,170,246,10,6,11
63,178,257,8,7,11
64,219,246,9,6,11
65,260,257,10,7,11
66,268,246,8,6,11
67,309,257,9,7,11
68,350,246,10,6,11
69,358,257,8,7,11
70,99,276,9,6,11
71,140,287,10,7,11
72,148,276,8,6,11
73,189,287,9,7,11
74,230,276,10,6,11
75,238,287,8,7,11
76,279,276,9,6,11
77,320,287,10,7,11
78,328,276,8,6,11
79,369,287,9,7,11
80,110,306,10,6,11
81,118,317,8,7,11
82,159,306,9,6,11
83,200,317,10,7,11
84,208,306,8,6,11
85,249,317,9,7,11
86,290,306,10,6,11
87,298,317,8,7,11
88,339,306,9,6,11
89,380,317,10,7,11
90,88,336,8,6,11
91,129,347,9,7,11
92,170,336,10,6,11
93,178,347,8,7,11
94,219,336,9,6,11
95,260,347,10,7,11
96,268,336,8,6,11
98,350,336,10,6,11
99,358,347,8,7,11
100,99,366,9,6,11
102,148,366,8,6,11
103,189,377,9,7,11
104,230,366,10,6,11
105,238,377,8,7,11
106,279,366,9,6,11
107,320,377,10,7,11
108,328,366,8,6,11
109,369,377,9,7,11
110,110,396,10,6,11
111,118,407,8,7,11
112,159,396,9,6,11
113,200,407,10,7,11
114,208,396,8,6,11
115,249,407,9,7,11
116,290,396,10,6,11
117,298,407,8,7,11
118,339,396,9,6,11
119,380,407,10,7,11
120,88,426,8,6,11
121,129,437,9,7,11
122,170,426,10,6,11
123,178,437,8,7,11
124,219,426,9,6,11
125,260,437,10,7,11
126,268,426,8,6,11
127,309,437,9,7,11
128,350,426,10,6,11
129,358,437,8,7,11
131,140,467,10,7,11
13,189.9,107.7,9,7,11.1
46,279.9,186.6,9,6,11.1
97,309.9,347.7,9,7,11.1
101,141,377.7,10,7,11.1
130,99.9,456.6,9,6,11.1
1,129.9,77.7,9,7,11.1
3,178.8,77.7,8,7,11.1
5,261,77.7,10,7,11.1
7,309.9,77.7,9,7,11.1
8,351,66.6,10,6,11.1
9,358.8,77.7,8,7,11.1
10,99.9,96.6,9,6,11.1
11,141,107.7,10,7,11.1
12,148.8,96.6,8,6,11.1
14,231,96.6,10,6,11.1
15,238.8,107.7,8,7,11.1
16,279.9,96.6,9,6,11.1
17,321,107.7,10,7,11.1
18,328.8,96.6,8,6,11.1
19,369.9,107.7,9,7,11.1
20,111,126.6,10,6,11.1
21,118.8,137.7,8,7,11.1
22,159.9,126.6,9,6,11.1
23,201,137.7,10,7,11.1
24,208.8,126.6,8,6,11.1
26,291,126.6,10,6,11.1
27,298.8,137.7,8,7,11.1
28,339.9,126.6,9,6,11.1
29,381,137.7,10,7,11.1
30,88.8,156.6,8,6,11.1
31,129.9,167.7,9,7,11.1
32,171,156.6,10,6,11.1
33,178.8,167.7,8,7,11.1
34,219.9,156.6,9,6,11.1
35,261,167.7,10,7,11.1
36,268.8,156.6,8,6,11.1
37,309.9,167.7,9,7,11.1
38,351,156.6,10,6,11.1
39,358.8,167.7,8,7,11.1
40,99.9,186.6,9,6,11.1
41,141,197.7,10,7,11.1
42,148.8,186.6,8,6,11.1
43,189.9,197.7,9,7,11.1
44,231,186.6,10,6,11.1
45,238.8,197.7,8,7,11.1
47,321,197.7,10,7,11.1
48,328.8,186.6,8,6,11.1
49,369.9,197.7,9,7,11.1
50,111,216.6,10,6,11.1
51,118.8,227.7,8,7,11.1
52,159.9,216.6,9,6,11.1
53,201,227.7,10,7,11.1
54,208.8,216.6,8,6,11.1
55,249.9,227.7,9,7,11.1
56,291,216.6,10,6,11.1
57,298.8,227.7,8,7,11.1
58,339.9,216.6,9,6,11.1
59,381,227.7,10,7,11.1
60,88.8,246.6,8,6,11.1
61,129.9,257.7,9,7,11.1
62,171,246.6,10,6,11.1
63,178.8,257.7,8,7,11.1
64,219.9,246.6,9,6,11.1
65,261,257.7,10,7,11.1
66,268.8,246.6,8,6,11.1
67,309.9,257.7,9,7,11.1
68,351,246.6,10,6,11.1
69,358.8,257.7,8,7,11.1
70,99.9,276.6,9,6,11.1
71,141,287.7,10,7,11.1
72,148.8,276.6,8,6,11.1
73,189.9,287.7,9,7,11.1
74,231,276.6,10,6,11.1
75,238.8,287.7,8,7,11.1
76,279.9,276.6,9,6,11.1
77,321,287.7,10,7,11.1
78,328.8,276.6,8,6,11.1
79,369.9,287.7,9,7,11.1
80,111,306.6,10,6,11.1
81,118.8,317.7,8,7,11.1
82,159.9,306.6,9,6,11.1
83,201,317.7,10,7,11.1
84,208.8,306.6,8,6,11.1
85,249.9,317.7,9,7,11.1
86,291,306.6,10,6,11.1
87,298.8,317.7,8,7,11.1
88,339.9,306.6,9,6,11.1
89,381,317.7,10,7,11.1
90,88.8,336.6,8,6,11.1
91,129.9,347.7,9,7,11.1
92,171,336.6,10,6,11.1
93,178.8,347.7,8,7,11.1
94,219.9,336.6,9,6,11.1
95,261,347.7,10,7,11.1
96,268.8,336.6,8,6,11.1
98,351,336.6,10,6,11.1
99,358.8,347.7,8,7,11.1
100,99.9,366.6,9,6,11.1
102,148.8,366.6,8,6,11.1
103,189.9,377.7,9,7,11.1
104,231,366.6,10,6,11.1
105,238.8,377.7,8,7,11.1
106,279.9,366.6,9,6,11.1
107,321,377.7,10,7,11.1
108,328.8,366.6,8,6,11.1
109,369.9,377.7,9,7,11.1
110,111,396.6,10,6,11.1
111,118.8,407.7,8,7,11.1
112,159.9,396.6,9,6,11.1
113,201,407.7,10,7,11.1
114,208.8,396.6,8,6,11.1
115,249.9,407.7,9,7,11.1
116,291,396.6,10,6,11.1
117,298.8,407.7,8,7,11.1
118,339.9,396.6,9,6,11.1
119,381,407.7,10,7,11.1
120,88.8,426.6,8,6,11.1
121,129.9,437.7,9,7,11.1
122,171,426.6,10,6,11.1
123,178.8,437.7,8,7,11.1
124,219.9,426.6,9,6,11.1
125,261,437.7,10,7,11.1
126,268.8,426.6,8,6,11.1
127,309.9,437.7,9,7,11.1
128,351,426.6,10,6,11.1
129,358.8,437.7,8,7,11.1
131,141,467.7,10,7,11.1
13,190.8,108.4,9,7,11.2
46,280.8,187.2,9,6,11.2
97,310.8,348.4,9,7,11.2
101,142,378.4,10,7,11.2
130,100.8,457.2,9,6,11.2
1,130.8,78.4,9,7,11.2
3,179.6,78.4,8,7,11.2
5,262,78.4,10,7,11.2
7,310.8,78.4,9,7,11.2
8,352,67.2,10,6,11.2
9,359.6,78.4,8,7,11.2
10,100.8,97.2,9,6,11.2
11,142,108.4,10,7,11.2
12,149.6,97.2,8,6,11.2
14,232,97.2,10,6,11.2
15,239.6,108.4,8,7,11.2
16,280.8,97.2,9,6,11.2
17,322,108.4,10,7,11.2
18,329.6,97.2,8,6,11.2
19,370.8,108.4,9,7,11.2
20,112,127.2,10,6,11.2
21,119.6,138.4,8,7,11.2
22,160.8,127.2,9,6,11.2
23,202,138.4,10,7,11.2
24,209.6,127.2,8,6,11.2
26,292,127.2,10,6,11.2
27,299.6,138.4,8,7,11.2
28,340.8,127.2,9,6,11.2
29,382,138.4,10,7,11.2
30,89.6,157.2,8,6,11.2
31,130.8,168.4,9,7,11.2
32,172,157.2,10,6,11.2
33,179.6,168.4,8,7,11.2
34,220.8,157.2,9,6,11.2
35,262,168.4,10,7,11.2
36,269.6,157.2,8,6,11.2
37,310.8,168.4,9,7,11.2
38,352,157.2,10,6,11.2
39,359.6,168.4,8,7,11.2
40,100.8,187.2,9,6,11.2
41,142,198.4,10,7,11.2
42,149.6,187.2,8,6,11.2
43,190.8,198.4,9,7,11.2
44,232,187.2,10,6,11.2
45,239.6,198.4,8,7,11.2
47,322,198.4,10,7,11.2
48,329.6,187.2,8,6,11.2
49,370.8,198.4,9,7,11.2
50,112,217.2,10,6,11.2
51,119.6,228.4,8,7,11.2
52,160.8,217.2,9,6,11.2
53,202,228.4,10,7,11.2
54,209.6,217.2,8,6,11.2
55,250.8,228.4,9,7,11.2
56,292,217.2,10,6,11.2
57,299.6,228.4,8,7,11.2
58,340.8,217.2,9,6,11.2
59,382,228.4,10,7,11.2
60,89.6,247.2,8,6,11.2
61,130.8,258.4,9,7,11.2
62,172,247.2,10,6,11.2
63,179.6,258.4,8,7,11.2
64,220.8,247.2,9,6,11.2
65,262,258.4,10,7,11.2
66,269.6,247.2,8,6,11.2
67,310.8,258.4,9,7,11.2
68,352,247.2,10,6,11.2
69,359.6,258.4,8,7,11.2
70,100.8,277.2,9,6,11.2
71,142,288.4,10,7,11.2
72,149.6,277.2,8,6,11.2
73,190.8,288.4,9,7,11.2
74,232,277.2,10,6,11.2
75,239.6,288.4,8,7,11.2
76,280.8,277.2,9,6,11.2
77,322,288.4,10,7,11.2
78,329.6,277.2,8,6,11.2
79,370.8,288.4,9,7,11.2
80,112,307.2,10,6,11.2
81,119.6,318.4,8,7,11.2
82,160.8,307.2,9,6,11.2
83,202,318.4,10,7,11.2
84,209.6,307.2,8,6,11.2
85,250.8,318.4,9,7,11.2
86,292,307.2,10,6,11.2
87,299.6,318.4,8,7,11.2
88,340.8,307.2,9,6,11.2
89,382,318.4,10,7,11.2
90,89.6,337.2,8,6,11.2
91,130.8,348.4,9,7,11.2
92,172,337.2,10,6,11.2
93,179.6,348.4,8,7,11.2
94,220.8,337.2,9,6,11.2
95,262,348.4,10,7,11.2
96,269.6,337.2,8,6,11.2
98,352,337.2,10,6,11.2
99,359.6,348.4,8,7,11.2
100,100.8,367.2,9,6,11.2
102,149.6,367.2,8,6,11.2
103,190.8,378.4,9,7,11.2
104,232,367.2,10,6,11.2
105,239.6,378.4,8,7,11.2
106,280.8,367.2,9,6,11.2
107,322,378.4,10,7,11.2
108,329.6,367.2,8,6,11.2
109,370.8,378.4,9,7,11.2
110,112,397.2,10,6,11.2
111,119.6,408.4,8,7,11.2
112,160.8,397.2,9,6,11.2
113,202,408.4,10,7,11.2
114,209.6,397.2,8,6,11.2
115,250.8,408.4,9,7,11.2
116,292,397.2,10,6,11.2
117,299.6,408.4,8,7,11.2
118,340.8,397.2,9,6,11.2
119,382,408.4,10,7,11.2
120,89.6,427.2,8,6,11.2
121,130.8,438.4,9,7,11.2
122,172,427.2,10,6,11.2
123,179.6,438.4,8,7,11.2
124,220.8,427.2,9,6,11.2
125,262,438.4,10,7,11.2
126,269.6,427.2,8,6,11.2
127,310.8,438.4,9,7,11.2
128,352,427.2,10,6,11.2
129,359.6,438.4,8,7,11.2
131,142,468.4,10,7,11.2
13,191.7,109.1,9,7,11.3
46,281.7,187.8,9,6,11.3
97,311.7,349.1,9,7,11.3
101,143,379.1,10,7,11.3
130,101.7,457.8,9,6,11.3
1,131.7,79.1,9,7,11.3
3,180.4,79.1,8,7,11.3
5,263,79.1,10,7,11.3
7,311.7,79.1,9,7,11.3
8,353,67.8,10,6,11.3
9,360.4,79.1,8,7,11.3
10,101.7,97.8,9,6,11.3
11,143,109.1,10,7,11.3
12,150.4,97.8,8,6,11.3
14,233,97.8,10,6,11.3
15,240.4,109.1,8,7,11.3
16,281.7,97.8,9,6,11.3
17,323,109.1,10,7,11.3
18,330.4,97.8,8,6,11.3
19,371.7,109.1,9,7,11.3
20,113,127.8,10,6,11.3
21,120.4,139.1,8,7,11.3
22,161.7,127.8,9,6,11.3
23,203,139.1,10,7,11.3
24,210.4,127.8,8,6,11.3
26,293,127.8,10,6,11.3
27,300.4,139.1,8,7,11.3
28,341.7,127.8,9,6,11.3
29,383,139.1,10,7,11.3
30,90.4,157.8,8,6,11.3
31,131.7,169.1,9,7,11.3
32,173,157.8,10,6,11.3
33,180.4,169.1,8,7,11.3
34,221.7,157.8,9,6,11.3
35,263,169.1,10,7,11.3
36,270.4,157.8,8,6,11.3
37,311.7,169.1,9,7,11.3
38,353,157.8,10,6,11.3
39,360.4,169.1,8,7,11.3
40,101.7,187.8,9,6,11.3
41,143,199.1,10,7,11.3
42,150.4,187.8,8,6,11.3
43,191.7,199.1,9,7,11.3
44,233,187.8,10,6,11.3
45,240.4,199.1,8,7,11.3
47,323,199.1,10,7,11.3
48,330.4,187.8,8,6,11.3
49,371.7,199.1,9,7,11.3
50,113,217.8,10,6,11.3
51,120.4,229.1,8,7,11.3
52,161.7,217.8,9,6,11.3
53,203,229.1,10,7,11.3
54,210.4,217.8,8,6,11.3
55,251.7,229.1,9,7,11.3
56,293,217.8,10,6,11.3
57,300.4,229.1,8,7,11.3
58,341.7,217.8,9,6,11.3
59,383,229.1,10,7,11.3
60,90.4,247.8,8,6,11.3
61,131.7,259.1,9,7,11.3
62,173,247.8,10,6,11.3
63,180.4,259.1,8,7,11.3
64,221.7,247.8,9,6,11.3
65,263,259.1,10,7,11.3
66,270.4,247.8,8,6,11.3
67,311.7,259.1,9,7,11.3
68,353,247.8,10,6,11.3
69,360.4,259.1,8,7,11.3
70,101.7,277.8,9,6,11.3
71,143,289.1,10,7,11.3
72,150.4,277.8,8,6,11.3
73,191.7,289.1,9,7,11.3
74,233,277.8,10,6,11.3
75,240.4,289.1,8,7,11.3
76,281.7,277.8,9,6,11.3
77,323,289.1,10,7,11.3
78,330.4,277.8,8,6,11.3
79,371.7,289.1,9,7,11.3
80,113,307.8,10,6,11.3
81,120.4,319.1,8,7,11.3
82,161.7,307.8,9,6,11.3
83,203,319.1,10,7,11.3
84,210.4,307.8,8,6,11.3
85,251.7,319.1,9,7,11.3
86,293,307.8,10,6,11.3
87,300.4,319.1,8,7,11.3
88,341.7,307.8,9,6,11.3
89,383,319.1,10,7,11.3
90,90.4,337.8,8,6,11.3
91,131.7,349.1,9,7,11.3
92,173,337.8,10,6,11.3
93,180.4,349.1,8,7,11.3
94,221.7,337.8,9,6,11.3
95,263,349.1,10,7,11.3
96,270.4,337.8,8,6,11.3
98,353,337.8,10,6,11.3
99,360.4,349.1,8,7,11.3
100,101.7,367.8,9,6,11.3
102,150.4,367.8,8,6,11.3
103,191.7,379.1,9,7,11.3
104,233,367.8,10,6,11.3
105,240.4,379.1,8,7,11.3
106,281.7,367.8,9,6,11.3
107,323,379.1,10,7,11.3
108,330.4,367.8,8,6,11.3
109,371.7,379.1,9,7,11.3
110,113,397.8,10,6,11.3
111,120.4,409.1,8,7,11.3
112,161.7,397.8,9,6,11.3
113,203,409.1,10,7,11.3
114,210.4,397.8,8,6,11.3
115,251.7,409.1,9,7,11.3
116,293,397.8,10,6,11.3
117,300.4,409.1,8,7,11.3
118,341.7,397.8,9,6,11.3
119,383,409.1,10,7,11.3
120,90.4,427.8,8,6,11.3
121,131.7,439.1,9,7,11.3
122,173,427.8,10,6,11.3
123,180.4,439.1,8,7,11.3
124,221.7,427.8,9,6,11.3
125,263,439.1,10,7,11.3
126,270.4,427.8,8,6,11.3
127,311.7,439.1,9,7,11.3
128,353,427.8,10,6,11.3
129,360.4,439.1,8,7,11.3
131,143,469.1,10,7,11.3
13,192.6,109.8,9,7,11.4
46,282.6,188.4,9,6,11.4
97,312.6,349.8,9,7,11.4
101,144,379.8,10,7,11.4
130,102.6,458.4,9,6,11.4
1,132.6,79.8,9,7,11.4
3,181.2,79.8,8,7,11.4
5,264,79.8,10,7,11.4
7,312.6,79.8,9,7,11.4
8,354,68.4,10,6,11.4
9,361.2,79.8,8,7,11.4
10,102.6,98.4,9,6,11.4
11,144,109.8,10,7,11.4
12,151.2,98.4,8,6,11.4
14,234,98.4,10,6,11.4
15,241.2,109.8,8,7,11.4
16,282.6,98.4,9,6,11.4
17,324,109.8,10,7,11.4
18,331.2,98.4,8,6,11.4
19,372.6,109.8,9,7,11.4
20,114,128.4,10,6,11.4
21,121.2,139.8,8,7,11.4
22,162.6,128.4,9,6,11.4
23,204,139.8,10,7,11.4
24,211.2,128.4,8,6,11.4
26,294,128.4,10,6,11.4
27,301.2,139.8,8,7,11.4
28,342.6,128.4,9,6,11.4
29,384,139.8,10,7,11.4
30,91.2,158.4,8,6,11.4
31,132.6,169.8,9,7,11.4
32,174,158.4,10,6,11.4
33,181.2,169.8,8,7,11.4
34,222.6,158.4,9,6,11.4
35,264,169.8,10,7,11.4
36,271.2,158.4,8,6,11.4
37,312.6,169.8,9,7,11.4
38,354,158.4,10,6,11.4
39,361.2,169.8,8,7,11.4
40,102.6,188.4,9,6,11.4
41,144,199.8,10,7,11.4
42,151.2,188.4,8,6,11.4
43,192.6,199.8,9,7,11.4
44,234,188.4,10,6,11.4
45,241.2,199.8,8,7,11.4
47,324,199.8,10,7,11.4
48,331.2,188.4,8,6,11.4
49,372.6,199.8,9,7,11.4
50,114,218.4,10,6,11.4
51,121.2,229.8,8,7,11.4
52,162.6,218.4,9,6,11.4
53,204,229.8,10,7,11.4
54,211.2,218.4,8,6,11.4
55,252.6,229.8,9,7,11.4
56,294,218.4,10,6,11.4
57,301.2,229.8,8,7,11.4
58,342.6,218.4,9,6,11.4
59,384,229.8,10,7,11.4
60,91.2,248.4,8,6,11.4
61,132.6,259.8,9,7,11.4
62,174,248.4,10,6,11.4
63,181.2,259.8,8,7,11.4
64,222.6,248.4,9,6,11.4
65,264,259.8,10,7,11.4
66,271.2,248.4,8,6,11.4
67,312.6,259.8,9,7,11.4
68,354,248.4,10,6,11.4
69,361.2,259.8,8,7,11.4
70,102.6,278.4,9,6,11.4
71,144,289.8,10,7,11.4
72,151.2,278.4,8,6,11.4
73,192.6,289.8,9,7,11.4
74,234,278.4,10,6,11.4
75,241.2,289.8,8,7,11.4
76,282.6,278.4,9,6,11.4
77,324,289.8,10,7,11.4
78,331.2,278.4,8,6,11.4
79,372.6,289.8,9,7,11.4
80,114,308.4,10,6,11.4
81,121.2,319.8,8,7,11.4
82,162.6,308.4,9,6,11.4
83,204,319.8,10,7,11.4
84,211.2,308.4,8,6,11.4
85,252.6,319.8,9,7,11.4
86,294,308.4,10,6,11.4
87,301.2,319.8,8,7,11.4
88,342.6,308.4,9,6,11.4
89,384,319.8,10,7,11.4
90,91.2,338.4,8,6,11.4
91,132.6,349.8,9,7,11.4
92,174,338.4,10,6,11.4
93,181.2,349.8,8,7,11.4
94,222.6,338.4,9,6,11.4
95,264,349.8,10,7,11.4
96,271.2,338.4,8,6,11.4
98,354,338.4,10,6,11.4
99,361.2,349.8,8,7,11.4
100,102.6,368.4,9,6,11.4
102,151.2,368.4,8,6,11.4
103,192.6,379.8,9,7,11.4
104,234,368.4,10,6,11.4
105,241.2,379.8,8,7,11.4
106,282.6,368.4,9,6,11.4
107,324,379.8,10,7,11.4
108,331.2,368.4,8,6,11.4
109,372.6,379.8,9,7,11.4
110,114,398.4,10,6,11.4
111,121.2,409.8,8,7,11.4
112,162.6,398.4,9,6,11.4
113,204,409.8,10,7,11.4
114,211.2,398.4,8,6,11.4
115,252.6,409.8,9,7,11.4
116,294,398.4,10,6,11.4
117,301.2,409.8,8,7,11.4
118,342.6,398.4,9,6,11.4
119,384,409.8,10,7,11.4
120,91.2,428.4,8,6,11.4
121,132.6,439.8,9,7,11.4
122,174,428.4,10,6,11.4
123,181.2,439.8,8,7,11.4
124,222.6,428.4,9,6,11.4
125,264,439.8,10,7,11.4
126,271.2,428.4,8,6,11.4
127,312.6,439.8,9,7,11.4
128,354,428.4,10,6,11.4
129,361.2,439.8,8,7,11.4
131,144,469.8,10,7,11.4
13,193.5,110.5,9,7,11.5
46,283.5,189,9,6,11.5
97,313.5,350.5,9,7,11.5
101,145,380.5,10,7,11.5
130,103.5,459,9,6,11.5
1,133.5,80.5,9,7,11.5
3,182,80.5,8,7,11.5
5,265,80.5,10,7,11.5
7,313.5,80.5,9,7,11.5
8,355,69,10,6,11.5
9,362,80.5,8,7,11.5
10,103.5,99,9,6,11.5
11,145,110.5,10,7,11.5
12,152,99,8,6,11.5
14,235,99,10,6,11.5
15,242,110.5,8,7,11.5
16,283.5,99,9,6,11.5
17,325,110.5,10,7,11.5
18,332,99,8,6,11.5
19,373.5,110.5,9,7,11.5
20,115,129,10,6,11.5
21,122,140.5,8,7,11.5
22,163.5,129,9,6,11.5
23,205,140.5,10,7,11.5
24,212,129,8,6,11.5
26,295,129,10,6,11.5
27,302,140.5,8,7,11.5
28,343.5,129,9,6,11.5
29,385,140.5,10,7,11.5
30,92,159,8,6,11.5
31,133.5,170.5,9,7,11.5
32,175,159,10,6,11.5
33,182,170.5,8,7,11.5
34,223.5,159,9,6,11.5
35,265,170.5,10,7,11.5
36,272,159,8,6,11.5
37,313.5,170.5,9,7,11.5
38,355,159,10,6,11.5
39,362,170.5,8,7,11.5
40,103.5,189,9,6,11.5
41,145,200.5,10,7,11.5
42,152,189,8,6,11.5
43,193.5,200.5,9,7,11.5
44,235,189,10,6,11.5
45,242,200.5,8,7,11.5
47,325,200.5,10,7,11.5
48,332,189,8,6,11.5
49,373.5,200.5,9,7,11.5
50,115,219,10,6,11.5
51,122,230.5,8,7,11.5
52,163.5,219,9,6,11.5
53,205,230.5,10,7,11.5
54,212,219,8,6,11.5
55,253.5,230.5,9,7,11.5
56,295,219,10,6,11.5
57,302,230.5,8,7,11.5
58,343.5,219,9,6,11.5
59,385,230.5,10,7,11.5
60,92,249,8,6,11.5
61,133.5,260.5,9,7,11.5
62,175,249,10,6,11.5
63,182,260.5,8,7,11.5
64,223.5,249,9,6,11.5
65,265,260.5,10,7,11.5
66,272,249,8,6,11.5
67,313.5,260.5,9,7,11.5
68,355,249,10,6,11.5
69,362,260.5,8,7,11.5
70,103.5,279,9,6,11.5
71,145,290.5,10,7,11.5
72,152,279,8,6,11.5
73,193.5,290.5,9,7,11.5
74,235,279,10,6,11.5
75,242,290.5,8,7,11.5
76,283.5,279,9,6,11.5
77,325,290.5,10,7,11.5
78,332,279,8,6,11.5
79,373.5,290.5,9,7,11.5
80,115,309,10,6,11.5
81,122,320.5,8,7,11.5
82,163.5,309,9,6,11.5
83,205,320.5,10,7,11.5
84,212,309,8,6,11.5
85,253.5,320.5,9,7,11.5
86,295,309,10,6,11.5
87,302,320.5,8,7,11.5
88,343.5,309,9,6,11.5
89,385,320.5,10,7,11.5
90,92,339,8,6,11.5
91,133.5,350.5,9,7,11.5
92,175,339,10,6,11.5
93,182,350.5,8,7,11.5
94,223.5,339,9,6,11.5
95,265,350.5,10,7,11.5
96,272,339,8,6,11.5
98,355,339,10,6,11.5
99,362,350.5,8,7,11.5
100,103.5,369,9,6,11.5
102,152,369,8,6,11.5
103,193.5,380.5,9,7,11.5
104,235,369,10,6,11.5
105,242,380.5,8,7,11.5
106,283.5,369,9,6,11.5
107,325,380.5,10,7,11.5
108,332,369,8,6,11.5
109,373.5,380.5,9,7,11.5
110,115,399,10,6,11.5
111,122,410.5,8,7,11.5
112,163.5,399,9,6,11.5
113,205,410.5,10,7,11.5
114,212,399,8,6,11.5
115,253.5,410.5,9,7,11.5
116,295,399,10,6,11.5
117,302,410.5,8,7,11.5
118,343.5,399,9,6,11.5
119,385,410.5,10,7,11.5
120,92,429,8,6,11.5
121,133.5,440.5,9,7,11.5
122,175,429,10,6,11.5
123,182,440.5,8,7,11.5
124,223.5,429,9,6,11.5
125,265,440.5,10,7,11.5
126,272,429,8,6,11.5
127,313.5,440.5,9,7,11.5
128,355,429,10,6,11.5
129,362,440.5,8,7,11.5
131,145,470.5,10,7,11.5
13,194.4,111.2,9,7,11.6
46,284.4,189.6,9,6,11.6
97,314.4,351.2,9,7,11.6
101,146,381.2,10,7,11.6
130,104.4,459.6,9,6,11.6
1,134.4,81.2,9,7,11.6
3,182.8,81.2,8,7,11.6
5,266,81.2,10,7,11.6
7,314.4,81.2,9,7,11.6
8,356,69.6,10,6,11.6
9,362.8,81.2,8,7,11.6
10,104.4,99.6,9,6,11.6
11,146,111.2,10,7,11.6
12,152.8,99.6,8,6,11.6
14,236,99.6,10,6,11.6
15,242.8,111.2,8,7,11.6
16,284.4,99.6,9,6,11.6
17,326,111.2,10,7,11.6
18,332.8,99.6,8,6,11.6
19,374.4,111.2,9,7,11.6
20,116,129.6,10,6,11.6
21,122.8,141.2,8,7,11.6
22,164.4,129.6,9,6,11.6
23,206,141.2,10,7,11.6
24,212.8,129.6,8,6,11.6
26,296,129.6,10,6,11.6
27,302.8,141.2,8,7,11.6
28,344.4,129.6,9,6,11.6
29,386,141.2,10,7,11.6
30,92.8,159.6,8,6,11.6
31,134.4,171.2,9,7,11.6
32,176,159.6,10,6,11.6
33,182.8,171.2,8,7,11.6
34,224.4,159.6,9,6,11.6
35,266,171.2,10,7,11.6
36,272.8,159.6,8,6,11.6
37,314.4,171.2,9,7,11.6
38,356,159.6,10,6,11.6
39,362.8,171.2,8,7,11.6
40,104.4,189.6,9,6,11.6
41,146,201.2,10,7,11.6
42,152.8,189.6,8,6,11.6
43,194.4,201.2,9,7,11.6
44,236,189.6,10,6,11.6
45,242.8,201.2,8,7,11.6
47,326,201.2,10,7,11.6
48,332.8,189.6,8,6,11.6
49,374.4,201.2,9,7,11.6
50,116,219.6,10,6,11.6
51,122.8,231.2,8,7,11.6
52,164.4,219.6,9,6,11.6
53,206,231.2,10,7,11.6
54,212.8,219.6,8,6,11.6
55,254.4,231.2,9,7,11.6
56,296,219.6,10,6,11.6
57,302.8,231.2,8,7,11.6
58,344.4,219.6,9,6,11.6
59,386,231.2,10,7,11.6
60,92.8,249.6,8,6,11.6
61,134.4,261.2,9,7,11.6
62,176,249.6,10,6,11.6
63,182.8,261.2,8,7,11.6
64,224.4,249.6,9,6,11.6
65,266,261.2,10,7,11.6
66,272.8,249.6,8,6,11.6
67,314.4,261.2,9,7,11.6
68,356,249.6,10,6,11.6
69,362.8,261.2,8,7,11.6
70,104.4,279.6,9,6,11.6
71,146,291.2,10,7,11.6
72,152.8,279.6,8,6,11.6
73,194.4,291.2,9,7,11.6
74,236,279.6,10,6,11.6
75,242.8,291.2,8,7,11.6
76,284.4,279.6,9,6,11.6
77,326,291.2,10,7,11.6
78,332.8,279.6,8,6,11.6
79,374.4,291.2,9,7,11.6
80,116,309.6,10,6,11.6
81,122.8,321.2,8,7,11.6
82,164.4,309.6,9,6,11.6
83,206,321.2,10,7,11.6
84,212.8,309.6,8,6,11.6
85,254.4,321.2,9,7,11.6
86,296,309.6,10,6,11.6
87,302.8,321.2,8,7,11.6
88,344.4,309.6,9,6,11.6
89,386,321.2,10,7,11.6
90,92.8,339.6,8,6,11.6
91,134.4,351.2,9,7,11.6
92,176,339.6,10,6,11.6
93,182.8,351.2,8,7,11.6
94,224.4,339.6,9,6,11.6
95,266,351.2,10,7,11.6
96,272.8,339.6,8,6,11.6
98,356,339.6,10,6,11.6
99,362.8,351.2,8,7,11.6
100,104.4,369.6,9,6,11.6
102,152.8,369.6,8,6,11.6
103,194.4,381.2,9,7,11.6
104,236,369.6,10,6,11.6
105,242.8,381.2,8,7,11.6
106,284.4,369.6,9,6,11.6
107,326,381.2,10,7,11.6
108,332.8,369.6,8,6,11.6
109,374.4,381.2,9,7,11.6
110,116,399.6,10,6,11.6
111,122.8,411.2,8,7,11.6
112,164.4,399.6,9,6,11.6
113,206,411.2,10,7,11.6
114,212.8,399.6,8,6,11.6
115,254.4,411.2,9,7,11.6
116,296,399.6,10,6,11.6
117,302.8,411.2,8,7,11.6
118,344.4,399.6,9,6,11.6
119,386,411.2,10,7,11.6
120,92.8,429.6,8,6,11.6
121,134.4,441.2,9,7,11.6
122,176,429.6,10,6,11.6
123,182.8,441.2,8,7,11.6
124,224.4,429.6,9,6,11.6
125,266,441.2,10,7,11.6
126,272.8,429.6,8,6,11.6
127,314.4,441.2,9,7,11.6
128,356,429.6,10,6,11.6
129,362.8,441.2,8,7,11.6
131,146,471.2,10,7,11.6
13,195.3,111.9,9,7,11.7
46,285.3,190.2,9,6,11.7
97,315.3,351.9,9,7,11.7
101,147,381.9,10,7,11.7
130,105.3,460.2,9,6,11.7
1,135.3,81.9,9,7,11.7
3,183.6,81.9,8,7,11.7
5,267,81.9,10,7,11.7
7,315.3,81.9,9,7,11.7
8,357,70.2,10,6,11.7
9,363.6,81.9,8,7,11.7
10,105.3,100.2,9,6,11.7
11,147,111.9,10,7,11.7
12,153.6,100.2,8,6,11.7
14,237,100.2,10,6,11.7
15,243.6,111.9,8,7,11.7
16,285.3,100.2,9,6,11.7
17,327,111.9,10,7,11.7
18,333.6,100.2,8,6,11.7
19,375.3,111.9,9,7,11.7
20,117,130.2,10,6,11.7
21,123.6,141.9,8,7,11.7
22,165.3,130.2,9,6,11.7
23,207,141.9,10,7,11.7
24,213.6,130.2,8,6,11.7
26,297,130.2,10,6,11.7
27,303.6,141.9,8,7,11.7
28,345.3,130.2,9,6,11.7
29,387,141.9,10,7,11.7
30,93.6,160.2,8,6,11.7
31,135.3,171.9,9,7,11.7
32,177,160.2,10,6,11.7
33,183.6,171.9,8,7,11.7
34,225.3,160.2,9,6,11.7
35,267,171.9,10,7,11.7
36,273.6,160.2,8,6,11.7
37,315.3,171.9,9,7,11.7
38,357,160.2,10,6,11.7
39,363.6,171.9,8,7,11.7
40,105.3,190.2,9,6,11.7
41,147,201.9,10,7,11.7
42,153.6,190.2,8,6,11.7
43,195.3,201.9,9,7,11.7
44,237,190.2,10,6,11.7
45,243.6,201.9,8,7,11.7
47,327,201.9,10,7,11.7
48,333.6,190.2,8,6,11.7
49,375.3,201.9,9,7,11.7
50,117,220.2,10,6,11.7
51,123.6,231.9,8,7,11.7
52,165.3,220.2,9,6,11.7
53,207,231.9,10,7,11.7
54,213.6,220.2,8,6,11.7
55,255.3,231.9,9,7,11.7
56,297,220.2,10,6,11.7
57,303.6,231.9,8,7,11.7
58,345.3,220.2,9,6,11.7
59,387,231.9,10,7,11.7
60,93.6,250.2,8,6,11.7
61,135.3,261.9,9,7,11.7
62,177,250.2,10,6,11.7
63,183.6,261.9,8,7,11.7
64,225.3,250.2,9,6,11.7
65,267,261.9,10,7,11.7
66,273.6,250.2,8,6,11.7
67,315.3,261.9,9,7,11.7
68,357,250.2,10,6,11.7
69,363.6,261.9,8,7,11.7
70,105.3,280.2,9,6,11.7
71,147,291.9,10,7,11.7
72,153.6,280.2,8,6,11.7
73,195.3,291.9,9,7,11.7
74,237,280.2,10,6,11.7
75,243.6,291.9,8,7,11.7
76,285.3,280.2,9,6,11.7
77,327,291.9,10,7,11.7
78,333.6,280.2,8,6,11.7
79,375.3,291.9,9,7,11.7
80,117,310.2,10,6,11.7
81,123.6,321.9,8,7,11.7
82,165.3,310.2,9,6,11.7
83,207,321.9,10,7,11.7
84,213.6,310.2,8,6,11.7
85,255.3,321.9,9,7,11.7
86,297,310.2,10,6,11.7
87,303.6,321.9,8,7,11.7
88,345.3,310.2,9,6,11.7
89,387,321.9,10,7,11.7
90,93.6,340.2,8,6,11.7
91,135.3,351.9,9,7,11.7
92,177,340.2,10,6,11.7
93,183.6,351.9,8,7,11.7
94,225.3,340.2,9,6,11.7
95,267,351.9,10,7,11.7
96,273.6,340.2,8,6,11.7
98,357,340.2,10,6,11.7
99,363.6,351.9,8,7,11.7
100,105.3,370.2,9,6,11.7
102,153.6,370.2,8,6,11.7
103,195.3,381.9,9,7,11.7
104,237,370.2,10,6,11.7
105,243.6,381.9,8,7,11.7
106,285.3,370.2,9,6,11.7
107,327,381.9,10,7,11.7
108,333.6,370.2,8,6,11.7
109,375.3,381.9,9,7,11.7
110,117,400.2,10,6,11.7
111,123.6,411.9,8,7,11.7
112,165.3,400.2,9,6,11.7
113,207,411.9,10,7,11.7
114,213.6,400.2,8,6,11.7
115,255.3,411.9,9,7,11.7
116,297,400.2,10,6,11.7
117,303.6,411.9,8,7,11.7
118,345.3,400.2,9,6,11.7
119,387,411.9,10,7,11.7
120,93.6,430.2,8,6,11.7
121,135.3,441.9,9,7,11.7
122,177,430.2,10,6,11.7
123,183.6,441.9,8,7,11.7
124,225.3,430.2,9,6,11.7
125,267,441.9,10,7,11.7
126,273.6,430.2,8,6,11.7
127,315.3,441.9,9,7,11.7
128,357,430.2,10,6,11.7
129,363.6,441.9,8,7,11.7
131,147,471.9,10,7,11.7
13,196.2,112.6,9,7,11.8
46,286.2,190.8,9,6,11.8
97,316.2,352.6,9,7,11.8
101,148,382.6,10,7,11.8
130,106.2,460.8,9,6,11.8
1,136.2,82.6,9,7,11.8
3,184.4,82.6,8,7,11.8
5,268,82.6,10,7,11.8
7,316.2,82.6,9,7,11.8
8,358,70.8,10,6,11.8
9,364.4,82.6,8,7,11.8
10,106.2,100.8,9,6,11.8
11,148,112.6,10,7,11.8
12,154.4,100.8,8,6,11.8
14,238,100.8,10,6,11.8
15,244.4,112.6,8,7,11.8
16,286.2,100.8,9,6,11.8
17,328,112.6,10,7,11.8
18,334.4,100.8,8,6,11.8
19,376.2,112.6,9,7,11.8
20,118,130.8,10,6,11.8
21,124.4,142.6,8,7,11.8
22,166.2,130.8,9,6,11.8
23,208,142.6,10,7,11.8
24,214.4,130.8,8,6,11.8
26,298,130.8,10,6,11.8
27,304.4,142.6,8,7,11.8
28,346.2,130.8,9,6,11.8
29,388,142.6,10,7,11.8
30,94.4,160.8,8,6,11.8
31,136.2,172.6,9,7,11.8
32,178,160.8,10,6,11.8
33,184.4,172.6,8,7,11.8
34,226.2,160.8,9,6,11.8
35,268,172.6,10,7,11.8
36,274.4,160.8,8,6,11.8
37,316.2,172.6,9,7,11.8
38,358,160.8,10,6,11.8
39,364.4,172.6,8,7,11.8
40,106.2,190.8,9,6,11.8
41,148,202.6,10,7,11.8
42,154.4,190.8,8,6,11.8
43,196.2,202.6,9,7,11.8
44,238,190.8,10,6,11.8
45,244.4,202.6,8,7,11.8
47,328,202.6,10,7,11.8
48,334.4,190.8,8,6,11.8
49,376.2,202.6,9,7,11.8
50,118,220.8,10,6,11.8
51,124.4,232.6,8,7,11.8
52,166.2,220.8,9,6,11.8
53,208,232.6,10,7,11.8
54,214.4,220.8,8,6,11.8
55,256.2,232.6,9,7,11.8
56,298,220.8,10,6,11.8
57,304.4,232.6,8,7,11.8
58,346.2,220.8,9,6,11.8
59,388,232.6,10,7,11.8
60,94.4,250.8,8,6,11.8
61,136.2,262.6,9,7,11.8
62,178,250.8,10,6,11.8
63,184.4,262.6,8,7,11.8
64,226.2,250.8,9,6,11.8
65,268,262.6,10,7,11.8
66,274.4,250.8,8,6,11.8
67,316.2,262.6,9,7,11.8
68,358,250.8,10,6,11.8
69,364.4,262.6,8,7,11.8
70,106.2,280.8,9,6,11.8
71,148,292.6,10,7,11.8
72,154.4,280.8,8,6,11.8
73,196.2,292.6,9,7,11.8
74,238,280.8,10,6,11.8
75,244.4,292.6,8,7,11.8
76,286.2,280.8,9,6,11.8
77,328,292.6,10,7,11.8
78,334.4,280.8,8,6,11.8
79,376.2,292.6,9,7,11.8
80,118,310.8,10,6,11.8
81,124.4,322.6,8,7,11.8
82,166.2,310.8,9,6,11.8
83,208,322.6,10,7,11.8
84,214.4,310.8,8,6,11.8
85,256.2,322.6,9,7,11.8
86,298,310.8,10,6,11.8
87,304.4,322.6,8,7,11.8
88,346.2,310.8,9,6,11.8
89,388,322.6,10,7,11.8
90,94.4,340.8,8,6,11.8
91,136.2,352.6,9,7,11.8
92,178,340.8,10,6,11.8
93,184.4,352.6,8,7,11.8
94,226.2,340.8,9,6,11.8
95,268,352.6,10,7,11.8
96,274.4,340.8,8,6,11.8
98,358,340.8,10,6,11.8
99,364.4,352.6,8,7,11.8
100,106.2,370.8,9,6,11.8
102,154.4,370.8,8,6,11.8
103,196.2,382.6,9,7,11.8
104,238,370.8,10,6,11.8
105,244.4,382.6,8,7,11.8
106,286.2,370.8,9,6,11.8
107,328,382.6,10,7,11.8
108,334.4,370.8,8,6,11.8
109,376.2,382.6,9,7,11.8
110,118,400.8,10,6,11.8
111,124.4,412.6,8,7,11.8
112,166.2,400.8,9,6,11.8
113,208,412.6,10,7,11.8
114,214.4,400.8,8,6,11.8
115,256.2,412.6,9,7,11.8
116,298,400.8,10,6,11.8
117,304.4,412.6,8,7,11.8
118,346.2,400.8,9,6,11.8
119,388,412.6,10,7,11.8
120,94.4,430.8,8,6,11.8
121,136.2,442.6,9,7,11.8
122,178,430.8,10,6,11.8
123,184.4,442.6,8,7,11.8
124,226.2,430.8,9,6,11.8
125,268,442.6,10,7,11.8
126,274.4,430.8,8,6,11.8
127,316.2,442.6,9,7,11.8
128,358,430.8,10,6,11.8
129,364.4,442.6,8,7,11.8
131,148,472.6,10,7,11.8
13,197.1,113.3,9,7,11.9
46,287.1,191.4,9,6,11.9
97,317.1,353.3,9,7,11.9
101,149,383.3,10,7,11.9
130,107.1,461.4,9,6,11.9
1,137.1,83.3,9,7,11.9
3,185.2,83.3,8,7,11.9
5,269,83.3,10,7,11.9
7,317.1,83.3,9,7,11.9
8,359,71.4,10,6,11.9
9,365.2,83.3,8,7,11.9
10,107.1,101.4,9,6,11.9
11,149,113.3,10,7,11.9
12,155.2,101.4,8,6,11.9
14,239,101.4,10,6,11.9
15,245.2,113.3,8,7,11.9
16,287.1,101.4,9,6,11.9
17,329,113.3,10,7,11.9
18,335.2,101.4,8,6,11.9
19,377.1,113.3,9,7,11.9
20,119,131.4,10,6,11.9
21,125.2,143.3,8,7,11.9
22,167.1,131.4,9,6,11.9
23,209,143.3,10,7,11.9
24,215.2,131.4,8,6,11.9
26,299,131.4,10,6,11.9
27,305.2,143.3,8,7,11.9
28,347.1,131.4,9,6,11.9
29,389,143.3,10,7,11.9
30,95.2,161.4,8,6,11.9
31,137.1,173.3,9,7,11.9
32,179,161.4,10,6,11.9
33,185.2,173.3,8,7,11.9
34,227.1,161.4,9,6,11.9
35,269,173.3,10,7,11.9
36,275.2,161.4,8,6,11.9
37,317.1,173.3,9,7,11.9
38,359,161.4,10,6,11.9
39,365.2,173.3,8,7,11.9
40,107.1,191.4,9,6,11.9
41,149,203.3,10,7,11.9
42,155.2,191.4,8,6,11.9
43,197.1,203.3,9,7,11.9
44,239,191.4,10,6,11.9
45,245.2,203.3,8,7,11.9
47,329,203.3,10,7,11.9
48,335.2,191.4,8,6,11.9
49,377.1,203.3,9,7,11.9
50,119,221.4,10,6,11.9
51,125.2,233.3,8,7,11.9
52,167.1,221.4,9,6,11.9
53,209,233.3,10,7,11.9
54,215.2,221.4,8,6,11.9
55,257.1,233.3,9,7,11.9
56,299,221.4,10,6,11.9
57,305.2,233.3,8,7,11.9
58,347.1,221.4,9,6,11.9
59,389,233.3,10,7,11.9
60,95.2,251.4,8,6,11.9
61,137.1,263.3,9,7,11.9
62,179,251.4,10,6,11.9
63,185.2,263.3,8,7,11.9
64,227.1,251.4,9,6,11.9
65,269,263.3,10,7,11.9
66,275.2,251.4,8,6,11.9
67,317.1,263.3,9,7,11.9
68,359,251.4,10,6,11.9
69,365.2,263.3,8,7,11.9
70,107.1,281.4,9,6,11.9
71,149,293.3,10,7,11.9
72,155.2,281.4,8,6,11.9
73,197.1,293.3,9,7,11.9
74,239,281.4,10,6,11.9
75,245.2,293.3,8,7,11.9
76,287.1,281.4,9,6,11.9
77,329,293.3,10,7,11.9
78,335.2,281.4,8,6,11.9
79,377.1,293.3,9,7,11.9
80,119,311.4,10,6,11.9
81,125.2,323.3,8,7,11.9
82,167.1,311.4,9,6,11.9
83,209,323.3,10,7,11.9
84,215.2,311.4,8,6,11.9
85,257.1,323.3,9,7,11.9
86,299,311.4,10,6,11.9
87,305.2,323.3,8,7,11.9
88,347.1,311.4,9,6,11.9
89,389,323.3,10,7,11.9
90,95.2,341.4,8,6,11.9
91,137.1,353.3,9,7,11.9
92,179,341.4,10,6,11.9
93,185.2,353.3,8,7,11.9
94,227.1,341.4,9,6,11.9
95,269,353.3,10,7,11.9
96,275.2,341.4,8,6,11.9
98,359,341.4,10,6,11.9
99,365.2,353.3,8,7,11.9
100,107.1,371.4,9,6,11.9
102,155.2,371.4,8,6,11.9
103,197.1,383.3,9,7,11.9
104,239,371.4,10,6,11.9
105,245.2,383.3,8,7,11.9
106,287.1,371.4,9,6,11.9
107,329,383.3,10,7,11.9
108,335.2,371.4,8,6,11.9
109,377.1,383.3,9,7,11.9
110,119,401.4,10,6,11.9
111,125.2,413.3,8,7,11.9
112,167.1,401.4,9,6,11.9
113,209,413.3,10,7,11.9
114,215.2,401.4,8,6,11.9
115,257.1,413.3,9,7,11.9
116,299,401.4,10,6,11.9
117,305.2,413.3,8,7,11.9
118,347.1,401.4,9,6,11.9
119,389,413.3,10,7,11.9
120,95.2,431.4,8,6,11.9
121,137.1,443.3,9,7,11.9
122,179,431.4,10,6,11.9
123,185.2,443.3,8,7,11.9
124,227.1,431.4,9,6,11.9
125,269,443.3,10,7,11.9
126,275.2,431.4,8,6,11.9
127,317.1,443.3,9,7,11.9
128,359,431.4,10,6,11.9
129,365.2,443.3,8,7,11.9
131,149,473.3,10,7,11.9
13,198,114,9,7,12
46,288,192,9,6,12
97,318,354,9,7,12
101,150,384,10,7,12
130,108,462,9,6,12
1,138,84,9,7,12
3,186,84,8,7,12
5,270,84,10,7,12
7,318,84,9,7,12
8,360,72,10,6,12
9,366,84,8,7,12
10,108,102,9,6,12
11,150,114,10,7,12
12,156,102,8,6,12
14,240,102,10,6,12
15,246,114,8,7,12
16,288,102,9,6,12
17,330,114,10,7,12
18,336,102,8,6,12
19,378,114,9,7,12
20,120,132,10,6,12
21,126,144,8,7,12
22,168,132,9,6,12
23,210,144,10,7,12
24,216,132,8,6,12
26,300,132,10,6,12
27,306,144,8,7,12
28,348,132,9,6,12
29,390,144,10,7,12
30,96,162,8,6,12
31,138,174,9,7,12
32,180,162,10,6,12
33,186,174,8,7,12
34,228,162,9,6,12
35,270,174,10,7,12
36,276,162,8,6,12
37,318,174,9,7,12
38,360,162,10,6,12
39,366,174,8,7,12
40,108,192,9,6,12
41,150,204,10,7,12
42,156,192,8,6,12
43,198,204,9,7,12
44,240,192,10,6,12
45,246,204,8,7,12
47,330,204,10,7,12
48,336,192,8,6,12
49,378,204,9,7,12
50,120,222,10,6,12
51,126,234,8,7,12
52,168,222,9,6,12
53,210,234,10,7,12
54,216,222,8,6,12
55,258,234,9,7,12
56,300,222,10,6,12
57,306,234,8,7,12
58,348,222,9,6,12
59,390,234,10,7,12
60,96,252,8,6,12
61,138,264,9,7,12
62,180,252,10,6,12
63,186,264,8,7,12
64,228,252,9,6,12
65,270,264,10,7,12
66,276,252,8,6,12
67,318,264,9,7,12
68,360,252,10,6,12
69,366,264,8,7,12
70,108,282,9,6,12
71,150,294,10,7,12
72,156,282,8,6,12
73,198,294,9,7,12
74,240,282,10,6,12
75,246,294,8,7,12
76,288,282,9,6,12
77,330,294,10,7,12
78,336,282,8,6,12
79,378,294,9,7,12
80,120,312,10,6,12
81,126,324,8,7,12
82,168,312,9,6,12
83,210,324,10,7,12
84,216,312,8,6,12
85,258,324,9,7,12
86,300,312,10,6,12
87,306,324,8,7,12
88,348,312,9,6,12
89,390,324,10,7,12
90,96,342,8,6,12
91,138,354,9,7,12
92,180,342,10,6,12
93,186,354,8,7,12
94,228,342,9,6,12
95,270,354,10,7,12
96,276,342,8,6,12
98,360,342,10,6,12
99,366,354,8,7,12
100,108,372,9,6,12
102,156,372,8,6,12
103,198,384,9,7,12
104,240,372,10,6,12
105,246,384,8,7,12
106,288,372,9,6,12
107,330,384,10,7,12
108,336,372,8,6,12
109,378,384,9,7,12
110,120,402,10,6,12
111,126,414,8,7,12
112,168,402,9,6,12
113,210,414,10,7,12
114,216,402,8,6,12
115,258,414,9,7,12
116,300,402,10,6,12
117,306,414,8,7,12
118,348,402,9,6,12
119,390,414,10,7,12
120,96,432,8,6,12
121,138,444,9,7,12
122,180,432,10,6,12
123,186,444,8,7,12
124,228,432,9,6,12
125,270,444,10,7,12
126,276,432,8,6,12
127,318,444,9,7,12
128,360,432,10,6,12
129,366,444,8,7,12
131,150,474,10,7,12
13,198.9,114.7,9,7,12.1
46,288.9,192.6,9,6,12.1
97,318.9,354.7,9,7,12.1
101,151,384.7,10,7,12.1
130,108.9,462.6,9,6,12.1
1,138.9,84.7,9,7,12.1
3,186.8,84.7,8,7,12.1
5,271,84.7,10,7,12.1
7,318.9,84.7,9,7,12.1
8,361,72.6,10,6,12.1
9,366.8,84.7,8,7,12.1
10,108.9,102.6,9,6,12.1
11,151,114.7,10,7,12.1
12,156.8,102.6,8,6,12.1
14,241,102.6,10,6,12.1
15,246.8,114.7,8,7,12.1
16,288.9,102.6,9,6,12.1
17,331,114.7,10,7,12.1
18,336.8,102.6,8,6,12.1
19,378.9,114.7,9,7,12.1
20,121,132.6,10,6,12.1
21,126.8,144.7,8,7,12.1
22,168.9,132.6,9,6,12.1
23,211,144.7,10,7,12.1
24,216.8,132.6,8,6,12.1
26,301,132.6,10,6,12.1
27,306.8,144.7,8,7,12.1
28,348.9,132.6,9,6,12.1
29,391,144.7,10,7,12.1
30,96.8,162.6,8,6,12.1
31,138.9,174.7,9,7,12.1
32,181,162.6,10,6,12.1
33,186.8,174.7,8,7,12.1
34,228.9,162.6,9,6,12.1
35,271,174.7,10,7,12.1
36,276.8,162.6,8,6,12.1
37,318.9,174.7,9,7,12.1
38,361,162.6,10,6,12.1
39,366.8,174.7,8,7,12.1
40,108.9,192.6,9,6,12.1
41,151,204.7,10,7,12.1
42,156.8,192.6,8,6,12.1
43,198.9,204.7,9,7,12.1
44,241,192.6,10,6,12.1
45,246.8,204.7,8,7,12.1
47,331,204.7,10,7,12.1
48,336.8,192.6,8,6,12.1
49,378.9,204.7,9,7,12.1
50,121,222.6,10,6,12.1
51,126.8,234.7,8,7,12.1
52,168.9,222.6,9,6,12.1
53,211,234.7,10,7,12.1
54,216.8,222.6,8,6,12.1
55,258.9,234.7,9,7,12.1
56,301,222.6,10,6,12.1
57,306.8,234.7,8,7,12.1
58,348.9,222.6,9,6,12.1
59,391,234.7,10,7,12.1
60,96.8,252.6,8,6,12.1
61,138.9,264.7,9,7,12.1
62,181,252.6,10,6,12.1
63,186.8,264.7,8,7,12.1
64,228.9,252.6,9,6,12.1
65,271,264.7,10,7,12.1
66,276.8,252.6,8,6,12.1
67,318.9,264.7,9,7,12.1
68,361,252.6,10,6,12.1
69,366.8,264.7,8,7,12.1
70,108.9,282.6,9,6,12.1
71,151,294.7,10,7,12.1
72,156.8,282.6,8,6,12.1
73,198.9,294.7,9,7,12.1
74,241,282.6,10,6,12.1
75,246.8,294.7,8,7,12.1
76,288.9,282.6,9,6,12.1
77,331,294.7,10,7,12.1
78,336.8,282.6,8,6,12.1
79,378.9,294.7,9,7,12.1
80,121,312.6,10,6,12.1
81,126.8,324.7,8,7,12.1
82,168.9,312.6,9,6,12.1
83,211,324.7,10,7,12.1
84,216.8,312.6,8,6,12.1
85,258.9,324.7,9,7,12.1
86,301,312.6,10,6,12.1
87,306.8,324.7,8,7,12.1
88,348.9,312.6,9,6,12.1
89,391,324.7,10,7,12.1
90,96.8,342.6,8,6,12.1
91,138.9,354.7,9,7,12.1
92,181,342.6,10,6,12.1
93,186.8,354.7,8,7,12.1
94,228.9,342.6,9,6,12.1
95,271,354.7,10,7,12.1
96,276.8,342.6,8,6,12.1
98,361,342.6,10,6,12.1
99,366.8,354.7,8,7,12.1
100,108.9,372.6,9,6,12.1
102,156.8,372.6,8,6,12.1
103,198.9,384.7,9,7,12.1
104,241,372.6,10,6,12.1
105,246.8,384.7,8,7,12.1
106,288.9,372.6,9,6,12.1
107,331,384.7,10,7,12.1
108,336.8,372.6,8,6,12.1
109,378.9,384.7,9,7,12.1
110,121,402.6,10,6,12.1
111,126.8,414.7,8,7,12.1
112,168.9,402.6,9,6,12.1
113,211,414.7,10,7,12.1
114,216.8,402.6,8,6,12.1
115,258.9,414.7,9,7,12.1
116,301,402.6,10,6,12.1
117,306.8,414.7,8,7,12.1
118,348.9,402.6,9,6,12.1
119,391,414.7,10,7,12.1
120,96.8,432.6,8,6,12.1
121,138.9,444.7,9,7,12.1
122,181,432.6,10,6,12.1
123,186.8,444.7,8,7,12.1
124,228.9,432.6,9,6,12.1
125,271,444.7,10,7,12.1
126,276.8,432.6,8,6,12.1
127,318.9,444.7,9,7,12.1
128,361,432.6,10,6,12.1
129,366.8,444.7,8,7,12.1
131,151,474.7,10,7,12.1
13,199.8,115.4,9,7,12.2
46,289.8,193.2,9,6,12.2
97,319.8,355.4,9,7,12.2
101,152,385.4,10,7,12.2
130,109.8,463.2,9,6,12.2
1,139.8,85.4,9,7,12.2
3,187.6,85.4,8,7,12.2
5,272,85.4,10,7,12.2
7,319.8,85.4,9,7,12.2
8,362,73.2,10,6,12.2
9,367.6,85.4,8,7,12.2
10,109.8,103.2,9,6,12.2
11,152,115.4,10,7,12.2
12,157.6,103.2,8,6,12.2
14,242,103.2,10,6,12.2
15,247.6,115.4,8,7,12.2
16,289.8,103.2,9,6,12.2
17,332,115.4,10,7,12.2
18,337.6,103.2,8,6,12.2
19,379.8,115.4,9,7,12.2
20,122,133.2,10,6,12.2
21,127.6,145.4,8,7,12.2
22,169.8,133.2,9,6,12.2
23,212,145.4,10,7,12.2
24,217.6,133.2,8,6,12.2
26,302,133.2,10,6,12.2
27,307.6,145.4,8,7,12.2
28,349.8,133.2,9,6,12.2
29,392,145.4,10,7,12.2
30,97.6,163.2,8,6,12.2
31,139.8,175.4,9,7,12.2
32,182,163.2,10,6,12.2
33,187.6,175.4,8,7,12.2
34,229.8,163.2,9,6,12.2
35,272,175.4,10,7,12.2
36,277.6,163.2,8,6,12.2
37,319.8,175.4,9,7,12.2
38,362,163.2,10,6,12.2
39,367.6,175.4,8,7,12.2
40,109.8,193.2,9,6,12.2
41,152,205.4,10,7,12.2
42,157.6,193.2,8,6,12.2
43,199.8,205.4,9,7,12.2
44,242,193.2,10,6,12.2
45,247.6,205.4,8,7,12.2
47,332,205.4,10,7,12.2
48,337.6,193.2,8,6,12.2
49,379.8,205.4,9,7,12.2
50,122,223.2,10,6,12.2
51,127.6,235.4,8,7,12.2
52,169.8,223.2,9,6,12.2
53,212,235.4,10,7,12.2
54,217.6,223.2,8,6,12.2
55,259.8,235.4,9,7,12.2
56,302,223.2,10,6,12.2
57,307.6,235.4,8,7,12.2
58,349.8,223.2,9,6,12.2
59,392,235.4,10,7,12.2
60,97.6,253.2,8,6,12.2
61,139.8,265.4,9,7,12.2
62,182,253.2,10,6,12.2
63,187.6,265.4,8,7,12.2
64,229.8,253.2,9,6,12.2
65,272,265.4,10,7,12.2
66,277.6,253.2,8,6,12.2
67,319.8,265.4,9,7,12.2
68,362,253.2,10,6,12.2
69,367.6,265.4,8,7,12.2
70,109.8,283.2,9,6,12.2
71,152,295.4,10,7,12.2
72,157.6,283.2,8,6,12.2
73,199.8,295.4,9,7,12.2
74,242,283.2,10,6,12.2
75,247.6,295.4,8,7,12.2
76,289.8,283.2,9,6,12.2
77,332,295.4,10,7,12.2
78,337.6,283.2,8,6,12.2
79,379.8,295.4,9,7,12.2
80,122,313.2,10,6,12.2
81,127.6,325.4,8,7,12.2
82,169.8,313.2,9,6,12.2
83,212,325.4,10,7,12.2
84,217.6,313.2,8,6,12.2
85,259.8,325.4,9,7,12.2
86,302,313.2,10,6,12.2
87,307.6,325.4,8,7,12.2
88,349.8,313.2,9,6,12.2
89,392,325.4,10,7,12.2
90,97.6,343.2,8,6,12.2
91,139.8,355.4,9,7,12.2
92,182,343.2,10,6,12.2
93,187.6,355.4,8,7,12.2
94,229.8,343.2,9,6,12.2
95,272,355.4,10,7,12.2
96,277.6,343.2,8,6,12.2
98,362,343.2,10,6,12.2
99,367.6,355.4,8,7,12.2
100,109.8,373.2,9,6,12.2
102,157.6,373.2,8,6,12.2
103,199.8,385.4,9,7,12.2
104,242,373.2,10,6,12.2
105,247.6,385.4,8,7,12.2
106,289.8,373.2,9,6,12.2
107,332,385.4,10,7,12.2
108,337.6,373.2,8,6,12.2
109,379.8,385.4,9,7,12.2
110,122,403.2,10,6,12.2
111,127.6,415.4,8,7,12.2
112,169.8,403.2,9,6,12.2
113,212,415.4,10,7,12.2
114,217.6,403.2,8,6,12.2
115,259.8,415.4,9,7,12.2
116,302,403.2,10,6,12.2
117,307.6,415.4,8,7,12.2
118,349.8,403.2,9,6,12.2
119,392,415.4,10,7,12.2
120,97.6,433.2,8,6,12.2
121,139.8,445.4,9,7,12.2
122,182,433.2,10,6,12.2
123,187.6,445.4,8,7,12.2
124,229.8,433.2,9,6,12.2
125,272,445.4,10,7,12.2
126,277.6,433.2,8,6,12.2
127,319.8,445.4,9,7,12.2
128,362,433.2,10,6,12.2
129,367.6,445.4,8,7,12.2
131,152,475.4,10,7,12.2
13,200.7,116.1,9,7,12.3
46,290.7,193.8,9,6,12.3
97,320.7,356.1,9,7,12.3
101,153,386.1,10,7,12.3
130,110.7,463.8,9,6,12.3
1,140.7,86.1,9,7,12.3
3,188.4,86.1,8,7,12.3
5,273,86.1,10,7,12.3
7,320.7,86.1,9,7,12.3
8,363,73.8,10,6,12.3
9,368.4,86.1,8,7,12.3
10,110.7,103.8,9,6,12.3
11,153,116.1,10,7,12.3
12,158.4,103.8,8,6,12.3
14,243,103.8,10,6,12.3
15,248.4,116.1,8,7,12.3
16,290.7,103.8,9,6,12.3
17,333,116.1,10,7,12.3
18,338.4,103.8,8,6,12.3
19,380.7,116.1,9,7,12.3
20,123,133.8,10,6,12.3
21,128.4,146.1,8,7,12.3
22,170.7,133.8,9,6,12.3
23,213,146.1,10,7,12.3
24,218.4,133.8,8,6,12.3
26,303,133.8,10,6,12.3
27,308.4,146.1,8,7,12.3
28,350.7,133.8,9,6,12.3
29,393,146.1,10,7,12.3
30,98.4,163.8,8,6,12.3
31,140.7,176.1,9,7,12.3
32,183,163.8,10,6,12.3
33,188.4,176.1,8,7,12.3
34,230.7,163.8,9,6,12.3
35,273,176.1,10,7,12.3
36,278.4,163.8,8,6,12.3
37,320.7,176.1,9,7,12.3
38,363,163.8,10,6,12.3
39,368.4,176.1,8,7,12.3
40,110.7,193.8,9,6,12.3
41,153,206.1,10,7,12.3
42,158.4,193.8,8,6,12.3
43,200.7,206.1,9,7,12.3
44,243,193.8,10,6,12.3
45,248.4,206.1,8,7,12.3
47,333,206.1,10,7,12.3
48,338.4,193.8,8,6,12.3
49,380.7,206.1,9,7,12.3
50,123,223.8,10,6,12.3
51,128.4,236.1,8,7,12.3
52,170.7,223.8,9,6,12.3
53,213,236.1,10,7,12.3
54,218.4,223.8,8,6,12.3
55,260.7,236.1,9,7,12.3
56,303,223.8,10,6,12.3
57,308.4,236.1,8,7,12.3
58,350.7,223.8,9,6,12.3
59,393,236.1,10,7,12.3
60,98.4,253.8,8,6,12.3
61,140.7,266.1,9,7,12.3
62,183,253.8,10,6,12.3
63,188.4,266.1,8,7,12.3
64,230.7,253.8,9,6,12.3
65,273,266.1,10,7,12.3
66,278.4,253.8,8,6,12.3
67,320.7,266.1,9,7,12.3
68,363,253.8,10,6,12.3
69,368.4,266.1,8,7,12.3
70,110.7,283.8,9,6,12.3
71,153,296.1,10,7,12.3
72,158.4,283.8,8,6,12.3
73,200.7,296.1,9,7,12.3
74,243,283.8,10,6,12.3
75,248.4,296.1,8,7,12.3
76,290.7,283.8,9,6,12.3
77,333,296.1,10,7,12.3
78,338.4,283.8,8,6,12.3
79,380.7,296.1,9,7,12.3
80,123,313.8,10,6,12.3
81,128.4,326.1,8,7,12.3
82,170.7,313.8,9,6,12.3
83,213,326.1,10,7,12.3
84,218.4,313.8,8,6,12.3
85,260.7,326.1,9,7,12.3
86,303,313.8,10,6,12.3
87,308.4,326.1,8,7,12.3
88,350.7,313.8,9,6,12.3
89,393,326.1,10,7,12.3
90,98.4,343.8,8,6,12.3
91,140.7,356.1,9,7,12.3
92,183,343.8,10,6,12.3
93,188.4,356.1,8,7,12.3
94,230.7,343.8,9,6,12.3
95,273,356.1,10,7,12.3
96,278.4,343.8,8,6,12.3
98,363,343.8,10,6,12.3
99,368.4,356.1,8,7,12.3
100,110.7,373.8,9,6,12.3
102,158.4,373.8,8,6,12.3
103,200.7,386.1,9,7,12.3
104,243,373.8,10,6,12.3
105,248.4,386.1,8,7,12.3
106,290.7,373.8,9,6,12.3
107,333,386.1,10,7,12.3
108,338.4,373.8,8,6,12.3
109,380.7,386.1,9,7,12.3
110,123,403.8,10,6,12.3
111,128.4,416.1,8,7,12.3
112,170.7,403.8,9,6,12.3
113,213,416.1,10,7,12.3
114,218.4,403.8,8,6,12.3
115,260.7,416.1,9,7,12.3
116,303,403.8,10,6,12.3
117,308.4,416.1,8,7,12.3
118,350.7,403.8,9,6,12.3
119,393,416.1,10,7,12.3
120,98.4,433.8,8,6,12.3
121,140.7,446.1,9,7,12.3
122,183,433.8,10,6,12.3
123,188.4,446.1,8,7,12.3
124,230.7,433.8,9,6,12.3
125,273,446.1,10,7,12.3
126,278.4,433.8,8,6,12.3
127,320.7,446.1,9,7,12.3
128,363,433.8,10,6,12.3
129,368.4,446.1,8,7,12.3
131,153,476.1,10,7,12.3
13,201.6,116.8,9,7,12.4
46,291.6,194.4,9,6,12.4
97,321.6,356.8,9,7,12.4
101,154,386.8,10,7,12.4
130,111.6,464.4,9,6,12.4
1,141.6,86.8,9,7,12.4
3,189.2,86.8,8,7,12.4
5,274,86.8,10,7,12.4
7,321.6,86.8,9,7,12.4
8,364,74.4,10,6,12.4
9,369.2,86.8,8,7,12.4
10,111.6,104.4,9,6,12.4
11,154,116.8,10,7,12.4
12,159.2,104.4,8,6,12.4
14,244,104.4,10,6,12.4
15,249.2,116.8,8,7,12.4
16,291.6,104.4,9,6,12.4
17,334,116.8,10,7,12.4
18,339.2,104.4,8,6,12.4
19,381.6,116.8,9,7,12.4
20,124,134.4,10,6,12.4
21,129.2,146.8,8,7,12.4
22,171.6,134.4,9,6,12.4
23,214,146.8,10,7,12.4
24,219.2,134.4,8,6,12.4
26,304,134.4,10,6,12.4
27,309.2,146.8,8,7,12.4
28,351.6,134.4,9,6,12.4
29,394,146.8,10,7,12.4
30,99.2,164.4,8,6,12.4
31,141.6,176.8,9,7,12.4
32,184,164.4,10,6,12.4
33,189.2,176.8,8,7,12.4
34,231.6,164.4,9,6,12.4
35,274,176.8,10,7,12.4
36,279.2,164.4,8,6,12.4
37,321.6,176.8,9,7,12.4
38,364,164.4,10,6,12.4
39,369.2,176.8,8,7,12.4
40,111.6,194.4,9,6,12.4
41,154,206.8,10,7,12.4
42,159.2,194.4,8,6,12.4
43,201.6,206.8,9,7,12.4
44,244,194.4,10,6,12.4
45,249.2,206.8,8,7,12.4
47,334,206.8,10,7,12.4
48,339.2,194.4,8,6,12.4
49,381.6,206.8,9,7,12.4
50,124,224.4,10,6,12.4
51,129.2,236.8,8,7,12.4
52,171.6,224.4,9,6,12.4
53,214,236.8,10,7,12.4
54,219.2,224.4,8,6,12.4
55,261.6,236.8,9,7,12.4
56,304,224.4,10,6,12.4
57,309.2,236.8,8,7,12.4
58,351.6,224.4,9,6,12.4
59,394,236.8,10,7,12.4
60,99.2,254.4,8,6,12.4
61,141.6,266.8,9,7,12.4
62,184,254.4,10,6,12.4
63,189.2,266.8,8,7,12.4
64,231.6,254.4,9,6,12.4
65,274,266.8,10,7,12.4
66,279.2,254.4,8,6,12.4
67,321.6,266.8,9,7,12.4
68,364,254.4,10,6,12.4
69,369.2,266.8,8,7,12.4
70,111.6,284.4,9,6,12.4
71,154,296.8,10,7,12.4
72,159.2,284.4,8,6,12.4
73,201.6,296.8,9,7,12.4
74,244,284.4,10,6,12.4
75,249.2,296.8,8,7,12.4
76,291.6,284.4,9,6,12.4
77,334,296.8,10,7,12.4
78,339.2,284.4,8,6,12.4
79,381.6,296.8,9,7,12.4
80,124,314.4,10,6,12.4
81,129.2,326.8,8,7,12.4
82,171.6,314.4,9,6,12.4
83,214,326.8,10,7,12.4
84,219.2,314.4,8,6,12.4
85,261.6,326.8,9,7,12.4
86,304,314.4,10,6,12.4
87,309.2,326.8,8,7,12.4
88,351.6,314.4,9,6,12.4
89,394,326.8,10,7,12.4
90,99.2,344.4,8,6,12.4
91,141.6,356.8,9,7,12.4
92,184,344.4,10,6,12.4
93,189.2,356.8,8,7,12.4
94,231.6,344.4,9,6,12.4
95,274,356.8,10,7,12.4
96,279.2,344.4,8,6,12.4
98,364,344.4,10,6,12.4
99,369.2,356.8,8,7,12.4
100,111.6,374.4,9,6,12.4
102,159.2,374.4,8,6,12.4
103,201.6,386.8,9,7,12.4
104,244,374.4,10,6,12.4
105,249.2,386.8,8,7,12.4
106,291.6,374.4,9,6,12.4
107,334,386.8,10,7,12.4
108,339.2,374.4,8,6,12.4
109,381.6,386.8,9,7,12.4
110,124,404.4,10,6,12.4
111,129.2,416.8,8,7,12.4
112,171.6,404.4,9,6,12.4
113,214,416.8,10,7,12.4
114,219.2,404.4,8,6,12.4
115,261.6,416.8,9,7,12.4
116,304,404.4,10,6,12.4
117,309.2,416.8,8,7,12.4
118,351.6,404.4,9,6,12.4
119,394,416.8,10,7,12.4
120,99.2,434.4,8,6,12.4
121,141.6,446.8,9,7,12.4
122,184,434.4,10,6,12.4
123,189.2,446.8,8,7,12.4
124,231.6,434.4,9,6,12.4
125,274,446.8,10,7,12.4
126,279.2,434.4,8,6,12.4
127,321.6,446.8,9,7,12.4
128,364,434.4,10,6,12.4
129,369.2,446.8,8,7,12.4
131,154,476.8,10,7,12.4
13,202.5,117.5,9,7,12.5
46,292.5,195,9,6,12.5
97,322.5,357.5,9,7,12.5
101,155,387.5,10,7,12.5
130,112.5,465,9,6,12.5
1,142.5,87.5,9,7,12.5
3,190,87.5,8,7,12.5
5,275,87.5,10,7,12.5
7,322.5,87.5,9,7,12.5
8,365,75,10,6,12.5
9,370,87.5,8,7,12.5
10,112.5,105,9,6,12.5
11,155,117.5,10,7,12.5
12,160,105,8,6,12.5
14,245,105,10,6,12.5
15,250,117.5,8,7,12.5
16,292.5,105,9,6,12.5
17,335,117.5,10,7,12.5
18,340,105,8,6,12.5
19,382.5,117.5,9,7,12.5
20,125,135,10,6,12.5
21,130,147.5,8,7,12.5
22,172.5,135,9,6,12.5
23,215,147.5,10,7,12.5
24,220,135,8,6,12.5
26,305,135,10,6,12.5
27,310,147.5,8,7,12.5
28,352.5,135,9,6,12.5
29,395,147.5,10,7,12.5
30,100,165,8,6,12.5
31,142.5,177.5,9,7,12.5
32,185,165,10,6,12.5
33,190,177.5,8,7,12.5
34,232.5,165,9,6,12.5
35,275,177.5,10,7,12.5
36,280,165,8,6,12.5
37,322.5,177.5,9,7,12.5
38,365,165,10,6,12.5
39,370,177.5,8,7,12.5
40,112.5,195,9,6,12.5
41,155,207.5,10,7,12.5
42,160,195,8,6,12.5
43,202.5,207.5,9,7,12.5
44,245,195,10,6,12.5
45,250,207.5,8,7,12.5
47,335,207.5,10,7,12.5
48,340,195,8,6,12.5
49,382.5,207.5,9,7,12.5
50,125,225,10,6,12.5
51,130,237.5,8,7,12.5
52,172.5,225,9,6,12.5
53,215,237.5,10,7,12.5
54,220,225,8,6,12.5
55,262.5,237.5,9,7,12.5
56,305,225,10,6,12.5
57,310,237.5,8,7,12.5
58,352.5,225,9,6,12.5
59,395,237.5,10,7,12.5
60,100,255,8,6,12.5
61,142.5,267.5,9,7,12.5
62,185,255,10,6,12.5
63,190,267.5,8,7,12.5
64,232.5,255,9,6,12.5
65,275,267.5,10,7,12.5
66,280,255,8,6,12.5
67,322.5,267.5,9,7,12.5
68,365,255,10,6,12.5
69,370,267.5,8,7,12.5
70,112.5,285,9,6,12.5
71,155,297.5,10,7,12.5
72,160,285,8,6,12.5
73,202.5,297.5,9,7,12.5
74,245,285,10,6,12.5
75,250,297.5,8,7,12.5
76,292.5,285,9,6,12.5
77,335,297.5,10,7,12.5
78,340,285,8,6,12.5
79,382.5,297.5,9,7,12.5
80,125,315,10,6,12.5
81,130,327.5,8,7,12.5
82,172.5,315,9,6,12.5
83,215,327.5,10,7,12.5
84,220,315,8,6,12.5
85,262.5,327.5,9,7,12.5
86,305,315,10,6,12.5
87,310,327.5,8,7,12.5
88,352.5,315,9,6,12.5
89,395,327.5,10,7,12.5
90,100,345,8,6,12.5
91,142.5,357.5,9,7,12.5
92,185,345,10,6,12.5
93,190,357.5,8,7,12.5
94,232.5,345,9,6,12.5
95,275,357.5,10,7,12.5
96,280,345,8,6,12.5
98,365,345,10,6,12.5
99,370,357.5,8,7,12.5
100,112.5,375,9,6,12.5
102,160,375,8,6,12.5
103,202.5,387.5,9,7,12.5
104,245,375,10,6,12.5
105,250,387.5,8,7,12.5
106,292.5,375,9,6,12.5
107,335,387.5,10,7,12.5
108,340,375,8,6,12.5
109,382.5,387.5,9,7,12.5
110,125,405,10,6,12.5
111,130,417.5,8,7,12.5
112,172.5,405,9,6,12.5
113,215,417.5,10,7,12.5
114,220,405,8,6,12.5
115,262.5,417.5,9,7,12.5
116,305,405,10,6,12.5
117,310,417.5,8,7,12.5
118,352.5,405,9,6,12.5
119,395,417.5,10,7,12.5
120,100,435,8,6,12.5
121,142.5,447.5,9,7,12.5
122,185,435,10,6,12.5
123,190,447.5,8,7,12.5
124,232.5,435,9,6,12.5
125,275,447.5,10,7,12.5
126,280,435,8,6,12.5
127,322.5,447.5,9,7,12.5
128,365,435,10,6,12.5
129,370,447.5,8,7,12.5
131,155,477.5,10,7,12.5
13,203.4,118.2,9,7,12.6
46,293.4,195.6,9,6,12.6
97,323.4,358.2,9,7,12.6
101,156,388.2,10,7,12.6
130,113.4,465.6,9,6,12.6
1,143.4,88.2,9,7,12.6
3,190.8,88.2,8,7,12.6
5,276,88.2,10,7,12.6
7,323.4,88.2,9,7,12.6
8,366,75.6,10,6,12.6
9,370.8,88.2,8,7,12.6
10,113.4,105.6,9,6,12.6
11,156,118.2,10,7,12.6
12,160.8,105.6,8,6,12.6
14,246,105.6,10,6,12.6
15,250.8,118.2,8,7,12.6
16,293.4,105.6,9,6,12.6
17,336,118.2,10,7,12.6
18,340.8,105.6,8,6,12.6
19,383.4,118.2,9,7,12.6
20,126,135.6,10,6,12.6
21,130.8,148.2,8,7,12.6
22,173.4,135.6,9,6,12.6
23,216,148.2,10,7,12.6
24,220.8,135.6,8,6,12.6
26,306,135.6,10,6,12.6
27,310.8,148.2,8,7,12.6
28,353.4,135.6,9,6,12.6
29,396,148.2,10,7,12.6
30,100.8,165.6,8,6,12.6
31,143.4,178.2,9,7,12.6
32,186,165.6,10,6,12.6
33,190.8,178.2,8,7,12.6
34,233.4,165.6,9,6,12.6
35,276,178.2,10,7,12.6
36,280.8,165.6,8,6,12.6
37,323.4,178.2,9,7,12.6
38,366,165.6,10,6,12.6
39,370.8,178.2,8,7,12.6
40,113.4,195.6,9,6,12.6
41,156,208.2,10,7,12.6
42,160.8,195.6,8,6,12.6
43,203.4,208.2,9,7,12.6
44,246,195.6,10,6,12.6
45,250.8,208.2,8,7,12.6
47,336,208.2,10,7,12.6
48,340.8,195.6,8,6,12.6
49,383.4,208.2,9,7,12.6
50,126,225.6,10,6,12.6
51,130.8,238.2,8,7,12.6
52,173.4,225.6,9,6,12.6
53,216,238.2,10,7,12.6
54,220.8,225.6,8,6,12.6
55,263.4,238.2,9,7,12.6
56,306,225.6,10,6,12.6
57,310.8,238.2,8,7,12.6
58,353.4,225.6,9,6,12.6
59,396,238.2,10,7,12.6
60,100.8,255.6,8,6,12.6
61,143.4,268.2,9,7,12.6
62,186,255.6,10,6,12.6
63,190.8,268.2,8,7,12.6
64,233.4,255.6,9,6,12.6
65,276,268.2,10,7,12.6
66,280.8,255.6,8,6,12.6
67,323.4,268.2,9,7,12.6
68,366,255.6,10,6,12.6
69,370.8,268.2,8,7,12.6
70,113.4,285.6,9,6,12.6
71,156,298.2,10,7,12.6
72,160.8,285.6,8,6,12.6
73,203.4,298.2,9,7,12.6
74,246,285.6,10,6,12.6
75,250.8,298.2,8,7,12.6
76,293.4,285.6,9,6,12.6
77,336,298.2,10,7,12.6
78,340.8,285.6,8,6,12.6
79,383.4,298.2,9,7,12.6
80,126,315.6,10,6,12.6
81,130.8,328.2,8,7,12.6
82,173.4,315.6,9,6,12.6
83,216,328.2,10,7,12.6
84,220.8,315.6,8,6,12.6
85,263.4,328.2,9,7,12.6
86,306,315.6,10,6,12.6
87,310.8,328.2,8,7,12.6
88,353.4,315.6,9,6,12.6
89,396,328.2,10,7,12.6
90,100.8,345.6,8,6,12.6
91,143.4,358.2,9,7,12.6
92,186,345.6,10,6,12.6
93,190.8,358.2,8,7,12.6
94,233.4,345.6,9,6,12.6
95,276,358.2,10,7,12.6
96,280.8,345.6,8,6,12.6
98,366,345.6,10,6,12.6
99,370.8,358.2,8,7,12.6
100,113.4,375.6,9,6,12.6
102,160.8,375.6,8,6,12.6
103,203.4,388.2,9,7,12.6
104,246,375.6,10,6,12.6
105,250.8,388.2,8,7,12.6
106,293.4,375.6,9,6,12.6
107,336,388.2,10,7,12.6
108,340.8,375.6,8,6,12.6
109,383.4,388.2,9,7,12.6
110,126,405.6,10,6,12.6
111,130.8,418.2,8,7,12.6
112,173.4,405.6,9,6,12.6
113,216,418.2,10,7,12.6
114,220.8,405.6,8,6,12.6
115,263.4,418.2,9,7,12.6
116,306,405.6,10,6,12.6
117,310.8,418.2,8,7,12.6
118,353.4,405.6,9,6,12.6
119,396,418.2,10,7,12.6
120,100.8,435.6,8,6,12.6
121,143.4,448.2,9,7,12.6
122,186,435.6,10,6,12.6
123,190.8,448.2,8,7,12.6
124,233.4,435.6,9,6,12.6
125,276,448.2,10,7,12.6
126,280.8,435.6,8,6,12.6
127,323.4,448.2,9,7,12.6
128,366,435.6,10,6,12.6
129,370.8,448.2,8,7,12.6
131,156,478.2,10,7,12.6
13,204.3,118.9,9,7,12.7
46,294.3,196.2,9,6,12.7
97,324.3,358.9,9,7,12.7
101,157,388.9,10,7,12.7
130,114.3,466.2,9,6,12.7
1,144.3,88.9,9,7,12.7
3,191.6,88.9,8,7,12.7
5,277,88.9,10,7,12.7
7,324.3,88.9,9,7,12.7
8,367,76.2,10,6,12.7
9,371.6,88.9,8,7,12.7
10,114.3,106.2,9,6,12.7
11,157,118.9,10,7,12.7
12,161.6,106.2,8,6,12.7
14,247,106.2,10,6,12.7
15,251.6,118.9,8,7,12.7
16,294.3,106.2,9,6,12.7
17,337,118.9,10,7,12.7
18,341.6,106.2,8,6,12.7
19,384.3,118.9,9,7,12.7
20,127,136.2,10,6,12.7
21,131.6,148.9,8,7,12.7
22,174.3,136.2,9,6,12.7
23,217,148.9,10,7,12.7
24,221.6,136.2,8,6,12.7
26,307,136.2,10,6,12.7
27,311.6,148.9,8,7,12.7
28,354.3,136.2,9,6,12.7
29,397,148.9,10,7,12.7
30,101.6,166.2,8,6,12.7
31,144.3,178.9,9,7,12.7
32,187,166.2,10,6,12.7
33,191.6,178.9,8,7,12.7
34,234.3,166.2,9,6,12.7
35,277,178.9,10,7,12.7
36,281.6,166.2,8,6,12.7
37,324.3,178.9,9,7,12.7
38,367,166.2,10,6,12.7
39,371.6,178.9,8,7,12.7
40,114.3,196.2,9,6,12.7
41,157,208.9,10,7,12.7
42,161.6,196.2,8,6,12.7
43,204.3,208.9,9,7,12.7
44,247,196.2,10,6,12.7
45,251.6,208.9,8,7,12.7
47,337,208.9,10,7,12.7
48,341.6,196.2,8,6,12.7
49,384.3,208.9,9,7,12.7
50,127,226.2,10,6,12.7
51,131.6,238.9,8,7,12.7
52,174.3,226.2,9,6,12.7
53,217,238.9,10,7,12.7
54,221.6,226.2,8,6,12.7
55,264.3,238.9,9,7,12.7
56,307,226.2,10,6,12.7
57,311.6,238.9,8,7,12.7
58,354.3,226.2,9,6,12.7
59,397,238.9,10,7,12.7
60,101.6,256.2,8,6,12.7
61,144.3,268.9,9,7,12.7
62,187,256.2,10,6,12.7
63,191.6,268.9,8,7,12.7
64,234.3,256.2,9,6,12.7
65,277,268.9,10,7,12.7
66,281.6,256.2,8,6,12.7
67,324.3,268.9,9,7,12.7
68,367,256.2,10,6,12.7
69,371.6,268.9,8,7,12.7
70,114.3,286.2,9,6,12.7
71,157,298.9,10,7,12.7
72,161.6,286.2,8,6,12.7
73,204.3,298.9,9,7,12.7
74,247,286.2,10,6,12.7
75,251.6,298.9,8,7,12.7
76,294.3,286.2,9,6,12.7
77,337,298.9,10,7,12.7
78,341.6,286.2,8,6,12.7
79,384.3,298.9,9,7,12.7
80,127,316.2,10,6,12.7
81,131.6,328.9,8,7,12.7
82,174.3,316.2,9,6,12.7
83,217,328.9,10,7,12.7
84,221.6,316.2,8,6,12.7
85,264.3,328.9,9,7,12.7
86,307,316.2,10,6,12.7
87,311.6,328.9,8,7,12.7
88,354.3,316.2,9,6,12.7
89,397,328.9,10,7,12.7
90,101.6,346.2,8,6,12.7
91,144.3,358.9,9,7,12.7
92,187,346.2,10,6,12.7
93,191.6,358.9,8,7,12.7
94,234.3,346.2,9,6,12.7
95,277,358.9,10,7,12.7
96,281.6,346.2,8,6,12.7
98,367,346.2,10,6,12.7
99,371.6,358.9,8,7,12.7
100,114.3,376.2,9,6,12.7
102,161.6,376.2,8,6,12.7
103,204.3,388.9,9,7,12.7
104,247,376.2,10,6,12.7
105,251.6,388.9,8,7,12.7
106,294.3,376.2,9,6,12.7
107,337,388.9,10,7,12.7
108,341.6,376.2,8,6,12.7
109,384.3,388.9,9,7,12.7
110,127,406.2,10,6,12.7
111,131.6,418.9,8,7,12.7
112,174.3,406.2,9,6,12.7
113,217,418.9,10,7,12.7
114,221.6,406.2,8,6,12.7
115,264.3,418.9,9,7,12.7
116,307,406.2,10,6,12.7
117,311.6,418.9,8,7,12.7
118,354.3,406.2,9,6,12.7
119,397,418.9,10,7,12.7
120,101.6,436.2,8,6,12.7
121,144.3,448.9,9,7,12.7
122,187,436.2,10,6,12.7
123,191.6,448.9,8,7,12.7
124,234.3,436.2,9,6,12.7
125,277,448.9,10,7,12.7
126,281.6,436.2,8,6,12.7
127,324.3,448.9,9,7,12.7
128,367,436.2,10,6,12.7
129,371.6,448.9,8,7,12.7
131,157,478.9,10,7,12.7
13,205.2,119.6,9,7,12.8
46,295.2,196.8,9,6,12.8
97,325.2,359.6,9,7,12.8
101,158,389.6,10,7,12.8
130,115.2,466.8,9,6,12.8
1,145.2,89.6,9,7,12.8
3,192.4,89.6,8,7,12.8
5,278,89.6,10,7,12.8
7,325.2,89.6,9,7,12.8
8,368,76.8,10,6,12.8
9,372.4,89.6,8,7,12.8
10,115.2,106.8,9,6,12.8
11,158,119.6,10,7,12.8
12,162.4,106.8,8,6,12.8
14,248,106.8,10,6,12.8
15,252.4,119.6,8,7,12.8
16,295.2,106.8,9,6,12.8
17,338,119.6,10,7,12.8
18,342.4,106.8,8,6,12.8
19,385.2,119.6,9,7,12.8
20,128,136.8,10,6,12.8
21,132.4,149.6,8,7,12.8
22,175.2,136.8,9,6,12.8
23,218,149.6,10,7,12.8
24,222.4,136.8,8,6,12.8
26,308,136.8,10,6,12.8
27,312.4,149.6,8,7,12.8
28,355.2,136.8,9,6,12.8
29,398,149.6,10,7,12.8
30,102.4,166.8,8,6,12.8
31,145.2,179.6,9,7,12.8
32,188,166.8,10,6,12.8
33,192.4,179.6,8,7,12.8
34,235.2,166.8,9,6,12.8
35,278,179.6,10,7,12.8
36,282.4,166.8,8,6,12.8
37,325.2,179.6,9,7,12.8
38,368,166.8,10,6,12.8
39,372.4,179.6,8,7,12.8
40,115.2,196.8,9,6,12.8
41,158,209.6,10,7,12.8
42,162.4,196.8,8,6,12.8
43,205.2,209.6,9,7,12.8
44,248,196.8,10,6,12.8
45,252.4,209.6,8,7,12.8
47,338,209.6,10,7,12.8
48,342.4,196.8,8,6,12.8
49,385.2,209.6,9,7,12.8
50,128,226.8,10,6,12.8
51,132.4,239.6,8,7,12.8
52,175.2,226.8,9,6,12.8
53,218,239.6,10,7,12.8
54,222.4,226.8,8,6,12.8
55,265.2,239.6,9,7,12.8
56,308,226.8,10,6,12.8
57,312.4,239.6,8,7,12.8
58,355.2,226.8,9,6,12.8
59,398,239.6,10,7,12.8
60,102.4,256.8,8,6,12.8
61,145.2,269.6,9,7,12.8
62,188,256.8,10,6,12.8
63,192.4,269.6,8,7,12.8
64,235.2,256.8,9,6,12.8
65,278,269.6,10,7,12.8
66,282.4,256.8,8,6,12.8
67,325.2,269.6,9,7,12.8
68,368,256.8,10,6,12.8
69,372.4,269.6,8,7,12.8
70,115.2,286.8,9,6,12.8
71,158,299.6,10,7,12.8
72,162.4,286.8,8,6,12.8
73,205.2,299.6,9,7,12.8
74,248,286.8,10,6,12.8
75,252.4,299.6,8,7,12.8
76,295.2,286.8,9,6,12.8
77,338,299.6,10,7,12.8
78,342.4,286.8,8,6,12.8
79,385.2,299.6,9,7,12.8
80,128,316.8,10,6,12.8
81,132.4,329.6,8,7,12.8
82,175.2,316.8,9,6,12.8
83,218,329.6,10,7,12.8
84,222.4,316.8,8,6,12.8
85,265.2,329.6,9,7,12.8
86,308,316.8,10,6,12.8
87,312.4,329.6,8,7,12.8
88,355.2,316.8,9,6,12.8
89,398,329.6,10,7,12.8
90,102.4,346.8,8,6,12.8
91,145.2,359.6,9,7,12.8
92,188,346.8,10,6,12.8
93,192.4,359.6,8,7,12.8
94,235.2,346.8,9,6,12.8
95,278,359.6,10,7,12.8
96,282.4,346.8,8,6,12.8
98,368,346.8,10,6,12.8
99,372.4,359.6,8,7,12.8
100,115.2,376.8,9,6,12.8
102,162.4,376.8,8,6,12.8
103,205.2,389.6,9,7,12.8
104,248,376.8,10,6,12.8
105,252.4,389.6,8,7,12.8
106,295.2,376.8,9,6,12.8
107,338,389.6,10,7,12.8
108,342.4,376.8,8,6,12.8
109,385.2,389.6,9,7,12.8
110,128,406.8,10,6,12.8
111,132.4,419.6,8,7,12.8
112,175.2,406.8,9,6,12.8
113,218,419.6,10,7,12.8
114,222.4,406.8,8,6,12.8
115,265.2,419.6,9,7,12.8
116,308,406.8,10,6,12.8
117,312.4,419.6,8,7,12.8
118,355.2,406.8,9,6,12.8
119,398,419.6,10,7,12.8
120,102.4,436.8,8,6,12.8
121,145.2,449.6,9,7,12.8
122,188,436.8,10,6,12.8
123,192.4,449.6,8,7,12.8
124,235.2,436.8,9,6,12.8
125,278,449.6,10,7,12.8
126,282.4,436.8,8,6,12.8
127,325.2,449.6,9,7,12.8
128,368,436.8,10,6,12.8
129,372.4,449.6,8,7,12.8
131,158,479.6,10,7,12.8
13,206.1,120.3,9,7,12.9
46,296.1,197.4,9,6,12.9
97,326.1,360.3,9,7,12.9
101,159,390.3,10,7,12.9
130,116.1,467.4,9,6,12.9
1,146.1,90.3,9,7,12.9
3,193.2,90.3,8,7,12.9
5,279,90.3,10,7,12.9
7,326.1,90.3,9,7,12.9
8,369,77.4,10,6,12.9
9,373.2,90.3,8,7,12.9
10,116.1,107.4,9,6,12.9
11,159,120.3,10,7,12.9
12,163.2,107.4,8,6,12.9
14,249,107.4,10,6,12.9
15,253.2,120.3,8,7,12.9
16,296.1,107.4,9,6,12.9
17,339,120.3,10,7,12.9
18,343.2,107.4,8,6,12.9
19,386.1,120.3,9,7,12.9
20,129,137.4,10,6,12.9
21,133.2,150.3,8,7,12.9
22,176.1,137.4,9,6,12.9
23,219,150.3,10,7,12.9
24,223.2,137.4,8,6,12.9
26,309,137.4,10,6,12.9
27,313.2,150.3,8,7,12.9
28,356.1,137.4,9,6,12.9
29,399,150.3,10,7,12.9
30,103.2,167.4,8,6,12.9
31,146.1,180.3,9,7,12.9
32,189,167.4,10,6,12.9
33,193.2,180.3,8,7,12.9
34,236.1,167.4,9,6,12.9
35,279,180.3,10,7,12.9
36,283.2,167.4,8,6,12.9
37,326.1,180.3,9,7,12.9
38,369,167.4,10,6,12.9
39,373.2,180.3,8,7,12.9
40,116.1,197.4,9,6,12.9
41,159,210.3,10,7,12.9
42,163.2,197.4,8,6,12.9
43,206.1,210.3,9,7,12.9
44,249,197.4,10,6,12.9
45,253.2,210.3,8,7,12.9
47,339,210.3,10,7,12.9
48,343.2,197.4,8,6,12.9
49,386.1,210.3,9,7,12.9
50,129,227.4,10,6,12.9
51,133.2,240.3,8,7,12.9
52,176.1,227.4,9,6,12.9
53,219,240.3,10,7,12.9
54,223.2,227.4,8,6,12.9
55,266.1,240.3,9,7,12.9
56,309,227.4,10,6,12.9
57,313.2,240.3,8,7,12.9
58,356.1,227.4,9,6,12.9
59,399,240.3,10,7,12.9
60,103.2,257.4,8,6,12.9
61,146.1,270.3,9,7,12.9
62,189,257.4,10,6,12.9
63,193.2,270.3,8,7,12.9
64,236.1,257.4,9,6,12.9
65,279,270.3,10,7,12.9
66,283.2,257.4,8,6,12.9
67,326.1,270.3,9,7,12.9
68,369,257.4,10,6,12.9
69,373.2,270.3,8,7,12.9
70,116.1,287.4,9,6,12.9
71,159,300.3,10,7,12.9
72,163.2,287.4,8,6,12.9
73,206.1,300.3,9,7,12.9
74,249,287.4,10,6,12.9
75,253.2,300.3,8,7,12.9
76,296.1,287.4,9,6,12.9
77,339,300.3,10,7,12.9
78,343.2,287.4,8,6,12.9
79,386.1,300.3,9,7,12.9
80,129,317.4,10,6,12.9
81,133.2,330.3,8,7,12.9
82,176.1,317.4,9,6,12.9
83,219,330.3,10,7,12.9
84,223.2,317.4,8,6,12.9
85,266.1,330.3,9,7,12.9
86,309,317.4,10,6,12.9
87,313.2,330.3,8,7,12.9
88,356.1,317.4,9,6,12.9
89,399,330.3,10,7,12.9
90,103.2,347.4,8,6,12.9
91,146.1,360.3,9,7,12.9
92,189,347.4,10,6,12.9
93,193.2,360.3,8,7,12.9
94,236.1,347.4,9,6,12.9
95,279,360.3,10,7,12.9
96,283.2,347.4,8,6,12.9
98,369,347.4,10,6,12.9
99,373.2,360.3,8,7,12.9
100,116.1,377.4,9,6,12.9
102,163.2,377.4,8,6,12.9
103,206.1,390.3,9,7,12.9
104,249,377.4,10,6,12.9
105,253.2,390.3,8,7,12.9
106,296.1,377.4,9,6,12.9
107,339,390.3,10,7,12.9
108,343.2,377.4,8,6,12.9
109,386.1,390.3,9,7,12.9
110,129,407.4,10,6,12.9
111,133.2,420.3,8,7,12.9
112,176.1,407.4,9,6,12.9
113,219,420.3,10,7,12.9
114,223.2,407.4,8,6,12.9
115,266.1,420.3,9,7,12.9
116,309,407.4,10,6,12.9
117,313.2,420.3,8,7,12.9
118,356.1,407.4,9,6,12.9
119,399,420.3,10,7,12.9
120,103.2,437.4,8,6,12.9
121,146.1,450.3,9,7,12.9
122,189,437.4,10,6,12.9
123,193.2,450.3,8,7,12.9
124,236.1,437.4,9,6,12.9
125,279,450.3,10,7,12.9
126,283.2,437.4,8,6,12.9
127,326.1,450.3,9,7,12.9
128,369,437.4,10,6,12.9
129,373.2,450.3,8,7,12.9
131,159,480.3,10,7,12.9
13,207,121,9,7,13
46,297,198,9,6,13
97,327,361,9,7,13
101,160,391,10,7,13
130,117,468,9,6,13
1,147,91,9,7,13
3,194,91,8,7,13
5,280,91,10,7,13
7,327,91,9,7,13
8,370,78,10,6,13
9,374,91,8,7,13
10,117,108,9,6,13
11,160,121,10,7,13
12,164,108,8,6,13
14,250,108,10,6,13
15,254,121,8,7,13
16,297,108,9,6,13
17,340,121,10,7,13
18,344,108,8,6,13
19,387,121,9,7,13
20,130,138,10,6,13
21,134,151,8,7,13
22,177,138,9,6,13
23,220,151,10,7,13
24,224,138,8,6,13
26,310,138,10,6,13
27,314,151,8,7,13
28,357,138,9,6,13
29,400,151,10,7,13
30,104,168,8,6,13
31,147,181,9,7,13
32,190,168,10,6,13
33,194,181,8,7,13
34,237,168,9,6,13
35,280,181,10,7,13
36,284,168,8,6,13
37,327,181,9,7,13
38,370,168,10,6,13
39,374,181,8,7,13
40,117,198,9,6,13
41,160,211,10,7,13
42,164,198,8,6,13
43,207,211,9,7,13
44,250,198,10,6,13
45,254,211,8,7,13
47,340,211,10,7,13
48,344,198,8,6,13
49,387,211,9,7,13
50,130,228,10,6,13
51,134,241,8,7,13
52,177,228,9,6,13
53,220,241,10,7,13
54,224,228,8,6,13
55,267,241,9,7,13
56,310,228,10,6,13
57,314,241,8,7,13
58,357,228,9,6,13
59,400,241,10,7,13
60,104,258,8,6,13
61,147,271,9,7,13
62,190,258,10,6,13
63,194,271,8,7,13
64,237,258,9,6,13
65,280,271,10,7,13
66,284,258,8,6,13
67,327,271,9,7,13
68,370,258,10,6,13
69,374,271,8,7,13
70,117,288,9,6,13
71,160,301,10,7,13
72,164,288,8,6,13
73,207,301,9,7,13
74,250,288,10,6,13
75,254,301,8,7,13
76,297,288,9,6,13
77,340,301,10,7,13
78,344,288,8,6,13
79,387,301,9,7,13
80,130,318,10,6,13
81,134,331,8,7,13
82,177,318,9,6,13
83,220,331,10,7,13
84,224,318,8,6,13
85,267,331,9,7,13
86,310,318,10,6,13
87,314,331,8,7,13
88,357,318,9,6,13
89,400,331,10,7,13
90,104,348,8,6,13
91,147,361,9,7,13
92,190,348,10,6,13
93,194,361,8,7,13
94,237,348,9,6,13
95,280,361,10,7,13
96,284,348,8,6,13
98,370,348,10,6,13
99,374,361,8,7,13
100,117,378,9,6,13
102,164,378,8,6,13
103,207,391,9,7,13
104,250,378,10,6,13
105,254,391,8,7,13
106,297,378,9,6,13
107,340,391,10,7,13
108,344,378,8,6,13
109,387,391,9,7,13
110,130,408,10,6,13
111,134,421,8,7,13
112,177,408,9,6,13
113,220,421,10,7,13
114,224,408,8,6,13
115,267,421,9,7,13
116,310,408,10,6,13
117,314,421,8,7,13
118,357,408,9,6,13
119,400,421,10,7,13
120,104,438,8,6,13
121,147,451,9,7,13
122,190,438,10,6,13
123,194,451,8,7,13
124,237,438,9,6,13
125,280,451,10,7,13
126,284,438,8,6,13
127,327,451,9,7,13
128,370,438,10,6,13
129,374,451,8,7,13
131,160,481,10,7,13
13,207.9,121.7,9,7,13.1
46,297.9,198.6,9,6,13.1
97,327.9,361.7,9,7,13.1
101,161,391.7,10,7,13.1
130,117.9,468.6,9,6,13.1
1,147.9,91.7,9,7,13.1
3,194.8,91.7,8,7,13.1
5,281,91.7,10,7,13.1
7,327.9,91.7,9,7,13.1
8,371,78.6,10,6,13.1
9,374.8,91.7,8,7,13.1
10,117.9,108.6,9,6,13.1
11,161,121.7,10,7,13.1
12,164.8,108.6,8,6,13.1
14,251,108.6,10,6,13.1
15,254.8,121.7,8,7,13.1
16,297.9,108.6,9,6,13.1
17,341,121.7,10,7,13.1
18,344.8,108.6,8,6,13.1
19,387.9,121.7,9,7,13.1
20,131,138.6,10,6,13.1
21,134.8,151.7,8,7,13.1
22,177.9,138.6,9,6,13.1
23,221,151.7,10,7,13.1
24,224.8,138.6,8,6,13.1
26,311,138.6,10,6,13.1
27,314.8,151.7,8,7,13.1
28,357.9,138.6,9,6,13.1
29,401,151.7,10,7,13.1
30,104.8,168.6,8,6,13.1
31,147.9,181.7,9,7,13.1
32,191,168.6,10,6,13.1
33,194.8,181.7,8,7,13.1
34,237.9,168.6,9,6,13.1
35,281,181.7,10,7,13.1
36,284.8,168.6,8,6,13.1
37,327.9,181.7,9,7,13.1
38,371,168.6,10,6,13.1
39,374.8,181.7,8,7,13.1
40,117.9,198.6,9,6,13.1
41,161,211.7,10,7,13.1
42,164.8,198.6,8,6,13.1
43,207.9,211.7,9,7,13.1
44,251,198.6,10,6,13.1
45,254.8,211.7,8,7,13.1
47,341,211.7,10,7,13.1
48,344.8,198.6,8,6,13.1
49,387.9,211.7,9,7,13.1
50,131,228.6,10,6,13.1
51,134.8,241.7,8,7,13.1
52,177.9,228.6,9,6,13.1
53,221,241.7,10,7,13.1
54,224.8,228.6,8,6,13.1
55,267.9,241.7,9,7,13.1
56,311,228.6,10,6,13.1
57,314.8,241.7,8,7,13.1
58,357.9,228.6,9,6,13.1
59,401,241.7,10,7,13.1
60,104.8,258.6,8,6,13.1
61,147.9,271.7,9,7,13.1
62,191,258.6,10,6,13.1
63,194.8,271.7,8,7,13.1
64,237.9,258.6,9,6,13.1
65,281,271.7,10,7,13.1
66,284.8,258.6,8,6,13.1
67,327.9,271.7,9,7,13.1
68,371,258.6,10,6,13.1
69,374.8,271.7,8,7,13.1
70,117.9,288.6,9,6,13.1
71,161,301.7,10,7,13.1
72,164.8,288.6,8,6,13.1
73,207.9,301.7,9,7,13.1
74,251,288.6,10,6,13.1
75,254.8,301.7,8,7,13.1
76,297.9,288.6,9,6,13.1
77,341,301.7,10,7,13.1
78,344.8,288.6,8,6,13.1
79,387.9,301.7,9,7,13.1
80,131,318.6,10,6,13.1
81,134.8,331.7,8,7,13.1
82,177.9,318.6,9,6,13.1
83,221,331.7,10,7,13.1
84,224.8,318.6,8,6,13.1
85,267.9,331.7,9,7,13.1
86,311,318.6,10,6,13.1
87,314.8,331.7,8,7,13.1
88,357.9,318.6,9,6,13.1
89,401,331.7,10,7,13.1
90,104.8,348.6,8,6,13.1
91,147.9,361.7,9,7,13.1
92,191,348.6,10,6,13.1
93,194.8,361.7,8,7,13.1
94,237.9,348.6,9,6,13.1
95,281,361.7,10,7,13.1
96,284.8,348.6,8,6,13.1
98,371,348.6,10,6,13.1
99,374.8,361.7,8,7,13.1
100,117.9,378.6,9,6,13.1
102,164.8,378.6,8,6,13.1
103,207.9,391.7,9,7,13.1
104,251,378.6,10,6,13.1
105,254.8,391.7,8,7,13.1
106,297.9,378.6,9,6,13.1
107,341,391.7,10,7,13.1
108,344.8,378.6,8,6,13.1
109,387.9,391.7,9,7,13.1
110,131,408.6,10,6,13.1
111,134.8,421.7,8,7,13.1
112,177.9,408.6,9,6,13.1
113,221,421.7,10,7,13.1
114,224.8,408.6,8,6,13.1
115,267.9,421.7,9,7,13.1
116,311,408.6,10,6,13.1
117,314.8,421.7,8,7,13.1
118,357.9,408.6,9,6,13.1
119,401,421.7,10,7,13.1
120,104.8,438.6,8,6,13.1
121,147.9,451.7,9,7,13.1
122,191,438.6,10,6,13.1
123,194.8,451.7,8,7,13.1
124,237.9,438.6,9,6,13.1
125,281,451.7,10,7,13.1
126,284.8,438.6,8,6,13.1
127,327.9,451.7,9,7,13.1
128,371,438.6,10,6,13.1
129,374.8,451.7,8,7,13.1
131,161,481.7,10,7,13.1
13,208.8,122.4,9,7,13.2
46,298.8,199.2,9,6,13.2
97,328.8,362.4,9,7,13.2
101,162,392.4,10,7,13.2
130,118.8,469.2,9,6,13.2
1,148.8,92.4,9,7,13.2
3,195.6,92.4,8,7,13.2
5,282,92.4,10,7,13.2
7,328.8,92.4,9,7,13.2
8,372,79.2,10,6,13.2
9,375.6,92.4,8,7,13.2
10,118.8,109.2,9,6,13.2
11,162,122.4,10,7,13.2
12,165.6,109.2,8,6,13.2
14,252,109.2,10,6,13.2
15,255.6,122.4,8,7,13.2
16,298.8,109.2,9,6,13.2
17,342,122.4,10,7,13.2
18,345.6,109.2,8,6,13.2
19,388.8,122.4,9,7,13.2
20,132,139.2,10,6,13.2
21,135.6,152.4,8,7,13.2
22,178.8,139.2,9,6,13.2
23,222,152.4,10,7,13.2
24,225.6,139.2,8,6,13.2
26,312,139.2,10,6,13.2
27,315.6,152.4,8,7,13.2
28,358.8,139.2,9,6,13.2
29,402,152.4,10,7,13.2
30,105.6,169.2,8,6,13.2
31,148.8,182.4,9,7,13.2
32,192,169.2,10,6,13.2
33,195.6,182.4,8,7,13.2
34,238.8,169.2,9,6,13.2
35,282,182.4,10,7,13.2
36,285.6,169.2,8,6,13.2
37,328.8,182.4,9,7,13.2
38,372,169.2,10,6,13.2
39,375.6,182.4,8,7,13.2
40,118.8,199.2,9,6,13.2
41,162,212.4,10,7,13.2
42,165.6,199.2,8,6,13.2
43,208.8,212.4,9,7,13.2
44,252,199.2,10,6,13.2
45,255.6,212.4,8,7,13.2
47,342,212.4,10,7,13.2
48,345.6,199.2,8,6,13.2
49,388.8,212.4,9,7,13.2
50,132,229.2,10,6,13.2
51,135.6,242.4,8,7,13.2
52,178.8,229.2,9,6,13.2
53,222,242.4,10,7,13.2
54,225.6,229.2,8,6,13.2
55,268.8,242.4,9,7,13.2
56,312,229.2,10,6,13.2
57,315.6,242.4,8,7,13.2
58,358.8,229.2,9,6,13.2
59,402,242.4,10,7,13.2
60,105.6,259.2,8,6,13.2
61,148.8,272.4,9,7,13.2
62,192,259.2,10,6,13.2
63,195.6,272.4,8,7,13.2
64,238.8,259.2,9,6,13.2
65,282,272.4,10,7,13.2
66,285.6,259.2,8,6,13.2
67,328.8,272.4,9,7,13.2
68,372,259.2,10,6,13.2
69,375.6,272.4,8,7,13.2
70,118.8,289.2,9,6,13.2
71,162,302.4,10,7,13.2
72,165.6,289.2,8,6,13.2
73,208.8,302.4,9,7,13.2
74,252,289.2,10,6,13.2
75,255.6,302.4,8,7,13.2
76,298.8,289.2,9,6,13.2
77,342,302.4,10,7,13.2
78,345.6,289.2,8,6,13.2
79,388.8,302.4,9,7,13.2
80,132,319.2,10,6,13.2
81,135.6,332.4,8,7,13.2
82,178.8,319.2,9,6,13.2
83,222,332.4,10,7,13.2
84,225.6,319.2,8,6,13.2
85,268.8,332.4,9,7,13.2
86,312,319.2,10,6,13.2
87,315.6,332.4,8,7,13.2
88,358.8,319.2,9,6,13.2
89,402,332.4,10,7,13.2
90,105.6,349.2,8,6,13.2
91,148.8,362.4,9,7,13.2
92,192,349.2,10,6,13.2
93,195.6,362.4,8,7,13.2
94,238.8,349.2,9,6,13.2
95,282,362.4,10,7,13.2
96,285.6,349.2,8,6,13.2
98,372,349.2,10,6,13.2
99,375.6,362.4,8,7,13.2
100,118.8,379.2,9,6,13.2
102,165.6,379.2,8,6,13.2
103,208.8,392.4,9,7,13.2
104,252,379.2,10,6,13.2
105,255.6,392.4,8,7,13.2
106,298.8,379.2,9,6,13.2
107,342,392.4,10,7,13.2
108,345.6,379.2,8,6,13.2
109,388.8,392.4,9,7,13.2
110,132,409.2,10,6,13.2
111,135.6,422.4,8,7,13.2
112,178.8,409.2,9,6,13.2
113,222,422.4,10,7,13.2
114,225.6,409.2,8,6,13.2
115,268.8,422.4,9,7,13.2
116,312,409.2,10,6,13.2
117,315.6,422.4,8,7,13.2
118,358.8,409.2,9,6,13.2
119,402,422.4,10,7,13.2
120,105.6,439.2,8,6,13.2
121,148.8,452.4,9,7,13.2
122,192,439.2,10,6,13.2
123,195.6,452.4,8,7,13.2
124,238.8,439.2,9,6,13.2
125,282,452.4,10,7,13.2
126,285.6,439.2,8,6,13.2
127,328.8,452.4,9,7,13.2
128,372,439.2,10,6,13.2
129,375.6,452.4,8,7,13.2
131,162,482.4,10,7,13.2
13,209.7,123.1,9,7,13.3
46,299.7,199.8,9,6,13.3
97,329.7,363.1,9,7,13.3
101,163,393.1,10,7,13.3
130,119.7,469.8,9,6,13.3
1,149.7,93.1,9,7,13.3
3,196.4,93.1,8,7,13.3
5,283,93.1,10,7,13.3
7,329.7,93.1,9,7,13.3
8,373,79.8,10,6,13.3
9,376.4,93.1,8,7,13.3
10,119.7,109.8,9,6,13.3
11,163,123.1,10,7,13.3
12,166.4,109.8,8,6,13.3
14,253,109.8,10,6,13.3
15,256.4,123.1,8,7,13.3
16,299.7,109.8,9,6,13.3
17,343,123.1,10,7,13.3
18,346.4,109.8,8,6,13.3
19,389.7,123.1,9,7,13.3
20,133,139.8,10,6,13.3
21,136.4,153.1,8,7,13.3
22,179.7,139.8,9,6,13.3
23,223,153.1,10,7,13.3
24,226.4,139.8,8,6,13.3
26,313,139.8,10,6,13.3
27,316.4,153.1,8,7,13.3
28,359.7,139.8,9,6,13.3
29,403,153.1,10,7,13.3
30,106.4,169.8,8,6,13.3
31,149.7,183.1,9,7,13.3
32,193,169.8,10,6,13.3
33,196.4,183.1,8,7,13.3
34,239.7,169.8,9,6,13.3
35,283,183.1,10,7,13.3
36,286.4,169.8,8,6,13.3
37,329.7,183.1,9,7,13.3
38,373,169.8,10,6,13.3
39,376.4,183.1,8,7,13.3
40,119.7,199.8,9,6,13.3
41,163,213.1,10,7,13.3
42,166.4,199.8,8,6,13.3
43,209.7,213.1,9,7,13.3
44,253,199.8,10,6,13.3
45,256.4,213.1,8,7,13.3
47,343,213.1,10,7,13.3
48,346.4,199.8,8,6,13.3
49,389.7,213.1,9,7,13.3
50,133,229.8,10,6,13.3
51,136.4,243.1,8,7,13.3
52,179.7,229.8,9,6,13.3
53,223,243.1,10,7,13.3
54,226.4,229.8,8,6,13.3
55,269.7,243.1,9,7,13.3
56,313,229.8,10,6,13.3
57,316.4,243.1,8,7,13.3
58,359.7,229.8,9,6,13.3
59,403,243.1,10,7,13.3
60,106.4,259.8,8,6,13.3
61,149.7,273.1,9,7,13.3
62,193,259.8,10,6,13.3
63,196.4,273.1,8,7,13.3
64,239.7,259.8,9,6,13.3
65,283,273.1,10,7,13.3
66,286.4,259.8,8,6,13.3
67,329.7,273.1,9,7,13.3
68,373,259.8,10,6,13.3
69,376.4,273.1,8,7,13.3
70,119.7,289.8,9,6,13.3
71,163,303.1,10,7,13.3
72,166.4,289.8,8,6,13.3
73,209.7,303.1,9,7,13.3
74,253,289.8,10,6,13.3
75,256.4,303.1,8,7,13.3
76,299.7,289.8,9,6,13.3
77,343,303.1,10,7,13.3
78,346.4,289.8,8,6,13.3
79,389.7,303.1,9,7,13.3
80,133,319.8,10,6,13.3
81,136.4,333.1,8,7,13.3
82,179.7,319.8,9,6,13.3
83,223,333.1,10,7,13.3
84,226.4,319.8,8,6,13.3
85,269.7,333.1,9,7,13.3
86,313,319.8,10,6,13.3
87,316.4,333.1,8,7,13.3
88,359.7,319.8,9,6,13.3
89,403,333.1,10,7,13.3
90,106.4,349.8,8,6,13.3
91,149.7,363.1,9,7,13.3
92,193,349.8,10,6,13.3
93,196.4,363.1,8,7,13.3
94,239.7,349.8,9,6,13.3
95,283,363.1,10,7,13.3
96,286.4,349.8,8,6,13.3
98,373,349.8,10,6,13.3
99,376.4,363.1,8,7,13.3
100,119.7,379.8,9,6,13.3
102,166.4,379.8,8,6,13.3
103,209.7,393.1,9,7,13.3
104,253,379.8,10,6,13.3
105,256.4,393.1,8,7,13.3
106,299.7,379.8,9,6,13.3
107,343,393.1,10,7,13.3
108,346.4,379.8,8,6,13.3
109,389.7,393.1,9,7,13.3
110,133,409.8,10,6,13.3
111,136.4,423.1,8,7,13.3
112,179.7,409.8,9,6,13.3
113,223,423.1,10,7,13.3
114,226.4,409.8,8,6,13.3
115,269.7,423.1,9,7,13.3
116,313,409.8,10,6,13.3
117,316.4,423.1,8,7,13.3
118,359.7,409.8,9,6,13.3
119,403,423.1,10,7,13.3
120,106.4,439.8,8,6,13.3
121,149.7,453.1,9,7,13.3
122,193,439.8,10,6,13.3
123,196.4,453.1,8,7,13.3
124,239.7,439.8,9,6,13.3
125,283,453.1,10,7,13.3
126,286.4,439.8,8,6,13.3
127,329.7,453.1,9,7,13.3
128,373,439.8,10,6,13.3
129,376.4,453.1,8,7,13.3
131,163,483.1,10,7,13.3
13,210.6,123.8,9,7,13.4
46,300.6,200.4,9,6,13.4
97,330.6,363.8,9,7,13.4
101,164,393.8,10,7,13.4
130,120.6,470.4,9,6,13.4
1,150.6,93.8,9,7,13.4
3,197.2,93.8,8,7,13.4
5,284,93.8,10,7,13.4
7,330.6,93.8,9,7,13.4
8,374,80.4,10,6,13.4
9,377.2,93.8,8,7,13.4
10,120.6,110.4,9,6,13.4
11,164,123.8,10,7,13.4
12,167.2,110.4,8,6,13.4
14,254,110.4,10,6,13.4
15,257.2,123.8,8,7,13.4
16,300.6,110.4,9,6,13.4
17,344,123.8,10,7,13.4
18,347.2,110.4,8,6,13.4
19,390.6,123.8,9,7,13.4
20,134,140.4,10,6,13.4
21,137.2,153.8,8,7,13.4
22,180.6,140.4,9,6,13.4
23,224,153.8,10,7,13.4
24,227.2,140.4,8,6,13.4
26,314,140.4,10,6,13.4
27,317.2,153.8,8,7,13.4
28,360.6,140.4,9,6,13.4
29,404,153.8,10,7,13.4
30,107.2,170.4,8,6,13.4
31,150.6,183.8,9,7,13.4
32,194,170.4,10,6,13.4
33,197.2,183.8,8,7,13.4
34,240.6,170.4,9,6,13.4
35,284,183.8,10,7,13.4
36,287.2,170.4,8,6,13.4
37,330.6,183.8,9,7,13.4
38,374,170.4,10,6,13.4
39,377.2,183.8,8,7,13.4
40,120.6,200.4,9,6,13.4
41,164,213.8,10,7,13.4
42,167.2,200.4,8,6,13.4
43,210.6,213.8,9,7,13.4
44,254,200.4,10,6,13.4
45,257.2,213.8,8,7,13.4
47,344,213.8,10,7,13.4
48,347.2,200.4,8,6,13.4
49,390.6,213.8,9,7,13.4
50,134,230.4,10,6,13.4
51,137.2,243.8,8,7,13.4
52,180.6,230.4,9,6,13.4
53,224,243.8,10,7,13.4
54,227.2,230.4,8,6,13.4
55,270.6,243.8,9,7,13.4
56,314,230.4,10,6,13.4
57,317.2,243.8,8,7,13.4
58,360.6,230.4,9,6,13.4
59,404,243.8,10,7,13.4
60,107.2,260.4,8,6,13.4
61,150.6,273.8,9,7,13.4
62,194,260.4,10,6,13.4
63,197.2,273.8,8,7,13.4
64,240.6,260.4,9,6,13.4
65,284,273.8,10,7,13.4
66,287.2,260.4,8,6,13.4
67,330.6,273.8,9,7,13.4
68,374,260.4,10,6,13.4
69,377.2,273.8,8,7,13.4
70,120.6,290.4,9,6,13.4
71,164,303.8,10,7,13.4
72,167.2,290.4,8,6,13.4
73,210.6,303.8,9,7,13.4
74,254,290.4,10,6,13.4
75,257.2,303.8,8,7,13.4
76,300.6,290.4,9,6,13.4
77,344,303.8,10,7,13.4
78,347.2,290.4,8,6,13.4
79,390.6,303.8,9,7,13.4
80,134,320.4,10,6,13.4
81,137.2,333.8,8,7,13.4
82,180.6,320.4,9,6,13.4
83,224,333.8,10,7,13.4
84,227.2,320.4,8,6,13.4
85,270.6,333.8,9,7,13.4
86,314,320.4,10,6,13.4
87,317.2,333.8,8,7,13.4
88,360.6,320.4,9,6,13.4
89,404,333.8,10,7,13.4
90,107.2,350.4,8,6,13.4
91,150.6,363.8,9,7,13.4
92,194,350.4,10,6,13.4
93,197.2,363.8,8,7,13.4
94,240.6,350.4,9,6,13.4
95,284,363.8,10,7,13.4
96,287.2,350.4,8,6,13.4
98,374,350.4,10,6,13.4
99,377.2,363.8,8,7,13.4
100,120.6,380.4,9,6,13.4
102,167.2,380.4,8,6,13.4
103,210.6,393.8,9,7,13.4
104,254,380.4,10,6,13.4
105,257.2,393.8,8,7,13.4
106,300.6,380.4,9,6,13.4
107,344,393.8,10,7,13.4
108,347.2,380.4,8,6,13.4
109,390.6,393.8,9,7,13.4
110,134,410.4,10,6,13.4
111,137.2,423.8,8,7,13.4
112,180.6,410.4,9,6,13.4
113,224,423.8,10,7,13.4
114,227.2,410.4,8,6,13.4
115,270.6,423.8,9,7,13.4
116,314,410.4,10,6,13.4
117,317.2,423.8,8,7,13.4
118,360.6,410.4,9,6,13.4
119,404,423.8,10,7,13.4
120,107.2,440.4,8,6,13.4
121,150.6,453.8,9,7,13.4
122,194,440.4,10,6,13.4
123,197.2,453.8,8,7,13.4
124,240.6,440.4,9,6,13.4
125,284,453.8,10,7,13.4
126,287.2,440.4,8,6,13.4
127,330.6,453.8,9,7,13.4
128,374,440.4,10,6,13.4
129,377.2,453.8,8,7,13.4
131,164,483.8,10,7,13.4
13,211.5,124.5,9,7,13.5
46,301.5,201,9,6,13.5
97,331.5,364.5,9,7,13.5
101,165,394.5,10,7,13.5
130,121.5,471,9,6,13.5
1,151.5,94.5,9,7,13.5
3,198,94.5,8,7,13.5
5,285,94.5,10,7,13.5
7,331.5,94.5,9,7,13.5
8,375,81,10,6,13.5
9,378,94.5,8,7,13.5
10,121.5,111,9,6,13.5
11,165,124.5,10,7,13.5
12,168,111,8,6,13.5
14,255,111,10,6,13.5
15,258,124.5,8,7,13.5
16,301.5,111,9,6,13.5
17,345,124.5,10,7,13.5
18,348,111,8,6,13.5
19,391.5,124.5,9,7,13.5
20,135,141,10,6,13.5
21,138,154.5,8,7,13.5
22,181.5,141,9,6,13.5
23,225,154.5,10,7,13.5
24,228,141,8,6,13.5
26,315,141,10,6,13.5
27,318,154.5,8,7,13.5
28,361.5,141,9,6,13.5
29,405,154.5,10,7,13.5
30,108,171,8,6,13.5
31,151.5,184.5,9,7,13.5
32,195,171,10,6,13.5
33,198,184.5,8,7,13.5
34,241.5,171,9,6,13.5
35,285,184.5,10,7,13.5
36,288,171,8,6,13.5
37,331.5,184.5,9,7,13.5
38,375,171,10,6,13.5
39,378,184.5,8,7,13.5
40,121.5,201,9,6,13.5
41,165,214.5,10,7,13.5
42,168,201,8,6,13.5
43,211.5,214.5,9,7,13.5
44,255,201,10,6,13.5
45,258,214.5,8,7,13.5
47,345,214.5,10,7,13.5
48,348,201,8,6,13.5
49,391.5,214.5,9,7,13.5
50,135,231,10,6,13.5
51,138,244.5,8,7,13.5
52,181.5,231,9,6,13.5
53,225,244.5,10,7,13.5
54,228,231,8,6,13.5
55,271.5,244.5,9,7,13.5
56,315,231,10,6,13.5
57,318,244.5,8,7,13.5
58,361.5,231,9,6,13.5
59,405,244.5,10,7,13.5
60,108,261,8,6,13.5
61,151.5,274.5,9,7,13.5
62,195,261,10,6,13.5
63,198,274.5,8,7,13.5
64,241.5,261,9,6,13.5
65,285,274.5,10,7,13.5
66,288,261,8,6,13.5
67,331.5,274.5,9,7,13.5
68,375,261,10,6,13.5
69,378,274.5,8,7,13.5
70,121.5,291,9,6,13.5
71,165,304.5,10,7,13.5
72,168,291,8,6,13.5
73,211.5,304.5,9,7,13.5
74,255,291,10,6,13.5
75,258,304.5,8,7,13.5
76,301.5,291,9,6,13.5
77,345,304.5,10,7,13.5
78,348,291,8,6,13.5
79,391.5,304.5,9,7,13.5
80,135,321,10,6,13.5
81,138,334.5,8,7,13.5
82,181.5,321,9,6,13.5
83,225,334.5,10,7,13.5
84,228,321,8,6,13.5
85,271.5,334.5,9,7,13.5
86,315,321,10,6,13.5
87,318,334.5,8,7,13.5
88,361.5,321,9,6,13.5
89,405,334.5,10,7,13.5
90,108,351,8,6,13.5
91,151.5,364.5,9,7,13.5
92,195,351,10,6,13.5
93,198,364.5,8,7,13.5
94,241.5,351,9,6,13.5
95,285,364.5,10,7,13.5
96,288,351,8,6,13.5
98,375,351,10,6,13.5
99,378,364.5,8,7,13.5
100,121.5,381,9,6,13.5
102,168,381,8,6,13.5
103,211.5,394.5,9,7,13.5
104,255,381,10,6,13.5
105,258,394.5,8,7,13.5
106,301.5,381,9,6,13.5
107,345,394.5,10,7,13.5
108,348,381,8,6,13.5
109,391.5,394.5,9,7,13.5
110,135,411,10,6,13.5
111,138,424.5,8,7,13.5
112,181.5,411,9,6,13.5
113,225,424.5,10,7,13.5
114,228,411,8,6,13.5
115,271.5,424.5,9,7,13.5
116,315,411,10,6,13.5
117,318,424.5,8,7,13.5
118,361.5,411,9,6,13.5
119,405,424.5,10,7,13.5
120,108,441,8,6,13.5
121,151.5,454.5,9,7,13.5
122,195,441,10,6,13.5
123,198,454.5,8,7,13.5
124,241.5,441,9,6,13.5
125,285,454.5,10,7,13.5
126,288,441,8,6,13.5
127,331.5,454.5,9,7,13.5
128,375,441,10,6,13.5
129,378,454.5,8,7,13.5
131,165,484.5,10,7,13.5
13,212.4,125.2,9,7,13.6
46,302.4,201.6,9,6,13.6
97,332.4,365.2,9,7,13.6
101,166,395.2,10,7,13.6
130,122.4,471.6,9,6,13.6
1,152.4,95.2,9,7,13.6
3,198.8,95.2,8,7,13.6
5,286,95.2,10,7,13.6
7,332.4,95.2,9,7,13.6
8,376,81.6,10,6,13.6
9,378.8,95.2,8,7,13.6
10,122.4,111.6,9,6,13.6
11,166,125.2,10,7,13.6
12,168.8,111.6,8,6,13.6
14,256,111.6,10,6,13.6
15,258.8,125.2,8,7,13.6
16,302.4,111.6,9,6,13.6
17,346,125.2,10,7,13.6
18,348.8,111.6,8,6,13.6
19,392.4,125.2,9,7,13.6
20,136,141.6,10,6,13.6
21,138.8,155.2,8,7,13.6
22,182.4,141.6,9,6,13.6
23,226,155.2,10,7,13.6
24,228.8,141.6,8,6,13.6
26,316,141.6,10,6,13.6
27,318.8,155.2,8,7,13.6
28,362.4,141.6,9,6,13.6
29,406,155.2,10,7,13.6
30,108.8,171.6,8,6,13.6
31,152.4,185.2,9,7,13.6
32,196,171.6,10,6,13.6
33,198.8,185.2,8,7,13.6
34,242.4,171.6,9,6,13.6
35,286,185.2,10,7,13.6
36,288.8,171.6,8,6,13.6
37,332.4,185.2,9,7,13.6
38,376,171.6,10,6,13.6
39,378.8,185.2,8,7,13.6
40,122.4,201.6,9,6,13.6
41,166,215.2,10,7,13.6
42,168.8,201.6,8,6,13.6
43,212.4,215.2,9,7,13.6
44,256,201.6,10,6,13.6
45,258.8,215.2,8,7,13.6
47,346,215.2,10,7,13.6
48,348.8,201.6,8,6,13.6
49,392.4,215.2,9,7,13.6
50,136,231.6,10,6,13.6
51,138.8,245.2,8,7,13.6
52,182.4,231.6,9,6,13.6
53,226,245.2,10,7,13.6
54,228.8,231.6,8,6,13.6
55,272.4,245.2,9,7,13.6
56,316,231.6,10,6,13.6
57,318.8,245.2,8,7,13.6
58,362.4,231.6,9,6,13.6
59,406,245.2,10,7,13.6
60,108.8,261.6,8,6,13.6
61,152.4,275.2,9,7,13.6
62,196,261.6,10,6,13.6
63,198.8,275.2,8,7,13.6
64,242.4,261.6,9,6,13.6
65,286,275.2,10,7,13.6
66,288.8,261.6,8,6,13.6
67,332.4,275.2,9,7,13.6
68,376,261.6,10,6,13.6
69,378.8,275.2,8,7,13.6
70,122.4,291.6,9,6,13.6
71,166,305.2,10,7,13.6
72,168.8,291.6,8,6,13.6
73,212.4,305.2,9,7,13.6
74,256,291.6,10,6,13.6
75,258.8,305.2,8,7,13.6
76,302.4,291.6,9,6,13.6
77,346,305.2,10,7,13.6
78,348.8,291.6,8,6,13.6
79,392.4,305.2,9,7,13.6
80,136,321.6,10,6,13.6
81,138.8,335.2,8,7,13.6
82,182.4,321.6,9,6,13.6
83,226,335.2,10,7,13.6
84,228.8,321.6,8,6,13.6
85,272.4,335.2,9,7,13.6
86,316,321.6,10,6,13.6
87,318.8,335.2,8,7,13.6
88,362.4,321.6,9,6,13.6
89,406,335.2,10,7,13.6
90,108.8,351.6,8,6,13.6
91,152.4,365.2,9,7,13.6
92,196,351.6,10,6,13.6
93,198.8,365.2,8,7,13.6
94,242.4,351.6,9,6,13.6
95,286,365.2,10,7,13.6
96,288.8,351.6,8,6,13.6
98,376,351.6,10,6,13.6
99,378.8,365.2,8,7,13.6
100,122.4,381.6,9,6,13.6
102,168.8,381.6,8,6,13.6
103,212.4,395.2,9,7,13.6
104,256,381.6,10,6,13.6
105,258.8,395.2,8,7,13.6
106,302.4,381.6,9,6,13.6
107,346,395.2,10,7,13.6
108,348.8,381.6,8,6,13.6
109,392.4,395.2,9,7,13.6
110,136,411.6,10,6,13.6
111,138.8,425.2,8,7,13.6
112,182.4,411.6,9,6,13.6
113,226,425.2,10,7,13.6
114,228.8,411.6,8,6,13.6
115,272.4,425.2,9,7,13.6
116,316,411.6,10,6,13.6
117,318.8,425.2,8,7,13.6
118,362.4,411.6,9,6,13.6
119,406,425.2,10,7,13.6
120,108.8,441.6,8,6,13.6
121,152.4,455.2,9,7,13.6
122,196,441.6,10,6,13.6
123,198.8,455.2,8,7,13.6
124,242.4,441.6,9,6,13.6
125,286,455.2,10,7,13.6
126,288.8,441.6,8,6,13.6
127,332.4,455.2,9,7,13.6
128,376,441.6,10,6,13.6
129,378.8,455.2,8,7,13.6
131,166,485.2,10,7,13.6
13,213.3,125.9,9,7,13.7
46,303.3,202.2,9,6,13.7
97,333.3,365.9,9,7,13.7
101,167,395.9,10,7,13.7
130,123.3,472.2,9,6,13.7
1,153.3,95.9,9,7,13.7
3,199.6,95.9,8,7,13.7
5,287,95.9,10,7,13.7
7,333.3,95.9,9,7,13.7
8,377,82.2,10,6,13.7
9,379.6,95.9,8,7,13.7
10,123.3,112.2,9,6,13.7
11,167,125.9,10,7,13.7
12,169.6,112.2,8,6,13.7
14,257,112.2,10,6,13.7
15,259.6,125.9,8,7,13.7
16,303.3,112.2,9,6,13.7
17,347,125.9,10,7,13.7
18,349.6,112.2,8,6,13.7
19,393.3,125.9,9,7,13.7
20,137,142.2,10,6,13.7
21,139.6,155.9,8,7,13.7
22,183.3,142.2,9,6,13.7
23,227,155.9,10,7,13.7
24,229.6,142.2,8,6,13.7
26,317,142.2,10,6,13.7
27,319.6,155.9,8,7,13.7
28,363.3,142.2,9,6,13.7
29,407,155.9,10,7,13.7
30,109.6,172.2,8,6,13.7
31,153.3,185.9,9,7,13.7
32,197,172.2,10,6,13.7
33,199.6,185.9,8,7,13.7
34,243.3,172.2,9,6,13.7
35,287,185.9,10,7,13.7
36,289.6,172.2,8,6,13.7
37,333.3,185.9,9,7,13.7
38,377,172.2,10,6,13.7
39,379.6,185.9,8,7,13.7
40,123.3,202.2,9,6,13.7
41,167,215.9,10,7,13.7
42,169.6,202.2,8,6,13.7
43,213.3,215.9,9,7,13.7
44,257,202.2,10,6,13.7
45,259.6,215.9,8,7,13.7
47,347,215.9,10,7,13.7
48,349.6,202.2,8,6,13.7
49,393.3,215.9,9,7,13.7
50,137,232.2,10,6,13.7
51,139.6,245.9,8,7,13.7
52,183.3,232.2,9,6,13.7
53,227,245.9,10,7,13.7
54,229.6,232.2,8,6,13.7
55,273.3,245.9,9,7,13.7
56,317,232.2,10,6,13.7
57,319.6,245.9,8,7,13.7
58,363.3,232.2,9,6,13.7
59,407,245.9,10,7,13.7
60,109.6,262.2,8,6,13.7
61,153.3,275.9,9,7,13.7
62,197,262.2,10,6,13.7
63,199.6,275.9,8,7,13.7
64,243.3,262.2,9,6,13.7
65,287,275.9,10,7,13.7
66,289.6,262.2,8,6,13.7
67,333.3,275.9,9,7,13.7
68,377,262.2,10,6,13.7
69,379.6,275.9,8,7,13.7
70,123.3,292.2,9,6,13.7
71,167,305.9,10,7,13.7
72,169.6,292.2,8,6,13.7
73,213.3,305.9,9,7,13.7
74,257,292.2,10,6,13.7
75,259.6,305.9,8,7,13.7
76,303.3,292.2,9,6,13.7
77,347,305.9,10,7,13.7
78,349.6,292.2,8,6,13.7
79,393.3,305.9,9,7,13.7
80,137,322.2,10,6,13.7
81,139.6,335.9,8,7,13.7
82,183.3,322.2,9,6,13.7
83,227,335.9,10,7,13.7
84,229.6,322.2,8,6,13.7
85,273.3,335.9,9,7,13.7
86,317,322.2,10,6,13.7
87,319.6,335.9,8,7,13.7
88,363.3,322.2,9,6,13.7
89,407,335.9,10,7,13.7
90,109.6,352.2,8,6,13.7
91,153.3,365.9,9,7,13.7
92,197,352.2,10,6,13.7
93,199.6,365.9,8,7,13.7
94,243.3,352.2,9,6,13.7
95,287,365.9,10,7,13.7
96,289.6,352.2,8,6,13.7
98,377,352.2,10,6,13.7
99,379.6,365.9,8,7,13.7
100,123.3,382.2,9,6,13.7
102,169.6,382.2,8,6,13.7
103,213.3,395.9,9,7,13.7
104,257,382.2,10,6,13.7
105,259.6,395.9,8,7,13.7
106,303.3,382.2,9,6,13.7
107,347,395.9,10,7,13.7
108,349.6,382.2,8,6,13.7
109,393.3,395.9,9,7,13.7
110,137,412.2,10,6,13.7
111,139.6,425.9,8,7,13.7
112,183.3,412.2,9,6,13.7
113,227,425.9,10,7,13.7
114,229.6,412.2,8,6,13.7
115,273.3,425.9,9,7,13.7
116,317,412.2,10,6,13.7
117,319.6,425.9,8,7,13.7
118,363.3,412.2,9,6,13.7
119,407,425.9,10,7,13.7
120,109.6,442.2,8,6,13.7
121,153.3,455.9,9,7,13.7
122,197,442.2,10,6,13.7
123,199.6,455.9,8,7,13.7
124,243.3,442.2,9,6,13.7
125,287,455.9,10,7,13.7
126,289.6,442.2,8,6,13.7
127,333.3,455.9,9,7,13.7
128,377,442.2,10,6,13.7
129,379.6,455.9,8,7,13.7
131,167,485.9,10,7,13.7
13,214.2,126.6,9,7,13.8
46,304.2,202.8,9,6,13.8
97,334.2,366.6,9,7,13.8
101,168,396.6,10,7,13.8
130,124.2,472.8,9,6,13.8
1,154.2,96.6,9,7,13.8
3,200.4,96.6,8,7,13.8
5,288,96.6,10,7,13.8
7,334.2,96.6,9,7,13.8
8,378,82.8,10,6,13.8
9,380.4,96.6,8,7,13.8
10,124.2,112.8,9,6,13.8
11,168,126.6,10,7,13.8
12,170.4,112.8,8,6,13.8
14,258,112.8,10,6,13.8
15,260.4,126.6,8,7,13.8
16,304.2,112.8,9,6,13.8
17,348,126.6,10,7,13.8
18,350.4,112.8,8,6,13.8
19,394.2,126.6,9,7,13.8
20,138,142.8,10,6,13.8
21,140.4,156.6,8,7,13.8
22,184.2,142.8,9,6,13.8
23,228,156.6,10,7,13.8
24,230.4,142.8,8,6,13.8
26,318,142.8,10,6,13.8
27,320.4,156.6,8,7,13.8
28,364.2,142.8,9,6,13.8
29,408,156.6,10,7,13.8
30,110.4,172.8,8,6,13.8
31,154.2,186.6,9,7,13.8
32,198,172.8,10,6,13.8
33,200.4,186.6,8,7,13.8
34,244.2,172.8,9,6,13.8
35,288,186.6,10,7,13.8
36,290.4,172.8,8,6,13.8
37,334.2,186.6,9,7,13.8
38,378,172.8,10,6,13.8
39,380.4,186.6,8,7,13.8
40,124.2,202.8,9,6,13.8
41,168,216.6,10,7,13.8
42,170.4,202.8,8,6,13.8
43,214.2,216.6,9,7,13.8
44,258,202.8,10,6,13.8
45,260.4,216.6,8,7,13.8
47,348,216.6,10,7,13.8
48,350.4,202.8,8,6,13.8
49,394.2,216.6,9,7,13.8
50,138,232.8,10,6,13.8
51,140.4,246.6,8,7,13.8
52,184.2,232.8,9,6,13.8
53,228,246.6,10,7,13.8
54,230.4,232.8,8,6,13.8
55,274.2,246.6,9,7,13.8
56,318,232.8,10,6,13.8
57,320.4,246.6,8,7,13.8
58,364.2,232.8,9,6,13.8
59,408,246.6,10,7,13.8
60,110.4,262.8,8,6,13.8
61,154.2,276.6,9,7,13.8
62,198,262.8,10,6,13.8
63,200.4,276.6,8,7,13.8
64,244.2,262.8,9,6,13.8
65,288,276.6,10,7,13.8
66,290.4,262.8,8,6,13.8
67,334.2,276.6,9,7,13.8
68,378,262.8,10,6,13.8
69,380.4,276.6,8,7,13.8
70,124.2,292.8,9,6,13.8
71,168,306.6,10,7,13.8
72,170.4,292.8,8,6,13.8
73,214.2,306.6,9,7,13.8
74,258,292.8,10,6,13.8
75,260.4,306.6,8,7,13.8
76,304.2,292.8,9,6,13.8
77,348,306.6,10,7,13.8
78,350.4,292.8,8,6,13.8
79,394.2,306.6,9,7,13.8
80,138,322.8,10,6,13.8
81,140.4,336.6,8,7,13.8
82,184.2,322.8,9,6,13.8
83,228,336.6,10,7,13.8
84,230.4,322.8,8,6,13.8
85,274.2,336.6,9,7,13.8
86,318,322.8,10,6,13.8
87,320.4,336.6,8,7,13.8
88,364.2,322.8,9,6,13.8
89,408,336.6,10,7,13.8
90,110.4,352.8,8,6,13.8
91,154.2,366.6,9,7,13.8
92,198,352.8,10,6,13.8
93,200.4,366.6,8,7,13.8
94,244.2,352.8,9,6,13.8
95,288,366.6,10,7,13.8
96,290.4,352.8,8,6,13.8
98,378,352.8,10,6,13.8
99,380.4,366.6,8,7,13.8
100,124.2,382.8,9,6,13.8
102,170.4,382.8,8,6,13.8
103,214.2,396.6,9,7,13.8
104,258,382.8,10,6,13.8
105,260.4,396.6,8,7,13.8
106,304.2,382.8,9,6,13.8
107,348,396.6,10,7,13.8
108,350.4,382.8,8,6,13.8
109,394.2,396.6,9,7,13.8
110,138,412.8,10,6,13.8
111,140.4,426.6,8,7,13.8
112,184.2,412.8,9,6,13.8
113,228,426.6,10,7,13.8
114,230.4,412.8,8,6,13.8
115,274.2,426.6,9,7,13.8
116,318,412.8,10,6,13.8
117,320.4,426.6,8,7,13.8
118,364.2,412.8,9,6,13.8
119,408,426.6,10,7,13.8
120,110.4,442.8,8,6,13.8
121,154.2,456.6,9,7,13.8
122,198,442.8,10,6,13.8
123,200.4,456.6,8,7,13.8
124,244.2,442.8,9,6,13.8
125,288,456.6,10,7,13.8
126,290.4,442.8,8,6,13.8
127,334.2,456.6,9,7,13.8
128,378,442.8,10,6,13.8
129,380.4,456.6,8,7,13.8
131,168,486.6,10,7,13.8
13,215.1,127.3,9,7,13.9
46,305.1,203.4,9,6,13.9
97,335.1,367.3,9,7,13.9
101,169,397.3,10,7,13.9
130,125.1,473.4,9,6,13.9
1,155.1,97.3,9,7,13.9
3,201.2,97.3,8,7,13.9
5,289,97.3,10,7,13.9
7,335.1,97.3,9,7,13.9
8,379,83.4,10,6,13.9
9,381.2,97.3,8,7,13.9
10,125.1,113.4,9,6,13.9
11,169,127.3,10,7,13.9
12,171.2,113.4,8,6,13.9
14,259,113.4,10,6,13.9
15,261.2,127.3,8,7,13.9
16,305.1,113.4,9,6,13.9
17,349,127.3,10,7,13.9
18,351.2,113.4,8,6,13.9
19,395.1,127.3,9,7,13.9
20,139,143.4,10,6,13.9
21,141.2,157.3,8,7,13.9
22,185.1,143.4,9,6,13.9
23,229,157.3,10,7,13.9
24,231.2,143.4,8,6,13.9
26,319,143.4,10,6,13.9
27,321.2,157.3,8,7,13.9
28,365.1,143.4,9,6,13.9
29,409,157.3,10,7,13.9
30,111.2,173.4,8,6,13.9
31,155.1,187.3,9,7,13.9
32,199,173.4,10,6,13.9
33,201.2,187.3,8,7,13.9
34,245.1,173.4,9,6,13.9
35,289,187.3,10,7,13.9
36,291.2,173.4,8,6,13.9
37,335.1,187.3,9,7,13.9
38,379,173.4,10,6,13.9
39,381.2,187.3,8,7,13.9
40,125.1,203.4,9,6,13.9
41,169,217.3,10,7,13.9
42,171.2,203.4,8,6,13.9
43,215.1,217.3,9,7,13.9
44,259,203.4,10,6,13.9
45,261.2,217.3,8,7,13.9
47,349,217.3,10,7,13.9
48,351.2,203.4,8,6,13.9
49,395.1,217.3,9,7,13.9
50,139,233.4,10,6,13.9
51,141.2,247.3,8,7,13.9
52,185.1,233.4,9,6,13.9
53,229,247.3,10,7,13.9
54,231.2,233.4,8,6,13.9
55,275.1,247.3,9,7,13.9
56,319,233.4,10,6,13.9
57,321.2,247.3,8,7,13.9
58,365.1,233.4,9,6,13.9
59,409,247.3,10,7,13.9
60,111.2,263.4,8,6,13.9
61,155.1,277.3,9,7,13.9
62,199,263.4,10,6,13.9
63,201.2,277.3,8,7,13.9
64,245.1,263.4,9,6,13.9
65,289,277.3,10,7,13.9
66,291.2,263.4,8,6,13.9
67,335.1,277.3,9,7,13.9
68,379,263.4,10,6,13.9
69,381.2,277.3,8,7,13.9
70,125.1,293.4,9,6,13.9
71,169,307.3,10,7,13.9
72,171.2,293.4,8,6,13.9
73,215.1,307.3,9,7,13.9
74,259,293.4,10,6,13.9
75,261.2,307.3,8,7,13.9
76,305.1,293.4,9,6,13.9
77,349,307.3,10,7,13.9
78,351.2,293.4,8,6,13.9
79,395.1,307.3,9,7,13.9
80,139,323.4,10,6,13.9
81,141.2,337.3,8,7,13.9
82,185.1,323.4,9,6,13.9
83,229,337.3,10,7,13.9
84,231.2,323.4,8,6,13.9
85,275.1,337.3,9,7,13.9
86,319,323.4,10,6,13.9
87,321.2,337.3,8,7,13.9
88,365.1,323.4,9,6,13.9
89,409,337.3,10,7,13.9
90,111.2,353.4,8,6,13.9
91,155.1,367.3,9,7,13.9
92,199,353.4,10,6,13.9
93,201.2,367.3,8,7,13.9
94,245.1,353.4,9,6,13.9
95,289,367.3,10,7,13.9
96,291.2,353.4,8,6,13.9
98,379,353.4,10,6,13.9
99,381.2,367.3,8,7,13.9
100,125.1,383.4,9,6,13.9
102,171.2,383.4,8,6,13.9
103,215.1,397.3,9,7,13.9
104,259,383.4,10,6,13.9
105,261.2,397.3,8,7,13.9
106,305.1,383.4,9,6,13.9
107,349,397.3,10,7,13.9
108,351.2,383.4,8,6,13.9
109,395.1,397.3,9,7,13.9
110,139,413.4,10,6,13.9
111,141.2,427.3,8,7,13.9
112,185.1,413.4,9,6,13.9
113,229,427.3,10,7,13.9
114,231.2,413.4,8,6,13.9
115,275.1,427.3,9,7,13.9
116,319,413.4,10,6,13.9
117,321.2,427.3,8,7,13.9
118,365.1,413.4,9,6,13.9
119,409,427.3,10,7,13.9
120,111.2,443.4,8,6,13.9
121,155.1,457.3,9,7,13.9
122,199,443.4,10,6,13.9
123,201.2,457.3,8,7,13.9
124,245.1,443.4,9,6,13.9
125,289,457.3,10,7,13.9
126,291.2,443.4,8,6,13.9
127,335.1,457.3,9,7,13.9
128,379,443.4,10,6,13.9
129,381.2,457.3,8,7,13.9
131,169,487.3,10,7,13.9
13,216,128,9,7,14
46,306,204,9,6,14
97,336,368,9,7,14
101,170,398,10,7,14
130,126,474,9,6,14
1,156,98,9,7,14
3,202,98,8,7,14
5,290,98,10,7,14
7,336,98,9,7,14
8,380,84,10,6,14
9,382,98,8,7,14
10,126,114,9,6,14
11,170,128,10,7,14
12,172,114,8,6,14
14,260,114,10,6,14
15,262,128,8,7,14
16,306,114,9,6,14
17,350,128,10,7,14
18,352,114,8,6,14
19,396,128,9,7,14
20,140,144,10,6,14
21,142,158,8,7,14
22,186,144,9,6,14
23,230,158,10,7,14
24,232,144,8,6,14
26,320,144,10,6,14
27,322,158,8,7,14
28,366,144,9,6,14
29,410,158,10,7,14
30,112,174,8,6,14
31,156,188,9,7,14
32,200,174,10,6,14
33,202,188,8,7,14
34,246,174,9,6,14
35,290,188,10,7,14
36,292,174,8,6,14
37,336,188,9,7,14
38,380,174,10,6,14
39,382,188,8,7,14
40,126,204,9,6,14
41,170,218,10,7,14
42,172,204,8,6,14
43,216,218,9,7,14
44,260,204,10,6,14
45,262,218,8,7,14
47,350,218,10,7,14
48,352,204,8,6,14
49,396,218,9,7,14
50,140,234,10,6,14
51,142,248,8,7,14
52,186,234,9,6,14
53,230,248,10,7,14
54,232,234,8,6,14
55,276,248,9,7,14
56,320,234,10,6,14
57,322,248,8,7,14
58,366,234,9,6,14
59,410,248,10,7,14
60,112,264,8,6,14
61,156,278,9,7,14
62,200,264,10,6,14
63,202,278,8,7,14
64,246,264,9,6,14
65,290,278,10,7,14
66,292,264,8,6,14
67,336,278,9,7,14
68,380,264,10,6,14
69,382,278,8,7,14
70,126,294,9,6,14
71,170,308,10,7,14
72,172,294,8,6,14
73,216,308,9,7,14
74,260,294,10,6,14
75,262,308,8,7,14
76,306,294,9,6,14
77,350,308,10,7,14
78,352,294,8,6,14
79,396,308,9,7,14
80,140,324,10,6,14
81,142,338,8,7,14
82,186,324,9,6,14
83,230,338,10,7,14
84,232,324,8,6,14
85,276,338,9,7,14
86,320,324,10,6,14
87,322,338,8,7,14
88,366,324,9,6,14
89,410,338,10,7,14
90,112,354,8,6,14
91,156,368,9,7,14
92,200,354,10,6,14
93,202,368,8,7,14
94,246,354,9,6,14
95,290,368,10,7,14
96,292,354,8,6,14
98,380,354,10,6,14
99,382,368,8,7,14
100,126,384,9,6,14
102,172,384,8,6,14
103,216,398,9,7,14
104,260,384,10,6,14
105,262,398,8,7,14
106,306,384,9,6,14
107,350,398,10,7,14
108,352,384,8,6,14
109,396,398,9,7,14
110,140,414,10,6,14
111,142,428,8,7,14
112,186,414,9,6,14
113,230,428,10,7,14
114,232,414,8,6,14
115,276,428,9,7,14
116,320,414,10,6,14
117,322,428,8,7,14
118,366,414,9,6,14
119,410,428,10,7,14
120,112,444,8,6,14
121,156,458,9,7,14
122,200,444,10,6,14
123,202,458,8,7,14
124,246,444,9,6,14
125,290,458,10,7,14
126,292,444,8,6,14
127,336,458,9,7,14
128,380,444,10,6,14
129,382,458,8,7,14
131,170,488,10,7,14
13,216.9,128.7,9,7,14.1
46,306.9,204.6,9,6,14.1
97,336.9,368.7,9,7,14.1
101,171,398.7,10,7,14.1
130,126.9,474.6,9,6,14.1
1,156.9,98.7,9,7,14.1
3,202.8,98.7,8,7,14.1
5,291,98.7,10,7,14.1
7,336.9,98.7,9,7,14.1
8,381,84.6,10,6,14.1
9,382.8,98.7,8,7,14.1
10,126.9,114.6,9,6,14.1
11,171,128.7,10,7,14.1
12,172.8,114.6,8,6,14.1
14,261,114.6,10,6,14.1
15,262.8,128.7,8,7,14.1
16,306.9,114.6,9,6,14.1
17,351,128.7,10,7,14.1
18,352.8,114.6,8,6,14.1
19,396.9,128.7,9,7,14.1
20,141,144.6,10,6,14.1
21,142.8,158.7,8,7,14.1
22,186.9,144.6,9,6,14.1
23,231,158.7,10,7,14.1
24,232.8,144.6,8,6,14.1
26,321,144.6,10,6,14.1
27,322.8,158.7,8,7,14.1
28,366.9,144.6,9,6,14.1
29,411,158.7,10,7,14.1
30,112.8,174.6,8,6,14.1
31,156.9,188.7,9,7,14.1
32,201,174.6,10,6,14.1
33,202.8,188.7,8,7,14.1
34,246.9,174.6,9,6,14.1
35,291,188.7,10,7,14.1
36,292.8,174.6,8,6,14.1
37,336.9,188.7,9,7,14.1
38,381,174.6,10,6,14.1
39,382.8,188.7,8,7,14.1
40,126.9,204.6,9,6,14.1
41,171,218.7,10,7,14.1
42,172.8,204.6,8,6,14.1
43,216.9,218.7,9,7,14.1
44,261,204.6,10,6,14.1
45,262.8,218.7,8,7,14.1
47,351,218.7,10,7,14.1
48,352.8,204.6,8,6,14.1
49,396.9,218.7,9,7,14.1
50,141,234.6,10,6,14.1
51,142.8,248.7,8,7,14.1
52,186.9,234.6,9,6,14.1
53,231,248.7,10,7,14.1
54,232.8,234.6,8,6,14.1
55,276.9,248.7,9,7,14.1
56,321,234.6,10,6,14.1
57,322.8,248.7,8,7,14.1
58,366.9,234.6,9,6,14.1
59,411,248.7,10,7,14.1
60,112.8,264.6,8,6,14.1
61,156.9,278.7,9,7,14.1
62,201,264.6,10,6,14.1
63,202.8,278.7,8,7,14.1
64,246.9,264.6,9,6,14.1
65,291,278.7,10,7,14.1
66,292.8,264.6,8,6,14.1
67,336.9,278.7,9,7,14.1
68,381,264.6,10,6,14.1
69,382.8,278.7,8,7,14.1
70,126.9,294.6,9,6,14.1
71,171,308.7,10,7,14.1
72,172.8,294.6,8,6,14.1
73,216.9,308.7,9,7,14.1
74,261,294.6,10,6,14.1
75,262.8,308.7,8,7,14.1
76,306.9,294.6,9,6,14.1
77,351,308.7,10,7,14.1
78,352.8,294.6,8,6,14.1
79,396.9,308.7,9,7,14.1
80,141,324.6,10,6,14.1
81,142.8,338.7,8,7,14.1
82,186.9,324.6,9,6,14.1
83,231,338.7,10,7,14.1
84,232.8,324.6,8,6,14.1
85,276.9,338.7,9,7,14.1
86,321,324.6,10,6,14.1
87,322.8,338.7,8,7,14.1
88,366.9,324.6,9,6,14.1
89,411,338.7,10,7,14.1
90,112.8,354.6,8,6,14.1
91,156.9,368.7,9,7,14.1
92,201,354.6,10,6,14.1
93,202.8,368.7,8,7,14.1
94,246.9,354.6,9,6,14.1
95,291,368.7,10,7,14.1
96,292.8,354.6,8,6,14.1
98,381,354.6,10,6,14.1
99,382.8,368.7,8,7,14.1
100,126.9,384.6,9,6,14.1
102,172.8,384.6,8,6,14.1
103,216.9,398.7,9,7,14.1
104,261,384.6,10,6,14.1
105,262.8,398.7,8,7,14.1
106,306.9,384.6,9,6,14.1
107,351,398.7,10,7,14.1
108,352.8,384.6,8,6,14.1
109,396.9,398.7,9,7,14.1
110,141,414.6,10,6,14.1
111,142.8,428.7,8,7,14.1
112,186.9,414.6,9,6,14.1
113,231,428.7,10,7,14.1
114,232.8,414.6,8,6,14.1
115,276.9,428.7,9,7,14.1
116,321,414.6,10,6,14.1
117,322.8,428.7,8,7,14.1
118,366.9,414.6,9,6,14.1
119,411,428.7,10,7,14.1
120,112.8,444.6,8,6,14.1
121,156.9,458.7,9,7,14.1
122,201,444.6,10,6,14.1
123,202.8,458.7,8,7,14.1
124,246.9,444.6,9,6,14.1
125,291,458.7,10,7,14.1
126,292.8,444.6,8,6,14.1
127,336.9,458.7,9,7,14.1
128,381,444.6,10,6,14.1
129,382.8,458.7,8,7,14.1
131,171,488.7,10,7,14.1
13,217.8,129.4,9,7,14.2
46,307.8,205.2,9,6,14.2
97,337.8,369.4,9,7,14.2
101,172,399.4,10,7,14.2
130,127.8,475.2,9,6,14.2
1,157.8,99.4,9,7,14.2
3,203.6,99.4,8,7,14.2
5,292,99.4,10,7,14.2
7,337.8,99.4,9,7,14.2
8,382,85.2,10,6,14.2
9,383.6,99.4,8,7,14.2
10,127.8,115.2,9,6,14.2
11,172,129.4,10,7,14.2
12,173.6,115.2,8,6,14.2
14,262,115.2,10,6,14.2
15,263.6,129.4,8,7,14.2
16,307.8,115.2,9,6,14.2
17,352,129.4,10,7,14.2
18,353.6,115.2,8,6,14.2
19,397.8,129.4,9,7,14.2
20,142,145.2,10,6,14.2
21,143.6,159.4,8,7,14.2
22,187.8,145.2,9,6,14.2
23,232,159.4,10,7,14.2
24,233.6,145.2,8,6,14.2
26,322,145.2,10,6,14.2
27,323.6,159.4,8,7,14.2
28,367.8,145.2,9,6,14.2
29,412,159.4,10,7,14.2
30,113.6,175.2,8,6,14.2
31,157.8,189.4,9,7,14.2
32,202,175.2,10,6,14.2
33,203.6,189.4,8,7,14.2
34,247.8,175.2,9,6,14.2
35,292,189.4,10,7,14.2
36,293.6,175.2,8,6,14.2
37,337.8,189.4,9,7,14.2
38,382,175.2,10,6,14.2
39,383.6,189.4,8,7,14.2
40,127.8,205.2,9,6,14.2
41,172,219.4,10,7,14.2
42,173.6,205.2,8,6,14.2
43,217.8,219.4,9,7,14.2
44,262,205.2,10,6,14.2
45,263.6,219.4,8,7,14.2
47,352,219.4,10,7,14.2
48,353.6,205.2,8,6,14.2
49,397.8,219.4,9,7,14.2
50,142,235.2,10,6,14.2
51,143.6,249.4,8,7,14.2
52,187.8,235.2,9,6,14.2
53,232,249.4,10,7,14.2
54,233.6,235.2,8,6,14.2
55,277.8,249.4,9,7,14.2
56,322,235.2,10,6,14.2
57,323.6,249.4,8,7,14.2
58,367.8,235.2,9,6,14.2
59,412,249.4,10,7,14.2
60,113.6,265.2,8,6,14.2
61,157.8,279.4,9,7,14.2
62,202,265.2,10,6,14.2
63,203.6,279.4,8,7,14.2
64,247.8,265.2,9,6,14.2
65,292,279.4,10,7,14.2
66,293.6,265.2,8,6,14.2
67,337.8,279.4,9,7,14.2
68,382,265.2,10,6,14.2
69,383.6,279.4,8,7,14.2
70,127.8,295.2,9,6,14.2
71,172,309.4,10,7,14.2
72,173.6,295.2,8,6,14.2
73,217.8,309.4,9,7,14.2
74,262,295.2,10,6,14.2
75,263.6,309.4,8,7,14.2
76,307.8,295.2,9,6,14.2
77,352,309.4,10,7,14.2
78,353.6,295.2,8,6,14.2
79,397.8,309.4,9,7,14.2
80,142,325.2,10,6,14.2
81,143.6,339.4,8,7,14.2
82,187.8,325.2,9,6,14.2
83,232,339.4,10,7,14.2
84,233.6,325.2,8,6,14.2
85,277.8,339.4,9,7,14.2
86,322,325.2,10,6,14.2
87,323.6,339.4,8,7,14.2
88,367.8,325.2,9,6,14.2
89,412,339.4,10,7,14.2
90,113.6,355.2,8,6,14.2
91,157.8,369.4,9,7,14.2
92,202,355.2,10,6,14.2
93,203.6,369.4,8,7,14.2
94,247.8,355.2,9,6,14.2
95,292,369.4,10,7,14.2
96,293.6,355.2,8,6,14.2
98,382,355.2,10,6,14.2
99,383.6,369.4,8,7,14.2
100,127.8,385.2,9,6,14.2
102,173.6,385.2,8,6,14.2
103,217.8,399.4,9,7,14.2
104,262,385.2,10,6,14.2
105,263.6,399.4,8,7,14.2
106,307.8,385.2,9,6,14.2
107,352,399.4,10,7,14.2
108,353.6,385.2,8,6,14.2
109,397.8,399.4,9,7,14.2
110,142,415.2,10,6,14.2
111,143.6,429.4,8,7,14.2
112,187.8,415.2,9,6,14.2
113,232,429.4,10,7,14.2
114,233.6,415.2,8,6,14.2
115,277.8,429.4,9,7,14.2
116,322,415.2,10,6,14.2
117,323.6,429.4,8,7,14.2
118,367.8,415.2,9,6,14.2
119,412,429.4,10,7,14.2
120,113.6,445.2,8,6,14.2
121,157.8,459.4,9,7,14.2
122,202,445.2,10,6,14.2
123,203.6,459.4,8,7,14.2
124,247.8,445.2,9,6,14.2
125,292,459.4,10,7,14.2
126,293.6,445.2,8,6,14.2
127,337.8,459.4,9,7,14.2
128,382,445.2,10,6,14.2
129,383.6,459.4,8,7,14.2
131,172,489.4,10,7,14.2
13,218.7,130.1,9,7,14.3
46,308.7,205.8,9,6,14.3
97,338.7,370.1,9,7,14.3
101,173,400.1,10,7,14.3
130,128.7,475.8,9,6,14.3
1,158.7,100.1,9,7,14.3
3,204.4,100.1,8,7,14.3
5,293,100.1,10,7,14.3
7,338.7,100.1,9,7,14.3
8,383,85.8,10,6,14.3
9,384.4,100.1,8,7,14.3
10,128.7,115.8,9,6,14.3
11,173,130.1,10,7,14.3
12,174.4,115.8,8,6,14.3
14,263,115.8,10,6,14.3
15,264.4,130.1,8,7,14.3
16,308.7,115.8,9,6,14.3
17,353,130.1,10,7,14.3
18,354.4,115.8,8,6,14.3
19,398.7,130.1,9,7,14.3
20,143,145.8,10,6,14.3
21,144.4,160.1,8,7,14.3
22,188.7,145.8,9,6,14.3
23,233,160.1,10,7,14.3
24,234.4,145.8,8,6,14.3
26,323,145.8,10,6,14.3
27,324.4,160.1,8,7,14.3
28,368.7,145.8,9,6,14.3
29,413,160.1,10,7,14.3
30,114.4,175.8,8,6,14.3
31,158.7,190.1,9,7,14.3
32,203,175.8,10,6,14.3
33,204.4,190.1,8,7,14.3
34,248.7,175.8,9,6,14.3
35,293,190.1,10,7,14.3
36,294.4,175.8,8,6,14.3
37,338.7,190.1,9,7,14.3
38,383,175.8,10,6,14.3
39,384.4,190.1,8,7,14.3
40,128.7,205.8,9,6,14.3
41,173,220.1,10,7,14.3
42,174.4,205.8,8,6,14.3
43,218.7,220.1,9,7,14.3
44,263,205.8,10,6,14.3
45,264.4,220.1,8,7,14.3
47,353,220.1,10,7,14.3
48,354.4,205.8,8,6,14.3
49,398.7,220.1,9,7,14.3
50,143,235.8,10,6,14.3
51,144.4,250.1,8,7,14.3
52,188.7,235.8,9,6,14.3
53,233,250.1,10,7,14.3
54,234.4,235.8,8,6,14.3
55,278.7,250.1,9,7,14.3
56,323,235.8,10,6,14.3
57,324.4,250.1,8,7,14.3
58,368.7,235.8,9,6,14.3
59,413,250.1,10,7,14.3
60,114.4,265.8,8,6,14.3
61,158.7,280.1,9,7,14.3
62,203,265.8,10,6,14.3
63,204.4,280.1,8,7,14.3
64,248.7,265.8,9,6,14.3
65,293,280.1,10,7,14.3
66,294.4,265.8,8,6,14.3
67,338.7,280.1,9,7,14.3
68,383,265.8,10,6,14.3
69,384.4,280.1,8,7,14.3
70,128.7,295.8,9,6,14.3
71,173,310.1,10,7,14.3
72,174.4,295.8,8,6,14.3
73,218.7,310.1,9,7,14.3
74,263,295.8,10,6,14.3
75,264.4,310.1,8,7,14.3
76,308.7,295.8,9,6,14.3
77,353,310.1,10,7,14.3
78,354.4,295.8,8,6,14.3
79,398.7,310.1,9,7,14.3
80,143,325.8,10,6,14.3
81,144.4,340.1,8,7,14.3
82,188.7,325.8,9,6,14.3
83,233,340.1,10,7,14.3
84,234.4,325.8,8,6,14.3
85,278.7,340.1,9,7,14.3
86,323,325.8,10,6,14.3
87,324.4,340.1,8,7,14.3
88,368.7,325.8,9,6,14.3
89,413,340.1,10,7,14.3
90,114.4,355.8,8,6,14.3
91,158.7,370.1,9,7,14.3
92,203,355.8,10,6,14.3
93,204.4,370.1,8,7,14.3
94,248.7,355.8,9,6,14.3
95,293,370.1,10,7,14.3
96,294.4,355.8,8,6,14.3
98,383,355.8,10,6,14.3
99,384.4,370.1,8,7,14.3
100,128.7,385.8,9,6,14.3
102,174.4,385.8,8,6,14.3
103,218.7,400.1,9,7,14.3
104,263,385.8,10,6,14.3
105,264.4,400.1,8,7,14.3
106,308.7,385.8,9,6,14.3
107,353,400.1,10,7,14.3
108,354.4,385.8,8,6,14.3
109,398.7,400.1,9,7,14.3
110,143,415.8,10,6,14.3
111,144.4,430.1,8,7,14.3
112,188.7,415.8,9,6,14.3
113,233,430.1,10,7,14.3
114,234.4,415.8,8,6,14.3
115,278.7,430.1,9,7,14.3
116,323,415.8,10,6,14.3
117,324.4,430.1,8,7,14.3
118,368.7,415.8,9,6,14.3
119,413,430.1,10,7,14.3
120,114.4,445.8,8,6,14.3
121,158.7,460.1,9,7,14.3
122,203,445.8,10,6,14.3
123,204.4,460.1,8,7,14.3
124,248.7,445.8,9,6,14.3
125,293,460.1,10,7,14.3
126,294.4,445.8,8,6,14.3
127,338.7,460.1,9,7,14.3
128,383,445.8,10,6,14.3
129,384.4,460.1,8,7,14.3
131,173,490.1,10,7,14.3
13,219.6,130.8,9,7,14.4
46,309.6,206.4,9,6,14.4
97,339.6,370.8,9,7,14.4
101,174,400.8,10,7,14.4
130,129.6,476.4,9,6,14.4
1,159.6,100.8,9,7,14.4
3,205.2,100.8,8,7,14.4
5,294,100.8,10,7,14.4
7,339.6,100.8,9,7,14.4
8,384,86.4,10,6,14.4
9,385.2,100.8,8,7,14.4
10,129.6,116.4,9,6,14.4
11,174,130.8,10,7,14.4
12,175.2,116.4,8,6,14.4
14,264,116.4,10,6,14.4
15,265.2,130.8,8,7,14.4
16,309.6,116.4,9,6,14.4
17,354,130.8,10,7,14.4
18,355.2,116.4,8,6,14.4
19,399.6,130.8,9,7,14.4
20,144,146.4,10,6,14.4
21,145.2,160.8,8,7,14.4
22,189.6,146.4,9,6,14.4
23,234,160.8,10,7,14.4
24,235.2,146.4,8,6,14.4
26,324,146.4,10,6,14.4
27,325.2,160.8,8,7,14.4
28,369.6,146.4,9,6,14.4
29,414,160.8,10,7,14.4
30,115.2,176.4,8,6,14.4
31,159.6,190.8,9,7,14.4
32,204,176.4,10,6,14.4
33,205.2,190.8,8,7,14.4
34,249.6,176.4,9,6,14.4
35,294,190.8,10,7,14.4
36,295.2,176.4,8,6,14.4
37,339.6,190.8,9,7,14.4
38,384,176.4,10,6,14.4
39,385.2,190.8,8,7,14.4
40,129.6,206.4,9,6,14.4
41,174,220.8,10,7,14.4
42,175.2,206.4,8,6,14.4
43,219.6,220.8,9,7,14.4
44,264,206.4,10,6,14.4
45,265.2,220.8,8,7,14.4
47,354,220.8,10,7,14.4
48,355.2,206.4,8,6,14.4
49,399.6,220.8,9,7,14.4
50,144,236.4,10,6,14.4
51,145.2,250.8,8,7,14.4
52,189.6,236.4,9,6,14.4
53,234,250.8,10,7,14.4
54,235.2,236.4,8,6,14.4
55,279.6,250.8,9,7,14.4
56,324,236.4,10,6,14.4
57,325.2,250.8,8,7,14.4
58,369.6,236.4,9,6,14.4
59,414,250.8,10,7,14.4
60,115.2,266.4,8,6,14.4
61,159.6,280.8,9,7,14.4
62,204,266.4,10,6,14.4
63,205.2,280.8,8,7,14.4
64,249.6,266.4,9,6,14.4
65,294,280.8,10,7,14.4
66,295.2,266.4,8,6,14.4
67,339.6,280.8,9,7,14.4
68,384,266.4,10,6,14.4
69,385.2,280.8,8,7,14.4
70,129.6,296.4,9,6,14.4
71,174,310.8,10,7,14.4
72,175.2,296.4,8,6,14.4
73,219.6,310.8,9,7,14.4
74,264,296.4,10,6,14.4
75,265.2,310.8,8,7,14.4
76,309.6,296.4,9,6,14.4
77,354,310.8,10,7,14.4
78,355.2,296.4,8,6,14.4
79,399.6,310.8,9,7,14.4
80,144,326.4,10,6,14.4
81,145.2,340.8,8,7,14.4
82,189.6,326.4,9,6,14.4
83,234,340.8,10,7,14.4
84,235.2,326.4,8,6,14.4
85,279.6,340.8,9,7,14.4
86,324,326.4,10,6,14.4
87,325.2,340.8,8,7,14.4
88,369.6,326.4,9,6,14.4
89,414,340.8,10,7,14.4
90,115.2,356.4,8,6,14.4
91,159.6,370.8,9,7,14.4
92,204,356.4,10,6,14.4
93,205.2,370.8,8,7,14.4
94,249.6,356.4,9,6,14.4
95,294,370.8,10,7,14.4
96,295.2,356.4,8,6,14.4
98,384,356.4,10,6,14.4
99,385.2,370.8,8,7,14.4
100,129.6,386.4,9,6,14.4
102,175.2,386.4,8,6,14.4
103,219.6,400.8,9,7,14.4
104,264,386.4,10,6,14.4
105,265.2,400.8,8,7,14.4
106,309.6,386.4,9,6,14.4
107,354,400.8,10,7,14.4
108,355.2,386.4,8,6,14.4
109,399.6,400.8,9,7,14.4
110,144,416.4,10,6,14.4
111,145.2,430.8,8,7,14.4
112,189.6,416.4,9,6,14.4
113,234,430.8,10,7,14.4
114,235.2,416.4,8,6,14.4
115,279.6,430.8,9,7,14.4
116,324,416.4,10,6,14.4
117,325.2,430.8,8,7,14.4
118,369.6,416.4,9,6,14.4
119,414,430.8,10,7,14.4
120,115.2,446.4,8,6,14.4
121,159.6,460.8,9,7,14.4
122,204,446.4,10,6,14.4
123,205.2,460.8,8,7,14.4
124,249.6,446.4,9,6,14.4
125,294,460.8,10,7,14.4
126,295.2,446.4,8,6,14.4
127,339.6,460.8,9,7,14.4
128,384,446.4,10,6,14.4
129,385.2,460.8,8,7,14.4
131,174,490.8,10,7,14.4
13,220.5,131.5,9,7,14.5
46,310.5,207,9,6,14.5
97,340.5,371.5,9,7,14.5
101,175,401.5,10,7,14.5
130,130.5,477,9,6,14.5
1,160.5,101.5,9,7,14.5
3,206,101.5,8,7,14.5
5,295,101.5,10,7,14.5
7,340.5,101.5,9,7,14.5
8,385,87,10,6,14.5
9,386,101.5,8,7,14.5
10,130.5,117,9,6,14.5
11,175,131.5,10,7,14.5
12,176,117,8,6,14.5
14,265,117,10,6,14.5
15,266,131.5,8,7,14.5
16,310.5,117,9,6,14.5
17,355,131.5,10,7,14.5
18,356,117,8,6,14.5
19,400.5,131.5,9,7,14.5
20,145,147,10,6,14.5
21,146,161.5,8,7,14.5
22,190.5,147,9,6,14.5
23,235,161.5,10,7,14.5
24,236,147,8,6,14.5
26,325,147,10,6,14.5
27,326,161.5,8,7,14.5
28,370.5,147,9,6,14.5
29,415,161.5,10,7,14.5
30,116,177,8,6,14.5
31,160.5,191.5,9,7,14.5
32,205,177,10,6,14.5
33,206,191.5,8,7,14.5
34,250.5,177,9,6,14.5
35,295,191.5,10,7,14.5
36,296,177,8,6,14.5
37,340.5,191.5,9,7,14.5
38,385,177,10,6,14.5
39,386,191.5,8,7,14.5
40,130.5,207,9,6,14.5
41,175,221.5,10,7,14.5
42,176,207,8,6,14.5
43,220.5,221.5,9,7,14.5
44,265,207,10,6,14.5
45,266,221.5,8,7,14.5
47,355,221.5,10,7,14.5
48,356,207,8,6,14.5
49,400.5,221.5,9,7,14.5
50,145,237,10,6,14.5
51,146,251.5,8,7,14.5
52,190.5,237,9,6,14.5
53,235,251.5,10,7,14.5
54,236,237,8,6,14.5
55,280.5,251.5,9,7,14.5
56,325,237,10,6,14.5
57,326,251.5,8,7,14.5
58,370.5,237,9,6,14.5
59,415,251.5,10,7,14.5
60,116,267,8,6,14.5
61,160.5,281.5,9,7,14.5
62,205,267,10,6,14.5
63,206,281.5,8,7,14.5
64,250.5,267,9,6,14.5
65,295,281.5,10,7,14.5
66,296,267,8,6,14.5
67,340.5,281.5,9,7,14.5
68,385,267,10,6,14.5
69,386,281.5,8,7,14.5
70,130.5,297,9,6,14.5
71,175,311.5,10,7,14.5
72,176,297,8,6,14.5
73,220.5,311.5,9,7,14.5
74,265,297,10,6,14.5
75,266,311.5,8,7,14.5
76,310.5,297,9,6,14.5
77,355,311.5,10,7,14.5
78,356,297,8,6,14.5
79,400.5,311.5,9,7,14.5
80,145,327,10,6,14.5
81,146,341.5,8,7,14.5
82,190.5,327,9,6,14.5
83,235,341.5,10,7,14.5
84,236,327,8,6,14.5
85,280.5,341.5,9,7,14.5
86,325,327,10,6,14.5
87,326,341.5,8,7,14.5
88,370.5,327,9,6,14.5
89,415,341.5,10,7,14.5
90,116,357,8,6,14.5
91,160.5,371.5,9,7,14.5
92,205,357,10,6,14.5
93,206,371.5,8,7,14.5
94,250.5,357,9,6,14.5
95,295,371.5,10,7,14.5
96,296,357,8,6,14.5
98,385,357,10,6,14.5
99,386,371.5,8,7,14.5
100,130.5,387,9,6,14.5
102,176,387,8,6,14.5
103,220.5,401.5,9,7,14.5
104,265,387,10,6,14.5
105,266,401.5,8,7,14.5
106,310.5,387,9,6,14.5
107,355,401.5,10,7,14.5
108,356,387,8,6,14.5
109,400.5,401.5,9,7,14.5
110,145,417,10,6,14.5
111,146,431.5,8,7,14.5
112,190.5,417,9,6,14.5
113,235,431.5,10,7,14.5
114,236,417,8,6,14.5
115,280.5,431.5,9,7,14.5
116,325,417,10,6,14.5
117,326,431.5,8,7,14.5
118,370.5,417,9,6,14.5
119,415,431.5,10,7,14.5
120,116,447,8,6,14.5
121,160.5,461.5,9,7,14.5
122,205,447,10,6,14.5
123,206,461.5,8,7,14.5
124,250.5,447,9,6,14.5
125,295,461.5,10,7,14.5
126,296,447,8,6,14.5
127,340.5,461.5,9,7,14.5
128,385,447,10,6,14.5
129,386,461.5,8,7,14.5
131,175,491.5,10,7,14.5
13,221.4,132.2,9,7,14.6
46,311.4,207.6,9,6,14.6
97,341.4,372.2,9,7,14.6
101,176,402.2,10,7,14.6
130,131.4,477.6,9,6,14.6
1,161.4,102.2,9,7,14.6
3,206.8,102.2,8,7,14.6
5,296,102.2,10,7,14.6
7,341.4,102.2,9,7,14.6
8,386,87.6,10,6,14.6
9,386.8,102.2,8,7,14.6
10,131.4,117.6,9,6,14.6
11,176,132.2,10,7,14.6
12,176.8,117.6,8,6,14.6
14,266,117.6,10,6,14.6
15,266.8,132.2,8,7,14.6
16,311.4,117.6,9,6,14.6
17,356,132.2,10,7,14.6
18,356.8,117.6,8,6,14.6
19,401.4,132.2,9,7,14.6
20,146,147.6,10,6,14.6
21,146.8,162.2,8,7,14.6
22,191.4,147.6,9,6,14.6
23,236,162.2,10,7,14.6
24,236.8,147.6,8,6,14.6
26,326,147.6,10,6,14.6
27,326.8,162.2,8,7,14.6
28,371.4,147.6,9,6,14.6
29,416,162.2,10,7,14.6
30,116.8,177.6,8,6,14.6
31,161.4,192.2,9,7,14.6
32,206,177.6,10,6,14.6
33,206.8,192.2,8,7,14.6
34,251.4,177.6,9,6,14.6
35,296,192.2,10,7,14.6
36,296.8,177.6,8,6,14.6
37,341.4,192.2,9,7,14.6
38,386,177.6,10,6,14.6
39,386.8,192.2,8,7,14.6
40,131.4,207.6,9,6,14.6
41,176,222.2,10,7,14.6
42,176.8,207.6,8,6,14.6
43,221.4,222.2,9,7,14.6
44,266,207.6,10,6,14.6
45,266.8,222.2,8,7,14.6
47,356,222.2,10,7,14.6
48,356.8,207.6,8,6,14.6
49,401.4,222.2,9,7,14.6
50,146,237.6,10,6,14.6
51,146.8,252.2,8,7,14.6
52,191.4,237.6,9,6,14.6
53,236,252.2,10,7,14.6
54,236.8,237.6,8,6,14.6
55,281.4,252.2,9,7,14.6
56,326,237.6,10,6,14.6
57,326.8,252.2,8,7,14.6
58,371.4,237.6,9,6,14.6
59,416,252.2,10,7,14.6
60,116.8,267.6,8,6,14.6
61,161.4,282.2,9,7,14.6
62,206,267.6,10,6,14.6
63,206.8,282.2,8,7,14.6
64,251.4,267.6,9,6,14.6
65,296,282.2,10,7,14.6
66,296.8,267.6,8,6,14.6
67,341.4,282.2,9,7,14.6
68,386,267.6,10,6,14.6
69,386.8,282.2,8,7,14.6
70,131.4,297.6,9,6,14.6
71,176,312.2,10,7,14.6
72,176.8,297.6,8,6,14.6
73,221.4,312.2,9,7,14.6
74,266,297.6,10,6,14.6
75,266.8,312.2,8,7,14.6
76,311.4,297.6,9,6,14.6
77,356,312.2,10,7,14.6
78,356.8,297.6,8,6,14.6
79,401.4,312.2,9,7,14.6
80,146,327.6,10,6,14.6
81,146.8,342.2,8,7,14.6
82,191.4,327.6,9,6,14.6
83,236,342.2,10,7,14.6
84,236.8,327.6,8,6,14.6
85,281.4,342.2,9,7,14.6
86,326,327.6,10,6,14.6
87,326.8,342.2,8,7,14.6
88,371.4,327.6,9,6,14.6
89,416,342.2,10,7,14.6
90,116.8,357.6,8,6,14.6
91,161.4,372.2,9,7,14.6
92,206,357.6,10,6,14.6
93,206.8,372.2,8,7,14.6
94,251.4,357.6,9,6,14.6
95,296,372.2,10,7,14.6
96,296.8,357.6,8,6,14.6
98,386,357.6,10,6,14.6
99,386.8,372.2,8,7,14.6
100,131.4,387.6,9,6,14.6
102,176.8,387.6,8,6,14.6
103,221.4,402.2,9,7,14.6
104,266,387.6,10,6,14.6
105,266.8,402.2,8,7,14.6
106,311.4,387.6,9,6,14.6
107,356,402.2,10,7,14.6
108,356.8,387.6,8,6,14.6
109,401.4,402.2,9,7,14.6
110,146,417.6,10,6,14.6
111,146.8,432.2,8,7,14.6
112,191.4,417.6,9,6,14.6
113,236,432.2,10,7,14.6
114,236.8,417.6,8,6,14.6
115,281.4,432.2,9,7,14.6
116,326,417.6,10,6,14.6
117,326.8,432.2,8,7,14.6
118,371.4,417.6,9,6,14.6
119,416,432.2,10,7,14.6
120,116.8,447.6,8,6,14.6
121,161.4,462.2,9,7,14.6
122,206,447.6,10,6,14.6
123,206.8,462.2,8,7,14.6
124,251.4,447.6,9,6,14.6
125,296,462.2,10,7,14.6
126,296.8,447.6,8,6,14.6
127,341.4,462.2,9,7,14.6
128,386,447.6,10,6,14.6
129,386.8,462.2,8,7,14.6
131,176,492.2,10,7,14.6
13,222.3,132.9,9,7,14.7
46,312.3,208.2,9,6,14.7
97,342.3,372.9,9,7,14.7
101,177,402.9,10,7,14.7
130,132.3,478.2,9,6,14.7
1,162.3,102.9,9,7,14.7
3,207.6,102.9,8,7,14.7
5,297,102.9,10,7,14.7
7,342.3,102.9,9,7,14.7
8,387,88.2,10,6,14.7
9,387.6,102.9,8,7,14.7
10,132.3,118.2,9,6,14.7
11,177,132.9,10,7,14.7
12,177.6,118.2,8,6,14.7
14,267,118.2,10,6,14.7
15,267.6,132.9,8,7,14.7
16,312.3,118.2,9,6,14.7
17,357,132.9,10,7,14.7
18,357.6,118.2,8,6,14.7
19,402.3,132.9,9,7,14.7
20,147,148.2,10,6,14.7
21,147.6,162.9,8,7,14.7
22,192.3,148.2,9,6,14.7
23,237,162.9,10,7,14.7
24,237.6,148.2,8,6,14.7
26,327,148.2,10,6,14.7
27,327.6,162.9,8,7,14.7
28,372.3,148.2,9,6,14.7
29,417,162.9,10,7,14.7
30,117.6,178.2,8,6,14.7
31,162.3,192.9,9,7,14.7
32,207,178.2,10,6,14.7
33,207.6,192.9,8,7,14.7
34,252.3,178.2,9,6,14.7
35,297,192.9,10,7,14.7
36,297.6,178.2,8,6,14.7
37,342.3,192.9,9,7,14.7
38,387,178.2,10,6,14.7
39,387.6,192.9,8,7,14.7
40,132.3,208.2,9,6,14.7
41,177,222.9,10,7,14.7
42,177.6,208.2,8,6,14.7
43,222.3,222.9,9,7,14.7
44,267,208.2,10,6,14.7
45,267.6,222.9,8,7,14.7
47,357,222.9,10,7,14.7
48,357.6,208.2,8,6,14.7
49,402.3,222.9,9,7,14.7
50,147,238.2,10,6,14.7
51,147.6,252.9,8,7,14.7
52,192.3,238.2,9,6,14.7
53,237,252.9,10,7,14.7
54,237.6,238.2,8,6,14.7
55,282.3,252.9,9,7,14.7
56,327,238.2,10,6,14.7
57,327.6,252.9,8,7,14.7
58,372.3,238.2,9,6,14.7
59,417,252.9,10,7,14.7
60,117.6,268.2,8,6,14.7
61,162.3,282.9,9,7,14.7
62,207,268.2,10,6,14.7
63,207.6,282.9,8,7,14.7
64,252.3,268.2,9,6,14.7
65,297,282.9,10,7,14.7
66,297.6,268.2,8,6,14.7
67,342.3,282.9,9,7,14.7
68,387,268.2,10,6,14.7
69,387.6,282.9,8,7,14.7
70,132.3,298.2,9,6,14.7
71,177,312.9,10,7,14.7
72,177.6,298.2,8,6,14.7
73,222.3,312.9,9,7,14.7
74,267,298.2,10,6,14.7
75,267.6,312.9,8,7,14.7
76,312.3,298.2,9,6,14.7
77,357,312.9,10,7,14.7
78,357.6,298.2,8,6,14.7
79,402.3,312.9,9,7,14.7
80,147,328.2,10,6,14.7
81,147.6,342.9,8,7,14.7
82,192.3,328.2,9,6,14.7
83,237,342.9,10,7,14.7
84,237.6,328.2,8,6,14.7
85,282.3,342.9,9,7,14.7
86,327,328.2,10,6,14.7
87,327.6,342.9,8,7,14.7
88,372.3,328.2,9,6,14.7
89,417,342.9,10,7,14.7
90,117.6,358.2,8,6,14.7
91,162.3,372.9,9,7,14.7
92,207,358.2,10,6,14.7
93,207.6,372.9,8,7,14.7
94,252.3,358.2,9,6,14.7
95,297,372.9,10,7,14.7
96,297.6,358.2,8,6,14.7
98,387,358.2,10,6,14.7
99,387.6,372.9,8,7,14.7
100,132.3,388.2,9,6,14.7
102,177.6,388.2,8,6,14.7
103,222.3,402.9,9,7,14.7
104,267,388.2,10,6,14.7
105,267.6,402.9,8,7,14.7
106,312.3,388.2,9,6,14.7
107,357,402.9,10,7,14.7
108,357.6,388.2,8,6,14.7
109,402.3,402.9,9,7,14.7
110,147,418.2,10,6,14.7
111,147.6,432.9,8,7,14.7
112,192.3,418.2,9,6,14.7
113,237,432.9,10,7,14.7
114,237.6,418.2,8,6,14.7
115,282.3,432.9,9,7,14.7
116,327,418.2,10,6,14.7
117,327.6,432.9,8,7,14.7
118,372.3,418.2,9,6,14.7
119,417,432.9,10,7,14.7
120,117.6,448.2,8,6,14.7
121,162.3,462.9,9,7,14.7
122,207,448.2,10,6,14.7
123,207.6,462.9,8,7,14.7
124,252.3,448.2,9,6,14.7
125,297,462.9,10,7,14.7
126,297.6,448.2,8,6,14.7
127,342.3,462.9,9,7,14.7
128,387,448.2,10,6,14.7
129,387.6,462.9,8,7,14.7
131,177,492.9,10,7,14.7
13,223.2,133.6,9,7,14.8
46,313.2,208.8,9,6,14.8
97,343.2,373.6,9,7,14.8
101,178,403.6,10,7,14.8
130,133.2,478.8,9,6,14.8
1,163.2,103.6,9,7,14.8
3,208.4,103.6,8,7,14.8
5,298,103.6,10,7,14.8
7,343.2,103.6,9,7,14.8
8,388,88.8,10,6,14.8
9,388.4,103.6,8,7,14.8
10,133.2,118.8,9,6,14.8
11,178,133.6,10,7,14.8
12,178.4,118.8,8,6,14.8
14,268,118.8,10,6,14.8
15,268.4,133.6,8,7,14.8
16,313.2,118.8,9,6,14.8
17,358,133.6,10,7,14.8
18,358.4,118.8,8,6,14.8
19,403.2,133.6,9,7,14.8
20,148,148.8,10,6,14.8
21,148.4,163.6,8,7,14.8
22,193.2,148.8,9,6,14.8
23,238,163.6,10,7,14.8
24,238.4,148.8,8,6,14.8
26,328,148.8,10,6,14.8
27,328.4,163.6,8,7,14.8
28,373.2,148.8,9,6,14.8
29,418,163.6,10,7,14.8
30,118.4,178.8,8,6,14.8
31,163.2,193.6,9,7,14.8
32,208,178.8,10,6,14.8
33,208.4,193.6,8,7,14.8
34,253.2,178.8,9,6,14.8
35,298,193.6,10,7,14.8
36,298.4,178.8,8,6,14.8
37,343.2,193.6,9,7,14.8
38,388,178.8,10,6,14.8
39,388.4,193.6,8,7,14.8
40,133.2,208.8,9,6,14.8
41,178,223.6,10,7,14.8
42,178.4,208.8,8,6,14.8
43,223.2,223.6,9,7,14.8
44,268,208.8,10,6,14.8
45,268.4,223.6,8,7,14.8
47,358,223.6,10,7,14.8
48,358.4,208.8,8,6,14.8
49,403.2,223.6,9,7,14.8
50,148,238.8,10,6,14.8
51,148.4,253.6,8,7,14.8
52,193.2,238.8,9,6,14.8
53,238,253.6,10,7,14.8
54,238.4,238.8,8,6,14.8
55,283.2,253.6,9,7,14.8
56,328,238.8,10,6,14.8
57,328.4,253.6,8,7,14.8
58,373.2,238.8,9,6,14.8
59,418,253.6,10,7,14.8
60,118.4,268.8,8,6,14.8
61,163.2,283.6,9,7,14.8
62,208,268.8,10,6,14.8
63,208.4,283.6,8,7,14.8
64,253.2,268.8,9,6,14.8
65,298,283.6,10,7,14.8
66,298.4,268.8,8,6,14.8
67,343.2,283.6,9,7,14.8
68,388,268.8,10,6,14.8
69,388.4,283.6,8,7,14.8
70,133.2,298.8,9,6,14.8
71,178,313.6,10,7,14.8
72,178.4,298.8,8,6,14.8
73,223.2,313.6,9,7,14.8
74,268,298.8,10,6,14.8
75,268.4,313.6,8,7,14.8
76,313.2,298.8,9,6,14.8
77,358,313.6,10,7,14.8
78,358.4,298.8,8,6,14.8
79,403.2,313.6,9,7,14.8
80,148,328.8,10,6,14.8
81,148.4,343.6,8,7,14.8
82,193.2,328.8,9,6,14.8
83,238,343.6,10,7,14.8
84,238.4,328.8,8,6,14.8
85,283.2,343.6,9,7,14.8
86,328,328.8,10,6,14.8
87,328.4,343.6,8,7,14.8
88,373.2,328.8,9,6,14.8
89,418,343.6,10,7,14.8
90,118.4,358.8,8,6,14.8
91,163.2,373.6,9,7,14.8
92,208,358.8,10,6,14.8
93,208.4,373.6,8,7,14.8
94,253.2,358.8,9,6,14.8
95,298,373.6,10,7,14.8
96,298.4,358.8,8,6,14.8
98,388,358.8,10,6,14.8
99,388.4,373.6,8,7,14.8
100,133.2,388.8,9,6,14.8
102,178.4,388.8,8,6,14.8
103,223.2,403.6,9,7,14.8
104,268,388.8,10,6,14.8
105,268.4,403.6,8,7,14.8
106,313.2,388.8,9,6,14.8
107,358,403.6,10,7,14.8
108,358.4,388.8,8,6,14.8
109,403.2,403.6,9,7,14.8
110,148,418.8,10,6,14.8
111,148.4,433.6,8,7,14.8
112,193.2,418.8,9,6,14.8
113,238,433.6,10,7,14.8
114,238.4,418.8,8,6,14.8
115,283.2,433.6,9,7,14.8
116,328,418.8,10,6,14.8
117,328.4,433.6,8,7,14.8
118,373.2,418.8,9,6,14.8
119,418,433.6,10,7,14.8
120,118.4,448.8,8,6,14.8
121,163.2,463.6,9,7,14.8
122,208,448.8,10,6,14.8
123,208.4,463.6,8,7,14.8
124,253.2,448.8,9,6,14.8
125,298,463.6,10,7,14.8
126,298.4,448.8,8,6,14.8
127,343.2,463.6,9,7,14.8
128,388,448.8,10,6,14.8
129,388.4,463.6,8,7,14.8
131,178,493.6,10,7,14.8
13,224.1,134.3,9,7,14.9
46,314.1,209.4,9,6,14.9
97,344.1,374.3,9,7,14.9
101,179,404.3,10,7,14.9
130,134.1,479.4,9,6,14.9
1,164.1,104.3,9,7,14.9
3,209.2,104.3,8,7,14.9
5,299,104.3,10,7,14.9
7,344.1,104.3,9,7,14.9
8,389,89.4,10,6,14.9
9,389.2,104.3,8,7,14.9
10,134.1,119.4,9,6,14.9
11,179,134.3,10,7,14.9
12,179.2,119.4,8,6,14.9
14,269,119.4,10,6,14.9
15,269.2,134.3,8,7,14.9
16,314.1,119.4,9,6,14.9
17,359,134.3,10,7,14.9
18,359.2,119.4,8,6,14.9
19,404.1,134.3,9,7,14.9
20,149,149.4,10,6,14.9
21,149.2,164.3,8,7,14.9
22,194.1,149.4,9,6,14.9
23,239,164.3,10,7,14.9
24,239.2,149.4,8,6,14.9
26,329,149.4,10,6,14.9
27,329.2,164.3,8,7,14.9
28,374.1,149.4,9,6,14.9
29,419,164.3,10,7,14.9
30,119.2,179.4,8,6,14.9
31,164.1,194.3,9,7,14.9
32,209,179.4,10,6,14.9
33,209.2,194.3,8,7,14.9
34,254.1,179.4,9,6,14.9
35,299,194.3,10,7,14.9
36,299.2,179.4,8,6,14.9
37,344.1,194.3,9,7,14.9
38,389,179.4,10,6,14.9
39,389.2,194.3,8,7,14.9
40,134.1,209.4,9,6,14.9
41,179,224.3,10,7,14.9
42,179.2,209.4,8,6,14.9
43,224.1,224.3,9,7,14.9
44,269,209.4,10,6,14.9
45,269.2,224.3,8,7,14.9
47,359,224.3,10,7,14.9
48,359.2,209.4,8,6,14.9
49,404.1,224.3,9,7,14.9
50,149,239.4,10,6,14.9
51,149.2,254.3,8,7,14.9
52,194.1,239.4,9,6,14.9
53,239,254.3,10,7,14.9
54,239.2,239.4,8,6,14.9
55,284.1,254.3,9,7,14.9
56,329,239.4,10,6,14.9
57,329.2,254.3,8,7,14.9
58,374.1,239.4,9,6,14.9
59,419,254.3,10,7,14.9
60,119.2,269.4,8,6,14.9
61,164.1,284.3,9,7,14.9
62,209,269.4,10,6,14.9
63,209.2,284.3,8,7,14.9
64,254.1,269.4,9,6,14.9
65,299,284.3,10,7,14.9
66,299.2,269.4,8,6,14.9
67,344.1,284.3,9,7,14.9
68,389,269.4,10,6,14.9
69,389.2,284.3,8,7,14.9
70,134.1,299.4,9,6,14.9
71,179,314.3,10,7,14.9
72,179.2,299.4,8,6,14.9
73,224.1,314.3,9,7,14.9
74,269,299.4,10,6,14.9
75,269.2,314.3,8,7,14.9
76,314.1,299.4,9,6,14.9
77,359,314.3,10,7,14.9
78,359.2,299.4,8,6,14.9
79,404.1,314.3,9,7,14.9
80,149,329.4,10,6,14.9
81,149.2,344.3,8,7,14.9
82,194.1,329.4,9,6,14.9
83,239,344.3,10,7,14.9
84,239.2,329.4,8,6,14.9
85,284.1,344.3,9,7,14.9
86,329,329.4,10,6,14.9
87,329.2,344.3,8,7,14.9
88,374.1,329.4,9,6,14.9
89,419,344.3,10,7,14.9
90,119.2,359.4,8,6,14.9
91,164.1,374.3,9,7,14.9
92,209,359.4,10,6,14.9
93,209.2,374.3,8,7,14.9
94,254.1,359.4,9,6,14.9
95,299,374.3,10,7,14.9
96,299.2,359.4,8,6,14.9
98,389,359.4,10,6,14.9
99,389.2,374.3,8,7,14.9
100,134.1,389.4,9,6,14.9
102,179.2,389.4,8,6,14.9
103,224.1,404.3,9,7,14.9
104,269,389.4,10,6,14.9
105,269.2,404.3,8,7,14.9
106,314.1,389.4,9,6,14.9
107,359,404.3,10,7,14.9
108,359.2,389.4,8,6,14.9
109,404.1,404.3,9,7,14.9
110,149,419.4,10,6,14.9
111,149.2,434.3,8,7,14.9
112,194.1,419.4,9,6,14.9
113,239,434.3,10,7,14.9
114,239.2,419.4,8,6,14.9
115,284.1,434.3,9,7,14.9
116,329,419.4,10,6,14.9
117,329.2,434.3,8,7,14.9
118,374.1,419.4,9,6,14.9
119,419,434.3,10,7,14.9
120,119.2,449.4,8,6,14.9
121,164.1,464.3,9,7,14.9
122,209,449.4,10,6,14.9
123,209.2,464.3,8,7,14.9
124,254.1,449.4,9,6,14.9
125,299,464.3,10,7,14.9
126,299.2,449.4,8,6,14.9
127,344.1,464.3,9,7,14.9
128,389,449.4,10,6,14.9
129,389.2,464.3,8,7,14.9
131,179,494.3,10,7,14.9
13,225,135,9,7,15
46,315,210,9,6,15
97,345,375,9,7,15
101,180,405,10,7,15
130,135,480,9,6,15
1,165,105,9,7,15
3,210,105,8,7,15
5,300,105,10,7,15
7,345,105,9,7,15
8,390,90,10,6,15
9,390,105,8,7,15
10,135,120,9,6,15
11,180,135,10,7,15
12,180,120,8,6,15
14,270,120,10,6,15
15,270,135,8,7,15
16,315,120,9,6,15
17,360,135,10,7,15
18,360,120,8,6,15
19,405,135,9,7,15
20,150,150,10,6,15
21,150,165,8,7,15
22,195,150,9,6,15
23,240,165,10,7,15
24,240,150,8,6,15
26,330,150,10,6,15
27,330,165,8,7,15
28,375,150,9,6,15
29,420,165,10,7,15
30,120,180,8,6,15
31,165,195,9,7,15
32,210,180,10,6,15
33,210,195,8,7,15
34,255,180,9,6,15
35,300,195,10,7,15
36,300,180,8,6,15
37,345,195,9,7,15
38,390,180,10,6,15
39,390,195,8,7,15
40,135,210,9,6,15
41,180,225,10,7,15
42,180,210,8,6,15
43,225,225,9,7,15
44,270,210,10,6,15
45,270,225,8,7,15
47,360,225,10,7,15
48,360,210,8,6,15
49,405,225,9,7,15
50,150,240,10,6,15
51,150,255,8,7,15
52,195,240,9,6,15
53,240,255,10,7,15
54,240,240,8,6,15
55,285,255,9,7,15
56,330,240,10,6,15
57,330,255,8,7,15
58,375,240,9,6,15
59,420,255,10,7,15
60,120,270,8,6,15
61,165,285,9,7,15
62,210,270,10,6,15
63,210,285,8,7,15
64,255,270,9,6,15
65,300,285,10,7,15
66,300,270,8,6,15
67,345,285,9,7,15
68,390,270,10,6,15
69,390,285,8,7,15
70,135,300,9,6,15
71,180,315,10,7,15
72,180,300,8,6,15
73,225,315,9,7,15
74,270,300,10,6,15
75,270,315,8,7,15
76,315,300,9,6,15
77,360,315,10,7,15
78,360,300,8,6,15
79,405,315,9,7,15
80,150,330,10,6,15
81,150,345,8,7,15
82,195,330,9,6,15
83,240,345,10,7,15
84,240,330,8,6,15
85,285,345,9,7,15
86,330,330,10,6,15
87,330,345,8,7,15
88,375,330,9,6,15
89,420,345,10,7,15
90,120,360,8,6,15
91,165,375,9,7,15
92,210,360,10,6,15
93,210,375,8,7,15
94,255,360,9,6,15
95,300,375,10,7,15
96,300,360,8,6,15
98,390,360,10,6,15
99,390,375,8,7,15
100,135,390,9,6,15
102,180,390,8,6,15
103,225,405,9,7,15
104,270,390,10,6,15
105,270,405,8,7,15
106,315,390,9,6,15
107,360,405,10,7,15
108,360,390,8,6,15
109,405,405,9,7,15
110,150,420,10,6,15
111,150,435,8,7,15
112,195,420,9,6,15
113,240,435,10,7,15
114,240,420,8,6,15
115,285,435,9,7,15
116,330,420,10,6,15
117,330,435,8,7,15
118,375,420,9,6,15
119,420,435,10,7,15
120,120,450,8,6,15
121,165,465,9,7,15
122,210,450,10,6,15
123,210,465,8,7,15
124,255,450,9,6,15
125,300,465,10,7,15
126,300,450,8,6,15
127,345,465,9,7,15
128,390,450,10,6,15
129,390,465,8,7,15
131,180,495,10,7,15
13,225.9,135.7,9,7,15.1
46,315.9,210.6,9,6,15.1
97,345.9,375.7,9,7,15.1
101,181,405.7,10,7,15.1
130,135.9,480.6,9,6,15.1
1,165.9,105.7,9,7,15.1
3,210.8,105.7,8,7,15.1
5,301,105.7,10,7,15.1
7,345.9,105.7,9,7,15.1
8,391,90.6,10,6,15.1
9,390.8,105.7,8,7,15.1
10,135.9,120.6,9,6,15.1
11,181,135.7,10,7,15.1
12,180.8,120.6,8,6,15.1
14,271,120.6,10,6,15.1
15,270.8,135.7,8,7,15.1
16,315.9,120.6,9,6,15.1
17,361,135.7,10,7,15.1
18,360.8,120.6,8,6,15.1
19,405.9,135.7,9,7,15.1
20,151,150.6,10,6,15.1
21,150.8,165.7,8,7,15.1
22,195.9,150.6,9,6,15.1
23,241,165.7,10,7,15.1
24,240.8,150.6,8,6,15.1
26,331,150.6,10,6,15.1
27,330.8,165.7,8,7,15.1
28,375.9,150.6,9,6,15.1
29,421,165.7,10,7,15.1
30,120.8,180.6,8,6,15.1
31,165.9,195.7,9,7,15.1
32,211,180.6,10,6,15.1
33,210.8,195.7,8,7,15.1
34,255.9,180.6,9,6,15.1
35,301,195.7,10,7,15.1
36,300.8,180.6,8,6,15.1
37,345.9,195.7,9,7,15.1
38,391,180.6,10,6,15.1
39,390.8,195.7,8,7,15.1
40,135.9,210.6,9,6,15.1
41,181,225.7,10,7,15.1
42,180.8,210.6,8,6,15.1
43,225.9,225.7,9,7,15.1
44,271,210.6,10,6,15.1
45,270.8,225.7,8,7,15.1
47,361,225.7,10,7,15.1
48,360.8,210.6,8,6,15.1
49,405.9,225.7,9,7,15.1
50,151,240.6,10,6,15.1
51,150.8,255.7,8,7,15.1
52,195.9,240.6,9,6,15.1
53,241,255.7,10,7,15.1
54,240.8,240.6,8,6,15.1
55,285.9,255.7,9,7,15.1
56,331,240.6,10,6,15.1
57,330.8,255.7,8,7,15.1
58,375.9,240.6,9,6,15.1
59,421,255.7,10,7,15.1
60,120.8,270.6,8,6,15.1
61,165.9,285.7,9,7,15.1
62,211,270.6,10,6,15.1
63,210.8,285.7,8,7,15.1
64,255.9,270.6,9,6,15.1
65,301,285.7,10,7,15.1
66,300.8,270.6,8,6,15.1
67,345.9,285.7,9,7,15.1
68,391,270.6,10,6,15.1
69,390.8,285.7,8,7,15.1
70,135.9,300.6,9,6,15.1
71,181,315.7,10,7,15.1
72,180.8,300.6,8,6,15.1
73,225.9,315.7,9,7,15.1
74,271,300.6,10,6,15.1
75,270.8,315.7,8,7,15.1
76,315.9,300.6,9,6,15.1
77,361,315.7,10,7,15.1
78,360.8,300.6,8,6,15.1
79,405.9,315.7,9,7,15.1
80,151,330.6,10,6,15.1
81,150.8,345.7,8,7,15.1
82,195.9,330.6,9,6,15.1
83,241,345.7,10,7,15.1
84,240.8,330.6,8,6,15.1
85,285.9,345.7,9,7,15.1
86,331,330.6,10,6,15.1
87,330.8,345.7,8,7,15.1
88,375.9,330.6,9,6,15.1
89,421,345.7,10,7,15.1
90,120.8,360.6,8,6,15.1
91,165.9,375.7,9,7,15.1
92,211,360.6,10,6,15.1
93,210.8,375.7,8,7,15.1
94,255.9,360.6,9,6,15.1
95,301,375.7,10,7,15.1
96,300.8,360.6,8,6,15.1
98,391,360.6,10,6,15.1
99,390.8,375.7,8,7,15.1
100,135.9,390.6,9,6,15.1
102,180.8,390.6,8,6,15.1
103,225.9,405.7,9,7,15.1
104,271,390.6,10,6,15.1
105,270.8,405.7,8,7,15.1
106,315.9,390.6,9,6,15.1
107,361,405.7,10,7,15.1
108,360.8,390.6,8,6,15.1
109,405.9,405.7,9,7,15.1
110,151,420.6,10,6,15.1
111,150.8,435.7,8,7,15.1
112,195.9,420.6,9,6,15.1
113,241,435.7,10,7,15.1
114,240.8,420.6,8,6,15.1
115,285.9,435.7,9,7,15.1
116,331,420.6,10,6,15.1
117,330.8,435.7,8,7,15.1
118,375.9,420.6,9,6,15.1
119,421,435.7,10,7,15.1
120,120.8,450.6,8,6,15.1
121,165.9,465.7,9,7,15.1
122,211,450.6,10,6,15.1
123,210.8,465.7,8,7,15.1
124,255.9,450.6,9,6,15.1
125,301,465.7,10,7,15.1
126,300.8,450.6,8,6,15.1
127,345.9,465.7,9,7,15.1
128,391,450.6,10,6,15.1
129,390.8,465.7,8,7,15.1
131,181,495.7,10,7,15.1
13,226.8,136.4,9,7,15.2
46,316.8,211.2,9,6,15.2
97,346.8,376.4,9,7,15.2
101,182,406.4,10,7,15.2
130,136.8,481.2,9,6,15.2
1,166.8,106.4,9,7,15.2
3,211.6,106.4,8,7,15.2
5,302,106.4,10,7,15.2
7,346.8,106.4,9,7,15.2
8,392,91.2,10,6,15.2
9,391.6,106.4,8,7,15.2
10,136.8,121.2,9,6,15.2
11,182,136.4,10,7,15.2
12,181.6,121.2,8,6,15.2
14,272,121.2,10,6,15.2
15,271.6,136.4,8,7,15.2
16,316.8,121.2,9,6,15.2
17,362,136.4,10,7,15.2
18,361.6,121.2,8,6,15.2
19,406.8,136.4,9,7,15.2
20,152,151.2,10,6,15.2
21,151.6,166.4,8,7,15.2
22,196.8,151.2,9,6,15.2
23,242,166.4,10,7,15.2
24,241.6,151.2,8,6,15.2
26,332,151.2,10,6,15.2
27,331.6,166.4,8,7,15.2
28,376.8,151.2,9,6,15.2
29,422,166.4,10,7,15.2
30,121.6,181.2,8,6,15.2
31,166.8,196.4,9,7,15.2
32,212,181.2,10,6,15.2
33,211.6,196.4,8,7,15.2
34,256.8,181.2,9,6,15.2
35,302,196.4,10,7,15.2
36,301.6,181.2,8,6,15.2
37,346.8,196.4,9,7,15.2
38,392,181.2,10,6,15.2
39,391.6,196.4,8,7,15.2
40,136.8,211.2,9,6,15.2
41,182,226.4,10,7,15.2
42,181.6,211.2,8,6,15.2
43,226.8,226.4,9,7,15.2
44,272,211.2,10,6,15.2
45,271.6,226.4,8,7,15.2
47,362,226.4,10,7,15.2
48,361.6,211.2,8,6,15.2
49,406.8,226.4,9,7,15.2
50,152,241.2,10,6,15.2
51,151.6,256.4,8,7,15.2
52,196.8,241.2,9,6,15.2
53,242,256.4,10,7,15.2
54,241.6,241.2,8,6,15.2
55,286.8,256.4,9,7,15.2
56,332,241.2,10,6,15.2
57,331.6,256.4,8,7,15.2
58,376.8,241.2,9,6,15.2
59,422,256.4,10,7,15.2
60,121.6,271.2,8,6,15.2
61,166.8,286.4,9,7,15.2
62,212,271.2,10,6,15.2
63,211.6,286.4,8,7,15.2
64,256.8,271.2,9,6,15.2
65,302,286.4,10,7,15.2
66,301.6,271.2,8,6,15.2
67,346.8,286.4,9,7,15.2
68,392,271.2,10,6,15.2
69,391.6,286.4,8,7,15.2
70,136.8,301.2,9,6,15.2
71,182,316.4,10,7,15.2
72,181.6,301.2,8,6,15.2
73,226.8,316.4,9,7,15.2
74,272,301.2,10,6,15.2
75,271.6,316.4,8,7,15.2
76,316.8,301.2,9,6,15.2
77,362,316.4,10,7,15.2
78,361.6,301.2,8,6,15.2
79,406.8,316.4,9,7,15.2
80,152,331.2,10,6,15.2
81,151.6,346.4,8,7,15.2
82,196.8,331.2,9,6,15.2
83,242,346.4,10,7,15.2
84,241.6,331.2,8,6,15.2
85,286.8,346.4,9,7,15.2
86,332,331.2,10,6,15.2
87,331.6,346.4,8,7,15.2
88,376.8,331.2,9,6,15.2
89,422,346.4,10,7,15.2
90,121.6,361.2,8,6,15.2
91,166.8,376.4,9,7,15.2
92,212,361.2,10,6,15.2
93,211.6,376.4,8,7,15.2
94,256.8,361.2,9,6,15.2
95,302,376.4,10,7,15.2
96,301.6,361.2,8,6,15.2
98,392,361.2,10,6,15.2
99,391.6,376.4,8,7,15.2
100,136.8,391.2,9,6,15.2
102,181.6,391.2,8,6,15.2
103,226.8,406.4,9,7,15.2
104,272,391.2,10,6,15.2
105,271.6,406.4,8,7,15.2
106,316.8,391.2,9,6,15.2
107,362,406.4,10,7,15.2
108,361.6,391.2,8,6,15.2
109,406.8,406.4,9,7,15.2
110,152,421.2,10,6,15.2
111,151.6,436.4,8,7,15.2
112,196.8,421.2,9,6,15.2
113,242,436.4,10,7,15.2
114,241.6,421.2,8,6,15.2
115,286.8,436.4,9,7,15.2
116,332,421.2,10,6,15.2
117,331.6,436.4,8,7,15.2
118,376.8,421.2,9,6,15.2
119,422,436.4,10,7,15.2
120,121.6,451.2,8,6,15.2
121,166.8,466.4,9,7,15.2
122,212,451.2,10,6,15.2
123,211.6,466.4,8,7,15.2
124,256.8,451.2,9,6,15.2
125,302,466.4,10,7,15.2
126,301.6,451.2,8,6,15.2
127,346.8,466.4,9,7,15.2
128,392,451.2,10,6,15.2
129,391.6,466.4,8,7,15.2
131,182,496.4,10,7,15.2
13,227.7,137.1,9,7,15.3
46,317.7,211.8,9,6,15.3
97,347.7,377.1,9,7,15.3
101,183,407.1,10,7,15.3
130,137.7,481.8,9,6,15.3
1,167.7,107.1,9,7,15.3
3,212.4,107.1,8,7,15.3
5,303,107.1,10,7,15.3
7,347.7,107.1,9,7,15.3
8,393,91.8,10,6,15.3
9,392.4,107.1,8,7,15.3
10,137.7,121.8,9,6,15.3
11,183,137.1,10,7,15.3
12,182.4,121.8,8,6,15.3
14,273,121.8,10,6,15.3
15,272.4,137.1,8,7,15.3
16,317.7,121.8,9,6,15.3
17,363,137.1,10,7,15.3
18,362.4,121.8,8,6,15.3
19,407.7,137.1,9,7,15.3
20,153,151.8,10,6,15.3
21,152.4,167.1,8,7,15.3
22,197.7,151.8,9,6,15.3
23,243,167.1,10,7,15.3
24,242.4,151.8,8,6,15.3
26,333,151.8,10,6,15.3
27,332.4,167.1,8,7,15.3
28,377.7,151.8,9,6,15.3
29,423,167.1,10,7,15.3
30,122.4,181.8,8,6,15.3
31,167.7,197.1,9,7,15.3
32,213,181.8,10,6,15.3
33,212.4,197.1,8,7,15.3
34,257.7,181.8,9,6,15.3
35,303,197.1,10,7,15.3
36,302.4,181.8,8,6,15.3
37,347.7,197.1,9,7,15.3
38,393,181.8,10,6,15.3
39,392.4,197.1,8,7,15.3
40,137.7,211.8,9,6,15.3
41,183,227.1,10,7,15.3
42,182.4,211.8,8,6,15.3
43,227.7,227.1,9,7,15.3
44,273,211.8,10,6,15.3
45,272.4,227.1,8,7,15.3
47,363,227.1,10,7,15.3
48,362.4,211.8,8,6,15.3
49,407.7,227.1,9,7,15.3
50,153,241.8,10,6,15.3
51,152.4,257.1,8,7,15.3
52,197.7,241.8,9,6,15.3
53,243,257.1,10,7,15.3
54,242.4,241.8,8,6,15.3
55,287.7,257.1,9,7,15.3
56,333,241.8,10,6,15.3
57,332.4,257.1,8,7,15.3
58,377.7,241.8,9,6,15.3
59,423,257.1,10,7,15.3
60,122.4,271.8,8,6,15.3
61,167.7,287.1,9,7,15.3
62,213,271.8,10,6,15.3
63,212.4,287.1,8,7,15.3
64,257.7,271.8,9,6,15.3
65,303,287.1,10,7,15.3
66,302.4,271.8,8,6,15.3
67,347.7,287.1,9,7,15.3
68,393,271.8,10,6,15.3
69,392.4,287.1,8,7,15.3
70,137.7,301.8,9,6,15.3
71,183,317.1,10,7,15.3
72,182.4,301.8,8,6,15.3
73,227.7,317.1,9,7,15.3
74,273,301.8,10,6,15.3
75,272.4,317.1,8,7,15.3
76,317.7,301.8,9,6,15.3
77,363,317.1,10,7,15.3
78,362.4,301.8,8,6,15.3
79,407.7,317.1,9,7,15.3
80,153,331.8,10,6,15.3
81,152.4,347.1,8,7,15.3
82,197.7,331.8,9,6,15.3
83,243,347.1,10,7,15.3
84,242.4,331.8,8,6,15.3
85,287.7,347.1,9,7,15.3
86,333,331.8,10,6,15.3
87,332.4,347.1,8,7,15.3
88,377.7,331.8,9,6,15.3
89,423,347.1,10,7,15.3
90,122.4,361.8,8,6,15.3
91,167.7,377.1,9,7,15.3
92,213,361.8,10,6,15.3
93,212.4,377.1,8,7,15.3
94,257.7,361.8,9,6,15.3
95,303,377.1,10,7,15.3
96,302.4,361.8,8,6,15.3
98,393,361.8,10,6,15.3
99,392.4,377.1,8,7,15.3
100,137.7,391.8,9,6,15.3
102,182.4,391.8,8,6,15.3
103,227.7,407.1,9,7,15.3
104,273,391.8,10,6,15.3
105,272.4,407.1,8,7,15.3
106,317.7,391.8,9,6,15.3
107,363,407.1,10,7,15.3
108,362.4,391.8,8,6,15.3
109,407.7,407.1,9,7,15.3
110,153,421.8,10,6,15.3
111,152.4,437.1,8,7,15.3
112,197.7,421.8,9,6,15.3
113,243,437.1,10,7,15.3
114,242.4,421.8,8,6,15.3
115,287.7,437.1,9,7,15.3
116,333,421.8,10,6,15.3
117,332.4,437.1,8,7,15.3
118,377.7,421.8,9,6,15.3
119,423,437.1,10,7,15.3
120,122.4,451.8,8,6,15.3
121,167.7,467.1,9,7,15.3
122,213,451.8,10,6,15.3
123,212.4,467.1,8,7,15.3
124,257.7,451.8,9,6,15.3
125,303,467.1,10,7,15.3
126,302.4,451.8,8,6,15.3
127,347.7,467.1,9,7,15.3
128,393,451.8,10,6,15.3
129,392.4,467.1,8,7,15.3
131,183,497.1,10,7,15.3
13,228.6,137.8,9,7,15.4
46,318.6,212.4,9,6,15.4
97,348.6,377.8,9,7,15.4
101,184,407.8,10,7,15.4
130,138.6,482.4,9,6,15.4
1,168.6,107.8,9,7,15.4
3,213.2,107.8,8,7,15.4
5,304,107.8,10,7,15.4
7,348.6,107.8,9,7,15.4
8,394,92.4,10,6,15.4
9,393.2,107.8,8,7,15.4
10,138.6,122.4,9,6,15.4
11,184,137.8,10,7,15.4
12,183.2,122.4,8,6,15.4
14,274,122.4,10,6,15.4
15,273.2,137.8,8,7,15.4
16,318.6,122.4,9,6,15.4
17,364,137.8,10,7,15.4
18,363.2,122.4,8,6,15.4
19,408.6,137.8,9,7,15.4
20,154,152.4,10,6,15.4
21,153.2,167.8,8,7,15.4
22,198.6,152.4,9,6,15.4
23,244,167.8,10,7,15.4
24,243.2,152.4,8,6,15.4
26,334,152.4,10,6,15.4
27,333.2,167.8,8,7,15.4
28,378.6,152.4,9,6,15.4
29,424,167.8,10,7,15.4
30,123.2,182.4,8,6,15.4
31,168.6,197.8,9,7,15.4
32,214,182.4,10,6,15.4
33,213.2,197.8,8,7,15.4
34,258.6,182.4,9,6,15.4
35,304,197.8,10,7,15.4
36,303.2,182.4,8,6,15.4
37,348.6,197.8,9,7,15.4
38,394,182.4,10,6,15.4
39,393.2,197.8,8,7,15.4
40,138.6,212.4,9,6,15.4
41,184,227.8,10,7,15.4
42,183.2,212.4,8,6,15.4
43,228.6,227.8,9,7,15.4
44,274,212.4,10,6,15.4
45,273.2,227.8,8,7,15.4
47,364,227.8,10,7,15.4
48,363.2,212.4,8,6,15.4
49,408.6,227.8,9,7,15.4
50,154,242.4,10,6,15.4
51,153.2,257.8,8,7,15.4
52,198.6,242.4,9,6,15.4
53,244,257.8,10,7,15.4
54,243.2,242.4,8,6,15.4
55,288.6,257.8,9,7,15.4
56,334,242.4,10,6,15.4
57,333.2,257.8,8,7,15.4
58,378.6,242.4,9,6,15.4
59,424,257.8,10,7,15.4
60,123.2,272.4,8,6,15.4
61,168.6,287.8,9,7,15.4
62,214,272.4,10,6,15.4
63,213.2,287.8,8,7,15.4
64,258.6,272.4,9,6,15.4
65,304,287.8,10,7,15.4
66,303.2,272.4,8,6,15.4
67,348.6,287.8,9,7,15.4
68,394,272.4,10,6,15.4
69,393.2,287.8,8,7,15.4
70,138.6,302.4,9,6,15.4
71,184,317.8,10,7,15.4
72,183.2,302.4,8,6,15.4
73,228.6,317.8,9,7,15.4
74,274,302.4,10,6,15.4
75,273.2,317.8,8,7,15.4
76,318.6,302.4,9,6,15.4
77,364,317.8,10,7,15.4
78,363.2,302.4,8,6,15.4
79,408.6,317.8,9,7,15.4
80,154,332.4,10,6,15.4
81,153.2,347.8,8,7,15.4
82,198.6,332.4,9,6,15.4
83,244,347.8,10,7,15.4
84,243.2,332.4,8,6,15.4
85,288.6,347.8,9,7,15.4
86,334,332.4,10,6,15.4
87,333.2,347.8,8,7,15.4
88,378.6,332.4,9,6,15.4
89,424,347.8,10,7,15.4
90,123.2,362.4,8,6,15.4
91,168.6,377.8,9,7,15.4
92,214,362.4,10,6,15.4
93,213.2,377.8,8,7,15.4
94,258.6,362.4,9,6,15.4
95,304,377.8,10,7,15.4
96,303.2,362.4,8,6,15.4
98,394,362.4,10,6,15.4
99,393.2,377.8,8,7,15.4
100,138.6,392.4,9,6,15.4
102,183.2,392.4,8,6,15.4
103,228.6,407.8,9,7,15.4
104,274,392.4,10,6,15.4
105,273.2,407.8,8,7,15.4
106,318.6,392.4,9,6,15.4
107,364,407.8,10,7,15.4
108,363.2,392.4,8,6,15.4
109,408.6,407.8,9,7,15.4
110,154,422.4,10,6,15.4
111,153.2,437.8,8,7,15.4
112,198.6,422.4,9,6,15.4
113,244,437.8,10,7,15.4
114,243.2,422.4,8,6,15.4
115,288.6,437.8,9,7,15.4
116,334,422.4,10,6,15.4
117,333.2,437.8,8,7,15.4
118,378.6,422.4,9,6,15.4
119,424,437.8,10,7,15.4
120,123.2,452.4,8,6,15.4
121,168.6,467.8,9,7,15.4
122,214,452.4,10,6,15.4
123,213.2,467.8,8,7,15.4
124,258.6,452.4,9,6,15.4
125,304,467.8,10,7,15.4
126,303.2,452.4,8,6,15.4
127,348.6,467.8,9,7,15.4
128,394,452.4,10,6,15.4
129,393.2,467.8,8,7,15.4
131,184,497.8,10,7,15.4
13,229.5,138.5,9,7,15.5
46,319.5,213,9,6,15.5
97,349.5,378.5,9,7,15.5
101,185,408.5,10,7,15.5
130,139.5,483,9,6,15.5
1,169.5,108.5,9,7,15.5
3,214,108.5,8,7,15.5
5,305,108.5,10,7,15.5
7,349.5,108.5,9,7,15.5
8,395,93,10,6,15.5
9,394,108.5,8,7,15.5
10,139.5,123,9,6,15.5
11,185,138.5,10,7,15.5
12,184,123,8,6,15.5
14,275,123,10,6,15.5
15,274,138.5,8,7,15.5
16,319.5,123,9,6,15.5
17,365,138.5,10,7,15.5
18,364,123,8,6,15.5
19,409.5,138.5,9,7,15.5
20,155,153,10,6,15.5
21,154,168.5,8,7,15.5
22,199.5,153,9,6,15.5
23,245,168.5,10,7,15.5
24,244,153,8,6,15.5
26,335,153,10,6,15.5
27,334,168.5,8,7,15.5
28,379.5,153,9,6,15.5
29,425,168.5,10,7,15.5
30,124,183,8,6,15.5
31,169.5,198.5,9,7,15.5
32,215,183,10,6,15.5
33,214,198.5,8,7,15.5
34,259.5,183,9,6,15.5
35,305,198.5,10,7,15.5
36,304,183,8,6,15.5
37,349.5,198.5,9,7,15.5
38,395,183,10,6,15.5
39,394,198.5,8,7,15.5
40,139.5,213,9,6,15.5
41,185,228.5,10,7,15.5
42,184,213,8,6,15.5
43,229.5,228.5,9,7,15.5
44,275,213,10,6,15.5
45,274,228.5,8,7,15.5
47,365,228.5,10,7,15.5
48,364,213,8,6,15.5
49,409.5,228.5,9,7,15.5
50,155,243,10,6,15.5
51,154,258.5,8,7,15.5
52,199.5,243,9,6,15.5
53,245,258.5,10,7,15.5
54,244,243,8,6,15.5
55,289.5,258.5,9,7,15.5
56,335,243,10,6,15.5
57,334,258.5,8,7,15.5
58,379.5,243,9,6,15.5
59,425,258.5,10,7,15.5
60,124,273,8,6,15.5
61,169.5,288.5,9,7,15.5
62,215,273,10,6,15.5
63,214,288.5,8,7,15.5
64,259.5,273,9,6,15.5
65,305,288.5,10,7,15.5
66,304,273,8,6,15.5
67,349.5,288.5,9,7,15.5
68,395,273,10,6,15.5
69,394,288.5,8,7,15.5
70,139.5,303,9,6,15.5
71,185,318.5,10,7,15.5
72,184,303,8,6,15.5
73,229.5,318.5,9,7,15.5
74,275,303,10,6,15.5
75,274,318.5,8,7,15.5
76,319.5,303,9,6,15.5
77,365,318.5,10,7,15.5
78,364,303,8,6,15.5
79,409.5,318.5,9,7,15.5
80,155,333,10,6,15.5
81,154,348.5,8,7,15.5
82,199.5,333,9,6,15.5
83,245,348.5,10,7,15.5
84,244,333,8,6,15.5
85,289.5,348.5,9,7,15.5
86,335,333,10,6,15.5
87,334,348.5,8,7,15.5
88,379.5,333,9,6,15.5
89,425,348.5,10,7,15.5
90,124,363,8,6,15.5
91,169.5,378.5,9,7,15.5
92,215,363,10,6,15.5
93,214,378.5,8,7,15.5
94,259.5,363,9,6,15.5
95,305,378.5,10,7,15.5
96,304,363,8,6,15.5
98,395,363,10,6,15.5
99,394,378.5,8,7,15.5
100,139.5,393,9,6,15.5
102,184,393,8,6,15.5
103,229.5,408.5,9,7,15.5
104,275,393,10,6,15.5
105,274,408.5,8,7,15.5
106,319.5,393,9,6,15.5
107,365,408.5,10,7,15.5
108,364,393,8,6,15.5
109,409.5,408.5,9,7,15.5
110,155,423,10,6,15.5
111,154,438.5,8,7,15.5
112,199.5,423,9,6,15.5
113,245,438.5,10,7,15.5
114,244,423,8,6,15.5
115,289.5,438.5,9,7,15.5
116,335,423,10,6,15.5
117,334,438.5,8,7,15.5
118,379.5,423,9,6,15.5
119,425,438.5,10,7,15.5
120,124,453,8,6,15.5
121,169.5,468.5,9,7,15.5
122,215,453,10,6,15.5
123,214,468.5,8,7,15.5
124,259.5,453,9,6,15.5
125,305,468.5,10,7,15.5
126,304,453,8,6,15.5
127,349.5,468.5,9,7,15.5
128,395,453,10,6,15.5
129,394,468.5,8,7,15.5
131,185,498.5,10,7,15.5
13,230.4,139.2,9,7,15.6
46,320.4,213.6,9,6,15.6
97,350.4,379.2,9,7,15.6
101,186,409.2,10,7,15.6
130,140.4,483.6,9,6,15.6
1,170.4,109.2,9,7,15.6
3,214.8,109.2,8,7,15.6
5,306,109.2,10,7,15.6
7,350.4,109.2,9,7,15.6
8,396,93.6,10,6,15.6
9,394.8,109.2,8,7,15.6
10,140.4,123.6,9,6,15.6
11,186,139.2,10,7,15.6
12,184.8,123.6,8,6,15.6
14,276,123.6,10,6,15.6
15,274.8,139.2,8,7,15.6
16,320.4,123.6,9,6,15.6
17,366,139.2,10,7,15.6
18,364.8,123.6,8,6,15.6
19,410.4,139.2,9,7,15.6
20,156,153.6,10,6,15.6
21,154.8,169.2,8,7,15.6
22,200.4,153.6,9,6,15.6
23,246,169.2,10,7,15.6
24,244.8,153.6,8,6,15.6
26,336,153.6,10,6,15.6
27,334.8,169.2,8,7,15.6
28,380.4,153.6,9,6,15.6
29,426,169.2,10,7,15.6
30,124.8,183.6,8,6,15.6
31,170.4,199.2,9,7,15.6
32,216,183.6,10,6,15.6
33,214.8,199.2,8,7,15.6
34,260.4,183.6,9,6,15.6
35,306,199.2,10,7,15.6
36,304.8,183.6,8,6,15.6
37,350.4,199.2,9,7,15.6
38,396,183.6,10,6,15.6
39,394.8,199.2,8,7,15.6
40,140.4,213.6,9,6,15.6
41,186,229.2,10,7,15.6
42,184.8,213.6,8,6,15.6
43,230.4,229.2,9,7,15.6
44,276,213.6,10,6,15.6
45,274.8,229.2,8,7,15.6
47,366,229.2,10,7,15.6
48,364.8,213.6,8,6,15.6
49,410.4,229.2,9,7,15.6
50,156,243.6,10,6,15.6
51,154.8,259.2,8,7,15.6
52,200.4,243.6,9,6,15.6
53,246,259.2,10,7,15.6
54,244.8,243.6,8,6,15.6
55,290.4,259.2,9,7,15.6
56,336,243.6,10,6,15.6
57,334.8,259.2,8,7,15.6
58,380.4,243.6,9,6,15.6
59,426,259.2,10,7,15.6
60,124.8,273.6,8,6,15.6
61,170.4,289.2,9,7,15.6
62,216,273.6,10,6,15.6
63,214.8,289.2,8,7,15.6
64,260.4,273.6,9,6,15.6
65,306,289.2,10,7,15.6
66,304.8,273.6,8,6,15.6
67,350.4,289.2,9,7,15.6
68,396,273.6,10,6,15.6
69,394.8,289.2,8,7,15.6
70,140.4,303.6,9,6,15.6
71,186,319.2,10,7,15.6
72,184.8,303.6,8,6,15.6
73,230.4,319.2,9,7,15.6
74,276,303.6,10,6,15.6
75,274.8,319.2,8,7,15.6
76,320.4,303.6,9,6,15.6
77,366,319.2,10,7,15.6
78,364.8,303.6,8,6,15.6
79,410.4,319.2,9,7,15.6
80,156,333.6,10,6,15.6
81,154.8,349.2,8,7,15.6
82,200.4,333.6,9,6,15.6
83,246,349.2,10,7,15.6
84,244.8,333.6,8,6,15.6
85,290.4,349.2,9,7,15.6
86,336,333.6,10,6,15.6
87,334.8,349.2,8,7,15.6
88,380.4,333.6,9,6,15.6
89,426,349.2,10,7,15.6
90,124.8,363.6,8,6,15.6
91,170.4,379.2,9,7,15.6
92,216,363.6,10,6,15.6
93,214.8,379.2,8,7,15.6
94,260.4,363.6,9,6,15.6
95,306,379.2,10,7,15.6
96,304.8,363.6,8,6,15.6
98,396,363.6,10,6,15.6
99,394.8,379.2,8,7,15.6
100,140.4,393.6,9,6,15.6
102,184.8,393.6,8,6,15.6
103,230.4,409.2,9,7,15.6
104,276,393.6,10,6,15.6
105,274.8,409.2,8,7,15.6
106,320.4,393.6,9,6,15.6
107,366,409.2,10,7,15.6
108,364.8,393.6,8,6,15.6
109,410.4,409.2,9,7,15.6
110,156,423.6,10,6,15.6
111,154.8,439.2,8,7,15.6
112,200.4,423.6,9,6,15.6
113,246,439.2,10,7,15.6
114,244.8,423.6,8,6,15.6
115,290.4,439.2,9,7,15.6
116,336,423.6,10,6,15.6
117,334.8,439.2,8,7,15.6
118,380.4,423.6,9,6,15.6
119,426,439.2,10,7,15.6
120,124.8,453.6,8,6,15.6
121,170.4,469.2,9,7,15.6
122,216,453.6,10,6,15.6
123,214.8,469.2,8,7,15.6
124,260.4,453.6,9,6,15.6
125,306,469.2,10,7,15.6
126,304.8,453.6,8,6,15.6
127,350.4,469.2,9,7,15.6
128,396,453.6,10,6,15.6
129,394.8,469.2,8,7,15.6
131,186,499.2,10,7,15.6
13,231.3,139.9,9,7,15.7
46,321.3,214.2,9,6,15.7
97,351.3,379.9,9,7,15.7
101,187,409.9,10,7,15.7
130,141.3,484.2,9,6,15.7
1,171.3,109.9,9,7,15.7
3,215.6,109.9,8,7,15.7
5,307,109.9,10,7,15.7
7,351.3,109.9,9,7,15.7
8,397,94.2,10,6,15.7
9,395.6,109.9,8,7,15.7
10,141.3,124.2,9,6,15.7
11,187,139.9,10,7,15.7
12,185.6,124.2,8,6,15.7
14,277,124.2,10,6,15.7
15,275.6,139.9,8,7,15.7
16,321.3,124.2,9,6,15.7
17,367,139.9,10,7,15.7
18,365.6,124.2,8,6,15.7
19,411.3,139.9,9,7,15.7
20,157,154.2,10,6,15.7
21,155.6,169.9,8,7,15.7
22,201.3,154.2,9,6,15.7
23,247,169.9,10,7,15.7
24,245.6,154.2,8,6,15.7
26,337,154.2,10,6,15.7
27,335.6,169.9,8,7,15.7
28,381.3,154.2,9,6,15.7
29,427,169.9,10,7,15.7
30,125.6,184.2,8,6,15.7
31,171.3,199.9,9,7,15.7
32,217,184.2,10,6,15.7
33,215.6,199.9,8,7,15.7
34,261.3,184.2,9,6,15.7
35,307,199.9,10,7,15.7
36,305.6,184.2,8,6,15.7
37,351.3,199.9,9,7,15.7
38,397,184.2,10,6,15.7
39,395.6,199.9,8,7,15.7
40,141.3,214.2,9,6,15.7
41,187,229.9,10,7,15.7
42,185.6,214.2,8,6,15.7
43,231.3,229.9,9,7,15.7
44,277,214.2,10,6,15.7
45,275.6,229.9,8,7,15.7
47,367,229.9,10,7,15.7
48,365.6,214.2,8,6,15.7
49,411.3,229.9,9,7,15.7
50,157,244.2,10,6,15.7
51,155.6,259.9,8,7,15.7
52,201.3,244.2,9,6,15.7
53,247,259.9,10,7,15.7
54,245.6,244.2,8,6,15.7
55,291.3,259.9,9,7,15.7
56,337,244.2,10,6,15.7
57,335.6,259.9,8,7,15.7
58,381.3,244.2,9,6,15.7
59,427,259.9,10,7,15.7
60,125.6,274.2,8,6,15.7
61,171.3,289.9,9,7,15.7
62,217,274.2,10,6,15.7
63,215.6,289.9,8,7,15.7
64,261.3,274.2,9,6,15.7
65,307,289.9,10,7,15.7
66,305.6,274.2,8,6,15.7
67,351.3,289.9,9,7,15.7
68,397,274.2,10,6,15.7
69,395.6,289.9,8,7,15.7
70,141.3,304.2,9,6,15.7
71,187,319.9,10,7,15.7
72,185.6,304.2,8,6,15.7
73,231.3,319.9,9,7,15.7
74,277,304.2,10,6,15.7
75,275.6,319.9,8,7,15.7
76,321.3,304.2,9,6,15.7
77,367,319.9,10,7,15.7
78,365.6,304.2,8,6,15.7
79,411.3,319.9,9,7,15.7
80,157,334.2,10,6,15.7
81,155.6,349.9,8,7,15.7
82,201.3,334.2,9,6,15.7
83,247,349.9,10,7,15.7
84,245.6,334.2,8,6,15.7
85,291.3,349.9,9,7,15.7
86,337,334.2,10,6,15.7
87,335.6,349.9,8,7,15.7
88,381.3,334.2,9,6,15.7
89,427,349.9,10,7,15.7
90,125.6,364.2,8,6,15.7
91,171.3,379.9,9,7,15.7
92,217,364.2,10,6,15.7
93,215.6,379.9,8,7,15.7
94,261.3,364.2,9,6,15.7
95,307,379.9,10,7,15.7
96,305.6,364.2,8,6,15.7
98,397,364.2,10,6,15.7
99,395.6,379.9,8,7,15.7
100,141.3,394.2,9,6,15.7
102,185.6,394.2,8,6,15.7
103,231.3,409.9,9,7,15.7
104,277,394.2,10,6,15.7
105,275.6,409.9,8,7,15.7
106,321.3,394.2,9,6,15.7
107,367,409.9,10,7,15.7
108,365.6,394.2,8,6,15.7
109,411.3,409.9,9,7,15.7
110,157,424.2,10,6,15.7
111,155.6,439.9,8,7,15.7
112,201.3,424.2,9,6,15.7
113,247,439.9,10,7,15.7
114,245.6,424.2,8,6,15.7
115,291.3,439.9,9,7,15.7
116,337,424.2,10,6,15.7
117,335.6,439.9,8,7,15.7
118,381.3,424.2,9,6,15.7
119,427,439.9,10,7,15.7
120,125.6,454.2,8,6,15.7
121,171.3,469.9,9,7,15.7
122,217,454.2,10,6,15.7
123,215.6,469.9,8,7,15.7
124,261.3,454.2,9,6,15.7
125,307,469.9,10,7,15.7
126,305.6,454.2,8,6,15.7
127,351.3,469.9,9,7,15.7
128,397,454.2,10,6,15.7
129,395.6,469.9,8,7,15.7
131,187,499.9,10,7,15.7
13,232.2,140.6,9,7,15.8
46,322.2,214.8,9,6,15.8
97,352.2,380.6,9,7,15.8
101,188,410.6,10,7,15.8
130,142.2,484.8,9,6,15.8
1,172.2,110.6,9,7,15.8
3,216.4,110.6,8,7,15.8
5,308,110.6,10,7,15.8
7,352.2,110.6,9,7,15.8
8,398,94.8,10,6,15.8
9,396.4,110.6,8,7,15.8
10,142.2,124.8,9,6,15.8
11,188,140.6,10,7,15.8
12,186.4,124.8,8,6,15.8
14,278,124.8,10,6,15.8
15,276.4,140.6,8,7,15.8
16,322.2,124.8,9,6,15.8
17,368,140.6,10,7,15.8
18,366.4,124.8,8,6,15.8
19,412.2,140.6,9,7,15.8
20,158,154.8,10,6,15.8
21,156.4,170.6,8,7,15.8
22,202.2,154.8,9,6,15.8
23,248,170.6,10,7,15.8
24,246.4,154.8,8,6,15.8
26,338,154.8,10,6,15.8
27,336.4,170.6,8,7,15.8
28,382.2,154.8,9,6,15.8
29,428,170.6,10,7,15.8
30,126.4,184.8,8,6,15.8
31,172.2,200.6,9,7,15.8
32,218,184.8,10,6,15.8
33,216.4,200.6,8,7,15.8
34,262.2,184.8,9,6,15.8
35,308,200.6,10,7,15.8
36,306.4,184.8,8,6,15.8
37,352.2,200.6,9,7,15.8
38,398,184.8,10,6,15.8
39,396.4,200.6,8,7,15.8
40,142.2,214.8,9,6,15.8
41,188,230.6,10,7,15.8
42,186.4,214.8,8,6,15.8
43,232.2,230.6,9,7,15.8
44,278,214.8,10,6,15.8
45,276.4,230.6,8,7,15.8
47,368,230.6,10,7,15.8
48,366.4,214.8,8,6,15.8
49,412.2,230.6,9,7,15.8
50,158,244.8,10,6,15.8
51,156.4,260.6,8,7,15.8
52,202.2,244.8,9,6,15.8
53,248,260.6,10,7,15.8
54,246.4,244.8,8,6,15.8
55,292.2,260.6,9,7,15.8
56,338,244.8,10,6,15.8
57,336.4,260.6,8,7,15.8
58,382.2,244.8,9,6,15.8
59,428,260.6,10,7,15.8
60,126.4,274.8,8,6,15.8
61,172.2,290.6,9,7,15.8
62,218,274.8,10,6,15.8
63,216.4,290.6,8,7,15.8
64,262.2,274.8,9,6,15.8
65,308,290.6,10,7,15.8
66,306.4,274.8,8,6,15.8
67,352.2,290.6,9,7,15.8
68,398,274.8,10,6,15.8
69,396.4,290.6,8,7,15.8
70,142.2,304.8,9,6,15.8
71,188,320.6,10,7,15.8
72,186.4,304.8,8,6,15.8
73,232.2,320.6,9,7,15.8
74,278,304.8,10,6,15.8
75,276.4,320.6,8,7,15.8
76,322.2,304.8,9,6,15.8
77,368,320.6,10,7,15.8
78,366.4,304.8,8,6,15.8
79,412.2,320.6,9,7,15.8
80,158,334.8,10,6,15.8
81,156.4,350.6,8,7,15.8
82,202.2,334.8,9,6,15.8
83,248,350.6,10,7,15.8
84,246.4,334.8,8,6,15.8
85,292.2,350.6,9,7,15.8
86,338,334.8,10,6,15.8
87,336.4,350.6,8,7,15.8
88,382.2,334.8,9,6,15.8
89,428,350.6,10,7,15.8
90,126.4,364.8,8,6,15.8
91,172.2,380.6,9,7,15.8
92,218,364.8,10,6,15.8
93,216.4,380.6,8,7,15.8
94,262.2,364.8,9,6,15.8
95,308,380.6,10,7,15.8
96,306.4,364.8,8,6,15.8
98,398,364.8,10,6,15.8
99,396.4,380.6,8,7,15.8
100,142.2,394.8,9,6,15.8
102,186.4,394.8,8,6,15.8
103,232.2,410.6,9,7,15.8
104,278,394.8,10,6,15.8
105,276.4,410.6,8,7,15.8
106,322.2,394.8,9,6,15.8
107,368,410.6,10,7,15.8
108,366.4,394.8,8,6,15.8
109,412.2,410.6,9,7,15.8
110,158,424.8,10,6,15.8
111,156.4,440.6,8,7,15.8
112,202.2,424.8,9,6,15.8
113,248,440.6,10,7,15.8
114,246.4,424.8,8,6,15.8
115,292.2,440.6,9,7,15.8
116,338,424.8,10,6,15.8
117,336.4,440.6,8,7,15.8
118,382.2,424.8,9,6,15.8
119,428,440.6,10,7,15.8
120,126.4,454.8,8,6,15.8
121,172.2,470.6,9,7,15.8
122,218,454.8,10,6,15.8
123,216.4,470.6,8,7,15.8
124,262.2,454.8,9,6,15.8
125,308,470.6,10,7,15.8
126,306.4,454.8,8,6,15.8
127,352.2,470.6,9,7,15.8
128,398,454.8,10,6,15.8
129,396.4,470.6,8,7,15.8
131,188,500.6,10,7,15.8
13,233.1,141.3,9,7,15.9
46,323.1,215.4,9,6,15.9
97,353.1,381.3,9,7,15.9
101,189,411.3,10,7,15.9
130,143.1,485.4,9,6,15.9
1,173.1,111.3,9,7,15.9
3,217.2,111.3,8,7,15.9
5,309,111.3,10,7,15.9
7,353.1,111.3,9,7,15.9
8,399,95.4,10,6,15.9
9,397.2,111.3,8,7,15.9
10,143.1,125.4,9,6,15.9
11,189,141.3,10,7,15.9
12,187.2,125.4,8,6,15.9
14,279,125.4,10,6,15.9
15,277.2,141.3,8,7,15.9
16,323.1,125.4,9,6,15.9
17,369,141.3,10,7,15.9
18,367.2,125.4,8,6,15.9
19,413.1,141.3,9,7,15.9
20,159,155.4,10,6,15.9
21,157.2,171.3,8,7,15.9
22,203.1,155.4,9,6,15.9
23,249,171.3,10,7,15.9
24,247.2,155.4,8,6,15.9
26,339,155.4,10,6,15.9
27,337.2,171.3,8,7,15.9
28,383.1,155.4,9,6,15.9
29,429,171.3,10,7,15.9
30,127.2,185.4,8,6,15.9
31,173.1,201.3,9,7,15.9
32,219,185.4,10,6,15.9
33,217.2,201.3,8,7,15.9
34,263.1,185.4,9,6,15.9
35,309,201.3,10,7,15.9
36,307.2,185.4,8,6,15.9
37,353.1,201.3,9,7,15.9
38,399,185.4,10,6,15.9
39,397.2,201.3,8,7,15.9
40,143.1,215.4,9,6,15.9
41,189,231.3,10,7,15.9
42,187.2,215.4,8,6,15.9
43,233.1,231.3,9,7,15.9
44,279,215.4,10,6,15.9
45,277.2,231.3,8,7,15.9
47,369,231.3,10,7,15.9
48,367.2,215.4,8,6,15.9
49,413.1,231.3,9,7,15.9
50,159,245.4,10,6,15.9
51,157.2,261.3,8,7,15.9
52,203.1,245.4,9,6,15.9
53,249,261.3,10,7,15.9
54,247.2,245.4,8,6,15.9
55,293.1,261.3,9,7,15.9
56,339,245.4,10,6,15.9
57,337.2,261.3,8,7,15.9
58,383.1,245.4,9,6,15.9
59,429,261.3,10,7,15.9
60,127.2,275.4,8,6,15.9
61,173.1,291.3,9,7,15.9
62,219,275.4,10,6,15.9
63,217.2,291.3,8,7,15.9
64,263.1,275.4,9,6,15.9
65,309,291.3,10,7,15.9
66,307.2,275.4,8,6,15.9
67,353.1,291.3,9,7,15.9
68,399,275.4,10,6,15.9
69,397.2,291.3,8,7,15.9
70,143.1,305.4,9,6,15.9
71,189,321.3,10,7,15.9
72,187.2,305.4,8,6,15.9
73,233.1,321.3,9,7,15.9
74,279,305.4,10,6,15.9
75,277.2,321.3,8,7,15.9
76,323.1,305.4,9,6,15.9
77,369,321.3,10,7,15.9
78,367.2,305.4,8,6,15.9
79,413.1,321.3,9,7,15.9
80,159,335.4,10,6,15.9
81,157.2,351.3,8,7,15.9
82,203.1,335.4,9,6,15.9
83,249,351.3,10,7,15.9
84,247.2,335.4,8,6,15.9
85,293.1,351.3,9,7,15.9
86,339,335.4,10,6,15.9
87,337.2,351.3,8,7,15.9
88,383.1,335.4,9,6,15.9
89,429,351.3,10,7,15.9
90,127.2,365.4,8,6,15.9
91,173.1,381.3,9,7,15.9
92,219,365.4,10,6,15.9
93,217.2,381.3,8,7,15.9
94,263.1,365.4,9,6,15.9
95,309,381.3,10,7,15.9
96,307.2,365.4,8,6,15.9
98,399,365.4,10,6,15.9
99,397.2,381.3,8,7,15.9
100,143.1,395.4,9,6,15.9
102,187.2,395.4,8,6,15.9
103,233.1,411.3,9,7,15.9
104,279,395.4,10,6,15.9
105,277.2,411.3,8,7,15.9
106,323.1,395.4,9,6,15.9
107,369,411.3,10,7,15.9
108,367.2,395.4,8,6,15.9
109,413.1,411.3,9,7,15.9
110,159,425.4,10,6,15.9
111,157.2,441.3,8,7,15.9
112,203.1,425.4,9,6,15.9
113,249,441.3,10,7,15.9
114,247.2,425.4,8,6,15.9
115,293.1,441.3,9,7,15.9
116,339,425.4,10,6,15.9
117,337.2,441.3,8,7,15.9
118,383.1,425.4,9,6,15.9
119,429,441.3,10,7,15.9
120,127.2,455.4,8,6,15.9
121,173.1,471.3,9,7,15.9
122,219,455.4,10,6,15.9
123,217.2,471.3,8,7,15.9
124,263.1,455.4,9,6,15.9
125,309,471.3,10,7,15.9
126,307.2,455.4,8,6,15.9
127,353.1,471.3,9,7,15.9
128,399,455.4,10,6,15.9
129,397.2,471.3,8,7,15.9
131,189,501.3,10,7,15.9
13,234,142,9,7,16
46,324,216,9,6,16
97,354,382,9,7,16
101,190,412,10,7,16
130,144,486,9,6,16
1,174,112,9,7,16
3,218,112,8,7,16
5,310,112,10,7,16
7,354,112,9,7,16
8,400,96,10,6,16
9,398,112,8,7,16
10,144,126,9,6,16
11,190,142,10,7,16
12,188,126,8,6,16
14,280,126,10,6,16
15,278,142,8,7,16
16,324,126,9,6,16
17,370,142,10,7,16
18,368,126,8,6,16
19,414,142,9,7,16
20,160,156,10,6,16
21,158,172,8,7,16
22,204,156,9,6,16
23,250,172,10,7,16
24,248,156,8,6,16
26,340,156,10,6,16
27,338,172,8,7,16
28,384,156,9,6,16
29,430,172,10,7,16
30,128,186,8,6,16
31,174,202,9,7,16
32,220,186,10,6,16
33,218,202,8,7,16
34,264,186,9,6,16
35,310,202,10,7,16
36,308,186,8,6,16
37,354,202,9,7,16
38,400,186,10,6,16
39,398,202,8,7,16
40,144,216,9,6,16
41,190,232,10,7,16
42,188,216,8,6,16
43,234,232,9,7,16
44,280,216,10,6,16
45,278,232,8,7,16
47,370,232,10,7,16
48,368,216,8,6,16
49,414,232,9,7,16
50,160,246,10,6,16
51,158,262,8,7,16
52,204,246,9,6,16
53,250,262,10,7,16
54,248,246,8,6,16
55,294,262,9,7,16
56,340,246,10,6,16
57,338,262,8,7,16
58,384,246,9,6,16
59,430,262,10,7,16
60,128,276,8,6,16
61,174,292,9,7,16
62,220,276,10,6,16
63,218,292,8,7,16
64,264,276,9,6,16
65,310,292,10,7,16
66,308,276,8,6,16
67,354,292,9,7,16
68,400,276,10,6,16
69,398,292,8,7,16
70,144,306,9,6,16
71,190,322,10,7,16
72,188,306,8,6,16
73,234,322,9,7,16
74,280,306,10,6,16
75,278,322,8,7,16
76,324,306,9,6,16
77,370,322,10,7,16
78,368,306,8,6,16
79,414,322,9,7,16
80,160,336,10,6,16
81,158,352,8,7,16
82,204,336,9,6,16
83,250,352,10,7,16
84,248,336,8,6,16
85,294,352,9,7,16
86,340,336,10,6,16
87,338,352,8,7,16
88,384,336,9,6,16
89,430,352,10,7,16
90,128,366,8,6,16
91,174,382,9,7,16
92,220,366,10,6,16
93,218,382,8,7,16
94,264,366,9,6,16
95,310,382,10,7,16
96,308,366,8,6,16
98,400,366,10,6,16
99,398,382,8,7,16
100,144,396,9,6,16
102,188,396,8,6,16
103,234,412,9,7,16
104,280,396,10,6,16
105,278,412,8,7,16
106,324,396,9,6,16
107,370,412,10,7,16
108,368,396,8,6,16
109,414,412,9,7,16
110,160,426,10,6,16
111,158,442,8,7,16
112,204,426,9,6,16
113,250,442,10,7,16
114,248,426,8,6,16
115,294,442,9,7,16
116,340,426,10,6,16
117,338,442,8,7,16
118,384,426,9,6,16
119,430,442,10,7,16
120,128,456,8,6,16
121,174,472,9,7,16
122,220,456,10,6,16
123,218,472,8,7,16
124,264,456,9,6,16
125,310,472,10,7,16
126,308,456,8,6,16
127,354,472,9,7,16
128,400,456,10,6,16
129,398,472,8,7,16
131,190,502,10,7,16
13,234.9,142.7,9,7,16.1
46,324.9,216.6,9,6,16.1
97,354.9,382.7,9,7,16.1
101,191,412.7,10,7,16.1
130,144.9,486.6,9,6,16.1
1,174.9,112.7,9,7,16.1
3,218.8,112.7,8,7,16.1
5,311,112.7,10,7,16.1
7,354.9,112.7,9,7,16.1
8,401,96.6,10,6,16.1
9,398.8,112.7,8,7,16.1
10,144.9,126.6,9,6,16.1
11,191,142.7,10,7,16.1
12,188.8,126.6,8,6,16.1
14,281,126.6,10,6,16.1
15,278.8,142.7,8,7,16.1
16,324.9,126.6,9,6,16.1
17,371,142.7,10,7,16.1
18,368.8,126.6,8,6,16.1
19,414.9,142.7,9,7,16.1
20,161,156.6,10,6,16.1
21,158.8,172.7,8,7,16.1
22,204.9,156.6,9,6,16.1
23,251,172.7,10,7,16.1
24,248.8,156.6,8,6,16.1
26,341,156.6,10,6,16.1
27,338.8,172.7,8,7,16.1
28,384.9,156.6,9,6,16.1
29,431,172.7,10,7,16.1
30,128.8,186.6,8,6,16.1
31,174.9,202.7,9,7,16.1
32,221,186.6,10,6,16.1
33,218.8,202.7,8,7,16.1
34,264.9,186.6,9,6,16.1
35,311,202.7,10,7,16.1
36,308.8,186.6,8,6,16.1
37,354.9,202.7,9,7,16.1
38,401,186.6,10,6,16.1
39,398.8,202.7,8,7,16.1
40,144.9,216.6,9,6,16.1
41,191,232.7,10,7,16.1
42,188.8,216.6,8,6,16.1
43,234.9,232.7,9,7,16.1
44,281,216.6,10,6,16.1
45,278.8,232.7,8,7,16.1
47,371,232.7,10,7,16.1
48,368.8,216.6,8,6,16.1
49,414.9,232.7,9,7,16.1
50,161,246.6,10,6,16.1
51,158.8,262.7,8,7,16.1
52,204.9,246.6,9,6,16.1
53,251,262.7,10,7,16.1
54,248.8,246.6,8,6,16.1
55,294.9,262.7,9,7,16.1
56,341,246.6,10,6,16.1
57,338.8,262.7,8,7,16.1
58,384.9,246.6,9,6,16.1
59,431,262.7,10,7,16.1
60,128.8,276.6,8,6,16.1
61,174.9,292.7,9,7,16.1
62,221,276.6,10,6,16.1
63,218.8,292.7,8,7,16.1
64,264.9,276.6,9,6,16.1
65,311,292.7,10,7,16.1
66,308.8,276.6,8,6,16.1
67,354.9,292.7,9,7,16.1
68,401,276.6,10,6,16.1
69,398.8,292.7,8,7,16.1
70,144.9,306.6,9,6,16.1
71,191,322.7,10,7,16.1
72,188.8,306.6,8,6,16.1
73,234.9,322.7,9,7,16.1
74,281,306.6,10,6,16.1
75,278.8,322.7,8,7,16.1
76,324.9,306.6,9,6,16.1
77,371,322.7,10,7,16.1
78,368.8,306.6,8,6,16.1
79,414.9,322.7,9,7,16.1
80,161,336.6,10,6,16.1
81,158.8,352.7,8,7,16.1
82,204.9,336.6,9,6,16.1
83,251,352.7,10,7,16.1
84,248.8,336.6,8,6,16.1
85,294.9,352.7,9,7,16.1
86,341,336.6,10,6,16.1
87,338.8,352.7,8,7,16.1
88,384.9,336.6,9,6,16.1
89,431,352.7,10,7,16.1
90,128.8,366.6,8,6,16.1
91,174.9,382.7,9,7,16.1
92,221,366.6,10,6,16.1
93,218.8,382.7,8,7,16.1
94,264.9,366.6,9,6,16.1
95,311,382.7,10,7,16.1
96,308.8,366.6,8,6,16.1
98,401,366.6,10,6,16.1
99,398.8,382.7,8,7,16.1
100,144.9,396.6,9,6,16.1
102,188.8,396.6,8,6,16.1
103,234.9,412.7,9,7,16.1
104,281,396.6,10,6,16.1
105,278.8,412.7,8,7,16.1
106,324.9,396.6,9,6,16.1
107,371,412.7,10,7,16.1
108,368.8,396.6,8,6,16.1
109,414.9,412.7,9,7,16.1
110,161,426.6,10,6,16.1
111,158.8,442.7,8,7,16.1
112,204.9,426.6,9,6,16.1
113,251,442.7,10,7,16.1
114,248.8,426.6,8,6,16.1
115,294.9,442.7,9,7,16.1
116,341,426.6,10,6,16.1
117,338.8,442.7,8,7,16.1
118,384.9,426.6,9,6,16.1
119,431,442.7,10,7,16.1
120,128.8,456.6,8,6,16.1
121,174.9,472.7,9,7,16.1
122,221,456.6,10,6,16.1
123,218.8,472.7,8,7,16.1
124,264.9,456.6,9,6,16.1
125,311,472.7,10,7,16.1
126,308.8,456.6,8,6,16.1
127,354.9,472.7,9,7,16.1
128,401,456.6,10,6,16.1
129,398.8,472.7,8,7,16.1
131,191,502.7,10,7,16.1
13,235.8,143.4,9,7,16.2
46,325.8,217.2,9,6,16.2
97,355.8,383.4,9,7,16.2
101,192,413.4,10,7,16.2
130,145.8,487.2,9,6,16.2
1,175.8,113.4,9,7,16.2
3,219.6,113.4,8,7,16.2
5,312,113.4,10,7,16.2
7,355.8,113.4,9,7,16.2
8,402,97.2,10,6,16.2
9,399.6,113.4,8,7,16.2
10,145.8,127.2,9,6,16.2
11,192,143.4,10,7,16.2
12,189.6,127.2,8,6,16.2
14,282,127.2,10,6,16.2
15,279.6,143.4,8,7,16.2
16,325.8,127.2,9,6,16.2
17,372,143.4,10,7,16.2
18,369.6,127.2,8,6,16.2
19,415.8,143.4,9,7,16.2
20,162,157.2,10,6,16.2
21,159.6,173.4,8,7,16.2
22,205.8,157.2,9,6,16.2
23,252,173.4,10,7,16.2
24,249.6,157.2,8,6,16.2
26,342,157.2,10,6,16.2
27,339.6,173.4,8,7,16.2
28,385.8,157.2,9,6,16.2
29,432,173.4,10,7,16.2
30,129.6,187.2,8,6,16.2
31,175.8,203.4,9,7,16.2
32,222,187.2,10,6,16.2
33,219.6,203.4,8,7,16.2
34,265.8,187.2,9,6,16.2
35,312,203.4,10,7,16.2
36,309.6,187.2,8,6,16.2
37,355.8,203.4,9,7,16.2
38,402,187.2,10,6,16.2
39,399.6,203.4,8,7,16.2
40,145.8,217.2,9,6,16.2
41,192,233.4,10,7,16.2
42,189.6,217.2,8,6,16.2
43,235.8,233.4,9,7,16.2
44,282,217.2,10,6,16.2
45,279.6,233.4,8,7,16.2
47,372,233.4,10,7,16.2
48,369.6,217.2,8,6,16.2
49,415.8,233.4,9,7,16.2
50,162,247.2,10,6,16.2
51,159.6,263.4,8,7,16.2
52,205.8,247.2,9,6,16.2
53,252,263.4,10,7,16.2
54,249.6,247.2,8,6,16.2
55,295.8,263.4,9,7,16.2
56,342,247.2,10,6,16.2
57,339.6,263.4,8,7,16.2
58,385.8,247.2,9,6,16.2
59,432,263.4,10,7,16.2
60,129.6,277.2,8,6,16.2
61,175.8,293.4,9,7,16.2
62,222,277.2,10,6,16.2
63,219.6,293.4,8,7,16.2
64,265.8,277.2,9,6,16.2
65,312,293.4,10,7,16.2
66,309.6,277.2,8,6,16.2
67,355.8,293.4,9,7,16.2
68,402,277.2,10,6,16.2
69,399.6,293.4,8,7,16.2
70,145.8,307.2,9,6,16.2
71,192,323.4,10,7,16.2
72,189.6,307.2,8,6,16.2
73,235.8,323.4,9,7,16.2
74,282,307.2,10,6,16.2
75,279.6,323.4,8,7,16.2
76,325.8,307.2,9,6,16.2
77,372,323.4,10,7,16.2
78,369.6,307.2,8,6,16.2
79,415.8,323.4,9,7,16.2
80,162,337.2,10,6,16.2
81,159.6,353.4,8,7,16.2
82,205.8,337.2,9,6,16.2
83,252,353.4,10,7,16.2
84,249.6,337.2,8,6,16.2
85,295.8,353.4,9,7,16.2
86,342,337.2,10,6,16.2
87,339.6,353.4,8,7,16.2
88,385.8,337.2,9,6,16.2
89,432,353.4,10,7,16.2
90,129.6,367.2,8,6,16.2
91,175.8,383.4,9,7,16.2
92,222,367.2,10,6,16.2
93,219.6,383.4,8,7,16.2
94,265.8,367.2,9,6,16.2
95,312,383.4,10,7,16.2
96,309.6,367.2,8,6,16.2
98,402,367.2,10,6,16.2
99,399.6,383.4,8,7,16.2
100,145.8,397.2,9,6,16.2
102,189.6,397.2,8,6,16.2
103,235.8,413.4,9,7,16.2
104,282,397.2,10,6,16.2
105,279.6,413.4,8,7,16.2
106,325.8,397.2,9,6,16.2
107,372,413.4,10,7,16.2
108,369.6,397.2,8,6,16.2
109,415.8,413.4,9,7,16.2
110,162,427.2,10,6,16.2
111,159.6,443.4,8,7,16.2
112,205.8,427.2,9,6,16.2
113,252,443.4,10,7,16.2
114,249.6,427.2,8,6,16.2
115,295.8,443.4,9,7,16.2
116,342,427.2,10,6,16.2
117,339.6,443.4,8,7,16.2
118,385.8,427.2,9,6,16.2
119,432,443.4,10,7,16.2
120,129.6,457.2,8,6,16.2
121,175.8,473.4,9,7,16.2
122,222,457.2,10,6,16.2
123,219.6,473.4,8,7,16.2
124,265.8,457.2,9,6,16.2
125,312,473.4,10,7,16.2
126,309.6,457.2,8,6,16.2
127,355.8,473.4,9,7,16.2
128,402,457.2,10,6,16.2
129,399.6,473.4,8,7,16.2
131,192,503.4,10,7,16.2
13,236.7,144.1,9,7,16.3
46,326.7,217.8,9,6,16.3
97,356.7,384.1,9,7,16.3
101,193,414.1,10,7,16.3
130,146.7,487.8,9,6,16.3
1,176.7,114.1,9,7,16.3
3,220.4,114.1,8,7,16.3
5,313,114.1,10,7,16.3
7,356.7,114.1,9,7,16.3
8,403,97.8,10,6,16.3
9,400.4,114.1,8,7,16.3
10,146.7,127.8,9,6,16.3
11,193,144.1,10,7,16.3
12,190.4,127.8,8,6,16.3
14,283,127.8,10,6,16.3
15,280.4,144.1,8,7,16.3
16,326.7,127.8,9,6,16.3
17,373,144.1,10,7,16.3
18,370.4,127.8,8,6,16.3
19,416.7,144.1,9,7,16.3
20,163,157.8,10,6,16.3
21,160.4,174.1,8,7,16.3
22,206.7,157.8,9,6,16.3
23,253,174.1,10,7,16.3
24,250.4,157.8,8,6,16.3
26,343,157.8,10,6,16.3
27,340.4,174.1,8,7,16.3
28,386.7,157.8,9,6,16.3
29,433,174.1,10,7,16.3
30,130.4,187.8,8,6,16.3
31,176.7,204.1,9,7,16.3
32,223,187.8,10,6,16.3
33,220.4,204.1,8,7,16.3
34,266.7,187.8,9,6,16.3
35,313,204.1,10,7,16.3
36,310.4,187.8,8,6,16.3
37,356.7,204.1,9,7,16.3
38,403,187.8,10,6,16.3
39,400.4,204.1,8,7,16.3
40,146.7,217.8,9,6,16.3
41,193,234.1,10,7,16.3
42,190.4,217.8,8,6,16.3
43,236.7,234.1,9,7,16.3
44,283,217.8,10,6,16.3
45,280.4,234.1,8,7,16.3
47,373,234.1,10,7,16.3
48,370.4,217.8,8,6,16.3
49,416.7,234.1,9,7,16.3
50,163,247.8,10,6,16.3
51,160.4,264.1,8,7,16.3
52,206.7,247.8,9,6,16.3
53,253,264.1,10,7,16.3
54,250.4,247.8,8,6,16.3
55,296.7,264.1,9,7,16.3
56,343,247.8,10,6,16.3
57,340.4,264.1,8,7,16.3
58,386.7,247.8,9,6,16.3
59,433,264.1,10,7,16.3
60,130.4,277.8,8,6,16.3
61,176.7,294.1,9,7,16.3
62,223,277.8,10,6,16.3
63,220.4,294.1,8,7,16.3
64,266.7,277.8,9,6,16.3
65,313,294.1,10,7,16.3
66,310.4,277.8,8,6,16.3
67,356.7,294.1,9,7,16.3
68,403,277.8,10,6,16.3
69,400.4,294.1,8,7,16.3
70,146.7,307.8,9,6,16.3
71,193,324.1,10,7,16.3
72,190.4,307.8,8,6,16.3
73,236.7,324.1,9,7,16.3
74,283,307.8,10,6,16.3
75,280.4,324.1,8,7,16.3
76,326.7,307.8,9,6,16.3
77,373,324.1,10,7,16.3
78,370.4,307.8,8,6,16.3
79,416.7,324.1,9,7,16.3
80,163,337.8,10,6,16.3
81,160.4,354.1,8,7,16.3
82,206.7,337.8,9,6,16.3
83,253,354.1,10,7,16.3
84,250.4,337.8,8,6,16.3
85,296.7,354.1,9,7,16.3
86,343,337.8,10,6,16.3
87,340.4,354.1,8,7,16.3
88,386.7,337.8,9,6,16.3
89,433,354.1,10,7,16.3
90,130.4,367.8,8,6,16.3
91,176.7,384.1,9,7,16.3
92,223,367.8,10,6,16.3
93,220.4,384.1,8,7,16.3
94,266.7,367.8,9,6,16.3
95,313,384.1,10,7,16.3
96,310.4,367.8,8,6,16.3
98,403,367.8,10,6,16.3
99,400.4,384.1,8,7,16.3
100,146.7,397.8,9,6,16.3
102,190.4,397.8,8,6,16.3
103,236.7,414.1,9,7,16.3
104,283,397.8,10,6,16.3
105,280.4,414.1,8,7,16.3
106,326.7,397.8,9,6,16.3
107,373,414.1,10,7,16.3
108,370.4,397.8,8,6,16.3
109,416.7,414.1,9,7,16.3
110,163,427.8,10,6,16.3
111,160.4,444.1,8,7,16.3
112,206.7,427.8,9,6,16.3
113,253,444.1,10,7,16.3
114,250.4,427.8,8,6,16.3
115,296.7,444.1,9,7,16.3
116,343,427.8,10,6,16.3
117,340.4,444.1,8,7,16.3
118,386.7,427.8,9,6,16.3
119,433,444.1,10,7,16.3
120,130.4,457.8,8,6,16.3
121,176.7,474.1,9,7,16.3
122,223,457.8,10,6,16.3
123,220.4,474.1,8,7,16.3
124,266.7,457.8,9,6,16.3
125,313,474.1,10,7,16.3
126,310.4,457.8,8,6,16.3
127,356.7,474.1,9,7,16.3
128,403,457.8,10,6,16.3
129,400.4,474.1,8,7,16.3
131,193,504.1,10,7,16.3
13,237.6,144.8,9,7,16.4
46,327.6,218.4,9,6,16.4
97,357.6,384.8,9,7,16.4
101,194,414.8,10,7,16.4
130,147.6,488.4,9,6,16.4
1,177.6,114.8,9,7,16.4
3,221.2,114.8,8,7,16.4
5,314,114.8,10,7,16.4
7,357.6,114.8,9,7,16.4
8,404,98.4,10,6,16.4
9,401.2,114.8,8,7,16.4
10,147.6,128.4,9,6,16.4
11,194,144.8,10,7,16.4
12,191.2,128.4,8,6,16.4
14,284,128.4,10,6,16.4
15,281.2,144.8,8,7,16.4
16,327.6,128.4,9,6,16.4
17,374,144.8,10,7,16.4
18,371.2,128.4,8,6,16.4
19,417.6,144.8,9,7,16.4
20,164,158.4,10,6,16.4
21,161.2,174.8,8,7,16.4
22,207.6,158.4,9,6,16.4
23,254,174.8,10,7,16.4
24,251.2,158.4,8,6,16.4
26,344,158.4,10,6,16.4
27,341.2,174.8,8,7,16.4
28,387.6,158.4,9,6,16.4
29,434,174.8,10,7,16.4
30,131.2,188.4,8,6,16.4
31,177.6,204.8,9,7,16.4
32,224,188.4,10,6,16.4
33,221.2,204.8,8,7,16.4
34,267.6,188.4,9,6,16.4
35,314,204.8,10,7,16.4
36,311.2,188.4,8,6,16.4
37,357.6,204.8,9,7,16.4
38,404,188.4,10,6,16.4
39,401.2,204.8,8,7,16.4
40,147.6,218.4,9,6,16.4
41,194,234.8,10,7,16.4
42,191.2,218.4,8,6,16.4
43,237.6,234.8,9,7,16.4
44,284,218.4,10,6,16.4
45,281.2,234.8,8,7,16.4
47,374,234.8,10,7,16.4
48,371.2,218.4,8,6,16.4
49,417.6,234.8,9,7,16.4
50,164,248.4,10,6,16.4
51,161.2,264.8,8,7,16.4
52,207.6,248.4,9,6,16.4
53,254,264.8,10,7,16.4
54,251.2,248.4,8,6,16.4
55,297.6,264.8,9,7,16.4
56,344,248.4,10,6,16.4
57,341.2,264.8,8,7,16.4
58,387.6,248.4,9,6,16.4
59,434,264.8,10,7,16.4
60,131.2,278.4,8,6,16.4
61,177.6,294.8,9,7,16.4
62,224,278.4,10,6,16.4
63,221.2,294.8,8,7,16.4
64,267.6,278.4,9,6,16.4
65,314,294.8,10,7,16.4
66,311.2,278.4,8,6,16.4
67,357.6,294.8,9,7,16.4
68,404,278.4,10,6,16.4
69,401.2,294.8,8,7,16.4
70,147.6,308.4,9,6,16.4
71,194,324.8,10,7,16.4
72,191.2,308.4,8,6,16.4
73,237.6,324.8,9,7,16.4
74,284,308.4,10,6,16.4
75,281.2,324.8,8,7,16.4
76,327.6,308.4,9,6,16.4
77,374,324.8,10,7,16.4
78,371.2,308.4,8,6,16.4
79,417.6,324.8,9,7,16.4
80,164,338.4,10,6,16.4
81,161.2,354.8,8,7,16.4
82,207.6,338.4,9,6,16.4
83,254,354.8,10,7,16.4
84,251.2,338.4,8,6,16.4
85,297.6,354.8,9,7,16.4
86,344,338.4,10,6,16.4
87,341.2,354.8,8,7,16.4
88,387.6,338.4,9,6,16.4
89,434,354.8,10,7,16.4
90,131.2,368.4,8,6,16.4
91,177.6,384.8,9,7,16.4
92,224,368.4,10,6,16.4
93,221.2,384.8,8,7,16.4
94,267.6,368.4,9,6,16.4
95,314,384.8,10,7,16.4
96,311.2,368.4,8,6,16.4
98,404,368.4,10,6,16.4
99,401.2,384.8,8,7,16.4
100,147.6,398.4,9,6,16.4
102,191.2,398.4,8,6,16.4
103,237.6,414.8,9,7,16.4
104,284,398.4,10,6,16.4
105,281.2,414.8,8,7,16.4
106,327.6,398.4,9,6,16.4
107,374,414.8,10,7,16.4
108,371.2,398.4,8,6,16.4
109,417.6,414.8,9,7,16.4
110,164,428.4,10,6,16.4
111,161.2,444.8,8,7,16.4
112,207.6,428.4,9,6,16.4
113,254,444.8,10,7,16.4
114,251.2,428.4,8,6,16.4
115,297.6,444.8,9,7,16.4
116,344,428.4,10,6,16.4
117,341.2,444.8,8,7,16.4
118,387.6,428.4,9,6,16.4
119,434,444.8,10,7,16.4
120,131.2,458.4,8,6,16.4
121,177.6,474.8,9,7,16.4
122,224,458.4,10,6,16.4
123,221.2,474.8,8,7,16.4
124,267.6,458.4,9,6,16.4
125,314,474.8,10,7,16.4
126,311.2,458.4,8,6,16.4
127,357.6,474.8,9,7,16.4
128,404,458.4,10,6,16.4
129,401.2,474.8,8,7,16.4
131,194,504.8,10,7,16.4
13,238.5,145.5,9,7,16.5
46,328.5,219,9,6,16.5
97,358.5,385.5,9,7,16.5
101,195,415.5,10,7,16.5
130,148.5,489,9,6,16.5
1,178.5,115.5,9,7,16.5
3,222,115.5,8,7,16.5
5,315,115.5,10,7,16.5
7,358.5,115.5,9,7,16.5
8,405,99,10,6,16.5
9,402,115.5,8,7,16.5
10,148.5,129,9,6,16.5
11,195,145.5,10,7,16.5
12,192,129,8,6,16.5
14,285,129,10,6,16.5
15,282,145.5,8,7,16.5
16,328.5,129,9,6,16.5
17,375,145.5,10,7,16.5
18,372,129,8,6,16.5
19,418.5,145.5,9,7,16.5
20,165,159,10,6,16.5
21,162,175.5,8,7,16.5
22,208.5,159,9,6,16.5
23,255,175.5,10,7,16.5
24,252,159,8,6,16.5
26,345,159,10,6,16.5
27,342,175.5,8,7,16.5
28,388.5,159,9,6,16.5
29,435,175.5,10,7,16.5
30,132,189,8,6,16.5
31,178.5,205.5,9,7,16.5
32,225,189,10,6,16.5
33,222,205.5,8,7,16.5
34,268.5,189,9,6,16.5
35,315,205.5,10,7,16.5
36,312,189,8,6,16.5
37,358.5,205.5,9,7,16.5
38,405,189,10,6,16.5
39,402,205.5,8,7,16.5
40,148.5,219,9,6,16.5
41,195,235.5,10,7,16.5
42,192,219,8,6,16.5
43,238.5,235.5,9,7,16.5
44,285,219,10,6,16.5
45,282,235.5,8,7,16.5
47,375,235.5,10,7,16.5
48,372,219,8,6,16.5
49,418.5,235.5,9,7,16.5
50,165,249,10,6,16.5
51,162,265.5,8,7,16.5
52,208.5,249,9,6,16.5
53,255,265.5,10,7,16.5
54,252,249,8,6,16.5
55,298.5,265.5,9,7,16.5
56,345,249,10,6,16.5
57,342,265.5,8,7,16.5
58,388.5,249,9,6,16.5
59,435,265.5,10,7,16.5
60,132,279,8,6,16.5
61,178.5,295.5,9,7,16.5
62,225,279,10,6,16.5
63,222,295.5,8,7,16.5
64,268.5,279,9,6,16.5
65,315,295.5,10,7,16.5
66,312,279,8,6,16.5
67,358.5,295.5,9,7,16.5
68,405,279,10,6,16.5
69,402,295.5,8,7,16.5
70,148.5,309,9,6,16.5
71,195,325.5,10,7,16.5
72,192,309,8,6,16.5
73,238.5,325.5,9,7,16.5
74,285,309,10,6,16.5
75,282,325.5,8,7,16.5
76,328.5,309,9,6,16.5
77,375,325.5,10,7,16.5
78,372,309,8,6,16.5
79,418.5,325.5,9,7,16.5
80,165,339,10,6,16.5
81,162,355.5,8,7,16.5
82,208.5,339,9,6,16.5
83,255,355.5,10,7,16.5
84,252,339,8,6,16.5
85,298.5,355.5,9,7,16.5
86,345,339,10,6,16.5
87,342,355.5,8,7,16.5
88,388.5,339,9,6,16.5
89,435,355.5,10,7,16.5
90,132,369,8,6,16.5
91,178.5,385.5,9,7,16.5
92,225,369,10,6,16.5
93,222,385.5,8,7,16.5
94,268.5,369,9,6,16.5
95,315,385.5,10,7,16.5
96,312,369,8,6,16.5
98,405,369,10,6,16.5
99,402,385.5,8,7,16.5
100,148.5,399,9,6,16.5
102,192,399,8,6,16.5
103,238.5,415.5,9,7,16.5
104,285,399,10,6,16.5
105,282,415.5,8,7,16.5
106,328.5,399,9,6,16.5
107,375,415.5,10,7,16.5
108,372,399,8,6,16.5
109,418.5,415.5,9,7,16.5
110,165,429,10,6,16.5
111,162,445.5,8,7,16.5
112,208.5,429,9,6,16.5
113,255,445.5,10,7,16.5
114,252,429,8,6,16.5
115,298.5,445.5,9,7,16.5
116,345,429,10,6,16.5
117,342,445.5,8,7,16.5
118,388.5,429,9,6,16.5
119,435,445.5,10,7,16.5
120,132,459,8,6,16.5
121,178.5,475.5,9,7,16.5
122,225,459,10,6,16.5
123,222,475.5,8,7,16.5
124,268.5,459,9,6,16.5
125,315,475.5,10,7,16.5
126,312,459,8,6,16.5
127,358.5,475.5,9,7,16.5
128,405,459,10,6,16.5
129,402,475.5,8,7,16.5
131,195,505.5,10,7,16.5
13,239.4,146.2,9,7,16.6
46,329.4,219.6,9,6,16.6
97,359.4,386.2,9,7,16.6
101,196,416.2,10,7,16.6
130,149.4,489.6,9,6,16.6
1,179.4,116.2,9,7,16.6
3,222.8,116.2,8,7,16.6
5,316,116.2,10,7,16.6
7,359.4,116.2,9,7,16.6
8,406,99.6,10,6,16.6
9,402.8,116.2,8,7,16.6
10,149.4,129.6,9,6,16.6
11,196,146.2,10,7,16.6
12,192.8,129.6,8,6,16.6
14,286,129.6,10,6,16.6
15,282.8,146.2,8,7,16.6
16,329.4,129.6,9,6,16.6
17,376,146.2,10,7,16.6
18,372.8,129.6,8,6,16.6
19,419.4,146.2,9,7,16.6
20,166,159.6,10,6,16.6
21,162.8,176.2,8,7,16.6
22,209.4,159.6,9,6,16.6
23,256,176.2,10,7,16.6
24,252.8,159.6,8,6,16.6
26,346,159.6,10,6,16.6
27,342.8,176.2,8,7,16.6
28,389.4,159.6,9,6,16.6
29,436,176.2,10,7,16.6
30,132.8,189.6,8,6,16.6
31,179.4,206.2,9,7,16.6
32,226,189.6,10,6,16.6
33,222.8,206.2,8,7,16.6
34,269.4,189.6,9,6,16.6
35,316,206.2,10,7,16.6
36,312.8,189.6,8,6,16.6
37,359.4,206.2,9,7,16.6
38,406,189.6,10,6,16.6
39,402.8,206.2,8,7,16.6
40,149.4,219.6,9,6,16.6
41,196,236.2,10,7,16.6
42,192.8,219.6,8,6,16.6
43,239.4,236.2,9,7,16.6
44,286,219.6,10,6,16.6
45,282.8,236.2,8,7,16.6
47,376,236.2,10,7,16.6
48,372.8,219.6,8,6,16.6
49,419.4,236.2,9,7,16.6
50,166,249.6,10,6,16.6
51,162.8,266.2,8,7,16.6
52,209.4,249.6,9,6,16.6
53,256,266.2,10,7,16.6
54,252.8,249.6,8,6,16.6
55,299.4,266.2,9,7,16.6
56,346,249.6,10,6,16.6
57,342.8,266.2,8,7,16.6
58,389.4,249.6,9,6,16.6
59,436,266.2,10,7,16.6
60,132.8,279.6,8,6,16.6
61,179.4,296.2,9,7,16.6
62,226,279.6,10,6,16.6
63,222.8,296.2,8,7,16.6
64,269.4,279.6,9,6,16.6
65,316,296.2,10,7,16.6
66,312.8,279.6,8,6,16.6
67,359.4,296.2,9,7,16.6
68,406,279.6,10,6,16.6
69,402.8,296.2,8,7,16.6
70,149.4,309.6,9,6,16.6
71,196,326.2,10,7,16.6
72,192.8,309.6,8,6,16.6
73,239.4,326.2,9,7,16.6
74,286,309.6,10,6,16.6
75,282.8,326.2,8,7,16.6
76,329.4,309.6,9,6,16.6
77,376,326.2,10,7,16.6
78,372.8,309.6,8,6,16.6
79,419.4,326.2,9,7,16.6
80,166,339.6,10,6,16.6
81,162.8,356.2,8,7,16.6
82,209.4,339.6,9,6,16.6
83,256,356.2,10,7,16.6
84,252.8,339.6,8,6,16.6
85,299.4,356.2,9,7,16.6
86,346,339.6,10,6,16.6
87,342.8,356.2,8,7,16.6
88,389.4,339.6,9,6,16.6
89,436,356.2,10,7,16.6
90,132.8,369.6,8,6,16.6
91,179.4,386.2,9,7,16.6
92,226,369.6,10,6,16.6
93,222.8,386.2,8,7,16.6
94,269.4,369.6,9,6,16.6
95,316,386.2,10,7,16.6
96,312.8,369.6,8,6,16.6
98,406,369.6,10,6,16.6
99,402.8,386.2,8,7,16.6
100,149.4,399.6,9,6,16.6
102,192.8,399.6,8,6,16.6
103,239.4,416.2,9,7,16.6
104,286,399.6,10,6,16.6
105,282.8,416.2,8,7,16.6
106,329.4,399.6,9,6,16.6
107,376,416.2,10,7,16.6
108,372.8,399.6,8,6,16.6
109,419.4,416.2,9,7,16.6
110,166,429.6,10,6,16.6
111,162.8,446.2,8,7,16.6
112,209.4,429.6,9,6,16.6
113,256,446.2,10,7,16.6
114,252.8,429.6,8,6,16.6
115,299.4,446.2,9,7,16.6
116,346,429.6,10,6,16.6
117,342.8,446.2,8,7,16.6
118,389.4,429.6,9,6,16.6
119,436,446.2,10,7,16.6
120,132.8,459.6,8,6,16.6
121,179.4,476.2,9,7,16.6
122,226,459.6,10,6,16.6
123,222.8,476.2,8,7,16.6
124,269.4,459.6,9,6,16.6
125,316,476.2,10,7,16.6
126,312.8,459.6,8,6,16.6
127,359.4,476.2,9,7,16.6
128,406,459.6,10,6,16.6
129,402.8,476.2,8,7,16.6
131,196,506.2,10,7,16.6
13,240.3,146.9,9,7,16.7
46,330.3,220.2,9,6,16.7
97,360.3,386.9,9,7,16.7
101,197,416.9,10,7,16.7
130,150.3,490.2,9,6,16.7
1,180.3,116.9,9,7,16.7
3,223.6,116.9,8,7,16.7
5,317,116.9,10,7,16.7
7,360.3,116.9,9,7,16.7
8,407,100.2,10,6,16.7
9,403.6,116.9,8,7,16.7
10,150.3,130.2,9,6,16.7
11,197,146.9,10,7,16.7
12,193.6,130.2,8,6,16.7
14,287,130.2,10,6,16.7
15,283.6,146.9,8,7,16.7
16,330.3,130.2,9,6,16.7
17,377,146.9,10,7,16.7
18,373.6,130.2,8,6,16.7
19,420.3,146.9,9,7,16.7
20,167,160.2,10,6,16.7
21,163.6,176.9,8,7,16.7
22,210.3,160.2,9,6,16.7
23,257,176.9,10,7,16.7
24,253.6,160.2,8,6,16.7
26,347,160.2,10,6,16.7
27,343.6,176.9,8,7,16.7
28,390.3,160.2,9,6,16.7
29,437,176.9,10,7,16.7
30,133.6,190.2,8,6,16.7
31,180.3,206.9,9,7,16.7
32,227,190.2,10,6,16.7
33,223.6,206.9,8,7,16.7
34,270.3,190.2,9,6,16.7
35,317,206.9,10,7,16.7
36,313.6,190.2,8,6,16.7
37,360.3,206.9,9,7,16.7
38,407,190.2,10,6,16.7
39,403.6,206.9,8,7,16.7
40,150.3,220.2,9,6,16.7
41,197,236.9,10,7,16.7
42,193.6,220.2,8,6,16.7
43,240.3,236.9,9,7,16.7
44,287,220.2,10,6,16.7
45,283.6,236.9,8,7,16.7
47,377,236.9,10,7,16.7
48,373.6,220.2,8,6,16.7
49,420.3,236.9,9,7,16.7
50,167,250.2,10,6,16.7
51,163.6,266.9,8,7,16.7
52,210.3,250.2,9,6,16.7
53,257,266.9,10,7,16.7
54,253.6,250.2,8,6,16.7
55,300.3,266.9,9,7,16.7
56,347,250.2,10,6,16.7
57,343.6,266.9,8,7,16.7
58,390.3,250.2,9,6,16.7
59,437,266.9,10,7,16.7
60,133.6,280.2,8,6,16.7
61,180.3,296.9,9,7,16.7
62,227,280.2,10,6,16.7
63,223.6,296.9,8,7,16.7
64,270.3,280.2,9,6,16.7
65,317,296.9,10,7,16.7
66,313.6,280.2,8,6,16.7
67,360.3,296.9,9,7,16.7
68,407,280.2,10,6,16.7
69,403.6,296.9,8,7,16.7
70,150.3,310.2,9,6,16.7
71,197,326.9,10,7,16.7
72,193.6,310.2,8,6,16.7
73,240.3,326.9,9,7,16.7
74,287,310.2,10,6,16.7
75,283.6,326.9,8,7,16.7
76,330.3,310.2,9,6,16.7
77,377,326.9,10,7,16.7
78,373.6,310.2,8,6,16.7
79,420.3,326.9,9,7,16.7
80,167,340.2,10,6,16.7
81,163.6,356.9,8,7,16.7
82,210.3,340.2,9,6,16.7
83,257,356.9,10,7,16.7
84,253.6,340.2,8,6,16.7
85,300.3,356.9,9,7,16.7
86,347,340.2,10,6,16.7
87,343.6,356.9,8,7,16.7
88,390.3,340.2,9,6,16.7
89,437,356.9,10,7,16.7
90,133.6,370.2,8,6,16.7
91,180.3,386.9,9,7,16.7
92,227,370.2,10,6,16.7
93,223.6,386.9,8,7,16.7
94,270.3,370.2,9,6,16.7
95,317,386.9,10,7,16.7
96,313.6,370.2,8,6,16.7
98,407,370.2,10,6,16.7
99,403.6,386.9,8,7,16.7
100,150.3,400.2,9,6,16.7
102,193.6,400.2,8,6,16.7
103,240.3,416.9,9,7,16.7
104,287,400.2,10,6,16.7
105,283.6,416.9,8,7,16.7
106,330.3,400.2,9,6,16.7
107,377,416.9,10,7,16.7
108,373.6,400.2,8,6,16.7
109,420.3,416.9,9,7,16.7
110,167,430.2,10,6,16.7
111,163.6,446.9,8,7,16.7
112,210.3,430.2,9,6,16.7
113,257,446.9,10,7,16.7
114,253.6,430.2,8,6,16.7
115,300.3,446.9,9,7,16.7
116,347,430.2,10,6,16.7
117,343.6,446.9,8,7,16.7
118,390.3,430.2,9,6,16.7
119,437,446.9,10,7,16.7
120,133.6,460.2,8,6,16.7
121,180.3,476.9,9,7,16.7
122,227,460.2,10,6,16.7
123,223.6,476.9,8,7,16.7
124,270.3,460.2,9,6,16.7
125,317,476.9,10,7,16.7
126,313.6,460.2,8,6,16.7
127,360.3,476.9,9,7,16.7
128,407,460.2,10,6,16.7
129,403.6,476.9,8,7,16.7
131,197,506.9,10,7,16.7
13,241.2,147.6,9,7,16.8
46,331.2,220.8,9,6,16.8
97,361.2,387.6,9,7,16.8
101,198,417.6,10,7,16.8
130,151.2,490.8,9,6,16.8
1,181.2,117.6,9,7,16.8
3,224.4,117.6,8,7,16.8
5,318,117.6,10,7,16.8
7,361.2,117.6,9,7,16.8
8,408,100.8,10,6,16.8
9,404.4,117.6,8,7,16.8
10,151.2,130.8,9,6,16.8
11,198,147.6,10,7,16.8
12,194.4,130.8,8,6,16.8
14,288,130.8,10,6,16.8
15,284.4,147.6,8,7,16.8
16,331.2,130.8,9,6,16.8
17,378,147.6,10,7,16.8
18,374.4,130.8,8,6,16.8
19,421.2,147.6,9,7,16.8
20,168,160.8,10,6,16.8
21,164.4,177.6,8,7,16.8
22,211.2,160.8,9,6,16.8
23,258,177.6,10,7,16.8
24,254.4,160.8,8,6,16.8
26,348,160.8,10,6,16.8
27,344.4,177.6,8,7,16.8
28,391.2,160.8,9,6,16.8
29,438,177.6,10,7,16.8
30,134.4,190.8,8,6,16.8
31,181.2,207.6,9,7,16.8
32,228,190.8,10,6,16.8
33,224.4,207.6,8,7,16.8
34,271.2,190.8,9,6,16.8
35,318,207.6,10,7,16.8
36,314.4,190.8,8,6,16.8
37,361.2,207.6,9,7,16.8
38,408,190.8,10,6,16.8
39,404.4,207.6,8,7,16.8
40,151.2,220.8,9,6,16.8
41,198,237.6,10,7,16.8
42,194.4,220.8,8,6,16.8
43,241.2,237.6,9,7,16.8
44,288,220.8,10,6,16.8
45,284.4,237.6,8,7,16.8
47,378,237.6,10,7,16.8
48,374.4,220.8,8,6,16.8
49,421.2,237.6,9,7,16.8
50,168,250.8,10,6,16.8
51,164.4,267.6,8,7,16.8
52,211.2,250.8,9,6,16.8
53,258,267.6,10,7,16.8
54,254.4,250.8,8,6,16.8
55,301.2,267.6,9,7,16.8
56,348,250.8,10,6,16.8
57,344.4,267.6,8,7,16.8
58,391.2,250.8,9,6,16.8
59,438,267.6,10,7,16.8
60,134.4,280.8,8,6,16.8
61,181.2,297.6,9,7,16.8
62,228,280.8,10,6,16.8
63,224.4,297.6,8,7,16.8
64,271.2,280.8,9,6,16.8
65,318,297.6,10,7,16.8
66,314.4,280.8,8,6,16.8
67,361.2,297.6,9,7,16.8
68,408,280.8,10,6,16.8
69,404.4,297.6,8,7,16.8
70,151.2,310.8,9,6,16.8
71,198,327.6,10,7,16.8
72,194.4,310.8,8,6,16.8
73,241.2,327.6,9,7,16.8
74,288,310.8,10,6,16.8
75,284.4,327.6,8,7,16.8
76,331.2,310.8,9,6,16.8
77,378,327.6,10,7,16.8
78,374.4,310.8,8,6,16.8
79,421.2,327.6,9,7,16.8
80,168,340.8,10,6,16.8
81,164.4,357.6,8,7,16.8
82,211.2,340.8,9,6,16.8
83,258,357.6,10,7,16.8
84,254.4,340.8,8,6,16.8
85,301.2,357.6,9,7,16.8
86,348,340.8,10,6,16.8
87,344.4,357.6,8,7,16.8
88,391.2,340.8,9,6,16.8
89,438,357.6,10,7,16.8
90,134.4,370.8,8,6,16.8
91,181.2,387.6,9,7,16.8
92,228,370.8,10,6,16.8
93,224.4,387.6,8,7,16.8
94,271.2,370.8,9,6,16.8
95,318,387.6,10,7,16.8
96,314.4,370.8,8,6,16.8
98,408,370.8,10,6,16.8
99,404.4,387.6,8,7,16.8
100,151.2,400.8,9,6,16.8
102,194.4,400.8,8,6,16.8
103,241.2,417.6,9,7,16.8
104,288,400.8,10,6,16.8
105,284.4,417.6,8,7,16.8
106,331.2,400.8,9,6,16.8
107,378,417.6,10,7,16.8
108,374.4,400.8,8,6,16.8
109,421.2,417.6,9,7,16.8
110,168,430.8,10,6,16.8
111,164.4,447.6,8,7,16.8
112,211.2,430.8,9,6,16.8
113,258,447.6,10,7,16.8
114,254.4,430.8,8,6,16.8
115,301.2,447.6,9,7,16.8
116,348,430.8,10,6,16.8
117,344.4,447.6,8,7,16.8
118,391.2,430.8,9,6,16.8
119,438,447.6,10,7,16.8
120,134.4,460.8,8,6,16.8
121,181.2,477.6,9,7,16.8
122,228,460.8,10,6,16.8
123,224.4,477.6,8,7,16.8
124,271.2,460.8,9,6,16.8
125,318,477.6,10,7,16.8
126,314.4,460.8,8,6,16.8
127,361.2,477.6,9,7,16.8
128,408,460.8,10,6,16.8
129,404.4,477.6,8,7,16.8
131,198,507.6,10,7,16.8
13,242.1,148.3,9,7,16.9
46,332.1,221.4,9,6,16.9
97,362.1,388.3,9,7,16.9
101,199,418.3,10,7,16.9
130,152.1,491.4,9,6,16.9
1,182.1,118.3,9,7,16.9
3,225.2,118.3,8,7,16.9
5,319,118.3,10,7,16.9
7,362.1,118.3,9,7,16.9
8,409,101.4,10,6,16.9
9,405.2,118.3,8,7,16.9
10,152.1,131.4,9,6,16.9
11,199,148.3,10,7,16.9
12,195.2,131.4,8,6,16.9
14,289,131.4,10,6,16.9
15,285.2,148.3,8,7,16.9
16,332.1,131.4,9,6,16.9
17,379,148.3,10,7,16.9
18,375.2,131.4,8,6,16.9
19,422.1,148.3,9,7,16.9
20,169,161.4,10,6,16.9
21,165.2,178.3,8,7,16.9
22,212.1,161.4,9,6,16.9
23,259,178.3,10,7,16.9
24,255.2,161.4,8,6,16.9
26,349,161.4,10,6,16.9
27,345.2,178.3,8,7,16.9
28,392.1,161.4,9,6,16.9
29,439,178.3,10,7,16.9
30,135.2,191.4,8,6,16.9
31,182.1,208.3,9,7,16.9
32,229,191.4,10,6,16.9
33,225.2,208.3,8,7,16.9
34,272.1,191.4,9,6,16.9
35,319,208.3,10,7,16.9
36,315.2,191.4,8,6,16.9
37,362.1,208.3,9,7,16.9
38,409,191.4,10,6,16.9
39,405.2,208.3,8,7,16.9
40,152.1,221.4,9,6,16.9
41,199,238.3,10,7,16.9
42,195.2,221.4,8,6,16.9
43,242.1,238.3,9,7,16.9
44,289,221.4,10,6,16.9
45,285.2,238.3,8,7,16.9
47,379,238.3,10,7,16.9
48,375.2,221.4,8,6,16.9
49,422.1,238.3,9,7,16.9
50,169,251.4,10,6,16.9
51,165.2,268.3,8,7,16.9
52,212.1,251.4,9,6,16.9
53,259,268.3,10,7,16.9
54,255.2,251.4,8,6,16.9
55,302.1,268.3,9,7,16.9
56,349,251.4,10,6,16.9
57,345.2,268.3,8,7,16.9
58,392.1,251.4,9,6,16.9
59,439,268.3,10,7,16.9
60,135.2,281.4,8,6,16.9
61,182.1,298.3,9,7,16.9
62,229,281.4,10,6,16.9
63,225.2,298.3,8,7,16.9
64,272.1,281.4,9,6,16.9
65,319,298.3,10,7,16.9
66,315.2,281.4,8,6,16.9
67,362.1,298.3,9,7,16.9
68,409,281.4,10,6,16.9
69,405.2,298.3,8,7,16.9
70,152.1,311.4,9,6,16.9
71,199,328.3,10,7,16.9
72,195.2,311.4,8,6,16.9
73,242.1,328.3,9,7,16.9
74,289,311.4,10,6,16.9
75,285.2,328.3,8,7,16.9
76,332.1,311.4,9,6,16.9
77,379,328.3,10,7,16.9
78,375.2,311.4,8,6,16.9
79,422.1,328.3,9,7,16.9
80,169,341.4,10,6,16.9
81,165.2,358.3,8,7,16.9
82,212.1,341.4,9,6,16.9
83,259,358.3,10,7,16.9
84,255.2,341.4,8,6,16.9
85,302.1,358.3,9,7,16.9
86,349,341.4,10,6,16.9
87,345.2,358.3,8,7,16.9
88,392.1,341.4,9,6,16.9
89,439,358.3,10,7,16.9
90,135.2,371.4,8,6,16.9
91,182.1,388.3,9,7,16.9
92,229,371.4,10,6,16.9
93,225.2,388.3,8,7,16.9
94,272.1,371.4,9,6,16.9
95,319,388.3,10,7,16.9
96,315.2,371.4,8,6,16.9
98,409,371.4,10,6,16.9
99,405.2,388.3,8,7,16.9
100,152.1,401.4,9,6,16.9
102,195.2,401.4,8,6,16.9
103,242.1,418.3,9,7,16.9
104,289,401.4,10,6,16.9
105,285.2,418.3,8,7,16.9
106,332.1,401.4,9,6,16.9
107,379,418.3,10,7,16.9
108,375.2,401.4,8,6,16.9
109,422.1,418.3,9,7,16.9
110,169,431.4,10,6,16.9
111,165.2,448.3,8,7,16.9
112,212.1,431.4,9,6,16.9
113,259,448.3,10,7,16.9
114,255.2,431.4,8,6,16.9
115,302.1,448.3,9,7,16.9
116,349,431.4,10,6,16.9
117,345.2,448.3,8,7,16.9
118,392.1,431.4,9,6,16.9
119,439,448.3,10,7,16.9
120,135.2,461.4,8,6,16.9
121,182.1,478.3,9,7,16.9
122,229,461.4,10,6,16.9
123,225.2,478.3,8,7,16.9
124,272.1,461.4,9,6,16.9
125,319,478.3,10,7,16.9
126,315.2,461.4,8,6,16.9
127,362.1,478.3,9,7,16.9
128,409,461.4,10,6,16.9
129,405.2,478.3,8,7,16.9
131,199,508.3,10,7,16.9
13,243,149,9,7,17
46,333,222,9,6,17
97,363,389,9,7,17
101,200,419,10,7,17
130,153,492,9,6,17
1,183,119,9,7,17
3,226,119,8,7,17
5,320,119,10,7,17
7,363,119,9,7,17
8,410,102,10,6,17
9,406,119,8,7,17
10,153,132,9,6,17
11,200,149,10,7,17
12,196,132,8,6,17
14,290,132,10,6,17
15,286,149,8,7,17
16,333,132,9,6,17
17,380,149,10,7,17
18,376,132,8,6,17
19,423,149,9,7,17
20,170,162,10,6,17
21,166,179,8,7,17
22,213,162,9,6,17
23,260,179,10,7,17
24,256,162,8,6,17
26,350,162,10,6,17
27,346,179,8,7,17
28,393,162,9,6,17
29,440,179,10,7,17
30,136,192,8,6,17
31,183,209,9,7,17
32,230,192,10,6,17
33,226,209,8,7,17
34,273,192,9,6,17
35,320,209,10,7,17
36,316,192,8,6,17
37,363,209,9,7,17
38,410,192,10,6,17
39,406,209,8,7,17
40,153,222,9,6,17
41,200,239,10,7,17
42,196,222,8,6,17
43,243,239,9,7,17
44,290,222,10,6,17
45,286,239,8,7,17
47,380,239,10,7,17
48,376,222,8,6,17
49,423,239,9,7,17
50,170,252,10,6,17
51,166,269,8,7,17
52,213,252,9,6,17
53,260,269,10,7,17
54,256,252,8,6,17
55,303,269,9,7,17
56,350,252,10,6,17
57,346,269,8,7,17
58,393,252,9,6,17
59,440,269,10,7,17
60,136,282,8,6,17
61,183,299,9,7,17
62,230,282,10,6,17
63,226,299,8,7,17
64,273,282,9,6,17
65,320,299,10,7,17
66,316,282,8,6,17
67,363,299,9,7,17
68,410,282,10,6,17
69,406,299,8,7,17
70,153,312,9,6,17
71,200,329,10,7,17
72,196,312,8,6,17
73,243,329,9,7,17
74,290,312,10,6,17
75,286,329,8,7,17
76,333,312,9,6,17
77,380,329,10,7,17
78,376,312,8,6,17
79,423,329,9,7,17
80,170,342,10,6,17
81,166,359,8,7,17
82,213,342,9,6,17
83,260,359,10,7,17
84,256,342,8,6,17
85,303,359,9,7,17
86,350,342,10,6,17
87,346,359,8,7,17
88,393,342,9,6,17
89,440,359,10,7,17
90,136,372,8,6,17
91,183,389,9,7,17
92,230,372,10,6,17
93,226,389,8,7,17
94,273,372,9,6,17
95,320,389,10,7,17
96,316,372,8,6,17
98,410,372,10,6,17
99,406,389,8,7,17
100,153,402,9,6,17
102,196,402,8,6,17
103,243,419,9,7,17
104,290,402,10,6,17
105,286,419,8,7,17
106,333,402,9,6,17
107,380,419,10,7,17
108,376,402,8,6,17
109,423,419,9,7,17
110,170,432,10,6,17
111,166,449,8,7,17
112,213,432,9,6,17
113,260,449,10,7,17
114,256,432,8,6,17
115,303,449,9,7,17
116,350,432,10,6,17
117,346,449,8,7,17
118,393,432,9,6,17
119,440,449,10,7,17
120,136,462,8,6,17
121,183,479,9,7,17
122,230,462,10,6,17
123,226,479,8,7,17
124,273,462,9,6,17
125,320,479,10,7,17
126,316,462,8,6,17
127,363,479,9,7,17
128,410,462,10,6,17
129,406,479,8,7,17
131,200,509,10,7,17
13,243.9,149.7,9,7,17.1
46,333.9,222.6,9,6,17.1
97,363.9,389.7,9,7,17.1
101,201,419.7,10,7,17.1
130,153.9,492.6,9,6,17.1
1,183.9,119.7,9,7,17.1
3,226.8,119.7,8,7,17.1
5,321,119.7,10,7,17.1
7,363.9,119.7,9,7,17.1
8,411,102.6,10,6,17.1
9,406.8,119.7,8,7,17.1
10,153.9,132.6,9,6,17.1
11,201,149.7,10,7,17.1
12,196.8,132.6,8,6,17.1
14,291,132.6,10,6,17.1
15,286.8,149.7,8,7,17.1
16,333.9,132.6,9,6,17.1
17,381,149.7,10,7,17.1
18,376.8,132.6,8,6,17.1
19,423.9,149.7,9,7,17.1
20,171,162.6,10,6,17.1
21,166.8,179.7,8,7,17.1
22,213.9,162.6,9,6,17.1
23,261,179.7,10,7,17.1
24,256.8,162.6,8,6,17.1
26,351,162.6,10,6,17.1
27,346.8,179.7,8,7,17.1
28,393.9,162.6,9,6,17.1
29,441,179.7,10,7,17.1
30,136.8,192.6,8,6,17.1
31,183.9,209.7,9,7,17.1
32,231,192.6,10,6,17.1
33,226.8,209.7,8,7,17.1
34,273.9,192.6,9,6,17.1
35,321,209.7,10,7,17.1
36,316.8,192.6,8,6,17.1
37,363.9,209.7,9,7,17.1
38,411,192.6,10,6,17.1
39,406.8,209.7,8,7,17.1
40,153.9,222.6,9,6,17.1
41,201,239.7,10,7,17.1
42,196.8,222.6,8,6,17.1
43,243.9,239.7,9,7,17.1
44,291,222.6,10,6,17.1
45,286.8,239.7,8,7,17.1
47,381,239.7,10,7,17.1
48,376.8,222.6,8,6,17.1
49,423.9,239.7,9,7,17.1
50,171,252.6,10,6,17.1
51,166.8,269.7,8,7,17.1
52,213.9,252.6,9,6,17.1
53,261,269.7,10,7,17.1
54,256.8,252.6,8,6,17.1
55,303.9,269.7,9,7,17.1
56,351,252.6,10,6,17.1
57,346.8,269.7,8,7,17.1
58,393.9,252.6,9,6,17.1
59,441,269.7,10,7,17.1
60,136.8,282.6,8,6,17.1
61,183.9,299.7,9,7,17.1
62,231,282.6,10,6,17.1
63,226.8,299.7,8,7,17.1
64,273.9,282.6,9,6,17.1
65,321,299.7,10,7,17.1
66,316.8,282.6,8,6,17.1
67,363.9,299.7,9,7,17.1
68,411,282.6,10,6,17.1
69,406.8,299.7,8,7,17.1
70,153.9,312.6,9,6,17.1
71,201,329.7,10,7,17.1
72,196.8,312.6,8,6,17.1
73,243.9,329.7,9,7,17.1
74,291,312.6,10,6,17.1
75,286.8,329.7,8,7,17.1
76,333.9,312.6,9,6,17.1
77,381,329.7,10,7,17.1
78,376.8,312.6,8,6,17.1
79,423.9,329.7,9,7,17.1
80,171,342.6,10,6,17.1
81,166.8,359.7,8,7,17.1
82,213.9,342.6,9,6,17.1
83,261,359.7,10,7,17.1
84,256.8,342.6,8,6,17.1
85,303.9,359.7,9,7,17.1
86,351,342.6,10,6,17.1
87,346.8,359.7,8,7,17.1
88,393.9,342.6,9,6,17.1
89,441,359.7,10,7,17.1
90,136.8,372.6,8,6,17.1
91,183.9,389.7,9,7,17.1
92,231,372.6,10,6,17.1
93,226.8,389.7,8,7,17.1
94,273.9,372.6,9,6,17.1
95,321,389.7,10,7,17.1
96,316.8,372.6,8,6,17.1
98,411,372.6,10,6,17.1
99,406.8,389.7,8,7,17.1
100,153.9,402.6,9,6,17.1
102,196.8,402.6,8,6,17.1
103,243.9,419.7,9,7,17.1
104,291,402.6,10,6,17.1
105,286.8,419.7,8,7,17.1
106,333.9,402.6,9,6,17.1
107,381,419.7,10,7,17.1
108,376.8,402.6,8,6,17.1
109,423.9,419.7,9,7,17.1
110,171,432.6,10,6,17.1
111,166.8,449.7,8,7,17.1
112,213.9,432.6,9,6,17.1
113,261,449.7,10,7,17.1
114,256.8,432.6,8,6,17.1
115,303.9,449.7,9,7,17.1
116,351,432.6,10,6,17.1
117,346.8,449.7,8,7,17.1
118,393.9,432.6,9,6,17.1
119,441,449.7,10,7,17.1
120,136.8,462.6,8,6,17.1
121,183.9,479.7,9,7,17.1
122,231,462.6,10,6,17.1
123,226.8,479.7,8,7,17.1
124,273.9,462.6,9,6,17.1
125,321,479.7,10,7,17.1
126,316.8,462.6,8,6,17.1
127,363.9,479.7,9,7,17.1
128,411,462.6,10,6,17.1
129,406.8,479.7,8,7,17.1
131,201,509.7,10,7,17.1
13,244.8,150.4,9,7,17.2
46,334.8,223.2,9,6,17.2
97,364.8,390.4,9,7,17.2
101,202,420.4,10,7,17.2
130,154.8,493.2,9,6,17.2
1,184.8,120.4,9,7,17.2
3,227.6,120.4,8,7,17.2
5,322,120.4,10,7,17.2
7,364.8,120.4,9,7,17.2
8,412,103.2,10,6,17.2
9,407.6,120.4,8,7,17.2
10,154.8,133.2,9,6,17.2
11,202,150.4,10,7,17.2
12,197.6,133.2,8,6,17.2
14,292,133.2,10,6,17.2
15,287.6,150.4,8,7,17.2
16,334.8,133.2,9,6,17.2
17,382,150.4,10,7,17.2
18,377.6,133.2,8,6,17.2
19,424.8,150.4,9,7,17.2
20,172,163.2,10,6,17.2
21,167.6,180.4,8,7,17.2
22,214.8,163.2,9,6,17.2
23,262,180.4,10,7,17.2
24,257.6,163.2,8,6,17.2
26,352,163.2,10,6,17.2
27,347.6,180.4,8,7,17.2
28,394.8,163.2,9,6,17.2
29,442,180.4,10,7,17.2
30,137.6,193.2,8,6,17.2
31,184.8,210.4,9,7,17.2
32,232,193.2,10,6,17.2
33,227.6,210.4,8,7,17.2
34,274.8,193.2,9,6,17.2
35,322,210.4,10,7,17.2
36,317.6,193.2,8,6,17.2
37,364.8,210.4,9,7,17.2
38,412,193.2,10,6,17.2
39,407.6,210.4,8,7,17.2
40,154.8,223.2,9,6,17.2
41,202,240.4,10,7,17.2
42,197.6,223.2,8,6,17.2
43,244.8,240.4,9,7,17.2
44,292,223.2,10,6,17.2
45,287.6,240.4,8,7,17.2
47,382,240.4,10,7,17.2
48,377.6,223.2,8,6,17.2
49,424.8,240.4,9,7,17.2
50,172,253.2,10,6,17.2
51,167.6,270.4,8,7,17.2
52,214.8,253.2,9,6,17.2
53,262,270.4,10,7,17.2
54,257.6,253.2,8,6,17.2
55,304.8,270.4,9,7,17.2
56,352,253.2,10,6,17.2
57,347.6,270.4,8,7,17.2
58,394.8,253.2,9,6,17.2
59,442,270.4,10,7,17.2
60,137.6,283.2,8,6,17.2
61,184.8,300.4,9,7,17.2
62,232,283.2,10,6,17.2
63,227.6,300.4,8,7,17.2
64,274.8,283.2,9,6,17.2
65,322,300.4,10,7,17.2
66,317.6,283.2,8,6,17.2
67,364.8,300.4,9,7,17.2
68,412,283.2,10,6,17.2
69,407.6,300.4,8,7,17.2
70,154.8,313.2,9,6,17.2
71,202,330.4,10,7,17.2
72,197.6,313.2,8,6,17.2
73,244.8,330.4,9,7,17.2
74,292,313.2,10,6,17.2
75,287.6,330.4,8,7,17.2
76,334.8,313.2,9,6,17.2
77,382,330.4,10,7,17.2
78,377.6,313.2,8,6,17.2
79,424.8,330.4,9,7,17.2
80,172,343.2,10,6,17.2
81,167.6,360.4,8,7,17.2
82,214.8,343.2,9,6,17.2
83,262,360.4,10,7,17.2
84,257.6,343.2,8,6,17.2
85,304.8,360.4,9,7,17.2
86,352,343.2,10,6,17.2
87,347.6,360.4,8,7,17.2
88,394.8,343.2,9,6,17.2
89,442,360.4,10,7,17.2
90,137.6,373.2,8,6,17.2
91,184.8,390.4,9,7,17.2
92,232,373.2,10,6,17.2
93,227.6,390.4,8,7,17.2
94,274.8,373.2,9,6,17.2
95,322,390.4,10,7,17.2
96,317.6,373.2,8,6,17.2
98,412,373.2,10,6,17.2
99,407.6,390.4,8,7,17.2
100,154.8,403.2,9,6,17.2
102,197.6,403.2,8,6,17.2
103,244.8,420.4,9,7,17.2
104,292,403.2,10,6,17.2
105,287.6,420.4,8,7,17.2
106,334.8,403.2,9,6,17.2
107,382,420.4,10,7,17.2
108,377.6,403.2,8,6,17.2
109,424.8,420.4,9,7,17.2
110,172,433.2,10,6,17.2
111,167.6,450.4,8,7,17.2
112,214.8,433.2,9,6,17.2
113,262,450.4,10,7,17.2
114,257.6,433.2,8,6,17.2
115,304.8,450.4,9,7,17.2
116,352,433.2,10,6,17.2
117,347.6,450.4,8,7,17.2
118,394.8,433.2,9,6,17.2
119,442,450.4,10,7,17.2
120,137.6,463.2,8,6,17.2
121,184.8,480.4,9,7,17.2
122,232,463.2,10,6,17.2
123,227.6,480.4,8,7,17.2
124,274.8,463.2,9,6,17.2
125,322,480.4,10,7,17.2
126,317.6,463.2,8,6,17.2
127,364.8,480.4,9,7,17.2
128,412,463.2,10,6,17.2
129,407.6,480.4,8,7,17.2
131,202,510.4,10,7,17.2
13,245.7,151.1,9,7,17.3
46,335.7,223.8,9,6,17.3
97,365.7,391.1,9,7,17.3
101,203,421.1,10,7,17.3
130,155.7,493.8,9,6,17.3
1,185.7,121.1,9,7,17.3
3,228.4,121.1,8,7,17.3
5,323,121.1,10,7,17.3
7,365.7,121.1,9,7,17.3
8,413,103.8,10,6,17.3
9,408.4,121.1,8,7,17.3
10,155.7,133.8,9,6,17.3
11,203,151.1,10,7,17.3
12,198.4,133.8,8,6,17.3
14,293,133.8,10,6,17.3
15,288.4,151.1,8,7,17.3
16,335.7,133.8,9,6,17.3
17,383,151.1,10,7,17.3
18,378.4,133.8,8,6,17.3
19,425.7,151.1,9,7,17.3
20,173,163.8,10,6,17.3
21,168.4,181.1,8,7,17.3
22,215.7,163.8,9,6,17.3
23,263,181.1,10,7,17.3
24,258.4,163.8,8,6,17.3
26,353,163.8,10,6,17.3
27,348.4,181.1,8,7,17.3
28,395.7,163.8,9,6,17.3
29,443,181.1,10,7,17.3
30,138.4,193.8,8,6,17.3
31,185.7,211.1,9,7,17.3
32,233,193.8,10,6,17.3
33,228.4,211.1,8,7,17.3
34,275.7,193.8,9,6,17.3
35,323,211.1,10,7,17.3
36,318.4,193.8,8,6,17.3
37,365.7,211.1,9,7,17.3
38,413,193.8,10,6,17.3
39,408.4,211.1,8,7,17.3
40,155.7,223.8,9,6,17.3
41,203,241.1,10,7,17.3
42,198.4,223.8,8,6,17.3
43,245.7,241.1,9,7,17.3
44,293,223.8,10,6,17.3
45,288.4,241.1,8,7,17.3
47,383,241.1,10,7,17.3
48,378.4,223.8,8,6,17.3
49,425.7,241.1,9,7,17.3
50,173,253.8,10,6,17.3
51,168.4,271.1,8,7,17.3
52,215.7,253.8,9,6,17.3
53,263,271.1,10,7,17.3
54,258.4,253.8,8,6,17.3
55,305.7,271.1,9,7,17.3
56,353,253.8,10,6,17.3
57,348.4,271.1,8,7,17.3
58,395.7,253.8,9,6,17.3
59,443,271.1,10,7,17.3
60,138.4,283.8,8,6,17.3
61,185.7,301.1,9,7,17.3
62,233,283.8,10,6,17.3
63,228.4,301.1,8,7,17.3
64,275.7,283.8,9,6,17.3
65,323,301.1,10,7,17.3
66,318.4,283.8,8,6,17.3
67,365.7,301.1,9,7,17.3
68,413,283.8,10,6,17.3
69,408.4,301.1,8,7,17.3
70,155.7,313.8,9,6,17.3
71,203,331.1,10,7,17.3
72,198.4,313.8,8,6,17.3
73,245.7,331.1,9,7,17.3
74,293,313.8,10,6,17.3
75,288.4,331.1,8,7,17.3
76,335.7,313.8,9,6,17.3
77,383,331.1,10,7,17.3
78,378.4,313.8,8,6,17.3
79,425.7,331.1,9,7,17.3
80,173,343.8,10,6,17.3
81,168.4,361.1,8,7,17.3
82,215.7,343.8,9,6,17.3
83,263,361.1,10,7,17.3
84,258.4,343.8,8,6,17.3
85,305.7,361.1,9,7,17.3
86,353,343.8,10,6,17.3
87,348.4,361.1,8,7,17.3
88,395.7,343.8,9,6,17.3
89,443,361.1,10,7,17.3
90,138.4,373.8,8,6,17.3
91,185.7,391.1,9,7,17.3
92,233,373.8,10,6,17.3
93,228.4,391.1,8,7,17.3
94,275.7,373.8,9,6,17.3
95,323,391.1,10,7,17.3
96,318.4,373.8,8,6,17.3
98,413,373.8,10,6,17.3
99,408.4,391.1,8,7,17.3
100,155.7,403.8,9,6,17.3
102,198.4,403.8,8,6,17.3
103,245.7,421.1,9,7,17.3
104,293,403.8,10,6,17.3
105,288.4,421.1,8,7,17.3
106,335.7,403.8,9,6,17.3
107,383,421.1,10,7,17.3
108,378.4,403.8,8,6,17.3
109,425.7,421.1,9,7,17.3
110,173,433.8,10,6,17.3
111,168.4,451.1,8,7,17.3
112,215.7,433.8,9,6,17.3
113,263,451.1,10,7,17.3
114,258.4,433.8,8,6,17.3
115,305.7,451.1,9,7,17.3
116,353,433.8,10,6,17.3
117,348.4,451.1,8,7,17.3
118,395.7,433.8,9,6,17.3
119,443,451.1,10,7,17.3
120,138.4,463.8,8,6,17.3
121,185.7,481.1,9,7,17.3
122,233,463.8,10,6,17.3
123,228.4,481.1,8,7,17.3
124,275.7,463.8,9,6,17.3
125,323,481.1,10,7,17.3
126,318.4,463.8,8,6,17.3
127,365.7,481.1,9,7,17.3
128,413,463.8,10,6,17.3
129,408.4,481.1,8,7,17.3
131,203,511.1,10,7,17.3
13,246.6,151.8,9,7,17.4
46,336.6,224.4,9,6,17.4
97,366.6,391.8,9,7,17.4
101,204,421.8,10,7,17.4
130,156.6,494.4,9,6,17.4
1,186.6,121.8,9,7,17.4
3,229.2,121.8,8,7,17.4
5,324,121.8,10,7,17.4
7,366.6,121.8,9,7,17.4
8,414,104.4,10,6,17.4
9,409.2,121.8,8,7,17.4
10,156.6,134.4,9,6,17.4
11,204,151.8,10,7,17.4
12,199.2,134.4,8,6,17.4
14,294,134.4,10,6,17.4
15,289.2,151.8,8,7,17.4
16,336.6,134.4,9,6,17.4
17,384,151.8,10,7,17.4
18,379.2,134.4,8,6,17.4
19,426.6,151.8,9,7,17.4
20,174,164.4,10,6,17.4
21,169.2,181.8,8,7,17.4
22,216.6,164.4,9,6,17.4
23,264,181.8,10,7,17.4
24,259.2,164.4,8,6,17.4
26,354,164.4,10,6,17.4
27,349.2,181.8,8,7,17.4
28,396.6,164.4,9,6,17.4
29,444,181.8,10,7,17.4
30,139.2,194.4,8,6,17.4
31,186.6,211.8,9,7,17.4
32,234,194.4,10,6,17.4
33,229.2,211.8,8,7,17.4
34,276.6,194.4,9,6,17.4
35,324,211.8,10,7,17.4
36,319.2,194.4,8,6,17.4
37,366.6,211.8,9,7,17.4
38,414,194.4,10,6,17.4
39,409.2,211.8,8,7,17.4
40,156.6,224.4,9,6,17.4
41,204,241.8,10,7,17.4
42,199.2,224.4,8,6,17.4
43,246.6,241.8,9,7,17.4
44,294,224.4,10,6,17.4
45,289.2,241.8,8,7,17.4
47,384,241.8,10,7,17.4
48,379.2,224.4,8,6,17.4
49,426.6,241.8,9,7,17.4
50,174,254.4,10,6,17.4
51,169.2,271.8,8,7,17.4
52,216.6,254.4,9,6,17.4
53,264,271.8,10,7,17.4
54,259.2,254.4,8,6,17.4
55,306.6,271.8,9,7,17.4
56,354,254.4,10,6,17.4
57,349.2,271.8,8,7,17.4
58,396.6,254.4,9,6,17.4
59,444,271.8,10,7,17.4
60,139.2,284.4,8,6,17.4
61,186.6,301.8,9,7,17.4
62,234,284.4,10,6,17.4
63,229.2,301.8,8,7,17.4
64,276.6,284.4,9,6,17.4
65,324,301.8,10,7,17.4
66,319.2,284.4,8,6,17.4
67,366.6,301.8,9,7,17.4
68,414,284.4,10,6,17.4
69,409.2,301.8,8,7,17.4
70,156.6,314.4,9,6,17.4
71,204,331.8,10,7,17.4
72,199.2,314.4,8,6,17.4
73,246.6,331.8,9,7,17.4
74,294,314.4,10,6,17.4
75,289.2,331.8,8,7,17.4
76,336.6,314.4,9,6,17.4
77,384,331.8,10,7,17.4
78,379.2,314.4,8,6,17.4
79,426.6,331.8,9,7,17.4
80,174,344.4,10,6,17.4
81,169.2,361.8,8,7,17.4
82,216.6,344.4,9,6,17.4
83,264,361.8,10,7,17.4
84,259.2,344.4,8,6,17.4
85,306.6,361.8,9,7,17.4
86,354,344.4,10,6,17.4
87,349.2,361.8,8,7,17.4
88,396.6,344.4,9,6,17.4
89,444,361.8,10,7,17.4
90,139.2,374.4,8,6,17.4
91,186.6,391.8,9,7,17.4
92,234,374.4,10,6,17.4
93,229.2,391.8,8,7,17.4
94,276.6,374.4,9,6,17.4
95,324,391.8,10,7,17.4
96,319.2,374.4,8,6,17.4
98,414,374.4,10,6,17.4
99,409.2,391.8,8,7,17.4
100,156.6,404.4,9,6,17.4
102,199.2,404.4,8,6,17.4
103,246.6,421.8,9,7,17.4
104,294,404.4,10,6,17.4
105,289.2,421.8,8,7,17.4
106,336.6,404.4,9,6,17.4
107,384,421.8,10,7,17.4
108,379.2,404.4,8,6,17.4
109,426.6,421.8,9,7,17.4
110,174,434.4,10,6,17.4
111,169.2,451.8,8,7,17.4
112,216.6,434.4,9,6,17.4
113,264,451.8,10,7,17.4
114,259.2,434.4,8,6,17.4
115,306.6,451.8,9,7,17.4
116,354,434.4,10,6,17.4
117,349.2,451.8,8,7,17.4
118,396.6,434.4,9,6,17.4
119,444,451.8,10,7,17.4
120,139.2,464.4,8,6,17.4
121,186.6,481.8,9,7,17.4
122,234,464.4,10,6,17.4
123,229.2,481.8,8,7,17.4
124,276.6,464.4,9,6,17.4
125,324,481.8,10,7,17.4
126,319.2,464.4,8,6,17.4
127,366.6,481.8,9,7,17.4
128,414,464.4,10,6,17.4
129,409.2,481.8,8,7,17.4
131,204,511.8,10,7,17.4
13,247.5,152.5,9,7,17.5
46,337.5,225,9,6,17.5
97,367.5,392.5,9,7,17.5
101,205,422.5,10,7,17.5
130,157.5,495,9,6,17.5
1,187.5,122.5,9,7,17.5
3,230,122.5,8,7,17.5
5,325,122.5,10,7,17.5
7,367.5,122.5,9,7,17.5
8,415,105,10,6,17.5
9,410,122.5,8,7,17.5
10,157.5,135,9,6,17.5
11,205,152.5,10,7,17.5
12,200,135,8,6,17.5
14,295,135,10,6,17.5
15,290,152.5,8,7,17.5
16,337.5,135,9,6,17.5
17,385,152.5,10,7,17.5
18,380,135,8,6,17.5
19,427.5,152.5,9,7,17.5
20,175,165,10,6,17.5
21,170,182.5,8,7,17.5
22,217.5,165,9,6,17.5
23,265,182.5,10,7,17.5
24,260,165,8,6,17.5
26,355,165,10,6,17.5
27,350,182.5,8,7,17.5
28,397.5,165,9,6,17.5
29,445,182.5,10,7,17.5
30,140,195,8,6,17.5
31,187.5,212.5,9,7,17.5
32,235,195,10,6,17.5
33,230,212.5,8,7,17.5
34,277.5,195,9,6,17.5
35,325,212.5,10,7,17.5
36,320,195,8,6,17.5
37,367.5,212.5,9,7,17.5
38,415,195,10,6,17.5
39,410,212.5,8,7,17.5
40,157.5,225,9,6,17.5
41,205,242.5,10,7,17.5
42,200,225,8,6,17.5
43,247.5,242.5,9,7,17.5
44,295,225,10,6,17.5
45,290,242.5,8,7,17.5
47,385,242.5,10,7,17.5
48,380,225,8,6,17.5
49,427.5,242.5,9,7,17.5
50,175,255,10,6,17.5
51,170,272.5,8,7,17.5
52,217.5,255,9,6,17.5
53,265,272.5,10,7,17.5
54,260,255,8,6,17.5
55,307.5,272.5,9,7,17.5
56,355,255,10,6,17.5
57,350,272.5,8,7,17.5
58,397.5,255,9,6,17.5
59,445,272.5,10,7,17.5
60,140,285,8,6,17.5
61,187.5,302.5,9,7,17.5
62,235,285,10,6,17.5
63,230,302.5,8,7,17.5
64,277.5,285,9,6,17.5
65,325,302.5,10,7,17.5
66,320,285,8,6,17.5
67,367.5,302.5,9,7,17.5
68,415,285,10,6,17.5
69,410,302.5,8,7,17.5
70,157.5,315,9,6,17.5
71,205,332.5,10,7,17.5
72,200,315,8,6,17.5
73,247.5,332.5,9,7,17.5
74,295,315,10,6,17.5
75,290,332.5,8,7,17.5
76,337.5,315,9,6,17.5
77,385,332.5,10,7,17.5
78,380,315,8,6,17.5
79,427.5,332.5,9,7,17.5
80,175,345,10,6,17.5
81,170,362.5,8,7,17.5
82,217.5,345,9,6,17.5
83,265,362.5,10,7,17.5
84,260,345,8,6,17.5
85,307.5,362.5,9,7,17.5
86,355,345,10,6,17.5
87,350,362.5,8,7,17.5
88,397.5,345,9,6,17.5
89,445,362.5,10,7,17.5
90,140,375,8,6,17.5
91,187.5,392.5,9,7,17.5
92,235,375,10,6,17.5
93,230,392.5,8,7,17.5
94,277.5,375,9,6,17.5
95,325,392.5,10,7,17.5
96,320,375,8,6,17.5
98,415,375,10,6,17.5
99,410,392.5,8,7,17.5
100,157.5,405,9,6,17.5
102,200,405,8,6,17.5
103,247.5,422.5,9,7,17.5
104,295,405,10,6,17.5
105,290,422.5,8,7,17.5
106,337.5,405,9,6,17.5
107,385,422.5,10,7,17.5
108,380,405,8,6,17.5
109,427.5,422.5,9,7,17.5
110,175,435,10,6,17.5
111,170,452.5,8,7,17.5
112,217.5,435,9,6,17.5
113,265,452.5,10,7,17.5
114,260,435,8,6,17.5
115,307.5,452.5,9,7,17.5
116,355,435,10,6,17.5
117,350,452.5,8,7,17.5
118,397.5,435,9,6,17.5
119,445,452.5,10,7,17.5
120,140,465,8,6,17.5
121,187.5,482.5,9,7,17.5
122,235,465,10,6,17.5
123,230,482.5,8,7,17.5
124,277.5,465,9,6,17.5
125,325,482.5,10,7,17.5
126,320,465,8,6,17.5
127,367.5,482.5,9,7,17.5
128,415,465,10,6,17.5
129,410,482.5,8,7,17.5
131,205,512.5,10,7,17.5
13,248.4,153.2,9,7,17.6
46,338.4,225.6,9,6,17.6
97,368.4,393.2,9,7,17.6
101,206,423.2,10,7,17.6
130,158.4,495.6,9,6,17.6
1,188.4,123.2,9,7,17.6
3,230.8,123.2,8,7,17.6
5,326,123.2,10,7,17.6
7,368.4,123.2,9,7,17.6
8,416,105.6,10,6,17.6
9,410.8,123.2,8,7,17.6
10,158.4,135.6,9,6,17.6
11,206,153.2,10,7,17.6
12,200.8,135.6,8,6,17.6
14,296,135.6,10,6,17.6
15,290.8,153.2,8,7,17.6
16,338.4,135.6,9,6,17.6
17,386,153.2,10,7,17.6
18,380.8,135.6,8,6,17.6
19,428.4,153.2,9,7,17.6
20,176,165.6,10,6,17.6
21,170.8,183.2,8,7,17.6
22,218.4,165.6,9,6,17.6
23,266,183.2,10,7,17.6
24,260.8,165.6,8,6,17.6
26,356,165.6,10,6,17.6
27,350.8,183.2,8,7,17.6
28,398.4,165.6,9,6,17.6
29,446,183.2,10,7,17.6
30,140.8,195.6,8,6,17.6
31,188.4,213.2,9,7,17.6
32,236,195.6,10,6,17.6
33,230.8,213.2,8,7,17.6
34,278.4,195.6,9,6,17.6
35,326,213.2,10,7,17.6
36,320.8,195.6,8,6,17.6
37,368.4,213.2,9,7,17.6
38,416,195.6,10,6,17.6
39,410.8,213.2,8,7,17.6
40,158.4,225.6,9,6,17.6
41,206,243.2,10,7,17.6
42,200.8,225.6,8,6,17.6
43,248.4,243.2,9,7,17.6
44,296,225.6,10,6,17.6
45,290.8,243.2,8,7,17.6
47,386,243.2,10,7,17.6
48,380.8,225.6,8,6,17.6
49,428.4,243.2,9,7,17.6
50,176,255.6,10,6,17.6
51,170.8,273.2,8,7,17.6
52,218.4,255.6,9,6,17.6
53,266,273.2,10,7,17.6
54,260.8,255.6,8,6,17.6
55,308.4,273.2,9,7,17.6
56,356,255.6,10,6,17.6
57,350.8,273.2,8,7,17.6
58,398.4,255.6,9,6,17.6
59,446,273.2,10,7,17.6
60,140.8,285.6,8,6,17.6
61,188.4,303.2,9,7,17.6
62,236,285.6,10,6,17.6
63,230.8,303.2,8,7,17.6
64,278.4,285.6,9,6,17.6
65,326,303.2,10,7,17.6
66,320.8,285.6,8,6,17.6
67,368.4,303.2,9,7,17.6
68,416,285.6,10,6,17.6
69,410.8,303.2,8,7,17.6
70,158.4,315.6,9,6,17.6
71,206,333.2,10,7,17.6
72,200.8,315.6,8,6,17.6
73,248.4,333.2,9,7,17.6
74,296,315.6,10,6,17.6
75,290.8,333.2,8,7,17.6
76,338.4,315.6,9,6,17.6
77,386,333.2,10,7,17.6
78,380.8,315.6,8,6,17.6
79,428.4,333.2,9,7,17.6
80,176,345.6,10,6,17.6
81,170.8,363.2,8,7,17.6
82,218.4,345.6,9,6,17.6
83,266,363.2,10,7,17.6
84,260.8,345.6,8,6,17.6
85,308.4,363.2,9,7,17.6
86,356,345.6,10,6,17.6
87,350.8,363.2,8,7,17.6
88,398.4,345.6,9,6,17.6
89,446,363.2,10,7,17.6
90,140.8,375.6,8,6,17.6
91,188.4,393.2,9,7,17.6
92,236,375.6,10,6,17.6
93,230.8,393.2,8,7,17.6
94,278.4,375.6,9,6,17.6
95,326,393.2,10,7,17.6
96,320.8,375.6,8,6,17.6
98,416,375.6,10,6,17.6
99,410.8,393.2,8,7,17.6
100,158.4,405.6,9,6,17.6
102,200.8,405.6,8,6,17.6
103,248.4,423.2,9,7,17.6
104,296,405.6,10,6,17.6
105,290.8,423.2,8,7,17.6
106,338.4,405.6,9,6,17.6
107,386,423.2,10,7,17.6
108,380.8,405.6,8,6,17.6
109,428.4,423.2,9,7,17.6
110,176,435.6,10,6,17.6
111,170.8,453.2,8,7,17.6
112,218.4,435.6,9,6,17.6
113,266,453.2,10,7,17.6
114,260.8,435.6,8,6,17.6
115,308.4,453.2,9,7,17.6
116,356,435.6,10,6,17.6
117,350.8,453.2,8,7,17.6
118,398.4,435.6,9,6,17.6
119,446,453.2,10,7,17.6
120,140.8,465.6,8,6,17.6
121,188.4,483.2,9,7,17.6
122,236,465.6,10,6,17.6
123,230.8,483.2,8,7,17.6
124,278.4,465.6,9,6,17.6
125,326,483.2,10,7,17.6
126,320.8,465.6,8,6,17.6
127,368.4,483.2,9,7,17.6
128,416,465.6,10,6,17.6
129,410.8,483.2,8,7,17.6
131,206,513.2,10,7,17.6
13,249.3,153.9,9,7,17.7
46,339.3,226.2,9,6,17.7
97,369.3,393.9,9,7,17.7
101,207,423.9,10,7,17.7
130,159.3,496.2,9,6,17.7
1,189.3,123.9,9,7,17.7
3,231.6,123.9,8,7,17.7
5,327,123.9,10,7,17.7
7,369.3,123.9,9,7,17.7
8,417,106.2,10,6,17.7
9,411.6,123.9,8,7,17.7
10,159.3,136.2,9,6,17.7
11,207,153.9,10,7,17.7
12,201.6,136.2,8,6,17.7
14,297,136.2,10,6,17.7
15,291.6,153.9,8,7,17.7
16,339.3,136.2,9,6,17.7
17,387,153.9,10,7,17.7
18,381.6,136.2,8,6,17.7
19,429.3,153.9,9,7,17.7
20,177,166.2,10,6,17.7
21,171.6,183.9,8,7,17.7
22,219.3,166.2,9,6,17.7
23,267,183.9,10,7,17.7
24,261.6,166.2,8,6,17.7
26,357,166.2,10,6,17.7
27,351.6,183.9,8,7,17.7
28,399.3,166.2,9,6,17.7
29,447,183.9,10,7,17.7
30,141.6,196.2,8,6,17.7
31,189.3,213.9,9,7,17.7
32,237,196.2,10,6,17.7
33,231.6,213.9,8,7,17.7
34,279.3,196.2,9,6,17.7
35,327,213.9,10,7,17.7
36,321.6,196.2,8,6,17.7
37,369.3,213.9,9,7,17.7
38,417,196.2,10,6,17.7
39,411.6,213.9,8,7,17.7
40,159.3,226.2,9,6,17.7
41,207,243.9,10,7,17.7
42,201.6,226.2,8,6,17.7
43,249.3,243.9,9,7,17.7
44,297,226.2,10,6,17.7
45,291.6,243.9,8,7,17.7
47,387,243.9,10,7,17.7
48,381.6,226.2,8,6,17.7
49,429.3,243.9,9,7,17.7
50,177,256.2,10,6,17.7
51,171.6,273.9,8,7,17.7
52,219.3,256.2,9,6,17.7
53,267,273.9,10,7,17.7
54,261.6,256.2,8,6,17.7
55,309.3,273.9,9,7,17.7
56,357,256.2,10,6,17.7
57,351.6,273.9,8,7,17.7
58,399.3,256.2,9,6,17.7
59,447,273.9,10,7,17.7
60,141.6,286.2,8,6,17.7
61,189.3,303.9,9,7,17.7
62,237,286.2,10,6,17.7
63,231.6,303.9,8,7,17.7
64,279.3,286.2,9,6,17.7
65,327,303.9,10,7,17.7
66,321.6,286.2,8,6,17.7
67,369.3,303.9,9,7,17.7
68,417,286.2,10,6,17.7
69,411.6,303.9,8,7,17.7
70,159.3,316.2,9,6,17.7
71,207,333.9,10,7,17.7
72,201.6,316.2,8,6,17.7
73,249.3,333.9,9,7,17.7
74,297,316.2,10,6,17.7
75,291.6,333.9,8,7,17.7
76,339.3,316.2,9,6,17.7
77,387,333.9,10,7,17.7
78,381.6,316.2,8,6,17.7
79,429.3,333.9,9,7,17.7
80,177,346.2,10,6,17.7
81,171.6,363.9,8,7,17.7
82,219.3,346.2,9,6,17.7
83,267,363.9,10,7,17.7
84,261.6,346.2,8,6,17.7
85,309.3,363.9,9,7,17.7
86,357,346.2,10,6,17.7
87,351.6,363.9,8,7,17.7
88,399.3,346.2,9,6,17.7
89,447,363.9,10,7,17.7
90,141.6,376.2,8,6,17.7
91,189.3,393.9,9,7,17.7
92,237,376.2,10,6,17.7
93,231.6,393.9,8,7,17.7
94,279.3,376.2,9,6,17.7
95,327,393.9,10,7,17.7
96,321.6,376.2,8,6,17.7
98,417,376.2,10,6,17.7
99,411.6,393.9,8,7,17.7
100,159.3,406.2,9,6,17.7
102,201.6,406.2,8,6,17.7
103,249.3,423.9,9,7,17.7
104,297,406.2,10,6,17.7
105,291.6,423.9,8,7,17.7
106,339.3,406.2,9,6,17.7
107,387,423.9,10,7,17.7
108,381.6,406.2,8,6,17.7
109,429.3,423.9,9,7,17.7
110,177,436.2,10,6,17.7
111,171.6,453.9,8,7,17.7
112,219.3,436.2,9,6,17.7
113,267,453.9,10,7,17.7
114,261.6,436.2,8,6,17.7
115,309.3,453.9,9,7,17.7
116,357,436.2,10,6,17.7
117,351.6,453.9,8,7,17.7
118,399.3,436.2,9,6,17.7
119,447,453.9,10,7,17.7
120,141.6,466.2,8,6,17.7
121,189.3,483.9,9,7,17.7
122,237,466.2,10,6,17.7
123,231.6,483.9,8,7,17.7
124,279.3,466.2,9,6,17.7
125,327,483.9,10,7,17.7
126,321.6,466.2,8,6,17.7
127,369.3,483.9,9,7,17.7
128,417,466.2,10,6,17.7
129,411.6,483.9,8,7,17.7
131,207,513.9,10,7,17.7
13,250.2,154.6,9,7,17.8
46,340.2,226.8,9,6,17.8
97,370.2,394.6,9,7,17.8
101,208,424.6,10,7,17.8
130,160.2,496.8,9,6,17.8
1,190.2,124.6,9,7,17.8
3,232.4,124.6,8,7,17.8
5,328,124.6,10,7,17.8
7,370.2,124.6,9,7,17.8
8,418,106.8,10,6,17.8
9,412.4,124.6,8,7,17.8
10,160.2,136.8,9,6,17.8
11,208,154.6,10,7,17.8
12,202.4,136.8,8,6,17.8
14,298,136.8,10,6,17.8
15,292.4,154.6,8,7,17.8
16,340.2,136.8,9,6,17.8
17,388,154.6,10,7,17.8
18,382.4,136.8,8,6,17.8
19,430.2,154.6,9,7,17.8
20,178,166.8,10,6,17.8
21,172.4,184.6,8,7,17.8
22,220.2,166.8,9,6,17.8
23,268,184.6,10,7,17.8
24,262.4,166.8,8,6,17.8
26,358,166.8,10,6,17.8
27,352.4,184.6,8,7,17.8
28,400.2,166.8,9,6,17.8
29,448,184.6,10,7,17.8
30,142.4,196.8,8,6,17.8
31,190.2,214.6,9,7,17.8
32,238,196.8,10,6,17.8
33,232.4,214.6,8,7,17.8
34,280.2,196.8,9,6,17.8
35,328,214.6,10,7,17.8
36,322.4,196.8,8,6,17.8
37,370.2,214.6,9,7,17.8
38,418,196.8,10,6,17.8
39,412.4,214.6,8,7,17.8
40,160.2,226.8,9,6,17.8
41,208,244.6,10,7,17.8
42,202.4,226.8,8,6,17.8
43,250.2,244.6,9,7,17.8
44,298,226.8,10,6,17.8
45,292.4,244.6,8,7,17.8
47,388,244.6,10,7,17.8
48,382.4,226.8,8,6,17.8
49,430.2,244.6,9,7,17.8
50,178,256.8,10,6,17.8
51,172.4,274.6,8,7,17.8
52,220.2,256.8,9,6,17.8
53,268,274.6,10,7,17.8
54,262.4,256.8,8,6,17.8
55,310.2,274.6,9,7,17.8
56,358,256.8,10,6,17.8
57,352.4,274.6,8,7,17.8
58,400.2,256.8,9,6,17.8
59,448,274.6,10,7,17.8
60,142.4,286.8,8,6,17.8
61,190.2,304.6,9,7,17.8
62,238,286.8,10,6,17.8
63,232.4,304.6,8,7,17.8
64,280.2,286.8,9,6,17.8
65,328,304.6,10,7,17.8
66,322.4,286.8,8,6,17.8
67,370.2,304.6,9,7,17.8
68,418,286.8,10,6,17.8
69,412.4,304.6,8,7,17.8
70,160.2,316.8,9,6,17.8
71,208,334.6,10,7,17.8
72,202.4,316.8,8,6,17.8
73,250.2,334.6,9,7,17.8
74,298,316.8,10,6,17.8
75,292.4,334.6,8,7,17.8
76,340.2,316.8,9,6,17.8
77,388,334.6,10,7,17.8
78,382.4,316.8,8,6,17.8
79,430.2,334.6,9,7,17.8
80,178,346.8,10,6,17.8
81,172.4,364.6,8,7,17.8
82,220.2,346.8,9,6,17.8
83,268,364.6,10,7,17.8
84,262.4,346.8,8,6,17.8
85,310.2,364.6,9,7,17.8
86,358,346.8,10,6,17.8
87,352.4,364.6,8,7,17.8
88,400.2,346.8,9,6,17.8
89,448,364.6,10,7,17.8
90,142.4,376.8,8,6,17.8
91,190.2,394.6,9,7,17.8
92,238,376.8,10,6,17.8
93,232.4,394.6,8,7,17.8
94,280.2,376.8,9,6,17.8
95,328,394.6,10,7,17.8
96,322.4,376.8,8,6,17.8
98,418,376.8,10,6,17.8
99,412.4,394.6,8,7,17.8
100,160.2,406.8,9,6,17.8
102,202.4,406.8,8,6,17.8
103,250.2,424.6,9,7,17.8
104,298,406.8,10,6,17.8
105,292.4,424.6,8,7,17.8
106,340.2,406.8,9,6,17.8
107,388,424.6,10,7,17.8
108,382.4,406.8,8,6,17.8
109,430.2,424.6,9,7,17.8
110,178,436.8,10,6,17.8
111,172.4,454.6,8,7,17.8
112,220.2,436.8,9,6,17.8
113,268,454.6,10,7,17.8
114,262.4,436.8,8,6,17.8
115,310.2,454.6,9,7,17.8
116,358,436.8,10,6,17.8
117,352.4,454.6,8,7,17.8
118,400.2,436.8,9,6,17.8
119,448,454.6,10,7,17.8
120,142.4,466.8,8,6,17.8
121,190.2,484.6,9,7,17.8
122,238,466.8,10,6,17.8
123,232.4,484.6,8,7,17.8
124,280.2,466.8,9,6,17.8
125,328,484.6,10,7,17.8
126,322.4,466.8,8,6,17.8
127,370.2,484.6,9,7,17.8
128,418,466.8,10,6,17.8
129,412.4,484.6,8,7,17.8
131,208,514.6,10,7,17.8
13,251.1,155.3,9,7,17.9
46,341.1,227.4,9,6,17.9
97,371.1,395.3,9,7,17.9
101,209,425.3,10,7,17.9
130,161.1,497.4,9,6,17.9
1,191.1,125.3,9,7,17.9
3,233.2,125.3,8,7,17.9
5,329,125.3,10,7,17.9
7,371.1,125.3,9,7,17.9
8,419,107.4,10,6,17.9
9,413.2,125.3,8,7,17.9
10,161.1,137.4,9,6,17.9
11,209,155.3,10,7,17.9
12,203.2,137.4,8,6,17.9
14,299,137.4,10,6,17.9
15,293.2,155.3,8,7,17.9
16,341.1,137.4,9,6,17.9
17,389,155.3,10,7,17.9
18,383.2,137.4,8,6,17.9
19,431.1,155.3,9,7,17.9
20,179,167.4,10,6,17.9
21,173.2,185.3,8,7,17.9
22,221.1,167.4,9,6,17.9
23,269,185.3,10,7,17.9
24,263.2,167.4,8,6,17.9
26,359,167.4,10,6,17.9
27,353.2,185.3,8,7,17.9
28,401.1,167.4,9,6,17.9
29,449,185.3,10,7,17.9
30,143.2,197.4,8,6,17.9
31,191.1,215.3,9,7,17.9
32,239,197.4,10,6,17.9
33,233.2,215.3,8,7,17.9
34,281.1,197.4,9,6,17.9
35,329,215.3,10,7,17.9
36,323.2,197.4,8,6,17.9
37,371.1,215.3,9,7,17.9
38,419,197.4,10,6,17.9
39,413.2,215.3,8,7,17.9
40,161.1,227.4,9,6,17.9
41,209,245.3,10,7,17.9
42,203.2,227.4,8,6,17.9
43,251.1,245.3,9,7,17.9
44,299,227.4,10,6,17.9
45,293.2,245.3,8,7,17.9
47,389,245.3,10,7,17.9
48,383.2,227.4,8,6,17.9
49,431.1,245.3,9,7,17.9
50,179,257.4,10,6,17.9
51,173.2,275.3,8,7,17.9
52,221.1,257.4,9,6,17.9
53,269,275.3,10,7,17.9
54,263.2,257.4,8,6,17.9
55,311.1,275.3,9,7,17.9
56,359,257.4,10,6,17.9
57,353.2,275.3,8,7,17.9
58,401.1,257.4,9,6,17.9
59,449,275.3,10,7,17.9
60,143.2,287.4,8,6,17.9
61,191.1,305.3,9,7,17.9
62,239,287.4,10,6,17.9
63,233.2,305.3,8,7,17.9
64,281.1,287.4,9,6,17.9
65,329,305.3,10,7,17.9
66,323.2,287.4,8,6,17.9
67,371.1,305.3,9,7,17.9
68,419,287.4,10,6,17.9
69,413.2,305.3,8,7,17.9
70,161.1,317.4,9,6,17.9
71,209,335.3,10,7,17.9
72,203.2,317.4,8,6,17.9
73,251.1,335.3,9,7,17.9
74,299,317.4,10,6,17.9
75,293.2,335.3,8,7,17.9
76,341.1,317.4,9,6,17.9
77,389,335.3,10,7,17.9
78,383.2,317.4,8,6,17.9
79,431.1,335.3,9,7,17.9
80,179,347.4,10,6,17.9
81,173.2,365.3,8,7,17.9
82,221.1,347.4,9,6,17.9
83,269,365.3,10,7,17.9
84,263.2,347.4,8,6,17.9
85,311.1,365.3,9,7,17.9
86,359,347.4,10,6,17.9
87,353.2,365.3,8,7,17.9
88,401.1,347.4,9,6,17.9
89,449,365.3,10,7,17.9
90,143.2,377.4,8,6,17.9
91,191.1,395.3,9,7,17.9
92,239,377.4,10,6,17.9
93,233.2,395.3,8,7,17.9
94,281.1,377.4,9,6,17.9
95,329,395.3,10,7,17.9
96,323.2,377.4,8,6,17.9
98,419,377.4,10,6,17.9
99,413.2,395.3,8,7,17.9
100,161.1,407.4,9,6,17.9
102,203.2,407.4,8,6,17.9
103,251.1,425.3,9,7,17.9
104,299,407.4,10,6,17.9
105,293.2,425.3,8,7,17.9
106,341.1,407.4,9,6,17.9
107,389,425.3,10,7,17.9
108,383.2,407.4,8,6,17.9
109,431.1,425.3,9,7,17.9
110,179,437.4,10,6,17.9
111,173.2,455.3,8,7,17.9
112,221.1,437.4,9,6,17.9
113,269,455.3,10,7,17.9
114,263.2,437.4,8,6,17.9
115,311.1,455.3,9,7,17.9
116,359,437.4,10,6,17.9
117,353.2,455.3,8,7,17.9
118,401.1,437.4,9,6,17.9
119,449,455.3,10,7,17.9
120,143.2,467.4,8,6,17.9
121,191.1,485.3,9,7,17.9
122,239,467.4,10,6,17.9
123,233.2,485.3,8,7,17.9
124,281.1,467.4,9,6,17.9
125,329,485.3,10,7,17.9
126,323.2,467.4,8,6,17.9
127,371.1,485.3,9,7,17.9
128,419,467.4,10,6,17.9
129,413.2,485.3,8,7,17.9
131,209,515.3,10,7,17.9
13,252,156,9,7,18
46,342,228,9,6,18
97,372,396,9,7,18
101,210,426,10,7,18
130,162,498,9,6,18
1,192,126,9,7,18
3,234,126,8,7,18
5,330,126,10,7,18
7,372,126,9,7,18
8,420,108,10,6,18
9,414,126,8,7,18
10,162,138,9,6,18
11,210,156,10,7,18
12,204,138,8,6,18
14,300,138,10,6,18
15,294,156,8,7,18
16,342,138,9,6,18
17,390,156,10,7,18
18,384,138,8,6,18
19,432,156,9,7,18
20,180,168,10,6,18
21,174,186,8,7,18
22,222,168,9,6,18
23,270,186,10,7,18
24,264,168,8,6,18
26,360,168,10,6,18
27,354,186,8,7,18
28,402,168,9,6,18
29,450,186,10,7,18
30,144,198,8,6,18
31,192,216,9,7,18
32,240,198,10,6,18
33,234,216,8,7,18
34,282,198,9,6,18
35,330,216,10,7,18
36,324,198,8,6,18
37,372,216,9,7,18
38,420,198,10,6,18
39,414,216,8,7,18
40,162,228,9,6,18
41,210,246,10,7,18
42,204,228,8,6,18
43,252,246,9,7,18
44,300,228,10,6,18
45,294,246,8,7,18
47,390,246,10,7,18
48,384,228,8,6,18
49,432,246,9,7,18
50,180,258,10,6,18
51,174,276,8,7,18
52,222,258,9,6,18
53,270,276,10,7,18
54,264,258,8,6,18
55,312,276,9,7,18
56,360,258,10,6,18
57,354,276,8,7,18
58,402,258,9,6,18
59,450,276,10,7,18
60,144,288,8,6,18
61,192,306,9,7,18
62,240,288,10,6,18
63,234,306,8,7,18
64,282,288,9,6,18
65,330,306,10,7,18
66,324,288,8,6,18
67,372,306,9,7,18
68,420,288,10,6,18
69,414,306,8,7,18
70,162,318,9,6,18
71,210,336,10,7,18
72,204,318,8,6,18
73,252,336,9,7,18
74,300,318,10,6,18
75,294,336,8,7,18
76,342,318,9,6,18
77,390,336,10,7,18
78,384,318,8,6,18
79,432,336,9,7,18
80,180,348,10,6,18
81,174,366,8,7,18
82,222,348,9,6,18
83,270,366,10,7,18
84,264,348,8,6,18
85,312,366,9,7,18
86,360,348,10,6,18
87,354,366,8,7,18
88,402,348,9,6,18
89,450,366,10,7,18
90,144,378,8,6,18
91,192,396,9,7,18
92,240,378,10,6,18
93,234,396,8,7,18
94,282,378,9,6,18
95,330,396,10,7,18
96,324,378,8,6,18
98,420,378,10,6,18
99,414,396,8,7,18
100,162,408,9,6,18
102,204,408,8,6,18
103,252,426,9,7,18
104,300,408,10,6,18
105,294,426,8,7,18
106,342,408,9,6,18
107,390,426,10,7,18
108,384,408,8,6,18
109,432,426,9,7,18
110,180,438,10,6,18
111,174,456,8,7,18
112,222,438,9,6,18
113,270,456,10,7,18
114,264,438,8,6,18
115,312,456,9,7,18
116,360,438,10,6,18
117,354,456,8,7,18
118,402,438,9,6,18
119,450,456,10,7,18
120,144,468,8,6,18
121,192,486,9,7,18
122,240,468,10,6,18
123,234,486,8,7,18
124,282,468,9,6,18
125,330,486,10,7,18
126,324,468,8,6,18
127,372,486,9,7,18
128,420,468,10,6,18
129,414,486,8,7,18
131,210,516,10,7,18
13,252.9,156.7,9,7,18.1
46,342.9,228.6,9,6,18.1
97,372.9,396.7,9,7,18.1
101,211,426.7,10,7,18.1
130,162.9,498.6,9,6,18.1
1,192.9,126.7,9,7,18.1
3,234.8,126.7,8,7,18.1
5,331,126.7,10,7,18.1
7,372.9,126.7,9,7,18.1
8,421,108.6,10,6,18.1
9,414.8,126.7,8,7,18.1
10,162.9,138.6,9,6,18.1
11,211,156.7,10,7,18.1
12,204.8,138.6,8,6,18.1
14,301,138.6,10,6,18.1
15,294.8,156.7,8,7,18.1
16,342.9,138.6,9,6,18.1
17,391,156.7,10,7,18.1
18,384.8,138.6,8,6,18.1
19,432.9,156.7,9,7,18.1
20,181,168.6,10,6,18.1
21,174.8,186.7,8,7,18.1
22,222.9,168.6,9,6,18.1
23,271,186.7,10,7,18.1
24,264.8,168.6,8,6,18.1
26,361,168.6,10,6,18.1
27,354.8,186.7,8,7,18.1
28,402.9,168.6,9,6,18.1
29,451,186.7,10,7,18.1
30,144.8,198.6,8,6,18.1
31,192.9,216.7,9,7,18.1
32,241,198.6,10,6,18.1
33,234.8,216.7,8,7,18.1
34,282.9,198.6,9,6,18.1
35,331,216.7,10,7,18.1
36,324.8,198.6,8,6,18.1
37,372.9,216.7,9,7,18.1
38,421,198.6,10,6,18.1
39,414.8,216.7,8,7,18.1
40,162.9,228.6,9,6,18.1
41,211,246.7,10,7,18.1
42,204.8,228.6,8,6,18.1
43,252.9,246.7,9,7,18.1
44,301,228.6,10,6,18.1
45,294.8,246.7,8,7,18.1
47,391,246.7,10,7,18.1
48,384.8,228.6,8,6,18.1
49,432.9,246.7,9,7,18.1
50,181,258.6,10,6,18.1
51,174.8,276.7,8,7,18.1
52,222.9,258.6,9,6,18.1
53,271,276.7,10,7,18.1
54,264.8,258.6,8,6,18.1
55,312.9,276.7,9,7,18.1
56,361,258.6,10,6,18.1
57,354.8,276.7,8,7,18.1
58,402.9,258.6,9,6,18.1
59,451,276.7,10,7,18.1
60,144.8,288.6,8,6,18.1
61,192.9,306.7,9,7,18.1
62,241,288.6,10,6,18.1
63,234.8,306.7,8,7,18.1
64,282.9,288.6,9,6,18.1
65,331,306.7,10,7,18.1
66,324.8,288.6,8,6,18.1
67,372.9,306.7,9,7,18.1
68,421,288.6,10,6,18.1
69,414.8,306.7,8,7,18.1
70,162.9,318.6,9,6,18.1
71,211,336.7,10,7,18.1
72,204.8,318.6,8,6,18.1
73,252.9,336.7,9,7,18.1
74,301,318.6,10,6,18.1
75,294.8,336.7,8,7,18.1
76,342.9,318.6,9,6,18.1
77,391,336.7,10,7,18.1
78,384.8,318.6,8,6,18.1
79,432.9,336.7,9,7,18.1
80,181,348.6,10,6,18.1
81,174.8,366.7,8,7,18.1
82,222.9,348.6,9,6,18.1
83,271,366.7,10,7,18.1
84,264.8,348.6,8,6,18.1
85,312.9,366.7,9,7,18.1
86,361,348.6,10,6,18.1
87,354.8,366.7,8,7,18.1
88,402.9,348.6,9,6,18.1
89,451,366.7,10,7,18.1
90,144.8,378.6,8,6,18.1
91,192.9,396.7,9,7,18.1
92,241,378.6,10,6,18.1
93,234.8,396.7,8,7,18.1
94,282.9,378.6,9,6,18.1
95,331,396.7,10,7,18.1
96,324.8,378.6,8,6,18.1
98,421,378.6,10,6,18.1
99,414.8,396.7,8,7,18.1
100,162.9,408.6,9,6,18.1
102,204.8,408.6,8,6,18.1
103,252.9,426.7,9,7,18.1
104,301,408.6,10,6,18.1
105,294.8,426.7,8,7,18.1
106,342.9,408.6,9,6,18.1
107,391,426.7,10,7,18.1
108,384.8,408.6,8,6,18.1
109,432.9,426.7,9,7,18.1
110,181,438.6,10,6,18.1
111,174.8,456.7,8,7,18.1
112,222.9,438.6,9,6,18.1
113,271,456.7,10,7,18.1
114,264.8,438.6,8,6,18.1
115,312.9,456.7,9,7,18.1
116,361,438.6,10,6,18.1
117,354.8,456.7,8,7,18.1
118,402.9,438.6,9,6,18.1
119,451,456.7,10,7,18.1
120,144.8,468.6,8,6,18.1
121,192.9,486.7,9,7,18.1
122,241,468.6,10,6,18.1
123,234.8,486.7,8,7,18.1
124,282.9,468.6,9,6,18.1
125,331,486.7,10,7,18.1
126,324.8,468.6,8,6,18.1
127,372.9,486.7,9,7,18.1
128,421,468.6,10,6,18.1
129,414.8,486.7,8,7,18.1
131,211,516.7,10,7,18.1
13,253.8,157.4,9,7,18.2
46,343.8,229.2,9,6,18.2
97,373.8,397.4,9,7,18.2
101,212,427.4,10,7,18.2
130,163.8,499.2,9,6,18.2
1,193.8,127.4,9,7,18.2
3,235.6,127.4,8,7,18.2
5,332,127.4,10,7,18.2
7,373.8,127.4,9,7,18.2
8,422,109.2,10,6,18.2
9,415.6,127.4,8,7,18.2
10,163.8,139.2,9,6,18.2
11,212,157.4,10,7,18.2
12,205.6,139.2,8,6,18.2
14,302,139.2,10,6,18.2
15,295.6,157.4,8,7,18.2
16,343.8,139.2,9,6,18.2
17,392,157.4,10,7,18.2
18,385.6,139.2,8,6,18.2
19,433.8,157.4,9,7,18.2
20,182,169.2,10,6,18.2
21,175.6,187.4,8,7,18.2
22,223.8,169.2,9,6,18.2
23,272,187.4,10,7,18.2
24,265.6,169.2,8,6,18.2
26,362,169.2,10,6,18.2
27,355.6,187.4,8,7,18.2
28,403.8,169.2,9,6,18.2
29,452,187.4,10,7,18.2
30,145.6,199.2,8,6,18.2
31,193.8,217.4,9,7,18.2
32,242,199.2,10,6,18.2
33,235.6,217.4,8,7,18.2
34,283.8,199.2,9,6,18.2
35,332,217.4,10,7,18.2
36,325.6,199.2,8,6,18.2
37,373.8,217.4,9,7,18.2
38,422,199.2,10,6,18.2
39,415.6,217.4,8,7,18.2
40,163.8,229.2,9,6,18.2
41,212,247.4,10,7,18.2
42,205.6,229.2,8,6,18.2
43,253.8,247.4,9,7,18.2
44,302,229.2,10,6,18.2
45,295.6,247.4,8,7,18.2
47,392,247.4,10,7,18.2
48,385.6,229.2,8,6,18.2
49,433.8,247.4,9,7,18.2
50,182,259.2,10,6,18.2
51,175.6,277.4,8,7,18.2
52,223.8,259.2,9,6,18.2
53,272,277.4,10,7,18.2
54,265.6,259.2,8,6,18.2
55,313.8,277.4,9,7,18.2
56,362,259.2,10,6,18.2
57,355.6,277.4,8,7,18.2
58,403.8,259.2,9,6,18.2
59,452,277.4,10,7,18.2
60,145.6,289.2,8,6,18.2
61,193.8,307.4,9,7,18.2
62,242,289.2,10,6,18.2
63,235.6,307.4,8,7,18.2
64,283.8,289.2,9,6,18.2
65,332,307.4,10,7,18.2
66,325.6,289.2,8,6,18.2
67,373.8,307.4,9,7,18.2
68,422,289.2,10,6,18.2
69,415.6,307.4,8,7,18.2
70,163.8,319.2,9,6,18.2
71,212,337.4,10,7,18.2
72,205.6,319.2,8,6,18.2
73,253.8,337.4,9,7,18.2
74,302,319.2,10,6,18.2
75,295.6,337.4,8,7,18.2
76,343.8,319.2,9,6,18.2
77,392,337.4,10,7,18.2
78,385.6,319.2,8,6,18.2
79,433.8,337.4,9,7,18.2
80,182,349.2,10,6,18.2
81,175.6,367.4,8,7,18.2
82,223.8,349.2,9,6,18.2
83,272,367.4,10,7,18.2
84,265.6,349.2,8,6,18.2
85,313.8,367.4,9,7,18.2
86,362,349.2,10,6,18.2
87,355.6,367.4,8,7,18.2
88,403.8,349.2,9,6,18.2
89,452,367.4,10,7,18.2
90,145.6,379.2,8,6,18.2
91,193.8,397.4,9,7,18.2
92,242,379.2,10,6,18.2
93,235.6,397.4,8,7,18.2
94,283.8,379.2,9,6,18.2
95,332,397.4,10,7,18.2
96,325.6,379.2,8,6,18.2
98,422,379.2,10,6,18.2
99,415.6,397.4,8,7,18.2
100,163.8,409.2,9,6,18.2
102,205.6,409.2,8,6,18.2
103,253.8,427.4,9,7,18.2
104,302,409.2,10,6,18.2
105,295.6,427.4,8,7,18.2
106,343.8,409.2,9,6,18.2
107,392,427.4,10,7,18.2
108,385.6,409.2,8,6,18.2
109,433.8,427.4,9,7,18.2
110,182,439.2,10,6,18.2
111,175.6,457.4,8,7,18.2
112,223.8,439.2,9,6,18.2
113,272,457.4,10,7,18.2
114,265.6,439.2,8,6,18.2
115,313.8,457.4,9,7,18.2
116,362,439.2,10,6,18.2
117,355.6,457.4,8,7,18.2
118,403.8,439.2,9,6,18.2
119,452,457.4,10,7,18.2
120,145.6,469.2,8,6,18.2
121,193.8,487.4,9,7,18.2
122,242,469.2,10,6,18.2
123,235.6,487.4,8,7,18.2
124,283.8,469.2,9,6,18.2
125,332,487.4,10,7,18.2
126,325.6,469.2,8,6,18.2
127,373.8,487.4,9,7,18.2
128,422,469.2,10,6,18.2
129,415.6,487.4,8,7,18.2
131,212,517.4,10,7,18.2
13,254.7,158.1,9,7,18.3
46,344.7,229.8,9,6,18.3
97,374.7,398.1,9,7,18.3
101,213,428.1,10,7,18.3
130,164.7,499.8,9,6,18.3
1,194.7,128.1,9,7,18.3
3,236.4,128.1,8,7,18.3
5,333,128.1,10,7,18.3
7,374.7,128.1,9,7,18.3
8,423,109.8,10,6,18.3
9,416.4,128.1,8,7,18.3
10,164.7,139.8,9,6,18.3
11,213,158.1,10,7,18.3
12,206.4,139.8,8,6,18.3
14,303,139.8,10,6,18.3
15,296.4,158.1,8,7,18.3
16,344.7,139.8,9,6,18.3
17,393,158.1,10,7,18.3
18,386.4,139.8,8,6,18.3
19,434.7,158.1,9,7,18.3
20,183,169.8,10,6,18.3
21,176.4,188.1,8,7,18.3
22,224.7,169.8,9,6,18.3
23,273,188.1,10,7,18.3
24,266.4,169.8,8,6,18.3
26,363,169.8,10,6,18.3
27,356.4,188.1,8,7,18.3
28,404.7,169.8,9,6,18.3
29,453,188.1,10,7,18.3
30,146.4,199.8,8,6,18.3
31,194.7,218.1,9,7,18.3
32,243,199.8,10,6,18.3
33,236.4,218.1,8,7,18.3
34,284.7,199.8,9,6,18.3
35,333,218.1,10,7,18.3
36,326.4,199.8,8,6,18.3
37,374.7,218.1,9,7,18.3
38,423,199.8,10,6,18.3
39,416.4,218.1,8,7,18.3
40,164.7,229.8,9,6,18.3
41,213,248.1,10,7,18.3
42,206.4,229.8,8,6,18.3
43,254.7,248.1,9,7,18.3
44,303,229.8,10,6,18.3
45,296.4,248.1,8,7,18.3
47,393,248.1,10,7,18.3
48,386.4,229.8,8,6,18.3
49,434.7,248.1,9,7,18.3
50,183,259.8,10,6,18.3
51,176.4,278.1,8,7,18.3
52,224.7,259.8,9,6,18.3
53,273,278.1,10,7,18.3
54,266.4,259.8,8,6,18.3
55,314.7,278.1,9,7,18.3
56,363,259.8,10,6,18.3
57,356.4,278.1,8,7,18.3
58,404.7,259.8,9,6,18.3
59,453,278.1,10,7,18.3
60,146.4,289.8,8,6,18.3
61,194.7,308.1,9,7,18.3
62,243,289.8,10,6,18.3
63,236.4,308.1,8,7,18.3
64,284.7,289.8,9,6,18.3
65,333,308.1,10,7,18.3
66,326.4,289.8,8,6,18.3
67,374.7,308.1,9,7,18.3
68,423,289.8,10,6,18.3
69,416.4,308.1,8,7,18.3
70,164.7,319.8,9,6,18.3
71,213,338.1,10,7,18.3
72,206.4,319.8,8,6,18.3
73,254.7,338.1,9,7,18.3
74,303,319.8,10,6,18.3
75,296.4,338.1,8,7,18.3
76,344.7,319.8,9,6,18.3
77,393,338.1,10,7,18.3
78,386.4,319.8,8,6,18.3
79,434.7,338.1,9,7,18.3
80,183,349.8,10,6,18.3
81,176.4,368.1,8,7,18.3
82,224.7,349.8,9,6,18.3
83,273,368.1,10,7,18.3
84,266.4,349.8,8,6,18.3
85,314.7,368.1,9,7,18.3
86,363,349.8,10,6,18.3
87,356.4,368.1,8,7,18.3
88,404.7,349.8,9,6,18.3
89,453,368.1,10,7,18.3
90,146.4,379.8,8,6,18.3
91,194.7,398.1,9,7,18.3
92,243,379.8,10,6,18.3
93,236.4,398.1,8,7,18.3
94,284.7,379.8,9,6,18.3
95,333,398.1,10,7,18.3
96,326.4,379.8,8,6,18.3
98,423,379.8,10,6,18.3
99,416.4,398.1,8,7,18.3
100,164.7,409.8,9,6,18.3
102,206.4,409.8,8,6,18.3
103,254.7,428.1,9,7,18.3
104,303,409.8,10,6,18.3
105,296.4,428.1,8,7,18.3
106,344.7,409.8,9,6,18.3
107,393,428.1,10,7,18.3
108,386.4,409.8,8,6,18.3
109,434.7,428.1,9,7,18.3
110,183,439.8,10,6,18.3
111,176.4,458.1,8,7,18.3
112,224.7,439.8,9,6,18.3
113,273,458.1,10,7,18.3
114,266.4,439.8,8,6,18.3
115,314.7,458.1,9,7,18.3
116,363,439.8,10,6,18.3
117,356.4,458.1,8,7,18.3
118,404.7,439.8,9,6,18.3
119,453,458.1,10,7,18.3
120,146.4,469.8,8,6,18.3
121,194.7,488.1,9,7,18.3
122,243,469.8,10,6,18.3
123,236.4,488.1,8,7,18.3
124,284.7,469.8,9,6,18.3
125,333,488.1,10,7,18.3
126,326.4,469.8,8,6,18.3
127,374.7,488.1,9,7,18.3
128,423,469.8,10,6,18.3
129,416.4,488.1,8,7,18.3
131,213,518.1,10,7,18.3
13,255.6,158.8,9,7,18.4
46,345.6,230.4,9,6,18.4
97,375.6,398.8,9,7,18.4
101,214,428.8,10,7,18.4
130,165.6,500.4,9,6,18.4
1,195.6,128.8,9,7,18.4
3,237.2,128.8,8,7,18.4
5,334,128.8,10,7,18.4
7,375.6,128.8,9,7,18.4
8,424,110.4,10,6,18.4
9,417.2,128.8,8,7,18.4
10,165.6,140.4,9,6,18.4
11,214,158.8,10,7,18.4
12,207.2,140.4,8,6,18.4
14,304,140.4,10,6,18.4
15,297.2,158.8,8,7,18.4
16,345.6,140.4,9,6,18.4
17,394,158.8,10,7,18.4
18,387.2,140.4,8,6,18.4
19,435.6,158.8,9,7,18.4
20,184,170.4,10,6,18.4
21,177.2,188.8,8,7,18.4
22,225.6,170.4,9,6,18.4
23,274,188.8,10,7,18.4
24,267.2,170.4,8,6,18.4
26,364,170.4,10,6,18.4
27,357.2,188.8,8,7,18.4
28,405.6,170.4,9,6,18.4
29,454,188.8,10,7,18.4
30,147.2,200.4,8,6,18.4
31,195.6,218.8,9,7,18.4
32,244,200.4,10,6,18.4
33,237.2,218.8,8,7,18.4
34,285.6,200.4,9,6,18.4
35,334,218.8,10,7,18.4
36,327.2,200.4,8,6,18.4
37,375.6,218.8,9,7,18.4
38,424,200.4,10,6,18.4
39,417.2,218.8,8,7,18.4
40,165.6,230.4,9,6,18.4
41,214,248.8,10,7,18.4
42,207.2,230.4,8,6,18.4
43,255.6,248.8,9,7,18.4
44,304,230.4,10,6,18.4
45,297.2,248.8,8,7,18.4
47,394,248.8,10,7,18.4
48,387.2,230.4,8,6,18.4
49,435.6,248.8,9,7,18.4
50,184,260.4,10,6,18.4
51,177.2,278.8,8,7,18.4
52,225.6,260.4,9,6,18.4
53,274,278.8,10,7,18.4
54,267.2,260.4,8,6,18.4
55,315.6,278.8,9,7,18.4
56,364,260.4,10,6,18.4
57,357.2,278.8,8,7,18.4
58,405.6,260.4,9,6,18.4
59,454,278.8,10,7,18.4
60,147.2,290.4,8,6,18.4
61,195.6,308.8,9,7,18.4
62,244,290.4,10,6,18.4
63,237.2,308.8,8,7,18.4
64,285.6,290.4,9,6,18.4
65,334,308.8,10,7,18.4
66,327.2,290.4,8,6,18.4
67,375.6,308.8,9,7,18.4
68,424,290.4,10,6,18.4
69,417.2,308.8,8,7,18.4
70,165.6,320.4,9,6,18.4
71,214,338.8,10,7,18.4
72,207.2,320.4,8,6,18.4
73,255.6,338.8,9,7,18.4
74,304,320.4,10,6,18.4
75,297.2,338.8,8,7,18.4
76,345.6,320.4,9,6,18.4
77,394,338.8,10,7,18.4
78,387.2,320.4,8,6,18.4
79,435.6,338.8,9,7,18.4
80,184,350.4,10,6,18.4
81,177.2,368.8,8,7,18.4
82,225.6,350.4,9,6,18.4
83,274,368.8,10,7,18.4
84,267.2,350.4,8,6,18.4
85,315.6,368.8,9,7,18.4
86,364,350.4,10,6,18.4
87,357.2,368.8,8,7,18.4
88,405.6,350.4,9,6,18.4
89,454,368.8,10,7,18.4
90,147.2,380.4,8,6,18.4
91,195.6,398.8,9,7,18.4
92,244,380.4,10,6,18.4
93,237.2,398.8,8,7,18.4
94,285.6,380.4,9,6,18.4
95,334,398.8,10,7,18.4
96,327.2,380.4,8,6,18.4
98,424,380.4,10,6,18.4
99,417.2,398.8,8,7,18.4
100,165.6,410.4,9,6,18.4
102,207.2,410.4,8,6,18.4
103,255.6,428.8,9,7,18.4
104,304,410.4,10,6,18.4
105,297.2,428.8,8,7,18.4
106,345.6,410.4,9,6,18.4
107,394,428.8,10,7,18.4
108,387.2,410.4,8,6,18.4
109,435.6,428.8,9,7,18.4
110,184,440.4,10,6,18.4
111,177.2,458.8,8,7,18.4
112,225.6,440.4,9,6,18.4
113,274,458.8,10,7,18.4
114,267.2,440.4,8,6,18.4
115,315.6,458.8,9,7,18.4
116,364,440.4,10,6,18.4
117,357.2,458.8,8,7,18.4
118,405.6,440.4,9,6,18.4
119,454,458.8,10,7,18.4
120,147.2,470.4,8,6,18.4
121,195.6,488.8,9,7,18.4
122,244,470.4,10,6,18.4
123,237.2,488.8,8,7,18.4
124,285.6,470.4,9,6,18.4
125,334,488.8,10,7,18.4
126,327.2,470.4,8,6,18.4
127,375.6,488.8,9,7,18.4
128,424,470.4,10,6,18.4
129,417.2,488.8,8,7,18.4
131,214,518.8,10,7,18.4
13,256.5,159.5,9,7,18.5
46,346.5,231,9,6,18.5
97,376.5,399.5,9,7,18.5
101,215,429.5,10,7,18.5
130,166.5,501,9,6,18.5
1,196.5,129.5,9,7,18.5
3,238,129.5,8,7,18.5
5,335,129.5,10,7,18.5
7,376.5,129.5,9,7,18.5
8,425,111,10,6,18.5
9,418,129.5,8,7,18.5
10,166.5,141,9,6,18.5
11,215,159.5,10,7,18.5
12,208,141,8,6,18.5
14,305,141,10,6,18.5
15,298,159.5,8,7,18.5
16,346.5,141,9,6,18.5
17,395,159.5,10,7,18.5
18,388,141,8,6,18.5
19,436.5,159.5,9,7,18.5
20,185,171,10,6,18.5
21,178,189.5,8,7,18.5
22,226.5,171,9,6,18.5
23,275,189.5,10,7,18.5
24,268,171,8,6,18.5
26,365,171,10,6,18.5
27,358,189.5,8,7,18.5
28,406.5,171,9,6,18.5
29,455,189.5,10,7,18.5
30,148,201,8,6,18.5
31,196.5,219.5,9,7,18.5
32,245,201,10,6,18.5
33,238,219.5,8,7,18.5
34,286.5,201,9,6,18.5
35,335,219.5,10,7,18.5
36,328,201,8,6,18.5
37,376.5,219.5,9,7,18.5
38,425,201,10,6,18.5
39,418,219.5,8,7,18.5
40,166.5,231,9,6,18.5
41,215,249.5,10,7,18.5
42,208,231,8,6,18.5
43,256.5,249.5,9,7,18.5
44,305,231,10,6,18.5
45,298,249.5,8,7,18.5
47,395,249.5,10,7,18.5
48,388,231,8,6,18.5
49,436.5,249.5,9,7,18.5
50,185,261,10,6,18.5
51,178,279.5,8,7,18.5
52,226.5,261,9,6,18.5
53,275,279.5,10,7,18.5
54,268,261,8,6,18.5
55,316.5,279.5,9,7,18.5
56,365,261,10,6,18.5
57,358,279.5,8,7,18.5
58,406.5,261,9,6,18.5
59,455,279.5,10,7,18.5
60,148,291,8,6,18.5
61,196.5,309.5,9,7,18.5
62,245,291,10,6,18.5
63,238,309.5,8,7,18.5
64,286.5,291,9,6,18.5
65,335,309.5,10,7,18.5
66,328,291,8,6,18.5
67,376.5,309.5,9,7,18.5
68,425,291,10,6,18.5
69,418,309.5,8,7,18.5
70,166.5,321,9,6,18.5
71,215,339.5,10,7,18.5
72,208,321,8,6,18.5
73,256.5,339.5,9,7,18.5
74,305,321,10,6,18.5
75,298,339.5,8,7,18.5
76,346.5,321,9,6,18.5
77,395,339.5,10,7,18.5
78,388,321,8,6,18.5
79,436.5,339.5,9,7,18.5
80,185,351,10,6,18.5
81,178,369.5,8,7,18.5
82,226.5,351,9,6,18.5
83,275,369.5,10,7,18.5
84,268,351,8,6,18.5
85,316.5,369.5,9,7,18.5
86,365,351,10,6,18.5
87,358,369.5,8,7,18.5
88,406.5,351,9,6,18.5
89,455,369.5,10,7,18.5
90,148,381,8,6,18.5
91,196.5,399.5,9,7,18.5
92,245,381,10,6,18.5
93,238,399.5,8,7,18.5
94,286.5,381,9,6,18.5
95,335,399.5,10,7,18.5
96,328,381,8,6,18.5
98,425,381,10,6,18.5
99,418,399.5,8,7,18.5
100,166.5,411,9,6,18.5
102,208,411,8,6,18.5
103,256.5,429.5,9,7,18.5
104,305,411,10,6,18.5
105,298,429.5,8,7,18.5
106,346.5,411,9,6,18.5
107,395,429.5,10,7,18.5
108,388,411,8,6,18.5
109,436.5,429.5,9,7,18.5
110,185,441,10,6,18.5
111,178,459.5,8,7,18.5
112,226.5,441,9,6,18.5
113,275,459.5,10,7,18.5
114,268,441,8,6,18.5
115,316.5,459.5,9,7,18.5
116,365,441,10,6,18.5
117,358,459.5,8,7,18.5
118,406.5,441,9,6,18.5
119,455,459.5,10,7,18.5
120,148,471,8,6,18.5
121,196.5,489.5,9,7,18.5
122,245,471,10,6,18.5
123,238,489.5,8,7,18.5
124,286.5,471,9,6,18.5
125,335,489.5,10,7,18.5
126,328,471,8,6,18.5
127,376.5,489.5,9,7,18.5
128,425,471,10,6,18.5
129,418,489.5,8,7,18.5
131,215,519.5,10,7,18.5
13,257.4,160.2,9,7,18.6
46,347.4,231.6,9,6,18.6
97,377.4,400.2,9,7,18.6
101,216,430.2,10,7,18.6
130,167.4,501.6,9,6,18.6
1,197.4,130.2,9,7,18.6
3,238.8,130.2,8,7,18.6
5,336,130.2,10,7,18.6
7,377.4,130.2,9,7,18.6
8,426,111.6,10,6,18.6
9,418.8,130.2,8,7,18.6
10,167.4,141.6,9,6,18.6
11,216,160.2,10,7,18.6
12,208.8,141.6,8,6,18.6
14,306,141.6,10,6,18.6
15,298.8,160.2,8,7,18.6
16,347.4,141.6,9,6,18.6
17,396,160.2,10,7,18.6
18,388.8,141.6,8,6,18.6
19,437.4,160.2,9,7,18.6
20,186,171.6,10,6,18.6
21,178.8,190.2,8,7,18.6
22,227.4,171.6,9,6,18.6
23,276,190.2,10,7,18.6
24,268.8,171.6,8,6,18.6
26,366,171.6,10,6,18.6
27,358.8,190.2,8,7,18.6
28,407.4,171.6,9,6,18.6
29,456,190.2,10,7,18.6
30,148.8,201.6,8,6,18.6
31,197.4,220.2,9,7,18.6
32,246,201.6,10,6,18.6
33,238.8,220.2,8,7,18.6
34,287.4,201.6,9,6,18.6
35,336,220.2,10,7,18.6
36,328.8,201.6,8,6,18.6
37,377.4,220.2,9,7,18.6
38,426,201.6,10,6,18.6
39,418.8,220.2,8,7,18.6
40,167.4,231.6,9,6,18.6
41,216,250.2,10,7,18.6
42,208.8,231.6,8,6,18.6
43,257.4,250.2,9,7,18.6
44,306,231.6,10,6,18.6
45,298.8,250.2,8,7,18.6
47,396,250.2,10,7,18.6
48,388.8,231.6,8,6,18.6
49,437.4,250.2,9,7,18.6
50,186,261.6,10,6,18.6
51,178.8,280.2,8,7,18.6
52,227.4,261.6,9,6,18.6
53,276,280.2,10,7,18.6
54,268.8,261.6,8,6,18.6
55,317.4,280.2,9,7,18.6
56,366,261.6,10,6,18.6
57,358.8,280.2,8,7,18.6
58,407.4,261.6,9,6,18.6
59,456,280.2,10,7,18.6
60,148.8,291.6,8,6,18.6
61,197.4,310.2,9,7,18.6
62,246,291.6,10,6,18.6
63,238.8,310.2,8,7,18.6
64,287.4,291.6,9,6,18.6
65,336,310.2,10,7,18.6
66,328.8,291.6,8,6,18.6
67,377.4,310.2,9,7,18.6
68,426,291.6,10,6,18.6
69,418.8,310.2,8,7,18.6
70,167.4,321.6,9,6,18.6
71,216,340.2,10,7,18.6
72,208.8,321.6,8,6,18.6
73,257.4,340.2,9,7,18.6
74,306,321.6,10,6,18.6
75,298.8,340.2,8,7,18.6
76,347.4,321.6,9,6,18.6
77,396,340.2,10,7,18.6
78,388.8,321.6,8,6,18.6
79,437.4,340.2,9,7,18.6
80,186,351.6,10,6,18.6
81,178.8,370.2,8,7,18.6
82,227.4,351.6,9,6,18.6
83,276,370.2,10,7,18.6
84,268.8,351.6,8,6,18.6
85,317.4,370.2,9,7,18.6
86,366,351.6,10,6,18.6
87,358.8,370.2,8,7,18.6
88,407.4,351.6,9,6,18.6
89,456,370.2,10,7,18.6
90,148.8,381.6,8,6,18.6
91,197.4,400.2,9,7,18.6
92,246,381.6,10,6,18.6
93,238.8,400.2,8,7,18.6
94,287.4,381.6,9,6,18.6
95,336,400.2,10,7,18.6
96,328.8,381.6,8,6,18.6
98,426,381.6,10,6,18.6
99,418.8,400.2,8,7,18.6
100,167.4,411.6,9,6,18.6
102,208.8,411.6,8,6,18.6
103,257.4,430.2,9,7,18.6
104,306,411.6,10,6,18.6
105,298.8,430.2,8,7,18.6
106,347.4,411.6,9,6,18.6
107,396,430.2,10,7,18.6
108,388.8,411.6,8,6,18.6
109,437.4,430.2,9,7,18.6
110,186,441.6,10,6,18.6
111,178.8,460.2,8,7,18.6
112,227.4,441.6,9,6,18.6
113,276,460.2,10,7,18.6
114,268.8,441.6,8,6,18.6
115,317.4,460.2,9,7,18.6
116,366,441.6,10,6,18.6
117,358.8,460.2,8,7,18.6
118,407.4,441.6,9,6,18.6
119,456,460.2,10,7,18.6
120,148.8,471.6,8,6,18.6
121,197.4,490.2,9,7,18.6
122,246,471.6,10,6,18.6
123,238.8,490.2,8,7,18.6
124,287.4,471.6,9,6,18.6
125,336,490.2,10,7,18.6
126,328.8,471.6,8,6,18.6
127,377.4,490.2,9,7,18.6
128,426,471.6,10,6,18.6
129,418.8,490.2,8,7,18.6
131,216,520.2,10,7,18.6
13,258.3,160.9,9,7,18.7
46,348.3,232.2,9,6,18.7
97,378.3,400.9,9,7,18.7
101,217,430.9,10,7,18.7
130,168.3,502.2,9,6,18.7
1,198.3,130.9,9,7,18.7
3,239.6,130.9,8,7,18.7
5,337,130.9,10,7,18.7
7,378.3,130.9,9,7,18.7
8,427,112.2,10,6,18.7
9,419.6,130.9,8,7,18.7
10,168.3,142.2,9,6,18.7
11,217,160.9,10,7,18.7
12,209.6,142.2,8,6,18.7
14,307,142.2,10,6,18.7
15,299.6,160.9,8,7,18.7
16,348.3,142.2,9,6,18.7
17,397,160.9,10,7,18.7
18,389.6,142.2,8,6,18.7
19,438.3,160.9,9,7,18.7
20,187,172.2,10,6,18.7
21,179.6,190.9,8,7,18.7
22,228.3,172.2,9,6,18.7
23,277,190.9,10,7,18.7
24,269.6,172.2,8,6,18.7
26,367,172.2,10,6,18.7
27,359.6,190.9,8,7,18.7
28,408.3,172.2,9,6,18.7
29,457,190.9,10,7,18.7
30,149.6,202.2,8,6,18.7
31,198.3,220.9,9,7,18.7
32,247,202.2,10,6,18.7
33,239.6,220.9,8,7,18.7
34,288.3,202.2,9,6,18.7
35,337,220.9,10,7,18.7
36,329.6,202.2,8,6,18.7
37,378.3,220.9,9,7,18.7
38,427,202.2,10,6,18.7
39,419.6,220.9,8,7,18.7
40,168.3,232.2,9,6,18.7
41,217,250.9,10,7,18.7
42,209.6,232.2,8,6,18.7
43,258.3,250.9,9,7,18.7
44,307,232.2,10,6,18.7
45,299.6,250.9,8,7,18.7
47,397,250.9,10,7,18.7
48,389.6,232.2,8,6,18.7
49,438.3,250.9,9,7,18.7
50,187,262.2,10,6,18.7
51,179.6,280.9,8,7,18.7
52,228.3,262.2,9,6,18.7
53,277,280.9,10,7,18.7
54,269.6,262.2,8,6,18.7
55,318.3,280.9,9,7,18.7
56,367,262.2,10,6,18.7
57,359.6,280.9,8,7,18.7
58,408.3,262.2,9,6,18.7
59,457,280.9,10,7,18.7
60,149.6,292.2,8,6,18.7
61,198.3,310.9,9,7,18.7
62,247,292.2,10,6,18.7
63,239.6,310.9,8,7,18.7
64,288.3,292.2,9,6,18.7
65,337,310.9,10,7,18.7
66,329.6,292.2,8,6,18.7
67,378.3,310.9,9,7,18.7
68,427,292.2,10,6,18.7
69,419.6,310.9,8,7,18.7
70,168.3,322.2,9,6,18.7
71,217,340.9,10,7,18.7
72,209.6,322.2,8,6,18.7
73,258.3,340.9,9,7,18.7
74,307,322.2,10,6,18.7
75,299.6,340.9,8,7,18.7
76,348.3,322.2,9,6,18.7
77,397,340.9,10,7,18.7
78,389.6,322.2,8,6,18.7
79,438.3,340.9,9,7,18.7
80,187,352.2,10,6,18.7
81,179.6,370.9,8,7,18.7
82,228.3,352.2,9,6,18.7
83,277,370.9,10,7,18.7
84,269.6,352.2,8,6,18.7
85,318.3,370.9,9,7,18.7
86,367,352.2,10,6,18.7
87,359.6,370.9,8,7,18.7
88,408.3,352.2,9,6,18.7
89,457,370.9,10,7,18.7
90,149.6,382.2,8,6,18.7
91,198.3,400.9,9,7,18.7
92,247,382.2,10,6,18.7
93,239.6,400.9,8,7,18.7
94,288.3,382.2,9,6,18.7
95,337,400.9,10,7,18.7
96,329.6,382.2,8,6,18.7
98,427,382.2,10,6,18.7
99,419.6,400.9,8,7,18.7
100,168.3,412.2,9,6,18.7
102,209.6,412.2,8,6,18.7
103,258.3,430.9,9,7,18.7
104,307,412.2,10,6,18.7
105,299.6,430.9,8,7,18.7
106,348.3,412.2,9,6,18.7
107,397,430.9,10,7,18.7
108,389.6,412.2,8,6,18.7
109,438.3,430.9,9,7,18.7
110,187,442.2,10,6,18.7
111,179.6,460.9,8,7,18.7
112,228.3,442.2,9,6,18.7
113,277,460.9,10,7,18.7
114,269.6,442.2,8,6,18.7
115,318.3,460.9,9,7,18.7
116,367,442.2,10,6,18.7
117,359.6,460.9,8,7,18.7
118,408.3,442.2,9,6,18.7
119,457,460.9,10,7,18.7
120,149.6,472.2,8,6,18.7
121,198.3,490.9,9,7,18.7
122,247,472.2,10,6,18.7
123,239.6,490.9,8,7,18.7
124,288.3,472.2,9,6,18.7
125,337,490.9,10,7,18.7
126,329.6,472.2,8,6,18.7
127,378.3,490.9,9,7,18.7
128,427,472.2,10,6,18.7
129,419.6,490.9,8,7,18.7
131,217,520.9,10,7,18.7
13,259.2,161.6,9,7,18.8
46,349.2,232.8,9,6,18.8
97,379.2,401.6,9,7,18.8
101,218,431.6,10,7,18.8
130,169.2,502.8,9,6,18.8
1,199.2,131.6,9,7,18.8
3,240.4,131.6,8,7,18.8
5,338,131.6,10,7,18.8
7,379.2,131.6,9,7,18.8
8,428,112.8,10,6,18.8
9,420.4,131.6,8,7,18.8
10,169.2,142.8,9,6,18.8
11,218,161.6,10,7,18.8
12,210.4,142.8,8,6,18.8
14,308,142.8,10,6,18.8
15,300.4,161.6,8,7,18.8
16,349.2,142.8,9,6,18.8
17,398,161.6,10,7,18.8
18,390.4,142.8,8,6,18.8
19,439.2,161.6,9,7,18.8
20,188,172.8,10,6,18.8
21,180.4,191.6,8,7,18.8
22,229.2,172.8,9,6,18.8
23,278,191.6,10,7,18.8
24,270.4,172.8,8,6,18.8
26,368,172.8,10,6,18.8
27,360.4,191.6,8,7,18.8
28,409.2,172.8,9,6,18.8
29,458,191.6,10,7,18.8
30,150.4,202.8,8,6,18.8
31,199.2,221.6,9,7,18.8
32,248,202.8,10,6,18.8
33,240.4,221.6,8,7,18.8
34,289.2,202.8,9,6,18.8
35,338,221.6,10,7,18.8
36,330.4,202.8,8,6,18.8
37,379.2,221.6,9,7,18.8
38,428,202.8,10,6,18.8
39,420.4,221.6,8,7,18.8
40,169.2,232.8,9,6,18.8
41,218,251.6,10,7,18.8
42,210.4,232.8,8,6,18.8
43,259.2,251.6,9,7,18.8
44,308,232.8,10,6,18.8
45,300.4,251.6,8,7,18.8
47,398,251.6,10,7,18.8
48,390.4,232.8,8,6,18.8
49,439.2,251.6,9,7,18.8
50,188,262.8,10,6,18.8
51,180.4,281.6,8,7,18.8
52,229.2,262.8,9,6,18.8
53,278,281.6,10,7,18.8
54,270.4,262.8,8,6,18.8
55,319.2,281.6,9,7,18.8
56,368,262.8,10,6,18.8
57,360.4,281.6,8,7,18.8
58,409.2,262.8,9,6,18.8
59,458,281.6,10,7,18.8
60,150.4,292.8,8,6,18.8
61,199.2,311.6,9,7,18.8
62,248,292.8,10,6,18.8
63,240.4,311.6,8,7,18.8
64,289.2,292.8,9,6,18.8
65,338,311.6,10,7,18.8
66,330.4,292.8,8,6,18.8
67,379.2,311.6,9,7,18.8
68,428,292.8,10,6,18.8
69,420.4,311.6,8,7,18.8
70,169.2,322.8,9,6,18.8
71,218,341.6,10,7,18.8
72,210.4,322.8,8,6,18.8
73,259.2,341.6,9,7,18.8
74,308,322.8,10,6,18.8
75,300.4,341.6,8,7,18.8
76,349.2,322.8,9,6,18.8
77,398,341.6,10,7,18.8
78,390.4,322.8,8,6,18.8
79,439.2,341.6,9,7,18.8
80,188,352.8,10,6,18.8
81,180.4,371.6,8,7,18.8
82,229.2,352.8,9,6,18.8
83,278,371.6,10,7,18.8
84,270.4,352.8,8,6,18.8
85,319.2,371.6,9,7,18.8
86,368,352.8,10,6,18.8
87,360.4,371.6,8,7,18.8
88,409.2,352.8,9,6,18.8
89,458,371.6,10,7,18.8
90,150.4,382.8,8,6,18.8
91,199.2,401.6,9,7,18.8
92,248,382.8,10,6,18.8
93,240.4,401.6,8,7,18.8
94,289.2,382.8,9,6,18.8
95,338,401.6,10,7,18.8
96,330.4,382.8,8,6,18.8
98,428,382.8,10,6,18.8
99,420.4,401.6,8,7,18.8
100,169.2,412.8,9,6,18.8
102,210.4,412.8,8,6,18.8
103,259.2,431.6,9,7,18.8
104,308,412.8,10,6,18.8
105,300.4,431.6,8,7,18.8
106,349.2,412.8,9,6,18.8
107,398,431.6,10,7,18.8
108,390.4,412.8,8,6,18.8
109,439.2,431.6,9,7,18.8
110,188,442.8,10,6,18.8
111,180.4,461.6,8,7,18.8
112,229.2,442.8,9,6,18.8
113,278,461.6,10,7,18.8
114,270.4,442.8,8,6,18.8
115,319.2,461.6,9,7,18.8
116,368,442.8,10,6,18.8
117,360.4,461.6,8,7,18.8
118,409.2,442.8,9,6,18.8
119,458,461.6,10,7,18.8
120,150.4,472.8,8,6,18.8
121,199.2,491.6,9,7,18.8
122,248,472.8,10,6,18.8
123,240.4,491.6,8,7,18.8
124,289.2,472.8,9,6,18.8
125,338,491.6,10,7,18.8
126,330.4,472.8,8,6,18.8
127,379.2,491.6,9,7,18.8
128,428,472.8,10,6,18.8
129,420.4,491.6,8,7,18.8
131,218,521.6,10,7,18.8
13,260.1,162.3,9,7,18.9
46,350.1,233.4,9,6,18.9
97,380.1,402.3,9,7,18.9
101,219,432.3,10,7,18.9
130,170.1,503.4,9,6,18.9
1,200.1,132.3,9,7,18.9
3,241.2,132.3,8,7,18.9
5,339,132.3,10,7,18.9
7,380.1,132.3,9,7,18.9
8,429,113.4,10,6,18.9
9,421.2,132.3,8,7,18.9
10,170.1,143.4,9,6,18.9
11,219,162.3,10,7,18.9
12,211.2,143.4,8,6,18.9
14,309,143.4,10,6,18.9
15,301.2,162.3,8,7,18.9
16,350.1,143.4,9,6,18.9
17,399,162.3,10,7,18.9
18,391.2,143.4,8,6,18.9
19,440.1,162.3,9,7,18.9
20,189,173.4,10,6,18.9
21,181.2,192.3,8,7,18.9
22,230.1,173.4,9,6,18.9
23,279,192.3,10,7,18.9
24,271.2,173.4,8,6,18.9
26,369,173.4,10,6,18.9
27,361.2,192.3,8,7,18.9
28,410.1,173.4,9,6,18.9
29,459,192.3,10,7,18.9
30,151.2,203.4,8,6,18.9
31,200.1,222.3,9,7,18.9
32,249,203.4,10,6,18.9
33,241.2,222.3,8,7,18.9
34,290.1,203.4,9,6,18.9
35,339,222.3,10,7,18.9
36,331.2,203.4,8,6,18.9
37,380.1,222.3,9,7,18.9
38,429,203.4,10,6,18.9
39,421.2,222.3,8,7,18.9
40,170.1,233.4,9,6,18.9
41,219,252.3,10,7,18.9
42,211.2,233.4,8,6,18.9
43,260.1,252.3,9,7,18.9
44,309,233.4,10,6,18.9
45,301.2,252.3,8,7,18.9
47,399,252.3,10,7,18.9
48,391.2,233.4,8,6,18.9
49,440.1,252.3,9,7,18.9
50,189,263.4,10,6,18.9
51,181.2,282.3,8,7,18.9
52,230.1,263.4,9,6,18.9
53,279,282.3,10,7,18.9
54,271.2,263.4,8,6,18.9
55,320.1,282.3,9,7,18.9
56,369,263.4,10,6,18.9
57,361.2,282.3,8,7,18.9
58,410.1,263.4,9,6,18.9
59,459,282.3,10,7,18.9
60,151.2,293.4,8,6,18.9
61,200.1,312.3,9,7,18.9
62,249,293.4,10,6,18.9
63,241.2,312.3,8,7,18.9
64,290.1,293.4,9,6,18.9
65,339,312.3,10,7,18.9
66,331.2,293.4,8,6,18.9
67,380.1,312.3,9,7,18.9
68,429,293.4,10,6,18.9
69,421.2,312.3,8,7,18.9
70,170.1,323.4,9,6,18.9
71,219,342.3,10,7,18.9
72,211.2,323.4,8,6,18.9
73,260.1,342.3,9,7,18.9
74,309,323.4,10,6,18.9
75,301.2,342.3,8,7,18.9
76,350.1,323.4,9,6,18.9
77,399,342.3,10,7,18.9
78,391.2,323.4,8,6,18.9
79,440.1,342.3,9,7,18.9
80,189,353.4,10,6,18.9
81,181.2,372.3,8,7,18.9
82,230.1,353.4,9,6,18.9
83,279,372.3,10,7,18.9
84,271.2,353.4,8,6,18.9
85,320.1,372.3,9,7,18.9
86,369,353.4,10,6,18.9
87,361.2,372.3,8,7,18.9
88,410.1,353.4,9,6,18.9
89,459,372.3,10,7,18.9
90,151.2,383.4,8,6,18.9
91,200.1,402.3,9,7,18.9
92,249,383.4,10,6,18.9
93,241.2,402.3,8,7,18.9
94,290.1,383.4,9,6,18.9
95,339,402.3,10,7,18.9
96,331.2,383.4,8,6,18.9
98,429,383.4,10,6,18.9
99,421.2,402.3,8,7,18.9
100,170.1,413.4,9,6,18.9
102,211.2,413.4,8,6,18.9
103,260.1,432.3,9,7,18.9
104,309,413.4,10,6,18.9
105,301.2,432.3,8,7,18.9
106,350.1,413.4,9,6,18.9
107,399,432.3,10,7,18.9
108,391.2,413.4,8,6,18.9
109,440.1,432.3,9,7,18.9
110,189,443.4,10,6,18.9
111,181.2,462.3,8,7,18.9
112,230.1,443.4,9,6,18.9
113,279,462.3,10,7,18.9
114,271.2,443.4,8,6,18.9
115,320.1,462.3,9,7,18.9
116,369,443.4,10,6,18.9
117,361.2,462.3,8,7,18.9
118,410.1,443.4,9,6,18.9
119,459,462.3,10,7,18.9
120,151.2,473.4,8,6,18.9
121,200.1,492.3,9,7,18.9
122,249,473.4,10,6,18.9
123,241.2,492.3,8,7,18.9
124,290.1,473.4,9,6,18.9
125,339,492.3,10,7,18.9
126,331.2,473.4,8,6,18.9
127,380.1,492.3,9,7,18.9
128,429,473.4,10,6,18.9
129,421.2,492.3,8,7,18.9
131,219,522.3,10,7,18.9
13,261,163,9,7,19
46,351,234,9,6,19
97,381,403,9,7,19
101,220,433,10,7,19
130,171,504,9,6,19
1,201,133,9,7,19
3,242,133,8,7,19
5,340,133,10,7,19
7,381,133,9,7,19
8,430,114,10,6,19
9,422,133,8,7,19
10,171,144,9,6,19
11,220,163,10,7,19
12,212,144,8,6,19
14,310,144,10,6,19
15,302,163,8,7,19
16,351,144,9,6,19
17,400,163,10,7,19
18,392,144,8,6,19
19,441,163,9,7,19
20,190,174,10,6,19
21,182,193,8,7,19
22,231,174,9,6,19
23,280,193,10,7,19
24,272,174,8,6,19
26,370,174,10,6,19
27,362,193,8,7,19
28,411,174,9,6,19
29,460,193,10,7,19
30,152,204,8,6,19
31,201,223,9,7,19
32,250,204,10,6,19
33,242,223,8,7,19
34,291,204,9,6,19
35,340,223,10,7,19
36,332,204,8,6,19
37,381,223,9,7,19
38,430,204,10,6,19
39,422,223,8,7,19
40,171,234,9,6,19
41,220,253,10,7,19
42,212,234,8,6,19
43,261,253,9,7,19
44,310,234,10,6,19
45,302,253,8,7,19
47,400,253,10,7,19
48,392,234,8,6,19
49,441,253,9,7,19
50,190,264,10,6,19
51,182,283,8,7,19
52,231,264,9,6,19
53,280,283,10,7,19
54,272,264,8,6,19
55,321,283,9,7,19
56,370,264,10,6,19
57,362,283,8,7,19
58,411,264,9,6,19
59,460,283,10,7,19
60,152,294,8,6,19
61,201,313,9,7,19
62,250,294,10,6,19
63,242,313,8,7,19
64,291,294,9,6,19
65,340,313,10,7,19
66,332,294,8,6,19
67,381,313,9,7,19
68,430,294,10,6,19
69,422,313,8,7,19
70,171,324,9,6,19
71,220,343,10,7,19
72,212,324,8,6,19
73,261,343,9,7,19
74,310,324,10,6,19
75,302,343,8,7,19
76,351,324,9,6,19
77,400,343,10,7,19
78,392,324,8,6,19
79,441,343,9,7,19
80,190,354,10,6,19
81,182,373,8,7,19
82,231,354,9,6,19
83,280,373,10,7,19
84,272,354,8,6,19
85,321,373,9,7,19
86,370,354,10,6,19
87,362,373,8,7,19
88,411,354,9,6,19
89,460,373,10,7,19
90,152,384,8,6,19
91,201,403,9,7,19
92,250,384,10,6,19
93,242,403,8,7,19
94,291,384,9,6,19
95,340,403,10,7,19
96,332,384,8,6,19
98,430,384,10,6,19
99,422,403,8,7,19
100,171,414,9,6,19
102,212,414,8,6,19
103,261,433,9,7,19
104,310,414,10,6,19
105,302,433,8,7,19
106,351,414,9,6,19
107,400,433,10,7,19
108,392,414,8,6,19
109,441,433,9,7,19
110,190,444,10,6,19
111,182,463,8,7,19
112,231,444,9,6,19
113,280,463,10,7,19
114,272,444,8,6,19
115,321,463,9,7,19
116,370,444,10,6,19
117,362,463,8,7,19
118,411,444,9,6,19
119,460,463,10,7,19
120,152,474,8,6,19
121,201,493,9,7,19
122,250,474,10,6,19
123,242,493,8,7,19
124,291,474,9,6,19
125,340,493,10,7,19
126,332,474,8,6,19
127,381,493,9,7,19
128,430,474,10,6,19
129,422,493,8,7,19
131,220,523,10,7,19
13,261.9,163.7,9,7,19.1
46,351.9,234.6,9,6,19.1
97,381.9,403.7,9,7,19.1
101,221,433.7,10,7,19.1
130,171.9,504.6,9,6,19.1
1,201.9,133.7,9,7,19.1
3,242.8,133.7,8,7,19.1
5,341,133.7,10,7,19.1
7,381.9,133.7,9,7,19.1
8,431,114.6,10,6,19.1
9,422.8,133.7,8,7,19.1
10,171.9,144.6,9,6,19.1
11,221,163.7,10,7,19.1
12,212.8,144.6,8,6,19.1
14,311,144.6,10,6,19.1
15,302.8,163.7,8,7,19.1
16,351.9,144.6,9,6,19.1
17,401,163.7,10,7,19.1
18,392.8,144.6,8,6,19.1
19,441.9,163.7,9,7,19.1
20,191,174.6,10,6,19.1
21,182.8,193.7,8,7,19.1
22,231.9,174.6,9,6,19.1
23,281,193.7,10,7,19.1
24,272.8,174.6,8,6,19.1
26,371,174.6,10,6,19.1
27,362.8,193.7,8,7,19.1
28,411.9,174.6,9,6,19.1
29,461,193.7,10,7,19.1
30,152.8,204.6,8,6,19.1
31,201.9,223.7,9,7,19.1
32,251,204.6,10,6,19.1
33,242.8,223.7,8,7,19.1
34,291.9,204.6,9,6,19.1
35,341,223.7,10,7,19.1
36,332.8,204.6,8,6,19.1
37,381.9,223.7,9,7,19.1
38,431,204.6,10,6,19.1
39,422.8,223.7,8,7,19.1
40,171.9,234.6,9,6,19.1
41,221,253.7,10,7,19.1
42,212.8,234.6,8,6,19.1
43,261.9,253.7,9,7,19.1
44,311,234.6,10,6,19.1
45,302.8,253.7,8,7,19.1
47,401,253.7,10,7,19.1
48,392.8,234.6,8,6,19.1
49,441.9,253.7,9,7,19.1
50,191,264.6,10,6,19.1
51,182.8,283.7,8,7,19.1
52,231.9,264.6,9,6,19.1
53,281,283.7,10,7,19.1
54,272.8,264.6,8,6,19.1
55,321.9,283.7,9,7,19.1
56,371,264.6,10,6,19.1
57,362.8,283.7,8,7,19.1
58,411.9,264.6,9,6,19.1
59,461,283.7,10,7,19.1
60,152.8,294.6,8,6,19.1
61,201.9,313.7,9,7,19.1
62,251,294.6,10,6,19.1
63,242.8,313.7,8,7,19.1
64,291.9,294.6,9,6,19.1
65,341,313.7,10,7,19.1
66,332.8,294.6,8,6,19.1
67,381.9,313.7,9,7,19.1
68,431,294.6,10,6,19.1
69,422.8,313.7,8,7,19.1
70,171.9,324.6,9,6,19.1
71,221,343.7,10,7,19.1
72,212.8,324.6,8,6,19.1
73,261.9,343.7,9,7,19.1
74,311,324.6,10,6,19.1
75,302.8,343.7,8,7,19.1
76,351.9,324.6,9,6,19.1
77,401,343.7,10,7,19.1
78,392.8,324.6,8,6,19.1
79,441.9,343.7,9,7,19.1
80,191,354.6,10,6,19.1
81,182.8,373.7,8,7,19.1
82,231.9,354.6,9,6,19.1
83,281,373.7,10,7,19.1
84,272.8,354.6,8,6,19.1
85,321.9,373.7,9,7,19.1
86,371,354.6,10,6,19.1
87,362.8,373.7,8,7,19.1
88,411.9,354.6,9,6,19.1
89,461,373.7,10,7,19.1
90,152.8,384.6,8,6,19.1
91,201.9,403.7,9,7,19.1
92,251,384.6,10,6,19.1
93,242.8,403.7,8,7,19.1
94,291.9,384.6,9,6,19.1
95,341,403.7,10,7,19.1
96,332.8,384.6,8,6,19.1
98,431,384.6,10,6,19.1
99,422.8,403.7,8,7,19.1
100,171.9,414.6,9,6,19.1
102,212.8,414.6,8,6,19.1
103,261.9,433.7,9,7,19.1
104,311,414.6,10,6,19.1
105,302.8,433.7,8,7,19.1
106,351.9,414.6,9,6,19.1
107,401,433.7,10,7,19.1
108,392.8,414.6,8,6,19.1
109,441.9,433.7,9,7,19.1
110,191,444.6,10,6,19.1
111,182.8,463.7,8,7,19.1
112,231.9,444.6,9,6,19.1
113,281,463.7,10,7,19.1
114,272.8,444.6,8,6,19.1
115,321.9,463.7,9,7,19.1
116,371,444.6,10,6,19.1
117,362.8,463.7,8,7,19.1
118,411.9,444.6,9,6,19.1
119,461,463.7,10,7,19.1
120,152.8,474.6,8,6,19.1
121,201.9,493.7,9,7,19.1
122,251,474.6,10,6,19.1
123,242.8,493.7,8,7,19.1
124,291.9,474.6,9,6,19.1
125,341,493.7,10,7,19.1
126,332.8,474.6,8,6,19.1
127,381.9,493.7,9,7,19.1
128,431,474.6,10,6,19.1
129,422.8,493.7,8,7,19.1
131,221,523.7,10,7,19.1
13,262.8,164.4,9,7,19.2
46,352.8,235.2,9,6,19.2
97,382.8,404.4,9,7,19.2
101,222,434.4,10,7,19.2
130,172.8,505.2,9,6,19.2
1,202.8,134.4,9,7,19.2
3,243.6,134.4,8,7,19.2
5,342,134.4,10,7,19.2
7,382.8,134.4,9,7,19.2
8,432,115.2,10,6,19.2
9,423.6,134.4,8,7,19.2
10,172.8,145.2,9,6,19.2
11,222,164.4,10,7,19.2
12,213.6,145.2,8,6,19.2
14,312,145.2,10,6,19.2
15,303.6,164.4,8,7,19.2
16,352.8,145.2,9,6,19.2
17,402,164.4,10,7,19.2
18,393.6,145.2,8,6,19.2
19,442.8,164.4,9,7,19.2
20,192,175.2,10,6,19.2
21,183.6,194.4,8,7,19.2
22,232.8,175.2,9,6,19.2
23,282,194.4,10,7,19.2
24,273.6,175.2,8,6,19.2
26,372,175.2,10,6,19.2
27,363.6,194.4,8,7,19.2
28,412.8,175.2,9,6,19.2
29,462,194.4,10,7,19.2
30,153.6,205.2,8,6,19.2
31,202.8,224.4,9,7,19.2
32,252,205.2,10,6,19.2
33,243.6,224.4,8,7,19.2
34,292.8,205.2,9,6,19.2
35,342,224.4,10,7,19.2
36,333.6,205.2,8,6,19.2
37,382.8,224.4,9,7,19.2
38,432,205.2,10,6,19.2
39,423.6,224.4,8,7,19.2
40,172.8,235.2,9,6,19.2
41,222,254.4,10,7,19.2
42,213.6,235.2,8,6,19.2
43,262.8,254.4,9,7,19.2
44,312,235.2,10,6,19.2
45,303.6,254.4,8,7,19.2
47,402,254.4,10,7,19.2
48,393.6,235.2,8,6,19.2
49,442.8,254.4,9,7,19.2
50,192,265.2,10,6,19.2
51,183.6,284.4,8,7,19.2
52,232.8,265.2,9,6,19.2
53,282,284.4,10,7,19.2
54,273.6,265.2,8,6,19.2
55,322.8,284.4,9,7,19.2
56,372,265.2,10,6,19.2
57,363.6,284.4,8,7,19.2
58,412.8,265.2,9,6,19.2
59,462,284.4,10,7,19.2
60,153.6,295.2,8,6,19.2
61,202.8,314.4,9,7,19.2
62,252,295.2,10,6,19.2
63,243.6,314.4,8,7,19.2
64,292.8,295.2,9,6,19.2
65,342,314.4,10,7,19.2
66,333.6,295.2,8,6,19.2
67,382.8,314.4,9,7,19.2
68,432,295.2,10,6,19.2
69,423.6,314.4,8,7,19.2
70,172.8,325.2,9,6,19.2
71,222,344.4,10,7,19.2
72,213.6,325.2,8,6,19.2
73,262.8,344.4,9,7,19.2
74,312,325.2,10,6,19.2
75,303.6,344.4,8,7,19.2
76,352.8,325.2,9,6,19.2
77,402,344.4,10,7,19.2
78,393.6,325.2,8,6,19.2
79,442.8,344.4,9,7,19.2
80,192,355.2,10,6,19.2
81,183.6,374.4,8,7,19.2
82,232.8,355.2,9,6,19.2
83,282,374.4,10,7,19.2
84,273.6,355.2,8,6,19.2
85,322.8,374.4,9,7,19.2
86,372,355.2,10,6,19.2
87,363.6,374.4,8,7,19.2
88,412.8,355.2,9,6,19.2
89,462,374.4,10,7,19.2
90,153.6,385.2,8,6,19.2
91,202.8,404.4,9,7,19.2
92,252,385.2,10,6,19.2
93,243.6,404.4,8,7,19.2
94,292.8,385.2,9,6,19.2
95,342,404.4,10,7,19.2
96,333.6,385.2,8,6,19.2
98,432,385.2,10,6,19.2
99,423.6,404.4,8,7,19.2
100,172.8,415.2,9,6,19.2
102,213.6,415.2,8,6,19.2
103,262.8,434.4,9,7,19.2
104,312,415.2,10,6,19.2
105,303.6,434.4,8,7,19.2
106,352.8,415.2,9,6,19.2
107,402,434.4,10,7,19.2
108,393.6,415.2,8,6,19.2
109,442.8,434.4,9,7,19.2
110,192,445.2,10,6,19.2
111,183.6,464.4,8,7,19.2
112,232.8,445.2,9,6,19.2
113,282,464.4,10,7,19.2
114,273.6,445.2,8,6,19.2
115,322.8,464.4,9,7,19.2
116,372,445.2,10,6,19.2
117,363.6,464.4,8,7,19.2
118,412.8,445.2,9,6,19.2
119,462,464.4,10,7,19.2
120,153.6,475.2,8,6,19.2
121,202.8,494.4,9,7,19.2
122,252,475.2,10,6,19.2
123,243.6,494.4,8,7,19.2
124,292.8,475.2,9,6,19.2
125,342,494.4,10,7,19.2
126,333.6,475.2,8,6,19.2
127,382.8,494.4,9,7,19.2
128,432,475.2,10,6,19.2
129,423.6,494.4,8,7,19.2
131,222,524.4,10,7,19.2
13,263.7,165.1,9,7,19.3
46,353.7,235.8,9,6,19.3
97,383.7,405.1,9,7,19.3
101,223,435.1,10,7,19.3
130,173.7,505.8,9,6,19.3
1,203.7,135.1,9,7,19.3
3,244.4,135.1,8,7,19.3
5,343,135.1,10,7,19.3
7,383.7,135.1,9,7,19.3
8,433,115.8,10,6,19.3
9,424.4,135.1,8,7,19.3
10,173.7,145.8,9,6,19.3
11,223,165.1,10,7,19.3
12,214.4,145.8,8,6,19.3
14,313,145.8,10,6,19.3
15,304.4,165.1,8,7,19.3
16,353.7,145.8,9,6,19.3
17,403,165.1,10,7,19.3
18,394.4,145.8,8,6,19.3
19,443.7,165.1,9,7,19.3
20,193,175.8,10,6,19.3
21,184.4,195.1,8,7,19.3
22,233.7,175.8,9,6,19.3
23,283,195.1,10,7,19.3
24,274.4,175.8,8,6,19.3
26,373,175.8,10,6,19.3
27,364.4,195.1,8,7,19.3
28,413.7,175.8,9,6,19.3
29,463,195.1,10,7,19.3
30,154.4,205.8,8,6,19.3
31,203.7,225.1,9,7,19.3
32,253,205.8,10,6,19.3
33,244.4,225.1,8,7,19.3
34,293.7,205.8,9,6,19.3
35,343,225.1,10,7,19.3
36,334.4,205.8,8,6,19.3
37,383.7,225.1,9,7,19.3
38,433,205.8,10,6,19.3
39,424.4,225.1,8,7,19.3
40,173.7,235.8,9,6,19.3
41,223,255.1,10,7,19.3
42,214.4,235.8,8,6,19.3
43,263.7,255.1,9,7,19.3
44,313,235.8,10,6,19.3
45,304.4,255.1,8,7,19.3
47,403,255.1,10,7,19.3
48,394.4,235.8,8,6,19.3
49,443.7,255.1,9,7,19.3
50,193,265.8,10,6,19.3
51,184.4,285.1,8,7,19.3
52,233.7,265.8,9,6,19.3
53,283,285.1,10,7,19.3
54,274.4,265.8,8,6,19.3
55,323.7,285.1,9,7,19.3
56,373,265.8,10,6,19.3
57,364.4,285.1,8,7,19.3
58,413.7,265.8,9,6,19.3
59,463,285.1,10,7,19.3
60,154.4,295.8,8,6,19.3
61,203.7,315.1,9,7,19.3
62,253,295.8,10,6,19.3
63,244.4,315.1,8,7,19.3
64,293.7,295.8,9,6,19.3
65,343,315.1,10,7,19.3
66,334.4,295.8,8,6,19.3
67,383.7,315.1,9,7,19.3
68,433,295.8,10,6,19.3
69,424.4,315.1,8,7,19.3
70,173.7,325.8,9,6,19.3
71,223,345.1,10,7,19.3
72,214.4,325.8,8,6,19.3
73,263.7,345.1,9,7,19.3
74,313,325.8,10,6,19.3
75,304.4,345.1,8,7,19.3
76,353.7,325.8,9,6,19.3
77,403,345.1,10,7,19.3
78,394.4,325.8,8,6,19.3
79,443.7,345.1,9,7,19.3
80,193,355.8,10,6,19.3
81,184.4,375.1,8,7,19.3
82,233.7,355.8,9,6,19.3
83,283,375.1,10,7,19.3
84,274.4,355.8,8,6,19.3
85,323.7,375.1,9,7,19.3
86,373,355.8,10,6,19.3
87,364.4,375.1,8,7,19.3
88,413.7,355.8,9,6,19.3
89,463,375.1,10,7,19.3
90,154.4,385.8,8,6,19.3
91,203.7,405.1,9,7,19.3
92,253,385.8,10,6,19.3
93,244.4,405.1,8,7,19.3
94,293.7,385.8,9,6,19.3
95,343,405.1,10,7,19.3
96,334.4,385.8,8,6,19.3
98,433,385.8,10,6,19.3
99,424.4,405.1,8,7,19.3
100,173.7,415.8,9,6,19.3
102,214.4,415.8,8,6,19.3
103,263.7,435.1,9,7,19.3
104,313,415.8,10,6,19.3
105,304.4,435.1,8,7,19.3
106,353.7,415.8,9,6,19.3
107,403,435.1,10,7,19.3
108,394.4,415.8,8,6,19.3
109,443.7,435.1,9,7,19.3
110,193,445.8,10,6,19.3
111,184.4,465.1,8,7,19.3
112,233.7,445.8,9,6,19.3
113,283,465.1,10,7,19.3
114,274.4,445.8,8,6,19.3
115,323.7,465.1,9,7,19.3
116,373,445.8,10,6,19.3
117,364.4,465.1,8,7,19.3
118,413.7,445.8,9,6,19.3
119,463,465.1,10,7,19.3
120,154.4,475.8,8,6,19.3
121,203.7,495.1,9,7,19.3
122,253,475.8,10,6,19.3
123,244.4,495.1,8,7,19.3
124,293.7,475.8,9,6,19.3
125,343,495.1,10,7,19.3
126,334.4,475.8,8,6,19.3
127,383.7,495.1,9,7,19.3
128,433,475.8,10,6,19.3
129,424.4,495.1,8,7,19.3
131,223,525.1,10,7,19.3
13,264.6,165.8,9,7,19.4
46,354.6,236.4,9,6,19.4
97,384.6,405.8,9,7,19.4
101,224,435.8,10,7,19.4
130,174.6,506.4,9,6,19.4
1,204.6,135.8,9,7,19.4
3,245.2,135.8,8,7,19.4
5,344,135.8,10,7,19.4
7,384.6,135.8,9,7,19.4
8,434,116.4,10,6,19.4
9,425.2,135.8,8,7,19.4
10,174.6,146.4,9,6,19.4
11,224,165.8,10,7,19.4
12,215.2,146.4,8,6,19.4
14,314,146.4,10,6,19.4
15,305.2,165.8,8,7,19.4
16,354.6,146.4,9,6,19.4
17,404,165.8,10,7,19.4
18,395.2,146.4,8,6,19.4
19,444.6,165.8,9,7,19.4
20,194,176.4,10,6,19.4
21,185.2,195.8,8,7,19.4
22,234.6,176.4,9,6,19.4
23,284,195.8,10,7,19.4
24,275.2,176.4,8,6,19.4
26,374,176.4,10,6,19.4
27,365.2,195.8,8,7,19.4
28,414.6,176.4,9,6,19.4
29,464,195.8,10,7,19.4
30,155.2,206.4,8,6,19.4
31,204.6,225.8,9,7,19.4
32,254,206.4,10,6,19.4
33,245.2,225.8,8,7,19.4
34,294.6,206.4,9,6,19.4
35,344,225.8,10,7,19.4
36,335.2,206.4,8,6,19.4
37,384.6,225.8,9,7,19.4
38,434,206.4,10,6,19.4
39,425.2,225.8,8,7,19.4
40,174.6,236.4,9,6,19.4
41,224,255.8,10,7,19.4
42,215.2,236.4,8,6,19.4
43,264.6,255.8,9,7,19.4
44,314,236.4,10,6,19.4
45,305.2,255.8,8,7,19.4
47,404,255.8,10,7,19.4
48,395.2,236.4,8,6,19.4
49,444.6,255.8,9,7,19.4
50,194,266.4,10,6,19.4
51,185.2,285.8,8,7,19.4
52,234.6,266.4,9,6,19.4
53,284,285.8,10,7,19.4
54,275.2,266.4,8,6,19.4
55,324.6,285.8,9,7,19.4
56,374,266.4,10,6,19.4
57,365.2,285.8,8,7,19.4
58,414.6,266.4,9,6,19.4
59,464,285.8,10,7,19.4
60,155.2,296.4,8,6,19.4
61,204.6,315.8,9,7,19.4
62,254,296.4,10,6,19.4
63,245.2,315.8,8,7,19.4
64,294.6,296.4,9,6,19.4
65,344,315.8,10,7,19.4
66,335.2,296.4,8,6,19.4
67,384.6,315.8,9,7,19.4
68,434,296.4,10,6,19.4
69,425.2,315.8,8,7,19.4
70,174.6,326.4,9,6,19.4
71,224,345.8,10,7,19.4
72,215.2,326.4,8,6,19.4
73,264.6,345.8,9,7,19.4
74,314,326.4,10,6,19.4
75,305.2,345.8,8,7,19.4
76,354.6,326.4,9,6,19.4
77,404,345.8,10,7,19.4
78,395.2,326.4,8,6,19.4
79,444.6,345.8,9,7,19.4
80,194,356.4,10,6,19.4
81,185.2,375.8,8,7,19.4
82,234.6,356.4,9,6,19.4
83,284,375.8,10,7,19.4
84,275.2,356.4,8,6,19.4
85,324.6,375.8,9,7,19.4
86,374,356.4,10,6,19.4
87,365.2,375.8,8,7,19.4
88,414.6,356.4,9,6,19.4
89,464,375.8,10,7,19.4
90,155.2,386.4,8,6,19.4
91,204.6,405.8,9,7,19.4
92,254,386.4,10,6,19.4
93,245.2,405.8,8,7,19.4
94,294.6,386.4,9,6,19.4
95,344,405.8,10,7,19.4
96,335.2,386.4,8,6,19.4
98,434,386.4,10,6,19.4
99,425.2,405.8,8,7,19.4
100,174.6,416.4,9,6,19.4
102,215.2,416.4,8,6,19.4
103,264.6,435.8,9,7,19.4
104,314,416.4,10,6,19.4
105,305.2,435.8,8,7,19.4
106,354.6,416.4,9,6,19.4
107,404,435.8,10,7,19.4
108,395.2,416.4,8,6,19.4
109,444.6,435.8,9,7,19.4
110,194,446.4,10,6,19.4
111,185.2,465.8,8,7,19.4
112,234.6,446.4,9,6,19.4
113,284,465.8,10,7,19.4
114,275.2,446.4,8,6,19.4
115,324.6,465.8,9,7,19.4
116,374,446.4,10,6,19.4
117,365.2,465.8,8,7,19.4
118,414.6,446.4,9,6,19.4
119,464,465.8,10,7,19.4
120,155.2,476.4,8,6,19.4
121,204.6,495.8,9,7,19.4
122,254,476.4,10,6,19.4
123,245.2,495.8,8,7,19.4
124,294.6,476.4,9,6,19.4
125,344,495.8,10,7,19.4
126,335.2,476.4,8,6,19.4
127,384.6,495.8,9,7,19.4
128,434,476.4,10,6,19.4
129,425.2,495.8,8,7,19.4
131,224,525.8,10,7,19.4
13,265.5,166.5,9,7,19.5
46,355.5,237,9,6,19.5
97,385.5,406.5,9,7,19.5
101,225,436.5,10,7,19.5
130,175.5,507,9,6,19.5
1,205.5,136.5,9,7,19.5
3,246,136.5,8,7,19.5
5,345,136.5,10,7,19.5
7,385.5,136.5,9,7,19.5
8,435,117,10,6,19.5
9,426,136.5,8,7,19.5
10,175.5,147,9,6,19.5
11,225,166.5,10,7,19.5
12,216,147,8,6,19.5
14,315,147,10,6,19.5
15,306,166.5,8,7,19.5
16,355.5,147,9,6,19.5
17,405,166.5,10,7,19.5
18,396,147,8,6,19.5
19,445.5,166.5,9,7,19.5
20,195,177,10,6,19.5
21,186,196.5,8,7,19.5
22,235.5,177,9,6,19.5
23,285,196.5,10,7,19.5
24,276,177,8,6,19.5
26,375,177,10,6,19.5
27,366,196.5,8,7,19.5
28,415.5,177,9,6,19.5
29,465,196.5,10,7,19.5
30,156,207,8,6,19.5
31,205.5,226.5,9,7,19.5
32,255,207,10,6,19.5
33,246,226.5,8,7,19.5
34,295.5,207,9,6,19.5
35,345,226.5,10,7,19.5
36,336,207,8,6,19.5
37,385.5,226.5,9,7,19.5
38,435,207,10,6,19.5
39,426,226.5,8,7,19.5
40,175.5,237,9,6,19.5
41,225,256.5,10,7,19.5
42,216,237,8,6,19.5
43,265.5,256.5,9,7,19.5
44,315,237,10,6,19.5
45,306,256.5,8,7,19.5
47,405,256.5,10,7,19.5
48,396,237,8,6,19.5
49,445.5,256.5,9,7,19.5
50,195,267,10,6,19.5
51,186,286.5,8,7,19.5
52,235.5,267,9,6,19.5
53,285,286.5,10,7,19.5
54,276,267,8,6,19.5
55,325.5,286.5,9,7,19.5
56,375,267,10,6,19.5
57,366,286.5,8,7,19.5
58,415.5,267,9,6,19.5
59,465,286.5,10,7,19.5
60,156,297,8,6,19.5
61,205.5,316.5,9,7,19.5
62,255,297,10,6,19.5
63,246,316.5,8,7,19.5
64,295.5,297,9,6,19.5
65,345,316.5,10,7,19.5
66,336,297,8,6,19.5
67,385.5,316.5,9,7,19.5
68,435,297,10,6,19.5
69,426,316.5,8,7,19.5
70,175.5,327,9,6,19.5
71,225,346.5,10,7,19.5
72,216,327,8,6,19.5
73,265.5,346.5,9,7,19.5
74,315,327,10,6,19.5
75,306,346.5,8,7,19.5
76,355.5,327,9,6,19.5
77,405,346.5,10,7,19.5
78,396,327,8,6,19.5
79,445.5,346.5,9,7,19.5
80,195,357,10,6,19.5
81,186,376.5,8,7,19.5
82,235.5,357,9,6,19.5
83,285,376.5,10,7,19.5
84,276,357,8,6,19.5
85,325.5,376.5,9,7,19.5
86,375,357,10,6,19.5
87,366,376.5,8,7,19.5
88,415.5,357,9,6,19.5
89,465,376.5,10,7,19.5
90,156,387,8,6,19.5
91,205.5,406.5,9,7,19.5
92,255,387,10,6,19.5
93,246,406.5,8,7,19.5
94,295.5,387,9,6,19.5
95,345,406.5,10,7,19.5
96,336,387,8,6,19.5
98,435,387,10,6,19.5
99,426,406.5,8,7,19.5
100,175.5,417,9,6,19.5
102,216,417,8,6,19.5
103,265.5,436.5,9,7,19.5
104,315,417,10,6,19.5
105,306,436.5,8,7,19.5
106,355.5,417,9,6,19.5
107,405,436.5,10,7,19.5
108,396,417,8,6,19.5
109,445.5,436.5,9,7,19.5
110,195,447,10,6,19.5
111,186,466.5,8,7,19.5
112,235.5,447,9,6,19.5
113,285,466.5,10,7,19.5
114,276,447,8,6,19.5
115,325.5,466.5,9,7,19.5
116,375,447,10,6,19.5
117,366,466.5,8,7,19.5
118,415.5,447,9,6,19.5
119,465,466.5,10,7,19.5
120,156,477,8,6,19.5
121,205.5,496.5,9,7,19.5
122,255,477,10,6,19.5
123,246,496.5,8,7,19.5
124,295.5,477,9,6,19.5
125,345,496.5,10,7,19.5
126,336,477,8,6,19.5
127,385.5,496.5,9,7,19.5
128,435,477,10,6,19.5
129,426,496.5,8,7,19.5
131,225,526.5,10,7,19.5
13,266.4,167.2,9,7,19.6
46,356.4,237.6,9,6,19.6
97,386.4,407.2,9,7,19.6
101,226,437.2,10,7,19.6
130,176.4,507.6,9,6,19.6
1,206.4,137.2,9,7,19.6
3,246.8,137.2,8,7,19.6
5,346,137.2,10,7,19.6
7,386.4,137.2,9,7,19.6
8,436,117.6,10,6,19.6
9,426.8,137.2,8,7,19.6
10,176.4,147.6,9,6,19.6
11,226,167.2,10,7,19.6
12,216.8,147.6,8,6,19.6
14,316,147.6,10,6,19.6
15,306.8,167.2,8,7,19.6
16,356.4,147.6,9,6,19.6
17,406,167.2,10,7,19.6
18,396.8,147.6,8,6,19.6
19,446.4,167.2,9,7,19.6
20,196,177.6,10,6,19.6
21,186.8,197.2,8,7,19.6
22,236.4,177.6,9,6,19.6
23,286,197.2,10,7,19.6
24,276.8,177.6,8,6,19.6
26,376,177.6,10,6,19.6
27,366.8,197.2,8,7,19.6
28,416.4,177.6,9,6,19.6
29,466,197.2,10,7,19.6
30,156.8,207.6,8,6,19.6
31,206.4,227.2,9,7,19.6
32,256,207.6,10,6,19.6
33,246.8,227.2,8,7,19.6
34,296.4,207.6,9,6,19.6
35,346,227.2,10,7,19.6
36,336.8,207.6,8,6,19.6
37,386.4,227.2,9,7,19.6
38,436,207.6,10,6,19.6
39,426.8,227.2,8,7,19.6
40,176.4,237.6,9,6,19.6
41,226,257.2,10,7,19.6
42,216.8,237.6,8,6,19.6
43,266.4,257.2,9,7,19.6
44,316,237.6,10,6,19.6
45,306.8,257.2,8,7,19.6
47,406,257.2,10,7,19.6
48,396.8,237.6,8,6,19.6
49,446.4,257.2,9,7,19.6
50,196,267.6,10,6,19.6
51,186.8,287.2,8,7,19.6
52,236.4,267.6,9,6,19.6
53,286,287.2,10,7,19.6
54,276.8,267.6,8,6,19.6
55,326.4,287.2,9,7,19.6
56,376,267.6,10,6,19.6
57,366.8,287.2,8,7,19.6
58,416.4,267.6,9,6,19.6
59,466,287.2,10,7,19.6
60,156.8,297.6,8,6,19.6
61,206.4,317.2,9,7,19.6
62,256,297.6,10,6,19.6
63,246.8,317.2,8,7,19.6
64,296.4,297.6,9,6,19.6
65,346,317.2,10,7,19.6
66,336.8,297.6,8,6,19.6
67,386.4,317.2,9,7,19.6
68,436,297.6,10,6,19.6
69,426.8,317.2,8,7,19.6
70,176.4,327.6,9,6,19.6
71,226,347.2,10,7,19.6
72,216.8,327.6,8,6,19.6
73,266.4,347.2,9,7,19.6
74,316,327.6,10,6,19.6
75,306.8,347.2,8,7,19.6
76,356.4,327.6,9,6,19.6
77,406,347.2,10,7,19.6
78,396.8,327.6,8,6,19.6
79,446.4,347.2,9,7,19.6
80,196,357.6,10,6,19.6
81,186.8,377.2,8,7,19.6
82,236.4,357.6,9,6,19.6
83,286,377.2,10,7,19.6
84,276.8,357.6,8,6,19.6
85,326.4,377.2,9,7,19.6
86,376,357.6,10,6,19.6
87,366.8,377.2,8,7,19.6
88,416.4,357.6,9,6,19.6
89,466,377.2,10,7,19.6
90,156.8,387.6,8,6,19.6
91,206.4,407.2,9,7,19.6
92,256,387.6,10,6,19.6
93,246.8,407.2,8,7,19.6
94,296.4,387.6,9,6,19.6
95,346,407.2,10,7,19.6
96,336.8,387.6,8,6,19.6
98,436,387.6,10,6,19.6
99,426.8,407.2,8,7,19.6
100,176.4,417.6,9,6,19.6
102,216.8,417.6,8,6,19.6
103,266.4,437.2,9,7,19.6
104,316,417.6,10,6,19.6
105,306.8,437.2,8,7,19.6
106,356.4,417.6,9,6,19.6
107,406,437.2,10,7,19.6
108,396.8,417.6,8,6,19.6
109,446.4,437.2,9,7,19.6
110,196,447.6,10,6,19.6
111,186.8,467.2,8,7,19.6
112,236.4,447.6,9,6,19.6
113,286,467.2,10,7,19.6
114,276.8,447.6,8,6,19.6
115,326.4,467.2,9,7,19.6
116,376,447.6,10,6,19.6
117,366.8,467.2,8,7,19.6
118,416.4,447.6,9,6,19.6
119,466,467.2,10,7,19.6
120,156.8,477.6,8,6,19.6
121,206.4,497.2,9,7,19.6
122,256,477.6,10,6,19.6
123,246.8,497.2,8,7,19.6
124,296.4,477.6,9,6,19.6
125,346,497.2,10,7,19.6
126,336.8,477.6,8,6,19.6
127,386.4,497.2,9,7,19.6
128,436,477.6,10,6,19.6
129,426.8,497.2,8,7,19.6
131,226,527.2,10,7,19.6
13,267.3,167.9,9,7,19.7
46,357.3,238.2,9,6,19.7
97,387.3,407.9,9,7,19.7
101,227,437.9,10,7,19.7
130,177.3,508.2,9,6,19.7
1,207.3,137.9,9,7,19.7
3,247.6,137.9,8,7,19.7
5,347,137.9,10,7,19.7
7,387.3,137.9,9,7,19.7
8,437,118.2,10,6,19.7
9,427.6,137.9,8,7,19.7
10,177.3,148.2,9,6,19.7
11,227,167.9,10,7,19.7
12,217.6,148.2,8,6,19.7
14,317,148.2,10,6,19.7
15,307.6,167.9,8,7,19.7
16,357.3,148.2,9,6,19.7
17,407,167.9,10,7,19.7
18,397.6,148.2,8,6,19.7
19,447.3,167.9,9,7,19.7
20,197,178.2,10,6,19.7
21,187.6,197.9,8,7,19.7
22,237.3,178.2,9,6,19.7
23,287,197.9,10,7,19.7
24,277.6,178.2,8,6,19.7
26,377,178.2,10,6,19.7
27,367.6,197.9,8,7,19.7
28,417.3,178.2,9,6,19.7
29,467,197.9,10,7,19.7
30,157.6,208.2,8,6,19.7
31,207.3,227.9,9,7,19.7
32,257,208.2,10,6,19.7
33,247.6,227.9,8,7,19.7
34,297.3,208.2,9,6,19.7
35,347,227.9,10,7,19.7
36,337.6,208.2,8,6,19.7
37,387.3,227.9,9,7,19.7
38,437,208.2,10,6,19.7
39,427.6,227.9,8,7,19.7
40,177.3,238.2,9,6,19.7
41,227,257.9,10,7,19.7
42,217.6,238.2,8,6,19.7
43,267.3,257.9,9,7,19.7
44,317,238.2,10,6,19.7
45,307.6,257.9,8,7,19.7
47,407,257.9,10,7,19.7
48,397.6,238.2,8,6,19.7
49,447.3,257.9,9,7,19.7
50,197,268.2,10,6,19.7
51,187.6,287.9,8,7,19.7
52,237.3,268.2,9,6,19.7
53,287,287.9,10,7,19.7
54,277.6,268.2,8,6,19.7
55,327.3,287.9,9,7,19.7
56,377,268.2,10,6,19.7
57,367.6,287.9,8,7,19.7
58,417.3,268.2,9,6,19.7
59,467,287.9,10,7,19.7
60,157.6,298.2,8,6,19.7
61,207.3,317.9,9,7,19.7
62,257,298.2,10,6,19.7
63,247.6,317.9,8,7,19.7
64,297.3,298.2,9,6,19.7
65,347,317.9,10,7,19.7
66,337.6,298.2,8,6,19.7
67,387.3,317.9,9,7,19.7
68,437,298.2,10,6,19.7
69,427.6,317.9,8,7,19.7
70,177.3,328.2,9,6,19.7
71,227,347.9,10,7,19.7
72,217.6,328.2,8,6,19.7
73,267.3,347.9,9,7,19.7
74,317,328.2,10,6,19.7
75,307.6,347.9,8,7,19.7
76,357.3,328.2,9,6,19.7
77,407,347.9,10,7,19.7
78,397.6,328.2,8,6,19.7
79,447.3,347.9,9,7,19.7
80,197,358.2,10,6,19.7
81,187.6,377.9,8,7,19.7
82,237.3,358.2,9,6,19.7
83,287,377.9,10,7,19.7
84,277.6,358.2,8,6,19.7
85,327.3,377.9,9,7,19.7
86,377,358.2,10,6,19.7
87,367.6,377.9,8,7,19.7
88,417.3,358.2,9,6,19.7
89,467,377.9,10,7,19.7
90,157.6,388.2,8,6,19.7
91,207.3,407.9,9,7,19.7
92,257,388.2,10,6,19.7
93,247.6,407.9,8,7,19.7
94,297.3,388.2,9,6,19.7
95,347,407.9,10,7,19.7
96,337.6,388.2,8,6,19.7
98,437,388.2,10,6,19.7
99,427.6,407.9,8,7,19.7
100,177.3,418.2,9,6,19.7
102,217.6,418.2,8,6,19.7
103,267.3,437.9,9,7,19.7
104,317,418.2,10,6,19.7
105,307.6,437.9,8,7,19.7
106,357.3,418.2,9,6,19.7
107,407,437.9,10,7,19.7
108,397.6,418.2,8,6,19.7
109,447.3,437.9,9,7,19.7
110,197,448.2,10,6,19.7
111,187.6,467.9,8,7,19.7
112,237.3,448.2,9,6,19.7
113,287,467.9,10,7,19.7
114,277.6,448.2,8,6,19.7
115,327.3,467.9,9,7,19.7
116,377,448.2,10,6,19.7
117,367.6,467.9,8,7,19.7
118,417.3,448.2,9,6,19.7
119,467,467.9,10,7,19.7
120,157.6,478.2,8,6,19.7
121,207.3,497.9,9,7,19.7
122,257,478.2,10,6,19.7
123,247.6,497.9,8,7,19.7
124,297.3,478.2,9,6,19.7
125,347,497.9,10,7,19.7
126,337.6,478.2,8,6,19.7
127,387.3,497.9,9,7,19.7
128,437,478.2,10,6,19.7
129,427.6,497.9,8,7,19.7
131,227,527.9,10,7,19.7
13,268.2,168.6,9,7,19.8
46,358.2,238.8,9,6,19.8
97,388.2,408.6,9,7,19.8
101,228,438.6,10,7,19.8
130,178.2,508.8,9,6,19.8
1,208.2,138.6,9,7,19.8
3,248.4,138.6,8,7,19.8
5,348,138.6,10,7,19.8
7,388.2,138.6,9,7,19.8
8,438,118.8,10,6,19.8
9,428.4,138.6,8,7,19.8
10,178.2,148.8,9,6,19.8
11,228,168.6,10,7,19.8
12,218.4,148.8,8,6,19.8
14,318,148.8,10,6,19.8
15,308.4,168.6,8,7,19.8
16,358.2,148.8,9,6,19.8
17,408,168.6,10,7,19.8
18,398.4,148.8,8,6,19.8
19,448.2,168.6,9,7,19.8
20,198,178.8,10,6,19.8
21,188.4,198.6,8,7,19.8
22,238.2,178.8,9,6,19.8
23,288,198.6,10,7,19.8
24,278.4,178.8,8,6,19.8
26,378,178.8,10,6,19.8
27,368.4,198.6,8,7,19.8
28,418.2,178.8,9,6,19.8
29,468,198.6,10,7,19.8
30,158.4,208.8,8,6,19.8
31,208.2,228.6,9,7,19.8
32,258,208.8,10,6,19.8
33,248.4,228.6,8,7,19.8
34,298.2,208.8,9,6,19.8
35,348,228.6,10,7,19.8
36,338.4,208.8,8,6,19.8
37,388.2,228.6,9,7,19.8
38,438,208.8,10,6,19.8
39,428.4,228.6,8,7,19.8
40,178.2,238.8,9,6,19.8
41,228,258.6,10,7,19.8
42,218.4,238.8,8,6,19.8
43,268.2,258.6,9,7,19.8
44,318,238.8,10,6,19.8
45,308.4,258.6,8,7,19.8
47,408,258.6,10,7,19.8
48,398.4,238.8,8,6,19.8
49,448.2,258.6,9,7,19.8
50,198,268.8,10,6,19.8
51,188.4,288.6,8,7,19.8
52,238.2,268.8,9,6,19.8
53,288,288.6,10,7,19.8
54,278.4,268.8,8,6,19.8
55,328.2,288.6,9,7,19.8
56,378,268.8,10,6,19.8
57,368.4,288.6,8,7,19.8
58,418.2,268.8,9,6,19.8
59,468,288.6,10,7,19.8
60,158.4,298.8,8,6,19.8
61,208.2,318.6,9,7,19.8
62,258,298.8,10,6,19.8
63,248.4,318.6,8,7,19.8
64,298.2,298.8,9,6,19.8
65,348,318.6,10,7,19.8
66,338.4,298.8,8,6,19.8
67,388.2,318.6,9,7,19.8
68,438,298.8,10,6,19.8
69,428.4,318.6,8,7,19.8
70,178.2,328.8,9,6,19.8
71,228,348.6,10,7,19.8
72,218.4,328.8,8,6,19.8
73,268.2,348.6,9,7,19.8
74,318,328.8,10,6,19.8
75,308.4,348.6,8,7,19.8
76,358.2,328.8,9,6,19.8
77,408,348.6,10,7,19.8
78,398.4,328.8,8,6,19.8
79,448.2,348.6,9,7,19.8
80,198,358.8,10,6,19.8
81,188.4,378.6,8,7,19.8
82,238.2,358.8,9,6,19.8
83,288,378.6,10,7,19.8
84,278.4,358.8,8,6,19.8
85,328.2,378.6,9,7,19.8
86,378,358.8,10,6,19.8
87,368.4,378.6,8,7,19.8
88,418.2,358.8,9,6,19.8
89,468,378.6,10,7,19.8
90,158.4,388.8,8,6,19.8
91,208.2,408.6,9,7,19.8
92,258,388.8,10,6,19.8
93,248.4,408.6,8,7,19.8
94,298.2,388.8,9,6,19.8
95,348,408.6,10,7,19.8
96,338.4,388.8,8,6,19.8
98,438,388.8,10,6,19.8
99,428.4,408.6,8,7,19.8
100,178.2,418.8,9,6,19.8
102,218.4,418.8,8,6,19.8
103,268.2,438.6,9,7,19.8
104,318,418.8,10,6,19.8
105,308.4,438.6,8,7,19.8
106,358.2,418.8,9,6,19.8
107,408,438.6,10,7,19.8
108,398.4,418.8,8,6,19.8
109,448.2,438.6,9,7,19.8
110,198,448.8,10,6,19.8
111,188.4,468.6,8,7,19.8
112,238.2,448.8,9,6,19.8
113,288,468.6,10,7,19.8
114,278.4,448.8,8,6,19.8
115,328.2,468.6,9,7,19.8
116,378,448.8,10,6,19.8
117,368.4,468.6,8,7,19.8
118,418.2,448.8,9,6,19.8
119,468,468.6,10,7,19.8
120,158.4,478.8,8,6,19.8
121,208.2,498.6,9,7,19.8
122,258,478.8,10,6,19.8
123,248.4,498.6,8,7,19.8
124,298.2,478.8,9,6,19.8
125,348,498.6,10,7,19.8
126,338.4,478.8,8,6,19.8
127,388.2,498.6,9,7,19.8
128,438,478.8,10,6,19.8
129,428.4,498.6,8,7,19.8
131,228,528.6,10,7,19.8
13,269.1,169.3,9,7,19.9
46,359.1,239.4,9,6,19.9
97,389.1,409.3,9,7,19.9
101,229,439.3,10,7,19.9
130,179.1,509.4,9,6,19.9
1,209.1,139.3,9,7,19.9
3,249.2,139.3,8,7,19.9
5,349,139.3,10,7,19.9
7,389.1,139.3,9,7,19.9
8,439,119.4,10,6,19.9
9,429.2,139.3,8,7,19.9
10,179.1,149.4,9,6,19.9
11,229,169.3,10,7,19.9
12,219.2,149.4,8,6,19.9
14,319,149.4,10,6,19.9
15,309.2,169.3,8,7,19.9
16,359.1,149.4,9,6,19.9
17,409,169.3,10,7,19.9
18,399.2,149.4,8,6,19.9
19,449.1,169.3,9,7,19.9
20,199,179.4,10,6,19.9
21,189.2,199.3,8,7,19.9
22,239.1,179.4,9,6,19.9
23,289,199.3,10,7,19.9
24,279.2,179.4,8,6,19.9
26,379,179.4,10,6,19.9
27,369.2,199.3,8,7,19.9
28,419.1,179.4,9,6,19.9
29,469,199.3,10,7,19.9
30,159.2,209.4,8,6,19.9
31,209.1,229.3,9,7,19.9
32,259,209.4,10,6,19.9
33,249.2,229.3,8,7,19.9
34,299.1,209.4,9,6,19.9
35,349,229.3,10,7,19.9
36,339.2,209.4,8,6,19.9
37,389.1,229.3,9,7,19.9
38,439,209.4,10,6,19.9
39,429.2,229.3,8,7,19.9
40,179.1,239.4,9,6,19.9
41,229,259.3,10,7,19.9
42,219.2,239.4,8,6,19.9
43,269.1,259.3,9,7,19.9
44,319,239.4,10,6,19.9
45,309.2,259.3,8,7,19.9
47,409,259.3,10,7,19.9
48,399.2,239.4,8,6,19.9
49,449.1,259.3,9,7,19.9
50,199,269.4,10,6,19.9
51,189.2,289.3,8,7,19.9
52,239.1,269.4,9,6,19.9
53,289,289.3,10,7,19.9
54,279.2,269.4,8,6,19.9
55,329.1,289.3,9,7,19.9
56,379,269.4,10,6,19.9
57,369.2,289.3,8,7,19.9
58,419.1,269.4,9,6,19.9
59,469,289.3,10,7,19.9
60,159.2,299.4,8,6,19.9
61,209.1,319.3,9,7,19.9
62,259,299.4,10,6,19.9
63,249.2,319.3,8,7,19.9
64,299.1,299.4,9,6,19.9
65,349,319.3,10,7,19.9
66,339.2,299.4,8,6,19.9
67,389.1,319.3,9,7,19.9
68,439,299.4,10,6,19.9
69,429.2,319.3,8,7,19.9
70,179.1,329.4,9,6,19.9
71,229,349.3,10,7,19.9
72,219.2,329.4,8,6,19.9
73,269.1,349.3,9,7,19.9
74,319,329.4,10,6,19.9
75,309.2,349.3,8,7,19.9
76,359.1,329.4,9,6,19.9
77,409,349.3,10,7,19.9
78,399.2,329.4,8,6,19.9
79,449.1,349.3,9,7,19.9
80,199,359.4,10,6,19.9
81,189.2,379.3,8,7,19.9
82,239.1,359.4,9,6,19.9
83,289,379.3,10,7,19.9
84,279.2,359.4,8,6,19.9
85,329.1,379.3,9,7,19.9
86,379,359.4,10,6,19.9
87,369.2,379.3,8,7,19.9
88,419.1,359.4,9,6,19.9
89,469,379.3,10,7,19.9
90,159.2,389.4,8,6,19.9
91,209.1,409.3,9,7,19.9
92,259,389.4,10,6,19.9
93,249.2,409.3,8,7,19.9
94,299.1,389.4,9,6,19.9
95,349,409.3,10,7,19.9
96,339.2,389.4,8,6,19.9
98,439,389.4,10,6,19.9
99,429.2,409.3,8,7,19.9
100,179.1,419.4,9,6,19.9
102,219.2,419.4,8,6,19.9
103,269.1,439.3,9,7,19.9
104,319,419.4,10,6,19.9
105,309.2,439.3,8,7,19.9
106,359.1,419.4,9,6,19.9
107,409,439.3,10,7,19.9
108,399.2,419.4,8,6,19.9
109,449.1,439.3,9,7,19.9
110,199,449.4,10,6,19.9
111,189.2,469.3,8,7,19.9
112,239.1,449.4,9,6,19.9
113,289,469.3,10,7,19.9
114,279.2,449.4,8,6,19.9
115,329.1,469.3,9,7,19.9
116,379,449.4,10,6,19.9
117,369.2,469.3,8,7,19.9
118,419.1,449.4,9,6,19.9
119,469,469.3,10,7,19.9
120,159.2,479.4,8,6,19.9
121,209.1,499.3,9,7,19.9
122,259,479.4,10,6,19.9
123,249.2,499.3,8,7,19.9
124,299.1,479.4,9,6,19.9
125,349,499.3,10,7,19.9
126,339.2,479.4,8,6,19.9
127,389.1,499.3,9,7,19.9
128,439,479.4,10,6,19.9
129,429.2,499.3,8,7,19.9
131,229,529.3,10,7,19.9
13,270,170,9,7,20
46,360,240,9,6,20
97,390,410,9,7,20
101,230,440,10,7,20
130,180,510,9,6,20
1,210,140,9,7,20
3,250,140,8,7,20
5,350,140,10,7,20
7,390,140,9,7,20
8,440,120,10,6,20
9,430,140,8,7,20
10,180,150,9,6,20
11,230,170,10,7,20
12,220,150,8,6,20
14,320,150,10,6,20
15,310,170,8,7,20
16,360,150,9,6,20
17,410,170,10,7,20
18,400,150,8,6,20
19,450,170,9,7,20
20,200,180,10,6,20
21,190,200,8,7,20
22,240,180,9,6,20
23,290,200,10,7,20
24,280,180,8,6,20
26,380,180,10,6,20
27,370,200,8,7,20
28,420,180,9,6,20
29,470,200,10,7,20
30,160,210,8,6,20
31,210,230,9,7,20
32,260,210,10,6,20
33,250,230,8,7,20
34,300,210,9,6,20
35,350,230,10,7,20
36,340,210,8,6,20
37,390,230,9,7,20
38,440,210,10,6,20
39,430,230,8,7,20
40,180,240,9,6,20
41,230,260,10,7,20
42,220,240,8,6,20
43,270,260,9,7,20
44,320,240,10,6,20
45,310,260,8,7,20
47,410,260,10,7,20
48,400,240,8,6,20
49,450,260,9,7,20
50,200,270,10,6,20
51,190,290,8,7,20
52,240,270,9,6,20
53,290,290,10,7,20
54,280,270,8,6,20
55,330,290,9,7,20
56,380,270,10,6,20
57,370,290,8,7,20
58,420,270,9,6,20
59,470,290,10,7,20
60,160,300,8,6,20
61,210,320,9,7,20
62,260,300,10,6,20
63,250,320,8,7,20
64,300,300,9,6,20
65,350,320,10,7,20
66,340,300,8,6,20
67,390,320,9,7,20
68,440,300,10,6,20
69,430,320,8,7,20
70,180,330,9,6,20
71,230,350,10,7,20
72,220,330,8,6,20
73,270,350,9,7,20
74,320,330,10,6,20
75,310,350,8,7,20
76,360,330,9,6,20
77,410,350,10,7,20
78,400,330,8,6,20
79,450,350,9,7,20
80,200,360,10,6,20
81,190,380,8,7,20
82,240,360,9,6,20
83,290,380,10,7,20
84,280,360,8,6,20
85,330,380,9,7,20
86,380,360,10,6,20
87,370,380,8,7,20
88,420,360,9,6,20
89,470,380,10,7,20
90,160,390,8,6,20
91,210,410,9,7,20
92,260,390,10,6,20
93,250,410,8,7,20
94,300,390,9,6,20
95,350,410,10,7,20
96,340,390,8,6,20
98,440,390,10,6,20
99,430,410,8,7,20
100,180,420,9,6,20
102,220,420,8,6,20
103,270,440,9,7,20
104,320,420,10,6,20
105,310,440,8,7,20
106,360,420,9,6,20
107,410,440,10,7,20
108,400,420,8,6,20
109,450,440,9,7,20
110,200,450,10,6,20
111,190,470,8,7,20
112,240,450,9,6,20
113,290,470,10,7,20
114,280,450,8,6,20
115,330,470,9,7,20
116,380,450,10,6,20
117,370,470,8,7,20
118,420,450,9,6,20
119,470,470,10,7,20
120,160,480,8,6,20
121,210,500,9,7,20
122,260,480,10,6,20
123,250,500,8,7,20
124,300,480,9,6,20
125,350,500,10,7,20
126,340,480,8,6,20
127,390,500,9,7,20
128,440,480,10,6,20
129,430,500,8,7,20
131,230,530,10,7,20
13,270.9,170.7,9,7,20.1
46,360.9,240.6,9,6,20.1
97,390.9,410.7,9,7,20.1
101,231,440.7,10,7,20.1
130,180.9,510.6,9,6,20.1
1,210.9,140.7,9,7,20.1
3,250.8,140.7,8,7,20.1
5,351,140.7,10,7,20.1
7,390.9,140.7,9,7,20.1
8,441,120.6,10,6,20.1
9,430.8,140.7,8,7,20.1
10,180.9,150.6,9,6,20.1
11,231,170.7,10,7,20.1
12,220.8,150.6,8,6,20.1
14,321,150.6,10,6,20.1
15,310.8,170.7,8,7,20.1
16,360.9,150.6,9,6,20.1
17,411,170.7,10,7,20.1
18,400.8,150.6,8,6,20.1
19,450.9,170.7,9,7,20.1
20,201,180.6,10,6,20.1
21,190.8,200.7,8,7,20.1
22,240.9,180.6,9,6,20.1
23,291,200.7,10,7,20.1
24,280.8,180.6,8,6,20.1
26,381,180.6,10,6,20.1
27,370.8,200.7,8,7,20.1
28,420.9,180.6,9,6,20.1
29,471,200.7,10,7,20.1
30,160.8,210.6,8,6,20.1
31,210.9,230.7,9,7,20.1
32,261,210.6,10,6,20.1
33,250.8,230.7,8,7,20.1
34,300.9,210.6,9,6,20.1
35,351,230.7,10,7,20.1
36,340.8,210.6,8,6,20.1
37,390.9,230.7,9,7,20.1
38,441,210.6,10,6,20.1
39,430.8,230.7,8,7,20.1
40,180.9,240.6,9,6,20.1
41,231,260.7,10,7,20.1
42,220.8,240.6,8,6,20.1
43,270.9,260.7,9,7,20.1
44,321,240.6,10,6,20.1
45,310.8,260.7,8,7,20.1
47,411,260.7,10,7,20.1
48,400.8,240.6,8,6,20.1
49,450.9,260.7,9,7,20.1
50,201,270.6,10,6,20.1
51,190.8,290.7,8,7,20.1
52,240.9,270.6,9,6,20.1
53,291,290.7,10,7,20.1
54,280.8,270.6,8,6,20.1
55,330.9,290.7,9,7,20.1
56,381,270.6,10,6,20.1
57,370.8,290.7,8,7,20.1
58,420.9,270.6,9,6,20.1
59,471,290.7,10,7,20.1
60,160.8,300.6,8,6,20.1
61,210.9,320.7,9,7,20.1
62,261,300.6,10,6,20.1
63,250.8,320.7,8,7,20.1
64,300.9,300.6,9,6,20.1
65,351,320.7,10,7,20.1
66,340.8,300.6,8,6,20.1
67,390.9,320.7,9,7,20.1
68,441,300.6,10,6,20.1
69,430.8,320.7,8,7,20.1
70,180.9,330.6,9,6,20.1
71,231,350.7,10,7,20.1
72,220.8,330.6,8,6,20.1
73,270.9,350.7,9,7,20.1
74,321,330.6,10,6,20.1
75,310.8,350.7,8,7,20.1
76,360.9,330.6,9,6,20.1
77,411,350.7,10,7,20.1
78,400.8,330.6,8,6,20.1
79,450.9,350.7,9,7,20.1
80,201,360.6,10,6,20.1
81,190.8,380.7,8,7,20.1
82,240.9,360.6,9,6,20.1
83,291,380.7,10,7,20.1
84,280.8,360.6,8,6,20.1
85,330.9,380.7,9,7,20.1
86,381,360.6,10,6,20.1
87,370.8,380.7,8,7,20.1
88,420.9,360.6,9,6,20.1
89,471,380.7,10,7,20.1
90,160.8,390.6,8,6,20.1
91,210.9,410.7,9,7,20.1
92,261,390.6,10,6,20.1
93,250.8,410.7,8,7,20.1
94,300.9,390.6,9,6,20.1
95,351,410.7,10,7,20.1
96,340.8,390.6,8,6,20.1
98,441,390.6,10,6,20.1
99,430.8,410.7,8,7,20.1
100,180.9,420.6,9,6,20.1
102,220.8,420.6,8,6,20.1
103,270.9,440.7,9,7,20.1
104,321,420.6,10,6,20.1
105,310.8,440.7,8,7,20.1
106,360.9,420.6,9,6,20.1
107,411,440.7,10,7,20.1
108,400.8,420.6,8,6,20.1
109,450.9,440.7,9,7,20.1
110,201,450.6,10,6,20.1
111,190.8,470.7,8,7,20.1
112,240.9,450.6,9,6,20.1
113,291,470.7,10,7,20.1
114,280.8,450.6,8,6,20.1
115,330.9,470.7,9,7,20.1
116,381,450.6,10,6,20.1
117,370.8,470.7,8,7,20.1
118,420.9,450.6,9,6,20.1
119,471,470.7,10,7,20.1
120,160.8,480.6,8,6,20.1
121,210.9,500.7,9,7,20.1
122,261,480.6,10,6,20.1
123,250.8,500.7,8,7,20.1
124,300.9,480.6,9,6,20.1
125,351,500.7,10,7,20.1
126,340.8,480.6,8,6,20.1
127,390.9,500.7,9,7,20.1
128,441,480.6,10,6,20.1
129,430.8,500.7,8,7,20.1
131,231,530.7,10,7,20.1
13,271.8,171.4,9,7,20.2
46,361.8,241.2,9,6,20.2
97,391.8,411.4,9,7,20.2
101,232,441.4,10,7,20.2
130,181.8,511.2,9,6,20.2
1,211.8,141.4,9,7,20.2
3,251.6,141.4,8,7,20.2
5,352,141.4,10,7,20.2
7,391.8,141.4,9,7,20.2
8,442,121.2,10,6,20.2
9,431.6,141.4,8,7,20.2
10,181.8,151.2,9,6,20.2
11,232,171.4,10,7,20.2
12,221.6,151.2,8,6,20.2
14,322,151.2,10,6,20.2
15,311.6,171.4,8,7,20.2
16,361.8,151.2,9,6,20.2
17,412,171.4,10,7,20.2
18,401.6,151.2,8,6,20.2
19,451.8,171.4,9,7,20.2
20,202,181.2,10,6,20.2
21,191.6,201.4,8,7,20.2
22,241.8,181.2,9,6,20.2
23,292,201.4,10,7,20.2
24,281.6,181.2,8,6,20.2
26,382,181.2,10,6,20.2
27,371.6,201.4,8,7,20.2
28,421.8,181.2,9,6,20.2
29,472,201.4,10,7,20.2
30,161.6,211.2,8,6,20.2
31,211.8,231.4,9,7,20.2
32,262,211.2,10,6,20.2
33,251.6,231.4,8,7,20.2
34,301.8,211.2,9,6,20.2
35,352,231.4,10,7,20.2
36,341.6,211.2,8,6,20.2
37,391.8,231.4,9,7,20.2
38,442,211.2,10,6,20.2
39,431.6,231.4,8,7,20.2
40,181.8,241.2,9,6,20.2
41,232,261.4,10,7,20.2
42,221.6,241.2,8,6,20.2
43,271.8,261.4,9,7,20.2
44,322,241.2,10,6,20.2
45,311.6,261.4,8,7,20.2
47,412,261.4,10,7,20.2
48,401.6,241.2,8,6,20.2
49,451.8,261.4,9,7,20.2
50,202,271.2,10,6,20.2
51,191.6,291.4,8,7,20.2
52,241.8,271.2,9,6,20.2
53,292,291.4,10,7,20.2
54,281.6,271.2,8,6,20.2
55,331.8,291.4,9,7,20.2
56,382,271.2,10,6,20.2
57,371.6,291.4,8,7,20.2
58,421.8,271.2,9,6,20.2
59,472,291.4,10,7,20.2
60,161.6,301.2,8,6,20.2
61,211.8,321.4,9,7,20.2
62,262,301.2,10,6,20.2
63,251.6,321.4,8,7,20.2
64,301.8,301.2,9,6,20.2
65,352,321.4,10,7,20.2
66,341.6,301.2,8,6,20.2
67,391.8,321.4,9,7,20.2
68,442,301.2,10,6,20.2
69,431.6,321.4,8,7,20.2
70,181.8,331.2,9,6,20.2
71,232,351.4,10,7,20.2
72,221.6,331.2,8,6,20.2
73,271.8,351.4,9,7,20.2
74,322,331.2,10,6,20.2
75,311.6,351.4,8,7,20.2
76,361.8,331.2,9,6,20.2
77,412,351.4,10,7,20.2
78,401.6,331.2,8,6,20.2
79,451.8,351.4,9,7,20.2
80,202,361.2,10,6,20.2
81,191.6,381.4,8,7,20.2
82,241.8,361.2,9,6,20.2
83,292,381.4,10,7,20.2
84,281.6,361.2,8,6,20.2
85,331.8,381.4,9,7,20.2
86,382,361.2,10,6,20.2
87,371.6,381.4,8,7,20.2
88,421.8,361.2,9,6,20.2
89,472,381.4,10,7,20.2
90,161.6,391.2,8,6,20.2
91,211.8,411.4,9,7,20.2
92,262,391.2,10,6,20.2
93,251.6,411.4,8,7,20.2
94,301.8,391.2,9,6,20.2
95,352,411.4,10,7,20.2
96,341.6,391.2,8,6,20.2
98,442,391.2,10,6,20.2
99,431.6,411.4,8,7,20.2
100,181.8,421.2,9,6,20.2
102,221.6,421.2,8,6,20.2
103,271.8,441.4,9,7,20.2
104,322,421.2,10,6,20.2
105,311.6,441.4,8,7,20.2
106,361.8,421.2,9,6,20.2
107,412,441.4,10,7,20.2
108,401.6,421.2,8,6,20.2
109,451.8,441.4,9,7,20.2
110,202,451.2,10,6,20.2
111,191.6,471.4,8,7,20.2
112,241.8,451.2,9,6,20.2
113,292,471.4,10,7,20.2
114,281.6,451.2,8,6,20.2
115,331.8,471.4,9,7,20.2
116,382,451.2,10,6,20.2
117,371.6,471.4,8,7,20.2
118,421.8,451.2,9,6,20.2
119,472,471.4,10,7,20.2
120,161.6,481.2,8,6,20.2
121,211.8,501.4,9,7,20.2
122,262,481.2,10,6,20.2
123,251.6,501.4,8,7,20.2
124,301.8,481.2,9,6,20.2
125,352,501.4,10,7,20.2
126,341.6,481.2,8,6,20.2
127,391.8,501.4,9,7,20.2
128,442,481.2,10,6,20.2
129,431.6,501.4,8,7,20.2
131,232,531.4,10,7,20.2
13,272.7,172.1,9,7,20.3
46,362.7,241.8,9,6,20.3
97,392.7,412.1,9,7,20.3
101,233,442.1,10,7,20.3
130,182.7,511.8,9,6,20.3
1,212.7,142.1,9,7,20.3
3,252.4,142.1,8,7,20.3
5,353,142.1,10,7,20.3
7,392.7,142.1,9,7,20.3
8,443,121.8,10,6,20.3
9,432.4,142.1,8,7,20.3
10,182.7,151.8,9,6,20.3
11,233,172.1,10,7,20.3
12,222.4,151.8,8,6,20.3
14,323,151.8,10,6,20.3
15,312.4,172.1,8,7,20.3
16,362.7,151.8,9,6,20.3
17,413,172.1,10,7,20.3
18,402.4,151.8,8,6,20.3
19,452.7,172.1,9,7,20.3
20,203,181.8,10,6,20.3
21,192.4,202.1,8,7,20.3
22,242.7,181.8,9,6,20.3
23,293,202.1,10,7,20.3
24,282.4,181.8,8,6,20.3
26,383,181.8,10,6,20.3
27,372.4,202.1,8,7,20.3
28,422.7,181.8,9,6,20.3
29,473,202.1,10,7,20.3
30,162.4,211.8,8,6,20.3
31,212.7,232.1,9,7,20.3
32,263,211.8,10,6,20.3
33,252.4,232.1,8,7,20.3
34,302.7,211.8,9,6,20.3
35,353,232.1,10,7,20.3
36,342.4,211.8,8,6,20.3
37,392.7,232.1,9,7,20.3
38,443,211.8,10,6,20.3
39,432.4,232.1,8,7,20.3
40,182.7,241.8,9,6,20.3
41,233,262.1,10,7,20.3
42,222.4,241.8,8,6,20.3
43,272.7,262.1,9,7,20.3
44,323,241.8,10,6,20.3
45,312.4,262.1,8,7,20.3
47,413,262.1,10,7,20.3
48,402.4,241.8,8,6,20.3
49,452.7,262.1,9,7,20.3
50,203,271.8,10,6,20.3
51,192.4,292.1,8,7,20.3
52,242.7,271.8,9,6,20.3
53,293,292.1,10,7,20.3
54,282.4,271.8,8,6,20.3
55,332.7,292.1,9,7,20.3
56,383,271.8,10,6,20.3
57,372.4,292.1,8,7,20.3
58,422.7,271.8,9,6,20.3
59,473,292.1,10,7,20.3
60,162.4,301.8,8,6,20.3
61,212.7,322.1,9,7,20.3
62,263,301.8,10,6,20.3
63,252.4,322.1,8,7,20.3
64,302.7,301.8,9,6,20.3
65,353,322.1,10,7,20.3
66,342.4,301.8,8,6,20.3
67,392.7,322.1,9,7,20.3
68,443,301.8,10,6,20.3
69,432.4,322.1,8,7,20.3
70,182.7,331.8,9,6,20.3
71,233,352.1,10,7,20.3
72,222.4,331.8,8,6,20.3
73,272.7,352.1,9,7,20.3
74,323,331.8,10,6,20.3
75,312.4,352.1,8,7,20.3
76,362.7,331.8,9,6,20.3
77,413,352.1,10,7,20.3
78,402.4,331.8,8,6,20.3
79,452.7,352.1,9,7,20.3
80,203,361.8,10,6,20.3
81,192.4,382.1,8,7,20.3
82,242.7,361.8,9,6,20.3
83,293,382.1,10,7,20.3
84,282.4,361.8,8,6,20.3
85,332.7,382.1,9,7,20.3
86,383,361.8,10,6,20.3
87,372.4,382.1,8,7,20.3
88,422.7,361.8,9,6,20.3
89,473,382.1,10,7,20.3
90,162.4,391.8,8,6,20.3
91,212.7,412.1,9,7,20.3
92,263,391.8,10,6,20.3
93,252.4,412.1,8,7,20.3
94,302.7,391.8,9,6,20.3
95,353,412.1,10,7,20.3
96,342.4,391.8,8,6,20.3
98,443,391.8,10,6,20.3
99,432.4,412.1,8,7,20.3
100,182.7,421.8,9,6,20.3
102,222.4,421.8,8,6,20.3
103,272.7,442.1,9,7,20.3
104,323,421.8,10,6,20.3
105,312.4,442.1,8,7,20.3
106,362.7,421.8,9,6,20.3
107,413,442.1,10,7,20.3
108,402.4,421.8,8,6,20.3
109,452.7,442.1,9,7,20.3
110,203,451.8,10,6,20.3
111,192.4,472.1,8,7,20.3
112,242.7,451.8,9,6,20.3
113,293,472.1,10,7,20.3
114,282.4,451.8,8,6,20.3
115,332.7,472.1,9,7,20.3
116,383,451.8,10,6,20.3
117,372.4,472.1,8,7,20.3
118,422.7,451.8,9,6,20.3
119,473,472.1,10,7,20.3
120,162.4,481.8,8,6,20.3
121,212.7,502.1,9,7,20.3
122,263,481.8,10,6,20.3
123,252.4,502.1,8,7,20.3
124,302.7,481.8,9,6,20.3
125,353,502.1,10,7,20.3
126,342.4,481.8,8,6,20.3
127,392.7,502.1,9,7,20.3
128,443,481.8,10,6,20.3
129,432.4,502.1,8,7,20.3
131,233,532.1,10,7,20.3
13,273.6,172.8,9,7,20.4
46,363.6,242.4,9,6,20.4
97,393.6,412.8,9,7,20.4
101,234,442.8,10,7,20.4
130,183.6,512.4,9,6,20.4
1,213.6,142.8,9,7,20.4
3,253.2,142.8,8,7,20.4
5,354,142.8,10,7,20.4
7,393.6,142.8,9,7,20.4
8,444,122.4,10,6,20.4
9,433.2,142.8,8,7,20.4
10,183.6,152.4,9,6,20.4
11,234,172.8,10,7,20.4
12,223.2,152.4,8,6,20.4
14,324,152.4,10,6,20.4
15,313.2,172.8,8,7,20.4
16,363.6,152.4,9,6,20.4
17,414,172.8,10,7,20.4
18,403.2,152.4,8,6,20.4
19,453.6,172.8,9,7,20.4
20,204,182.4,10,6,20.4
21,193.2,202.8,8,7,20.4
22,243.6,182.4,9,6,20.4
23,294,202.8,10,7,20.4
24,283.2,182.4,8,6,20.4
26,384,182.4,10,6,20.4
27,373.2,202.8,8,7,20.4
28,423.6,182.4,9,6,20.4
29,474,202.8,10,7,20.4
30,163.2,212.4,8,6,20.4
31,213.6,232.8,9,7,20.4
32,264,212.4,10,6,20.4
33,253.2,232.8,8,7,20.4
34,303.6,212.4,9,6,20.4
35,354,232.8,10,7,20.4
36,343.2,212.4,8,6,20.4
37,393.6,232.8,9,7,20.4
38,444,212.4,10,6,20.4
39,433.2,232.8,8,7,20.4
40,183.6,242.4,9,6,20.4
41,234,262.8,10,7,20.4
42,223.2,242.4,8,6,20.4
43,273.6,262.8,9,7,20.4
44,324,242.4,10,6,20.4
45,313.2,262.8,8,7,20.4
47,414,262.8,10,7,20.4
48,403.2,242.4,8,6,20.4
49,453.6,262.8,9,7,20.4
50,204,272.4,10,6,20.4
51,193.2,292.8,8,7,20.4
52,243.6,272.4,9,6,20.4
53,294,292.8,10,7,20.4
54,283.2,272.4,8,6,20.4
55,333.6,292.8,9,7,20.4
56,384,272.4,10,6,20.4
57,373.2,292.8,8,7,20.4
58,423.6,272.4,9,6,20.4
59,474,292.8,10,7,20.4
60,163.2,302.4,8,6,20.4
61,213.6,322.8,9,7,20.4
62,264,302.4,10,6,20.4
63,253.2,322.8,8,7,20.4
64,303.6,302.4,9,6,20.4
65,354,322.8,10,7,20.4
66,343.2,302.4,8,6,20.4
67,393.6,322.8,9,7,20.4
68,444,302.4,10,6,20.4
69,433.2,322.8,8,7,20.4
70,183.6,332.4,9,6,20.4
71,234,352.8,10,7,20.4
72,223.2,332.4,8,6,20.4
73,273.6,352.8,9,7,20.4
74,324,332.4,10,6,20.4
75,313.2,352.8,8,7,20.4
76,363.6,332.4,9,6,20.4
77,414,352.8,10,7,20.4
78,403.2,332.4,8,6,20.4
79,453.6,352.8,9,7,20.4
80,204,362.4,10,6,20.4
81,193.2,382.8,8,7,20.4
82,243.6,362.4,9,6,20.4
83,294,382.8,10,7,20.4
84,283.2,362.4,8,6,20.4
85,333.6,382.8,9,7,20.4
86,384,362.4,10,6,20.4
87,373.2,382.8,8,7,20.4
88,423.6,362.4,9,6,20.4
89,474,382.8,10,7,20.4
90,163.2,392.4,8,6,20.4
91,213.6,412.8,9,7,20.4
92,264,392.4,10,6,20.4
93,253.2,412.8,8,7,20.4
94,303.6,392.4,9,6,20.4
95,354,412.8,10,7,20.4
96,343.2,392.4,8,6,20.4
98,444,392.4,10,6,20.4
99,433.2,412.8,8,7,20.4
100,183.6,422.4,9,6,20.4
102,223.2,422.4,8,6,20.4
103,273.6,442.8,9,7,20.4
104,324,422.4,10,6,20.4
105,313.2,442.8,8,7,20.4
106,363.6,422.4,9,6,20.4
107,414,442.8,10,7,20.4
108,403.2,422.4,8,6,20.4
109,453.6,442.8,9,7,20.4
110,204,452.4,10,6,20.4
111,193.2,472.8,8,7,20.4
112,243.6,452.4,9,6,20.4
113,294,472.8,10,7,20.4
114,283.2,452.4,8,6,20.4
115,333.6,472.8,9,7,20.4
116,384,452.4,10,6,20.4
117,373.2,472.8,8,7,20.4
118,423.6,452.4,9,6,20.4
119,474,472.8,10,7,20.4
120,163.2,482.4,8,6,20.4
121,213.6,502.8,9,7,20.4
122,264,482.4,10,6,20.4
123,253.2,502.8,8,7,20.4
124,303.6,482.4,9,6,20.4
125,354,502.8,10,7,20.4
126,343.2,482.4,8,6,20.4
127,393.6,502.8,9,7,20.4
128,444,482.4,10,6,20.4
129,433.2,502.8,8,7,20.4
131,234,532.8,10,7,20.4
13,274.5,173.5,9,7,20.5
46,364.5,243,9,6,20.5
97,394.5,413.5,9,7,20.5
101,235,443.5,10,7,20.5
130,184.5,513,9,6,20.5
1,214.5,143.5,9,7,20.5
3,254,143.5,8,7,20.5
5,355,143.5,10,7,20.5
7,394.5,143.5,9,7,20.5
8,445,123,10,6,20.5
9,434,143.5,8,7,20.5
10,184.5,153,9,6,20.5
11,235,173.5,10,7,20.5
12,224,153,8,6,20.5
14,325,153,10,6,20.5
15,314,173.5,8,7,20.5
16,364.5,153,9,6,20.5
17,415,173.5,10,7,20.5
18,404,153,8,6,20.5
19,454.5,173.5,9,7,20.5
20,205,183,10,6,20.5
21,194,203.5,8,7,20.5
22,244.5,183,9,6,20.5
23,295,203.5,10,7,20.5
24,284,183,8,6,20.5
26,385,183,10,6,20.5
27,374,203.5,8,7,20.5
28,424.5,183,9,6,20.5
29,475,203.5,10,7,20.5
30,164,213,8,6,20.5
31,214.5,233.5,9,7,20.5
32,265,213,10,6,20.5
33,254,233.5,8,7,20.5
34,304.5,213,9,6,20.5
35,355,233.5,10,7,20.5
36,344,213,8,6,20.5
37,394.5,233.5,9,7,20.5
38,445,213,10,6,20.5
39,434,233.5,8,7,20.5
40,184.5,243,9,6,20.5
41,235,263.5,10,7,20.5
42,224,243,8,6,20.5
43,274.5,263.5,9,7,20.5
44,325,243,10,6,20.5
45,314,263.5,8,7,20.5
47,415,263.5,10,7,20.5
48,404,243,8,6,20.5
49,454.5,263.5,9,7,20.5
50,205,273,10,6,20.5
51,194,293.5,8,7,20.5
52,244.5,273,9,6,20.5
53,295,293.5,10,7,20.5
54,284,273,8,6,20.5
55,334.5,293.5,9,7,20.5
56,385,273,10,6,20.5
57,374,293.5,8,7,20.5
58,424.5,273,9,6,20.5
59,475,293.5,10,7,20.5
60,164,303,8,6,20.5
61,214.5,323.5,9,7,20.5
62,265,303,10,6,20.5
63,254,323.5,8,7,20.5
64,304.5,303,9,6,20.5
65,355,323.5,10,7,20.5
66,344,303,8,6,20.5
67,394.5,323.5,9,7,20.5
68,445,303,10,6,20.5
69,434,323.5,8,7,20.5
70,184.5,333,9,6,20.5
71,235,353.5,10,7,20.5
72,224,333,8,6,20.5
73,274.5,353.5,9,7,20.5
74,325,333,10,6,20.5
75,314,353.5,8,7,20.5
76,364.5,333,9,6,20.5
77,415,353.5,10,7,20.5
78,404,333,8,6,20.5
79,454.5,353.5,9,7,20.5
80,205,363,10,6,20.5
81,194,383.5,8,7,20.5
82,244.5,363,9,6,20.5
83,295,383.5,10,7,20.5
84,284,363,8,6,20.5
85,334.5,383.5,9,7,20.5
86,385,363,10,6,20.5
87,374,383.5,8,7,20.5
88,424.5,363,9,6,20.5
89,475,383.5,10,7,20.5
90,164,393,8,6,20.5
91,214.5,413.5,9,7,20.5
92,265,393,10,6,20.5
93,254,413.5,8,7,20.5
94,304.5,393,9,6,20.5
95,355,413.5,10,7,20.5
96,344,393,8,6,20.5
98,445,393,10,6,20.5
99,434,413.5,8,7,20.5
100,184.5,423,9,6,20.5
102,224,423,8,6,20.5
103,274.5,443.5,9,7,20.5
104,325,423,10,6,20.5
105,314,443.5,8,7,20.5
106,364.5,423,9,6,20.5
107,415,443.5,10,7,20.5
108,404,423,8,6,20.5
109,454.5,443.5,9,7,20.5
110,205,453,10,6,20.5
111,194,473.5,8,7,20.5
112,244.5,453,9,6,20.5
113,295,473.5,10,7,20.5
114,284,453,8,6,20.5
115,334.5,473.5,9,7,20.5
116,385,453,10,6,20.5
117,374,473.5,8,7,20.5
118,424.5,453,9,6,20.5
119,475,473.5,10,7,20.5
120,164,483,8,6,20.5
121,214.5,503.5,9,7,20.5
122,265,483,10,6,20.5
123,254,503.5,8,7,20.5
124,304.5,483,9,6,20.5
125,355,503.5,10,7,20.5
126,344,483,8,6,20.5
127,394.5,503.5,9,7,20.5
128,445,483,10,6,20.5
129,434,503.5,8,7,20.5
131,235,533.5,10,7,20.5
13,275.4,174.2,9,7,20.6
46,365.4,243.6,9,6,20.6
97,395.4,414.2,9,7,20.6
101,236,444.2,10,7,20.6
130,185.4,513.6,9,6,20.6
1,215.4,144.2,9,7,20.6
3,254.8,144.2,8,7,20.6
5,356,144.2,10,7,20.6
7,395.4,144.2,9,7,20.6
8,446,123.6,10,6,20.6
9,434.8,144.2,8,7,20.6
10,185.4,153.6,9,6,20.6
11,236,174.2,10,7,20.6
12,224.8,153.6,8,6,20.6
14,326,153.6,10,6,20.6
15,314.8,174.2,8,7,20.6
16,365.4,153.6,9,6,20.6
17,416,174.2,10,7,20.6
18,404.8,153.6,8,6,20.6
19,455.4,174.2,9,7,20.6
20,206,183.6,10,6,20.6
21,194.8,204.2,8,7,20.6
22,245.4,183.6,9,6,20.6
23,296,204.2,10,7,20.6
24,284.8,183.6,8,6,20.6
26,386,183.6,10,6,20.6
27,374.8,204.2,8,7,20.6
28,425.4,183.6,9,6,20.6
29,476,204.2,10,7,20.6
30,164.8,213.6,8,6,20.6
31,215.4,234.2,9,7,20.6
32,266,213.6,10,6,20.6
33,254.8,234.2,8,7,20.6
34,305.4,213.6,9,6,20.6
35,356,234.2,10,7,20.6
36,344.8,213.6,8,6,20.6
37,395.4,234.2,9,7,20.6
38,446,213.6,10,6,20.6
39,434.8,234.2,8,7,20.6
40,185.4,243.6,9,6,20.6
41,236,264.2,10,7,20.6
42,224.8,243.6,8,6,20.6
43,275.4,264.2,9,7,20.6
44,326,243.6,10,6,20.6
45,314.8,264.2,8,7,20.6
47,416,264.2,10,7,20.6
48,404.8,243.6,8,6,20.6
49,455.4,264.2,9,7,20.6
50,206,273.6,10,6,20.6
51,194.8,294.2,8,7,20.6
52,245.4,273.6,9,6,20.6
53,296,294.2,10,7,20.6
54,284.8,273.6,8,6,20.6
55,335.4,294.2,9,7,20.6
56,386,273.6,10,6,20.6
57,374.8,294.2,8,7,20.6
58,425.4,273.6,9,6,20.6
59,476,294.2,10,7,20.6
60,164.8,303.6,8,6,20.6
61,215.4,324.2,9,7,20.6
62,266,303.6,10,6,20.6
63,254.8,324.2,8,7,20.6
64,305.4,303.6,9,6,20.6
65,356,324.2,10,7,20.6
66,344.8,303.6,8,6,20.6
67,395.4,324.2,9,7,20.6
68,446,303.6,10,6,20.6
69,434.8,324.2,8,7,20.6
70,185.4,333.6,9,6,20.6
71,236,354.2,10,7,20.6
72,224.8,333.6,8,6,20.6
73,275.4,354.2,9,7,20.6
74,326,333.6,10,6,20.6
75,314.8,354.2,8,7,20.6
76,365.4,333.6,9,6,20.6
77,416,354.2,10,7,20.6
78,404.8,333.6,8,6,20.6
79,455.4,354.2,9,7,20.6
80,206,363.6,10,6,20.6
81,194.8,384.2,8,7,20.6
82,245.4,363.6,9,6,20.6
83,296,384.2,10,7,20.6
84,284.8,363.6,8,6,20.6
85,335.4,384.2,9,7,20.6
86,386,363.6,10,6,20.6
87,374.8,384.2,8,7,20.6
88,425.4,363.6,9,6,20.6
89,476,384.2,10,7,20.6
90,164.8,393.6,8,6,20.6
91,215.4,414.2,9,7,20.6
92,266,393.6,10,6,20.6
93,254.8,414.2,8,7,20.6
94,305.4,393.6,9,6,20.6
95,356,414.2,10,7,20.6
96,344.8,393.6,8,6,20.6
98,446,393.6,10,6,20.6
99,434.8,414.2,8,7,20.6
100,185.4,423.6,9,6,20.6
102,224.8,423.6,8,6,20.6
103,275.4,444.2,9,7,20.6
104,326,423.6,10,6,20.6
105,314.8,444.2,8,7,20.6
106,365.4,423.6,9,6,20.6
107,416,444.2,10,7,20.6
108,404.8,423.6,8,6,20.6
109,455.4,444.2,9,7,20.6
110,206,453.6,10,6,20.6
111,194.8,474.2,8,7,20.6
112,245.4,453.6,9,6,20.6
113,296,474.2,10,7,20.6
114,284.8,453.6,8,6,20.6
115,335.4,474.2,9,7,20.6
116,386,453.6,10,6,20.6
117,374.8,474.2,8,7,20.6
118,425.4,453.6,9,6,20.6
119,476,474.2,10,7,20.6
120,164.8,483.6,8,6,20.6
121,215.4,504.2,9,7,20.6
122,266,483.6,10,6,20.6
123,254.8,504.2,8,7,20.6
124,305.4,483.6,9,6,20.6
125,356,504.2,10,7,20.6
126,344.8,483.6,8,6,20.6
127,395.4,504.2,9,7,20.6
128,446,483.6,10,6,20.6
129,434.8,504.2,8,7,20.6
131,236,534.2,10,7,20.6
13,276.3,174.9,9,7,20.7
46,366.3,244.2,9,6,20.7
97,396.3,414.9,9,7,20.7
101,237,444.9,10,7,20.7
130,186.3,514.2,9,6,20.7
1,216.3,144.9,9,7,20.7
3,255.6,144.9,8,7,20.7
5,357,144.9,10,7,20.7
7,396.3,144.9,9,7,20.7
8,447,124.2,10,6,20.7
9,435.6,144.9,8,7,20.7
10,186.3,154.2,9,6,20.7
11,237,174.9,10,7,20.7
12,225.6,154.2,8,6,20.7
14,327,154.2,10,6,20.7
15,315.6,174.9,8,7,20.7
16,366.3,154.2,9,6,20.7
17,417,174.9,10,7,20.7
18,405.6,154.2,8,6,20.7
19,456.3,174.9,9,7,20.7
20,207,184.2,10,6,20.7
21,195.6,204.9,8,7,20.7
22,246.3,184.2,9,6,20.7
23,297,204.9,10,7,20.7
24,285.6,184.2,8,6,20.7
26,387,184.2,10,6,20.7
27,375.6,204.9,8,7,20.7
28,426.3,184.2,9,6,20.7
29,477,204.9,10,7,20.7
30,165.6,214.2,8,6,20.7
31,216.3,234.9,9,7,20.7
32,267,214.2,10,6,20.7
33,255.6,234.9,8,7,20.7
34,306.3,214.2,9,6,20.7
35,357,234.9,10,7,20.7
36,345.6,214.2,8,6,20.7
37,396.3,234.9,9,7,20.7
38,447,214.2,10,6,20.7
39,435.6,234.9,8,7,20.7
40,186.3,244.2,9,6,20.7
41,237,264.9,10,7,20.7
42,225.6,244.2,8,6,20.7
43,276.3,264.9,9,7,20.7
44,327,244.2,10,6,20.7
45,315.6,264.9,8,7,20.7
47,417,264.9,10,7,20.7
48,405.6,244.2,8,6,20.7
49,456.3,264.9,9,7,20.7
50,207,274.2,10,6,20.7
51,195.6,294.9,8,7,20.7
52,246.3,274.2,9,6,20.7
53,297,294.9,10,7,20.7
54,285.6,274.2,8,6,20.7
55,336.3,294.9,9,7,20.7
56,387,274.2,10,6,20.7
57,375.6,294.9,8,7,20.7
58,426.3,274.2,9,6,20.7
59,477,294.9,10,7,20.7
60,165.6,304.2,8,6,20.7
61,216.3,324.9,9,7,20.7
62,267,304.2,10,6,20.7
63,255.6,324.9,8,7,20.7
64,306.3,304.2,9,6,20.7
65,357,324.9,10,7,20.7
66,345.6,304.2,8,6,20.7
67,396.3,324.9,9,7,20.7
68,447,304.2,10,6,20.7
69,435.6,324.9,8,7,20.7
70,186.3,334.2,9,6,20.7
71,237,354.9,10,7,20.7
72,225.6,334.2,8,6,20.7
73,276.3,354.9,9,7,20.7
74,327,334.2,10,6,20.7
75,315.6,354.9,8,7,20.7
76,366.3,334.2,9,6,20.7
77,417,354.9,10,7,20.7
78,405.6,334.2,8,6,20.7
79,456.3,354.9,9,7,20.7
80,207,364.2,10,6,20.7
81,195.6,384.9,8,7,20.7
82,246.3,364.2,9,6,20.7
83,297,384.9,10,7,20.7
84,285.6,364.2,8,6,20.7
85,336.3,384.9,9,7,20.7
86,387,364.2,10,6,20.7
87,375.6,384.9,8,7,20.7
88,426.3,364.2,9,6,20.7
89,477,384.9,10,7,20.7
90,165.6,394.2,8,6,20.7
91,216.3,414.9,9,7,20.7
92,267,394.2,10,6,20.7
93,255.6,414.9,8,7,20.7
94,306.3,394.2,9,6,20.7
95,357,414.9,10,7,20.7
96,345.6,394.2,8,6,20.7
98,447,394.2,10,6,20.7
99,435.6,414.9,8,7,20.7
100,186.3,424.2,9,6,20.7
102,225.6,424.2,8,6,20.7
103,276.3,444.9,9,7,20.7
104,327,424.2,10,6,20.7
105,315.6,444.9,8,7,20.7
106,366.3,424.2,9,6,20.7
107,417,444.9,10,7,20.7
108,405.6,424.2,8,6,20.7
109,456.3,444.9,9,7,20.7
110,207,454.2,10,6,20.7
111,195.6,474.9,8,7,20.7
112,246.3,454.2,9,6,20.7
113,297,474.9,10,7,20.7
114,285.6,454.2,8,6,20.7
115,336.3,474.9,9,7,20.7
116,387,454.2,10,6,20.7
117,375.6,474.9,8,7,20.7
118,426.3,454.2,9,6,20.7
119,477,474.9,10,7,20.7
120,165.6,484.2,8,6,20.7
121,216.3,504.9,9,7,20.7
122,267,484.2,10,6,20.7
123,255.6,504.9,8,7,20.7
124,306.3,484.2,9,6,20.7
125,357,504.9,10,7,20.7
126,345.6,484.2,8,6,20.7
127,396.3,504.9,9,7,20.7
128,447,484.2,10,6,20.7
129,435.6,504.9,8,7,20.7
131,237,534.9,10,7,20.7
13,277.2,175.6,9,7,20.8
46,367.2,244.8,9,6,20.8
97,397.2,415.6,9,7,20.8
101,238,445.6,10,7,20.8
130,187.2,514.8,9,6,20.8
1,217.2,145.6,9,7,20.8
3,256.4,145.6,8,7,20.8
5,358,145.6,10,7,20.8
7,397.2,145.6,9,7,20.8
8,448,124.8,10,6,20.8
9,436.4,145.6,8,7,20.8
10,187.2,154.8,9,6,20.8
11,238,175.6,10,7,20.8
12,226.4,154.8,8,6,20.8
14,328,154.8,10,6,20.8
15,316.4,175.6,8,7,20.8
16,367.2,154.8,9,6,20.8
17,418,175.6,10,7,20.8
18,406.4,154.8,8,6,20.8
19,457.2,175.6,9,7,20.8
20,208,184.8,10,6,20.8
21,196.4,205.6,8,7,20.8
22,247.2,184.8,9,6,20.8
23,298,205.6,10,7,20.8
24,286.4,184.8,8,6,20.8
26,388,184.8,10,6,20.8
27,376.4,205.6,8,7,20.8
28,427.2,184.8,9,6,20.8
29,478,205.6,10,7,20.8
30,166.4,214.8,8,6,20.8
31,217.2,235.6,9,7,20.8
32,268,214.8,10,6,20.8
33,256.4,235.6,8,7,20.8
34,307.2,214.8,9,6,20.8
35,358,235.6,10,7,20.8
36,346.4,214.8,8,6,20.8
37,397.2,235.6,9,7,20.8
38,448,214.8,10,6,20.8
39,436.4,235.6,8,7,20.8
40,187.2,244.8,9,6,20.8
41,238,265.6,10,7,20.8
42,226.4,244.8,8,6,20.8
43,277.2,265.6,9,7,20.8
44,328,244.8,10,6,20.8
45,316.4,265.6,8,7,20.8
47,418,265.6,10,7,20.8
48,406.4,244.8,8,6,20.8
49,457.2,265.6,9,7,20.8
50,208,274.8,10,6,20.8
51,196.4,295.6,8,7,20.8
52,247.2,274.8,9,6,20.8
53,298,295.6,10,7,20.8
54,286.4,274.8,8,6,20.8
55,337.2,295.6,9,7,20.8
56,388,274.8,10,6,20.8
57,376.4,295.6,8,7,20.8
58,427.2,274.8,9,6,20.8
59,478,295.6,10,7,20.8
60,166.4,304.8,8,6,20.8
61,217.2,325.6,9,7,20.8
62,268,304.8,10,6,20.8
63,256.4,325.6,8,7,20.8
64,307.2,304.8,9,6,20.8
65,358,325.6,10,7,20.8
66,346.4,304.8,8,6,20.8
67,397.2,325.6,9,7,20.8
68,448,304.8,10,6,20.8
69,436.4,325.6,8,7,20.8
70,187.2,334.8,9,6,20.8
71,238,355.6,10,7,20.8
72,226.4,334.8,8,6,20.8
73,277.2,355.6,9,7,20.8
74,328,334.8,10,6,20.8
75,316.4,355.6,8,7,20.8
76,367.2,334.8,9,6,20.8
77,418,355.6,10,7,20.8
78,406.4,334.8,8,6,20.8
79,457.2,355.6,9,7,20.8
80,208,364.8,10,6,20.8
81,196.4,385.6,8,7,20.8
82,247.2,364.8,9,6,20.8
83,298,385.6,10,7,20.8
84,286.4,364.8,8,6,20.8
85,337.2,385.6,9,7,20.8
86,388,364.8,10,6,20.8
87,376.4,385.6,8,7,20.8
88,427.2,364.8,9,6,20.8
89,478,385.6,10,7,20.8
90,166.4,394.8,8,6,20.8
91,217.2,415.6,9,7,20.8
92,268,394.8,10,6,20.8
93,256.4,415.6,8,7,20.8
94,307.2,394.8,9,6,20.8
95,358,415.6,10,7,20.8
96,346.4,394.8,8,6,20.8
98,448,394.8,10,6,20.8
99,436.4,415.6,8,7,20.8
100,187.2,424.8,9,6,20.8
102,226.4,424.8,8,6,20.8
103,277.2,445.6,9,7,20.8
104,328,424.8,10,6,20.8
105,316.4,445.6,8,7,20.8
106,367.2,424.8,9,6,20.8
107,418,445.6,10,7,20.8
108,406.4,424.8,8,6,20.8
109,457.2,445.6,9,7,20.8
110,208,454.8,10,6,20.8
111,196.4,475.6,8,7,20.8
112,247.2,454.8,9,6,20.8
113,298,475.6,10,7,20.8
114,286.4,454.8,8,6,20.8
115,337.2,475.6,9,7,20.8
116,388,454.8,10,6,20.8
117,376.4,475.6,8,7,20.8
118,427.2,454.8,9,6,20.8
119,478,475.6,10,7,20.8
120,166.4,484.8,8,6,20.8
121,217.2,505.6,9,7,20.8
122,268,484.8,10,6,20.8
123,256.4,505.6,8,7,20.8
124,307.2,484.8,9,6,20.8
125,358,505.6,10,7,20.8
126,346.4,484.8,8,6,20.8
127,397.2,505.6,9,7,20.8
128,448,484.8,10,6,20.8
129,436.4,505.6,8,7,20.8
131,238,535.6,10,7,20.8
13,278.1,176.3,9,7,20.9
46,368.1,245.4,9,6,20.9
97,398.1,416.3,9,7,20.9
101,239,446.3,10,7,20.9
130,188.1,515.4,9,6,20.9
1,218.1,146.3,9,7,20.9
3,257.2,146.3,8,7,20.9
5,359,146.3,10,7,20.9
7,398.1,146.3,9,7,20.9
8,449,125.4,10,6,20.9
9,437.2,146.3,8,7,20.9
10,188.1,155.4,9,6,20.9
11,239,176.3,10,7,20.9
12,227.2,155.4,8,6,20.9
14,329,155.4,10,6,20.9
15,317.2,176.3,8,7,20.9
16,368.1,155.4,9,6,20.9
17,419,176.3,10,7,20.9
18,407.2,155.4,8,6,20.9
19,458.1,176.3,9,7,20.9
20,209,185.4,10,6,20.9
21,197.2,206.3,8,7,20.9
22,248.1,185.4,9,6,20.9
23,299,206.3,10,7,20.9
24,287.2,185.4,8,6,20.9
26,389,185.4,10,6,20.9
27,377.2,206.3,8,7,20.9
28,428.1,185.4,9,6,20.9
29,479,206.3,10,7,20.9
30,167.2,215.4,8,6,20.9
31,218.1,236.3,9,7,20.9
32,269,215.4,10,6,20.9
33,257.2,236.3,8,7,20.9
34,308.1,215.4,9,6,20.9
35,359,236.3,10,7,20.9
36,347.2,215.4,8,6,20.9
37,398.1,236.3,9,7,20.9
38,449,215.4,10,6,20.9
39,437.2,236.3,8,7,20.9
40,188.1,245.4,9,6,20.9
41,239,266.3,10,7,20.9
42,227.2,245.4,8,6,20.9
43,278.1,266.3,9,7,20.9
44,329,245.4,10,6,20.9
45,317.2,266.3,8,7,20.9
47,419,266.3,10,7,20.9
48,407.2,245.4,8,6,20.9
49,458.1,266.3,9,7,20.9
50,209,275.4,10,6,20.9
51,197.2,296.3,8,7,20.9
52,248.1,275.4,9,6,20.9
53,299,296.3,10,7,20.9
54,287.2,275.4,8,6,20.9
55,338.1,296.3,9,7,20.9
56,389,275.4,10,6,20.9
57,377.2,296.3,8,7,20.9
58,428.1,275.4,9,6,20.9
59,479,296.3,10,7,20.9
60,167.2,305.4,8,6,20.9
61,218.1,326.3,9,7,20.9
62,269,305.4,10,6,20.9
63,257.2,326.3,8,7,20.9
64,308.1,305.4,9,6,20.9
65,359,326.3,10,7,20.9
66,347.2,305.4,8,6,20.9
67,398.1,326.3,9,7,20.9
68,449,305.4,10,6,20.9
69,437.2,326.3,8,7,20.9
70,188.1,335.4,9,6,20.9
71,239,356.3,10,7,20.9
72,227.2,335.4,8,6,20.9
73,278.1,356.3,9,7,20.9
74,329,335.4,10,6,20.9
75,317.2,356.3,8,7,20.9
76,368.1,335.4,9,6,20.9
77,419,356.3,10,7,20.9
78,407.2,335.4,8,6,20.9
79,458.1,356.3,9,7,20.9
80,209,365.4,10,6,20.9
81,197.2,386.3,8,7,20.9
82,248.1,365.4,9,6,20.9
83,299,386.3,10,7,20.9
84,287.2,365.4,8,6,20.9
85,338.1,386.3,9,7,20.9
86,389,365.4,10,6,20.9
87,377.2,386.3,8,7,20.9
88,428.1,365.4,9,6,20.9
89,479,386.3,10,7,20.9
90,167.2,395.4,8,6,20.9
91,218.1,416.3,9,7,20.9
92,269,395.4,10,6,20.9
93,257.2,416.3,8,7,20.9
94,308.1,395.4,9,6,20.9
95,359,416.3,10,7,20.9
96,347.2,395.4,8,6,20.9
98,449,395.4,10,6,20.9
99,437.2,416.3,8,7,20.9
100,188.1,425.4,9,6,20.9
102,227.2,425.4,8,6,20.9
103,278.1,446.3,9,7,20.9
104,329,425.4,10,6,20.9
105,317.2,446.3,8,7,20.9
106,368.1,425.4,9,6,20.9
107,419,446.3,10,7,20.9
108,407.2,425.4,8,6,20.9
109,458.1,446.3,9,7,20.9
110,209,455.4,10,6,20.9
111,197.2,476.3,8,7,20.9
112,248.1,455.4,9,6,20.9
113,299,476.3,10,7,20.9
114,287.2,455.4,8,6,20.9
115,338.1,476.3,9,7,20.9
116,389,455.4,10,6,20.9
117,377.2,476.3,8,7,20.9
118,428.1,455.4,9,6,20.9
119,479,476.3,10,7,20.9
120,167.2,485.4,8,6,20.9
121,218.1,506.3,9,7,20.9
122,269,485.4,10,6,20.9
123,257.2,506.3,8,7,20.9
124,308.1,485.4,9,6,20.9
125,359,506.3,10,7,20.9
126,347.2,485.4,8,6,20.9
127,398.1,506.3,9,7,20.9
128,449,485.4,10,6,20.9
129,437.2,506.3,8,7,20.9
131,239,536.3,10,7,20.9
13,279,177,9,7,21
46,369,246,9,6,21
97,399,417,9,7,21
101,240,447,10,7,21
130,189,516,9,6,21
1,219,147,9,7,21
3,258,147,8,7,21
5,360,147,10,7,21
7,399,147,9,7,21
8,450,126,10,6,21
9,438,147,8,7,21
10,189,156,9,6,21
11,240,177,10,7,21
12,228,156,8,6,21
14,330,156,10,6,21
15,318,177,8,7,21
16,369,156,9,6,21
17,420,177,10,7,21
18,408,156,8,6,21
19,459,177,9,7,21
20,210,186,10,6,21
21,198,207,8,7,21
22,249,186,9,6,21
23,300,207,10,7,21
24,288,186,8,6,21
26,390,186,10,6,21
27,378,207,8,7,21
28,429,186,9,6,21
29,480,207,10,7,21
30,168,216,8,6,21
31,219,237,9,7,21
32,270,216,10,6,21
33,258,237,8,7,21
34,309,216,9,6,21
35,360,237,10,7,21
36,348,216,8,6,21
37,399,237,9,7,21
38,450,216,10,6,21
39,438,237,8,7,21
40,189,246,9,6,21
41,240,267,10,7,21
42,228,246,8,6,21
43,279,267,9,7,21
44,330,246,10,6,21
45,318,267,8,7,21
47,420,267,10,7,21
48,408,246,8,6,21
49,459,267,9,7,21
50,210,276,10,6,21
51,198,297,8,7,21
52,249,276,9,6,21
53,300,297,10,7,21
54,288,276,8,6,21
55,339,297,9,7,21
56,390,276,10,6,21
57,378,297,8,7,21
58,429,276,9,6,21
59,480,297,10,7,21
60,168,306,8,6,21
61,219,327,9,7,21
62,270,306,10,6,21
63,258,327,8,7,21
64,309,306,9,6,21
65,360,327,10,7,21
66,348,306,8,6,21
67,399,327,9,7,21
68,450,306,10,6,21
69,438,327,8,7,21
70,189,336,9,6,21
71,240,357,10,7,21
72,228,336,8,6,21
73,279,357,9,7,21
74,330,336,10,6,21
75,318,357,8,7,21
76,369,336,9,6,21
77,420,357,10,7,21
78,408,336,8,6,21
79,459,357,9,7,21
80,210,366,10,6,21
81,198,387,8,7,21
82,249,366,9,6,21
83,300,387,10,7,21
84,288,366,8,6,21
85,339,387,9,7,21
86,390,366,10,6,21
87,378,387,8,7,21
88,429,366,9,6,21
89,480,387,10,7,21
90,168,396,8,6,21
91,219,417,9,7,21
92,270,396,10,6,21
93,258,417,8,7,21
94,309,396,9,6,21
95,360,417,10,7,21
96,348,396,8,6,21
98,450,396,10,6,21
99,438,417,8,7,21
100,189,426,9,6,21
102,228,426,8,6,21
103,279,447,9,7,21
104,330,426,10,6,21
105,318,447,8,7,21
106,369,426,9,6,21
107,420,447,10,7,21
108,408,426,8,6,21
109,459,447,9,7,21
110,210,456,10,6,21
111,198,477,8,7,21
112,249,456,9,6,21
113,300,477,10,7,21
114,288,456,8,6,21
115,339,477,9,7,21
116,390,456,10,6,21
117,378,477,8,7,21
118,429,456,9,6,21
119,480,477,10,7,21
120,168,486,8,6,21
121,219,507,9,7,21
122,270,486,10,6,21
123,258,507,8,7,21
124,309,486,9,6,21
125,360,507,10,7,21
126,348,486,8,6,21
127,399,507,9,7,21
128,450,486,10,6,21
129,438,507,8,7,21
131,240,537,10,7,21
13,279.9,177.7,9,7,21.1
46,369.9,246.6,9,6,21.1
97,399.9,417.7,9,7,21.1
101,241,447.7,10,7,21.1
130,189.9,516.6,9,6,21.1
1,219.9,147.7,9,7,21.1
3,258.8,147.7,8,7,21.1
5,361,147.7,10,7,21.1
7,399.9,147.7,9,7,21.1
8,451,126.6,10,6,21.1
9,438.8,147.7,8,7,21.1
10,189.9,156.6,9,6,21.1
11,241,177.7,10,7,21.1
12,228.8,156.6,8,6,21.1
14,331,156.6,10,6,21.1
15,318.8,177.7,8,7,21.1
16,369.9,156.6,9,6,21.1
17,421,177.7,10,7,21.1
18,408.8,156.6,8,6,21.1
19,459.9,177.7,9,7,21.1
20,211,186.6,10,6,21.1
21,198.8,207.7,8,7,21.1
22,249.9,186.6,9,6,21.1
23,301,207.7,10,7,21.1
24,288.8,186.6,8,6,21.1
26,391,186.6,10,6,21.1
27,378.8,207.7,8,7,21.1
28,429.9,186.6,9,6,21.1
29,481,207.7,10,7,21.1
30,168.8,216.6,8,6,21.1
31,219.9,237.7,9,7,21.1
32,271,216.6,10,6,21.1
33,258.8,237.7,8,7,21.1
34,309.9,216.6,9,6,21.1
35,361,237.7,10,7,21.1
36,348.8,216.6,8,6,21.1
37,399.9,237.7,9,7,21.1
38,451,216.6,10,6,21.1
39,438.8,237.7,8,7,21.1
40,189.9,246.6,9,6,21.1
41,241,267.7,10,7,21.1
42,228.8,246.6,8,6,21.1
43,279.9,267.7,9,7,21.1
44,331,246.6,10,6,21.1
45,318.8,267.7,8,7,21.1
47,421,267.7,10,7,21.1
48,408.8,246.6,8,6,21.1
49,459.9,267.7,9,7,21.1
50,211,276.6,10,6,21.1
51,198.8,297.7,8,7,21.1
52,249.9,276.6,9,6,21.1
53,301,297.7,10,7,21.1
54,288.8,276.6,8,6,21.1
55,339.9,297.7,9,7,21.1
56,391,276.6,10,6,21.1
57,378.8,297.7,8,7,21.1
58,429.9,276.6,9,6,21.1
59,481,297.7,10,7,21.1
60,168.8,306.6,8,6,21.1
61,219.9,327.7,9,7,21.1
62,271,306.6,10,6,21.1
63,258.8,327.7,8,7,21.1
64,309.9,306.6,9,6,21.1
65,361,327.7,10,7,21.1
66,348.8,306.6,8,6,21.1
67,399.9,327.7,9,7,21.1
68,451,306.6,10,6,21.1
69,438.8,327.7,8,7,21.1
70,189.9,336.6,9,6,21.1
71,241,357.7,10,7,21.1
72,228.8,336.6,8,6,21.1
73,279.9,357.7,9,7,21.1
74,331,336.6,10,6,21.1
75,318.8,357.7,8,7,21.1
76,369.9,336.6,9,6,21.1
77,421,357.7,10,7,21.1
78,408.8,336.6,8,6,21.1
79,459.9,357.7,9,7,21.1
80,211,366.6,10,6,21.1
81,198.8,387.7,8,7,21.1
82,249.9,366.6,9,6,21.1
83,301,387.7,10,7,21.1
84,288.8,366.6,8,6,21.1
85,339.9,387.7,9,7,21.1
86,391,366.6,10,6,21.1
87,378.8,387.7,8,7,21.1
88,429.9,366.6,9,6,21.1
89,481,387.7,10,7,21.1
90,168.8,396.6,8,6,21.1
91,219.9,417.7,9,7,21.1
92,271,396.6,10,6,21.1
93,258.8,417.7,8,7,21.1
94,309.9,396.6,9,6,21.1
95,361,417.7,10,7,21.1
96,348.8,396.6,8,6,21.1
98,451,396.6,10,6,21.1
99,438.8,417.7,8,7,21.1
100,189.9,426.6,9,6,21.1
102,228.8,426.6,8,6,21.1
103,279.9,447.7,9,7,21.1
104,331,426.6,10,6,21.1
105,318.8,447.7,8,7,21.1
106,369.9,426.6,9,6,21.1
107,421,447.7,10,7,21.1
108,408.8,426.6,8,6,21.1
109,459.9,447.7,9,7,21.1
110,211,456.6,10,6,21.1
111,198.8,477.7,8,7,21.1
112,249.9,456.6,9,6,21.1
113,301,477.7,10,7,21.1
114,288.8,456.6,8,6,21.1
115,339.9,477.7,9,7,21.1
116,391,456.6,10,6,21.1
117,378.8,477.7,8,7,21.1
118,429.9,456.6,9,6,21.1
119,481,477.7,10,7,21.1
120,168.8,486.6,8,6,21.1
121,219.9,507.7,9,7,21.1
122,271,486.6,10,6,21.1
123,258.8,507.7,8,7,21.1
124,309.9,486.6,9,6,21.1
125,361,507.7,10,7,21.1
126,348.8,486.6,8,6,21.1
127,399.9,507.7,9,7,21.1
128,451,486.6,10,6,21.1
129,438.8,507.7,8,7,21.1
131,241,537.7,10,7,21.1
13,280.8,178.4,9,7,21.2
46,370.8,247.2,9,6,21.2
97,400.8,418.4,9,7,21.2
101,242,448.4,10,7,21.2
130,190.8,517.2,9,6,21.2
1,220.8,148.4,9,7,21.2
3,259.6,148.4,8,7,21.2
5,362,148.4,10,7,21.2
7,400.8,148.4,9,7,21.2
8,452,127.2,10,6,21.2
9,439.6,148.4,8,7,21.2
10,190.8,157.2,9,6,21.2
11,242,178.4,10,7,21.2
12,229.6,157.2,8,6,21.2
14,332,157.2,10,6,21.2
15,319.6,178.4,8,7,21.2
16,370.8,157.2,9,6,21.2
17,422,178.4,10,7,21.2
18,409.6,157.2,8,6,21.2
19,460.8,178.4,9,7,21.2
20,212,187.2,10,6,21.2
21,199.6,208.4,8,7,21.2
22,250.8,187.2,9,6,21.2
23,302,208.4,10,7,21.2
24,289.6,187.2,8,6,21.2
26,392,187.2,10,6,21.2
27,379.6,208.4,8,7,21.2
28,430.8,187.2,9,6,21.2
29,482,208.4,10,7,21.2
30,169.6,217.2,8,6,21.2
31,220.8,238.4,9,7,21.2
32,272,217.2,10,6,21.2
33,259.6,238.4,8,7,21.2
34,310.8,217.2,9,6,21.2
35,362,238.4,10,7,21.2
36,349.6,217.2,8,6,21.2
37,400.8,238.4,9,7,21.2
38,452,217.2,10,6,21.2
39,439.6,238.4,8,7,21.2
40,190.8,247.2,9,6,21.2
41,242,268.4,10,7,21.2
42,229.6,247.2,8,6,21.2
43,280.8,268.4,9,7,21.2
44,332,247.2,10,6,21.2
45,319.6,268.4,8,7,21.2
47,422,268.4,10,7,21.2
48,409.6,247.2,8,6,21.2
49,460.8,268.4,9,7,21.2
50,212,277.2,10,6,21.2
51,199.6,298.4,8,7,21.2
52,250.8,277.2,9,6,21.2
53,302,298.4,10,7,21.2
54,289.6,277.2,8,6,21.2
55,340.8,298.4,9,7,21.2
56,392,277.2,10,6,21.2
57,379.6,298.4,8,7,21.2
58,430.8,277.2,9,6,21.2
59,482,298.4,10,7,21.2
60,169.6,307.2,8,6,21.2
61,220.8,328.4,9,7,21.2
62,272,307.2,10,6,21.2
63,259.6,328.4,8,7,21.2
64,310.8,307.2,9,6,21.2
65,362,328.4,10,7,21.2
66,349.6,307.2,8,6,21.2
67,400.8,328.4,9,7,21.2
68,452,307.2,10,6,21.2
69,439.6,328.4,8,7,21.2
70,190.8,337.2,9,6,21.2
71,242,358.4,10,7,21.2
72,229.6,337.2,8,6,21.2
73,280.8,358.4,9,7,21.2
74,332,337.2,10,6,21.2
75,319.6,358.4,8,7,21.2
76,370.8,337.2,9,6,21.2
77,422,358.4,10,7,21.2
78,409.6,337.2,8,6,21.2
79,460.8,358.4,9,7,21.2
80,212,367.2,10,6,21.2
81,199.6,388.4,8,7,21.2
82,250.8,367.2,9,6,21.2
83,302,388.4,10,7,21.2
84,289.6,367.2,8,6,21.2
85,340.8,388.4,9,7,21.2
86,392,367.2,10,6,21.2
87,379.6,388.4,8,7,21.2
88,430.8,367.2,9,6,21.2
89,482,388.4,10,7,21.2
90,169.6,397.2,8,6,21.2
91,220.8,418.4,9,7,21.2
92,272,397.2,10,6,21.2
93,259.6,418.4,8,7,21.2
94,310.8,397.2,9,6,21.2
95,362,418.4,10,7,21.2
96,349.6,397.2,8,6,21.2
98,452,397.2,10,6,21.2
99,439.6,418.4,8,7,21.2
100,190.8,427.2,9,6,21.2
102,229.6,427.2,8,6,21.2
103,280.8,448.4,9,7,21.2
104,332,427.2,10,6,21.2
105,319.6,448.4,8,7,21.2
106,370.8,427.2,9,6,21.2
107,422,448.4,10,7,21.2
108,409.6,427.2,8,6,21.2
109,460.8,448.4,9,7,21.2
110,212,457.2,10,6,21.2
111,199.6,478.4,8,7,21.2
112,250.8,457.2,9,6,21.2
113,302,478.4,10,7,21.2
114,289.6,457.2,8,6,21.2
115,340.8,478.4,9,7,21.2
116,392,457.2,10,6,21.2
117,379.6,478.4,8,7,21.2
118,430.8,457.2,9,6,21.2
119,482,478.4,10,7,21.2
120,169.6,487.2,8,6,21.2
121,220.8,508.4,9,7,21.2
122,272,487.2,10,6,21.2
123,259.6,508.4,8,7,21.2
124,310.8,487.2,9,6,21.2
125,362,508.4,10,7,21.2
126,349.6,487.2,8,6,21.2
127,400.8,508.4,9,7,21.2
128,452,487.2,10,6,21.2
129,439.6,508.4,8,7,21.2
131,242,538.4,10,7,21.2
13,281.7,179.1,9,7,21.3
46,371.7,247.8,9,6,21.3
97,401.7,419.1,9,7,21.3
101,243,449.1,10,7,21.3
130,191.7,517.8,9,6,21.3
1,221.7,149.1,9,7,21.3
3,260.4,149.1,8,7,21.3
5,363,149.1,10,7,21.3
7,401.7,149.1,9,7,21.3
8,453,127.8,10,6,21.3
9,440.4,149.1,8,7,21.3
10,191.7,157.8,9,6,21.3
11,243,179.1,10,7,21.3
12,230.4,157.8,8,6,21.3
14,333,157.8,10,6,21.3
15,320.4,179.1,8,7,21.3
16,371.7,157.8,9,6,21.3
17,423,179.1,10,7,21.3
18,410.4,157.8,8,6,21.3
19,461.7,179.1,9,7,21.3
20,213,187.8,10,6,21.3
21,200.4,209.1,8,7,21.3
22,251.7,187.8,9,6,21.3
23,303,209.1,10,7,21.3
24,290.4,187.8,8,6,21.3
26,393,187.8,10,6,21.3
27,380.4,209.1,8,7,21.3
28,431.7,187.8,9,6,21.3
29,483,209.1,10,7,21.3
30,170.4,217.8,8,6,21.3
31,221.7,239.1,9,7,21.3
32,273,217.8,10,6,21.3
33,260.4,239.1,8,7,21.3
34,311.7,217.8,9,6,21.3
35,363,239.1,10,7,21.3
36,350.4,217.8,8,6,21.3
37,401.7,239.1,9,7,21.3
38,453,217.8,10,6,21.3
39,440.4,239.1,8,7,21.3
40,191.7,247.8,9,6,21.3
41,243,269.1,10,7,21.3
42,230.4,247.8,8,6,21.3
43,281.7,269.1,9,7,21.3
44,333,247.8,10,6,21.3
45,320.4,269.1,8,7,21.3
47,423,269.1,10,7,21.3
48,410.4,247.8,8,6,21.3
49,461.7,269.1,9,7,21.3
50,213,277.8,10,6,21.3
51,200.4,299.1,8,7,21.3
52,251.7,277.8,9,6,21.3
53,303,299.1,10,7,21.3
54,290.4,277.8,8,6,21.3
55,341.7,299.1,9,7,21.3
56,393,277.8,10,6,21.3
57,380.4,299.1,8,7,21.3
58,431.7,277.8,9,6,21.3
59,483,299.1,10,7,21.3
60,170.4,307.8,8,6,21.3
61,221.7,329.1,9,7,21.3
62,273,307.8,10,6,21.3
63,260.4,329.1,8,7,21.3
64,311.7,307.8,9,6,21.3
65,363,329.1,10,7,21.3
66,350.4,307.8,8,6,21.3
67,401.7,329.1,9,7,21.3
68,453,307.8,10,6,21.3
69,440.4,329.1,8,7,21.3
70,191.7,337.8,9,6,21.3
71,243,359.1,10,7,21.3
72,230.4,337.8,8,6,21.3
73,281.7,359.1,9,7,21.3
74,333,337.8,10,6,21.3
75,320.4,359.1,8,7,21.3
76,371.7,337.8,9,6,21.3
77,423,359.1,10,7,21.3
78,410.4,337.8,8,6,21.3
79,461.7,359.1,9,7,21.3
80,213,367.8,10,6,21.3
81,200.4,389.1,8,7,21.3
82,251.7,367.8,9,6,21.3
83,303,389.1,10,7,21.3
84,290.4,367.8,8,6,21.3
85,341.7,389.1,9,7,21.3
86,393,367.8,10,6,21.3
87,380.4,389.1,8,7,21.3
88,431.7,367.8,9,6,21.3
89,483,389.1,10,7,21.3
90,170.4,397.8,8,6,21.3
91,221.7,419.1,9,7,21.3
92,273,397.8,10,6,21.3
93,260.4,419.1,8,7,21.3
94,311.7,397.8,9,6,21.3
95,363,419.1,10,7,21.3
96,350.4,397.8,8,6,21.3
98,453,397.8,10,6,21.3
99,440.4,419.1,8,7,21.3
100,191.7,427.8,9,6,21.3
102,230.4,427.8,8,6,21.3
103,281.7,449.1,9,7,21.3
104,333,427.8,10,6,21.3
105,320.4,449.1,8,7,21.3
106,371.7,427.8,9,6,21.3
107,423,449.1,10,7,21.3
108,410.4,427.8,8,6,21.3
109,461.7,449.1,9,7,21.3
110,213,457.8,10,6,21.3
111,200.4,479.1,8,7,21.3
112,251.7,457.8,9,6,21.3
113,303,479.1,10,7,21.3
114,290.4,457.8,8,6,21.3
115,341.7,479.1,9,7,21.3
116,393,457.8,10,6,21.3
117,380.4,479.1,8,7,21.3
118,431.7,457.8,9,6,21.3
119,483,479.1,10,7,21.3
120,170.4,487.8,8,6,21.3
121,221.7,509.1,9,7,21.3
122,273,487.8,10,6,21.3
123,260.4,509.1,8,7,21.3
124,311.7,487.8,9,6,21.3
125,363,509.1,10,7,21.3
126,350.4,487.8,8,6,21.3
127,401.7,509.1,9,7,21.3
128,453,487.8,10,6,21.3
129,440.4,509.1,8,7,21.3
131,243,539.1,10,7,21.3
13,282.6,179.8,9,7,21.4
46,372.6,248.4,9,6,21.4
97,402.6,419.8,9,7,21.4
101,244,449.8,10,7,21.4
130,192.6,518.4,9,6,21.4
1,222.6,149.8,9,7,21.4
3,261.2,149.8,8,7,21.4
5,364,149.8,10,7,21.4
7,402.6,149.8,9,7,21.4
8,454,128.4,10,6,21.4
9,441.2,149.8,8,7,21.4
10,192.6,158.4,9,6,21.4
11,244,179.8,10,7,21.4
12,231.2,158.4,8,6,21.4
14,334,158.4,10,6,21.4
15,321.2,179.8,8,7,21.4
16,372.6,158.4,9,6,21.4
17,424,179.8,10,7,21.4
18,411.2,158.4,8,6,21.4
19,462.6,179.8,9,7,21.4
20,214,188.4,10,6,21.4
21,201.2,209.8,8,7,21.4
22,252.6,188.4,9,6,21.4
23,304,209.8,10,7,21.4
24,291.2,188.4,8,6,21.4
26,394,188.4,10,6,21.4
27,381.2,209.8,8,7,21.4
28,432.6,188.4,9,6,21.4
29,484,209.8,10,7,21.4
30,171.2,218.4,8,6,21.4
31,222.6,239.8,9,7,21.4
32,274,218.4,10,6,21.4
33,261.2,239.8,8,7,21.4
34,312.6,218.4,9,6,21.4
35,364,239.8,10,7,21.4
36,351.2,218.4,8,6,21.4
37,402.6,239.8,9,7,21.4
38,454,218.4,10,6,21.4
39,441.2,239.8,8,7,21.4
40,192.6,248.4,9,6,21.4
41,244,269.8,10,7,21.4
42,231.2,248.4,8,6,21.4
43,282.6,269.8,9,7,21.4
44,334,248.4,10,6,21.4
45,321.2,269.8,8,7,21.4
47,424,269.8,10,7,21.4
48,411.2,248.4,8,6,21.4
49,462.6,269.8,9,7,21.4
50,214,278.4,10,6,21.4
51,201.2,299.8,8,7,21.4
52,252.6,278.4,9,6,21.4
53,304,299.8,10,7,21.4
54,291.2,278.4,8,6,21.4
55,342.6,299.8,9,7,21.4
56,394,278.4,10,6,21.4
57,381.2,299.8,8,7,21.4
58,432.6,278.4,9,6,21.4
59,484,299.8,10,7,21.4
60,171.2,308.4,8,6,21.4
61,222.6,329.8,9,7,21.4
62,274,308.4,10,6,21.4
63,261.2,329.8,8,7,21.4
64,312.6,308.4,9,6,21.4
65,364,329.8,10,7,21.4
66,351.2,308.4,8,6,21.4
67,402.6,329.8,9,7,21.4
68,454,308.4,10,6,21.4
69,441.2,329.8,8,7,21.4
70,192.6,338.4,9,6,21.4
71,244,359.8,10,7,21.4
72,231.2,338.4,8,6,21.4
73,282.6,359.8,9,7,21.4
74,334,338.4,10,6,21.4
75,321.2,359.8,8,7,21.4
76,372.6,338.4,9,6,21.4
77,424,359.8,10,7,21.4
78,411.2,338.4,8,6,21.4
79,462.6,359.8,9,7,21.4
80,214,368.4,10,6,21.4
81,201.2,389.8,8,7,21.4
82,252.6,368.4,9,6,21.4
83,304,389.8,10,7,21.4
84,291.2,368.4,8,6,21.4
85,342.6,389.8,9,7,21.4
86,394,368.4,10,6,21.4
87,381.2,389.8,8,7,21.4
88,432.6,368.4,9,6,21.4
89,484,389.8,10,7,21.4
90,171.2,398.4,8,6,21.4
91,222.6,419.8,9,7,21.4
92,274,398.4,10,6,21.4
93,261.2,419.8,8,7,21.4
94,312.6,398.4,9,6,21.4
95,364,419.8,10,7,21.4
96,351.2,398.4,8,6,21.4
98,454,398.4,10,6,21.4
99,441.2,419.8,8,7,21.4
100,192.6,428.4,9,6,21.4
102,231.2,428.4,8,6,21.4
103,282.6,449.8,9,7,21.4
104,334,428.4,10,6,21.4
105,321.2,449.8,8,7,21.4
106,372.6,428.4,9,6,21.4
107,424,449.8,10,7,21.4
108,411.2,428.4,8,6,21.4
109,462.6,449.8,9,7,21.4
110,214,458.4,10,6,21.4
111,201.2,479.8,8,7,21.4
112,252.6,458.4,9,6,21.4
113,304,479.8,10,7,21.4
114,291.2,458.4,8,6,21.4
115,342.6,479.8,9,7,21.4
116,394,458.4,10,6,21.4
117,381.2,479.8,8,7,21.4
118,432.6,458.4,9,6,21.4
119,484,479.8,10,7,21.4
120,171.2,488.4,8,6,21.4
121,222.6,509.8,9,7,21.4
122,274,488.4,10,6,21.4
123,261.2,509.8,8,7,21.4
124,312.6,488.4,9,6,21.4
125,364,509.8,10,7,21.4
126,351.2,488.4,8,6,21.4
127,402.6,509.8,9,7,21.4
128,454,488.4,10,6,21.4
129,441.2,509.8,8,7,21.4
131,244,539.8,10,7,21.4
13,283.5,180.5,9,7,21.5
46,373.5,249,9,6,21.5
97,403.5,420.5,9,7,21.5
101,245,450.5,10,7,21.5
130,193.5,519,9,6,21.5
1,223.5,150.5,9,7,21.5
3,262,150.5,8,7,21.5
5,365,150.5,10,7,21.5
7,403.5,150.5,9,7,21.5
8,455,129,10,6,21.5
9,442,150.5,8,7,21.5
10,193.5,159,9,6,21.5
11,245,180.5,10,7,21.5
12,232,159,8,6,21.5
14,335,159,10,6,21.5
15,322,180.5,8,7,21.5
16,373.5,159,9,6,21.5
17,425,180.5,10,7,21.5
18,412,159,8,6,21.5
19,463.5,180.5,9,7,21.5
20,215,189,10,6,21.5
21,202,210.5,8,7,21.5
22,253.5,189,9,6,21.5
23,305,210.5,10,7,21.5
24,292,189,8,6,21.5
26,395,189,10,6,21.5
27,382,210.5,8,7,21.5
28,433.5,189,9,6,21.5
29,485,210.5,10,7,21.5
30,172,219,8,6,21.5
31,223.5,240.5,9,7,21.5
32,275,219,10,6,21.5
33,262,240.5,8,7,21.5
34,313.5,219,9,6,21.5
35,365,240.5,10,7,21.5
36,352,219,8,6,21.5
37,403.5,240.5,9,7,21.5
38,455,219,10,6,21.5
39,442,240.5,8,7,21.5
40,193.5,249,9,6,21.5
41,245,270.5,10,7,21.5
42,232,249,8,6,21.5
43,283.5,270.5,9,7,21.5
44,335,249,10,6,21.5
45,322,270.5,8,7,21.5
47,425,270.5,10,7,21.5
48,412,249,8,6,21.5
49,463.5,270.5,9,7,21.5
50,215,279,10,6,21.5
51,202,300.5,8,7,21.5
52,253.5,279,9,6,21.5
53,305,300.5,10,7,21.5
54,292,279,8,6,21.5
55,343.5,300.5,9,7,21.5
56,395,279,10,6,21.5
57,382,300.5,8,7,21.5
58,433.5,279,9,6,21.5
59,485,300.5,10,7,21.5
60,172,309,8,6,21.5
61,223.5,330.5,9,7,21.5
62,275,309,10,6,21.5
63,262,330.5,8,7,21.5
64,313.5,309,9,6,21.5
65,365,330.5,10,7,21.5
66,352,309,8,6,21.5
67,403.5,330.5,9,7,21.5
68,455,309,10,6,21.5
69,442,330.5,8,7,21.5
70,193.5,339,9,6,21.5
71,245,360.5,10,7,21.5
72,232,339,8,6,21.5
73,283.5,360.5,9,7,21.5
74,335,339,10,6,21.5
75,322,360.5,8,7,21.5
76,373.5,339,9,6,21.5
77,425,360.5,10,7,21.5
78,412,339,8,6,21.5
79,463.5,360.5,9,7,21.5
80,215,369,10,6,21.5
81,202,390.5,8,7,21.5
82,253.5,369,9,6,21.5
83,305,390.5,10,7,21.5
84,292,369,8,6,21.5
85,343.5,390.5,9,7,21.5
86,395,369,10,6,21.5
87,382,390.5,8,7,21.5
88,433.5,369,9,6,21.5
89,485,390.5,10,7,21.5
90,172,399,8,6,21.5
91,223.5,420.5,9,7,21.5
92,275,399,10,6,21.5
93,262,420.5,8,7,21.5
94,313.5,399,9,6,21.5
95,365,420.5,10,7,21.5
96,352,399,8,6,21.5
98,455,399,10,6,21.5
99,442,420.5,8,7,21.5
100,193.5,429,9,6,21.5
102,232,429,8,6,21.5
103,283.5,450.5,9,7,21.5
104,335,429,10,6,21.5
105,322,450.5,8,7,21.5
106,373.5,429,9,6,21.5
107,425,450.5,10,7,21.5
108,412,429,8,6,21.5
109,463.5,450.5,9,7,21.5
110,215,459,10,6,21.5
111,202,480.5,8,7,21.5
112,253.5,459,9,6,21.5
113,305,480.5,10,7,21.5
114,292,459,8,6,21.5
115,343.5,480.5,9,7,21.5
116,395,459,10,6,21.5
117,382,480.5,8,7,21.5
118,433.5,459,9,6,21.5
119,485,480.5,10,7,21.5
120,172,489,8,6,21.5
121,223.5,510.5,9,7,21.5
122,275,489,10,6,21.5
123,262,510.5,8,7,21.5
124,313.5,489,9,6,21.5
125,365,510.5,10,7,21.5
126,352,489,8,6,21.5
127,403.5,510.5,9,7,21.5
128,455,489,10,6,21.5
129,442,510.5,8,7,21.5
131,245,540.5,10,7,21.5
13,284.4,181.2,9,7,21.6
46,374.4,249.6,9,6,21.6
97,404.4,421.2,9,7,21.6
101,246,451.2,10,7,21.6
130,194.4,519.6,9,6,21.6
1,224.4,151.2,9,7,21.6
3,262.8,151.2,8,7,21.6
5,366,151.2,10,7,21.6
7,404.4,151.2,9,7,21.6
8,456,129.6,10,6,21.6
9,442.8,151.2,8,7,21.6
10,194.4,159.6,9,6,21.6
11,246,181.2,10,7,21.6
12,232.8,159.6,8,6,21.6
14,336,159.6,10,6,21.6
15,322.8,181.2,8,7,21.6
16,374.4,159.6,9,6,21.6
17,426,181.2,10,7,21.6
18,412.8,159.6,8,6,21.6
19,464.4,181.2,9,7,21.6
20,216,189.6,10,6,21.6
21,202.8,211.2,8,7,21.6
22,254.4,189.6,9,6,21.6
23,306,211.2,10,7,21.6
24,292.8,189.6,8,6,21.6
26,396,189.6,10,6,21.6
27,382.8,211.2,8,7,21.6
28,434.4,189.6,9,6,21.6
29,486,211.2,10,7,21.6
30,172.8,219.6,8,6,21.6
31,224.4,241.2,9,7,21.6
32,276,219.6,10,6,21.6
33,262.8,241.2,8,7,21.6
34,314.4,219.6,9,6,21.6
35,366,241.2,10,7,21.6
36,352.8,219.6,8,6,21.6
37,404.4,241.2,9,7,21.6
38,456,219.6,10,6,21.6
39,442.8,241.2,8,7,21.6
40,194.4,249.6,9,6,21.6
41,246,271.2,10,7,21.6
42,232.8,249.6,8,6,21.6
43,284.4,271.2,9,7,21.6
44,336,249.6,10,6,21.6
45,322.8,271.2,8,7,21.6
47,426,271.2,10,7,21.6
48,412.8,249.6,8,6,21.6
49,464.4,271.2,9,7,21.6
50,216,279.6,10,6,21.6
51,202.8,301.2,8,7,21.6
52,254.4,279.6,9,6,21.6
53,306,301.2,10,7,21.6
54,292.8,279.6,8,6,21.6
55,344.4,301.2,9,7,21.6
56,396,279.6,10,6,21.6
57,382.8,301.2,8,7,21.6
58,434.4,279.6,9,6,21.6
59,486,301.2,10,7,21.6
60,172.8,309.6,8,6,21.6
61,224.4,331.2,9,7,21.6
62,276,309.6,10,6,21.6
63,262.8,331.2,8,7,21.6
64,314.4,309.6,9,6,21.6
65,366,331.2,10,7,21.6
66,352.8,309.6,8,6,21.6
67,404.4,331.2,9,7,21.6
68,456,309.6,10,6,21.6
69,442.8,331.2,8,7,21.6
70,194.4,339.6,9,6,21.6
71,246,361.2,10,7,21.6
72,232.8,339.6,8,6,21.6
73,284.4,361.2,9,7,21.6
74,336,339.6,10,6,21.6
75,322.8,361.2,8,7,21.6
76,374.4,339.6,9,6,21.6
77,426,361.2,10,7,21.6
78,412.8,339.6,8,6,21.6
79,464.4,361.2,9,7,21.6
80,216,369.6,10,6,21.6
81,202.8,391.2,8,7,21.6
82,254.4,369.6,9,6,21.6
83,306,391.2,10,7,21.6
84,292.8,369.6,8,6,21.6
85,344.4,391.2,9,7,21.6
86,396,369.6,10,6,21.6
87,382.8,391.2,8,7,21.6
88,434.4,369.6,9,6,21.6
89,486,391.2,10,7,21.6
90,172.8,399.6,8,6,21.6
91,224.4,421.2,9,7,21.6
92,276,399.6,10,6,21.6
93,262.8,421.2,8,7,21.6
94,314.4,399.6,9,6,21.6
95,366,421.2,10,7,21.6
96,352.8,399.6,8,6,21.6
98,456,399.6,10,6,21.6
99,442.8,421.2,8,7,21.6
100,194.4,429.6,9,6,21.6
102,232.8,429.6,8,6,21.6
103,284.4,451.2,9,7,21.6
104,336,429.6,10,6,21.6
105,322.8,451.2,8,7,21.6
106,374.4,429.6,9,6,21.6
107,426,451.2,10,7,21.6
108,412.8,429.6,8,6,21.6
109,464.4,451.2,9,7,21.6
110,216,459.6,10,6,21.6
111,202.8,481.2,8,7,21.6
112,254.4,459.6,9,6,21.6
113,306,481.2,10,7,21.6
114,292.8,459.6,8,6,21.6
115,344.4,481.2,9,7,21.6
116,396,459.6,10,6,21.6
117,382.8,481.2,8,7,21.6
118,434.4,459.6,9,6,21.6
119,486,481.2,10,7,21.6
120,172.8,489.6,8,6,21.6
121,224.4,511.2,9,7,21.6
122,276,489.6,10,6,21.6
123,262.8,511.2,8,7,21.6
124,314.4,489.6,9,6,21.6
125,366,511.2,10,7,21.6
126,352.8,489.6,8,6,21.6
127,404.4,511.2,9,7,21.6
128,456,489.6,10,6,21.6
129,442.8,511.2,8,7,21.6
131,246,541.2,10,7,21.6
13,285.3,181.9,9,7,21.7
46,375.3,250.2,9,6,21.7
97,405.3,421.9,9,7,21.7
101,247,451.9,10,7,21.7
130,195.3,520.2,9,6,21.7
1,225.3,151.9,9,7,21.7
3,263.6,151.9,8,7,21.7
5,367,151.9,10,7,21.7
7,405.3,151.9,9,7,21.7
8,457,130.2,10,6,21.7
9,443.6,151.9,8,7,21.7
10,195.3,160.2,9,6,21.7
11,247,181.9,10,7,21.7
12,233.6,160.2,8,6,21.7
14,337,160.2,10,6,21.7
15,323.6,181.9,8,7,21.7
16,375.3,160.2,9,6,21.7
17,427,181.9,10,7,21.7
18,413.6,160.2,8,6,21.7
19,465.3,181.9,9,7,21.7
20,217,190.2,10,6,21.7
21,203.6,211.9,8,7,21.7
22,255.3,190.2,9,6,21.7
23,307,211.9,10,7,21.7
24,293.6,190.2,8,6,21.7
26,397,190.2,10,6,21.7
27,383.6,211.9,8,7,21.7
28,435.3,190.2,9,6,21.7
29,487,211.9,10,7,21.7
30,173.6,220.2,8,6,21.7
31,225.3,241.9,9,7,21.7
32,277,220.2,10,6,21.7
33,263.6,241.9,8,7,21.7
34,315.3,220.2,9,6,21.7
35,367,241.9,10,7,21.7
36,353.6,220.2,8,6,21.7
37,405.3,241.9,9,7,21.7
38,457,220.2,10,6,21.7
39,443.6,241.9,8,7,21.7
40,195.3,250.2,9,6,21.7
41,247,271.9,10,7,21.7
42,233.6,250.2,8,6,21.7
43,285.3,271.9,9,7,21.7
44,337,250.2,10,6,21.7
45,323.6,271.9,8,7,21.7
47,427,271.9,10,7,21.7
48,413.6,250.2,8,6,21.7
49,465.3,271.9,9,7,21.7
50,217,280.2,10,6,21.7
51,203.6,301.9,8,7,21.7
52,255.3,280.2,9,6,21.7
53,307,301.9,10,7,21.7
54,293.6,280.2,8,6,21.7
55,345.3,301.9,9,7,21.7
56,397,280.2,10,6,21.7
57,383.6,301.9,8,7,21.7
58,435.3,280.2,9,6,21.7
59,487,301.9,10,7,21.7
60,173.6,310.2,8,6,21.7
61,225.3,331.9,9,7,21.7
62,277,310.2,10,6,21.7
63,263.6,331.9,8,7,21.7
64,315.3,310.2,9,6,21.7
65,367,331.9,10,7,21.7
66,353.6,310.2,8,6,21.7
67,405.3,331.9,9,7,21.7
68,457,310.2,10,6,21.7
69,443.6,331.9,8,7,21.7
70,195.3,340.2,9,6,21.7
71,247,361.9,10,7,21.7
72,233.6,340.2,8,6,21.7
73,285.3,361.9,9,7,21.7
74,337,340.2,10,6,21.7
75,323.6,361.9,8,7,21.7
76,375.3,340.2,9,6,21.7
77,427,361.9,10,7,21.7
78,413.6,340.2,8,6,21.7
79,465.3,361.9,9,7,21.7
80,217,370.2,10,6,21.7
81,203.6,391.9,8,7,21.7
82,255.3,370.2,9,6,21.7
83,307,391.9,10,7,21.7
84,293.6,370.2,8,6,21.7
85,345.3,391.9,9,7,21.7
86,397,370.2,10,6,21.7
87,383.6,391.9,8,7,21.7
88,435.3,370.2,9,6,21.7
89,487,391.9,10,7,21.7
90,173.6,400.2,8,6,21.7
91,225.3,421.9,9,7,21.7
92,277,400.2,10,6,21.7
93,263.6,421.9,8,7,21.7
94,315.3,400.2,9,6,21.7
95,367,421.9,10,7,21.7
96,353.6,400.2,8,6,21.7
98,457,400.2,10,6,21.7
99,443.6,421.9,8,7,21.7
100,195.3,430.2,9,6,21.7
102,233.6,430.2,8,6,21.7
103,285.3,451.9,9,7,21.7
104,337,430.2,10,6,21.7
105,323.6,451.9,8,7,21.7
106,375.3,430.2,9,6,21.7
107,427,451.9,10,7,21.7
108,413.6,430.2,8,6,21.7
109,465.3,451.9,9,7,21.7
110,217,460.2,10,6,21.7
111,203.6,481.9,8,7,21.7
112,255.3,460.2,9,6,21.7
113,307,481.9,10,7,21.7
114,293.6,460.2,8,6,21.7
115,345.3,481.9,9,7,21.7
116,397,460.2,10,6,21.7
117,383.6,481.9,8,7,21.7
118,435.3,460.2,9,6,21.7
119,487,481.9,10,7,21.7
120,173.6,490.2,8,6,21.7
121,225.3,511.9,9,7,21.7
122,277,490.2,10,6,21.7
123,263.6,511.9,8,7,21.7
124,315.3,490.2,9,6,21.7
125,367,511.9,10,7,21.7
126,353.6,490.2,8,6,21.7
127,405.3,511.9,9,7,21.7
128,457,490.2,10,6,21.7
129,443.6,511.9,8,7,21.7
131,247,541.9,10,7,21.7
13,286.2,182.6,9,7,21.8
46,376.2,250.8,9,6,21.8
97,406.2,422.6,9,7,21.8
101,248,452.6,10,7,21.8
130,196.2,520.8,9,6,21.8
1,226.2,152.6,9,7,21.8
3,264.4,152.6,8,7,21.8
5,368,152.6,10,7,21.8
7,406.2,152.6,9,7,21.8
8,458,130.8,10,6,21.8
9,444.4,152.6,8,7,21.8
10,196.2,160.8,9,6,21.8
11,248,182.6,10,7,21.8
12,234.4,160.8,8,6,21.8
14,338,160.8,10,6,21.8
15,324.4,182.6,8,7,21.8
16,376.2,160.8,9,6,21.8
17,428,182.6,10,7,21.8
18,414.4,160.8,8,6,21.8
19,466.2,182.6,9,7,21.8
20,218,190.8,10,6,21.8
21,204.4,212.6,8,7,21.8
22,256.2,190.8,9,6,21.8
23,308,212.6,10,7,21.8
24,294.4,190.8,8,6,21.8
26,398,190.8,10,6,21.8
27,384.4,212.6,8,7,21.8
28,436.2,190.8,9,6,21.8
29,488,212.6,10,7,21.8
30,174.4,220.8,8,6,21.8
31,226.2,242.6,9,7,21.8
32,278,220.8,10,6,21.8
33,264.4,242.6,8,7,21.8
34,316.2,220.8,9,6,21.8
35,368,242.6,10,7,21.8
36,354.4,220.8,8,6,21.8
37,406.2,242.6,9,7,21.8
38,458,220.8,10,6,21.8
39,444.4,242.6,8,7,21.8
40,196.2,250.8,9,6,21.8
41,248,272.6,10,7,21.8
42,234.4,250.8,8,6,21.8
43,286.2,272.6,9,7,21.8
44,338,250.8,10,6,21.8
45,324.4,272.6,8,7,21.8
47,428,272.6,10,7,21.8
48,414.4,250.8,8,6,21.8
49,466.2,272.6,9,7,21.8
50,218,280.8,10,6,21.8
51,204.4,302.6,8,7,21.8
52,256.2,280.8,9,6,21.8
53,308,302.6,10,7,21.8
54,294.4,280.8,8,6,21.8
55,346.2,302.6,9,7,21.8
56,398,280.8,10,6,21.8
57,384.4,302.6,8,7,21.8
58,436.2,280.8,9,6,21.8
59,488,302.6,10,7,21.8
60,174.4,310.8,8,6,21.8
61,226.2,332.6,9,7,21.8
62,278,310.8,10,6,21.8
63,264.4,332.6,8,7,21.8
64,316.2,310.8,9,6,21.8
65,368,332.6,10,7,21.8
66,354.4,310.8,8,6,21.8
67,406.2,332.6,9,7,21.8
68,458,310.8,10,6,21.8
69,444.4,332.6,8,7,21.8
70,196.2,340.8,9,6,21.8
71,248,362.6,10,7,21.8
72,234.4,340.8,8,6,21.8
73,286.2,362.6,9,7,21.8
74,338,340.8,10,6,21.8
75,324.4,362.6,8,7,21.8
76,376.2,340.8,9,6,21.8
77,428,362.6,10,7,21.8
78,414.4,340.8,8,6,21.8
79,466.2,362.6,9,7,21.8
80,218,370.8,10,6,21.8
81,204.4,392.6,8,7,21.8
82,256.2,370.8,9,6,21.8
83,308,392.6,10,7,21.8
84,294.4,370.8,8,6,21.8
85,346.2,392.6,9,7,21.8
86,398,370.8,10,6,21.8
87,384.4,392.6,8,7,21.8
88,436.2,370.8,9,6,21.8
89,488,392.6,10,7,21.8
90,174.4,400.8,8,6,21.8
91,226.2,422.6,9,7,21.8
92,278,400.8,10,6,21.8
93,264.4,422.6,8,7,21.8
94,316.2,400.8,9,6,21.8
95,368,422.6,10,7,21.8
96,354.4,400.8,8,6,21.8
98,458,400.8,10,6,21.8
99,444.4,422.6,8,7,21.8
100,196.2,430.8,9,6,21.8
102,234.4,430.8,8,6,21.8
103,286.2,452.6,9,7,21.8
104,338,430.8,10,6,21.8
105,324.4,452.6,8,7,21.8
106,376.2,430.8,9,6,21.8
107,428,452.6,10,7,21.8
108,414.4,430.8,8,6,21.8
109,466.2,452.6,9,7,21.8
110,218,460.8,10,6,21.8
111,204.4,482.6,8,7,21.8
112,256.2,460.8,9,6,21.8
113,308,482.6,10,7,21.8
114,294.4,460.8,8,6,21.8
115,346.2,482.6,9,7,21.8
116,398,460.8,10,6,21.8
117,384.4,482.6,8,7,21.8
118,436.2,460.8,9,6,21.8
119,488,482.6,10,7,21.8
120,174.4,490.8,8,6,21.8
121,226.2,512.6,9,7,21.8
122,278,490.8,10,6,21.8
123,264.4,512.6,8,7,21.8
124,316.2,490.8,9,6,21.8
125,368,512.6,10,7,21.8
126,354.4,490.8,8,6,21.8
127,406.2,512.6,9,7,21.8
128,458,490.8,10,6,21.8
129,444.4,512.6,8,7,21.8
131,248,542.6,10,7,21.8
13,287.1,183.3,9,7,21.9
46,377.1,251.4,9,6,21.9
97,407.1,423.3,9,7,21.9
101,249,453.3,10,7,21.9
130,197.1,521.4,9,6,21.9
1,227.1,153.3,9,7,21.9
3,265.2,153.3,8,7,21.9
5,369,153.3,10,7,21.9
7,407.1,153.3,9,7,21.9
8,459,131.4,10,6,21.9
9,445.2,153.3,8,7,21.9
10,197.1,161.4,9,6,21.9
11,249,183.3,10,7,21.9
12,235.2,161.4,8,6,21.9
14,339,161.4,10,6,21.9
15,325.2,183.3,8,7,21.9
16,377.1,161.4,9,6,21.9
17,429,183.3,10,7,21.9
18,415.2,161.4,8,6,21.9
19,467.1,183.3,9,7,21.9
20,219,191.4,10,6,21.9
21,205.2,213.3,8,7,21.9
22,257.1,191.4,9,6,21.9
23,309,213.3,10,7,21.9
24,295.2,191.4,8,6,21.9
26,399,191.4,10,6,21.9
27,385.2,213.3,8,7,21.9
28,437.1,191.4,9,6,21.9
29,489,213.3,10,7,21.9
30,175.2,221.4,8,6,21.9
31,227.1,243.3,9,7,21.9
32,279,221.4,10,6,21.9
33,265.2,243.3,8,7,21.9
34,317.1,221.4,9,6,21.9
35,369,243.3,10,7,21.9
36,355.2,221.4,8,6,21.9
37,407.1,243.3,9,7,21.9
38,459,221.4,10,6,21.9
39,445.2,243.3,8,7,21.9
40,197.1,251.4,9,6,21.9
41,249,273.3,10,7,21.9
42,235.2,251.4,8,6,21.9
43,287.1,273.3,9,7,21.9
44,339,251.4,10,6,21.9
45,325.2,273.3,8,7,21.9
47,429,273.3,10,7,21.9
48,415.2,251.4,8,6,21.9
49,467.1,273.3,9,7,21.9
50,219,281.4,10,6,21.9
51,205.2,303.3,8,7,21.9
52,257.1,281.4,9,6,21.9
53,309,303.3,10,7,21.9
54,295.2,281.4,8,6,21.9
55,347.1,303.3,9,7,21.9
56,399,281.4,10,6,21.9
57,385.2,303.3,8,7,21.9
58,437.1,281.4,9,6,21.9
59,489,303.3,10,7,21.9
60,175.2,311.4,8,6,21.9
61,227.1,333.3,9,7,21.9
62,279,311.4,10,6,21.9
63,265.2,333.3,8,7,21.9
64,317.1,311.4,9,6,21.9
65,369,333.3,10,7,21.9
66,355.2,311.4,8,6,21.9
67,407.1,333.3,9,7,21.9
68,459,311.4,10,6,21.9
69,445.2,333.3,8,7,21.9
70,197.1,341.4,9,6,21.9
71,249,363.3,10,7,21.9
72,235.2,341.4,8,6,21.9
73,287.1,363.3,9,7,21.9
74,339,341.4,10,6,21.9
75,325.2,363.3,8,7,21.9
76,377.1,341.4,9,6,21.9
77,429,363.3,10,7,21.9
78,415.2,341.4,8,6,21.9
79,467.1,363.3,9,7,21.9
80,219,371.4,10,6,21.9
81,205.2,393.3,8,7,21.9
82,257.1,371.4,9,6,21.9
83,309,393.3,10,7,21.9
84,295.2,371.4,8,6,21.9
85,347.1,393.3,9,7,21.9
86,399,371.4,10,6,21.9
87,385.2,393.3,8,7,21.9
88,437.1,371.4,9,6,21.9
89,489,393.3,10,7,21.9
90,175.2,401.4,8,6,21.9
91,227.1,423.3,9,7,21.9
92,279,401.4,10,6,21.9
93,265.2,423.3,8,7,21.9
94,317.1,401.4,9,6,21.9
95,369,423.3,10,7,21.9
96,355.2,401.4,8,6,21.9
98,459,401.4,10,6,21.9
99,445.2,423.3,8,7,21.9
100,197.1,431.4,9,6,21.9
102,235.2,431.4,8,6,21.9
103,287.1,453.3,9,7,21.9
104,339,431.4,10,6,21.9
105,325.2,453.3,8,7,21.9
106,377.1,431.4,9,6,21.9
107,429,453.3,10,7,21.9
108,415.2,431.4,8,6,21.9
109,467.1,453.3,9,7,21.9
110,219,461.4,10,6,21.9
111,205.2,483.3,8,7,21.9
112,257.1,461.4,9,6,21.9
113,309,483.3,10,7,21.9
114,295.2,461.4,8,6,21.9
115,347.1,483.3,9,7,21.9
116,399,461.4,10,6,21.9
117,385.2,483.3,8,7,21.9
118,437.1,461.4,9,6,21.9
119,489,483.3,10,7,21.9
120,175.2,491.4,8,6,21.9
121,227.1,513.3,9,7,21.9
122,279,491.4,10,6,21.9
123,265.2,513.3,8,7,21.9
124,317.1,491.4,9,6,21.9
125,369,513.3,10,7,21.9
126,355.2,491.4,8,6,21.9
127,407.1,513.3,9,7,21.9
128,459,491.4,10,6,21.9
129,445.2,513.3,8,7,21.9
131,249,543.3,10,7,21.9
13,288,184,9,7,22
46,378,252,9,6,22
97,408,424,9,7,22
101,250,454,10,7,22
130,198,522,9,6,22
1,228,154,9,7,22
3,266,154,8,7,22
5,370,154,10,7,22
7,408,154,9,7,22
8,460,132,10,6,22
9,446,154,8,7,22
10,198,162,9,6,22
11,250,184,10,7,22
12,236,162,8,6,22
14,340,162,10,6,22
15,326,184,8,7,22
16,378,162,9,6,22
17,430,184,10,7,22
18,416,162,8,6,22
19,468,184,9,7,22
20,220,192,10,6,22
21,206,214,8,7,22
22,258,192,9,6,22
23,310,214,10,7,22
24,296,192,8,6,22
26,400,192,10,6,22
27,386,214,8,7,22
28,438,192,9,6,22
29,490,214,10,7,22
30,176,222,8,6,22
31,228,244,9,7,22
32,280,222,10,6,22
33,266,244,8,7,22
34,318,222,9,6,22
35,370,244,10,7,22
36,356,222,8,6,22
37,408,244,9,7,22
38,460,222,10,6,22
39,446,244,8,7,22
40,198,252,9,6,22
41,250,274,10,7,22
42,236,252,8,6,22
43,288,274,9,7,22
44,340,252,10,6,22
45,326,274,8,7,22
47,430,274,10,7,22
48,416,252,8,6,22
49,468,274,9,7,22
50,220,282,10,6,22
51,206,304,8,7,22
52,258,282,9,6,22
53,310,304,10,7,22
54,296,282,8,6,22
55,348,304,9,7,22
56,400,282,10,6,22
57,386,304,8,7,22
58,438,282,9,6,22
59,490,304,10,7,22
60,176,312,8,6,22
61,228,334,9,7,22
62,280,312,10,6,22
63,266,334,8,7,22
64,318,312,9,6,22
65,370,334,10,7,22
66,356,312,8,6,22
67,408,334,9,7,22
68,460,312,10,6,22
69,446,334,8,7,22
70,198,342,9,6,22
71,250,364,10,7,22
72,236,342,8,6,22
73,288,364,9,7,22
74,340,342,10,6,22
75,326,364,8,7,22
76,378,342,9,6,22
77,430,364,10,7,22
78,416,342,8,6,22
79,468,364,9,7,22
80,220,372,10,6,22
81,206,394,8,7,22
82,258,372,9,6,22
83,310,394,10,7,22
84,296,372,8,6,22
85,348,394,9,7,22
86,400,372,10,6,22
87,386,394,8,7,22
88,438,372,9,6,22
89,490,394,10,7,22
90,176,402,8,6,22
91,228,424,9,7,22
92,280,402,10,6,22
93,266,424,8,7,22
94,318,402,9,6,22
95,370,424,10,7,22
96,356,402,8,6,22
98,460,402,10,6,22
99,446,424,8,7,22
100,198,432,9,6,22
102,236,432,8,6,22
103,288,454,9,7,22
104,340,432,10,6,22
105,326,454,8,7,22
106,378,432,9,6,22
107,430,454,10,7,22
108,416,432,8,6,22
109,468,454,9,7,22
110,220,462,10,6,22
111,206,484,8,7,22
112,258,462,9,6,22
113,310,484,10,7,22
114,296,462,8,6,22
115,348,484,9,7,22
116,400,462,10,6,22
117,386,484,8,7,22
118,438,462,9,6,22
119,490,484,10,7,22
120,176,492,8,6,22
121,228,514,9,7,22
122,280,492,10,6,22
123,266,514,8,7,22
124,318,492,9,6,22
125,370,514,10,7,22
126,356,492,8,6,22
127,408,514,9,7,22
128,460,492,10,6,22
129,446,514,8,7,22
131,250,544,10,7,22
13,288.9,184.7,9,7,22.1
46,378.9,252.6,9,6,22.1
97,408.9,424.7,9,7,22.1
101,251,454.7,10,7,22.1
130,198.9,522.6,9,6,22.1
1,228.9,154.7,9,7,22.1
3,266.8,154.7,8,7,22.1
5,371,154.7,10,7,22.1
7,408.9,154.7,9,7,22.1
8,461,132.6,10,6,22.1
9,446.8,154.7,8,7,22.1
10,198.9,162.6,9,6,22.1
11,251,184.7,10,7,22.1
12,236.8,162.6,8,6,22.1
14,341,162.6,10,6,22.1
15,326.8,184.7,8,7,22.1
16,378.9,162.6,9,6,22.1
17,431,184.7,10,7,22.1
18,416.8,162.6,8,6,22.1
19,468.9,184.7,9,7,22.1
20,221,192.6,10,6,22.1
21,206.8,214.7,8,7,22.1
22,258.9,192.6,9,6,22.1
23,311,214.7,10,7,22.1
24,296.8,192.6,8,6,22.1
26,401,192.6,10,6,22.1
27,386.8,214.7,8,7,22.1
28,438.9,192.6,9,6,22.1
29,491,214.7,10,7,22.1
30,176.8,222.6,8,6,22.1
31,228.9,244.7,9,7,22.1
32,281,222.6,10,6,22.1
33,266.8,244.7,8,7,22.1
34,318.9,222.6,9,6,22.1
35,371,244.7,10,7,22.1
36,356.8,222.6,8,6,22.1
37,408.9,244.7,9,7,22.1
38,461,222.6,10,6,22.1
39,446.8,244.7,8,7,22.1
40,198.9,252.6,9,6,22.1
41,251,274.7,10,7,22.1
42,236.8,252.6,8,6,22.1
43,288.9,274.7,9,7,22.1
44,341,252.6,10,6,22.1
45,326.8,274.7,8,7,22.1
47,431,274.7,10,7,22.1
48,416.8,252.6,8,6,22.1
49,468.9,274.7,9,7,22.1
50,221,282.6,10,6,22.1
51,206.8,304.7,8,7,22.1
52,258.9,282.6,9,6,22.1
53,311,304.7,10,7,22.1
54,296.8,282.6,8,6,22.1
55,348.9,304.7,9,7,22.1
56,401,282.6,10,6,22.1
57,386.8,304.7,8,7,22.1
58,438.9,282.6,9,6,22.1
59,491,304.7,10,7,22.1
60,176.8,312.6,8,6,22.1
61,228.9,334.7,9,7,22.1
62,281,312.6,10,6,22.1
63,266.8,334.7,8,7,22.1
64,318.9,312.6,9,6,22.1
65,371,334.7,10,7,22.1
66,356.8,312.6,8,6,22.1
67,408.9,334.7,9,7,22.1
68,461,312.6,10,6,22.1
69,446.8,334.7,8,7,22.1
70,198.9,342.6,9,6,22.1
71,251,364.7,10,7,22.1
72,236.8,342.6,8,6,22.1
73,288.9,364.7,9,7,22.1
74,341,342.6,10,6,22.1
75,326.8,364.7,8,7,22.1
76,378.9,342.6,9,6,22.1
77,431,364.7,10,7,22.1
78,416.8,342.6,8,6,22.1
79,468.9,364.7,9,7,22.1
80,221,372.6,10,6,22.1
81,206.8,394.7,8,7,22.1
82,258.9,372.6,9,6,22.1
83,311,394.7,10,7,22.1
84,296.8,372.6,8,6,22.1
85,348.9,394.7,9,7,22.1
86,401,372.6,10,6,22.1
87,386.8,394.7,8,7,22.1
88,438.9,372.6,9,6,22.1
89,491,394.7,10,7,22.1
90,176.8,402.6,8,6,22.1
91,228.9,424.7,9,7,22.1
92,281,402.6,10,6,22.1
93,266.8,424.7,8,7,22.1
94,318.9,402.6,9,6,22.1
95,371,424.7,10,7,22.1
96,356.8,402.6,8,6,22.1
98,461,402.6,10,6,22.1
99,446.8,424.7,8,7,22.1
100,198.9,432.6,9,6,22.1
102,236.8,432.6,8,6,22.1
103,288.9,454.7,9,7,22.1
104,341,432.6,10,6,22.1
105,326.8,454.7,8,7,22.1
106,378.9,432.6,9,6,22.1
107,431,454.7,10,7,22.1
108,416.8,432.6,8,6,22.1
109,468.9,454.7,9,7,22.1
110,221,462.6,10,6,22.1
111,206.8,484.7,8,7,22.1
112,258.9,462.6,9,6,22.1
113,311,484.7,10,7,22.1
114,296.8,462.6,8,6,22.1
115,348.9,484.7,9,7,22.1
116,401,462.6,10,6,22.1
117,386.8,484.7,8,7,22.1
118,438.9,462.6,9,6,22.1
119,491,484.7,10,7,22.1
120,176.8,492.6,8,6,22.1
121,228.9,514.7,9,7,22.1
122,281,492.6,10,6,22.1
123,266.8,514.7,8,7,22.1
124,318.9,492.6,9,6,22.1
125,371,514.7,10,7,22.1
126,356.8,492.6,8,6,22.1
127,408.9,514.7,9,7,22.1
128,461,492.6,10,6,22.1
129,446.8,514.7,8,7,22.1
131,251,544.7,10,7,22.1
13,289.8,185.4,9,7,22.2
46,379.8,253.2,9,6,22.2
97,409.8,425.4,9,7,22.2
101,252,455.4,10,7,22.2
130,199.8,523.2,9,6,22.2
1,229.8,155.4,9,7,22.2
3,267.6,155.4,8,7,22.2
5,372,155.4,10,7,22.2
7,409.8,155.4,9,7,22.2
8,462,133.2,10,6,22.2
9,447.6,155.4,8,7,22.2
10,199.8,163.2,9,6,22.2
11,252,185.4,10,7,22.2
12,237.6,163.2,8,6,22.2
14,342,163.2,10,6,22.2
15,327.6,185.4,8,7,22.2
16,379.8,163.2,9,6,22.2
17,432,185.4,10,7,22.2
18,417.6,163.2,8,6,22.2
19,469.8,185.4,9,7,22.2
20,222,193.2,10,6,22.2
21,207.6,215.4,8,7,22.2
22,259.8,193.2,9,6,22.2
23,312,215.4,10,7,22.2
24,297.6,193.2,8,6,22.2
26,402,193.2,10,6,22.2
27,387.6,215.4,8,7,22.2
28,439.8,193.2,9,6,22.2
29,492,215.4,10,7,22.2
30,177.6,223.2,8,6,22.2
31,229.8,245.4,9,7,22.2
32,282,223.2,10,6,22.2
33,267.6,245.4,8,7,22.2
34,319.8,223.2,9,6,22.2
35,372,245.4,10,7,22.2
36,357.6,223.2,8,6,22.2
37,409.8,245.4,9,7,22.2
38,462,223.2,10,6,22.2
39,447.6,245.4,8,7,22.2
40,199.8,253.2,9,6,22.2
41,252,275.4,10,7,22.2
42,237.6,253.2,8,6,22.2
43,289.8,275.4,9,7,22.2
44,342,253.2,10,6,22.2
45,327.6,275.4,8,7,22.2
47,432,275.4,10,7,22.2
48,417.6,253.2,8,6,22.2
49,469.8,275.4,9,7,22.2
50,222,283.2,10,6,22.2
51,207.6,305.4,8,7,22.2
52,259.8,283.2,9,6,22.2
53,312,305.4,10,7,22.2
54,297.6,283.2,8,6,22.2
55,349.8,305.4,9,7,22.2
56,402,283.2,10,6,22.2
57,387.6,305.4,8,7,22.2
58,439.8,283.2,9,6,22.2
59,492,305.4,10,7,22.2
60,177.6,313.2,8,6,22.2
61,229.8,335.4,9,7,22.2
62,282,313.2,10,6,22.2
63,267.6,335.4,8,7,22.2
64,319.8,313.2,9,6,22.2
65,372,335.4,10,7,22.2
66,357.6,313.2,8,6,22.2
67,409.8,335.4,9,7,22.2
68,462,313.2,10,6,22.2
69,447.6,335.4,8,7,22.2
70,199.8,343.2,9,6,22.2
71,252,365.4,10,7,22.2
72,237.6,343.2,8,6,22.2
73,289.8,365.4,9,7,22.2
74,342,343.2,10,6,22.2
75,327.6,365.4,8,7,22.2
76,379.8,343.2,9,6,22.2
77,432,365.4,10,7,22.2
78,417.6,343.2,8,6,22.2
79,469.8,365.4,9,7,22.2
80,222,373.2,10,6,22.2
81,207.6,395.4,8,7,22.2
82,259.8,373.2,9,6,22.2
83,312,395.4,10,7,22.2
84,297.6,373.2,8,6,22.2
85,349.8,395.4,9,7,22.2
86,402,373.2,10,6,22.2
87,387.6,395.4,8,7,22.2
88,439.8,373.2,9,6,22.2
89,492,395.4,10,7,22.2
90,177.6,403.2,8,6,22.2
91,229.8,425.4,9,7,22.2
92,282,403.2,10,6,22.2
93,267.6,425.4,8,7,22.2
94,319.8,403.2,9,6,22.2
95,372,425.4,10,7,22.2
96,357.6,403.2,8,6,22.2
98,462,403.2,10,6,22.2
99,447.6,425.4,8,7,22.2
100,199.8,433.2,9,6,22.2
102,237.6,433.2,8,6,22.2
103,289.8,455.4,9,7,22.2
104,342,433.2,10,6,22.2
105,327.6,455.4,8,7,22.2
106,379.8,433.2,9,6,22.2
107,432,455.4,10,7,22.2
108,417.6,433.2,8,6,22.2
109,469.8,455.4,9,7,22.2
110,222,463.2,10,6,22.2
111,207.6,485.4,8,7,22.2
112,259.8,463.2,9,6,22.2
113,312,485.4,10,7,22.2
114,297.6,463.2,8,6,22.2
115,349.8,485.4,9,7,22.2
116,402,463.2,10,6,22.2
117,387.6,485.4,8,7,22.2
118,439.8,463.2,9,6,22.2
119,492,485.4,10,7,22.2
120,177.6,493.2,8,6,22.2
121,229.8,515.4,9,7,22.2
122,282,493.2,10,6,22.2
123,267.6,515.4,8,7,22.2
124,319.8,493.2,9,6,22.2
125,372,515.4,10,7,22.2
126,357.6,493.2,8,6,22.2
127,409.8,515.4,9,7,22.2
128,462,493.2,10,6,22.2
129,447.6,515.4,8,7,22.2
131,252,545.4,10,7,22.2
13,290.7,186.1,9,7,22.3
46,380.7,253.8,9,6,22.3
97,410.7,426.1,9,7,22.3
101,253,456.1,10,7,22.3
130,200.7,523.8,9,6,22.3
1,230.7,156.1,9,7,22.3
3,268.4,156.1,8,7,22.3
5,373,156.1,10,7,22.3
7,410.7,156.1,9,7,22.3
8,463,133.8,10,6,22.3
9,448.4,156.1,8,7,22.3
10,200.7,163.8,9,6,22.3
11,253,186.1,10,7,22.3
12,238.4,163.8,8,6,22.3
14,343,163.8,10,6,22.3
15,328.4,186.1,8,7,22.3
16,380.7,163.8,9,6,22.3
17,433,186.1,10,7,22.3
18,418.4,163.8,8,6,22.3
19,470.7,186.1,9,7,22.3
20,223,193.8,10,6,22.3
21,208.4,216.1,8,7,22.3
22,260.7,193.8,9,6,22.3
23,313,216.1,10,7,22.3
24,298.4,193.8,8,6,22.3
26,403,193.8,10,6,22.3
27,388.4,216.1,8,7,22.3
28,440.7,193.8,9,6,22.3
29,493,216.1,10,7,22.3
30,178.4,223.8,8,6,22.3
31,230.7,246.1,9,7,22.3
32,283,223.8,10,6,22.3
33,268.4,246.1,8,7,22.3
34,320.7,223.8,9,6,22.3
35,373,246.1,10,7,22.3
36,358.4,223.8,8,6,22.3
37,410.7,246.1,9,7,22.3
38,463,223.8,10,6,22.3
39,448.4,246.1,8,7,22.3
40,200.7,253.8,9,6,22.3
41,253,276.1,10,7,22.3
42,238.4,253.8,8,6,22.3
43,290.7,276.1,9,7,22.3
44,343,253.8,10,6,22.3
45,328.4,276.1,8,7,22.3
47,433,276.1,10,7,22.3
48,418.4,253.8,8,6,22.3
49,470.7,276.1,9,7,22.3
50,223,283.8,10,6,22.3
51,208.4,306.1,8,7,22.3
52,260.7,283.8,9,6,22.3
53,313,306.1,10,7,22.3
54,298.4,283.8,8,6,22.3
55,350.7,306.1,9,7,22.3
56,403,283.8,10,6,22.3
57,388.4,306.1,8,7,22.3
58,440.7,283.8,9,6,22.3
59,493,306.1,10,7,22.3
60,178.4,313.8,8,6,22.3
61,230.7,336.1,9,7,22.3
62,283,313.8,10,6,22.3
63,268.4,336.1,8,7,22.3
64,320.7,313.8,9,6,22.3
65,373,336.1,10,7,22.3
66,358.4,313.8,8,6,22.3
67,410.7,336.1,9,7,22.3
68,463,313.8,10,6,22.3
69,448.4,336.1,8,7,22.3
70,200.7,343.8,9,6,22.3
71,253,366.1,10,7,22.3
72,238.4,343.8,8,6,22.3
73,290.7,366.1,9,7,22.3
74,343,343.8,10,6,22.3
75,328.4,366.1,8,7,22.3
76,380.7,343.8,9,6,22.3
77,433,366.1,10,7,22.3
78,418.4,343.8,8,6,22.3
79,470.7,366.1,9,7,22.3
80,223,373.8,10,6,22.3
81,208.4,396.1,8,7,22.3
82,260.7,373.8,9,6,22.3
83,313,396.1,10,7,22.3
84,298.4,373.8,8,6,22.3
85,350.7,396.1,9,7,22.3
86,403,373.8,10,6,22.3
87,388.4,396.1,8,7,22.3
88,440.7,373.8,9,6,22.3
89,493,396.1,10,7,22.3
90,178.4,403.8,8,6,22.3
91,230.7,426.1,9,7,22.3
92,283,403.8,10,6,22.3
93,268.4,426.1,8,7,22.3
94,320.7,403.8,9,6,22.3
95,373,426.1,10,7,22.3
96,358.4,403.8,8,6,22.3
98,463,403.8,10,6,22.3
99,448.4,426.1,8,7,22.3
100,200.7,433.8,9,6,22.3
102,238.4,433.8,8,6,22.3
103,290.7,456.1,9,7,22.3
104,343,433.8,10,6,22.3
105,328.4,456.1,8,7,22.3
106,380.7,433.8,9,6,22.3
107,433,456.1,10,7,22.3
108,418.4,433.8,8,6,22.3
109,470.7,456.1,9,7,22.3
110,223,463.8,10,6,22.3
111,208.4,486.1,8,7,22.3
112,260.7,463.8,9,6,22.3
113,313,486.1,10,7,22.3
114,298.4,463.8,8,6,22.3
115,350.7,486.1,9,7,22.3
116,403,463.8,10,6,22.3
117,388.4,486.1,8,7,22.3
118,440.7,463.8,9,6,22.3
119,493,486.1,10,7,22.3
120,178.4,493.8,8,6,22.3
121,230.7,516.1,9,7,22.3
122,283,493.8,10,6,22.3
123,268.4,516.1,8,7,22.3
124,320.7,493.8,9,6,22.3
125,373,516.1,10,7,22.3
126,358.4,493.8,8,6,22.3
127,410.7,516.1,9,7,22.3
128,463,493.8,10,6,22.3
129,448.4,516.1,8,7,22.3
131,253,546.1,10,7,22.3
13,291.6,186.8,9,7,22.4
46,381.6,254.4,9,6,22.4
97,411.6,426.8,9,7,22.4
101,254,456.8,10,7,22.4
130,201.6,524.4,9,6,22.4
1,231.6,156.8,9,7,22.4
3,269.2,156.8,8,7,22.4
5,374,156.8,10,7,22.4
7,411.6,156.8,9,7,22.4
8,464,134.4,10,6,22.4
9,449.2,156.8,8,7,22.4
10,201.6,164.4,9,6,22.4
11,254,186.8,10,7,22.4
12,239.2,164.4,8,6,22.4
14,344,164.4,10,6,22.4
15,329.2,186.8,8,7,22.4
16,381.6,164.4,9,6,22.4
17,434,186.8,10,7,22.4
18,419.2,164.4,8,6,22.4
19,471.6,186.8,9,7,22.4
20,224,194.4,10,6,22.4
21,209.2,216.8,8,7,22.4
22,261.6,194.4,9,6,22.4
23,314,216.8,10,7,22.4
24,299.2,194.4,8,6,22.4
26,404,194.4,10,6,22.4
27,389.2,216.8,8,7,22.4
28,441.6,194.4,9,6,22.4
29,494,216.8,10,7,22.4
30,179.2,224.4,8,6,22.4
31,231.6,246.8,9,7,22.4
32,284,224.4,10,6,22.4
33,269.2,246.8,8,7,22.4
34,321.6,224.4,9,6,22.4
35,374,246.8,10,7,22.4
36,359.2,224.4,8,6,22.4
37,411.6,246.8,9,7,22.4
38,464,224.4,10,6,22.4
39,449.2,246.8,8,7,22.4
40,201.6,254.4,9,6,22.4
41,254,276.8,10,7,22.4
42,239.2,254.4,8,6,22.4
43,291.6,276.8,9,7,22.4
44,344,254.4,10,6,22.4
45,329.2,276.8,8,7,22.4
47,434,276.8,10,7,22.4
48,419.2,254.4,8,6,22.4
49,471.6,276.8,9,7,22.4
50,224,284.4,10,6,22.4
51,209.2,306.8,8,7,22.4
52,261.6,284.4,9,6,22.4
53,314,306.8,10,7,22.4
54,299.2,284.4,8,6,22.4
55,351.6,306.8,9,7,22.4
56,404,284.4,10,6,22.4
57,389.2,306.8,8,7,22.4
58,441.6,284.4,9,6,22.4
59,494,306.8,10,7,22.4
60,179.2,314.4,8,6,22.4
61,231.6,336.8,9,7,22.4
62,284,314.4,10,6,22.4
63,269.2,336.8,8,7,22.4
64,321.6,314.4,9,6,22.4
65,374,336.8,10,7,22.4
66,359.2,314.4,8,6,22.4
67,411.6,336.8,9,7,22.4
68,464,314.4,10,6,22.4
69,449.2,336.8,8,7,22.4
70,201.6,344.4,9,6,22.4
71,254,366.8,10,7,22.4
72,239.2,344.4,8,6,22.4
73,291.6,366.8,9,7,22.4
74,344,344.4,10,6,22.4
75,329.2,366.8,8,7,22.4
76,381.6,344.4,9,6,22.4
77,434,366.8,10,7,22.4
78,419.2,344.4,8,6,22.4
79,471.6,366.8,9,7,22.4
80,224,374.4,10,6,22.4
81,209.2,396.8,8,7,22.4
82,261.6,374.4,9,6,22.4
83,314,396.8,10,7,22.4
84,299.2,374.4,8,6,22.4
85,351.6,396.8,9,7,22.4
86,404,374.4,10,6,22.4
87,389.2,396.8,8,7,22.4
88,441.6,374.4,9,6,22.4
89,494,396.8,10,7,22.4
90,179.2,404.4,8,6,22.4
91,231.6,426.8,9,7,22.4
92,284,404.4,10,6,22.4
93,269.2,426.8,8,7,22.4
94,321.6,404.4,9,6,22.4
95,374,426.8,10,7,22.4
96,359.2,404.4,8,6,22.4
98,464,404.4,10,6,22.4
99,449.2,426.8,8,7,22.4
100,201.6,434.4,9,6,22.4
102,239.2,434.4,8,6,22.4
103,291.6,456.8,9,7,22.4
104,344,434.4,10,6,22.4
105,329.2,456.8,8,7,22.4
106,381.6,434.4,9,6,22.4
107,434,456.8,10,7,22.4
108,419.2,434.4,8,6,22.4
109,471.6,456.8,9,7,22.4
110,224,464.4,10,6,22.4
111,209.2,486.8,8,7,22.4
112,261.6,464.4,9,6,22.4
113,314,486.8,10,7,22.4
114,299.2,464.4,8,6,22.4
115,351.6,486.8,9,7,22.4
116,404,464.4,10,6,22.4
117,389.2,486.8,8,7,22.4
118,441.6,464.4,9,6,22.4
119,494,486.8,10,7,22.4
120,179.2,494.4,8,6,22.4
121,231.6,516.8,9,7,22.4
122,284,494.4,10,6,22.4
123,269.2,516.8,8,7,22.4
124,321.6,494.4,9,6,22.4
125,374,516.8,10,7,22.4
126,359.2,494.4,8,6,22.4
127,411.6,516.8,9,7,22.4
128,464,494.4,10,6,22.4
129,449.2,516.8,8,7,22.4
131,254,546.8,10,7,22.4
13,292.5,187.5,9,7,22.5
46,382.5,255,9,6,22.5
97,412.5,427.5,9,7,22.5
101,255,457.5,10,7,22.5
130,202.5,525,9,6,22.5
1,232.5,157.5,9,7,22.5
3,270,157.5,8,7,22.5
5,375,157.5,10,7,22.5
7,412.5,157.5,9,7,22.5
8,465,135,10,6,22.5
9,450,157.5,8,7,22.5
10,202.5,165,9,6,22.5
11,255,187.5,10,7,22.5
12,240,165,8,6,22.5
14,345,165,10,6,22.5
15,330,187.5,8,7,22.5
16,382.5,165,9,6,22.5
17,435,187.5,10,7,22.5
18,420,165,8,6,22.5
19,472.5,187.5,9,7,22.5
20,225,195,10,6,22.5
21,210,217.5,8,7,22.5
22,262.5,195,9,6,22.5
23,315,217.5,10,7,22.5
24,300,195,8,6,22.5
26,405,195,10,6,22.5
27,390,217.5,8,7,22.5
28,442.5,195,9,6,22.5
29,495,217.5,10,7,22.5
30,180,225,8,6,22.5
31,232.5,247.5,9,7,22.5
32,285,225,10,6,22.5
33,270,247.5,8,7,22.5
34,322.5,225,9,6,22.5
35,375,247.5,10,7,22.5
36,360,225,8,6,22.5
37,412.5,247.5,9,7,22.5
38,465,225,10,6,22.5
39,450,247.5,8,7,22.5
40,202.5,255,9,6,22.5
41,255,277.5,10,7,22.5
42,240,255,8,6,22.5
43,292.5,277.5,9,7,22.5
44,345,255,10,6,22.5
45,330,277.5,8,7,22.5
47,435,277.5,10,7,22.5
48,420,255,8,6,22.5
49,472.5,277.5,9,7,22.5
50,225,285,10,6,22.5
51,210,307.5,8,7,22.5
52,262.5,285,9,6,22.5
53,315,307.5,10,7,22.5
54,300,285,8,6,22.5
55,352.5,307.5,9,7,22.5
56,405,285,10,6,22.5
57,390,307.5,8,7,22.5
58,442.5,285,9,6,22.5
59,495,307.5,10,7,22.5
60,180,315,8,6,22.5
61,232.5,337.5,9,7,22.5
62,285,315,10,6,22.5
63,270,337.5,8,7,22.5
64,322.5,315,9,6,22.5
65,375,337.5,10,7,22.5
66,360,315,8,6,22.5
67,412.5,337.5,9,7,22.5
68,465,315,10,6,22.5
69,450,337.5,8,7,22.5
70,202.5,345,9,6,22.5
71,255,367.5,10,7,22.5
72,240,345,8,6,22.5
73,292.5,367.5,9,7,22.5
74,345,345,10,6,22.5
75,330,367.5,8,7,22.5
76,382.5,345,9,6,22.5
77,435,367.5,10,7,22.5
78,420,345,8,6,22.5
79,472.5,367.5,9,7,22.5
80,225,375,10,6,22.5
81,210,397.5,8,7,22.5
82,262.5,375,9,6,22.5
83,315,397.5,10,7,22.5
84,300,375,8,6,22.5
85,352.5,397.5,9,7,22.5
86,405,375,10,6,22.5
87,390,397.5,8,7,22.5
88,442.5,375,9,6,22.5
89,495,397.5,10,7,22.5
90,180,405,8,6,22.5
91,232.5,427.5,9,7,22.5
92,285,405,10,6,22.5
93,270,427.5,8,7,22.5
94,322.5,405,9,6,22.5
95,375,427.5,10,7,22.5
96,360,405,8,6,22.5
98,465,405,10,6,22.5
99,450,427.5,8,7,22.5
100,202.5,435,9,6,22.5
102,240,435,8,6,22.5
103,292.5,457.5,9,7,22.5
104,345,435,10,6,22.5
105,330,457.5,8,7,22.5
106,382.5,435,9,6,22.5
107,435,457.5,10,7,22.5
108,420,435,8,6,22.5
109,472.5,457.5,9,7,22.5
110,225,465,10,6,22.5
111,210,487.5,8,7,22.5
112,262.5,465,9,6,22.5
113,315,487.5,10,7,22.5
114,300,465,8,6,22.5
115,352.5,487.5,9,7,22.5
116,405,465,10,6,22.5
117,390,487.5,8,7,22.5
118,442.5,465,9,6,22.5
119,495,487.5,10,7,22.5
120,180,495,8,6,22.5
121,232.5,517.5,9,7,22.5
122,285,495,10,6,22.5
123,270,517.5,8,7,22.5
124,322.5,495,9,6,22.5
125,375,517.5,10,7,22.5
126,360,495,8,6,22.5
127,412.5,517.5,9,7,22.5
128,465,495,10,6,22.5
129,450,517.5,8,7,22.5
131,255,547.5,10,7,22.5
13,293.4,188.2,9,7,22.6
46,383.4,255.6,9,6,22.6
97,413.4,428.2,9,7,22.6
101,256,458.2,10,7,22.6
130,203.4,525.6,9,6,22.6
1,233.4,158.2,9,7,22.6
3,270.8,158.2,8,7,22.6
5,376,158.2,10,7,22.6
7,413.4,158.2,9,7,22.6
8,466,135.6,10,6,22.6
9,450.8,158.2,8,7,22.6
10,203.4,165.6,9,6,22.6
11,256,188.2,10,7,22.6
12,240.8,165.6,8,6,22.6
14,346,165.6,10,6,22.6
15,330.8,188.2,8,7,22.6
16,383.4,165.6,9,6,22.6
17,436,188.2,10,7,22.6
18,420.8,165.6,8,6,22.6
19,473.4,188.2,9,7,22.6
20,226,195.6,10,6,22.6
21,210.8,218.2,8,7,22.6
22,263.4,195.6,9,6,22.6
23,316,218.2,10,7,22.6
24,300.8,195.6,8,6,22.6
26,406,195.6,10,6,22.6
27,390.8,218.2,8,7,22.6
28,443.4,195.6,9,6,22.6
29,496,218.2,10,7,22.6
30,180.8,225.6,8,6,22.6
31,233.4,248.2,9,7,22.6
32,286,225.6,10,6,22.6
33,270.8,248.2,8,7,22.6
34,323.4,225.6,9,6,22.6
35,376,248.2,10,7,22.6
36,360.8,225.6,8,6,22.6
37,413.4,248.2,9,7,22.6
38,466,225.6,10,6,22.6
39,450.8,248.2,8,7,22.6
40,203.4,255.6,9,6,22.6
41,256,278.2,10,7,22.6
42,240.8,255.6,8,6,22.6
43,293.4,278.2,9,7,22.6
44,346,255.6,10,6,22.6
45,330.8,278.2,8,7,22.6
47,436,278.2,10,7,22.6
48,420.8,255.6,8,6,22.6
49,473.4,278.2,9,7,22.6
50,226,285.6,10,6,22.6
51,210.8,308.2,8,7,22.6
52,263.4,285.6,9,6,22.6
53,316,308.2,10,7,22.6
54,300.8,285.6,8,6,22.6
55,353.4,308.2,9,7,22.6
56,406,285.6,10,6,22.6
57,390.8,308.2,8,7,22.6
58,443.4,285.6,9,6,22.6
59,496,308.2,10,7,22.6
60,180.8,315.6,8,6,22.6
61,233.4,338.2,9,7,22.6
62,286,315.6,10,6,22.6
63,270.8,338.2,8,7,22.6
64,323.4,315.6,9,6,22.6
65,376,338.2,10,7,22.6
66,360.8,315.6,8,6,22.6
67,413.4,338.2,9,7,22.6
68,466,315.6,10,6,22.6
69,450.8,338.2,8,7,22.6
70,203.4,345.6,9,6,22.6
71,256,368.2,10,7,22.6
72,240.8,345.6,8,6,22.6
73,293.4,368.2,9,7,22.6
74,346,345.6,10,6,22.6
75,330.8,368.2,8,7,22.6
76,383.4,345.6,9,6,22.6
77,436,368.2,10,7,22.6
78,420.8,345.6,8,6,22.6
79,473.4,368.2,9,7,22.6
80,226,375.6,10,6,22.6
81,210.8,398.2,8,7,22.6
82,263.4,375.6,9,6,22.6
83,316,398.2,10,7,22.6
84,300.8,375.6,8,6,22.6
85,353.4,398.2,9,7,22.6
86,406,375.6,10,6,22.6
87,390.8,398.2,8,7,22.6
88,443.4,375.6,9,6,22.6
89,496,398.2,10,7,22.6
90,180.8,405.6,8,6,22.6
91,233.4,428.2,9,7,22.6
92,286,405.6,10,6,22.6
93,270.8,428.2,8,7,22.6
94,323.4,405.6,9,6,22.6
95,376,428.2,10,7,22.6
96,360.8,405.6,8,6,22.6
98,466,405.6,10,6,22.6
99,450.8,428.2,8,7,22.6
100,203.4,435.6,9,6,22.6
102,240.8,435.6,8,6,22.6
103,293.4,458.2,9,7,22.6
104,346,435.6,10,6,22.6
105,330.8,458.2,8,7,22.6
106,383.4,435.6,9,6,22.6
107,436,458.2,10,7,22.6
108,420.8,435.6,8,6,22.6
109,473.4,458.2,9,7,22.6
110,226,465.6,10,6,22.6
111,210.8,488.2,8,7,22.6
112,263.4,465.6,9,6,22.6
113,316,488.2,10,7,22.6
114,300.8,465.6,8,6,22.6
115,353.4,488.2,9,7,22.6
116,406,465.6,10,6,22.6
117,390.8,488.2,8,7,22.6
118,443.4,465.6,9,6,22.6
119,496,488.2,10,7,22.6
120,180.8,495.6,8,6,22.6
121,233.4,518.2,9,7,22.6
122,286,495.6,10,6,22.6
123,270.8,518.2,8,7,22.6
124,323.4,495.6,9,6,22.6
125,376,518.2,10,7,22.6
126,360.8,495.6,8,6,22.6
127,413.4,518.2,9,7,22.6
128,466,495.6,10,6,22.6
129,450.8,518.2,8,7,22.6
131,256,548.2,10,7,22.6
13,294.3,188.9,9,7,22.7
46,384.3,256.2,9,6,22.7
97,414.3,428.9,9,7,22.7
101,257,458.9,10,7,22.7
130,204.3,526.2,9,6,22.7
1,234.3,158.9,9,7,22.7
3,271.6,158.9,8,7,22.7
5,377,158.9,10,7,22.7
7,414.3,158.9,9,7,22.7
8,467,136.2,10,6,22.7
9,451.6,158.9,8,7,22.7
10,204.3,166.2,9,6,22.7
11,257,188.9,10,7,22.7
12,241.6,166.2,8,6,22.7
14,347,166.2,10,6,22.7
15,331.6,188.9,8,7,22.7
16,384.3,166.2,9,6,22.7
17,437,188.9,10,7,22.7
18,421.6,166.2,8,6,22.7
19,474.3,188.9,9,7,22.7
20,227,196.2,10,6,22.7
21,211.6,218.9,8,7,22.7
22,264.3,196.2,9,6,22.7
23,317,218.9,10,7,22.7
24,301.6,196.2,8,6,22.7
26,407,196.2,10,6,22.7
27,391.6,218.9,8,7,22.7
28,444.3,196.2,9,6,22.7
29,497,218.9,10,7,22.7
30,181.6,226.2,8,6,22.7
31,234.3,248.9,9,7,22.7
32,287,226.2,10,6,22.7
33,271.6,248.9,8,7,22.7
34,324.3,226.2,9,6,22.7
35,377,248.9,10,7,22.7
36,361.6,226.2,8,6,22.7
37,414.3,248.9,9,7,22.7
38,467,226.2,10,6,22.7
39,451.6,248.9,8,7,22.7
40,204.3,256.2,9,6,22.7
41,257,278.9,10,7,22.7
42,241.6,256.2,8,6,22.7
43,294.3,278.9,9,7,22.7
44,347,256.2,10,6,22.7
45,331.6,278.9,8,7,22.7
47,437,278.9,10,7,22.7
48,421.6,256.2,8,6,22.7
49,474.3,278.9,9,7,22.7
50,227,286.2,10,6,22.7
51,211.6,308.9,8,7,22.7
52,264.3,286.2,9,6,22.7
53,317,308.9,10,7,22.7
54,301.6,286.2,8,6,22.7
55,354.3,308.9,9,7,22.7
56,407,286.2,10,6,22.7
57,391.6,308.9,8,7,22.7
58,444.3,286.2,9,6,22.7
59,497,308.9,10,7,22.7
60,181.6,316.2,8,6,22.7
61,234.3,338.9,9,7,22.7
62,287,316.2,10,6,22.7
63,271.6,338.9,8,7,22.7
64,324.3,316.2,9,6,22.7
65,377,338.9,10,7,22.7
66,361.6,316.2,8,6,22.7
67,414.3,338.9,9,7,22.7
68,467,316.2,10,6,22.7
69,451.6,338.9,8,7,22.7
70,204.3,346.2,9,6,22.7
71,257,368.9,10,7,22.7
72,241.6,346.2,8,6,22.7
73,294.3,368.9,9,7,22.7
74,347,346.2,10,6,22.7
75,331.6,368.9,8,7,22.7
76,384.3,346.2,9,6,22.7
77,437,368.9,10,7,22.7
78,421.6,346.2,8,6,22.7
79,474.3,368.9,9,7,22.7
80,227,376.2,10,6,22.7
81,211.6,398.9,8,7,22.7
82,264.3,376.2,9,6,22.7
83,317,398.9,10,7,22.7
84,301.6,376.2,8,6,22.7
85,354.3,398.9,9,7,22.7
86,407,376.2,10,6,22.7
87,391.6,398.9,8,7,22.7
88,444.3,376.2,9,6,22.7
89,497,398.9,10,7,22.7
90,181.6,406.2,8,6,22.7
91,234.3,428.9,9,7,22.7
92,287,406.2,10,6,22.7
93,271.6,428.9,8,7,22.7
94,324.3,406.2,9,6,22.7
95,377,428.9,10,7,22.7
96,361.6,406.2,8,6,22.7
98,467,406.2,10,6,22.7
99,451.6,428.9,8,7,22.7
100,204.3,436.2,9,6,22.7
102,241.6,436.2,8,6,22.7
103,294.3,458.9,9,7,22.7
104,347,436.2,10,6,22.7
105,331.6,458.9,8,7,22.7
106,384.3,436.2,9,6,22.7
107,437,458.9,10,7,22.7
108,421.6,436.2,8,6,22.7
109,474.3,458.9,9,7,22.7
110,227,466.2,10,6,22.7
111,211.6,488.9,8,7,22.7
112,264.3,466.2,9,6,22.7
113,317,488.9,10,7,22.7
114,301.6,466.2,8,6,22.7
115,354.3,488.9,9,7,22.7
116,407,466.2,10,6,22.7
117,391.6,488.9,8,7,22.7
118,444.3,466.2,9,6,22.7
119,497,488.9,10,7,22.7
120,181.6,496.2,8,6,22.7
121,234.3,518.9,9,7,22.7
122,287,496.2,10,6,22.7
123,271.6,518.9,8,7,22.7
124,324.3,496.2,9,6,22.7
125,377,518.9,10,7,22.7
126,361.6,496.2,8,6,22.7
127,414.3,518.9,9,7,22.7
128,467,496.2,10,6,22.7
129,451.6,518.9,8,7,22.7
131,257,548.9,10,7,22.7
13,295.2,189.6,9,7,22.8
46,385.2,256.8,9,6,22.8
97,415.2,429.6,9,7,22.8
101,258,459.6,10,7,22.8
130,205.2,526.8,9,6,22.8
1,235.2,159.6,9,7,22.8
3,272.4,159.6,8,7,22.8
5,378,159.6,10,7,22.8
7,415.2,159.6,9,7,22.8
8,468,136.8,10,6,22.8
9,452.4,159.6,8,7,22.8
10,205.2,166.8,9,6,22.8
11,258,189.6,10,7,22.8
12,242.4,166.8,8,6,22.8
14,348,166.8,10,6,22.8
15,332.4,189.6,8,7,22.8
16,385.2,166.8,9,6,22.8
17,438,189.6,10,7,22.8
18,422.4,166.8,8,6,22.8
19,475.2,189.6,9,7,22.8
20,228,196.8,10,6,22.8
21,212.4,219.6,8,7,22.8
22,265.2,196.8,9,6,22.8
23,318,219.6,10,7,22.8
24,302.4,196.8,8,6,22.8
26,408,196.8,10,6,22.8
27,392.4,219.6,8,7,22.8
28,445.2,196.8,9,6,22.8
29,498,219.6,10,7,22.8
30,182.4,226.8,8,6,22.8
31,235.2,249.6,9,7,22.8
32,288,226.8,10,6,22.8
33,272.4,249.6,8,7,22.8
34,325.2,226.8,9,6,22.8
35,378,249.6,10,7,22.8
36,362.4,226.8,8,6,22.8
37,415.2,249.6,9,7,22.8
38,468,226.8,10,6,22.8
39,452.4,249.6,8,7,22.8
40,205.2,256.8,9,6,22.8
41,258,279.6,10,7,22.8
42,242.4,256.8,8,6,22.8
43,295.2,279.6,9,7,22.8
44,348,256.8,10,6,22.8
45,332.4,279.6,8,7,22.8
47,438,279.6,10,7,22.8
48,422.4,256.8,8,6,22.8
49,475.2,279.6,9,7,22.8
50,228,286.8,10,6,22.8
51,212.4,309.6,8,7,22.8
52,265.2,286.8,9,6,22.8
53,318,309.6,10,7,22.8
54,302.4,286.8,8,6,22.8
55,355.2,309.6,9,7,22.8
56,408,286.8,10,6,22.8
57,392.4,309.6,8,7,22.8
58,445.2,286.8,9,6,22.8
59,498,309.6,10,7,22.8
60,182.4,316.8,8,6,22.8
61,235.2,339.6,9,7,22.8
62,288,316.8,10,6,22.8
63,272.4,339.6,8,7,22.8
64,325.2,316.8,9,6,22.8
65,378,339.6,10,7,22.8
66,362.4,316.8,8,6,22.8
67,415.2,339.6,9,7,22.8
68,468,316.8,10,6,22.8
69,452.4,339.6,8,7,22.8
70,205.2,346.8,9,6,22.8
71,258,369.6,10,7,22.8
72,242.4,346.8,8,6,22.8
73,295.2,369.6,9,7,22.8
74,348,346.8,10,6,22.8
75,332.4,369.6,8,7,22.8
76,385.2,346.8,9,6,22.8
77,438,369.6,10,7,22.8
78,422.4,346.8,8,6,22.8
79,475.2,369.6,9,7,22.8
80,228,376.8,10,6,22.8
81,212.4,399.6,8,7,22.8
82,265.2,376.8,9,6,22.8
83,318,399.6,10,7,22.8
84,302.4,376.8,8,6,22.8
85,355.2,399.6,9,7,22.8
86,408,376.8,10,6,22.8
87,392.4,399.6,8,7,22.8
88,445.2,376.8,9,6,22.8
89,498,399.6,10,7,22.8
90,182.4,406.8,8,6,22.8
91,235.2,429.6,9,7,22.8
92,288,406.8,10,6,22.8
93,272.4,429.6,8,7,22.8
94,325.2,406.8,9,6,22.8
95,378,429.6,10,7,22.8
96,362.4,406.8,8,6,22.8
98,468,406.8,10,6,22.8
99,452.4,429.6,8,7,22.8
100,205.2,436.8,9,6,22.8
102,242.4,436.8,8,6,22.8
103,295.2,459.6,9,7,22.8
104,348,436.8,10,6,22.8
105,332.4,459.6,8,7,22.8
106,385.2,436.8,9,6,22.8
107,438,459.6,10,7,22.8
108,422.4,436.8,8,6,22.8
109,475.2,459.6,9,7,22.8
110,228,466.8,10,6,22.8
111,212.4,489.6,8,7,22.8
112,265.2,466.8,9,6,22.8
113,318,489.6,10,7,22.8
114,302.4,466.8,8,6,22.8
115,355.2,489.6,9,7,22.8
116,408,466.8,10,6,22.8
117,392.4,489.6,8,7,22.8
118,445.2,466.8,9,6,22.8
119,498,489.6,10,7,22.8
120,182.4,496.8,8,6,22.8
121,235.2,519.6,9,7,22.8
122,288,496.8,10,6,22.8
123,272.4,519.6,8,7,22.8
124,325.2,496.8,9,6,22.8
125,378,519.6,10,7,22.8
126,362.4,496.8,8,6,22.8
127,415.2,519.6,9,7,22.8
128,468,496.8,10,6,22.8
129,452.4,519.6,8,7,22.8
131,258,549.6,10,7,22.8
13,296.1,190.3,9,7,22.9
46,386.1,257.4,9,6,22.9
97,416.1,430.3,9,7,22.9
101,259,460.3,10,7,22.9
130,206.1,527.4,9,6,22.9
1,236.1,160.3,9,7,22.9
3,273.2,160.3,8,7,22.9
5,379,160.3,10,7,22.9
7,416.1,160.3,9,7,22.9
8,469,137.4,10,6,22.9
9,453.2,160.3,8,7,22.9
10,206.1,167.4,9,6,22.9
11,259,190.3,10,7,22.9
12,243.2,167.4,8,6,22.9
14,349,167.4,10,6,22.9
15,333.2,190.3,8,7,22.9
16,386.1,167.4,9,6,22.9
17,439,190.3,10,7,22.9
18,423.2,167.4,8,6,22.9
19,476.1,190.3,9,7,22.9
20,229,197.4,10,6,22.9
21,213.2,220.3,8,7,22.9
22,266.1,197.4,9,6,22.9
23,319,220.3,10,7,22.9
24,303.2,197.4,8,6,22.9
26,409,197.4,10,6,22.9
27,393.2,220.3,8,7,22.9
28,446.1,197.4,9,6,22.9
29,499,220.3,10,7,22.9
30,183.2,227.4,8,6,22.9
31,236.1,250.3,9,7,22.9
32,289,227.4,10,6,22.9
33,273.2,250.3,8,7,22.9
34,326.1,227.4,9,6,22.9
35,379,250.3,10,7,22.9
36,363.2,227.4,8,6,22.9
37,416.1,250.3,9,7,22.9
38,469,227.4,10,6,22.9
39,453.2,250.3,8,7,22.9
40,206.1,257.4,9,6,22.9
41,259,280.3,10,7,22.9
42,243.2,257.4,8,6,22.9
43,296.1,280.3,9,7,22.9
44,349,257.4,10,6,22.9
45,333.2,280.3,8,7,22.9
47,439,280.3,10,7,22.9
48,423.2,257.4,8,6,22.9
49,476.1,280.3,9,7,22.9
50,229,287.4,10,6,22.9
51,213.2,310.3,8,7,22.9
52,266.1,287.4,9,6,22.9
53,319,310.3,10,7,22.9
54,303.2,287.4,8,6,22.9
55,356.1,310.3,9,7,22.9
56,409,287.4,10,6,22.9
57,393.2,310.3,8,7,22.9
58,446.1,287.4,9,6,22.9
59,499,310.3,10,7,22.9
60,183.2,317.4,8,6,22.9
61,236.1,340.3,9,7,22.9
62,289,317.4,10,6,22.9
63,273.2,340.3,8,7,22.9
64,326.1,317.4,9,6,22.9
65,379,340.3,10,7,22.9
66,363.2,317.4,8,6,22.9
67,416.1,340.3,9,7,22.9
68,469,317.4,10,6,22.9
69,453.2,340.3,8,7,22.9
70,206.1,347.4,9,6,22.9
71,259,370.3,10,7,22.9
72,243.2,347.4,8,6,22.9
73,296.1,370.3,9,7,22.9
74,349,347.4,10,6,22.9
75,333.2,370.3,8,7,22.9
76,386.1,347.4,9,6,22.9
77,439,370.3,10,7,22.9
78,423.2,347.4,8,6,22.9
79,476.1,370.3,9,7,22.9
80,229,377.4,10,6,22.9
81,213.2,400.3,8,7,22.9
82,266.1,377.4,9,6,22.9
83,319,400.3,10,7,22.9
84,303.2,377.4,8,6,22.9
85,356.1,400.3,9,7,22.9
86,409,377.4,10,6,22.9
87,393.2,400.3,8,7,22.9
88,446.1,377.4,9,6,22.9
89,499,400.3,10,7,22.9
90,183.2,407.4,8,6,22.9
91,236.1,430.3,9,7,22.9
92,289,407.4,10,6,22.9
93,273.2,430.3,8,7,22.9
94,326.1,407.4,9,6,22.9
95,379,430.3,10,7,22.9
96,363.2,407.4,8,6,22.9
98,469,407.4,10,6,22.9
99,453.2,430.3,8,7,22.9
100,206.1,437.4,9,6,22.9
102,243.2,437.4,8,6,22.9
103,296.1,460.3,9,7,22.9
104,349,437.4,10,6,22.9
105,333.2,460.3,8,7,22.9
106,386.1,437.4,9,6,22.9
107,439,460.3,10,7,22.9
108,423.2,437.4,8,6,22.9
109,476.1,460.3,9,7,22.9
110,229,467.4,10,6,22.9
111,213.2,490.3,8,7,22.9
112,266.1,467.4,9,6,22.9
113,319,490.3,10,7,22.9
114,303.2,467.4,8,6,22.9
115,356.1,490.3,9,7,22.9
116,409,467.4,10,6,22.9
117,393.2,490.3,8,7,22.9
118,446.1,467.4,9,6,22.9
119,499,490.3,10,7,22.9
120,183.2,497.4,8,6,22.9
121,236.1,520.3,9,7,22.9
122,289,497.4,10,6,22.9
123,273.2,520.3,8,7,22.9
124,326.1,497.4,9,6,22.9
125,379,520.3,10,7,22.9
126,363.2,497.4,8,6,22.9
127,416.1,520.3,9,7,22.9
128,469,497.4,10,6,22.9
129,453.2,520.3,8,7,22.9
131,259,550.3,10,7,22.9
13,297,191,9,7,23
46,387,258,9,6,23
97,417,431,9,7,23
101,260,461,10,7,23
130,207,528,9,6,23
1,237,161,9,7,23
3,274,161,8,7,23
5,380,161,10,7,23
7,417,161,9,7,23
8,470,138,10,6,23
9,454,161,8,7,23
10,207,168,9,6,23
11,260,191,10,7,23
12,244,168,8,6,23
14,350,168,10,6,23
15,334,191,8,7,23
16,387,168,9,6,23
17,440,191,10,7,23
18,424,168,8,6,23
19,477,191,9,7,23
20,230,198,10,6,23
21,214,221,8,7,23
22,267,198,9,6,23
23,320,221,10,7,23
24,304,198,8,6,23
26,410,198,10,6,23
27,394,221,8,7,23
28,447,198,9,6,23
29,500,221,10,7,23
30,184,228,8,6,23
31,237,251,9,7,23
32,290,228,10,6,23
33,274,251,8,7,23
34,327,228,9,6,23
35,380,251,10,7,23
36,364,228,8,6,23
37,417,251,9,7,23
38,470,228,10,6,23
39,454,251,8,7,23
40,207,258,9,6,23
41,260,281,10,7,23
42,244,258,8,6,23
43,297,281,9,7,23
44,350,258,10,6,23
45,334,281,8,7,23
47,440,281,10,7,23
48,424,258,8,6,23
49,477,281,9,7,23
50,230,288,10,6,23
51,214,311,8,7,23
52,267,288,9,6,23
53,320,311,10,7,23
54,304,288,8,6,23
55,357,311,9,7,23
56,410,288,10,6,23
57,394,311,8,7,23
58,447,288,9,6,23
59,500,311,10,7,23
60,184,318,8,6,23
61,237,341,9,7,23
62,290,318,10,6,23
63,274,341,8,7,23
64,327,318,9,6,23
65,380,341,10,7,23
66,364,318,8,6,23
67,417,341,9,7,23
68,470,318,10,6,23
69,454,341,8,7,23
70,207,348,9,6,23
71,260,371,10,7,23
72,244,348,8,6,23
73,297,371,9,7,23
74,350,348,10,6,23
75,334,371,8,7,23
76,387,348,9,6,23
77,440,371,10,7,23
78,424,348,8,6,23
79,477,371,9,7,23
80,230,378,10,6,23
81,214,401,8,7,23
82,267,378,9,6,23
83,320,401,10,7,23
84,304,378,8,6,23
85,357,401,9,7,23
86,410,378,10,6,23
87,394,401,8,7,23
88,447,378,9,6,23
89,500,401,10,7,23
90,184,408,8,6,23
91,237,431,9,7,23
92,290,408,10,6,23
93,274,431,8,7,23
94,327,408,9,6,23
95,380,431,10,7,23
96,364,408,8,6,23
98,470,408,10,6,23
99,454,431,8,7,23
100,207,438,9,6,23
102,244,438,8,6,23
103,297,461,9,7,23
104,350,438,10,6,23
105,334,461,8,7,23
106,387,438,9,6,23
107,440,461,10,7,23
108,424,438,8,6,23
109,477,461,9,7,23
110,230,468,10,6,23
111,214,491,8,7,23
112,267,468,9,6,23
113,320,491,10,7,23
114,304,468,8,6,23
115,357,491,9,7,23
116,410,468,10,6,23
117,394,491,8,7,23
118,447,468,9,6,23
119,500,491,10,7,23
120,184,498,8,6,23
121,237,521,9,7,23
122,290,498,10,6,23
123,274,521,8,7,23
124,327,498,9,6,23
125,380,521,10,7,23
126,364,498,8,6,23
127,417,521,9,7,23
128,470,498,10,6,23
129,454,521,8,7,23
131,260,551,10,7,23
13,297.9,191.7,9,7,23.1
46,387.9,258.6,9,6,23.1
97,417.9,431.7,9,7,23.1
101,261,461.7,10,7,23.1
130,207.9,528.6,9,6,23.1
1,237.9,161.7,9,7,23.1
3,274.8,161.7,8,7,23.1
5,381,161.7,10,7,23.1
7,417.9,161.7,9,7,23.1
8,471,138.6,10,6,23.1
9,454.8,161.7,8,7,23.1
10,207.9,168.6,9,6,23.1
11,261,191.7,10,7,23.1
12,244.8,168.6,8,6,23.1
14,351,168.6,10,6,23.1
15,334.8,191.7,8,7,23.1
16,387.9,168.6,9,6,23.1
17,441,191.7,10,7,23.1
18,424.8,168.6,8,6,23.1
19,477.9,191.7,9,7,23.1
20,231,198.6,10,6,23.1
21,214.8,221.7,8,7,23.1
22,267.9,198.6,9,6,23.1
23,321,221.7,10,7,23.1
24,304.8,198.6,8,6,23.1
26,411,198.6,10,6,23.1
27,394.8,221.7,8,7,23.1
28,447.9,198.6,9,6,23.1
29,501,221.7,10,7,23.1
30,184.8,228.6,8,6,23.1
31,237.9,251.7,9,7,23.1
32,291,228.6,10,6,23.1
33,274.8,251.7,8,7,23.1
34,327.9,228.6,9,6,23.1
35,381,251.7,10,7,23.1
36,364.8,228.6,8,6,23.1
37,417.9,251.7,9,7,23.1
38,471,228.6,10,6,23.1
39,454.8,251.7,8,7,23.1
40,207.9,258.6,9,6,23.1
41,261,281.7,10,7,23.1
42,244.8,258.6,8,6,23.1
43,297.9,281.7,9,7,23.1
44,351,258.6,10,6,23.1
45,334.8,281.7,8,7,23.1
47,441,281.7,10,7,23.1
48,424.8,258.6,8,6,23.1
49,477.9,281.7,9,7,23.1
50,231,288.6,10,6,23.1
51,214.8,311.7,8,7,23.1
52,267.9,288.6,9,6,23.1
53,321,311.7,10,7,23.1
54,304.8,288.6,8,6,23.1
55,357.9,311.7,9,7,23.1
56,411,288.6,10,6,23.1
57,394.8,311.7,8,7,23.1
58,447.9,288.6,9,6,23.1
59,501,311.7,10,7,23.1
60,184.8,318.6,8,6,23.1
61,237.9,341.7,9,7,23.1
62,291,318.6,10,6,23.1
63,274.8,341.7,8,7,23.1
64,327.9,318.6,9,6,23.1
65,381,341.7,10,7,23.1
66,364.8,318.6,8,6,23.1
67,417.9,341.7,9,7,23.1
68,471,318.6,10,6,23.1
69,454.8,341.7,8,7,23.1
70,207.9,348.6,9,6,23.1
71,261,371.7,10,7,23.1
72,244.8,348.6,8,6,23.1
73,297.9,371.7,9,7,23.1
74,351,348.6,10,6,23.1
75,334.8,371.7,8,7,23.1
76,387.9,348.6,9,6,23.1
77,441,371.7,10,7,23.1
78,424.8,348.6,8,6,23.1
79,477.9,371.7,9,7,23.1
80,231,378.6,10,6,23.1
81,214.8,401.7,8,7,23.1
82,267.9,378.6,9,6,23.1
83,321,401.7,10,7,23.1
84,304.8,378.6,8,6,23.1
85,357.9,401.7,9,7,23.1
86,411,378.6,10,6,23.1
87,394.8,401.7,8,7,23.1
88,447.9,378.6,9,6,23.1
89,501,401.7,10,7,23.1
90,184.8,408.6,8,6,23.1
91,237.9,431.7,9,7,23.1
92,291,408.6,10,6,23.1
93,274.8,431.7,8,7,23.1
94,327.9,408.6,9,6,23.1
95,381,431.7,10,7,23.1
96,364.8,408.6,8,6,23.1
98,471,408.6,10,6,23.1
99,454.8,431.7,8,7,23.1
100,207.9,438.6,9,6,23.1
102,244.8,438.6,8,6,23.1
103,297.9,461.7,9,7,23.1
104,351,438.6,10,6,23.1
105,334.8,461.7,8,7,23.1
106,387.9,438.6,9,6,23.1
107,441,461.7,10,7,23.1
108,424.8,438.6,8,6,23.1
109,477.9,461.7,9,7,23.1
110,231,468.6,10,6,23.1
111,214.8,491.7,8,7,23.1
112,267.9,468.6,9,6,23.1
113,321,491.7,10,7,23.1
114,304.8,468.6,8,6,23.1
115,357.9,491.7,9,7,23.1
116,411,468.6,10,6,23.1
117,394.8,491.7,8,7,23.1
118,447.9,468.6,9,6,23.1
119,501,491.7,10,7,23.1
120,184.8,498.6,8,6,23.1
121,237.9,521.7,9,7,23.1
122,291,498.6,10,6,23.1
123,274.8,521.7,8,7,23.1
124,327.9,498.6,9,6,23.1
125,381,521.7,10,7,23.1
126,364.8,498.6,8,6,23.1
127,417.9,521.7,9,7,23.1
128,471,498.6,10,6,23.1
129,454.8,521.7,8,7,23.1
131,261,551.7,10,7,23.1
13,298.8,192.4,9,7,23.2
46,388.8,259.2,9,6,23.2
97,418.8,432.4,9,7,23.2
101,262,462.4,10,7,23.2
130,208.8,529.2,9,6,23.2
1,238.8,162.4,9,7,23.2
3,275.6,162.4,8,7,23.2
5,382,162.4,10,7,23.2
7,418.8,162.4,9,7,23.2
8,472,139.2,10,6,23.2
9,455.6,162.4,8,7,23.2
10,208.8,169.2,9,6,23.2
11,262,192.4,10,7,23.2
12,245.6,169.2,8,6,23.2
14,352,169.2,10,6,23.2
15,335.6,192.4,8,7,23.2
16,388.8,169.2,9,6,23.2
17,442,192.4,10,7,23.2
18,425.6,169.2,8,6,23.2
19,478.8,192.4,9,7,23.2
20,232,199.2,10,6,23.2
21,215.6,222.4,8,7,23.2
22,268.8,199.2,9,6,23.2
23,322,222.4,10,7,23.2
24,305.6,199.2,8,6,23.2
26,412,199.2,10,6,23.2
27,395.6,222.4,8,7,23.2
28,448.8,199.2,9,6,23.2
29,502,222.4,10,7,23.2
30,185.6,229.2,8,6,23.2
31,238.8,252.4,9,7,23.2
32,292,229.2,10,6,23.2
33,275.6,252.4,8,7,23.2
34,328.8,229.2,9,6,23.2
35,382,252.4,10,7,23.2
36,365.6,229.2,8,6,23.2
37,418.8,252.4,9,7,23.2
38,472,229.2,10,6,23.2
39,455.6,252.4,8,7,23.2
40,208.8,259.2,9,6,23.2
41,262,282.4,10,7,23.2
42,245.6,259.2,8,6,23.2
43,298.8,282.4,9,7,23.2
44,352,259.2,10,6,23.2
45,335.6,282.4,8,7,23.2
47,442,282.4,10,7,23.2
48,425.6,259.2,8,6,23.2
49,478.8,282.4,9,7,23.2
50,232,289.2,10,6,23.2
51,215.6,312.4,8,7,23.2
52,268.8,289.2,9,6,23.2
53,322,312.4,10,7,23.2
54,305.6,289.2,8,6,23.2
55,358.8,312.4,9,7,23.2
56,412,289.2,10,6,23.2
57,395.6,312.4,8,7,23.2
58,448.8,289.2,9,6,23.2
59,502,312.4,10,7,23.2
60,185.6,319.2,8,6,23.2
61,238.8,342.4,9,7,23.2
62,292,319.2,10,6,23.2
63,275.6,342.4,8,7,23.2
64,328.8,319.2,9,6,23.2
65,382,342.4,10,7,23.2
66,365.6,319.2,8,6,23.2
67,418.8,342.4,9,7,23.2
68,472,319.2,10,6,23.2
69,455.6,342.4,8,7,23.2
70,208.8,349.2,9,6,23.2
71,262,372.4,10,7,23.2
72,245.6,349.2,8,6,23.2
73,298.8,372.4,9,7,23.2
74,352,349.2,10,6,23.2
75,335.6,372.4,8,7,23.2
76,388.8,349.2,9,6,23.2
77,442,372.4,10,7,23.2
78,425.6,349.2,8,6,23.2
79,478.8,372.4,9,7,23.2
80,232,379.2,10,6,23.2
81,215.6,402.4,8,7,23.2
82,268.8,379.2,9,6,23.2
83,322,402.4,10,7,23.2
84,305.6,379.2,8,6,23.2
85,358.8,402.4,9,7,23.2
86,412,379.2,10,6,23.2
87,395.6,402.4,8,7,23.2
88,448.8,379.2,9,6,23.2
89,502,402.4,10,7,23.2
90,185.6,409.2,8,6,23.2
91,238.8,432.4,9,7,23.2
92,292,409.2,10,6,23.2
93,275.6,432.4,8,7,23.2
94,328.8,409.2,9,6,23.2
95,382,432.4,10,7,23.2
96,365.6,409.2,8,6,23.2
98,472,409.2,10,6,23.2
99,455.6,432.4,8,7,23.2
100,208.8,439.2,9,6,23.2
102,245.6,439.2,8,6,23.2
103,298.8,462.4,9,7,23.2
104,352,439.2,10,6,23.2
105,335.6,462.4,8,7,23.2
106,388.8,439.2,9,6,23.2
107,442,462.4,10,7,23.2
108,425.6,439.2,8,6,23.2
109,478.8,462.4,9,7,23.2
110,232,469.2,10,6,23.2
111,215.6,492.4,8,7,23.2
112,268.8,469.2,9,6,23.2
113,322,492.4,10,7,23.2
114,305.6,469.2,8,6,23.2
115,358.8,492.4,9,7,23.2
116,412,469.2,10,6,23.2
117,395.6,492.4,8,7,23.2
118,448.8,469.2,9,6,23.2
119,502,492.4,10,7,23.2
120,185.6,499.2,8,6,23.2
121,238.8,522.4,9,7,23.2
122,292,499.2,10,6,23.2
123,275.6,522.4,8,7,23.2
124,328.8,499.2,9,6,23.2
125,382,522.4,10,7,23.2
126,365.6,499.2,8,6,23.2
127,418.8,522.4,9,7,23.2
128,472,499.2,10,6,23.2
129,455.6,522.4,8,7,23.2
131,262,552.4,10,7,23.2
13,299.7,193.1,9,7,23.3
46,389.7,259.8,9,6,23.3
97,419.7,433.1,9,7,23.3
101,263,463.1,10,7,23.3
130,209.7,529.8,9,6,23.3
1,239.7,163.1,9,7,23.3
3,276.4,163.1,8,7,23.3
5,383,163.1,10,7,23.3
7,419.7,163.1,9,7,23.3
8,473,139.8,10,6,23.3
9,456.4,163.1,8,7,23.3
10,209.7,169.8,9,6,23.3
11,263,193.1,10,7,23.3
12,246.4,169.8,8,6,23.3
14,353,169.8,10,6,23.3
15,336.4,193.1,8,7,23.3
16,389.7,169.8,9,6,23.3
17,443,193.1,10,7,23.3
18,426.4,169.8,8,6,23.3
19,479.7,193.1,9,7,23.3
20,233,199.8,10,6,23.3
21,216.4,223.1,8,7,23.3
22,269.7,199.8,9,6,23.3
23,323,223.1,10,7,23.3
24,306.4,199.8,8,6,23.3
26,413,199.8,10,6,23.3
27,396.4,223.1,8,7,23.3
28,449.7,199.8,9,6,23.3
29,503,223.1,10,7,23.3
30,186.4,229.8,8,6,23.3
31,239.7,253.1,9,7,23.3
32,293,229.8,10,6,23.3
33,276.4,253.1,8,7,23.3
34,329.7,229.8,9,6,23.3
35,383,253.1,10,7,23.3
36,366.4,229.8,8,6,23.3
37,419.7,253.1,9,7,23.3
38,473,229.8,10,6,23.3
39,456.4,253.1,8,7,23.3
40,209.7,259.8,9,6,23.3
41,263,283.1,10,7,23.3
42,246.4,259.8,8,6,23.3
43,299.7,283.1,9,7,23.3
44,353,259.8,10,6,23.3
45,336.4,283.1,8,7,23.3
47,443,283.1,10,7,23.3
48,426.4,259.8,8,6,23.3
49,479.7,283.1,9,7,23.3
50,233,289.8,10,6,23.3
51,216.4,313.1,8,7,23.3
52,269.7,289.8,9,6,23.3
53,323,313.1,10,7,23.3
54,306.4,289.8,8,6,23.3
55,359.7,313.1,9,7,23.3
56,413,289.8,10,6,23.3
57,396.4,313.1,8,7,23.3
58,449.7,289.8,9,6,23.3
59,503,313.1,10,7,23.3
60,186.4,319.8,8,6,23.3
61,239.7,343.1,9,7,23.3
62,293,319.8,10,6,23.3
63,276.4,343.1,8,7,23.3
64,329.7,319.8,9,6,23.3
65,383,343.1,10,7,23.3
66,366.4,319.8,8,6,23.3
67,419.7,343.1,9,7,23.3
68,473,319.8,10,6,23.3
69,456.4,343.1,8,7,23.3
70,209.7,349.8,9,6,23.3
71,263,373.1,10,7,23.3
72,246.4,349.8,8,6,23.3
73,299.7,373.1,9,7,23.3
74,353,349.8,10,6,23.3
75,336.4,373.1,8,7,23.3
76,389.7,349.8,9,6,23.3
77,443,373.1,10,7,23.3
78,426.4,349.8,8,6,23.3
79,479.7,373.1,9,7,23.3
80,233,379.8,10,6,23.3
81,216.4,403.1,8,7,23.3
82,269.7,379.8,9,6,23.3
83,323,403.1,10,7,23.3
84,306.4,379.8,8,6,23.3
85,359.7,403.1,9,7,23.3
86,413,379.8,10,6,23.3
87,396.4,403.1,8,7,23.3
88,449.7,379.8,9,6,23.3
89,503,403.1,10,7,23.3
90,186.4,409.8,8,6,23.3
91,239.7,433.1,9,7,23.3
92,293,409.8,10,6,23.3
93,276.4,433.1,8,7,23.3
94,329.7,409.8,9,6,23.3
95,383,433.1,10,7,23.3
96,366.4,409.8,8,6,23.3
98,473,409.8,10,6,23.3
99,456.4,433.1,8,7,23.3
100,209.7,439.8,9,6,23.3
102,246.4,439.8,8,6,23.3
103,299.7,463.1,9,7,23.3
104,353,439.8,10,6,23.3
105,336.4,463.1,8,7,23.3
106,389.7,439.8,9,6,23.3
107,443,463.1,10,7,23.3
108,426.4,439.8,8,6,23.3
109,479.7,463.1,9,7,23.3
110,233,469.8,10,6,23.3
111,216.4,493.1,8,7,23.3
112,269.7,469.8,9,6,23.3
113,323,493.1,10,7,23.3
114,306.4,469.8,8,6,23.3
115,359.7,493.1,9,7,23.3
116,413,469.8,10,6,23.3
117,396.4,493.1,8,7,23.3
118,449.7,469.8,9,6,23.3
119,503,493.1,10,7,23.3
120,186.4,499.8,8,6,23.3
121,239.7,523.1,9,7,23.3
122,293,499.8,10,6,23.3
123,276.4,523.1,8,7,23.3
124,329.7,499.8,9,6,23.3
125,383,523.1,10,7,23.3
126,366.4,499.8,8,6,23.3
127,419.7,523.1,9,7,23.3
128,473,499.8,10,6,23.3
129,456.4,523.1,8,7,23.3
131,263,553.1,10,7,23.3
13,300.6,193.8,9,7,23.4
46,390.6,260.4,9,6,23.4
97,420.6,433.8,9,7,23.4
101,264,463.8,10,7,23.4
130,210.6,530.4,9,6,23.4
1,240.6,163.8,9,7,23.4
3,277.2,163.8,8,7,23.4
5,384,163.8,10,7,23.4
7,420.6,163.8,9,7,23.4
8,474,140.4,10,6,23.4
9,457.2,163.8,8,7,23.4
10,210.6,170.4,9,6,23.4
11,264,193.8,10,7,23.4
12,247.2,170.4,8,6,23.4
14,354,170.4,10,6,23.4
15,337.2,193.8,8,7,23.4
16,390.6,170.4,9,6,23.4
17,444,193.8,10,7,23.4
18,427.2,170.4,8,6,23.4
19,480.6,193.8,9,7,23.4
20,234,200.4,10,6,23.4
21,217.2,223.8,8,7,23.4
22,270.6,200.4,9,6,23.4
23,324,223.8,10,7,23.4
24,307.2,200.4,8,6,23.4
26,414,200.4,10,6,23.4
27,397.2,223.8,8,7,23.4
28,450.6,200.4,9,6,23.4
29,504,223.8,10,7,23.4
30,187.2,230.4,8,6,23.4
31,240.6,253.8,9,7,23.4
32,294,230.4,10,6,23.4
33,277.2,253.8,8,7,23.4
34,330.6,230.4,9,6,23.4
35,384,253.8,10,7,23.4
36,367.2,230.4,8,6,23.4
37,420.6,253.8,9,7,23.4
38,474,230.4,10,6,23.4
39,457.2,253.8,8,7,23.4
40,210.6,260.4,9,6,23.4
41,264,283.8,10,7,23.4
42,247.2,260.4,8,6,23.4
43,300.6,283.8,9,7,23.4
44,354,260.4,10,6,23.4
45,337.2,283.8,8,7,23.4
47,444,283.8,10,7,23.4
48,427.2,260.4,8,6,23.4
49,480.6,283.8,9,7,23.4
50,234,290.4,10,6,23.4
51,217.2,313.8,8,7,23.4
52,270.6,290.4,9,6,23.4
53,324,313.8,10,7,23.4
54,307.2,290.4,8,6,23.4
55,360.6,313.8,9,7,23.4
56,414,290.4,10,6,23.4
57,397.2,313.8,8,7,23.4
58,450.6,290.4,9,6,23.4
59,504,313.8,10,7,23.4
60,187.2,320.4,8,6,23.4
61,240.6,343.8,9,7,23.4
62,294,320.4,10,6,23.4
63,277.2,343.8,8,7,23.4
64,330.6,320.4,9,6,23.4
65,384,343.8,10,7,23.4
66,367.2,320.4,8,6,23.4
67,420.6,343.8,9,7,23.4
68,474,320.4,10,6,23.4
69,457.2,343.8,8,7,23.4
70,210.6,350.4,9,6,23.4
71,264,373.8,10,7,23.4
72,247.2,350.4,8,6,23.4
73,300.6,373.8,9,7,23.4
74,354,350.4,10,6,23.4
75,337.2,373.8,8,7,23.4
76,390.6,350.4,9,6,23.4
77,444,373.8,10,7,23.4
78,427.2,350.4,8,6,23.4
79,480.6,373.8,9,7,23.4
80,234,380.4,10,6,23.4
81,217.2,403.8,8,7,23.4
82,270.6,380.4,9,6,23.4
83,324,403.8,10,7,23.4
84,307.2,380.4,8,6,23.4
85,360.6,403.8,9,7,23.4
86,414,380.4,10,6,23.4
87,397.2,403.8,8,7,23.4
88,450.6,380.4,9,6,23.4
89,504,403.8,10,7,23.4
90,187.2,410.4,8,6,23.4
91,240.6,433.8,9,7,23.4
92,294,410.4,10,6,23.4
93,277.2,433.8,8,7,23.4
94,330.6,410.4,9,6,23.4
95,384,433.8,10,7,23.4
96,367.2,410.4,8,6,23.4
98,474,410.4,10,6,23.4
99,457.2,433.8,8,7,23.4
100,210.6,440.4,9,6,23.4
102,247.2,440.4,8,6,23.4
103,300.6,463.8,9,7,23.4
104,354,440.4,10,6,23.4
105,337.2,463.8,8,7,23.4
106,390.6,440.4,9,6,23.4
107,444,463.8,10,7,23.4
108,427.2,440.4,8,6,23.4
109,480.6,463.8,9,7,23.4
110,234,470.4,10,6,23.4
111,217.2,493.8,8,7,23.4
112,270.6,470.4,9,6,23.4
113,324,493.8,10,7,23.4
114,307.2,470.4,8,6,23.4
115,360.6,493.8,9,7,23.4
116,414,470.4,10,6,23.4
117,397.2,493.8,8,7,23.4
118,450.6,470.4,9,6,23.4
119,504,493.8,10,7,23.4
120,187.2,500.4,8,6,23.4
121,240.6,523.8,9,7,23.4
122,294,500.4,10,6,23.4
123,277.2,523.8,8,7,23.4
124,330.6,500.4,9,6,23.4
125,384,523.8,10,7,23.4
126,367.2,500.4,8,6,23.4
127,420.6,523.8,9,7,23.4
128,474,500.4,10,6,23.4
129,457.2,523.8,8,7,23.4
131,264,553.8,10,7,23.4
13,301.5,194.5,9,7,23.5
46,391.5,261,9,6,23.5
97,421.5,434.5,9,7,23.5
101,265,464.5,10,7,23.5
130,211.5,531,9,6,23.5
1,241.5,164.5,9,7,23.5
3,278,164.5,8,7,23.5
5,385,164.5,10,7,23.5
7,421.5,164.5,9,7,23.5
8,475,141,10,6,23.5
9,458,164.5,8,7,23.5
10,211.5,171,9,6,23.5
11,265,194.5,10,7,23.5
12,248,171,8,6,23.5
14,355,171,10,6,23.5
15,338,194.5,8,7,23.5
16,391.5,171,9,6,23.5
17,445,194.5,10,7,23.5
18,428,171,8,6,23.5
19,481.5,194.5,9,7,23.5
20,235,201,10,6,23.5
21,218,224.5,8,7,23.5
22,271.5,201,9,6,23.5
23,325,224.5,10,7,23.5
24,308,201,8,6,23.5
26,415,201,10,6,23.5
27,398,224.5,8,7,23.5
28,451.5,201,9,6,23.5
29,505,224.5,10,7,23.5
30,188,231,8,6,23.5
31,241.5,254.5,9,7,23.5
32,295,231,10,6,23.5
33,278,254.5,8,7,23.5
34,331.5,231,9,6,23.5
35,385,254.5,10,7,23.5
36,368,231,8,6,23.5
37,421.5,254.5,9,7,23.5
38,475,231,10,6,23.5
39,458,254.5,8,7,23.5
40,211.5,261,9,6,23.5
41,265,284.5,10,7,23.5
42,248,261,8,6,23.5
43,301.5,284.5,9,7,23.5
44,355,261,10,6,23.5
45,338,284.5,8,7,23.5
47,445,284.5,10,7,23.5
48,428,261,8,6,23.5
49,481.5,284.5,9,7,23.5
50,235,291,10,6,23.5
51,218,314.5,8,7,23.5
52,271.5,291,9,6,23.5
53,325,314.5,10,7,23.5
54,308,291,8,6,23.5
55,361.5,314.5,9,7,23.5
56,415,291,10,6,23.5
57,398,314.5,8,7,23.5
58,451.5,291,9,6,23.5
59,505,314.5,10,7,23.5
60,188,321,8,6,23.5
61,241.5,344.5,9,7,23.5
62,295,321,10,6,23.5
63,278,344.5,8,7,23.5
64,331.5,321,9,6,23.5
65,385,344.5,10,7,23.5
66,368,321,8,6,23.5
67,421.5,344.5,9,7,23.5
68,475,321,10,6,23.5
69,458,344.5,8,7,23.5
70,211.5,351,9,6,23.5
71,265,374.5,10,7,23.5
72,248,351,8,6,23.5
73,301.5,374.5,9,7,23.5
74,355,351,10,6,23.5
75,338,374.5,8,7,23.5
76,391.5,351,9,6,23.5
77,445,374.5,10,7,23.5
78,428,351,8,6,23.5
79,481.5,374.5,9,7,23.5
80,235,381,10,6,23.5
81,218,404.5,8,7,23.5
82,271.5,381,9,6,23.5
83,325,404.5,10,7,23.5
84,308,381,8,6,23.5
85,361.5,404.5,9,7,23.5
86,415,381,10,6,23.5
87,398,404.5,8,7,23.5
88,451.5,381,9,6,23.5
89,505,404.5,10,7,23.5
90,188,411,8,6,23.5
91,241.5,434.5,9,7,23.5
92,295,411,10,6,23.5
93,278,434.5,8,7,23.5
94,331.5,411,9,6,23.5
95,385,434.5,10,7,23.5
96,368,411,8,6,23.5
98,475,411,10,6,23.5
99,458,434.5,8,7,23.5
100,211.5,441,9,6,23.5
102,248,441,8,6,23.5
103,301.5,464.5,9,7,23.5
104,355,441,10,6,23.5
105,338,464.5,8,7,23.5
106,391.5,441,9,6,23.5
107,445,464.5,10,7,23.5
108,428,441,8,6,23.5
109,481.5,464.5,9,7,23.5
110,235,471,10,6,23.5
111,218,494.5,8,7,23.5
112,271.5,471,9,6,23.5
113,325,494.5,10,7,23.5
114,308,471,8,6,23.5
115,361.5,494.5,9,7,23.5
116,415,471,10,6,23.5
117,398,494.5,8,7,23.5
118,451.5,471,9,6,23.5
119,505,494.5,10,7,23.5
120,188,501,8,6,23.5
121,241.5,524.5,9,7,23.5
122,295,501,10,6,23.5
123,278,524.5,8,7,23.5
124,331.5,501,9,6,23.5
125,385,524.5,10,7,23.5
126,368,501,8,6,23.5
127,421.5,524.5,9,7,23.5
128,475,501,10,6,23.5
129,458,524.5,8,7,23.5
131,265,554.5,10,7,23.5
13,302.4,195.2,9,7,23.6
46,392.4,261.6,9,6,23.6
97,422.4,435.2,9,7,23.6
101,266,465.2,10,7,23.6
130,212.4,531.6,9,6,23.6
1,242.4,165.2,9,7,23.6
3,278.8,165.2,8,7,23.6
5,386,165.2,10,7,23.6
7,422.4,165.2,9,7,23.6
8,476,141.6,10,6,23.6
9,458.8,165.2,8,7,23.6
10,212.4,171.6,9,6,23.6
11,266,195.2,10,7,23.6
12,248.8,171.6,8,6,23.6
14,356,171.6,10,6,23.6
15,338.8,195.2,8,7,23.6
16,392.4,171.6,9,6,23.6
17,446,195.2,10,7,23.6
18,428.8,171.6,8,6,23.6
19,482.4,195.2,9,7,23.6
20,236,201.6,10,6,23.6
21,218.8,225.2,8,7,23.6
22,272.4,201.6,9,6,23.6
23,326,225.2,10,7,23.6
24,308.8,201.6,8,6,23.6
26,416,201.6,10,6,23.6
27,398.8,225.2,8,7,23.6
28,452.4,201.6,9,6,23.6
29,506,225.2,10,7,23.6
30,188.8,231.6,8,6,23.6
31,242.4,255.2,9,7,23.6
32,296,231.6,10,6,23.6
33,278.8,255.2,8,7,23.6
34,332.4,231.6,9,6,23.6
35,386,255.2,10,7,23.6
36,368.8,231.6,8,6,23.6
37,422.4,255.2,9,7,23.6
38,476,231.6,10,6,23.6
39,458.8,255.2,8,7,23.6
40,212.4,261.6,9,6,23.6
41,266,285.2,10,7,23.6
42,248.8,261.6,8,6,23.6
43,302.4,285.2,9,7,23.6
44,356,261.6,10,6,23.6
45,338.8,285.2,8,7,23.6
47,446,285.2,10,7,23.6
48,428.8,261.6,8,6,23.6
49,482.4,285.2,9,7,23.6
50,236,291.6,10,6,23.6
51,218.8,315.2,8,7,23.6
52,272.4,291.6,9,6,23.6
53,326,315.2,10,7,23.6
54,308.8,291.6,8,6,23.6
55,362.4,315.2,9,7,23.6
56,416,291.6,10,6,23.6
57,398.8,315.2,8,7,23.6
58,452.4,291.6,9,6,23.6
59,506,315.2,10,7,23.6
60,188.8,321.6,8,6,23.6
61,242.4,345.2,9,7,23.6
62,296,321.6,10,6,23.6
63,278.8,345.2,8,7,23.6
64,332.4,321.6,9,6,23.6
65,386,345.2,10,7,23.6
66,368.8,321.6,8,6,23.6
67,422.4,345.2,9,7,23.6
68,476,321.6,10,6,23.6
69,458.8,345.2,8,7,23.6
70,212.4,351.6,9,6,23.6
71,266,375.2,10,7,23.6
72,248.8,351.6,8,6,23.6
73,302.4,375.2,9,7,23.6
74,356,351.6,10,6,23.6
75,338.8,375.2,8,7,23.6
76,392.4,351.6,9,6,23.6
77,446,375.2,10,7,23.6
78,428.8,351.6,8,6,23.6
79,482.4,375.2,9,7,23.6
80,236,381.6,10,6,23.6
81,218.8,405.2,8,7,23.6
82,272.4,381.6,9,6,23.6
83,326,405.2,10,7,23.6
84,308.8,381.6,8,6,23.6
85,362.4,405.2,9,7,23.6
86,416,381.6,10,6,23.6
87,398.8,405.2,8,7,23.6
88,452.4,381.6,9,6,23.6
89,506,405.2,10,7,23.6
90,188.8,411.6,8,6,23.6
91,242.4,435.2,9,7,23.6
92,296,411.6,10,6,23.6
93,278.8,435.2,8,7,23.6
94,332.4,411.6,9,6,23.6
95,386,435.2,10,7,23.6
96,368.8,411.6,8,6,23.6
98,476,411.6,10,6,23.6
99,458.8,435.2,8,7,23.6
100,212.4,441.6,9,6,23.6
102,248.8,441.6,8,6,23.6
103,302.4,465.2,9,7,23.6
104,356,441.6,10,6,23.6
105,338.8,465.2,8,7,23.6
106,392.4,441.6,9,6,23.6
107,446,465.2,10,7,23.6
108,428.8,441.6,8,6,23.6
109,482.4,465.2,9,7,23.6
110,236,471.6,10,6,23.6
111,218.8,495.2,8,7,23.6
112,272.4,471.6,9,6,23.6
113,326,495.2,10,7,23.6
114,308.8,471.6,8,6,23.6
115,362.4,495.2,9,7,23.6
116,416,471.6,10,6,23.6
117,398.8,495.2,8,7,23.6
118,452.4,471.6,9,6,23.6
119,506,495.2,10,7,23.6
120,188.8,501.6,8,6,23.6
121,242.4,525.2,9,7,23.6
122,296,501.6,10,6,23.6
123,278.8,525.2,8,7,23.6
124,332.4,501.6,9,6,23.6
125,386,525.2,10,7,23.6
126,368.8,501.6,8,6,23.6
127,422.4,525.2,9,7,23.6
128,476,501.6,10,6,23.6
129,458.8,525.2,8,7,23.6
131,266,555.2,10,7,23.6
13,303.3,195.9,9,7,23.7
46,393.3,262.2,9,6,23.7
97,423.3,435.9,9,7,23.7
101,267,465.9,10,7,23.7
130,213.3,532.2,9,6,23.7
1,243.3,165.9,9,7,23.7
3,279.6,165.9,8,7,23.7
5,387,165.9,10,7,23.7
7,423.3,165.9,9,7,23.7
8,477,142.2,10,6,23.7
9,459.6,165.9,8,7,23.7
10,213.3,172.2,9,6,23.7
11,267,195.9,10,7,23.7
12,249.6,172.2,8,6,23.7
14,357,172.2,10,6,23.7
15,339.6,195.9,8,7,23.7
16,393.3,172.2,9,6,23.7
17,447,195.9,10,7,23.7
18,429.6,172.2,8,6,23.7
19,483.3,195.9,9,7,23.7
20,237,202.2,10,6,23.7
21,219.6,225.9,8,7,23.7
22,273.3,202.2,9,6,23.7
23,327,225.9,10,7,23.7
24,309.6,202.2,8,6,23.7
26,417,202.2,10,6,23.7
27,399.6,225.9,8,7,23.7
28,453.3,202.2,9,6,23.7
29,507,225.9,10,7,23.7
30,189.6,232.2,8,6,23.7
31,243.3,255.9,9,7,23.7
32,297,232.2,10,6,23.7
33,279.6,255.9,8,7,23.7
34,333.3,232.2,9,6,23.7
35,387,255.9,10,7,23.7
36,369.6,232.2,8,6,23.7
37,423.3,255.9,9,7,23.7
38,477,232.2,10,6,23.7
39,459.6,255.9,8,7,23.7
40,213.3,262.2,9,6,23.7
41,267,285.9,10,7,23.7
42,249.6,262.2,8,6,23.7
43,303.3,285.9,9,7,23.7
44,357,262.2,10,6,23.7
45,339.6,285.9,8,7,23.7
47,447,285.9,10,7,23.7
48,429.6,262.2,8,6,23.7
49,483.3,285.9,9,7,23.7
50,237,292.2,10,6,23.7
51,219.6,315.9,8,7,23.7
52,273.3,292.2,9,6,23.7
53,327,315.9,10,7,23.7
54,309.6,292.2,8,6,23.7
55,363.3,315.9,9,7,23.7
56,417,292.2,10,6,23.7
57,399.6,315.9,8,7,23.7
58,453.3,292.2,9,6,23.7
59,507,315.9,10,7,23.7
60,189.6,322.2,8,6,23.7
61,243.3,345.9,9,7,23.7
62,297,322.2,10,6,23.7
63,279.6,345.9,8,7,23.7
64,333.3,322.2,9,6,23.7
65,387,345.9,10,7,23.7
66,369.6,322.2,8,6,23.7
67,423.3,345.9,9,7,23.7
68,477,322.2,10,6,23.7
69,459.6,345.9,8,7,23.7
70,213.3,352.2,9,6,23.7
71,267,375.9,10,7,23.7
72,249.6,352.2,8,6,23.7
73,303.3,375.9,9,7,23.7
74,357,352.2,10,6,23.7
75,339.6,375.9,8,7,23.7
76,393.3,352.2,9,6,23.7
77,447,375.9,10,7,23.7
78,429.6,352.2,8,6,23.7
79,483.3,375.9,9,7,23.7
80,237,382.2,10,6,23.7
81,219.6,405.9,8,7,23.7
82,273.3,382.2,9,6,23.7
83,327,405.9,10,7,23.7
84,309.6,382.2,8,6,23.7
85,363.3,405.9,9,7,23.7
86,417,382.2,10,6,23.7
87,399.6,405.9,8,7,23.7
88,453.3,382.2,9,6,23.7
89,507,405.9,10,7,23.7
90,189.6,412.2,8,6,23.7
91,243.3,435.9,9,7,23.7
92,297,412.2,10,6,23.7
93,279.6,435.9,8,7,23.7
94,333.3,412.2,9,6,23.7
95,387,435.9,10,7,23.7
96,369.6,412.2,8,6,23.7
98,477,412.2,10,6,23.7
99,459.6,435.9,8,7,23.7
100,213.3,442.2,9,6,23.7
102,249.6,442.2,8,6,23.7
103,303.3,465.9,9,7,23.7
104,357,442.2,10,6,23.7
105,339.6,465.9,8,7,23.7
106,393.3,442.2,9,6,23.7
107,447,465.9,10,7,23.7
108,429.6,442.2,8,6,23.7
109,483.3,465.9,9,7,23.7
110,237,472.2,10,6,23.7
111,219.6,495.9,8,7,23.7
112,273.3,472.2,9,6,23.7
113,327,495.9,10,7,23.7
114,309.6,472.2,8,6,23.7
115,363.3,495.9,9,7,23.7
116,417,472.2,10,6,23.7
117,399.6,495.9,8,7,23.7
118,453.3,472.2,9,6,23.7
119,507,495.9,10,7,23.7
120,189.6,502.2,8,6,23.7
121,243.3,525.9,9,7,23.7
122,297,502.2,10,6,23.7
123,279.6,525.9,8,7,23.7
124,333.3,502.2,9,6,23.7
125,387,525.9,10,7,23.7
126,369.6,502.2,8,6,23.7
127,423.3,525.9,9,7,23.7
128,477,502.2,10,6,23.7
129,459.6,525.9,8,7,23.7
131,267,555.9,10,7,23.7
13,304.2,196.6,9,7,23.8
46,394.2,262.8,9,6,23.8
97,424.2,436.6,9,7,23.8
101,268,466.6,10,7,23.8
130,214.2,532.8,9,6,23.8
1,244.2,166.6,9,7,23.8
3,280.4,166.6,8,7,23.8
5,388,166.6,10,7,23.8
7,424.2,166.6,9,7,23.8
8,478,142.8,10,6,23.8
9,460.4,166.6,8,7,23.8
10,214.2,172.8,9,6,23.8
11,268,196.6,10,7,23.8
12,250.4,172.8,8,6,23.8
14,358,172.8,10,6,23.8
15,340.4,196.6,8,7,23.8
16,394.2,172.8,9,6,23.8
17,448,196.6,10,7,23.8
18,430.4,172.8,8,6,23.8
19,484.2,196.6,9,7,23.8
20,238,202.8,10,6,23.8
21,220.4,226.6,8,7,23.8
22,274.2,202.8,9,6,23.8
23,328,226.6,10,7,23.8
24,310.4,202.8,8,6,23.8
26,418,202.8,10,6,23.8
27,400.4,226.6,8,7,23.8
28,454.2,202.8,9,6,23.8
29,508,226.6,10,7,23.8
30,190.4,232.8,8,6,23.8
31,244.2,256.6,9,7,23.8
32,298,232.8,10,6,23.8
33,280.4,256.6,8,7,23.8
34,334.2,232.8,9,6,23.8
35,388,256.6,10,7,23.8
36,370.4,232.8,8,6,23.8
37,424.2,256.6,9,7,23.8
38,478,232.8,10,6,23.8
39,460.4,256.6,8,7,23.8
40,214.2,262.8,9,6,23.8
41,268,286.6,10,7,23.8
42,250.4,262.8,8,6,23.8
43,304.2,286.6,9,7,23.8
44,358,262.8,10,6,23.8
45,340.4,286.6,8,7,23.8
47,448,286.6,10,7,23.8
48,430.4,262.8,8,6,23.8
49,484.2,286.6,9,7,23.8
50,238,292.8,10,6,23.8
51,220.4,316.6,8,7,23.8
52,274.2,292.8,9,6,23.8
53,328,316.6,10,7,23.8
54,310.4,292.8,8,6,23.8
55,364.2,316.6,9,7,23.8
56,418,292.8,10,6,23.8
57,400.4,316.6,8,7,23.8
58,454.2,292.8,9,6,23.8
59,508,316.6,10,7,23.8
60,190.4,322.8,8,6,23.8
61,244.2,346.6,9,7,23.8
62,298,322.8,10,6,23.8
63,280.4,346.6,8,7,23.8
64,334.2,322.8,9,6,23.8
65,388,346.6,10,7,23.8
66,370.4,322.8,8,6,23.8
67,424.2,346.6,9,7,23.8
68,478,322.8,10,6,23.8
69,460.4,346.6,8,7,23.8
70,214.2,352.8,9,6,23.8
71,268,376.6,10,7,23.8
72,250.4,352.8,8,6,23.8
73,304.2,376.6,9,7,23.8
74,358,352.8,10,6,23.8
75,340.4,376.6,8,7,23.8
76,394.2,352.8,9,6,23.8
77,448,376.6,10,7,23.8
78,430.4,352.8,8,6,23.8
79,484.2,376.6,9,7,23.8
80,238,382.8,10,6,23.8
81,220.4,406.6,8,7,23.8
82,274.2,382.8,9,6,23.8
83,328,406.6,10,7,23.8
84,310.4,382.8,8,6,23.8
85,364.2,406.6,9,7,23.8
86,418,382.8,10,6,23.8
87,400.4,406.6,8,7,23.8
88,454.2,382.8,9,6,23.8
89,508,406.6,10,7,23.8
90,190.4,412.8,8,6,23.8
91,244.2,436.6,9,7,23.8
92,298,412.8,10,6,23.8
93,280.4,436.6,8,7,23.8
94,334.2,412.8,9,6,23.8
95,388,436.6,10,7,23.8
96,370.4,412.8,8,6,23.8
98,478,412.8,10,6,23.8
99,460.4,436.6,8,7,23.8
100,214.2,442.8,9,6,23.8
102,250.4,442.8,8,6,23.8
103,304.2,466.6,9,7,23.8
104,358,442.8,10,6,23.8
105,340.4,466.6,8,7,23.8
106,394.2,442.8,9,6,23.8
107,448,466.6,10,7,23.8
108,430.4,442.8,8,6,23.8
109,484.2,466.6,9,7,23.8
110,238,472.8,10,6,23.8
111,220.4,496.6,8,7,23.8
112,274.2,472.8,9,6,23.8
113,328,496.6,10,7,23.8
114,310.4,472.8,8,6,23.8
115,364.2,496.6,9,7,23.8
116,418,472.8,10,6,23.8
117,400.4,496.6,8,7,23.8
118,454.2,472.8,9,6,23.8
119,508,496.6,10,7,23.8
120,190.4,502.8,8,6,23.8
121,244.2,526.6,9,7,23.8
122,298,502.8,10,6,23.8
123,280.4,526.6,8,7,23.8
124,334.2,502.8,9,6,23.8
125,388,526.6,10,7,23.8
126,370.4,502.8,8,6,23.8
127,424.2,526.6,9,7,23.8
128,478,502.8,10,6,23.8
129,460.4,526.6,8,7,23.8
131,268,556.6,10,7,23.8
13,305.1,197.3,9,7,23.9
46,395.1,263.4,9,6,23.9
97,425.1,437.3,9,7,23.9
101,269,467.3,10,7,23.9
130,215.1,533.4,9,6,23.9
1,245.1,167.3,9,7,23.9
3,281.2,167.3,8,7,23.9
5,389,167.3,10,7,23.9
7,425.1,167.3,9,7,23.9
8,479,143.4,10,6,23.9
9,461.2,167.3,8,7,23.9
10,215.1,173.4,9,6,23.9
11,269,197.3,10,7,23.9
12,251.2,173.4,8,6,23.9
14,359,173.4,10,6,23.9
15,341.2,197.3,8,7,23.9
16,395.1,173.4,9,6,23.9
17,449,197.3,10,7,23.9
18,431.2,173.4,8,6,23.9
19,485.1,197.3,9,7,23.9
20,239,203.4,10,6,23.9
21,221.2,227.3,8,7,23.9
22,275.1,203.4,9,6,23.9
23,329,227.3,10,7,23.9
24,311.2,203.4,8,6,23.9
26,419,203.4,10,6,23.9
27,401.2,227.3,8,7,23.9
28,455.1,203.4,9,6,23.9
29,509,227.3,10,7,23.9
30,191.2,233.4,8,6,23.9
31,245.1,257.3,9,7,23.9
32,299,233.4,10,6,23.9
33,281.2,257.3,8,7,23.9
34,335.1,233.4,9,6,23.9
35,389,257.3,10,7,23.9
36,371.2,233.4,8,6,23.9
37,425.1,257.3,9,7,23.9
38,479,233.4,10,6,23.9
39,461.2,257.3,8,7,23.9
40,215.1,263.4,9,6,23.9
41,269,287.3,10,7,23.9
42,251.2,263.4,8,6,23.9
43,305.1,287.3,9,7,23.9
44,359,263.4,10,6,23.9
45,341.2,287.3,8,7,23.9
47,449,287.3,10,7,23.9
48,431.2,263.4,8,6,23.9
49,485.1,287.3,9,7,23.9
50,239,293.4,10,6,23.9
51,221.2,317.3,8,7,23.9
52,275.1,293.4,9,6,23.9
53,329,317.3,10,7,23.9
54,311.2,293.4,8,6,23.9
55,365.1,317.3,9,7,23.9
56,419,293.4,10,6,23.9
57,401.2,317.3,8,7,23.9
58,455.1,293.4,9,6,23.9
59,509,317.3,10,7,23.9
60,191.2,323.4,8,6,23.9
61,245.1,347.3,9,7,23.9
62,299,323.4,10,6,23.9
63,281.2,347.3,8,7,23.9
64,335.1,323.4,9,6,23.9
65,389,347.3,10,7,23.9
66,371.2,323.4,8,6,23.9
67,425.1,347.3,9,7,23.9
68,479,323.4,10,6,23.9
69,461.2,347.3,8,7,23.9
70,215.1,353.4,9,6,23.9
71,269,377.3,10,7,23.9
72,251.2,353.4,8,6,23.9
73,305.1,377.3,9,7,23.9
74,359,353.4,10,6,23.9
75,341.2,377.3,8,7,23.9
76,395.1,353.4,9,6,23.9
77,449,377.3,10,7,23.9
78,431.2,353.4,8,6,23.9
79,485.1,377.3,9,7,23.9
80,239,383.4,10,6,23.9
81,221.2,407.3,8,7,23.9
82,275.1,383.4,9,6,23.9
83,329,407.3,10,7,23.9
84,311.2,383.4,8,6,23.9
85,365.1,407.3,9,7,23.9
86,419,383.4,10,6,23.9
87,401.2,407.3,8,7,23.9
88,455.1,383.4,9,6,23.9
89,509,407.3,10,7,23.9
90,191.2,413.4,8,6,23.9
91,245.1,437.3,9,7,23.9
92,299,413.4,10,6,23.9
93,281.2,437.3,8,7,23.9
94,335.1,413.4,9,6,23.9
95,389,437.3,10,7,23.9
96,371.2,413.4,8,6,23.9
98,479,413.4,10,6,23.9
99,461.2,437.3,8,7,23.9
100,215.1,443.4,9,6,23.9
102,251.2,443.4,8,6,23.9
103,305.1,467.3,9,7,23.9
104,359,443.4,10,6,23.9
105,341.2,467.3,8,7,23.9
106,395.1,443.4,9,6,23.9
107,449,467.3,10,7,23.9
108,431.2,443.4,8,6,23.9
109,485.1,467.3,9,7,23.9
110,239,473.4,10,6,23.9
111,221.2,497.3,8,7,23.9
112,275.1,473.4,9,6,23.9
113,329,497.3,10,7,23.9
114,311.2,473.4,8,6,23.9
115,365.1,497.3,9,7,23.9
116,419,473.4,10,6,23.9
117,401.2,497.3,8,7,23.9
118,455.1,473.4,9,6,23.9
119,509,497.3,10,7,23.9
120,191.2,503.4,8,6,23.9
121,245.1,527.3,9,7,23.9
122,299,503.4,10,6,23.9
123,281.2,527.3,8,7,23.9
124,335.1,503.4,9,6,23.9
125,389,527.3,10,7,23.9
126,371.2,503.4,8,6,23.9
127,425.1,527.3,9,7,23.9
128,479,503.4,10,6,23.9
129,461.2,527.3,8,7,23.9
131,269,557.3,10,7,23.9
13,306,198,9,7,24
46,396,264,9,6,24
97,426,438,9,7,24
101,270,468,10,7,24
130,216,534,9,6,24
1,246,168,9,7,24
3,282,168,8,7,24
5,390,168,10,7,24
7,426,168,9,7,24
8,480,144,10,6,24
9,462,168,8,7,24
10,216,174,9,6,24
11,270,198,10,7,24
12,252,174,8,6,24
14,360,174,10,6,24
15,342,198,8,7,24
16,396,174,9,6,24
17,450,198,10,7,24
18,432,174,8,6,24
19,486,198,9,7,24
20,240,204,10,6,24
21,222,228,8,7,24
22,276,204,9,6,24
23,330,228,10,7,24
24,312,204,8,6,24
26,420,204,10,6,24
27,402,228,8,7,24
28,456,204,9,6,24
29,510,228,10,7,24
30,192,234,8,6,24
31,246,258,9,7,24
32,300,234,10,6,24
33,282,258,8,7,24
34,336,234,9,6,24
35,390,258,10,7,24
36,372,234,8,6,24
37,426,258,9,7,24
38,480,234,10,6,24
39,462,258,8,7,24
40,216,264,9,6,24
41,270,288,10,7,24
42,252,264,8,6,24
43,306,288,9,7,24
44,360,264,10,6,24
45,342,288,8,7,24
47,450,288,10,7,24
48,432,264,8,6,24
49,486,288,9,7,24
50,240,294,10,6,24
51,222,318,8,7,24
52,276,294,9,6,24
53,330,318,10,7,24
54,312,294,8,6,24
55,366,318,9,7,24
56,420,294,10,6,24
57,402,318,8,7,24
58,456,294,9,6,24
59,510,318,10,7,24
60,192,324,8,6,24
61,246,348,9,7,24
62,300,324,10,6,24
63,282,348,8,7,24
64,336,324,9,6,24
65,390,348,10,7,24
66,372,324,8,6,24
67,426,348,9,7,24
68,480,324,10,6,24
69,462,348,8,7,24
70,216,354,9,6,24
71,270,378,10,7,24
72,252,354,8,6,24
73,306,378,9,7,24
74,360,354,10,6,24
75,342,378,8,7,24
76,396,354,9,6,24
77,450,378,10,7,24
78,432,354,8,6,24
79,486,378,9,7,24
80,240,384,10,6,24
81,222,408,8,7,24
82,276,384,9,6,24
83,330,408,10,7,24
84,312,384,8,6,24
85,366,408,9,7,24
86,420,384,10,6,24
87,402,408,8,7,24
88,456,384,9,6,24
89,510,408,10,7,24
90,192,414,8,6,24
91,246,438,9,7,24
92,300,414,10,6,24
93,282,438,8,7,24
94,336,414,9,6,24
95,390,438,10,7,24
96,372,414,8,6,24
98,480,414,10,6,24
99,462,438,8,7,24
100,216,444,9,6,24
102,252,444,8,6,24
103,306,468,9,7,24
104,360,444,10,6,24
105,342,468,8,7,24
106,396,444,9,6,24
107,450,468,10,7,24
108,432,444,8,6,24
109,486,468,9,7,24
110,240,474,10,6,24
111,222,498,8,7,24
112,276,474,9,6,24
113,330,498,10,7,24
114,312,474,8,6,24
115,366,498,9,7,24
116,420,474,10,6,24
117,402,498,8,7,24
118,456,474,9,6,24
119,510,498,10,7,24
120,192,504,8,6,24
121,246,528,9,7,24
122,300,504,10,6,24
123,282,528,8,7,24
124,336,504,9,6,24
125,390,528,10,7,24
126,372,504,8,6,24
127,426,528,9,7,24
128,480,504,10,6,24
129,462,528,8,7,24
131,270,558,10,7,24
13,306.9,198.7,9,7,24.1
46,396.9,264.6,9,6,24.1
97,426.9,438.7,9,7,24.1
101,271,468.7,10,7,24.1
130,216.9,534.6,9,6,24.1
1,246.9,168.7,9,7,24.1
3,282.8,168.7,8,7,24.1
5,391,168.7,10,7,24.1
7,426.9,168.7,9,7,24.1
8,481,144.6,10,6,24.1
9,462.8,168.7,8,7,24.1
10,216.9,174.6,9,6,24.1
11,271,198.7,10,7,24.1
12,252.8,174.6,8,6,24.1
14,361,174.6,10,6,24.1
15,342.8,198.7,8,7,24.1
16,396.9,174.6,9,6,24.1
17,451,198.7,10,7,24.1
18,432.8,174.6,8,6,24.1
19,486.9,198.7,9,7,24.1
20,241,204.6,10,6,24.1
21,222.8,228.7,8,7,24.1
22,276.9,204.6,9,6,24.1
23,331,228.7,10,7,24.1
24,312.8,204.6,8,6,24.1
26,421,204.6,10,6,24.1
27,402.8,228.7,8,7,24.1
28,456.9,204.6,9,6,24.1
29,511,228.7,10,7,24.1
30,192.8,234.6,8,6,24.1
31,246.9,258.7,9,7,24.1
32,301,234.6,10,6,24.1
33,282.8,258.7,8,7,24.1
34,336.9,234.6,9,6,24.1
35,391,258.7,10,7,24.1
36,372.8,234.6,8,6,24.1
37,426.9,258.7,9,7,24.1
38,481,234.6,10,6,24.1
39,462.8,258.7,8,7,24.1
40,216.9,264.6,9,6,24.1
41,271,288.7,10,7,24.1
42,252.8,264.6,8,6,24.1
43,306.9,288.7,9,7,24.1
44,361,264.6,10,6,24.1
45,342.8,288.7,8,7,24.1
47,451,288.7,10,7,24.1
48,432.8,264.6,8,6,24.1
49,486.9,288.7,9,7,24.1
50,241,294.6,10,6,24.1
51,222.8,318.7,8,7,24.1
52,276.9,294.6,9,6,24.1
53,331,318.7,10,7,24.1
54,312.8,294.6,8,6,24.1
55,366.9,318.7,9,7,24.1
56,421,294.6,10,6,24.1
57,402.8,318.7,8,7,24.1
58,456.9,294.6,9,6,24.1
59,511,318.7,10,7,24.1
60,192.8,324.6,8,6,24.1
61,246.9,348.7,9,7,24.1
62,301,324.6,10,6,24.1
63,282.8,348.7,8,7,24.1
64,336.9,324.6,9,6,24.1
65,391,348.7,10,7,24.1
66,372.8,324.6,8,6,24.1
67,426.9,348.7,9,7,24.1
68,481,324.6,10,6,24.1
69,462.8,348.7,8,7,24.1
70,216.9,354.6,9,6,24.1
71,271,378.7,10,7,24.1
72,252.8,354.6,8,6,24.1
73,306.9,378.7,9,7,24.1
74,361,354.6,10,6,24.1
75,342.8,378.7,8,7,24.1
76,396.9,354.6,9,6,24.1
77,451,378.7,10,7,24.1
78,432.8,354.6,8,6,24.1
79,486.9,378.7,9,7,24.1
80,241,384.6,10,6,24.1
81,222.8,408.7,8,7,24.1
82,276.9,384.6,9,6,24.1
83,331,408.7,10,7,24.1
84,312.8,384.6,8,6,24.1
85,366.9,408.7,9,7,24.1
86,421,384.6,10,6,24.1
87,402.8,408.7,8,7,24.1
88,456.9,384.6,9,6,24.1
89,511,408.7,10,7,24.1
90,192.8,414.6,8,6,24.1
91,246.9,438.7,9,7,24.1
92,301,414.6,10,6,24.1
93,282.8,438.7,8,7,24.1
94,336.9,414.6,9,6,24.1
95,391,438.7,10,7,24.1
96,372.8,414.6,8,6,24.1
98,481,414.6,10,6,24.1
99,462.8,438.7,8,7,24.1
100,216.9,444.6,9,6,24.1
102,252.8,444.6,8,6,24.1
103,306.9,468.7,9,7,24.1
104,361,444.6,10,6,24.1
105,342.8,468.7,8,7,24.1
106,396.9,444.6,9,6,24.1
107,451,468.7,10,7,24.1
108,432.8,444.6,8,6,24.1
109,486.9,468.7,9,7,24.1
110,241,474.6,10,6,24.1
111,222.8,498.7,8,7,24.1
112,276.9,474.6,9,6,24.1
113,331,498.7,10,7,24.1
114,312.8,474.6,8,6,24.1
115,366.9,498.7,9,7,24.1
116,421,474.6,10,6,24.1
117,402.8,498.7,8,7,24.1
118,456.9,474.6,9,6,24.1
119,511,498.7,10,7,24.1
120,192.8,504.6,8,6,24.1
121,246.9,528.7,9,7,24.1
122,301,504.6,10,6,24.1
123,282.8,528.7,8,7,24.1
124,336.9,504.6,9,6,24.1
125,391,528.7,10,7,24.1
126,372.8,504.6,8,6,24.1
127,426.9,528.7,9,7,24.1
128,481,504.6,10,6,24.1
129,462.8,528.7,8,7,24.1
131,271,558.7,10,7,24.1
13,307.8,199.4,9,7,24.2
46,397.8,265.2,9,6,24.2
97,427.8,439.4,9,7,24.2
101,272,469.4,10,7,24.2
130,217.8,535.2,9,6,24.2
1,247.8,169.4,9,7,24.2
3,283.6,169.4,8,7,24.2
5,392,169.4,10,7,24.2
7,427.8,169.4,9,7,24.2
8,482,145.2,10,6,24.2
9,463.6,169.4,8,7,24.2
10,217.8,175.2,9,6,24.2
11,272,199.4,10,7,24.2
12,253.6,175.2,8,6,24.2
14,362,175.2,10,6,24.2
15,343.6,199.4,8,7,24.2
16,397.8,175.2,9,6,24.2
17,452,199.4,10,7,24.2
18,433.6,175.2,8,6,24.2
19,487.8,199.4,9,7,24.2
20,242,205.2,10,6,24.2
21,223.6,229.4,8,7,24.2
22,277.8,205.2,9,6,24.2
23,332,229.4,10,7,24.2
24,313.6,205.2,8,6,24.2
26,422,205.2,10,6,24.2
27,403.6,229.4,8,7,24.2
28,457.8,205.2,9,6,24.2
29,512,229.4,10,7,24.2
30,193.6,235.2,8,6,24.2
31,247.8,259.4,9,7,24.2
32,302,235.2,10,6,24.2
33,283.6,259.4,8,7,24.2
34,337.8,235.2,9,6,24.2
35,392,259.4,10,7,24.2
36,373.6,235.2,8,6,24.2
37,427.8,259.4,9,7,24.2
38,482,235.2,10,6,24.2
39,463.6,259.4,8,7,24.2
40,217.8,265.2,9,6,24.2
41,272,289.4,10,7,24.2
42,253.6,265.2,8,6,24.2
43,307.8,289.4,9,7,24.2
44,362,265.2,10,6,24.2
45,343.6,289.4,8,7,24.2
47,452,289.4,10,7,24.2
48,433.6,265.2,8,6,24.2
49,487.8,289.4,9,7,24.2
50,242,295.2,10,6,24.2
51,223.6,319.4,8,7,24.2
52,277.8,295.2,9,6,24.2
53,332,319.4,10,7,24.2
54,313.6,295.2,8,6,24.2
55,367.8,319.4,9,7,24.2
56,422,295.2,10,6,24.2
57,403.6,319.4,8,7,24.2
58,457.8,295.2,9,6,24.2
59,512,319.4,10,7,24.2
60,193.6,325.2,8,6,24.2
61,247.8,349.4,9,7,24.2
62,302,325.2,10,6,24.2
63,283.6,349.4,8,7,24.2
64,337.8,325.2,9,6,24.2
65,392,349.4,10,7,24.2
66,373.6,325.2,8,6,24.2
67,427.8,349.4,9,7,24.2
68,482,325.2,10,6,24.2
69,463.6,349.4,8,7,24.2
70,217.8,355.2,9,6,24.2
71,272,379.4,10,7,24.2
72,253.6,355.2,8,6,24.2
73,307.8,379.4,9,7,24.2
74,362,355.2,10,6,24.2
75,343.6,379.4,8,7,24.2
76,397.8,355.2,9,6,24.2
77,452,379.4,10,7,24.2
78,433.6,355.2,8,6,24.2
79,487.8,379.4,9,7,24.2
80,242,385.2,10,6,24.2
81,223.6,409.4,8,7,24.2
82,277.8,385.2,9,6,24.2
83,332,409.4,10,7,24.2
84,313.6,385.2,8,6,24.2
85,367.8,409.4,9,7,24.2
86,422,385.2,10,6,24.2
87,403.6,409.4,8,7,24.2
88,457.8,385.2,9,6,24.2
89,512,409.4,10,7,24.2
90,193.6,415.2,8,6,24.2
91,247.8,439.4,9,7,24.2
92,302,415.2,10,6,24.2
93,283.6,439.4,8,7,24.2
94,337.8,415.2,9,6,24.2
95,392,439.4,10,7,24.2
96,373.6,415.2,8,6,24.2
98,482,415.2,10,6,24.2
99,463.6,439.4,8,7,24.2
100,217.8,445.2,9,6,24.2
102,253.6,445.2,8,6,24.2
103,307.8,469.4,9,7,24.2
104,362,445.2,10,6,24.2
105,343.6,469.4,8,7,24.2
106,397.8,445.2,9,6,24.2
107,452,469.4,10,7,24.2
108,433.6,445.2,8,6,24.2
109,487.8,469.4,9,7,24.2
110,242,475.2,10,6,24.2
111,223.6,499.4,8,7,24.2
112,277.8,475.2,9,6,24.2
113,332,499.4,10,7,24.2
114,313.6,475.2,8,6,24.2
115,367.8,499.4,9,7,24.2
116,422,475.2,10,6,24.2
117,403.6,499.4,8,7,24.2
118,457.8,475.2,9,6,24.2
119,512,499.4,10,7,24.2
120,193.6,505.2,8,6,24.2
121,247.8,529.4,9,7,24.2
122,302,505.2,10,6,24.2
123,283.6,529.4,8,7,24.2
124,337.8,505.2,9,6,24.2
125,392,529.4,10,7,24.2
126,373.6,505.2,8,6,24.2
127,427.8,529.4,9,7,24.2
128,482,505.2,10,6,24.2
129,463.6,529.4,8,7,24.2
131,272,559.4,10,7,24.2
13,308.7,200.1,9,7,24.3
46,398.7,265.8,9,6,24.3
97,428.7,440.1,9,7,24.3
101,273,470.1,10,7,24.3
130,218.7,535.8,9,6,24.3
1,248.7,170.1,9,7,24.3
3,284.4,170.1,8,7,24.3
5,393,170.1,10,7,24.3
7,428.7,170.1,9,7,24.3
8,483,145.8,10,6,24.3
9,464.4,170.1,8,7,24.3
10,218.7,175.8,9,6,24.3
11,273,200.1,10,7,24.3
12,254.4,175.8,8,6,24.3
14,363,175.8,10,6,24.3
15,344.4,200.1,8,7,24.3
16,398.7,175.8,9,6,24.3
17,453,200.1,10,7,24.3
18,434.4,175.8,8,6,24.3
19,488.7,200.1,9,7,24.3
20,243,205.8,10,6,24.3
21,224.4,230.1,8,7,24.3
22,278.7,205.8,9,6,24.3
23,333,230.1,10,7,24.3
24,314.4,205.8,8,6,24.3
26,423,205.8,10,6,24.3
27,404.4,230.1,8,7,24.3
28,458.7,205.8,9,6,24.3
29,513,230.1,10,7,24.3
30,194.4,235.8,8,6,24.3
31,248.7,260.1,9,7,24.3
32,303,235.8,10,6,24.3
33,284.4,260.1,8,7,24.3
34,338.7,235.8,9,6,24.3
35,393,260.1,10,7,24.3
36,374.4,235.8,8,6,24.3
37,428.7,260.1,9,7,24.3
38,483,235.8,10,6,24.3
39,464.4,260.1,8,7,24.3
40,218.7,265.8,9,6,24.3
41,273,290.1,10,7,24.3
42,254.4,265.8,8,6,24.3
43,308.7,290.1,9,7,24.3
44,363,265.8,10,6,24.3
45,344.4,290.1,8,7,24.3
47,453,290.1,10,7,24.3
48,434.4,265.8,8,6,24.3
49,488.7,290.1,9,7,24.3
50,243,295.8,10,6,24.3
51,224.4,320.1,8,7,24.3
52,278.7,295.8,9,6,24.3
53,333,320.1,10,7,24.3
54,314.4,295.8,8,6,24.3
55,368.7,320.1,9,7,24.3
56,423,295.8,10,6,24.3
57,404.4,320.1,8,7,24.3
58,458.7,295.8,9,6,24.3
59,513,320.1,10,7,24.3
60,194.4,325.8,8,6,24.3
61,248.7,350.1,9,7,24.3
62,303,325.8,10,6,24.3
63,284.4,350.1,8,7,24.3
64,338.7,325.8,9,6,24.3
65,393,350.1,10,7,24.3
66,374.4,325.8,8,6,24.3
67,428.7,350.1,9,7,24.3
68,483,325.8,10,6,24.3
69,464.4,350.1,8,7,24.3
70,218.7,355.8,9,6,24.3
71,273,380.1,10,7,24.3
72,254.4,355.8,8,6,24.3
73,308.7,380.1,9,7,24.3
74,363,355.8,10,6,24.3
75,344.4,380.1,8,7,24.3
76,398.7,355.8,9,6,24.3
77,453,380.1,10,7,24.3
78,434.4,355.8,8,6,24.3
79,488.7,380.1,9,7,24.3
80,243,385.8,10,6,24.3
81,224.4,410.1,8,7,24.3
82,278.7,385.8,9,6,24.3
83,333,410.1,10,7,24.3
84,314.4,385.8,8,6,24.3
85,368.7,410.1,9,7,24.3
86,423,385.8,10,6,24.3
87,404.4,410.1,8,7,24.3
88,458.7,385.8,9,6,24.3
89,513,410.1,10,7,24.3
90,194.4,415.8,8,6,24.3
91,248.7,440.1,9,7,24.3
92,303,415.8,10,6,24.3
93,284.4,440.1,8,7,24.3
94,338.7,415.8,9,6,24.3
95,393,440.1,10,7,24.3
96,374.4,415.8,8,6,24.3
98,483,415.8,10,6,24.3
99,464.4,440.1,8,7,24.3
100,218.7,445.8,9,6,24.3
102,254.4,445.8,8,6,24.3
103,308.7,470.1,9,7,24.3
104,363,445.8,10,6,24.3
105,344.4,470.1,8,7,24.3
106,398.7,445.8,9,6,24.3
107,453,470.1,10,7,24.3
108,434.4,445.8,8,6,24.3
109,488.7,470.1,9,7,24.3
110,243,475.8,10,6,24.3
111,224.4,500.1,8,7,24.3
112,278.7,475.8,9,6,24.3
113,333,500.1,10,7,24.3
114,314.4,475.8,8,6,24.3
115,368.7,500.1,9,7,24.3
116,423,475.8,10,6,24.3
117,404.4,500.1,8,7,24.3
118,458.7,475.8,9,6,24.3
119,513,500.1,10,7,24.3
120,194.4,505.8,8,6,24.3
121,248.7,530.1,9,7,24.3
122,303,505.8,10,6,24.3
123,284.4,530.1,8,7,24.3
124,338.7,505.8,9,6,24.3
125,393,530.1,10,7,24.3
126,374.4,505.8,8,6,24.3
127,428.7,530.1,9,7,24.3
128,483,505.8,10,6,24.3
129,464.4,530.1,8,7,24.3
131,273,560.1,10,7,24.3
13,309.6,200.8,9,7,24.4
46,399.6,266.4,9,6,24.4
97,429.6,440.8,9,7,24.4
101,274,470.8,10,7,24.4
130,219.6,536.4,9,6,24.4
1,249.6,170.8,9,7,24.4
3,285.2,170.8,8,7,24.4
5,394,170.8,10,7,24.4
7,429.6,170.8,9,7,24.4
8,484,146.4,10,6,24.4
9,465.2,170.8,8,7,24.4
10,219.6,176.4,9,6,24.4
11,274,200.8,10,7,24.4
12,255.2,176.4,8,6,24.4
14,364,176.4,10,6,24.4
15,345.2,200.8,8,7,24.4
16,399.6,176.4,9,6,24.4
17,454,200.8,10,7,24.4
18,435.2,176.4,8,6,24.4
19,489.6,200.8,9,7,24.4
20,244,206.4,10,6,24.4
21,225.2,230.8,8,7,24.4
22,279.6,206.4,9,6,24.4
23,334,230.8,10,7,24.4
24,315.2,206.4,8,6,24.4
26,424,206.4,10,6,24.4
27,405.2,230.8,8,7,24.4
28,459.6,206.4,9,6,24.4
29,514,230.8,10,7,24.4
30,195.2,236.4,8,6,24.4
31,249.6,260.8,9,7,24.4
32,304,236.4,10,6,24.4
33,285.2,260.8,8,7,24.4
34,339.6,236.4,9,6,24.4
35,394,260.8,10,7,24.4
36,375.2,236.4,8,6,24.4
37,429.6,260.8,9,7,24.4
38,484,236.4,10,6,24.4
39,465.2,260.8,8,7,24.4
40,219.6,266.4,9,6,24.4
41,274,290.8,10,7,24.4
42,255.2,266.4,8,6,24.4
43,309.6,290.8,9,7,24.4
44,364,266.4,10,6,24.4
45,345.2,290.8,8,7,24.4
47,454,290.8,10,7,24.4
48,435.2,266.4,8,6,24.4
49,489.6,290.8,9,7,24.4
50,244,296.4,10,6,24.4
51,225.2,320.8,8,7,24.4
52,279.6,296.4,9,6,24.4
53,334,320.8,10,7,24.4
54,315.2,296.4,8,6,24.4
55,369.6,320.8,9,7,24.4
56,424,296.4,10,6,24.4
57,405.2,320.8,8,7,24.4
58,459.6,296.4,9,6,24.4
59,514,320.8,10,7,24.4
60,195.2,326.4,8,6,24.4
61,249.6,350.8,9,7,24.4
62,304,326.4,10,6,24.4
63,285.2,350.8,8,7,24.4
64,339.6,326.4,9,6,24.4
65,394,350.8,10,7,24.4
66,375.2,326.4,8,6,24.4
67,429.6,350.8,9,7,24.4
68,484,326.4,10,6,24.4
69,465.2,350.8,8,7,24.4
70,219.6,356.4,9,6,24.4
71,274,380.8,10,7,24.4
72,255.2,356.4,8,6,24.4
73,309.6,380.8,9,7,24.4
74,364,356.4,10,6,24.4
75,345.2,380.8,8,7,24.4
76,399.6,356.4,9,6,24.4
77,454,380.8,10,7,24.4
78,435.2,356.4,8,6,24.4
79,489.6,380.8,9,7,24.4
80,244,386.4,10,6,24.4
81,225.2,410.8,8,7,24.4
82,279.6,386.4,9,6,24.4
83,334,410.8,10,7,24.4
84,315.2,386.4,8,6,24.4
85,369.6,410.8,9,7,24.4
86,424,386.4,10,6,24.4
87,405.2,410.8,8,7,24.4
88,459.6,386.4,9,6,24.4
89,514,410.8,10,7,24.4
90,195.2,416.4,8,6,24.4
91,249.6,440.8,9,7,24.4
92,304,416.4,10,6,24.4
93,285.2,440.8,8,7,24.4
94,339.6,416.4,9,6,24.4
95,394,440.8,10,7,24.4
96,375.2,416.4,8,6,24.4
98,484,416.4,10,6,24.4
99,465.2,440.8,8,7,24.4
100,219.6,446.4,9,6,24.4
102,255.2,446.4,8,6,24.4
103,309.6,470.8,9,7,24.4
104,364,446.4,10,6,24.4
105,345.2,470.8,8,7,24.4
106,399.6,446.4,9,6,24.4
107,454,470.8,10,7,24.4
108,435.2,446.4,8,6,24.4
109,489.6,470.8,9,7,24.4
110,244,476.4,10,6,24.4
111,225.2,500.8,8,7,24.4
112,279.6,476.4,9,6,24.4
113,334,500.8,10,7,24.4
114,315.2,476.4,8,6,24.4
115,369.6,500.8,9,7,24.4
116,424,476.4,10,6,24.4
117,405.2,500.8,8,7,24.4
118,459.6,476.4,9,6,24.4
119,514,500.8,10,7,24.4
120,195.2,506.4,8,6,24.4
121,249.6,530.8,9,7,24.4
122,304,506.4,10,6,24.4
123,285.2,530.8,8,7,24.4
124,339.6,506.4,9,6,24.4
125,394,530.8,10,7,24.4
126,375.2,506.4,8,6,24.4
127,429.6,530.8,9,7,24.4
128,484,506.4,10,6,24.4
129,465.2,530.8,8,7,24.4
131,274,560.8,10,7,24.4
13,310.5,201.5,9,7,24.5
46,400.5,267,9,6,24.5
97,430.5,441.5,9,7,24.5
101,275,471.5,10,7,24.5
130,220.5,537,9,6,24.5
1,250.5,171.5,9,7,24.5
3,286,171.5,8,7,24.5
5,395,171.5,10,7,24.5
7,430.5,171.5,9,7,24.5
8,485,147,10,6,24.5
9,466,171.5,8,7,24.5
10,220.5,177,9,6,24.5
11,275,201.5,10,7,24.5
12,256,177,8,6,24.5
14,365,177,10,6,24.5
15,346,201.5,8,7,24.5
16,400.5,177,9,6,24.5
17,455,201.5,10,7,24.5
18,436,177,8,6,24.5
19,490.5,201.5,9,7,24.5
20,245,207,10,6,24.5
21,226,231.5,8,7,24.5
22,280.5,207,9,6,24.5
23,335,231.5,10,7,24.5
24,316,207,8,6,24.5
26,425,207,10,6,24.5
27,406,231.5,8,7,24.5
28,460.5,207,9,6,24.5
29,515,231.5,10,7,24.5
30,196,237,8,6,24.5
31,250.5,261.5,9,7,24.5
32,305,237,10,6,24.5
33,286,261.5,8,7,24.5
34,340.5,237,9,6,24.5
35,395,261.5,10,7,24.5
36,376,237,8,6,24.5
37,430.5,261.5,9,7,24.5
38,485,237,10,6,24.5
39,466,261.5,8,7,24.5
40,220.5,267,9,6,24.5
41,275,291.5,10,7,24.5
42,256,267,8,6,24.5
43,310.5,291.5,9,7,24.5
44,365,267,10,6,24.5
45,346,291.5,8,7,24.5
47,455,291.5,10,7,24.5
48,436,267,8,6,24.5
49,490.5,291.5,9,7,24.5
50,245,297,10,6,24.5
51,226,321.5,8,7,24.5
52,280.5,297,9,6,24.5
53,335,321.5,10,7,24.5
54,316,297,8,6,24.5
55,370.5,321.5,9,7,24.5
56,425,297,10,6,24.5
57,406,321.5,8,7,24.5
58,460.5,297,9,6,24.5
59,515,321.5,10,7,24.5
60,196,327,8,6,24.5
61,250.5,351.5,9,7,24.5
62,305,327,10,6,24.5
63,286,351.5,8,7,24.5
64,340.5,327,9,6,24.5
65,395,351.5,10,7,24.5
66,376,327,8,6,24.5
67,430.5,351.5,9,7,24.5
68,485,327,10,6,24.5
69,466,351.5,8,7,24.5
70,220.5,357,9,6,24.5
71,275,381.5,10,7,24.5
72,256,357,8,6,24.5
73,310.5,381.5,9,7,24.5
74,365,357,10,6,24.5
75,346,381.5,8,7,24.5
76,400.5,357,9,6,24.5
77,455,381.5,10,7,24.5
78,436,357,8,6,24.5
79,490.5,381.5,9,7,24.5
80,245,387,10,6,24.5
81,226,411.5,8,7,24.5
82,280.5,387,9,6,24.5
83,335,411.5,10,7,24.5
84,316,387,8,6,24.5
85,370.5,411.5,9,7,24.5
86,425,387,10,6,24.5
87,406,411.5,8,7,24.5
88,460.5,387,9,6,24.5
89,515,411.5,10,7,24.5
90,196,417,8,6,24.5
91,250.5,441.5,9,7,24.5
92,305,417,10,6,24.5
93,286,441.5,8,7,24.5
94,340.5,417,9,6,24.5
95,395,441.5,10,7,24.5
96,376,417,8,6,24.5
98,485,417,10,6,24.5
99,466,441.5,8,7,24.5
100,220.5,447,9,6,24.5
102,256,447,8,6,24.5
103,310.5,471.5,9,7,24.5
104,365,447,10,6,24.5
105,346,471.5,8,7,24.5
106,400.5,447,9,6,24.5
107,455,471.5,10,7,24.5
108,436,447,8,6,24.5
109,490.5,471.5,9,7,24.5
110,245,477,10,6,24.5
111,226,501.5,8,7,24.5
112,280.5,477,9,6,24.5
113,335,501.5,10,7,24.5
114,316,477,8,6,24.5
115,370.5,501.5,9,7,24.5
116,425,477,10,6,24.5
117,406,501.5,8,7,24.5
118,460.5,477,9,6,24.5
119,515,501.5,10,7,24.5
120,196,507,8,6,24.5
121,250.5,531.5,9,7,24.5
122,305,507,10,6,24.5
123,286,531.5,8,7,24.5
124,340.5,507,9,6,24.5
125,395,531.5,10,7,24.5
126,376,507,8,6,24.5
127,430.5,531.5,9,7,24.5
128,485,507,10,6,24.5
129,466,531.5,8,7,24.5
131,275,561.5,10,7,24.5
13,311.4,202.2,9,7,24.6
46,401.4,267.6,9,6,24.6
97,431.4,442.2,9,7,24.6
101,276,472.2,10,7,24.6
130,221.4,537.6,9,6,24.6
1,251.4,172.2,9,7,24.6
3,286.8,172.2,8,7,24.6
5,396,172.2,10,7,24.6
7,431.4,172.2,9,7,24.6
8,486,147.6,10,6,24.6
9,466.8,172.2,8,7,24.6
10,221.4,177.6,9,6,24.6
11,276,202.2,10,7,24.6
12,256.8,177.6,8,6,24.6
14,366,177.6,10,6,24.6
15,346.8,202.2,8,7,24.6
16,401.4,177.6,9,6,24.6
17,456,202.2,10,7,24.6
18,436.8,177.6,8,6,24.6
19,491.4,202.2,9,7,24.6
20,246,207.6,10,6,24.6
21,226.8,232.2,8,7,24.6
22,281.4,207.6,9,6,24.6
23,336,232.2,10,7,24.6
24,316.8,207.6,8,6,24.6
26,426,207.6,10,6,24.6
27,406.8,232.2,8,7,24.6
28,461.4,207.6,9,6,24.6
29,516,232.2,10,7,24.6
30,196.8,237.6,8,6,24.6
31,251.4,262.2,9,7,24.6
32,306,237.6,10,6,24.6
33,286.8,262.2,8,7,24.6
34,341.4,237.6,9,6,24.6
35,396,262.2,10,7,24.6
36,376.8,237.6,8,6,24.6
37,431.4,262.2,9,7,24.6
38,486,237.6,10,6,24.6
39,466.8,262.2,8,7,24.6
40,221.4,267.6,9,6,24.6
41,276,292.2,10,7,24.6
42,256.8,267.6,8,6,24.6
43,311.4,292.2,9,7,24.6
44,366,267.6,10,6,24.6
45,346.8,292.2,8,7,24.6
47,456,292.2,10,7,24.6
48,436.8,267.6,8,6,24.6
49,491.4,292.2,9,7,24.6
50,246,297.6,10,6,24.6
51,226.8,322.2,8,7,24.6
52,281.4,297.6,9,6,24.6
53,336,322.2,10,7,24.6
54,316.8,297.6,8,6,24.6
55,371.4,322.2,9,7,24.6
56,426,297.6,10,6,24.6
57,406.8,322.2,8,7,24.6
58,461.4,297.6,9,6,24.6
59,516,322.2,10,7,24.6
60,196.8,327.6,8,6,24.6
61,251.4,352.2,9,7,24.6
62,306,327.6,10,6,24.6
63,286.8,352.2,8,7,24.6
64,341.4,327.6,9,6,24.6
65,396,352.2,10,7,24.6
66,376.8,327.6,8,6,24.6
67,431.4,352.2,9,7,24.6
68,486,327.6,10,6,24.6
69,466.8,352.2,8,7,24.6
70,221.4,357.6,9,6,24.6
71,276,382.2,10,7,24.6
72,256.8,357.6,8,6,24.6
73,311.4,382.2,9,7,24.6
74,366,357.6,10,6,24.6
75,346.8,382.2,8,7,24.6
76,401.4,357.6,9,6,24.6
77,456,382.2,10,7,24.6
78,436.8,357.6,8,6,24.6
79,491.4,382.2,9,7,24.6
80,246,387.6,10,6,24.6
81,226.8,412.2,8,7,24.6
82,281.4,387.6,9,6,24.6
83,336,412.2,10,7,24.6
84,316.8,387.6,8,6,24.6
85,371.4,412.2,9,7,24.6
86,426,387.6,10,6,24.6
87,406.8,412.2,8,7,24.6
88,461.4,387.6,9,6,24.6
89,516,412.2,10,7,24.6
90,196.8,417.6,8,6,24.6
91,251.4,442.2,9,7,24.6
92,306,417.6,10,6,24.6
93,286.8,442.2,8,7,24.6
94,341.4,417.6,9,6,24.6
95,396,442.2,10,7,24.6
96,376.8,417.6,8,6,24.6
98,486,417.6,10,6,24.6
99,466.8,442.2,8,7,24.6
100,221.4,447.6,9,6,24.6
102,256.8,447.6,8,6,24.6
103,311.4,472.2,9,7,24.6
104,366,447.6,10,6,24.6
105,346.8,472.2,8,7,24.6
106,401.4,447.6,9,6,24.6
107,456,472.2,10,7,24.6
108,436.8,447.6,8,6,24.6
109,491.4,472.2,9,7,24.6
110,246,477.6,10,6,24.6
111,226.8,502.2,8,7,24.6
112,281.4,477.6,9,6,24.6
113,336,502.2,10,7,24.6
114,316.8,477.6,8,6,24.6
115,371.4,502.2,9,7,24.6
116,426,477.6,10,6,24.6
117,406.8,502.2,8,7,24.6
118,461.4,477.6,9,6,24.6
119,516,502.2,10,7,24.6
120,196.8,507.6,8,6,24.6
121,251.4,532.2,9,7,24.6
122,306,507.6,10,6,24.6
123,286.8,532.2,8,7,24.6
124,341.4,507.6,9,6,24.6
125,396,532.2,10,7,24.6
126,376.8,507.6,8,6,24.6
127,431.4,532.2,9,7,24.6
128,486,507.6,10,6,24.6
129,466.8,532.2,8,7,24.6
131,276,562.2,10,7,24.6
13,312.3,202.9,9,7,24.7
46,402.3,268.2,9,6,24.7
97,432.3,442.9,9,7,24.7
101,277,472.9,10,7,24.7
130,222.3,538.2,9,6,24.7
1,252.3,172.9,9,7,24.7
3,287.6,172.9,8,7,24.7
5,397,172.9,10,7,24.7
7,432.3,172.9,9,7,24.7
8,487,148.2,10,6,24.7
9,467.6,172.9,8,7,24.7
10,222.3,178.2,9,6,24.7
11,277,202.9,10,7,24.7
12,257.6,178.2,8,6,24.7
14,367,178.2,10,6,24.7
15,347.6,202.9,8,7,24.7
16,402.3,178.2,9,6,24.7
17,457,202.9,10,7,24.7
18,437.6,178.2,8,6,24.7
19,492.3,202.9,9,7,24.7
20,247,208.2,10,6,24.7
21,227.6,232.9,8,7,24.7
22,282.3,208.2,9,6,24.7
23,337,232.9,10,7,24.7
24,317.6,208.2,8,6,24.7
26,427,208.2,10,6,24.7
27,407.6,232.9,8,7,24.7
28,462.3,208.2,9,6,24.7
29,517,232.9,10,7,24.7
30,197.6,238.2,8,6,24.7
31,252.3,262.9,9,7,24.7
32,307,238.2,10,6,24.7
33,287.6,262.9,8,7,24.7
34,342.3,238.2,9,6,24.7
35,397,262.9,10,7,24.7
36,377.6,238.2,8,6,24.7
37,432.3,262.9,9,7,24.7
38,487,238.2,10,6,24.7
39,467.6,262.9,8,7,24.7
40,222.3,268.2,9,6,24.7
41,277,292.9,10,7,24.7
42,257.6,268.2,8,6,24.7
43,312.3,292.9,9,7,24.7
44,367,268.2,10,6,24.7
45,347.6,292.9,8,7,24.7
47,457,292.9,10,7,24.7
48,437.6,268.2,8,6,24.7
49,492.3,292.9,9,7,24.7
50,247,298.2,10,6,24.7
51,227.6,322.9,8,7,24.7
52,282.3,298.2,9,6,24.7
53,337,322.9,10,7,24.7
54,317.6,298.2,8,6,24.7
55,372.3,322.9,9,7,24.7
56,427,298.2,10,6,24.7
57,407.6,322.9,8,7,24.7
58,462.3,298.2,9,6,24.7
59,517,322.9,10,7,24.7
60,197.6,328.2,8,6,24.7
61,252.3,352.9,9,7,24.7
62,307,328.2,10,6,24.7
63,287.6,352.9,8,7,24.7
64,342.3,328.2,9,6,24.7
65,397,352.9,10,7,24.7
66,377.6,328.2,8,6,24.7
67,432.3,352.9,9,7,24.7
68,487,328.2,10,6,24.7
69,467.6,352.9,8,7,24.7
70,222.3,358.2,9,6,24.7
71,277,382.9,10,7,24.7
72,257.6,358.2,8,6,24.7
73,312.3,382.9,9,7,24.7
74,367,358.2,10,6,24.7
75,347.6,382.9,8,7,24.7
76,402.3,358.2,9,6,24.7
77,457,382.9,10,7,24.7
78,437.6,358.2,8,6,24.7
79,492.3,382.9,9,7,24.7
80,247,388.2,10,6,24.7
81,227.6,412.9,8,7,24.7
82,282.3,388.2,9,6,24.7
83,337,412.9,10,7,24.7
84,317.6,388.2,8,6,24.7
85,372.3,412.9,9,7,24.7
86,427,388.2,10,6,24.7
87,407.6,412.9,8,7,24.7
88,462.3,388.2,9,6,24.7
89,517,412.9,10,7,24.7
90,197.6,418.2,8,6,24.7
91,252.3,442.9,9,7,24.7
92,307,418.2,10,6,24.7
93,287.6,442.9,8,7,24.7
94,342.3,418.2,9,6,24.7
95,397,442.9,10,7,24.7
96,377.6,418.2,8,6,24.7
98,487,418.2,10,6,24.7
99,467.6,442.9,8,7,24.7
100,222.3,448.2,9,6,24.7
102,257.6,448.2,8,6,24.7
103,312.3,472.9,9,7,24.7
104,367,448.2,10,6,24.7
105,347.6,472.9,8,7,24.7
106,402.3,448.2,9,6,24.7
107,457,472.9,10,7,24.7
108,437.6,448.2,8,6,24.7
109,492.3,472.9,9,7,24.7
110,247,478.2,10,6,24.7
111,227.6,502.9,8,7,24.7
112,282.3,478.2,9,6,24.7
113,337,502.9,10,7,24.7
114,317.6,478.2,8,6,24.7
115,372.3,502.9,9,7,24.7
116,427,478.2,10,6,24.7
117,407.6,502.9,8,7,24.7
118,462.3,478.2,9,6,24.7
119,517,502.9,10,7,24.7
120,197.6,508.2,8,6,24.7
121,252.3,532.9,9,7,24.7
122,307,508.2,10,6,24.7
123,287.6,532.9,8,7,24.7
124,342.3,508.2,9,6,24.7
125,397,532.9,10,7,24.7
126,377.6,508.2,8,6,24.7
127,432.3,532.9,9,7,24.7
128,487,508.2,10,6,24.7
129,467.6,532.9,8,7,24.7
131,277,562.9,10,7,24.7
13,313.2,203.6,9,7,24.8
46,403.2,268.8,9,6,24.8
97,433.2,443.6,9,7,24.8
101,278,473.6,10,7,24.8
130,223.2,538.8,9,6,24.8
1,253.2,173.6,9,7,24.8
3,288.4,173.6,8,7,24.8
5,398,173.6,10,7,24.8
7,433.2,173.6,9,7,24.8
8,488,148.8,10,6,24.8
9,468.4,173.6,8,7,24.8
10,223.2,178.8,9,6,24.8
11,278,203.6,10,7,24.8
12,258.4,178.8,8,6,24.8
14,368,178.8,10,6,24.8
15,348.4,203.6,8,7,24.8
16,403.2,178.8,9,6,24.8
17,458,203.6,10,7,24.8
18,438.4,178.8,8,6,24.8
19,493.2,203.6,9,7,24.8
20,248,208.8,10,6,24.8
21,228.4,233.6,8,7,24.8
22,283.2,208.8,9,6,24.8
23,338,233.6,10,7,24.8
24,318.4,208.8,8,6,24.8
26,428,208.8,10,6,24.8
27,408.4,233.6,8,7,24.8
28,463.2,208.8,9,6,24.8
29,518,233.6,10,7,24.8
30,198.4,238.8,8,6,24.8
31,253.2,263.6,9,7,24.8
32,308,238.8,10,6,24.8
33,288.4,263.6,8,7,24.8
34,343.2,238.8,9,6,24.8
35,398,263.6,10,7,24.8
36,378.4,238.8,8,6,24.8
37,433.2,263.6,9,7,24.8
38,488,238.8,10,6,24.8
39,468.4,263.6,8,7,24.8
40,223.2,268.8,9,6,24.8
41,278,293.6,10,7,24.8
42,258.4,268.8,8,6,24.8
43,313.2,293.6,9,7,24.8
44,368,268.8,10,6,24.8
45,348.4,293.6,8,7,24.8
47,458,293.6,10,7,24.8
48,438.4,268.8,8,6,24.8
49,493.2,293.6,9,7,24.8
50,248,298.8,10,6,24.8
51,228.4,323.6,8,7,24.8
52,283.2,298.8,9,6,24.8
53,338,323.6,10,7,24.8
54,318.4,298.8,8,6,24.8
55,373.2,323.6,9,7,24.8
56,428,298.8,10,6,24.8
57,408.4,323.6,8,7,24.8
58,463.2,298.8,9,6,24.8
59,518,323.6,10,7,24.8
60,198.4,328.8,8,6,24.8
61,253.2,353.6,9,7,24.8
62,308,328.8,10,6,24.8
63,288.4,353.6,8,7,24.8
64,343.2,328.8,9,6,24.8
65,398,353.6,10,7,24.8
66,378.4,328.8,8,6,24.8
67,433.2,353.6,9,7,24.8
68,488,328.8,10,6,24.8
69,468.4,353.6,8,7,24.8
70,223.2,358.8,9,6,24.8
71,278,383.6,10,7,24.8
72,258.4,358.8,8,6,24.8
73,313.2,383.6,9,7,24.8
74,368,358.8,10,6,24.8
75,348.4,383.6,8,7,24.8
76,403.2,358.8,9,6,24.8
77,458,383.6,10,7,24.8
78,438.4,358.8,8,6,24.8
79,493.2,383.6,9,7,24.8
80,248,388.8,10,6,24.8
81,228.4,413.6,8,7,24.8
82,283.2,388.8,9,6,24.8
83,338,413.6,10,7,24.8
84,318.4,388.8,8,6,24.8
85,373.2,413.6,9,7,24.8
86,428,388.8,10,6,24.8
87,408.4,413.6,8,7,24.8
88,463.2,388.8,9,6,24.8
89,518,413.6,10,7,24.8
90,198.4,418.8,8,6,24.8
91,253.2,443.6,9,7,24.8
92,308,418.8,10,6,24.8
93,288.4,443.6,8,7,24.8
94,343.2,418.8,9,6,24.8
95,398,443.6,10,7,24.8
96,378.4,418.8,8,6,24.8
98,488,418.8,10,6,24.8
99,468.4,443.6,8,7,24.8
100,223.2,448.8,9,6,24.8
102,258.4,448.8,8,6,24.8
103,313.2,473.6,9,7,24.8
104,368,448.8,10,6,24.8
105,348.4,473.6,8,7,24.8
106,403.2,448.8,9,6,24.8
107,458,473.6,10,7,24.8
108,438.4,448.8,8,6,24.8
109,493.2,473.6,9,7,24.8
110,248,478.8,10,6,24.8
111,228.4,503.6,8,7,24.8
112,283.2,478.8,9,6,24.8
113,338,503.6,10,7,24.8
114,318.4,478.8,8,6,24.8
115,373.2,503.6,9,7,24.8
116,428,478.8,10,6,24.8
117,408.4,503.6,8,7,24.8
118,463.2,478.8,9,6,24.8
119,518,503.6,10,7,24.8
120,198.4,508.8,8,6,24.8
121,253.2,533.6,9,7,24.8
122,308,508.8,10,6,24.8
123,288.4,533.6,8,7,24.8
124,343.2,508.8,9,6,24.8
125,398,533.6,10,7,24.8
126,378.4,508.8,8,6,24.8
127,433.2,533.6,9,7,24.8
128,488,508.8,10,6,24.8
129,468.4,533.6,8,7,24.8
131,278,563.6,10,7,24.8
13,314.1,204.3,9,7,24.9
46,404.1,269.4,9,6,24.9
97,434.1,444.3,9,7,24.9
101,279,474.3,10,7,24.9
130,224.1,539.4,9,6,24.9
1,254.1,174.3,9,7,24.9
3,289.2,174.3,8,7,24.9
5,399,174.3,10,7,24.9
7,434.1,174.3,9,7,24.9
8,489,149.4,10,6,24.9
9,469.2,174.3,8,7,24.9
10,224.1,179.4,9,6,24.9
11,279,204.3,10,7,24.9
12,259.2,179.4,8,6,24.9
14,369,179.4,10,6,24.9
15,349.2,204.3,8,7,24.9
16,404.1,179.4,9,6,24.9
17,459,204.3,10,7,24.9
18,439.2,179.4,8,6,24.9
19,494.1,204.3,9,7,24.9
20,249,209.4,10,6,24.9
21,229.2,234.3,8,7,24.9
22,284.1,209.4,9,6,24.9
23,339,234.3,10,7,24.9
24,319.2,209.4,8,6,24.9
26,429,209.4,10,6,24.9
27,409.2,234.3,8,7,24.9
28,464.1,209.4,9,6,24.9
29,519,234.3,10,7,24.9
30,199.2,239.4,8,6,24.9
31,254.1,264.3,9,7,24.9
32,309,239.4,10,6,24.9
33,289.2,264.3,8,7,24.9
34,344.1,239.4,9,6,24.9
35,399,264.3,10,7,24.9
36,379.2,239.4,8,6,24.9
37,434.1,264.3,9,7,24.9
38,489,239.4,10,6,24.9
39,469.2,264.3,8,7,24.9
40,224.1,269.4,9,6,24.9
41,279,294.3,10,7,24.9
42,259.2,269.4,8,6,24.9
43,314.1,294.3,9,7,24.9
44,369,269.4,10,6,24.9
45,349.2,294.3,8,7,24.9
47,459,294.3,10,7,24.9
48,439.2,269.4,8,6,24.9
49,494.1,294.3,9,7,24.9
50,249,299.4,10,6,24.9
51,229.2,324.3,8,7,24.9
52,284.1,299.4,9,6,24.9
53,339,324.3,10,7,24.9
54,319.2,299.4,8,6,24.9
55,374.1,324.3,9,7,24.9
56,429,299.4,10,6,24.9
57,409.2,324.3,8,7,24.9
58,464.1,299.4,9,6,24.9
59,519,324.3,10,7,24.9
60,199.2,329.4,8,6,24.9
61,254.1,354.3,9,7,24.9
62,309,329.4,10,6,24.9
63,289.2,354.3,8,7,24.9
64,344.1,329.4,9,6,24.9
65,399,354.3,10,7,24.9
66,379.2,329.4,8,6,24.9
67,434.1,354.3,9,7,24.9
68,489,329.4,10,6,24.9
69,469.2,354.3,8,7,24.9
70,224.1,359.4,9,6,24.9
71,279,384.3,10,7,24.9
72,259.2,359.4,8,6,24.9
73,314.1,384.3,9,7,24.9
74,369,359.4,10,6,24.9
75,349.2,384.3,8,7,24.9
76,404.1,359.4,9,6,24.9
77,459,384.3,10,7,24.9
78,439.2,359.4,8,6,24.9
79,494.1,384.3,9,7,24.9
80,249,389.4,10,6,24.9
81,229.2,414.3,8,7,24.9
82,284.1,389.4,9,6,24.9
83,339,414.3,10,7,24.9
84,319.2,389.4,8,6,24.9
85,374.1,414.3,9,7,24.9
86,429,389.4,10,6,24.9
87,409.2,414.3,8,7,24.9
88,464.1,389.4,9,6,24.9
89,519,414.3,10,7,24.9
90,199.2,419.4,8,6,24.9
91,254.1,444.3,9,7,24.9
92,309,419.4,10,6,24.9
93,289.2,444.3,8,7,24.9
94,344.1,419.4,9,6,24.9
95,399,444.3,10,7,24.9
96,379.2,419.4,8,6,24.9
98,489,419.4,10,6,24.9
99,469.2,444.3,8,7,24.9
100,224.1,449.4,9,6,24.9
102,259.2,449.4,8,6,24.9
103,314.1,474.3,9,7,24.9
104,369,449.4,10,6,24.9
105,349.2,474.3,8,7,24.9
106,404.1,449.4,9,6,24.9
107,459,474.3,10,7,24.9
108,439.2,449.4,8,6,24.9
109,494.1,474.3,9,7,24.9
110,249,479.4,10,6,24.9
111,229.2,504.3,8,7,24.9
112,284.1,479.4,9,6,24.9
113,339,504.3,10,7,24.9
114,319.2,479.4,8,6,24.9
115,374.1,504.3,9,7,24.9
116,429,479.4,10,6,24.9
117,409.2,504.3,8,7,24.9
118,464.1,479.4,9,6,24.9
119,519,504.3,10,7,24.9
120,199.2,509.4,8,6,24.9
121,254.1,534.3,9,7,24.9
122,309,509.4,10,6,24.9
123,289.2,534.3,8,7,24.9
124,344.1,509.4,9,6,24.9
125,399,534.3,10,7,24.9
126,379.2,509.4,8,6,24.9
127,434.1,534.3,9,7,24.9
128,489,509.4,10,6,24.9
129,469.2,534.3,8,7,24.9
131,279,564.3,10,7,24.9
13,315,205,9,7,25
46,405,270,9,6,25
97,435,445,9,7,25
101,280,475,10,7,25
130,225,540,9,6,25
1,255,175,9,7,25
3,290,175,8,7,25
5,400,175,10,7,25
7,435,175,9,7,25
8,490,150,10,6,25
9,470,175,8,7,25
10,225,180,9,6,25
11,280,205,10,7,25
12,260,180,8,6,25
14,370,180,10,6,25
15,350,205,8,7,25
16,405,180,9,6,25
17,460,205,10,7,25
18,440,180,8,6,25
19,495,205,9,7,25
20,250,210,10,6,25
21,230,235,8,7,25
22,285,210,9,6,25
23,340,235,10,7,25
24,320,210,8,6,25
26,430,210,10,6,25
27,410,235,8,7,25
28,465,210,9,6,25
29,520,235,10,7,25
30,200,240,8,6,25
31,255,265,9,7,25
32,310,240,10,6,25
33,290,265,8,7,25
34,345,240,9,6,25
35,400,265,10,7,25
36,380,240,8,6,25
37,435,265,9,7,25
38,490,240,10,6,25
39,470,265,8,7,25
40,225,270,9,6,25
41,280,295,10,7,25
42,260,270,8,6,25
43,315,295,9,7,25
44,370,270,10,6,25
45,350,295,8,7,25
47,460,295,10,7,25
48,440,270,8,6,25
49,495,295,9,7,25
50,250,300,10,6,25
51,230,325,8,7,25
52,285,300,9,6,25
53,340,325,10,7,25
54,320,300,8,6,25
55,375,325,9,7,25
56,430,300,10,6,25
57,410,325,8,7,25
58,465,300,9,6,25
59,520,325,10,7,25
60,200,330,8,6,25
61,255,355,9,7,25
62,310,330,10,6,25
63,290,355,8,7,25
64,345,330,9,6,25
65,400,355,10,7,25
66,380,330,8,6,25
67,435,355,9,7,25
68,490,330,10,6,25
69,470,355,8,7,25
70,225,360,9,6,25
71,280,385,10,7,25
72,260,360,8,6,25
73,315,385,9,7,25
74,370,360,10,6,25
75,350,385,8,7,25
76,405,360,9,6,25
77,460,385,10,7,25
78,440,360,8,6,25
79,495,385,9,7,25
80,250,390,10,6,25
81,230,415,8,7,25
82,285,390,9,6,25
83,340,415,10,7,25
84,320,390,8,6,25
85,375,415,9,7,25
86,430,390,10,6,25
87,410,415,8,7,25
88,465,390,9,6,25
89,520,415,10,7,25
90,200,420,8,6,25
91,255,445,9,7,25
92,310,420,10,6,25
93,290,445,8,7,25
94,345,420,9,6,25
95,400,445,10,7,25
96,380,420,8,6,25
98,490,420,10,6,25
99,470,445,8,7,25
100,225,450,9,6,25
102,260,450,8,6,25
103,315,475,9,7,25
104,370,450,10,6,25
105,350,475,8,7,25
106,405,450,9,6,25
107,460,475,10,7,25
108,440,450,8,6,25
109,495,475,9,7,25
110,250,480,10,6,25
111,230,505,8,7,25
112,285,480,9,6,25
113,340,505,10,7,25
114,320,480,8,6,25
115,375,505,9,7,25
116,430,480,10,6,25
117,410,505,8,7,25
118,465,480,9,6,25
119,520,505,10,7,25
120,200,510,8,6,25
121,255,535,9,7,25
122,310,510,10,6,25
123,290,535,8,7,25
124,345,510,9,6,25
125,400,535,10,7,25
126,380,510,8,6,25
127,435,535,9,7,25
128,490,510,10,6,25
129,470,535,8,7,25
131,280,565,10,7,25
13,315.9,205.7,9,7,25.1
46,405.9,270.6,9,6,25.1
97,435.9,445.7,9,7,25.1
101,281,475.7,10,7,25.1
130,225.9,540.6,9,6,25.1
1,255.9,175.7,9,7,25.1
3,290.8,175.7,8,7,25.1
5,401,175.7,10,7,25.1
7,435.9,175.7,9,7,25.1
8,491,150.6,10,6,25.1
9,470.8,175.7,8,7,25.1
10,225.9,180.6,9,6,25.1
11,281,205.7,10,7,25.1
12,260.8,180.6,8,6,25.1
14,371,180.6,10,6,25.1
15,350.8,205.7,8,7,25.1
16,405.9,180.6,9,6,25.1
17,461,205.7,10,7,25.1
18,440.8,180.6,8,6,25.1
19,495.9,205.7,9,7,25.1
20,251,210.6,10,6,25.1
21,230.8,235.7,8,7,25.1
22,285.9,210.6,9,6,25.1
23,341,235.7,10,7,25.1
24,320.8,210.6,8,6,25.1
26,431,210.6,10,6,25.1
27,410.8,235.7,8,7,25.1
28,465.9,210.6,9,6,25.1
29,521,235.7,10,7,25.1
30,200.8,240.6,8,6,25.1
31,255.9,265.7,9,7,25.1
32,311,240.6,10,6,25.1
33,290.8,265.7,8,7,25.1
34,345.9,240.6,9,6,25.1
35,401,265.7,10,7,25.1
36,380.8,240.6,8,6,25.1
37,435.9,265.7,9,7,25.1
38,491,240.6,10,6,25.1
39,470.8,265.7,8,7,25.1
40,225.9,270.6,9,6,25.1
41,281,295.7,10,7,25.1
42,260.8,270.6,8,6,25.1
43,315.9,295.7,9,7,25.1
44,371,270.6,10,6,25.1
45,350.8,295.7,8,7,25.1
47,461,295.7,10,7,25.1
48,440.8,270.6,8,6,25.1
49,495.9,295.7,9,7,25.1
50,251,300.6,10,6,25.1
51,230.8,325.7,8,7,25.1
52,285.9,300.6,9,6,25.1
53,341,325.7,10,7,25.1
54,320.8,300.6,8,6,25.1
55,375.9,325.7,9,7,25.1
56,431,300.6,10,6,25.1
57,410.8,325.7,8,7,25.1
58,465.9,300.6,9,6,25.1
59,521,325.7,10,7,25.1
60,200.8,330.6,8,6,25.1
61,255.9,355.7,9,7,25.1
62,311,330.6,10,6,25.1
63,290.8,355.7,8,7,25.1
64,345.9,330.6,9,6,25.1
65,401,355.7,10,7,25.1
66,380.8,330.6,8,6,25.1
67,435.9,355.7,9,7,25.1
68,491,330.6,10,6,25.1
69,470.8,355.7,8,7,25.1
70,225.9,360.6,9,6,25.1
71,281,385.7,10,7,25.1
72,260.8,360.6,8,6,25.1
73,315.9,385.7,9,7,25.1
74,371,360.6,10,6,25.1
75,350.8,385.7,8,7,25.1
76,405.9,360.6,9,6,25.1
77,461,385.7,10,7,25.1
78,440.8,360.6,8,6,25.1
79,495.9,385.7,9,7,25.1
80,251,390.6,10,6,25.1
81,230.8,415.7,8,7,25.1
82,285.9,390.6,9,6,25.1
83,341,415.7,10,7,25.1
84,320.8,390.6,8,6,25.1
85,375.9,415.7,9,7,25.1
86,431,390.6,10,6,25.1
87,410.8,415.7,8,7,25.1
88,465.9,390.6,9,6,25.1
89,521,415.7,10,7,25.1
90,200.8,420.6,8,6,25.1
91,255.9,445.7,9,7,25.1
92,311,420.6,10,6,25.1
93,290.8,445.7,8,7,25.1
94,345.9,420.6,9,6,25.1
95,401,445.7,10,7,25.1
96,380.8,420.6,8,6,25.1
98,491,420.6,10,6,25.1
99,470.8,445.7,8,7,25.1
100,225.9,450.6,9,6,25.1
102,260.8,450.6,8,6,25.1
103,315.9,475.7,9,7,25.1
104,371,450.6,10,6,25.1
105,350.8,475.7,8,7,25.1
106,405.9,450.6,9,6,25.1
107,461,475.7,10,7,25.1
108,440.8,450.6,8,6,25.1
109,495.9,475.7,9,7,25.1
110,251,480.6,10,6,25.1
111,230.8,505.7,8,7,25.1
112,285.9,480.6,9,6,25.1
113,341,505.7,10,7,25.1
114,320.8,480.6,8,6,25.1
115,375.9,505.7,9,7,25.1
116,431,480.6,10,6,25.1
117,410.8,505.7,8,7,25.1
118,465.9,480.6,9,6,25.1
119,521,505.7,10,7,25.1
120,200.8,510.6,8,6,25.1
121,255.9,535.7,9,7,25.1
122,311,510.6,10,6,25.1
123,290.8,535.7,8,7,25.1
124,345.9,510.6,9,6,25.1
125,401,535.7,10,7,25.1
126,380.8,510.6,8,6,25.1
127,435.9,535.7,9,7,25.1
128,491,510.6,10,6,25.1
129,470.8,535.7,8,7,25.1
131,281,565.7,10,7,25.1
13,316.8,206.4,9,7,25.2
46,406.8,271.2,9,6,25.2
97,436.8,446.4,9,7,25.2
101,282,476.4,10,7,25.2
130,226.8,541.2,9,6,25.2
1,256.8,176.4,9,7,25.2
3,291.6,176.4,8,7,25.2
5,402,176.4,10,7,25.2
7,436.8,176.4,9,7,25.2
8,492,151.2,10,6,25.2
9,471.6,176.4,8,7,25.2
10,226.8,181.2,9,6,25.2
11,282,206.4,10,7,25.2
12,261.6,181.2,8,6,25.2
14,372,181.2,10,6,25.2
15,351.6,206.4,8,7,25.2
16,406.8,181.2,9,6,25.2
17,462,206.4,10,7,25.2
18,441.6,181.2,8,6,25.2
19,496.8,206.4,9,7,25.2
20,252,211.2,10,6,25.2
21,231.6,236.4,8,7,25.2
22,286.8,211.2,9,6,25.2
23,342,236.4,10,7,25.2
24,321.6,211.2,8,6,25.2
26,432,211.2,10,6,25.2
27,411.6,236.4,8,7,25.2
28,466.8,211.2,9,6,25.2
29,522,236.4,10,7,25.2
30,201.6,241.2,8,6,25.2
31,256.8,266.4,9,7,25.2
32,312,241.2,10,6,25.2
33,291.6,266.4,8,7,25.2
34,346.8,241.2,9,6,25.2
35,402,266.4,10,7,25.2
36,381.6,241.2,8,6,25.2
37,436.8,266.4,9,7,25.2
38,492,241.2,10,6,25.2
39,471.6,266.4,8,7,25.2
40,226.8,271.2,9,6,25.2
41,282,296.4,10,7,25.2
42,261.6,271.2,8,6,25.2
43,316.8,296.4,9,7,25.2
44,372,271.2,10,6,25.2
45,351.6,296.4,8,7,25.2
47,462,296.4,10,7,25.2
48,441.6,271.2,8,6,25.2
49,496.8,296.4,9,7,25.2
50,252,301.2,10,6,25.2
51,231.6,326.4,8,7,25.2
52,286.8,301.2,9,6,25.2
53,342,326.4,10,7,25.2
54,321.6,301.2,8,6,25.2
55,376.8,326.4,9,7,25.2
56,432,301.2,10,6,25.2
57,411.6,326.4,8,7,25.2
58,466.8,301.2,9,6,25.2
59,522,326.4,10,7,25.2
60,201.6,331.2,8,6,25.2
61,256.8,356.4,9,7,25.2
62,312,331.2,10,6,25.2
63,291.6,356.4,8,7,25.2
64,346.8,331.2,9,6,25.2
65,402,356.4,10,7,25.2
66,381.6,331.2,8,6,25.2
67,436.8,356.4,9,7,25.2
68,492,331.2,10,6,25.2
69,471.6,356.4,8,7,25.2
70,226.8,361.2,9,6,25.2
71,282,386.4,10,7,25.2
72,261.6,361.2,8,6,25.2
73,316.8,386.4,9,7,25.2
74,372,361.2,10,6,25.2
75,351.6,386.4,8,7,25.2
76,406.8,361.2,9,6,25.2
77,462,386.4,10,7,25.2
78,441.6,361.2,8,6,25.2
79,496.8,386.4,9,7,25.2
80,252,391.2,10,6,25.2
81,231.6,416.4,8,7,25.2
82,286.8,391.2,9,6,25.2
83,342,416.4,10,7,25.2
84,321.6,391.2,8,6,25.2
85,376.8,416.4,9,7,25.2
86,432,391.2,10,6,25.2
87,411.6,416.4,8,7,25.2
88,466.8,391.2,9,6,25.2
89,522,416.4,10,7,25.2
90,201.6,421.2,8,6,25.2
91,256.8,446.4,9,7,25.2
92,312,421.2,10,6,25.2
93,291.6,446.4,8,7,25.2
94,346.8,421.2,9,6,25.2
95,402,446.4,10,7,25.2
96,381.6,421.2,8,6,25.2
98,492,421.2,10,6,25.2
99,471.6,446.4,8,7,25.2
100,226.8,451.2,9,6,25.2
102,261.6,451.2,8,6,25.2
103,316.8,476.4,9,7,25.2
104,372,451.2,10,6,25.2
105,351.6,476.4,8,7,25.2
106,406.8,451.2,9,6,25.2
107,462,476.4,10,7,25.2
108,441.6,451.2,8,6,25.2
109,496.8,476.4,9,7,25.2
110,252,481.2,10,6,25.2
111,231.6,506.4,8,7,25.2
112,286.8,481.2,9,6,25.2
113,342,506.4,10,7,25.2
114,321.6,481.2,8,6,25.2
115,376.8,506.4,9,7,25.2
116,432,481.2,10,6,25.2
117,411.6,506.4,8,7,25.2
118,466.8,481.2,9,6,25.2
119,522,506.4,10,7,25.2
120,201.6,511.2,8,6,25.2
121,256.8,536.4,9,7,25.2
122,312,511.2,10,6,25.2
123,291.6,536.4,8,7,25.2
124,346.8,511.2,9,6,25.2
125,402,536.4,10,7,25.2
126,381.6,511.2,8,6,25.2
127,436.8,536.4,9,7,25.2
128,492,511.2,10,6,25.2
129,471.6,536.4,8,7,25.2
131,282,566.4,10,7,25.2
13,317.7,207.1,9,7,25.3
46,407.7,271.8,9,6,25.3
97,437.7,447.1,9,7,25.3
101,283,477.1,10,7,25.3
130,227.7,541.8,9,6,25.3
1,257.7,177.1,9,7,25.3
3,292.4,177.1,8,7,25.3
5,403,177.1,10,7,25.3
7,437.7,177.1,9,7,25.3
8,493,151.8,10,6,25.3
9,472.4,177.1,8,7,25.3
10,227.7,181.8,9,6,25.3
11,283,207.1,10,7,25.3
12,262.4,181.8,8,6,25.3
14,373,181.8,10,6,25.3
15,352.4,207.1,8,7,25.3
16,407.7,181.8,9,6,25.3
17,463,207.1,10,7,25.3
18,442.4,181.8,8,6,25.3
19,497.7,207.1,9,7,25.3
20,253,211.8,10,6,25.3
21,232.4,237.1,8,7,25.3
22,287.7,211.8,9,6,25.3
23,343,237.1,10,7,25.3
24,322.4,211.8,8,6,25.3
26,433,211.8,10,6,25.3
27,412.4,237.1,8,7,25.3
28,467.7,211.8,9,6,25.3
29,523,237.1,10,7,25.3
30,202.4,241.8,8,6,25.3
31,257.7,267.1,9,7,25.3
32,313,241.8,10,6,25.3
33,292.4,267.1,8,7,25.3
34,347.7,241.8,9,6,25.3
35,403,267.1,10,7,25.3
36,382.4,241.8,8,6,25.3
37,437.7,267.1,9,7,25.3
38,493,241.8,10,6,25.3
39,472.4,267.1,8,7,25.3
40,227.7,271.8,9,6,25.3
41,283,297.1,10,7,25.3
42,262.4,271.8,8,6,25.3
43,317.7,297.1,9,7,25.3
44,373,271.8,10,6,25.3
45,352.4,297.1,8,7,25.3
47,463,297.1,10,7,25.3
48,442.4,271.8,8,6,25.3
49,497.7,297.1,9,7,25.3
50,253,301.8,10,6,25.3
51,232.4,327.1,8,7,25.3
52,287.7,301.8,9,6,25.3
53,343,327.1,10,7,25.3
54,322.4,301.8,8,6,25.3
55,377.7,327.1,9,7,25.3
56,433,301.8,10,6,25.3
57,412.4,327.1,8,7,25.3
58,467.7,301.8,9,6,25.3
59,523,327.1,10,7,25.3
60,202.4,331.8,8,6,25.3
61,257.7,357.1,9,7,25.3
62,313,331.8,10,6,25.3
63,292.4,357.1,8,7,25.3
64,347.7,331.8,9,6,25.3
65,403,357.1,10,7,25.3
66,382.4,331.8,8,6,25.3
67,437.7,357.1,9,7,25.3
68,493,331.8,10,6,25.3
69,472.4,357.1,8,7,25.3
70,227.7,361.8,9,6,25.3
71,283,387.1,10,7,25.3
72,262.4,361.8,8,6,25.3
73,317.7,387.1,9,7,25.3
74,373,361.8,10,6,25.3
75,352.4,387.1,8,7,25.3
76,407.7,361.8,9,6,25.3
77,463,387.1,10,7,25.3
78,442.4,361.8,8,6,25.3
79,497.7,387.1,9,7,25.3
80,253,391.8,10,6,25.3
81,232.4,417.1,8,7,25.3
82,287.7,391.8,9,6,25.3
83,343,417.1,10,7,25.3
84,322.4,391.8,8,6,25.3
85,377.7,417.1,9,7,25.3
86,433,391.8,10,6,25.3
87,412.4,417.1,8,7,25.3
88,467.7,391.8,9,6,25.3
89,523,417.1,10,7,25.3
90,202.4,421.8,8,6,25.3
91,257.7,447.1,9,7,25.3
92,313,421.8,10,6,25.3
93,292.4,447.1,8,7,25.3
94,347.7,421.8,9,6,25.3
95,403,447.1,10,7,25.3
96,382.4,421.8,8,6,25.3
98,493,421.8,10,6,25.3
99,472.4,447.1,8,7,25.3
100,227.7,451.8,9,6,25.3
102,262.4,451.8,8,6,25.3
103,317.7,477.1,9,7,25.3
104,373,451.8,10,6,25.3
105,352.4,477.1,8,7,25.3
106,407.7,451.8,9,6,25.3
107,463,477.1,10,7,25.3
108,442.4,451.8,8,6,25.3
109,497.7,477.1,9,7,25.3
110,253,481.8,10,6,25.3
111,232.4,507.1,8,7,25.3
112,287.7,481.8,9,6,25.3
113,343,507.1,10,7,25.3
114,322.4,481.8,8,6,25.3
115,377.7,507.1,9,7,25.3
116,433,481.8,10,6,25.3
117,412.4,507.1,8,7,25.3
118,467.7,481.8,9,6,25.3
119,523,507.1,10,7,25.3
120,202.4,511.8,8,6,25.3
121,257.7,537.1,9,7,25.3
122,313,511.8,10,6,25.3
123,292.4,537.1,8,7,25.3
124,347.7,511.8,9,6,25.3
125,403,537.1,10,7,25.3
126,382.4,511.8,8,6,25.3
127,437.7,537.1,9,7,25.3
128,493,511.8,10,6,25.3
129,472.4,537.1,8,7,25.3
131,283,567.1,10,7,25.3
13,318.6,207.8,9,7,25.4
46,408.6,272.4,9,6,25.4
97,438.6,447.8,9,7,25.4
101,284,477.8,10,7,25.4
130,228.6,542.4,9,6,25.4
1,258.6,177.8,9,7,25.4
3,293.2,177.8,8,7,25.4
5,404,177.8,10,7,25.4
7,438.6,177.8,9,7,25.4
8,494,152.4,10,6,25.4
9,473.2,177.8,8,7,25.4
10,228.6,182.4,9,6,25.4
11,284,207.8,10,7,25.4
12,263.2,182.4,8,6,25.4
14,374,182.4,10,6,25.4
15,353.2,207.8,8,7,25.4
16,408.6,182.4,9,6,25.4
17,464,207.8,10,7,25.4
18,443.2,182.4,8,6,25.4
19,498.6,207.8,9,7,25.4
20,254,212.4,10,6,25.4
21,233.2,237.8,8,7,25.4
22,288.6,212.4,9,6,25.4
23,344,237.8,10,7,25.4
24,323.2,212.4,8,6,25.4
26,434,212.4,10,6,25.4
27,413.2,237.8,8,7,25.4
28,468.6,212.4,9,6,25.4
29,524,237.8,10,7,25.4
30,203.2,242.4,8,6,25.4
31,258.6,267.8,9,7,25.4
32,314,242.4,10,6,25.4
33,293.2,267.8,8,7,25.4
34,348.6,242.4,9,6,25.4
35,404,267.8,10,7,25.4
36,383.2,242.4,8,6,25.4
37,438.6,267.8,9,7,25.4
38,494,242.4,10,6,25.4
39,473.2,267.8,8,7,25.4
40,228.6,272.4,9,6,25.4
41,284,297.8,10,7,25.4
42,263.2,272.4,8,6,25.4
43,318.6,297.8,9,7,25.4
44,374,272.4,10,6,25.4
45,353.2,297.8,8,7,25.4
47,464,297.8,10,7,25.4
48,443.2,272.4,8,6,25.4
49,498.6,297.8,9,7,25.4
50,254,302.4,10,6,25.4
51,233.2,327.8,8,7,25.4
52,288.6,302.4,9,6,25.4
53,344,327.8,10,7,25.4
54,323.2,302.4,8,6,25.4
55,378.6,327.8,9,7,25.4
56,434,302.4,10,6,25.4
57,413.2,327.8,8,7,25.4
58,468.6,302.4,9,6,25.4
59,524,327.8,10,7,25.4
60,203.2,332.4,8,6,25.4
61,258.6,357.8,9,7,25.4
62,314,332.4,10,6,25.4
63,293.2,357.8,8,7,25.4
64,348.6,332.4,9,6,25.4
65,404,357.8,10,7,25.4
66,383.2,332.4,8,6,25.4
67,438.6,357.8,9,7,25.4
68,494,332.4,10,6,25.4
69,473.2,357.8,8,7,25.4
70,228.6,362.4,9,6,25.4
71,284,387.8,10,7,25.4
72,263.2,362.4,8,6,25.4
73,318.6,387.8,9,7,25.4
74,374,362.4,10,6,25.4
75,353.2,387.8,8,7,25.4
76,408.6,362.4,9,6,25.4
77,464,387.8,10,7,25.4
78,443.2,362.4,8,6,25.4
79,498.6,387.8,9,7,25.4
80,254,392.4,10,6,25.4
81,233.2,417.8,8,7,25.4
82,288.6,392.4,9,6,25.4
83,344,417.8,10,7,25.4
84,323.2,392.4,8,6,25.4
85,378.6,417.8,9,7,25.4
86,434,392.4,10,6,25.4
87,413.2,417.8,8,7,25.4
88,468.6,392.4,9,6,25.4
89,524,417.8,10,7,25.4
90,203.2,422.4,8,6,25.4
91,258.6,447.8,9,7,25.4
92,314,422.4,10,6,25.4
93,293.2,447.8,8,7,25.4
94,348.6,422.4,9,6,25.4
95,404,447.8,10,7,25.4
96,383.2,422.4,8,6,25.4
98,494,422.4,10,6,25.4
99,473.2,447.8,8,7,25.4
100,228.6,452.4,9,6,25.4
102,263.2,452.4,8,6,25.4
103,318.6,477.8,9,7,25.4
104,374,452.4,10,6,25.4
105,353.2,477.8,8,7,25.4
106,408.6,452.4,9,6,25.4
107,464,477.8,10,7,25.4
108,443.2,452.4,8,6,25.4
109,498.6,477.8,9,7,25.4
110,254,482.4,10,6,25.4
111,233.2,507.8,8,7,25.4
112,288.6,482.4,9,6,25.4
113,344,507.8,10,7,25.4
114,323.2,482.4,8,6,25.4
115,378.6,507.8,9,7,25.4
116,434,482.4,10,6,25.4
117,413.2,507.8,8,7,25.4
118,468.6,482.4,9,6,25.4
119,524,507.8,10,7,25.4
120,203.2,512.4,8,6,25.4
121,258.6,537.8,9,7,25.4
122,314,512.4,10,6,25.4
123,293.2,537.8,8,7,25.4
124,348.6,512.4,9,6,25.4
125,404,537.8,10,7,25.4
126,383.2,512.4,8,6,25.4
127,438.6,537.8,9,7,25.4
128,494,512.4,10,6,25.4
129,473.2,537.8,8,7,25.4
131,284,567.8,10,7,25.4
13,319.5,208.5,9,7,25.5
46,409.5,273,9,6,25.5
97,439.5,448.5,9,7,25.5
101,285,478.5,10,7,25.5
130,229.5,543,9,6,25.5
1,259.5,178.5,9,7,25.5
3,294,178.5,8,7,25.5
5,405,178.5,10,7,25.5
7,439.5,178.5,9,7,25.5
8,495,153,10,6,25.5
9,474,178.5,8,7,25.5
10,229.5,183,9,6,25.5
11,285,208.5,10,7,25.5
12,264,183,8,6,25.5
14,375,183,10,6,25.5
15,354,208.5,8,7,25.5
16,409.5,183,9,6,25.5
17,465,208.5,10,7,25.5
18,444,183,8,6,25.5
19,499.5,208.5,9,7,25.5
20,255,213,10,6,25.5
21,234,238.5,8,7,25.5
22,289.5,213,9,6,25.5
23,345,238.5,10,7,25.5
24,324,213,8,6,25.5
26,435,213,10,6,25.5
27,414,238.5,8,7,25.5
28,469.5,213,9,6,25.5
29,525,238.5,10,7,25.5
30,204,243,8,6,25.5
31,259.5,268.5,9,7,25.5
32,315,243,10,6,25.5
33,294,268.5,8,7,25.5
34,349.5,243,9,6,25.5
35,405,268.5,10,7,25.5
36,384,243,8,6,25.5
37,439.5,268.5,9,7,25.5
38,495,243,10,6,25.5
39,474,268.5,8,7,25.5
40,229.5,273,9,6,25.5
41,285,298.5,10,7,25.5
42,264,273,8,6,25.5
43,319.5,298.5,9,7,25.5
44,375,273,10,6,25.5
45,354,298.5,8,7,25.5
47,465,298.5,10,7,25.5
48,444,273,8,6,25.5
49,499.5,298.5,9,7,25.5
50,255,303,10,6,25.5
51,234,328.5,8,7,25.5
52,289.5,303,9,6,25.5
53,345,328.5,10,7,25.5
54,324,303,8,6,25.5
55,379.5,328.5,9,7,25.5
56,435,303,10,6,25.5
57,414,328.5,8,7,25.5
58,469.5,303,9,6,25.5
59,525,328.5,10,7,25.5
60,204,333,8,6,25.5
61,259.5,358.5,9,7,25.5
62,315,333,10,6,25.5
63,294,358.5,8,7,25.5
64,349.5,333,9,6,25.5
65,405,358.5,10,7,25.5
66,384,333,8,6,25.5
67,439.5,358.5,9,7,25.5
68,495,333,10,6,25.5
69,474,358.5,8,7,25.5
70,229.5,363,9,6,25.5
71,285,388.5,10,7,25.5
72,264,363,8,6,25.5
73,319.5,388.5,9,7,25.5
74,375,363,10,6,25.5
75,354,388.5,8,7,25.5
76,409.5,363,9,6,25.5
77,465,388.5,10,7,25.5
78,444,363,8,6,25.5
79,499.5,388.5,9,7,25.5
80,255,393,10,6,25.5
81,234,418.5,8,7,25.5
82,289.5,393,9,6,25.5
83,345,418.5,10,7,25.5
84,324,393,8,6,25.5
85,379.5,418.5,9,7,25.5
86,435,393,10,6,25.5
87,414,418.5,8,7,25.5
88,469.5,393,9,6,25.5
89,525,418.5,10,7,25.5
90,204,423,8,6,25.5
91,259.5,448.5,9,7,25.5
92,315,423,10,6,25.5
93,294,448.5,8,7,25.5
94,349.5,423,9,6,25.5
95,405,448.5,10,7,25.5
96,384,423,8,6,25.5
98,495,423,10,6,25.5
99,474,448.5,8,7,25.5
100,229.5,453,9,6,25.5
102,264,453,8,6,25.5
103,319.5,478.5,9,7,25.5
104,375,453,10,6,25.5
105,354,478.5,8,7,25.5
106,409.5,453,9,6,25.5
107,465,478.5,10,7,25.5
108,444,453,8,6,25.5
109,499.5,478.5,9,7,25.5
110,255,483,10,6,25.5
111,234,508.5,8,7,25.5
112,289.5,483,9,6,25.5
113,345,508.5,10,7,25.5
114,324,483,8,6,25.5
115,379.5,508.5,9,7,25.5
116,435,483,10,6,25.5
117,414,508.5,8,7,25.5
118,469.5,483,9,6,25.5
119,525,508.5,10,7,25.5
120,204,513,8,6,25.5
121,259.5,538.5,9,7,25.5
122,315,513,10,6,25.5
123,294,538.5,8,7,25.5
124,349.5,513,9,6,25.5
125,405,538.5,10,7,25.5
126,384,513,8,6,25.5
127,439.5,538.5,9,7,25.5
128,495,513,10,6,25.5
129,474,538.5,8,7,25.5
131,285,568.5,10,7,25.5
13,320.4,209.2,9,7,25.6
46,410.4,273.6,9,6,25.6
97,440.4,449.2,9,7,25.6
101,286,479.2,10,7,25.6
130,230.4,543.6,9,6,25.6
1,260.4,179.2,9,7,25.6
3,294.8,179.2,8,7,25.6
5,406,179.2,10,7,25.6
7,440.4,179.2,9,7,25.6
8,496,153.6,10,6,25.6
9,474.8,179.2,8,7,25.6
10,230.4,183.6,9,6,25.6
11,286,209.2,10,7,25.6
12,264.8,183.6,8,6,25.6
14,376,183.6,10,6,25.6
15,354.8,209.2,8,7,25.6
16,410.4,183.6,9,6,25.6
17,466,209.2,10,7,25.6
18,444.8,183.6,8,6,25.6
19,500.4,209.2,9,7,25.6
20,256,213.6,10,6,25.6
21,234.8,239.2,8,7,25.6
22,290.4,213.6,9,6,25.6
23,346,239.2,10,7,25.6
24,324.8,213.6,8,6,25.6
26,436,213.6,10,6,25.6
27,414.8,239.2,8,7,25.6
28,470.4,213.6,9,6,25.6
29,526,239.2,10,7,25.6
30,204.8,243.6,8,6,25.6
31,260.4,269.2,9,7,25.6
32,316,243.6,10,6,25.6
33,294.8,269.2,8,7,25.6
34,350.4,243.6,9,6,25.6
35,406,269.2,10,7,25.6
36,384.8,243.6,8,6,25.6
37,440.4,269.2,9,7,25.6
38,496,243.6,10,6,25.6
39,474.8,269.2,8,7,25.6
40,230.4,273.6,9,6,25.6
41,286,299.2,10,7,25.6
42,264.8,273.6,8,6,25.6
43,320.4,299.2,9,7,25.6
44,376,273.6,10,6,25.6
45,354.8,299.2,8,7,25.6
47,466,299.2,10,7,25.6
48,444.8,273.6,8,6,25.6
49,500.4,299.2,9,7,25.6
50,256,303.6,10,6,25.6
51,234.8,329.2,8,7,25.6
52,290.4,303.6,9,6,25.6
53,346,329.2,10,7,25.6
54,324.8,303.6,8,6,25.6
55,380.4,329.2,9,7,25.6
56,436,303.6,10,6,25.6
57,414.8,329.2,8,7,25.6
58,470.4,303.6,9,6,25.6
59,526,329.2,10,7,25.6
60,204.8,333.6,8,6,25.6
61,260.4,359.2,9,7,25.6
62,316,333.6,10,6,25.6
63,294.8,359.2,8,7,25.6
64,350.4,333.6,9,6,25.6
65,406,359.2,10,7,25.6
66,384.8,333.6,8,6,25.6
67,440.4,359.2,9,7,25.6
68,496,333.6,10,6,25.6
69,474.8,359.2,8,7,25.6
70,230.4,363.6,9,6,25.6
71,286,389.2,10,7,25.6
72,264.8,363.6,8,6,25.6
73,320.4,389.2,9,7,25.6
74,376,363.6,10,6,25.6
75,354.8,389.2,8,7,25.6
76,410.4,363.6,9,6,25.6
77,466,389.2,10,7,25.6
78,444.8,363.6,8,6,25.6
79,500.4,389.2,9,7,25.6
80,256,393.6,10,6,25.6
81,234.8,419.2,8,7,25.6
82,290.4,393.6,9,6,25.6
83,346,419.2,10,7,25.6
84,324.8,393.6,8,6,25.6
85,380.4,419.2,9,7,25.6
86,436,393.6,10,6,25.6
87,414.8,419.2,8,7,25.6
88,470.4,393.6,9,6,25.6
89,526,419.2,10,7,25.6
90,204.8,423.6,8,6,25.6
91,260.4,449.2,9,7,25.6
92,316,423.6,10,6,25.6
93,294.8,449.2,8,7,25.6
94,350.4,423.6,9,6,25.6
95,406,449.2,10,7,25.6
96,384.8,423.6,8,6,25.6
98,496,423.6,10,6,25.6
99,474.8,449.2,8,7,25.6
100,230.4,453.6,9,6,25.6
102,264.8,453.6,8,6,25.6
103,320.4,479.2,9,7,25.6
104,376,453.6,10,6,25.6
105,354.8,479.2,8,7,25.6
106,410.4,453.6,9,6,25.6
107,466,479.2,10,7,25.6
108,444.8,453.6,8,6,25.6
109,500.4,479.2,9,7,25.6
110,256,483.6,10,6,25.6
111,234.8,509.2,8,7,25.6
112,290.4,483.6,9,6,25.6
113,346,509.2,10,7,25.6
114,324.8,483.6,8,6,25.6
115,380.4,509.2,9,7,25.6
116,436,483.6,10,6,25.6
117,414.8,509.2,8,7,25.6
118,470.4,483.6,9,6,25.6
119,526,509.2,10,7,25.6
120,204.8,513.6,8,6,25.6
121,260.4,539.2,9,7,25.6
122,316,513.6,10,6,25.6
123,294.8,539.2,8,7,25.6
124,350.4,513.6,9,6,25.6
125,406,539.2,10,7,25.6
126,384.8,513.6,8,6,25.6
127,440.4,539.2,9,7,25.6
128,496,513.6,10,6,25.6
129,474.8,539.2,8,7,25.6
131,286,569.2,10,7,25.6
13,321.3,209.9,9,7,25.7
46,411.3,274.2,9,6,25.7
97,441.3,449.9,9,7,25.7
101,287,479.9,10,7,25.7
130,231.3,544.2,9,6,25.7
1,261.3,179.9,9,7,25.7
3,295.6,179.9,8,7,25.7
5,407,179.9,10,7,25.7
7,441.3,179.9,9,7,25.7
8,497,154.2,10,6,25.7
9,475.6,179.9,8,7,25.7
10,231.3,184.2,9,6,25.7
11,287,209.9,10,7,25.7
12,265.6,184.2,8,6,25.7
14,377,184.2,10,6,25.7
15,355.6,209.9,8,7,25.7
16,411.3,184.2,9,6,25.7
17,467,209.9,10,7,25.7
18,445.6,184.2,8,6,25.7
19,501.3,209.9,9,7,25.7
20,257,214.2,10,6,25.7
21,235.6,239.9,8,7,25.7
22,291.3,214.2,9,6,25.7
23,347,239.9,10,7,25.7
24,325.6,214.2,8,6,25.7
26,437,214.2,10,6,25.7
27,415.6,239.9,8,7,25.7
28,471.3,214.2,9,6,25.7
29,527,239.9,10,7,25.7
30,205.6,244.2,8,6,25.7
31,261.3,269.9,9,7,25.7
32,317,244.2,10,6,25.7
33,295.6,269.9,8,7,25.7
34,351.3,244.2,9,6,25.7
35,407,269.9,10,7,25.7
36,385.6,244.2,8,6,25.7
37,441.3,269.9,9,7,25.7
38,497,244.2,10,6,25.7
39,475.6,269.9,8,7,25.7
40,231.3,274.2,9,6,25.7
41,287,299.9,10,7,25.7
42,265.6,274.2,8,6,25.7
43,321.3,299.9,9,7,25.7
44,377,274.2,10,6,25.7
45,355.6,299.9,8,7,25.7
47,467,299.9,10,7,25.7
48,445.6,274.2,8,6,25.7
49,501.3,299.9,9,7,25.7
50,257,304.2,10,6,25.7
51,235.6,329.9,8,7,25.7
52,291.3,304.2,9,6,25.7
53,347,329.9,10,7,25.7
54,325.6,304.2,8,6,25.7
55,381.3,329.9,9,7,25.7
56,437,304.2,10,6,25.7
57,415.6,329.9,8,7,25.7
58,471.3,304.2,9,6,25.7
59,527,329.9,10,7,25.7
60,205.6,334.2,8,6,25.7
61,261.3,359.9,9,7,25.7
62,317,334.2,10,6,25.7
63,295.6,359.9,8,7,25.7
64,351.3,334.2,9,6,25.7
65,407,359.9,10,7,25.7
66,385.6,334.2,8,6,25.7
67,441.3,359.9,9,7,25.7
68,497,334.2,10,6,25.7
69,475.6,359.9,8,7,25.7
70,231.3,364.2,9,6,25.7
71,287,389.9,10,7,25.7
72,265.6,364.2,8,6,25.7
73,321.3,389.9,9,7,25.7
74,377,364.2,10,6,25.7
75,355.6,389.9,8,7,25.7
76,411.3,364.2,9,6,25.7
77,467,389.9,10,7,25.7
78,445.6,364.2,8,6,25.7
79,501.3,389.9,9,7,25.7
80,257,394.2,10,6,25.7
81,235.6,419.9,8,7,25.7
82,291.3,394.2,9,6,25.7
83,347,419.9,10,7,25.7
84,325.6,394.2,8,6,25.7
85,381.3,419.9,9,7,25.7
86,437,394.2,10,6,25.7
87,415.6,419.9,8,7,25.7
88,471.3,394.2,9,6,25.7
89,527,419.9,10,7,25.7
90,205.6,424.2,8,6,25.7
91,261.3,449.9,9,7,25.7
92,317,424.2,10,6,25.7
93,295.6,449.9,8,7,25.7
94,351.3,424.2,9,6,25.7
95,407,449.9,10,7,25.7
96,385.6,424.2,8,6,25.7
98,497,424.2,10,6,25.7
99,475.6,449.9,8,7,25.7
100,231.3,454.2,9,6,25.7
102,265.6,454.2,8,6,25.7
103,321.3,479.9,9,7,25.7
104,377,454.2,10,6,25.7
105,355.6,479.9,8,7,25.7
106,411.3,454.2,9,6,25.7
107,467,479.9,10,7,25.7
108,445.6,454.2,8,6,25.7
109,501.3,479.9,9,7,25.7
110,257,484.2,10,6,25.7
111,235.6,509.9,8,7,25.7
112,291.3,484.2,9,6,25.7
113,347,509.9,10,7,25.7
114,325.6,484.2,8,6,25.7
115,381.3,509.9,9,7,25.7
116,437,484.2,10,6,25.7
117,415.6,509.9,8,7,25.7
118,471.3,484.2,9,6,25.7
119,527,509.9,10,7,25.7
120,205.6,514.2,8,6,25.7
121,261.3,539.9,9,7,25.7
122,317,514.2,10,6,25.7
123,295.6,539.9,8,7,25.7
124,351.3,514.2,9,6,25.7
125,407,539.9,10,7,25.7
126,385.6,514.2,8,6,25.7
127,441.3,539.9,9,7,25.7
128,497,514.2,10,6,25.7
129,475.6,539.9,8,7,25.7
131,287,569.9,10,7,25.7
13,322.2,210.6,9,7,25.8
46,412.2,274.8,9,6,25.8
97,442.2,450.6,9,7,25.8
101,288,480.6,10,7,25.8
130,232.2,544.8,9,6,25.8
1,262.2,180.6,9,7,25.8
3,296.4,180.6,8,7,25.8
5,408,180.6,10,7,25.8
7,442.2,180.6,9,7,25.8
8,498,154.8,10,6,25.8
9,476.4,180.6,8,7,25.8
10,232.2,184.8,9,6,25.8
11,288,210.6,10,7,25.8
12,266.4,184.8,8,6,25.8
14,378,184.8,10,6,25.8
15,356.4,210.6,8,7,25.8
16,412.2,184.8,9,6,25.8
17,468,210.6,10,7,25.8
18,446.4,184.8,8,6,25.8
19,502.2,210.6,9,7,25.8
20,258,214.8,10,6,25.8
21,236.4,240.6,8,7,25.8
22,292.2,214.8,9,6,25.8
23,348,240.6,10,7,25.8
24,326.4,214.8,8,6,25.8
26,438,214.8,10,6,25.8
27,416.4,240.6,8,7,25.8
28,472.2,214.8,9,6,25.8
29,528,240.6,10,7,25.8
30,206.4,244.8,8,6,25.8
31,262.2,270.6,9,7,25.8
32,318,244.8,10,6,25.8
33,296.4,270.6,8,7,25.8
34,352.2,244.8,9,6,25.8
35,408,270.6,10,7,25.8
36,386.4,244.8,8,6,25.8
37,442.2,270.6,9,7,25.8
38,498,244.8,10,6,25.8
39,476.4,270.6,8,7,25.8
40,232.2,274.8,9,6,25.8
41,288,300.6,10,7,25.8
42,266.4,274.8,8,6,25.8
43,322.2,300.6,9,7,25.8
44,378,274.8,10,6,25.8
45,356.4,300.6,8,7,25.8
47,468,300.6,10,7,25.8
48,446.4,274.8,8,6,25.8
49,502.2,300.6,9,7,25.8
50,258,304.8,10,6,25.8
51,236.4,330.6,8,7,25.8
52,292.2,304.8,9,6,25.8
53,348,330.6,10,7,25.8
54,326.4,304.8,8,6,25.8
55,382.2,330.6,9,7,25.8
56,438,304.8,10,6,25.8
57,416.4,330.6,8,7,25.8
58,472.2,304.8,9,6,25.8
59,528,330.6,10,7,25.8
60,206.4,334.8,8,6,25.8
61,262.2,360.6,9,7,25.8
62,318,334.8,10,6,25.8
63,296.4,360.6,8,7,25.8
64,352.2,334.8,9,6,25.8
65,408,360.6,10,7,25.8
66,386.4,334.8,8,6,25.8
67,442.2,360.6,9,7,25.8
68,498,334.8,10,6,25.8
69,476.4,360.6,8,7,25.8
70,232.2,364.8,9,6,25.8
71,288,390.6,10,7,25.8
72,266.4,364.8,8,6,25.8
73,322.2,390.6,9,7,25.8
74,378,364.8,10,6,25.8
75,356.4,390.6,8,7,25.8
76,412.2,364.8,9,6,25.8
77,468,390.6,10,7,25.8
78,446.4,364.8,8,6,25.8
79,502.2,390.6,9,7,25.8
80,258,394.8,10,6,25.8
81,236.4,420.6,8,7,25.8
82,292.2,394.8,9,6,25.8
83,348,420.6,10,7,25.8
84,326.4,394.8,8,6,25.8
85,382.2,420.6,9,7,25.8
86,438,394.8,10,6,25.8
87,416.4,420.6,8,7,25.8
88,472.2,394.8,9,6,25.8
89,528,420.6,10,7,25.8
90,206.4,424.8,8,6,25.8
91,262.2,450.6,9,7,25.8
92,318,424.8,10,6,25.8
93,296.4,450.6,8,7,25.8
94,352.2,424.8,9,6,25.8
95,408,450.6,10,7,25.8
96,386.4,424.8,8,6,25.8
98,498,424.8,10,6,25.8
99,476.4,450.6,8,7,25.8
100,232.2,454.8,9,6,25.8
102,266.4,454.8,8,6,25.8
103,322.2,480.6,9,7,25.8
104,378,454.8,10,6,25.8
105,356.4,480.6,8,7,25.8
106,412.2,454.8,9,6,25.8
107,468,480.6,10,7,25.8
108,446.4,454.8,8,6,25.8
109,502.2,480.6,9,7,25.8
110,258,484.8,10,6,25.8
111,236.4,510.6,8,7,25.8
112,292.2,484.8,9,6,25.8
113,348,510.6,10,7,25.8
114,326.4,484.8,8,6,25.8
115,382.2,510.6,9,7,25.8
116,438,484.8,10,6,25.8
117,416.4,510.6,8,7,25.8
118,472.2,484.8,9,6,25.8
119,528,510.6,10,7,25.8
120,206.4,514.8,8,6,25.8
121,262.2,540.6,9,7,25.8
122,318,514.8,10,6,25.8
123,296.4,540.6,8,7,25.8
124,352.2,514.8,9,6,25.8
125,408,540.6,10,7,25.8
126,386.4,514.8,8,6,25.8
127,442.2,540.6,9,7,25.8
128,498,514.8,10,6,25.8
129,476.4,540.6,8,7,25.8
131,288,570.6,10,7,25.8
13,323.1,211.3,9,7,25.9
46,413.1,275.4,9,6,25.9
97,443.1,451.3,9,7,25.9
101,289,481.3,10,7,25.9
130,233.1,545.4,9,6,25.9
1,263.1,181.3,9,7,25.9
3,297.2,181.3,8,7,25.9
5,409,181.3,10,7,25.9
7,443.1,181.3,9,7,25.9
8,499,155.4,10,6,25.9
9,477.2,181.3,8,7,25.9
10,233.1,185.4,9,6,25.9
11,289,211.3,10,7,25.9
12,267.2,185.4,8,6,25.9
14,379,185.4,10,6,25.9
15,357.2,211.3,8,7,25.9
16,413.1,185.4,9,6,25.9
17,469,211.3,10,7,25.9
18,447.2,185.4,8,6,25.9
19,503.1,211.3,9,7,25.9
20,259,215.4,10,6,25.9
21,237.2,241.3,8,7,25.9
22,293.1,215.4,9,6,25.9
23,349,241.3,10,7,25.9
24,327.2,215.4,8,6,25.9
26,439,215.4,10,6,25.9
27,417.2,241.3,8,7,25.9
28,473.1,215.4,9,6,25.9
29,529,241.3,10,7,25.9
30,207.2,245.4,8,6,25.9
31,263.1,271.3,9,7,25.9
32,319,245.4,10,6,25.9
33,297.2,271.3,8,7,25.9
34,353.1,245.4,9,6,25.9
35,409,271.3,10,7,25.9
36,387.2,245.4,8,6,25.9
37,443.1,271.3,9,7,25.9
38,499,245.4,10,6,25.9
39,477.2,271.3,8,7,25.9
40,233.1,275.4,9,6,25.9
41,289,301.3,10,7,25.9
42,267.2,275.4,8,6,25.9
43,323.1,301.3,9,7,25.9
44,379,275.4,10,6,25.9
45,357.2,301.3,8,7,25.9
47,469,301.3,10,7,25.9
48,447.2,275.4,8,6,25.9
49,503.1,301.3,9,7,25.9
50,259,305.4,10,6,25.9
51,237.2,331.3,8,7,25.9
52,293.1,305.4,9,6,25.9
53,349,331.3,10,7,25.9
54,327.2,305.4,8,6,25.9
55,383.1,331.3,9,7,25.9
56,439,305.4,10,6,25.9
57,417.2,331.3,8,7,25.9
58,473.1,305.4,9,6,25.9
59,529,331.3,10,7,25.9
60,207.2,335.4,8,6,25.9
61,263.1,361.3,9,7,25.9
62,319,335.4,10,6,25.9
63,297.2,361.3,8,7,25.9
64,353.1,335.4,9,6,25.9
65,409,361.3,10,7,25.9
66,387.2,335.4,8,6,25.9
67,443.1,361.3,9,7,25.9
68,499,335.4,10,6,25.9
69,477.2,361.3,8,7,25.9
70,233.1,365.4,9,6,25.9
71,289,391.3,10,7,25.9
72,267.2,365.4,8,6,25.9
73,323.1,391.3,9,7,25.9
74,379,365.4,10,6,25.9
75,357.2,391.3,8,7,25.9
76,413.1,365.4,9,6,25.9
77,469,391.3,10,7,25.9
78,447.2,365.4,8,6,25.9
79,503.1,391.3,9,7,25.9
80,259,395.4,10,6,25.9
81,237.2,421.3,8,7,25.9
82,293.1,395.4,9,6,25.9
83,349,421.3,10,7,25.9
84,327.2,395.4,8,6,25.9
85,383.1,421.3,9,7,25.9
86,439,395.4,10,6,25.9
87,417.2,421.3,8,7,25.9
88,473.1,395.4,9,6,25.9
89,529,421.3,10,7,25.9
90,207.2,425.4,8,6,25.9
91,263.1,451.3,9,7,25.9
92,319,425.4,10,6,25.9
93,297.2,451.3,8,7,25.9
94,353.1,425.4,9,6,25.9
95,409,451.3,10,7,25.9
96,387.2,425.4,8,6,25.9
98,499,425.4,10,6,25.9
99,477.2,451.3,8,7,25.9
100,233.1,455.4,9,6,25.9
102,267.2,455.4,8,6,25.9
103,323.1,481.3,9,7,25.9
104,379,455.4,10,6,25.9
105,357.2,481.3,8,7,25.9
106,413.1,455.4,9,6,25.9
107,469,481.3,10,7,25.9
108,447.2,455.4,8,6,25.9
109,503.1,481.3,9,7,25.9
110,259,485.4,10,6,25.9
111,237.2,511.3,8,7,25.9
112,293.1,485.4,9,6,25.9
113,349,511.3,10,7,25.9
114,327.2,485.4,8,6,25.9
115,383.1,511.3,9,7,25.9
116,439,485.4,10,6,25.9
117,417.2,511.3,8,7,25.9
118,473.1,485.4,9,6,25.9
119,529,511.3,10,7,25.9
120,207.2,515.4,8,6,25.9
121,263.1,541.3,9,7,25.9
122,319,515.4,10,6,25.9
123,297.2,541.3,8,7,25.9
124,353.1,515.4,9,6,25.9
125,409,541.3,10,7,25.9
126,387.2,515.4,8,6,25.9
127,443.1,541.3,9,7,25.9
128,499,515.4,10,6,25.9
129,477.2,541.3,8,7,25.9
131,289,571.3,10,7,25.9
13,324,212,9,7,26
46,414,276,9,6,26
97,444,452,9,7,26
101,290,482,10,7,26
130,234,546,9,6,26
1,264,182,9,7,26
3,298,182,8,7,26
5,410,182,10,7,26
7,444,182,9,7,26
8,500,156,10,6,26
9,478,182,8,7,26
10,234,186,9,6,26
11,290,212,10,7,26
12,268,186,8,6,26
14,380,186,10,6,26
15,358,212,8,7,26
16,414,186,9,6,26
17,470,212,10,7,26
18,448,186,8,6,26
19,504,212,9,7,26
20,260,216,10,6,26
21,238,242,8,7,26
22,294,216,9,6,26
23,350,242,10,7,26
24,328,216,8,6,26
26,440,216,10,6,26
27,418,242,8,7,26
28,474,216,9,6,26
29,530,242,10,7,26
30,208,246,8,6,26
31,264,272,9,7,26
32,320,246,10,6,26
33,298,272,8,7,26
34,354,246,9,6,26
35,410,272,10,7,26
36,388,246,8,6,26
37,444,272,9,7,26
38,500,246,10,6,26
39,478,272,8,7,26
40,234,276,9,6,26
41,290,302,10,7,26
42,268,276,8,6,26
43,324,302,9,7,26
44,380,276,10,6,26
45,358,302,8,7,26
47,470,302,10,7,26
48,448,276,8,6,26
49,504,302,9,7,26
50,260,306,10,6,26
51,238,332,8,7,26
52,294,306,9,6,26
53,350,332,10,7,26
54,328,306,8,6,26
55,384,332,9,7,26
56,440,306,10,6,26
57,418,332,8,7,26
58,474,306,9,6,26
59,530,332,10,7,26
60,208,336,8,6,26
61,264,362,9,7,26
62,320,336,10,6,26
63,298,362,8,7,26
64,354,336,9,6,26
65,410,362,10,7,26
66,388,336,8,6,26
67,444,362,9,7,26
68,500,336,10,6,26
69,478,362,8,7,26
70,234,366,9,6,26
71,290,392,10,7,26
72,268,366,8,6,26
73,324,392,9,7,26
74,380,366,10,6,26
75,358,392,8,7,26
76,414,366,9,6,26
77,470,392,10,7,26
78,448,366,8,6,26
79,504,392,9,7,26
80,260,396,10,6,26
81,238,422,8,7,26
82,294,396,9,6,26
83,350,422,10,7,26
84,328,396,8,6,26
85,384,422,9,7,26
86,440,396,10,6,26
87,418,422,8,7,26
88,474,396,9,6,26
89,530,422,10,7,26
90,208,426,8,6,26
91,264,452,9,7,26
92,320,426,10,6,26
93,298,452,8,7,26
94,354,426,9,6,26
95,410,452,10,7,26
96,388,426,8,6,26
98,500,426,10,6,26
99,478,452,8,7,26
100,234,456,9,6,26
102,268,456,8,6,26
103,324,482,9,7,26
104,380,456,10,6,26
105,358,482,8,7,26
106,414,456,9,6,26
107,470,482,10,7,26
108,448,456,8,6,26
109,504,482,9,7,26
110,260,486,10,6,26
111,238,512,8,7,26
112,294,486,9,6,26
113,350,512,10,7,26
114,328,486,8,6,26
115,384,512,9,7,26
116,440,486,10,6,26
117,418,512,8,7,26
118,474,486,9,6,26
119,530,512,10,7,26
120,208,516,8,6,26
121,264,542,9,7,26
122,320,516,10,6,26
123,298,542,8,7,26
124,354,516,9,6,26
125,410,542,10,7,26
126,388,516,8,6,26
127,444,542,9,7,26
128,500,516,10,6,26
129,478,542,8,7,26
131,290,572,10,7,26
13,324.9,212.7,9,7,26.1
46,414.9,276.6,9,6,26.1
97,444.9,452.7,9,7,26.1
101,291,482.7,10,7,26.1
130,234.9,546.6,9,6,26.1
1,264.9,182.7,9,7,26.1
3,298.8,182.7,8,7,26.1
5,411,182.7,10,7,26.1
7,444.9,182.7,9,7,26.1
8,501,156.6,10,6,26.1
9,478.8,182.7,8,7,26.1
10,234.9,186.6,9,6,26.1
11,291,212.7,10,7,26.1
12,268.8,186.6,8,6,26.1
14,381,186.6,10,6,26.1
15,358.8,212.7,8,7,26.1
16,414.9,186.6,9,6,26.1
17,471,212.7,10,7,26.1
18,448.8,186.6,8,6,26.1
19,504.9,212.7,9,7,26.1
20,261,216.6,10,6,26.1
21,238.8,242.7,8,7,26.1
22,294.9,216.6,9,6,26.1
23,351,242.7,10,7,26.1
24,328.8,216.6,8,6,26.1
26,441,216.6,10,6,26.1
27,418.8,242.7,8,7,26.1
28,474.9,216.6,9,6,26.1
29,531,242.7,10,7,26.1
30,208.8,246.6,8,6,26.1
31,264.9,272.7,9,7,26.1
32,321,246.6,10,6,26.1
33,298.8,272.7,8,7,26.1
34,354.9,246.6,9,6,26.1
35,411,272.7,10,7,26.1
36,388.8,246.6,8,6,26.1
37,444.9,272.7,9,7,26.1
38,501,246.6,10,6,26.1
39,478.8,272.7,8,7,26.1
40,234.9,276.6,9,6,26.1
41,291,302.7,10,7,26.1
42,268.8,276.6,8,6,26.1
43,324.9,302.7,9,7,26.1
44,381,276.6,10,6,26.1
45,358.8,302.7,8,7,26.1
47,471,302.7,10,7,26.1
48,448.8,276.6,8,6,26.1
49,504.9,302.7,9,7,26.1
50,261,306.6,10,6,26.1
51,238.8,332.7,8,7,26.1
52,294.9,306.6,9,6,26.1
53,351,332.7,10,7,26.1
54,328.8,306.6,8,6,26.1
55,384.9,332.7,9,7,26.1
56,441,306.6,10,6,26.1
57,418.8,332.7,8,7,26.1
58,474.9,306.6,9,6,26.1
59,531,332.7,10,7,26.1
60,208.8,336.6,8,6,26.1
61,264.9,362.7,9,7,26.1
62,321,336.6,10,6,26.1
63,298.8,362.7,8,7,26.1
64,354.9,336.6,9,6,26.1
65,411,362.7,10,7,26.1
66,388.8,336.6,8,6,26.1
67,444.9,362.7,9,7,26.1
68,501,336.6,10,6,26.1
69,478.8,362.7,8,7,26.1
70,234.9,366.6,9,6,26.1
71,291,392.7,10,7,26.1
72,268.8,366.6,8,6,26.1
73,324.9,392.7,9,7,26.1
74,381,366.6,10,6,26.1
75,358.8,392.7,8,7,26.1
76,414.9,366.6,9,6,26.1
77,471,392.7,10,7,26.1
78,448.8,366.6,8,6,26.1
79,504.9,392.7,9,7,26.1
80,261,396.6,10,6,26.1
81,238.8,422.7,8,7,26.1
82,294.9,396.6,9,6,26.1
83,351,422.7,10,7,26.1
84,328.8,396.6,8,6,26.1
85,384.9,422.7,9,7,26.1
86,441,396.6,10,6,26.1
87,418.8,422.7,8,7,26.1
88,474.9,396.6,9,6,26.1
89,531,422.7,10,7,26.1
90,208.8,426.6,8,6,26.1
91,264.9,452.7,9,7,26.1
92,321,426.6,10,6,26.1
93,298.8,452.7,8,7,26.1
94,354.9,426.6,9,6,26.1
95,411,452.7,10,7,26.1
96,388.8,426.6,8,6,26.1
98,501,426.6,10,6,26.1
99,478.8,452.7,8,7,26.1
100,234.9,456.6,9,6,26.1
102,268.8,456.6,8,6,26.1
103,324.9,482.7,9,7,26.1
104,381,456.6,10,6,26.1
105,358.8,482.7,8,7,26.1
106,414.9,456.6,9,6,26.1
107,471,482.7,10,7,26.1
108,448.8,456.6,8,6,26.1
109,504.9,482.7,9,7,26.1
110,261,486.6,10,6,26.1
111,238.8,512.7,8,7,26.1
112,294.9,486.6,9,6,26.1
113,351,512.7,10,7,26.1
114,328.8,486.6,8,6,26.1
115,384.9,512.7,9,7,26.1
116,441,486.6,10,6,26.1
117,418.8,512.7,8,7,26.1
118,474.9,486.6,9,6,26.1
119,531,512.7,10,7,26.1
120,208.8,516.6,8,6,26.1
121,264.9,542.7,9,7,26.1
122,321,516.6,10,6,26.1
123,298.8,542.7,8,7,26.1
124,354.9,516.6,9,6,26.1
125,411,542.7,10,7,26.1
126,388.8,516.6,8,6,26.1
127,444.9,542.7,9,7,26.1
128,501,516.6,10,6,26.1
129,478.8,542.7,8,7,26.1
131,291,572.7,10,7,26.1
13,325.8,213.4,9,7,26.2
46,415.8,277.2,9,6,26.2
97,445.8,453.4,9,7,26.2
101,292,483.4,10,7,26.2
130,235.8,547.2,9,6,26.2
1,265.8,183.4,9,7,26.2
3,299.6,183.4,8,7,26.2
5,412,183.4,10,7,26.2
7,445.8,183.4,9,7,26.2
8,502,157.2,10,6,26.2
9,479.6,183.4,8,7,26.2
10,235.8,187.2,9,6,26.2
11,292,213.4,10,7,26.2
12,269.6,187.2,8,6,26.2
14,382,187.2,10,6,26.2
15,359.6,213.4,8,7,26.2
16,415.8,187.2,9,6,26.2
17,472,213.4,10,7,26.2
18,449.6,187.2,8,6,26.2
19,505.8,213.4,9,7,26.2
20,262,217.2,10,6,26.2
21,239.6,243.4,8,7,26.2
22,295.8,217.2,9,6,26.2
23,352,243.4,10,7,26.2
24,329.6,217.2,8,6,26.2
26,442,217.2,10,6,26.2
27,419.6,243.4,8,7,26.2
28,475.8,217.2,9,6,26.2
29,532,243.4,10,7,26.2
30,209.6,247.2,8,6,26.2
31,265.8,273.4,9,7,26.2
32,322,247.2,10,6,26.2
33,299.6,273.4,8,7,26.2
34,355.8,247.2,9,6,26.2
35,412,273.4,10,7,26.2
36,389.6,247.2,8,6,26.2
37,445.8,273.4,9,7,26.2
38,502,247.2,10,6,26.2
39,479.6,273.4,8,7,26.2
40,235.8,277.2,9,6,26.2
41,292,303.4,10,7,26.2
42,269.6,277.2,8,6,26.2
43,325.8,303.4,9,7,26.2
44,382,277.2,10,6,26.2
45,359.6,303.4,8,7,26.2
47,472,303.4,10,7,26.2
48,449.6,277.2,8,6,26.2
49,505.8,303.4,9,7,26.2
50,262,307.2,10,6,26.2
51,239.6,333.4,8,7,26.2
52,295.8,307.2,9,6,26.2
53,352,333.4,10,7,26.2
54,329.6,307.2,8,6,26.2
55,385.8,333.4,9,7,26.2
56,442,307.2,10,6,26.2
57,419.6,333.4,8,7,26.2
58,475.8,307.2,9,6,26.2
59,532,333.4,10,7,26.2
60,209.6,337.2,8,6,26.2
61,265.8,363.4,9,7,26.2
62,322,337.2,10,6,26.2
63,299.6,363.4,8,7,26.2
64,355.8,337.2,9,6,26.2
65,412,363.4,10,7,26.2
66,389.6,337.2,8,6,26.2
67,445.8,363.4,9,7,26.2
68,502,337.2,10,6,26.2
69,479.6,363.4,8,7,26.2
70,235.8,367.2,9,6,26.2
71,292,393.4,10,7,26.2
72,269.6,367.2,8,6,26.2
73,325.8,393.4,9,7,26.2
74,382,367.2,10,6,26.2
75,359.6,393.4,8,7,26.2
76,415.8,367.2,9,6,26.2
77,472,393.4,10,7,26.2
78,449.6,367.2,8,6,26.2
79,505.8,393.4,9,7,26.2
80,262,397.2,10,6,26.2
81,239.6,423.4,8,7,26.2
82,295.8,397.2,9,6,26.2
83,352,423.4,10,7,26.2
84,329.6,397.2,8,6,26.2
85,385.8,423.4,9,7,26.2
86,442,397.2,10,6,26.2
87,419.6,423.4,8,7,26.2
88,475.8,397.2,9,6,26.2
89,532,423.4,10,7,26.2
90,209.6,427.2,8,6,26.2
91,265.8,453.4,9,7,26.2
92,322,427.2,10,6,26.2
93,299.6,453.4,8,7,26.2
94,355.8,427.2,9,6,26.2
95,412,453.4,10,7,26.2
96,389.6,427.2,8,6,26.2
98,502,427.2,10,6,26.2
99,479.6,453.4,8,7,26.2
100,235.8,457.2,9,6,26.2
102,269.6,457.2,8,6,26.2
103,325.8,483.4,9,7,26.2
104,382,457.2,10,6,26.2
105,359.6,483.4,8,7,26.2
106,415.8,457.2,9,6,26.2
107,472,483.4,10,7,26.2
108,449.6,457.2,8,6,26.2
109,505.8,483.4,9,7,26.2
110,262,487.2,10,6,26.2
111,239.6,513.4,8,7,26.2
112,295.8,487.2,9,6,26.2
113,352,513.4,10,7,26.2
114,329.6,487.2,8,6,26.2
115,385.8,513.4,9,7,26.2
116,442,487.2,10,6,26.2
117,419.6,513.4,8,7,26.2
118,475.8,487.2,9,6,26.2
119,532,513.4,10,7,26.2
120,209.6,517.2,8,6,26.2
121,265.8,543.4,9,7,26.2
122,322,517.2,10,6,26.2
123,299.6,543.4,8,7,26.2
124,355.8,517.2,9,6,26.2
125,412,543.4,10,7,26.2
126,389.6,517.2,8,6,26.2
127,445.8,543.4,9,7,26.2
128,502,517.2,10,6,26.2
129,479.6,543.4,8,7,26.2
131,292,573.4,10,7,26.2
13,326.7,214.1,9,7,26.3
46,416.7,277.8,9,6,26.3
97,446.7,454.1,9,7,26.3
101,293,484.1,10,7,26.3
130,236.7,547.8,9,6,26.3
1,266.7,184.1,9,7,26.3
3,300.4,184.1,8,7,26.3
5,413,184.1,10,7,26.3
7,446.7,184.1,9,7,26.3
8,503,157.8,10,6,26.3
9,480.4,184.1,8,7,26.3
10,236.7,187.8,9,6,26.3
11,293,214.1,10,7,26.3
12,270.4,187.8,8,6,26.3
14,383,187.8,10,6,26.3
15,360.4,214.1,8,7,26.3
16,416.7,187.8,9,6,26.3
17,473,214.1,10,7,26.3
18,450.4,187.8,8,6,26.3
19,506.7,214.1,9,7,26.3
20,263,217.8,10,6,26.3
21,240.4,244.1,8,7,26.3
22,296.7,217.8,9,6,26.3
23,353,244.1,10,7,26.3
24,330.4,217.8,8,6,26.3
26,443,217.8,10,6,26.3
27,420.4,244.1,8,7,26.3
28,476.7,217.8,9,6,26.3
29,533,244.1,10,7,26.3
30,210.4,247.8,8,6,26.3
31,266.7,274.1,9,7,26.3
32,323,247.8,10,6,26.3
33,300.4,274.1,8,7,26.3
34,356.7,247.8,9,6,26.3
35,413,274.1,10,7,26.3
36,390.4,247.8,8,6,26.3
37,446.7,274.1,9,7,26.3
38,503,247.8,10,6,26.3
39,480.4,274.1,8,7,26.3
40,236.7,277.8,9,6,26.3
41,293,304.1,10,7,26.3
42,270.4,277.8,8,6,26.3
43,326.7,304.1,9,7,26.3
44,383,277.8,10,6,26.3
45,360.4,304.1,8,7,26.3
47,473,304.1,10,7,26.3
48,450.4,277.8,8,6,26.3
49,506.7,304.1,9,7,26.3
50,263,307.8,10,6,26.3
51,240.4,334.1,8,7,26.3
52,296.7,307.8,9,6,26.3
53,353,334.1,10,7,26.3
54,330.4,307.8,8,6,26.3
55,386.7,334.1,9,7,26.3
56,443,307.8,10,6,26.3
57,420.4,334.1,8,7,26.3
58,476.7,307.8,9,6,26.3
59,533,334.1,10,7,26.3
60,210.4,337.8,8,6,26.3
61,266.7,364.1,9,7,26.3
62,323,337.8,10,6,26.3
63,300.4,364.1,8,7,26.3
64,356.7,337.8,9,6,26.3
65,413,364.1,10,7,26.3
66,390.4,337.8,8,6,26.3
67,446.7,364.1,9,7,26.3
68,503,337.8,10,6,26.3
69,480.4,364.1,8,7,26.3
70,236.7,367.8,9,6,26.3
71,293,394.1,10,7,26.3
72,270.4,367.8,8,6,26.3
73,326.7,394.1,9,7,26.3
74,383,367.8,10,6,26.3
75,360.4,394.1,8,7,26.3
76,416.7,367.8,9,6,26.3
77,473,394.1,10,7,26.3
78,450.4,367.8,8,6,26.3
79,506.7,394.1,9,7,26.3
80,263,397.8,10,6,26.3
81,240.4,424.1,8,7,26.3
82,296.7,397.8,9,6,26.3
83,353,424.1,10,7,26.3
84,330.4,397.8,8,6,26.3
85,386.7,424.1,9,7,26.3
86,443,397.8,10,6,26.3
87,420.4,424.1,8,7,26.3
88,476.7,397.8,9,6,26.3
89,533,424.1,10,7,26.3
90,210.4,427.8,8,6,26.3
91,266.7,454.1,9,7,26.3
92,323,427.8,10,6,26.3
93,300.4,454.1,8,7,26.3
94,356.7,427.8,9,6,26.3
95,413,454.1,10,7,26.3
96,390.4,427.8,8,6,26.3
98,503,427.8,10,6,26.3
99,480.4,454.1,8,7,26.3
100,236.7,457.8,9,6,26.3
102,270.4,457.8,8,6,26.3
103,326.7,484.1,9,7,26.3
104,383,457.8,10,6,26.3
105,360.4,484.1,8,7,26.3
106,416.7,457.8,9,6,26.3
107,473,484.1,10,7,26.3
108,450.4,457.8,8,6,26.3
109,506.7,484.1,9,7,26.3
110,263,487.8,10,6,26.3
111,240.4,514.1,8,7,26.3
112,296.7,487.8,9,6,26.3
113,353,514.1,10,7,26.3
114,330.4,487.8,8,6,26.3
115,386.7,514.1,9,7,26.3
116,443,487.8,10,6,26.3
117,420.4,514.1,8,7,26.3
118,476.7,487.8,9,6,26.3
119,533,514.1,10,7,26.3
120,210.4,517.8,8,6,26.3
121,266.7,544.1,9,7,26.3
122,323,517.8,10,6,26.3
123,300.4,544.1,8,7,26.3
124,356.7,517.8,9,6,26.3
125,413,544.1,10,7,26.3
126,390.4,517.8,8,6,26.3
127,446.7,544.1,9,7,26.3
128,503,517.8,10,6,26.3
129,480.4,544.1,8,7,26.3
131,293,574.1,10,7,26.3
13,327.6,214.8,9,7,26.4
46,417.6,278.4,9,6,26.4
97,447.6,454.8,9,7,26.4
101,294,484.8,10,7,26.4
130,237.6,548.4,9,6,26.4
1,267.6,184.8,9,7,26.4
3,301.2,184.8,8,7,26.4
5,414,184.8,10,7,26.4
7,447.6,184.8,9,7,26.4
8,504,158.4,10,6,26.4
9,481.2,184.8,8,7,26.4
10,237.6,188.4,9,6,26.4
11,294,214.8,10,7,26.4
12,271.2,188.4,8,6,26.4
14,384,188.4,10,6,26.4
15,361.2,214.8,8,7,26.4
16,417.6,188.4,9,6,26.4
17,474,214.8,10,7,26.4
18,451.2,188.4,8,6,26.4
19,507.6,214.8,9,7,26.4
20,264,218.4,10,6,26.4
21,241.2,244.8,8,7,26.4
22,297.6,218.4,9,6,26.4
23,354,244.8,10,7,26.4
24,331.2,218.4,8,6,26.4
26,444,218.4,10,6,26.4
27,421.2,244.8,8,7,26.4
28,477.6,218.4,9,6,26.4
29,534,244.8,10,7,26.4
30,211.2,248.4,8,6,26.4
31,267.6,274.8,9,7,26.4
32,324,248.4,10,6,26.4
33,301.2,274.8,8,7,26.4
34,357.6,248.4,9,6,26.4
35,414,274.8,10,7,26.4
36,391.2,248.4,8,6,26.4
37,447.6,274.8,9,7,26.4
38,504,248.4,10,6,26.4
39,481.2,274.8,8,7,26.4
40,237.6,278.4,9,6,26.4
41,294,304.8,10,7,26.4
42,271.2,278.4,8,6,26.4
43,327.6,304.8,9,7,26.4
44,384,278.4,10,6,26.4
45,361.2,304.8,8,7,26.4
47,474,304.8,10,7,26.4
48,451.2,278.4,8,6,26.4
49,507.6,304.8,9,7,26.4
50,264,308.4,10,6,26.4
51,241.2,334.8,8,7,26.4
52,297.6,308.4,9,6,26.4
53,354,334.8,10,7,26.4
54,331.2,308.4,8,6,26.4
55,387.6,334.8,9,7,26.4
56,444,308.4,10,6,26.4
57,421.2,334.8,8,7,26.4
58,477.6,308.4,9,6,26.4
59,534,334.8,10,7,26.4
60,211.2,338.4,8,6,26.4
61,267.6,364.8,9,7,26.4
62,324,338.4,10,6,26.4
63,301.2,364.8,8,7,26.4
64,357.6,338.4,9,6,26.4
65,414,364.8,10,7,26.4
66,391.2,338.4,8,6,26.4
67,447.6,364.8,9,7,26.4
68,504,338.4,10,6,26.4
69,481.2,364.8,8,7,26.4
70,237.6,368.4,9,6,26.4
71,294,394.8,10,7,26.4
72,271.2,368.4,8,6,26.4
73,327.6,394.8,9,7,26.4
74,384,368.4,10,6,26.4
75,361.2,394.8,8,7,26.4
76,417.6,368.4,9,6,26.4
77,474,394.8,10,7,26.4
78,451.2,368.4,8,6,26.4
79,507.6,394.8,9,7,26.4
80,264,398.4,10,6,26.4
81,241.2,424.8,8,7,26.4
82,297.6,398.4,9,6,26.4
83,354,424.8,10,7,26.4
84,331.2,398.4,8,6,26.4
85,387.6,424.8,9,7,26.4
86,444,398.4,10,6,26.4
87,421.2,424.8,8,7,26.4
88,477.6,398.4,9,6,26.4
89,534,424.8,10,7,26.4
90,211.2,428.4,8,6,26.4
91,267.6,454.8,9,7,26.4
92,324,428.4,10,6,26.4
93,301.2,454.8,8,7,26.4
94,357.6,428.4,9,6,26.4
95,414,454.8,10,7,26.4
96,391.2,428.4,8,6,26.4
98,504,428.4,10,6,26.4
99,481.2,454.8,8,7,26.4
100,237.6,458.4,9,6,26.4
102,271.2,458.4,8,6,26.4
103,327.6,484.8,9,7,26.4
104,384,458.4,10,6,26.4
105,361.2,484.8,8,7,26.4
106,417.6,458.4,9,6,26.4
107,474,484.8,10,7,26.4
108,451.2,458.4,8,6,26.4
109,507.6,484.8,9,7,26.4
110,264,488.4,10,6,26.4
111,241.2,514.8,8,7,26.4
112,297.6,488.4,9,6,26.4
113,354,514.8,10,7,26.4
114,331.2,488.4,8,6,26.4
115,387.6,514.8,9,7,26.4
116,444,488.4,10,6,26.4
117,421.2,514.8,8,7,26.4
118,477.6,488.4,9,6,26.4
119,534,514.8,10,7,26.4
120,211.2,518.4,8,6,26.4
121,267.6,544.8,9,7,26.4
122,324,518.4,10,6,26.4
123,301.2,544.8,8,7,26.4
124,357.6,518.4,9,6,26.4
125,414,544.8,10,7,26.4
126,391.2,518.4,8,6,26.4
127,447.6,544.8,9,7,26.4
128,504,518.4,10,6,26.4
129,481.2,544.8,8,7,26.4
131,294,574.8,10,7,26.4
13,328.5,215.5,9,7,26.5
46,418.5,279,9,6,26.5
97,448.5,455.5,9,7,26.5
101,295,485.5,10,7,26.5
130,238.5,549,9,6,26.5
1,268.5,185.5,9,7,26.5
3,302,185.5,8,7,26.5
5,415,185.5,10,7,26.5
7,448.5,185.5,9,7,26.5
8,505,159,10,6,26.5
9,482,185.5,8,7,26.5
10,238.5,189,9,6,26.5
11,295,215.5,10,7,26.5
12,272,189,8,6,26.5
14,385,189,10,6,26.5
15,362,215.5,8,7,26.5
16,418.5,189,9,6,26.5
17,475,215.5,10,7,26.5
18,452,189,8,6,26.5
19,508.5,215.5,9,7,26.5
20,265,219,10,6,26.5
21,242,245.5,8,7,26.5
22,298.5,219,9,6,26.5
23,355,245.5,10,7,26.5
24,332,219,8,6,26.5
26,445,219,10,6,26.5
27,422,245.5,8,7,26.5
28,478.5,219,9,6,26.5
29,535,245.5,10,7,26.5
30,212,249,8,6,26.5
31,268.5,275.5,9,7,26.5
32,325,249,10,6,26.5
33,302,275.5,8,7,26.5
34,358.5,249,9,6,26.5
35,415,275.5,10,7,26.5
36,392,249,8,6,26.5
37,448.5,275.5,9,7,26.5
38,505,249,10,6,26.5
39,482,275.5,8,7,26.5
40,238.5,279,9,6,26.5
41,295,305.5,10,7,26.5
42,272,279,8,6,26.5
43,328.5,305.5,9,7,26.5
44,385,279,10,6,26.5
45,362,305.5,8,7,26.5
47,475,305.5,10,7,26.5
48,452,279,8,6,26.5
49,508.5,305.5,9,7,26.5
50,265,309,10,6,26.5
51,242,335.5,8,7,26.5
52,298.5,309,9,6,26.5
53,355,335.5,10,7,26.5
54,332,309,8,6,26.5
55,388.5,335.5,9,7,26.5
56,445,309,10,6,26.5
57,422,335.5,8,7,26.5
58,478.5,309,9,6,26.5
59,535,335.5,10,7,26.5
60,212,339,8,6,26.5
61,268.5,365.5,9,7,26.5
62,325,339,10,6,26.5
63,302,365.5,8,7,26.5
64,358.5,339,9,6,26.5
65,415,365.5,10,7,26.5
66,392,339,8,6,26.5
67,448.5,365.5,9,7,26.5
68,505,339,10,6,26.5
69,482,365.5,8,7,26.5
70,238.5,369,9,6,26.5
71,295,395.5,10,7,26.5
72,272,369,8,6,26.5
73,328.5,395.5,9,7,26.5
74,385,369,10,6,26.5
75,362,395.5,8,7,26.5
76,418.5,369,9,6,26.5
77,475,395.5,10,7,26.5
78,452,369,8,6,26.5
79,508.5,395.5,9,7,26.5
80,265,399,10,6,26.5
81,242,425.5,8,7,26.5
82,298.5,399,9,6,26.5
83,355,425.5,10,7,26.5
84,332,399,8,6,26.5
85,388.5,425.5,9,7,26.5
86,445,399,10,6,26.5
87,422,425.5,8,7,26.5
88,478.5,399,9,6,26.5
89,535,425.5,10,7,26.5
90,212,429,8,6,26.5
91,268.5,455.5,9,7,26.5
92,325,429,10,6,26.5
93,302,455.5,8,7,26.5
94,358.5,429,9,6,26.5
95,415,455.5,10,7,26.5
96,392,429,8,6,26.5
98,505,429,10,6,26.5
99,482,455.5,8,7,26.5
100,238.5,459,9,6,26.5
102,272,459,8,6,26.5
103,328.5,485.5,9,7,26.5
104,385,459,10,6,26.5
105,362,485.5,8,7,26.5
106,418.5,459,9,6,26.5
107,475,485.5,10,7,26.5
108,452,459,8,6,26.5
109,508.5,485.5,9,7,26.5
110,265,489,10,6,26.5
111,242,515.5,8,7,26.5
112,298.5,489,9,6,26.5
113,355,515.5,10,7,26.5
114,332,489,8,6,26.5
115,388.5,515.5,9,7,26.5
116,445,489,10,6,26.5
117,422,515.5,8,7,26.5
118,478.5,489,9,6,26.5
119,535,515.5,10,7,26.5
120,212,519,8,6,26.5
121,268.5,545.5,9,7,26.5
122,325,519,10,6,26.5
123,302,545.5,8,7,26.5
124,358.5,519,9,6,26.5
125,415,545.5,10,7,26.5
126,392,519,8,6,26.5
127,448.5,545.5,9,7,26.5
128,505,519,10,6,26.5
129,482,545.5,8,7,26.5
131,295,575.5,10,7,26.5
13,329.4,216.2,9,7,26.6
46,419.4,279.6,9,6,26.6
97,449.4,456.2,9,7,26.6
101,296,486.2,10,7,26.6
130,239.4,549.6,9,6,26.6
1,269.4,186.2,9,7,26.6
3,302.8,186.2,8,7,26.6
5,416,186.2,10,7,26.6
7,449.4,186.2,9,7,26.6
8,506,159.6,10,6,26.6
9,482.8,186.2,8,7,26.6
10,239.4,189.6,9,6,26.6
11,296,216.2,10,7,26.6
12,272.8,189.6,8,6,26.6
14,386,189.6,10,6,26.6
15,362.8,216.2,8,7,26.6
16,419.4,189.6,9,6,26.6
17,476,216.2,10,7,26.6
18,452.8,189.6,8,6,26.6
19,509.4,216.2,9,7,26.6
20,266,219.6,10,6,26.6
21,242.8,246.2,8,7,26.6
22,299.4,219.6,9,6,26.6
23,356,246.2,10,7,26.6
24,332.8,219.6,8,6,26.6
26,446,219.6,10,6,26.6
27,422.8,246.2,8,7,26.6
28,479.4,219.6,9,6,26.6
29,536,246.2,10,7,26.6
30,212.8,249.6,8,6,26.6
31,269.4,276.2,9,7,26.6
32,326,249.6,10,6,26.6
33,302.8,276.2,8,7,26.6
34,359.4,249.6,9,6,26.6
35,416,276.2,10,7,26.6
36,392.8,249.6,8,6,26.6
37,449.4,276.2,9,7,26.6
38,506,249.6,10,6,26.6
39,482.8,276.2,8,7,26.6
40,239.4,279.6,9,6,26.6
41,296,306.2,10,7,26.6
42,272.8,279.6,8,6,26.6
43,329.4,306.2,9,7,26.6
44,386,279.6,10,6,26.6
45,362.8,306.2,8,7,26.6
47,476,306.2,10,7,26.6
48,452.8,279.6,8,6,26.6
49,509.4,306.2,9,7,26.6
50,266,309.6,10,6,26.6
51,242.8,336.2,8,7,26.6
52,299.4,309.6,9,6,26.6
53,356,336.2,10,7,26.6
54,332.8,309.6,8,6,26.6
55,389.4,336.2,9,7,26.6
56,446,309.6,10,6,26.6
57,422.8,336.2,8,7,26.6
58,479.4,309.6,9,6,26.6
59,536,336.2,10,7,26.6
60,212.8,339.6,8,6,26.6
61,269.4,366.2,9,7,26.6
62,326,339.6,10,6,26.6
63,302.8,366.2,8,7,26.6
64,359.4,339.6,9,6,26.6
65,416,366.2,10,7,26.6
66,392.8,339.6,8,6,26.6
67,449.4,366.2,9,7,26.6
68,506,339.6,10,6,26.6
69,482.8,366.2,8,7,26.6
70,239.4,369.6,9,6,26.6
71,296,396.2,10,7,26.6
72,272.8,369.6,8,6,26.6
73,329.4,396.2,9,7,26.6
74,386,369.6,10,6,26.6
75,362.8,396.2,8,7,26.6
76,419.4,369.6,9,6,26.6
77,476,396.2,10,7,26.6
78,452.8,369.6,8,6,26.6
79,509.4,396.2,9,7,26.6
80,266,399.6,10,6,26.6
81,242.8,426.2,8,7,26.6
82,299.4,399.6,9,6,26.6
83,356,426.2,10,7,26.6
84,332.8,399.6,8,6,26.6
85,389.4,426.2,9,7,26.6
86,446,399.6,10,6,26.6
87,422.8,426.2,8,7,26.6
88,479.4,399.6,9,6,26.6
89,536,426.2,10,7,26.6
90,212.8,429.6,8,6,26.6
91,269.4,456.2,9,7,26.6
92,326,429.6,10,6,26.6
93,302.8,456.2,8,7,26.6
94,359.4,429.6,9,6,26.6
95,416,456.2,10,7,26.6
96,392.8,429.6,8,6,26.6
98,506,429.6,10,6,26.6
99,482.8,456.2,8,7,26.6
100,239.4,459.6,9,6,26.6
102,272.8,459.6,8,6,26.6
103,329.4,486.2,9,7,26.6
104,386,459.6,10,6,26.6
105,362.8,486.2,8,7,26.6
106,419.4,459.6,9,6,26.6
107,476,486.2,10,7,26.6
108,452.8,459.6,8,6,26.6
109,509.4,486.2,9,7,26.6
110,266,489.6,10,6,26.6
111,242.8,516.2,8,7,26.6
112,299.4,489.6,9,6,26.6
113,356,516.2,10,7,26.6
114,332.8,489.6,8,6,26.6
115,389.4,516.2,9,7,26.6
116,446,489.6,10,6,26.6
117,422.8,516.2,8,7,26.6
118,479.4,489.6,9,6,26.6
119,536,516.2,10,7,26.6
120,212.8,519.6,8,6,26.6
121,269.4,546.2,9,7,26.6
122,326,519.6,10,6,26.6
123,302.8,546.2,8,7,26.6
124,359.4,519.6,9,6,26.6
125,416,546.2,10,7,26.6
126,392.8,519.6,8,6,26.6
127,449.4,546.2,9,7,26.6
128,506,519.6,10,6,26.6
129,482.8,546.2,8,7,26.6
131,296,576.2,10,7,26.6
13,330.3,216.9,9,7,26.7
46,420.3,280.2,9,6,26.7
97,450.3,456.9,9,7,26.7
101,297,486.9,10,7,26.7
130,240.3,550.2,9,6,26.7
1,270.3,186.9,9,7,26.7
3,303.6,186.9,8,7,26.7
5,417,186.9,10,7,26.7
7,450.3,186.9,9,7,26.7
8,507,160.2,10,6,26.7
9,483.6,186.9,8,7,26.7
10,240.3,190.2,9,6,26.7
11,297,216.9,10,7,26.7
12,273.6,190.2,8,6,26.7
14,387,190.2,10,6,26.7
15,363.6,216.9,8,7,26.7
16,420.3,190.2,9,6,26.7
17,477,216.9,10,7,26.7
18,453.6,190.2,8,6,26.7
19,510.3,216.9,9,7,26.7
20,267,220.2,10,6,26.7
21,243.6,246.9,8,7,26.7
22,300.3,220.2,9,6,26.7
23,357,246.9,10,7,26.7
24,333.6,220.2,8,6,26.7
26,447,220.2,10,6,26.7
27,423.6,246.9,8,7,26.7
28,480.3,220.2,9,6,26.7
29,537,246.9,10,7,26.7
30,213.6,250.2,8,6,26.7
31,270.3,276.9,9,7,26.7
32,327,250.2,10,6,26.7
33,303.6,276.9,8,7,26.7
34,360.3,250.2,9,6,26.7
35,417,276.9,10,7,26.7
36,393.6,250.2,8,6,26.7
37,450.3,276.9,9,7,26.7
38,507,250.2,10,6,26.7
39,483.6,276.9,8,7,26.7
40,240.3,280.2,9,6,26.7
41,297,306.9,10,7,26.7
42,273.6,280.2,8,6,26.7
43,330.3,306.9,9,7,26.7
44,387,280.2,10,6,26.7
45,363.6,306.9,8,7,26.7
47,477,306.9,10,7,26.7
48,453.6,280.2,8,6,26.7
49,510.3,306.9,9,7,26.7
50,267,310.2,10,6,26.7
51,243.6,336.9,8,7,26.7
52,300.3,310.2,9,6,26.7
53,357,336.9,10,7,26.7
54,333.6,310.2,8,6,26.7
55,390.3,336.9,9,7,26.7
56,447,310.2,10,6,26.7
57,423.6,336.9,8,7,26.7
58,480.3,310.2,9,6,26.7
59,537,336.9,10,7,26.7
60,213.6,340.2,8,6,26.7
61,270.3,366.9,9,7,26.7
62,327,340.2,10,6,26.7
63,303.6,366.9,8,7,26.7
64,360.3,340.2,9,6,26.7
65,417,366.9,10,7,26.7
66,393.6,340.2,8,6,26.7
67,450.3,366.9,9,7,26.7
68,507,340.2,10,6,26.7
69,483.6,366.9,8,7,26.7
70,240.3,370.2,9,6,26.7
71,297,396.9,10,7,26.7
72,273.6,370.2,8,6,26.7
73,330.3,396.9,9,7,26.7
74,387,370.2,10,6,26.7
75,363.6,396.9,8,7,26.7
76,420.3,370.2,9,6,26.7
77,477,396.9,10,7,26.7
78,453.6,370.2,8,6,26.7
79,510.3,396.9,9,7,26.7
80,267,400.2,10,6,26.7
81,243.6,426.9,8,7,26.7
82,300.3,400.2,9,6,26.7
83,357,426.9,10,7,26.7
84,333.6,400.2,8,6,26.7
85,390.3,426.9,9,7,26.7
86,447,400.2,10,6,26.7
87,423.6,426.9,8,7,26.7
88,480.3,400.2,9,6,26.7
89,537,426.9,10,7,26.7
90,213.6,430.2,8,6,26.7
91,270.3,456.9,9,7,26.7
92,327,430.2,10,6,26.7
93,303.6,456.9,8,7,26.7
94,360.3,430.2,9,6,26.7
95,417,456.9,10,7,26.7
96,393.6,430.2,8,6,26.7
98,507,430.2,10,6,26.7
99,483.6,456.9,8,7,26.7
100,240.3,460.2,9,6,26.7
102,273.6,460.2,8,6,26.7
103,330.3,486.9,9,7,26.7
104,387,460.2,10,6,26.7
105,363.6,486.9,8,7,26.7
106,420.3,460.2,9,6,26.7
107,477,486.9,10,7,26.7
108,453.6,460.2,8,6,26.7
109,510.3,486.9,9,7,26.7
110,267,490.2,10,6,26.7
111,243.6,516.9,8,7,26.7
112,300.3,490.2,9,6,26.7
113,357,516.9,10,7,26.7
114,333.6,490.2,8,6,26.7
115,390.3,516.9,9,7,26.7
116,447,490.2,10,6,26.7
117,423.6,516.9,8,7,26.7
118,480.3,490.2,9,6,26.7
119,537,516.9,10,7,26.7
120,213.6,520.2,8,6,26.7
121,270.3,546.9,9,7,26.7
122,327,520.2,10,6,26.7
123,303.6,546.9,8,7,26.7
124,360.3,520.2,9,6,26.7
125,417,546.9,10,7,26.7
126,393.6,520.2,8,6,26.7
127,450.3,546.9,9,7,26.7
128,507,520.2,10,6,26.7
129,483.6,546.9,8,7,26.7
131,297,576.9,10,7,26.7
13,331.2,217.6,9,7,26.8
46,421.2,280.8,9,6,26.8
97,451.2,457.6,9,7,26.8
101,298,487.6,10,7,26.8
130,241.2,550.8,9,6,26.8
1,271.2,187.6,9,7,26.8
3,304.4,187.6,8,7,26.8
5,418,187.6,10,7,26.8
7,451.2,187.6,9,7,26.8
8,508,160.8,10,6,26.8
9,484.4,187.6,8,7,26.8
10,241.2,190.8,9,6,26.8
11,298,217.6,10,7,26.8
12,274.4,190.8,8,6,26.8
14,388,190.8,10,6,26.8
15,364.4,217.6,8,7,26.8
16,421.2,190.8,9,6,26.8
17,478,217.6,10,7,26.8
18,454.4,190.8,8,6,26.8
19,511.2,217.6,9,7,26.8
20,268,220.8,10,6,26.8
21,244.4,247.6,8,7,26.8
22,301.2,220.8,9,6,26.8
23,358,247.6,10,7,26.8
24,334.4,220.8,8,6,26.8
26,448,220.8,10,6,26.8
27,424.4,247.6,8,7,26.8
28,481.2,220.8,9,6,26.8
29,538,247.6,10,7,26.8
30,214.4,250.8,8,6,26.8
31,271.2,277.6,9,7,26.8
32,328,250.8,10,6,26.8
33,304.4,277.6,8,7,26.8
34,361.2,250.8,9,6,26.8
35,418,277.6,10,7,26.8
36,394.4,250.8,8,6,26.8
37,451.2,277.6,9,7,26.8
38,508,250.8,10,6,26.8
39,484.4,277.6,8,7,26.8
40,241.2,280.8,9,6,26.8
41,298,307.6,10,7,26.8
42,274.4,280.8,8,6,26.8
43,331.2,307.6,9,7,26.8
44,388,280.8,10,6,26.8
45,364.4,307.6,8,7,26.8
47,478,307.6,10,7,26.8
48,454.4,280.8,8,6,26.8
49,511.2,307.6,9,7,26.8
50,268,310.8,10,6,26.8
51,244.4,337.6,8,7,26.8
52,301.2,310.8,9,6,26.8
53,358,337.6,10,7,26.8
54,334.4,310.8,8,6,26.8
55,391.2,337.6,9,7,26.8
56,448,310.8,10,6,26.8
57,424.4,337.6,8,7,26.8
58,481.2,310.8,9,6,26.8
59,538,337.6,10,7,26.8
60,214.4,340.8,8,6,26.8
61,271.2,367.6,9,7,26.8
62,328,340.8,10,6,26.8
63,304.4,367.6,8,7,26.8
64,361.2,340.8,9,6,26.8
65,418,367.6,10,7,26.8
66,394.4,340.8,8,6,26.8
67,451.2,367.6,9,7,26.8
68,508,340.8,10,6,26.8
69,484.4,367.6,8,7,26.8
70,241.2,370.8,9,6,26.8
71,298,397.6,10,7,26.8
72,274.4,370.8,8,6,26.8
73,331.2,397.6,9,7,26.8
74,388,370.8,10,6,26.8
75,364.4,397.6,8,7,26.8
76,421.2,370.8,9,6,26.8
77,478,397.6,10,7,26.8
78,454.4,370.8,8,6,26.8
79,511.2,397.6,9,7,26.8
80,268,400.8,10,6,26.8
81,244.4,427.6,8,7,26.8
82,301.2,400.8,9,6,26.8
83,358,427.6,10,7,26.8
84,334.4,400.8,8,6,26.8
85,391.2,427.6,9,7,26.8
86,448,400.8,10,6,26.8
87,424.4,427.6,8,7,26.8
88,481.2,400.8,9,6,26.8
89,538,427.6,10,7,26.8
90,214.4,430.8,8,6,26.8
91,271.2,457.6,9,7,26.8
92,328,430.8,10,6,26.8
93,304.4,457.6,8,7,26.8
94,361.2,430.8,9,6,26.8
95,418,457.6,10,7,26.8
96,394.4,430.8,8,6,26.8
98,508,430.8,10,6,26.8
99,484.4,457.6,8,7,26.8
100,241.2,460.8,9,6,26.8
102,274.4,460.8,8,6,26.8
103,331.2,487.6,9,7,26.8
104,388,460.8,10,6,26.8
105,364.4,487.6,8,7,26.8
106,421.2,460.8,9,6,26.8
107,478,487.6,10,7,26.8
108,454.4,460.8,8,6,26.8
109,511.2,487.6,9,7,26.8
110,268,490.8,10,6,26.8
111,244.4,517.6,8,7,26.8
112,301.2,490.8,9,6,26.8
113,358,517.6,10,7,26.8
114,334.4,490.8,8,6,26.8
115,391.2,517.6,9,7,26.8
116,448,490.8,10,6,26.8
117,424.4,517.6,8,7,26.8
118,481.2,490.8,9,6,26.8
119,538,517.6,10,7,26.8
120,214.4,520.8,8,6,26.8
121,271.2,547.6,9,7,26.8
122,328,520.8,10,6,26.8
123,304.4,547.6,8,7,26.8
124,361.2,520.8,9,6,26.8
125,418,547.6,10,7,26.8
126,394.4,520.8,8,6,26.8
127,451.2,547.6,9,7,26.8
128,508,520.8,10,6,26.8
129,484.4,547.6,8,7,26.8
131,298,577.6,10,7,26.8
13,332.1,218.3,9,7,26.9
46,422.1,281.4,9,6,26.9
97,452.1,458.3,9,7,26.9
101,299,488.3,10,7,26.9
130,242.1,551.4,9,6,26.9
1,272.1,188.3,9,7,26.9
3,305.2,188.3,8,7,26.9
5,419,188.3,10,7,26.9
7,452.1,188.3,9,7,26.9
8,509,161.4,10,6,26.9
9,485.2,188.3,8,7,26.9
10,242.1,191.4,9,6,26.9
11,299,218.3,10,7,26.9
12,275.2,191.4,8,6,26.9
14,389,191.4,10,6,26.9
15,365.2,218.3,8,7,26.9
16,422.1,191.4,9,6,26.9
17,479,218.3,10,7,26.9
18,455.2,191.4,8,6,26.9
19,512.1,218.3,9,7,26.9
20,269,221.4,10,6,26.9
21,245.2,248.3,8,7,26.9
22,302.1,221.4,9,6,26.9
23,359,248.3,10,7,26.9
24,335.2,221.4,8,6,26.9
26,449,221.4,10,6,26.9
27,425.2,248.3,8,7,26.9
28,482.1,221.4,9,6,26.9
29,539,248.3,10,7,26.9
30,215.2,251.4,8,6,26.9
31,272.1,278.3,9,7,26.9
32,329,251.4,10,6,26.9
33,305.2,278.3,8,7,26.9
34,362.1,251.4,9,6,26.9
35,419,278.3,10,7,26.9
36,395.2,251.4,8,6,26.9
37,452.1,278.3,9,7,26.9
38,509,251.4,10,6,26.9
39,485.2,278.3,8,7,26.9
40,242.1,281.4,9,6,26.9
41,299,308.3,10,7,26.9
42,275.2,281.4,8,6,26.9
43,332.1,308.3,9,7,26.9
44,389,281.4,10,6,26.9
45,365.2,308.3,8,7,26.9
47,479,308.3,10,7,26.9
48,455.2,281.4,8,6,26.9
49,512.1,308.3,9,7,26.9
50,269,311.4,10,6,26.9
51,245.2,338.3,8,7,26.9
52,302.1,311.4,9,6,26.9
53,359,338.3,10,7,26.9
54,335.2,311.4,8,6,26.9
55,392.1,338.3,9,7,26.9
56,449,311.4,10,6,26.9
57,425.2,338.3,8,7,26.9
58,482.1,311.4,9,6,26.9
59,539,338.3,10,7,26.9
60,215.2,341.4,8,6,26.9
61,272.1,368.3,9,7,26.9
62,329,341.4,10,6,26.9
63,305.2,368.3,8,7,26.9
64,362.1,341.4,9,6,26.9
65,419,368.3,10,7,26.9
66,395.2,341.4,8,6,26.9
67,452.1,368.3,9,7,26.9
68,509,341.4,10,6,26.9
69,485.2,368.3,8,7,26.9
70,242.1,371.4,9,6,26.9
71,299,398.3,10,7,26.9
72,275.2,371.4,8,6,26.9
73,332.1,398.3,9,7,26.9
74,389,371.4,10,6,26.9
75,365.2,398.3,8,7,26.9
76,422.1,371.4,9,6,26.9
77,479,398.3,10,7,26.9
78,455.2,371.4,8,6,26.9
79,512.1,398.3,9,7,26.9
80,269,401.4,10,6,26.9
81,245.2,428.3,8,7,26.9
82,302.1,401.4,9,6,26.9
83,359,428.3,10,7,26.9
84,335.2,401.4,8,6,26.9
85,392.1,428.3,9,7,26.9
86,449,401.4,10,6,26.9
87,425.2,428.3,8,7,26.9
88,482.1,401.4,9,6,26.9
89,539,428.3,10,7,26.9
90,215.2,431.4,8,6,26.9
91,272.1,458.3,9,7,26.9
92,329,431.4,10,6,26.9
93,305.2,458.3,8,7,26.9
94,362.1,431.4,9,6,26.9
95,419,458.3,10,7,26.9
96,395.2,431.4,8,6,26.9
98,509,431.4,10,6,26.9
99,485.2,458.3,8,7,26.9
100,242.1,461.4,9,6,26.9
102,275.2,461.4,8,6,26.9
103,332.1,488.3,9,7,26.9
104,389,461.4,10,6,26.9
105,365.2,488.3,8,7,26.9
106,422.1,461.4,9,6,26.9
107,479,488.3,10,7,26.9
108,455.2,461.4,8,6,26.9
109,512.1,488.3,9,7,26.9
110,269,491.4,10,6,26.9
111,245.2,518.3,8,7,26.9
112,302.1,491.4,9,6,26.9
113,359,518.3,10,7,26.9
114,335.2,491.4,8,6,26.9
115,392.1,518.3,9,7,26.9
116,449,491.4,10,6,26.9
117,425.2,518.3,8,7,26.9
118,482.1,491.4,9,6,26.9
119,539,518.3,10,7,26.9
120,215.2,521.4,8,6,26.9
121,272.1,548.3,9,7,26.9
122,329,521.4,10,6,26.9
123,305.2,548.3,8,7,26.9
124,362.1,521.4,9,6,26.9
125,419,548.3,10,7,26.9
126,395.2,521.4,8,6,26.9
127,452.1,548.3,9,7,26.9
128,509,521.4,10,6,26.9
129,485.2,548.3,8,7,26.9
131,299,578.3,10,7,26.9
13,333,219,9,7,27
46,423,282,9,6,27
97,453,459,9,7,27
101,300,489,10,7,27
130,243,552,9,6,27
1,273,189,9,7,27
3,306,189,8,7,27
5,420,189,10,7,27
7,453,189,9,7,27
8,510,162,10,6,27
9,486,189,8,7,27
10,243,192,9,6,27
11,300,219,10,7,27
12,276,192,8,6,27
14,390,192,10,6,27
15,366,219,8,7,27
16,423,192,9,6,27
17,480,219,10,7,27
18,456,192,8,6,27
19,513,219,9,7,27
20,270,222,10,6,27
21,246,249,8,7,27
22,303,222,9,6,27
23,360,249,10,7,27
24,336,222,8,6,27
26,450,222,10,6,27
27,426,249,8,7,27
28,483,222,9,6,27
29,540,249,10,7,27
30,216,252,8,6,27
31,273,279,9,7,27
32,330,252,10,6,27
33,306,279,8,7,27
34,363,252,9,6,27
35,420,279,10,7,27
36,396,252,8,6,27
37,453,279,9,7,27
38,510,252,10,6,27
39,486,279,8,7,27
40,243,282,9,6,27
41,300,309,10,7,27
42,276,282,8,6,27
43,333,309,9,7,27
44,390,282,10,6,27
45,366,309,8,7,27
47,480,309,10,7,27
48,456,282,8,6,27
49,513,309,9,7,27
50,270,312,10,6,27
51,246,339,8,7,27
52,303,312,9,6,27
53,360,339,10,7,27
54,336,312,8,6,27
55,393,339,9,7,27
56,450,312,10,6,27
57,426,339,8,7,27
58,483,312,9,6,27
59,540,339,10,7,27
60,216,342,8,6,27
61,273,369,9,7,27
62,330,342,10,6,27
63,306,369,8,7,27
64,363,342,9,6,27
65,420,369,10,7,27
66,396,342,8,6,27
67,453,369,9,7,27
68,510,342,10,6,27
69,486,369,8,7,27
70,243,372,9,6,27
71,300,399,10,7,27
72,276,372,8,6,27
73,333,399,9,7,27
74,390,372,10,6,27
75,366,399,8,7,27
76,423,372,9,6,27
77,480,399,10,7,27
78,456,372,8,6,27
79,513,399,9,7,27
80,270,402,10,6,27
81,246,429,8,7,27
82,303,402,9,6,27
83,360,429,10,7,27
84,336,402,8,6,27
85,393,429,9,7,27
86,450,402,10,6,27
87,426,429,8,7,27
88,483,402,9,6,27
89,540,429,10,7,27
90,216,432,8,6,27
91,273,459,9,7,27
92,330,432,10,6,27
93,306,459,8,7,27
94,363,432,9,6,27
95,420,459,10,7,27
96,396,432,8,6,27
98,510,432,10,6,27
99,486,459,8,7,27
100,243,462,9,6,27
102,276,462,8,6,27
103,333,489,9,7,27
104,390,462,10,6,27
105,366,489,8,7,27
106,423,462,9,6,27
107,480,489,10,7,27
108,456,462,8,6,27
109,513,489,9,7,27
110,270,492,10,6,27
111,246,519,8,7,27
112,303,492,9,6,27
113,360,519,10,7,27
114,336,492,8,6,27
115,393,519,9,7,27
116,450,492,10,6,27
117,426,519,8,7,27
118,483,492,9,6,27
119,540,519,10,7,27
120,216,522,8,6,27
121,273,549,9,7,27
122,330,522,10,6,27
123,306,549,8,7,27
124,363,522,9,6,27
125,420,549,10,7,27
126,396,522,8,6,27
127,453,549,9,7,27
128,510,522,10,6,27
129,486,549,8,7,27
131,300,579,10,7,27
13,333.9,219.7,9,7,27.1
46,423.9,282.6,9,6,27.1
97,453.9,459.7,9,7,27.1
101,301,489.7,10,7,27.1
130,243.9,552.6,9,6,27.1
1,273.9,189.7,9,7,27.1
3,306.8,189.7,8,7,27.1
5,421,189.7,10,7,27.1
7,453.9,189.7,9,7,27.1
8,511,162.6,10,6,27.1
9,486.8,189.7,8,7,27.1
10,243.9,192.6,9,6,27.1
11,301,219.7,10,7,27.1
12,276.8,192.6,8,6,27.1
14,391,192.6,10,6,27.1
15,366.8,219.7,8,7,27.1
16,423.9,192.6,9,6,27.1
17,481,219.7,10,7,27.1
18,456.8,192.6,8,6,27.1
19,513.9,219.7,9,7,27.1
20,271,222.6,10,6,27.1
21,246.8,249.7,8,7,27.1
22,303.9,222.6,9,6,27.1
23,361,249.7,10,7,27.1
24,336.8,222.6,8,6,27.1
26,451,222.6,10,6,27.1
27,426.8,249.7,8,7,27.1
28,483.9,222.6,9,6,27.1
29,541,249.7,10,7,27.1
30,216.8,252.6,8,6,27.1
31,273.9,279.7,9,7,27.1
32,331,252.6,10,6,27.1
33,306.8,279.7,8,7,27.1
34,363.9,252.6,9,6,27.1
35,421,279.7,10,7,27.1
36,396.8,252.6,8,6,27.1
37,453.9,279.7,9,7,27.1
38,511,252.6,10,6,27.1
39,486.8,279.7,8,7,27.1
40,243.9,282.6,9,6,27.1
41,301,309.7,10,7,27.1
42,276.8,282.6,8,6,27.1
43,333.9,309.7,9,7,27.1
44,391,282.6,10,6,27.1
45,366.8,309.7,8,7,27.1
47,481,309.7,10,7,27.1
48,456.8,282.6,8,6,27.1
49,513.9,309.7,9,7,27.1
50,271,312.6,10,6,27.1
51,246.8,339.7,8,7,27.1
52,303.9,312.6,9,6,27.1
53,361,339.7,10,7,27.1
54,336.8,312.6,8,6,27.1
55,393.9,339.7,9,7,27.1
56,451,312.6,10,6,27.1
57,426.8,339.7,8,7,27.1
58,483.9,312.6,9,6,27.1
59,541,339.7,10,7,27.1
60,216.8,342.6,8,6,27.1
61,273.9,369.7,9,7,27.1
62,331,342.6,10,6,27.1
63,306.8,369.7,8,7,27.1
64,363.9,342.6,9,6,27.1
65,421,369.7,10,7,27.1
66,396.8,342.6,8,6,27.1
67,453.9,369.7,9,7,27.1
68,511,342.6,10,6,27.1
69,486.8,369.7,8,7,27.1
70,243.9,372.6,9,6,27.1
71,301,399.7,10,7,27.1
72,276.8,372.6,8,6,27.1
73,333.9,399.7,9,7,27.1
74,391,372.6,10,6,27.1
75,366.8,399.7,8,7,27.1
76,423.9,372.6,9,6,27.1
77,481,399.7,10,7,27.1
78,456.8,372.6,8,6,27.1
79,513.9,399.7,9,7,27.1
80,271,402.6,10,6,27.1
81,246.8,429.7,8,7,27.1
82,303.9,402.6,9,6,27.1
83,361,429.7,10,7,27.1
84,336.8,402.6,8,6,27.1
85,393.9,429.7,9,7,27.1
86,451,402.6,10,6,27.1
87,426.8,429.7,8,7,27.1
88,483.9,402.6,9,6,27.1
89,541,429.7,10,7,27.1
90,216.8,432.6,8,6,27.1
91,273.9,459.7,9,7,27.1
92,331,432.6,10,6,27.1
93,306.8,459.7,8,7,27.1
94,363.9,432.6,9,6,27.1
95,421,459.7,10,7,27.1
96,396.8,432.6,8,6,27.1
98,511,432.6,10,6,27.1
99,486.8,459.7,8,7,27.1
100,243.9,462.6,9,6,27.1
102,276.8,462.6,8,6,27.1
103,333.9,489.7,9,7,27.1
104,391,462.6,10,6,27.1
105,366.8,489.7,8,7,27.1
106,423.9,462.6,9,6,27.1
107,481,489.7,10,7,27.1
108,456.8,462.6,8,6,27.1
109,513.9,489.7,9,7,27.1
110,271,492.6,10,6,27.1
111,246.8,519.7,8,7,27.1
112,303.9,492.6,9,6,27.1
113,361,519.7,10,7,27.1
114,336.8,492.6,8,6,27.1
115,393.9,519.7,9,7,27.1
116,451,492.6,10,6,27.1
117,426.8,519.7,8,7,27.1
118,483.9,492.6,9,6,27.1
119,541,519.7,10,7,27.1
120,216.8,522.6,8,6,27.1
121,273.9,549.7,9,7,27.1
122,331,522.6,10,6,27.1
123,306.8,549.7,8,7,27.1
124,363.9,522.6,9,6,27.1
125,421,549.7,10,7,27.1
126,396.8,522.6,8,6,27.1
127,453.9,549.7,9,7,27.1
128,511,522.6,10,6,27.1
129,486.8,549.7,8,7,27.1
131,301,579.7,10,7,27.1
13,334.8,220.4,9,7,27.2
46,424.8,283.2,9,6,27.2
97,454.8,460.4,9,7,27.2
101,302,490.4,10,7,27.2
130,244.8,553.2,9,6,27.2
1,274.8,190.4,9,7,27.2
3,307.6,190.4,8,7,27.2
5,422,190.4,10,7,27.2
7,454.8,190.4,9,7,27.2
8,512,163.2,10,6,27.2
9,487.6,190.4,8,7,27.2
10,244.8,193.2,9,6,27.2
11,302,220.4,10,7,27.2
12,277.6,193.2,8,6,27.2
14,392,193.2,10,6,27.2
15,367.6,220.4,8,7,27.2
16,424.8,193.2,9,6,27.2
17,482,220.4,10,7,27.2
18,457.6,193.2,8,6,27.2
19,514.8,220.4,9,7,27.2
20,272,223.2,10,6,27.2
21,247.6,250.4,8,7,27.2
22,304.8,223.2,9,6,27.2
23,362,250.4,10,7,27.2
24,337.6,223.2,8,6,27.2
26,452,223.2,10,6,27.2
27,427.6,250.4,8,7,27.2
28,484.8,223.2,9,6,27.2
29,542,250.4,10,7,27.2
30,217.6,253.2,8,6,27.2
31,274.8,280.4,9,7,27.2
32,332,253.2,10,6,27.2
33,307.6,280.4,8,7,27.2
34,364.8,253.2,9,6,27.2
35,422,280.4,10,7,27.2
36,397.6,253.2,8,6,27.2
37,454.8,280.4,9,7,27.2
38,512,253.2,10,6,27.2
39,487.6,280.4,8,7,27.2
40,244.8,283.2,9,6,27.2
41,302,310.4,10,7,27.2
42,277.6,283.2,8,6,27.2
43,334.8,310.4,9,7,27.2
44,392,283.2,10,6,27.2
45,367.6,310.4,8,7,27.2
47,482,310.4,10,7,27.2
48,457.6,283.2,8,6,27.2
49,514.8,310.4,9,7,27.2
50,272,313.2,10,6,27.2
51,247.6,340.4,8,7,27.2
52,304.8,313.2,9,6,27.2
53,362,340.4,10,7,27.2
54,337.6,313.2,8,6,27.2
55,394.8,340.4,9,7,27.2
56,452,313.2,10,6,27.2
57,427.6,340.4,8,7,27.2
58,484.8,313.2,9,6,27.2
59,542,340.4,10,7,27.2
60,217.6,343.2,8,6,27.2
61,274.8,370.4,9,7,27.2
62,332,343.2,10,6,27.2
63,307.6,370.4,8,7,27.2
64,364.8,343.2,9,6,27.2
65,422,370.4,10,7,27.2
66,397.6,343.2,8,6,27.2
67,454.8,370.4,9,7,27.2
68,512,343.2,10,6,27.2
69,487.6,370.4,8,7,27.2
70,244.8,373.2,9,6,27.2
71,302,400.4,10,7,27.2
72,277.6,373.2,8,6,27.2
73,334.8,400.4,9,7,27.2
74,392,373.2,10,6,27.2
75,367.6,400.4,8,7,27.2
76,424.8,373.2,9,6,27.2
77,482,400.4,10,7,27.2
78,457.6,373.2,8,6,27.2
79,514.8,400.4,9,7,27.2
80,272,403.2,10,6,27.2
81,247.6,430.4,8,7,27.2
82,304.8,403.2,9,6,27.2
83,362,430.4,10,7,27.2
84,337.6,403.2,8,6,27.2
85,394.8,430.4,9,7,27.2
86,452,403.2,10,6,27.2
87,427.6,430.4,8,7,27.2
88,484.8,403.2,9,6,27.2
89,542,430.4,10,7,27.2
90,217.6,433.2,8,6,27.2
91,274.8,460.4,9,7,27.2
92,332,433.2,10,6,27.2
93,307.6,460.4,8,7,27.2
94,364.8,433.2,9,6,27.2
95,422,460.4,10,7,27.2
96,397.6,433.2,8,6,27.2
98,512,433.2,10,6,27.2
99,487.6,460.4,8,7,27.2
100,244.8,463.2,9,6,27.2
102,277.6,463.2,8,6,27.2
103,334.8,490.4,9,7,27.2
104,392,463.2,10,6,27.2
105,367.6,490.4,8,7,27.2
106,424.8,463.2,9,6,27.2
107,482,490.4,10,7,27.2
108,457.6,463.2,8,6,27.2
109,514.8,490.4,9,7,27.2
110,272,493.2,10,6,27.2
111,247.6,520.4,8,7,27.2
112,304.8,493.2,9,6,27.2
113,362,520.4,10,7,27.2
114,337.6,493.2,8,6,27.2
115,394.8,520.4,9,7,27.2
116,452,493.2,10,6,27.2
117,427.6,520.4,8,7,27.2
118,484.8,493.2,9,6,27.2
119,542,520.4,10,7,27.2
120,217.6,523.2,8,6,27.2
121,274.8,550.4,9,7,27.2
122,332,523.2,10,6,27.2
123,307.6,550.4,8,7,27.2
124,364.8,523.2,9,6,27.2
125,422,550.4,10,7,27.2
126,397.6,523.2,8,6,27.2
127,454.8,550.4,9,7,27.2
128,512,523.2,10,6,27.2
129,487.6,550.4,8,7,27.2
131,302,580.4,10,7,27.2
13,335.7,221.1,9,7,27.3
46,425.7,283.8,9,6,27.3
97,455.7,461.1,9,7,27.3
101,303,491.1,10,7,27.3
130,245.7,553.8,9,6,27.3
1,275.7,191.1,9,7,27.3
3,308.4,191.1,8,7,27.3
5,423,191.1,10,7,27.3
7,455.7,191.1,9,7,27.3
8,513,163.8,10,6,27.3
9,488.4,191.1,8,7,27.3
10,245.7,193.8,9,6,27.3
11,303,221.1,10,7,27.3
12,278.4,193.8,8,6,27.3
14,393,193.8,10,6,27.3
15,368.4,221.1,8,7,27.3
16,425.7,193.8,9,6,27.3
17,483,221.1,10,7,27.3
18,458.4,193.8,8,6,27.3
19,515.7,221.1,9,7,27.3
20,273,223.8,10,6,27.3
21,248.4,251.1,8,7,27.3
22,305.7,223.8,9,6,27.3
23,363,251.1,10,7,27.3
24,338.4,223.8,8,6,27.3
26,453,223.8,10,6,27.3
27,428.4,251.1,8,7,27.3
28,485.7,223.8,9,6,27.3
29,543,251.1,10,7,27.3
30,218.4,253.8,8,6,27.3
31,275.7,281.1,9,7,27.3
32,333,253.8,10,6,27.3
33,308.4,281.1,8,7,27.3
34,365.7,253.8,9,6,27.3
35,423,281.1,10,7,27.3
36,398.4,253.8,8,6,27.3
37,455.7,281.1,9,7,27.3
38,513,253.8,10,6,27.3
39,488.4,281.1,8,7,27.3
40,245.7,283.8,9,6,27.3
41,303,311.1,10,7,27.3
42,278.4,283.8,8,6,27.3
43,335.7,311.1,9,7,27.3
44,393,283.8,10,6,27.3
45,368.4,311.1,8,7,27.3
47,483,311.1,10,7,27.3
48,458.4,283.8,8,6,27.3
49,515.7,311.1,9,7,27.3
50,273,313.8,10,6,27.3
51,248.4,341.1,8,7,27.3
52,305.7,313.8,9,6,27.3
53,363,341.1,10,7,27.3
54,338.4,313.8,8,6,27.3
55,395.7,341.1,9,7,27.3
56,453,313.8,10,6,27.3
57,428.4,341.1,8,7,27.3
58,485.7,313.8,9,6,27.3
59,543,341.1,10,7,27.3
60,218.4,343.8,8,6,27.3
61,275.7,371.1,9,7,27.3
62,333,343.8,10,6,27.3
63,308.4,371.1,8,7,27.3
64,365.7,343.8,9,6,27.3
65,423,371.1,10,7,27.3
66,398.4,343.8,8,6,27.3
67,455.7,371.1,9,7,27.3
68,513,343.8,10,6,27.3
69,488.4,371.1,8,7,27.3
70,245.7,373.8,9,6,27.3
71,303,401.1,10,7,27.3
72,278.4,373.8,8,6,27.3
73,335.7,401.1,9,7,27.3
74,393,373.8,10,6,27.3
75,368.4,401.1,8,7,27.3
76,425.7,373.8,9,6,27.3
77,483,401.1,10,7,27.3
78,458.4,373.8,8,6,27.3
79,515.7,401.1,9,7,27.3
80,273,403.8,10,6,27.3
81,248.4,431.1,8,7,27.3
82,305.7,403.8,9,6,27.3
83,363,431.1,10,7,27.3
84,338.4,403.8,8,6,27.3
85,395.7,431.1,9,7,27.3
86,453,403.8,10,6,27.3
87,428.4,431.1,8,7,27.3
88,485.7,403.8,9,6,27.3
89,543,431.1,10,7,27.3
90,218.4,433.8,8,6,27.3
91,275.7,461.1,9,7,27.3
92,333,433.8,10,6,27.3
93,308.4,461.1,8,7,27.3
94,365.7,433.8,9,6,27.3
95,423,461.1,10,7,27.3
96,398.4,433.8,8,6,27.3
98,513,433.8,10,6,27.3
99,488.4,461.1,8,7,27.3
100,245.7,463.8,9,6,27.3
102,278.4,463.8,8,6,27.3
103,335.7,491.1,9,7,27.3
104,393,463.8,10,6,27.3
105,368.4,491.1,8,7,27.3
106,425.7,463.8,9,6,27.3
107,483,491.1,10,7,27.3
108,458.4,463.8,8,6,27.3
109,515.7,491.1,9,7,27.3
110,273,493.8,10,6,27.3
111,248.4,521.1,8,7,27.3
112,305.7,493.8,9,6,27.3
113,363,521.1,10,7,27.3
114,338.4,493.8,8,6,27.3
115,395.7,521.1,9,7,27.3
116,453,493.8,10,6,27.3
117,428.4,521.1,8,7,27.3
118,485.7,493.8,9,6,27.3
119,543,521.1,10,7,27.3
120,218.4,523.8,8,6,27.3
121,275.7,551.1,9,7,27.3
122,333,523.8,10,6,27.3
123,308.4,551.1,8,7,27.3
124,365.7,523.8,9,6,27.3
125,423,551.1,10,7,27.3
126,398.4,523.8,8,6,27.3
127,455.7,551.1,9,7,27.3
128,513,523.8,10,6,27.3
129,488.4,551.1,8,7,27.3
131,303,581.1,10,7,27.3
13,336.6,221.8,9,7,27.4
46,426.6,284.4,9,6,27.4
97,456.6,461.8,9,7,27.4
101,304,491.8,10,7,27.4
130,246.6,554.4,9,6,27.4
1,276.6,191.8,9,7,27.4
3,309.2,191.8,8,7,27.4
5,424,191.8,10,7,27.4
7,456.6,191.8,9,7,27.4
8,514,164.4,10,6,27.4
9,489.2,191.8,8,7,27.4
10,246.6,194.4,9,6,27.4
11,304,221.8,10,7,27.4
12,279.2,194.4,8,6,27.4
14,394,194.4,10,6,27.4
15,369.2,221.8,8,7,27.4
16,426.6,194.4,9,6,27.4
17,484,221.8,10,7,27.4
18,459.2,194.4,8,6,27.4
19,516.6,221.8,9,7,27.4
20,274,224.4,10,6,27.4
21,249.2,251.8,8,7,27.4
22,306.6,224.4,9,6,27.4
23,364,251.8,10,7,27.4
24,339.2,224.4,8,6,27.4
26,454,224.4,10,6,27.4
27,429.2,251.8,8,7,27.4
28,486.6,224.4,9,6,27.4
29,544,251.8,10,7,27.4
30,219.2,254.4,8,6,27.4
31,276.6,281.8,9,7,27.4
32,334,254.4,10,6,27.4
33,309.2,281.8,8,7,27.4
34,366.6,254.4,9,6,27.4
35,424,281.8,10,7,27.4
36,399.2,254.4,8,6,27.4
37,456.6,281.8,9,7,27.4
38,514,254.4,10,6,27.4
39,489.2,281.8,8,7,27.4
40,246.6,284.4,9,6,27.4
41,304,311.8,10,7,27.4
42,279.2,284.4,8,6,27.4
43,336.6,311.8,9,7,27.4
44,394,284.4,10,6,27.4
45,369.2,311.8,8,7,27.4
47,484,311.8,10,7,27.4
48,459.2,284.4,8,6,27.4
49,516.6,311.8,9,7,27.4
50,274,314.4,10,6,27.4
51,249.2,341.8,8,7,27.4
52,306.6,314.4,9,6,27.4
53,364,341.8,10,7,27.4
54,339.2,314.4,8,6,27.4
55,396.6,341.8,9,7,27.4
56,454,314.4,10,6,27.4
57,429.2,341.8,8,7,27.4
58,486.6,314.4,9,6,27.4
59,544,341.8,10,7,27.4
60,219.2,344.4,8,6,27.4
61,276.6,371.8,9,7,27.4
62,334,344.4,10,6,27.4
63,309.2,371.8,8,7,27.4
64,366.6,344.4,9,6,27.4
65,424,371.8,10,7,27.4
66,399.2,344.4,8,6,27.4
67,456.6,371.8,9,7,27.4
68,514,344.4,10,6,27.4
69,489.2,371.8,8,7,27.4
70,246.6,374.4,9,6,27.4
71,304,401.8,10,7,27.4
72,279.2,374.4,8,6,27.4
73,336.6,401.8,9,7,27.4
74,394,374.4,10,6,27.4
75,369.2,401.8,8,7,27.4
76,426.6,374.4,9,6,27.4
77,484,401.8,10,7,27.4
78,459.2,374.4,8,6,27.4
79,516.6,401.8,9,7,27.4
80,274,404.4,10,6,27.4
81,249.2,431.8,8,7,27.4
82,306.6,404.4,9,6,27.4
83,364,431.8,10,7,27.4
84,339.2,404.4,8,6,27.4
85,396.6,431.8,9,7,27.4
86,454,404.4,10,6,27.4
87,429.2,431.8,8,7,27.4
88,486.6,404.4,9,6,27.4
89,544,431.8,10,7,27.4
90,219.2,434.4,8,6,27.4
91,276.6,461.8,9,7,27.4
92,334,434.4,10,6,27.4
93,309.2,461.8,8,7,27.4
94,366.6,434.4,9,6,27.4
95,424,461.8,10,7,27.4
96,399.2,434.4,8,6,27.4
98,514,434.4,10,6,27.4
99,489.2,461.8,8,7,27.4
100,246.6,464.4,9,6,27.4
102,279.2,464.4,8,6,27.4
103,336.6,491.8,9,7,27.4
104,394,464.4,10,6,27.4
105,369.2,491.8,8,7,27.4
106,426.6,464.4,9,6,27.4
107,484,491.8,10,7,27.4
108,459.2,464.4,8,6,27.4
109,516.6,491.8,9,7,27.4
110,274,494.4,10,6,27.4
111,249.2,521.8,8,7,27.4
112,306.6,494.4,9,6,27.4
113,364,521.8,10,7,27.4
114,339.2,494.4,8,6,27.4
115,396.6,521.8,9,7,27.4
116,454,494.4,10,6,27.4
117,429.2,521.8,8,7,27.4
118,486.6,494.4,9,6,27.4
119,544,521.8,10,7,27.4
120,219.2,524.4,8,6,27.4
121,276.6,551.8,9,7,27.4
122,334,524.4,10,6,27.4
123,309.2,551.8,8,7,27.4
124,366.6,524.4,9,6,27.4
125,424,551.8,10,7,27.4
126,399.2,524.4,8,6,27.4
127,456.6,551.8,9,7,27.4
128,514,524.4,10,6,27.4
129,489.2,551.8,8,7,27.4
131,304,581.8,10,7,27.4
13,337.5,222.5,9,7,27.5
46,427.5,285,9,6,27.5
97,457.5,462.5,9,7,27.5
101,305,492.5,10,7,27.5
130,247.5,555,9,6,27.5
1,277.5,192.5,9,7,27.5
3,310,192.5,8,7,27.5
5,425,192.5,10,7,27.5
7,457.5,192.5,9,7,27.5
8,515,165,10,6,27.5
9,490,192.5,8,7,27.5
10,247.5,195,9,6,27.5
11,305,222.5,10,7,27.5
12,280,195,8,6,27.5
14,395,195,10,6,27.5
15,370,222.5,8,7,27.5
16,427.5,195,9,6,27.5
17,485,222.5,10,7,27.5
18,460,195,8,6,27.5
19,517.5,222.5,9,7,27.5
20,275,225,10,6,27.5
21,250,252.5,8,7,27.5
22,307.5,225,9,6,27.5
23,365,252.5,10,7,27.5
24,340,225,8,6,27.5
26,455,225,10,6,27.5
27,430,252.5,8,7,27.5
28,487.5,225,9,6,27.5
29,545,252.5,10,7,27.5
30,220,255,8,6,27.5
31,277.5,282.5,9,7,27.5
32,335,255,10,6,27.5
33,310,282.5,8,7,27.5
34,367.5,255,9,6,27.5
35,425,282.5,10,7,27.5
36,400,255,8,6,27.5
37,457.5,282.5,9,7,27.5
38,515,255,10,6,27.5
39,490,282.5,8,7,27.5
40,247.5,285,9,6,27.5
41,305,312.5,10,7,27.5
42,280,285,8,6,27.5
43,337.5,312.5,9,7,27.5
44,395,285,10,6,27.5
45,370,312.5,8,7,27.5
47,485,312.5,10,7,27.5
48,460,285,8,6,27.5
49,517.5,312.5,9,7,27.5
50,275,315,10,6,27.5
51,250,342.5,8,7,27.5
52,307.5,315,9,6,27.5
53,365,342.5,10,7,27.5
54,340,315,8,6,27.5
55,397.5,342.5,9,7,27.5
56,455,315,10,6,27.5
57,430,342.5,8,7,27.5
58,487.5,315,9,6,27.5
59,545,342.5,10,7,27.5
60,220,345,8,6,27.5
61,277.5,372.5,9,7,27.5
62,335,345,10,6,27.5
63,310,372.5,8,7,27.5
64,367.5,345,9,6,27.5
65,425,372.5,10,7,27.5
66,400,345,8,6,27.5
67,457.5,372.5,9,7,27.5
68,515,345,10,6,27.5
69,490,372.5,8,7,27.5
70,247.5,375,9,6,27.5
71,305,402.5,10,7,27.5
72,280,375,8,6,27.5
73,337.5,402.5,9,7,27.5
74,395,375,10,6,27.5
75,370,402.5,8,7,27.5
76,427.5,375,9,6,27.5
77,485,402.5,10,7,27.5
78,460,375,8,6,27.5
79,517.5,402.5,9,7,27.5
80,275,405,10,6,27.5
81,250,432.5,8,7,27.5
82,307.5,405,9,6,27.5
83,365,432.5,10,7,27.5
84,340,405,8,6,27.5
85,397.5,432.5,9,7,27.5
86,455,405,10,6,27.5
87,430,432.5,8,7,27.5
88,487.5,405,9,6,27.5
89,545,432.5,10,7,27.5
90,220,435,8,6,27.5
91,277.5,462.5,9,7,27.5
92,335,435,10,6,27.5
93,310,462.5,8,7,27.5
94,367.5,435,9,6,27.5
95,425,462.5,10,7,27.5
96,400,435,8,6,27.5
98,515,435,10,6,27.5
99,490,462.5,8,7,27.5
100,247.5,465,9,6,27.5
102,280,465,8,6,27.5
103,337.5,492.5,9,7,27.5
104,395,465,10,6,27.5
105,370,492.5,8,7,27.5
106,427.5,465,9,6,27.5
107,485,492.5,10,7,27.5
108,460,465,8,6,27.5
109,517.5,492.5,9,7,27.5
110,275,495,10,6,27.5
111,250,522.5,8,7,27.5
112,307.5,495,9,6,27.5
113,365,522.5,10,7,27.5
114,340,495,8,6,27.5
115,397.5,522.5,9,7,27.5
116,455,495,10,6,27.5
117,430,522.5,8,7,27.5
118,487.5,495,9,6,27.5
119,545,522.5,10,7,27.5
120,220,525,8,6,27.5
121,277.5,552.5,9,7,27.5
122,335,525,10,6,27.5
123,310,552.5,8,7,27.5
124,367.5,525,9,6,27.5
125,425,552.5,10,7,27.5
126,400,525,8,6,27.5
127,457.5,552.5,9,7,27.5
128,515,525,10,6,27.5
129,490,552.5,8,7,27.5
131,305,582.5,10,7,27.5
13,338.4,223.2,9,7,27.6
46,428.4,285.6,9,6,27.6
97,458.4,463.2,9,7,27.6
101,306,493.2,10,7,27.6
130,248.4,555.6,9,6,27.6
1,278.4,193.2,9,7,27.6
3,310.8,193.2,8,7,27.6
5,426,193.2,10,7,27.6
7,458.4,193.2,9,7,27.6
8,516,165.6,10,6,27.6
9,490.8,193.2,8,7,27.6
10,248.4,195.6,9,6,27.6
11,306,223.2,10,7,27.6
12,280.8,195.6,8,6,27.6
14,396,195.6,10,6,27.6
15,370.8,223.2,8,7,27.6
16,428.4,195.6,9,6,27.6
17,486,223.2,10,7,27.6
18,460.8,195.6,8,6,27.6
19,518.4,223.2,9,7,27.6
20,276,225.6,10,6,27.6
21,250.8,253.2,8,7,27.6
22,308.4,225.6,9,6,27.6
23,366,253.2,10,7,27.6
24,340.8,225.6,8,6,27.6
26,456,225.6,10,6,27.6
27,430.8,253.2,8,7,27.6
28,488.4,225.6,9,6,27.6
29,546,253.2,10,7,27.6
30,220.8,255.6,8,6,27.6
31,278.4,283.2,9,7,27.6
32,336,255.6,10,6,27.6
33,310.8,283.2,8,7,27.6
34,368.4,255.6,9,6,27.6
35,426,283.2,10,7,27.6
36,400.8,255.6,8,6,27.6
37,458.4,283.2,9,7,27.6
38,516,255.6,10,6,27.6
39,490.8,283.2,8,7,27.6
40,248.4,285.6,9,6,27.6
41,306,313.2,10,7,27.6
42,280.8,285.6,8,6,27.6
43,338.4,313.2,9,7,27.6
44,396,285.6,10,6,27.6
45,370.8,313.2,8,7,27.6
47,486,313.2,10,7,27.6
48,460.8,285.6,8,6,27.6
49,518.4,313.2,9,7,27.6
50,276,315.6,10,6,27.6
51,250.8,343.2,8,7,27.6
52,308.4,315.6,9,6,27.6
53,366,343.2,10,7,27.6
54,340.8,315.6,8,6,27.6
55,398.4,343.2,9,7,27.6
56,456,315.6,10,6,27.6
57,430.8,343.2,8,7,27.6
58,488.4,315.6,9,6,27.6
59,546,343.2,10,7,27.6
60,220.8,345.6,8,6,27.6
61,278.4,373.2,9,7,27.6
62,336,345.6,10,6,27.6
63,310.8,373.2,8,7,27.6
64,368.4,345.6,9,6,27.6
65,426,373.2,10,7,27.6
66,400.8,345.6,8,6,27.6
67,458.4,373.2,9,7,27.6
68,516,345.6,10,6,27.6
69,490.8,373.2,8,7,27.6
70,248.4,375.6,9,6,27.6
71,306,403.2,10,7,27.6
72,280.8,375.6,8,6,27.6
73,338.4,403.2,9,7,27.6
74,396,375.6,10,6,27.6
75,370.8,403.2,8,7,27.6
76,428.4,375.6,9,6,27.6
77,486,403.2,10,7,27.6
78,460.8,375.6,8,6,27.6
79,518.4,403.2,9,7,27.6
80,276,405.6,10,6,27.6
81,250.8,433.2,8,7,27.6
82,308.4,405.6,9,6,27.6
83,366,433.2,10,7,27.6
84,340.8,405.6,8,6,27.6
85,398.4,433.2,9,7,27.6
86,456,405.6,10,6,27.6
87,430.8,433.2,8,7,27.6
88,488.4,405.6,9,6,27.6
89,546,433.2,10,7,27.6
90,220.8,435.6,8,6,27.6
91,278.4,463.2,9,7,27.6
92,336,435.6,10,6,27.6
93,310.8,463.2,8,7,27.6
94,368.4,435.6,9,6,27.6
95,426,463.2,10,7,27.6
96,400.8,435.6,8,6,27.6
98,516,435.6,10,6,27.6
99,490.8,463.2,8,7,27.6
100,248.4,465.6,9,6,27.6
102,280.8,465.6,8,6,27.6
103,338.4,493.2,9,7,27.6
104,396,465.6,10,6,27.6
105,370.8,493.2,8,7,27.6
106,428.4,465.6,9,6,27.6
107,486,493.2,10,7,27.6
108,460.8,465.6,8,6,27.6
109,518.4,493.2,9,7,27.6
110,276,495.6,10,6,27.6
111,250.8,523.2,8,7,27.6
112,308.4,495.6,9,6,27.6
113,366,523.2,10,7,27.6
114,340.8,495.6,8,6,27.6
115,398.4,523.2,9,7,27.6
116,456,495.6,10,6,27.6
117,430.8,523.2,8,7,27.6
118,488.4,495.6,9,6,27.6
119,546,523.2,10,7,27.6
120,220.8,525.6,8,6,27.6
121,278.4,553.2,9,7,27.6
122,336,525.6,10,6,27.6
123,310.8,553.2,8,7,27.6
124,368.4,525.6,9,6,27.6
125,426,553.2,10,7,27.6
126,400.8,525.6,8,6,27.6
127,458.4,553.2,9,7,27.6
128,516,525.6,10,6,27.6
129,490.8,553.2,8,7,27.6
131,306,583.2,10,7,27.6
13,339.3,223.9,9,7,27.7
46,429.3,286.2,9,6,27.7
97,459.3,463.9,9,7,27.7
101,307,493.9,10,7,27.7
130,249.3,556.2,9,6,27.7
1,279.3,193.9,9,7,27.7
3,311.6,193.9,8,7,27.7
5,427,193.9,10,7,27.7
7,459.3,193.9,9,7,27.7
8,517,166.2,10,6,27.7
9,491.6,193.9,8,7,27.7
10,249.3,196.2,9,6,27.7
11,307,223.9,10,7,27.7
12,281.6,196.2,8,6,27.7
14,397,196.2,10,6,27.7
15,371.6,223.9,8,7,27.7
16,429.3,196.2,9,6,27.7
17,487,223.9,10,7,27.7
18,461.6,196.2,8,6,27.7
19,519.3,223.9,9,7,27.7
20,277,226.2,10,6,27.7
21,251.6,253.9,8,7,27.7
22,309.3,226.2,9,6,27.7
23,367,253.9,10,7,27.7
24,341.6,226.2,8,6,27.7
26,457,226.2,10,6,27.7
27,431.6,253.9,8,7,27.7
28,489.3,226.2,9,6,27.7
29,547,253.9,10,7,27.7
30,221.6,256.2,8,6,27.7
31,279.3,283.9,9,7,27.7
32,337,256.2,10,6,27.7
33,311.6,283.9,8,7,27.7
34,369.3,256.2,9,6,27.7
35,427,283.9,10,7,27.7
36,401.6,256.2,8,6,27.7
37,459.3,283.9,9,7,27.7
38,517,256.2,10,6,27.7
39,491.6,283.9,8,7,27.7
40,249.3,286.2,9,6,27.7
41,307,313.9,10,7,27.7
42,281.6,286.2,8,6,27.7
43,339.3,313.9,9,7,27.7
44,397,286.2,10,6,27.7
45,371.6,313.9,8,7,27.7
47,487,313.9,10,7,27.7
48,461.6,286.2,8,6,27.7
49,519.3,313.9,9,7,27.7
50,277,316.2,10,6,27.7
51,251.6,343.9,8,7,27.7
52,309.3,316.2,9,6,27.7
53,367,343.9,10,7,27.7
54,341.6,316.2,8,6,27.7
55,399.3,343.9,9,7,27.7
56,457,316.2,10,6,27.7
57,431.6,343.9,8,7,27.7
58,489.3,316.2,9,6,27.7
59,547,343.9,10,7,27.7
60,221.6,346.2,8,6,27.7
61,279.3,373.9,9,7,27.7
62,337,346.2,10,6,27.7
63,311.6,373.9,8,7,27.7
64,369.3,346.2,9,6,27.7
65,427,373.9,10,7,27.7
66,401.6,346.2,8,6,27.7
67,459.3,373.9,9,7,27.7
68,517,346.2,10,6,27.7
69,491.6,373.9,8,7,27.7
70,249.3,376.2,9,6,27.7
71,307,403.9,10,7,27.7
72,281.6,376.2,8,6,27.7
73,339.3,403.9,9,7,27.7
74,397,376.2,10,6,27.7
75,371.6,403.9,8,7,27.7
76,429.3,376.2,9,6,27.7
77,487,403.9,10,7,27.7
78,461.6,376.2,8,6,27.7
79,519.3,403.9,9,7,27.7
80,277,406.2,10,6,27.7
81,251.6,433.9,8,7,27.7
82,309.3,406.2,9,6,27.7
83,367,433.9,10,7,27.7
84,341.6,406.2,8,6,27.7
85,399.3,433.9,9,7,27.7
86,457,406.2,10,6,27.7
87,431.6,433.9,8,7,27.7
88,489.3,406.2,9,6,27.7
89,547,433.9,10,7,27.7
90,221.6,436.2,8,6,27.7
91,279.3,463.9,9,7,27.7
92,337,436.2,10,6,27.7
93,311.6,463.9,8,7,27.7
94,369.3,436.2,9,6,27.7
95,427,463.9,10,7,27.7
96,401.6,436.2,8,6,27.7
98,517,436.2,10,6,27.7
99,491.6,463.9,8,7,27.7
100,249.3,466.2,9,6,27.7
102,281.6,466.2,8,6,27.7
103,339.3,493.9,9,7,27.7
104,397,466.2,10,6,27.7
105,371.6,493.9,8,7,27.7
106,429.3,466.2,9,6,27.7
107,487,493.9,10,7,27.7
108,461.6,466.2,8,6,27.7
109,519.3,493.9,9,7,27.7
110,277,496.2,10,6,27.7
111,251.6,523.9,8,7,27.7
112,309.3,496.2,9,6,27.7
113,367,523.9,10,7,27.7
114,341.6,496.2,8,6,27.7
115,399.3,523.9,9,7,27.7
116,457,496.2,10,6,27.7
117,431.6,523.9,8,7,27.7
118,489.3,496.2,9,6,27.7
119,547,523.9,10,7,27.7
120,221.6,526.2,8,6,27.7
121,279.3,553.9,9,7,27.7
122,337,526.2,10,6,27.7
123,311.6,553.9,8,7,27.7
124,369.3,526.2,9,6,27.7
125,427,553.9,10,7,27.7
126,401.6,526.2,8,6,27.7
127,459.3,553.9,9,7,27.7
128,517,526.2,10,6,27.7
129,491.6,553.9,8,7,27.7
131,307,583.9,10,7,27.7
13,340.2,224.6,9,7,27.8
46,430.2,286.8,9,6,27.8
97,460.2,464.6,9,7,27.8
101,308,494.6,10,7,27.8
130,250.2,556.8,9,6,27.8
1,280.2,194.6,9,7,27.8
3,312.4,194.6,8,7,27.8
5,428,194.6,10,7,27.8
7,460.2,194.6,9,7,27.8
8,518,166.8,10,6,27.8
9,492.4,194.6,8,7,27.8
10,250.2,196.8,9,6,27.8
11,308,224.6,10,7,27.8
12,282.4,196.8,8,6,27.8
14,398,196.8,10,6,27.8
15,372.4,224.6,8,7,27.8
16,430.2,196.8,9,6,27.8
17,488,224.6,10,7,27.8
18,462.4,196.8,8,6,27.8
19,520.2,224.6,9,7,27.8
20,278,226.8,10,6,27.8
21,252.4,254.6,8,7,27.8
22,310.2,226.8,9,6,27.8
23,368,254.6,10,7,27.8
24,342.4,226.8,8,6,27.8
26,458,226.8,10,6,27.8
27,432.4,254.6,8,7,27.8
28,490.2,226.8,9,6,27.8
29,548,254.6,10,7,27.8
30,222.4,256.8,8,6,27.8
31,280.2,284.6,9,7,27.8
32,338,256.8,10,6,27.8
33,312.4,284.6,8,7,27.8
34,370.2,256.8,9,6,27.8
35,428,284.6,10,7,27.8
36,402.4,256.8,8,6,27.8
37,460.2,284.6,9,7,27.8
38,518,256.8,10,6,27.8
39,492.4,284.6,8,7,27.8
40,250.2,286.8,9,6,27.8
41,308,314.6,10,7,27.8
42,282.4,286.8,8,6,27.8
43,340.2,314.6,9,7,27.8
44,398,286.8,10,6,27.8
45,372.4,314.6,8,7,27.8
47,488,314.6,10,7,27.8
48,462.4,286.8,8,6,27.8
49,520.2,314.6,9,7,27.8
50,278,316.8,10,6,27.8
51,252.4,344.6,8,7,27.8
52,310.2,316.8,9,6,27.8
53,368,344.6,10,7,27.8
54,342.4,316.8,8,6,27.8
55,400.2,344.6,9,7,27.8
56,458,316.8,10,6,27.8
57,432.4,344.6,8,7,27.8
58,490.2,316.8,9,6,27.8
59,548,344.6,10,7,27.8
60,222.4,346.8,8,6,27.8
61,280.2,374.6,9,7,27.8
62,338,346.8,10,6,27.8
63,312.4,374.6,8,7,27.8
64,370.2,346.8,9,6,27.8
65,428,374.6,10,7,27.8
66,402.4,346.8,8,6,27.8
67,460.2,374.6,9,7,27.8
68,518,346.8,10,6,27.8
69,492.4,374.6,8,7,27.8
70,250.2,376.8,9,6,27.8
71,308,404.6,10,7,27.8
72,282.4,376.8,8,6,27.8
73,340.2,404.6,9,7,27.8
74,398,376.8,10,6,27.8
75,372.4,404.6,8,7,27.8
76,430.2,376.8,9,6,27.8
77,488,404.6,10,7,27.8
78,462.4,376.8,8,6,27.8
79,520.2,404.6,9,7,27.8
80,278,406.8,10,6,27.8
81,252.4,434.6,8,7,27.8
82,310.2,406.8,9,6,27.8
83,368,434.6,10,7,27.8
84,342.4,406.8,8,6,27.8
85,400.2,434.6,9,7,27.8
86,458,406.8,10,6,27.8
87,432.4,434.6,8,7,27.8
88,490.2,406.8,9,6,27.8
89,548,434.6,10,7,27.8
90,222.4,436.8,8,6,27.8
91,280.2,464.6,9,7,27.8
92,338,436.8,10,6,27.8
93,312.4,464.6,8,7,27.8
94,370.2,436.8,9,6,27.8
95,428,464.6,10,7,27.8
96,402.4,436.8,8,6,27.8
98,518,436.8,10,6,27.8
99,492.4,464.6,8,7,27.8
100,250.2,466.8,9,6,27.8
102,282.4,466.8,8,6,27.8
103,340.2,494.6,9,7,27.8
104,398,466.8,10,6,27.8
105,372.4,494.6,8,7,27.8
106,430.2,466.8,9,6,27.8
107,488,494.6,10,7,27.8
108,462.4,466.8,8,6,27.8
109,520.2,494.6,9,7,27.8
110,278,496.8,10,6,27.8
111,252.4,524.6,8,7,27.8
112,310.2,496.8,9,6,27.8
113,368,524.6,10,7,27.8
114,342.4,496.8,8,6,27.8
115,400.2,524.6,9,7,27.8
116,458,496.8,10,6,27.8
117,432.4,524.6,8,7,27.8
118,490.2,496.8,9,6,27.8
119,548,524.6,10,7,27.8
120,222.4,526.8,8,6,27.8
121,280.2,554.6,9,7,27.8
122,338,526.8,10,6,27.8
123,312.4,554.6,8,7,27.8
124,370.2,526.8,9,6,27.8
125,428,554.6,10,7,27.8
126,402.4,526.8,8,6,27.8
127,460.2,554.6,9,7,27.8
128,518,526.8,10,6,27.8
129,492.4,554.6,8,7,27.8
131,308,584.6,10,7,27.8
13,341.1,225.3,9,7,27.9
46,431.1,287.4,9,6,27.9
97,461.1,465.3,9,7,27.9
101,309,495.3,10,7,27.9
130,251.1,557.4,9,6,27.9
1,281.1,195.3,9,7,27.9
3,313.2,195.3,8,7,27.9
5,429,195.3,10,7,27.9
7,461.1,195.3,9,7,27.9
8,519,167.4,10,6,27.9
9,493.2,195.3,8,7,27.9
10,251.1,197.4,9,6,27.9
11,309,225.3,10,7,27.9
12,283.2,197.4,8,6,27.9
14,399,197.4,10,6,27.9
15,373.2,225.3,8,7,27.9
16,431.1,197.4,9,6,27.9
17,489,225.3,10,7,27.9
18,463.2,197.4,8,6,27.9
19,521.1,225.3,9,7,27.9
20,279,227.4,10,6,27.9
21,253.2,255.3,8,7,27.9
22,311.1,227.4,9,6,27.9
23,369,255.3,10,7,27.9
24,343.2,227.4,8,6,27.9
26,459,227.4,10,6,27.9
27,433.2,255.3,8,7,27.9
28,491.1,227.4,9,6,27.9
29,549,255.3,10,7,27.9
30,223.2,257.4,8,6,27.9
31,281.1,285.3,9,7,27.9
32,339,257.4,10,6,27.9
33,313.2,285.3,8,7,27.9
34,371.1,257.4,9,6,27.9
35,429,285.3,10,7,27.9
36,403.2,257.4,8,6,27.9
37,461.1,285.3,9,7,27.9
38,519,257.4,10,6,27.9
39,493.2,285.3,8,7,27.9
40,251.1,287.4,9,6,27.9
41,309,315.3,10,7,27.9
42,283.2,287.4,8,6,27.9
43,341.1,315.3,9,7,27.9
44,399,287.4,10,6,27.9
45,373.2,315.3,8,7,27.9
47,489,315.3,10,7,27.9
48,463.2,287.4,8,6,27.9
49,521.1,315.3,9,7,27.9
50,279,317.4,10,6,27.9
51,253.2,345.3,8,7,27.9
52,311.1,317.4,9,6,27.9
53,369,345.3,10,7,27.9
54,343.2,317.4,8,6,27.9
55,401.1,345.3,9,7,27.9
56,459,317.4,10,6,27.9
57,433.2,345.3,8,7,27.9
58,491.1,317.4,9,6,27.9
59,549,345.3,10,7,27.9
60,223.2,347.4,8,6,27.9
61,281.1,375.3,9,7,27.9
62,339,347.4,10,6,27.9
63,313.2,375.3,8,7,27.9
64,371.1,347.4,9,6,27.9
65,429,375.3,10,7,27.9
66,403.2,347.4,8,6,27.9
67,461.1,375.3,9,7,27.9
68,519,347.4,10,6,27.9
69,493.2,375.3,8,7,27.9
70,251.1,377.4,9,6,27.9
71,309,405.3,10,7,27.9
72,283.2,377.4,8,6,27.9
73,341.1,405.3,9,7,27.9
74,399,377.4,10,6,27.9
75,373.2,405.3,8,7,27.9
76,431.1,377.4,9,6,27.9
77,489,405.3,10,7,27.9
78,463.2,377.4,8,6,27.9
79,521.1,405.3,9,7,27.9
80,279,407.4,10,6,27.9
81,253.2,435.3,8,7,27.9
82,311.1,407.4,9,6,27.9
83,369,435.3,10,7,27.9
84,343.2,407.4,8,6,27.9
85,401.1,435.3,9,7,27.9
86,459,407.4,10,6,27.9
87,433.2,435.3,8,7,27.9
88,491.1,407.4,9,6,27.9
89,549,435.3,10,7,27.9
90,223.2,437.4,8,6,27.9
91,281.1,465.3,9,7,27.9
92,339,437.4,10,6,27.9
93,313.2,465.3,8,7,27.9
94,371.1,437.4,9,6,27.9
95,429,465.3,10,7,27.9
96,403.2,437.4,8,6,27.9
98,519,437.4,10,6,27.9
99,493.2,465.3,8,7,27.9
100,251.1,467.4,9,6,27.9
102,283.2,467.4,8,6,27.9
103,341.1,495.3,9,7,27.9
104,399,467.4,10,6,27.9
105,373.2,495.3,8,7,27.9
106,431.1,467.4,9,6,27.9
107,489,495.3,10,7,27.9
108,463.2,467.4,8,6,27.9
109,521.1,495.3,9,7,27.9
110,279,497.4,10,6,27.9
111,253.2,525.3,8,7,27.9
112,311.1,497.4,9,6,27.9
113,369,525.3,10,7,27.9
114,343.2,497.4,8,6,27.9
115,401.1,525.3,9,7,27.9
116,459,497.4,10,6,27.9
117,433.2,525.3,8,7,27.9
118,491.1,497.4,9,6,27.9
119,549,525.3,10,7,27.9
120,223.2,527.4,8,6,27.9
121,281.1,555.3,9,7,27.9
122,339,527.4,10,6,27.9
123,313.2,555.3,8,7,27.9
124,371.1,527.4,9,6,27.9
125,429,555.3,10,7,27.9
126,403.2,527.4,8,6,27.9
127,461.1,555.3,9,7,27.9
128,519,527.4,10,6,27.9
129,493.2,555.3,8,7,27.9
131,309,585.3,10,7,27.9
13,342,226,9,7,28
46,432,288,9,6,28
97,462,466,9,7,28
101,310,496,10,7,28
130,252,558,9,6,28
1,282,196,9,7,28
3,314,196,8,7,28
5,430,196,10,7,28
7,462,196,9,7,28
8,520,168,10,6,28
9,494,196,8,7,28
10,252,198,9,6,28
11,310,226,10,7,28
12,284,198,8,6,28
14,400,198,10,6,28
15,374,226,8,7,28
16,432,198,9,6,28
17,490,226,10,7,28
18,464,198,8,6,28
19,522,226,9,7,28
20,280,228,10,6,28
21,254,256,8,7,28
22,312,228,9,6,28
23,370,256,10,7,28
24,344,228,8,6,28
26,460,228,10,6,28
27,434,256,8,7,28
28,492,228,9,6,28
29,550,256,10,7,28
30,224,258,8,6,28
31,282,286,9,7,28
32,340,258,10,6,28
33,314,286,8,7,28
34,372,258,9,6,28
35,430,286,10,7,28
36,404,258,8,6,28
37,462,286,9,7,28
38,520,258,10,6,28
39,494,286,8,7,28
40,252,288,9,6,28
41,310,316,10,7,28
42,284,288,8,6,28
43,342,316,9,7,28
44,400,288,10,6,28
45,374,316,8,7,28
47,490,316,10,7,28
48,464,288,8,6,28
49,522,316,9,7,28
50,280,318,10,6,28
51,254,346,8,7,28
52,312,318,9,6,28
53,370,346,10,7,28
54,344,318,8,6,28
55,402,346,9,7,28
56,460,318,10,6,28
57,434,346,8,7,28
58,492,318,9,6,28
59,550,346,10,7,28
60,224,348,8,6,28
61,282,376,9,7,28
62,340,348,10,6,28
63,314,376,8,7,28
64,372,348,9,6,28
65,430,376,10,7,28
66,404,348,8,6,28
67,462,376,9,7,28
68,520,348,10,6,28
69,494,376,8,7,28
70,252,378,9,6,28
71,310,406,10,7,28
72,284,378,8,6,28
73,342,406,9,7,28
74,400,378,10,6,28
75,374,406,8,7,28
76,432,378,9,6,28
77,490,406,10,7,28
78,464,378,8,6,28
79,522,406,9,7,28
80,280,408,10,6,28
81,254,436,8,7,28
82,312,408,9,6,28
83,370,436,10,7,28
84,344,408,8,6,28
85,402,436,9,7,28
86,460,408,10,6,28
87,434,436,8,7,28
88,492,408,9,6,28
89,550,436,10,7,28
90,224,438,8,6,28
91,282,466,9,7,28
92,340,438,10,6,28
93,314,466,8,7,28
94,372,438,9,6,28
95,430,466,10,7,28
96,404,438,8,6,28
98,520,438,10,6,28
99,494,466,8,7,28
100,252,468,9,6,28
102,284,468,8,6,28
103,342,496,9,7,28
104,400,468,10,6,28
105,374,496,8,7,28
106,432,468,9,6,28
107,490,496,10,7,28
108,464,468,8,6,28
109,522,496,9,7,28
110,280,498,10,6,28
111,254,526,8,7,28
112,312,498,9,6,28
113,370,526,10,7,28
114,344,498,8,6,28
115,402,526,9,7,28
116,460,498,10,6,28
117,434,526,8,7,28
118,492,498,9,6,28
119,550,526,10,7,28
120,224,528,8,6,28
121,282,556,9,7,28
122,340,528,10,6,28
123,314,556,8,7,28
124,372,528,9,6,28
125,430,556,10,7,28
126,404,528,8,6,28
127,462,556,9,7,28
128,520,528,10,6,28
129,494,556,8,7,28
131,310,586,10,7,28
13,342.9,226.7,9,7,28.1
46,432.9,288.6,9,6,28.1
97,462.9,466.7,9,7,28.1
101,311,496.7,10,7,28.1
130,252.9,558.6,9,6,28.1
1,282.9,196.7,9,7,28.1
3,314.8,196.7,8,7,28.1
5,431,196.7,10,7,28.1
7,462.9,196.7,9,7,28.1
8,521,168.6,10,6,28.1
9,494.8,196.7,8,7,28.1
10,252.9,198.6,9,6,28.1
11,311,226.7,10,7,28.1
12,284.8,198.6,8,6,28.1
14,401,198.6,10,6,28.1
15,374.8,226.7,8,7,28.1
16,432.9,198.6,9,6,28.1
17,491,226.7,10,7,28.1
18,464.8,198.6,8,6,28.1
19,522.9,226.7,9,7,28.1
20,281,228.6,10,6,28.1
21,254.8,256.7,8,7,28.1
22,312.9,228.6,9,6,28.1
23,371,256.7,10,7,28.1
24,344.8,228.6,8,6,28.1
26,461,228.6,10,6,28.1
27,434.8,256.7,8,7,28.1
28,492.9,228.6,9,6,28.1
29,551,256.7,10,7,28.1
30,224.8,258.6,8,6,28.1
31,282.9,286.7,9,7,28.1
32,341,258.6,10,6,28.1
33,314.8,286.7,8,7,28.1
34,372.9,258.6,9,6,28.1
35,431,286.7,10,7,28.1
36,404.8,258.6,8,6,28.1
37,462.9,286.7,9,7,28.1
38,521,258.6,10,6,28.1
39,494.8,286.7,8,7,28.1
40,252.9,288.6,9,6,28.1
41,311,316.7,10,7,28.1
42,284.8,288.6,8,6,28.1
43,342.9,316.7,9,7,28.1
44,401,288.6,10,6,28.1
45,374.8,316.7,8,7,28.1
47,491,316.7,10,7,28.1
48,464.8,288.6,8,6,28.1
49,522.9,316.7,9,7,28.1
50,281,318.6,10,6,28.1
51,254.8,346.7,8,7,28.1
52,312.9,318.6,9,6,28.1
53,371,346.7,10,7,28.1
54,344.8,318.6,8,6,28.1
55,402.9,346.7,9,7,28.1
56,461,318.6,10,6,28.1
57,434.8,346.7,8,7,28.1
58,492.9,318.6,9,6,28.1
59,551,346.7,10,7,28.1
60,224.8,348.6,8,6,28.1
61,282.9,376.7,9,7,28.1
62,341,348.6,10,6,28.1
63,314.8,376.7,8,7,28.1
64,372.9,348.6,9,6,28.1
65,431,376.7,10,7,28.1
66,404.8,348.6,8,6,28.1
67,462.9,376.7,9,7,28.1
68,521,348.6,10,6,28.1
69,494.8,376.7,8,7,28.1
70,252.9,378.6,9,6,28.1
71,311,406.7,10,7,28.1
72,284.8,378.6,8,6,28.1
73,342.9,406.7,9,7,28.1
74,401,378.6,10,6,28.1
75,374.8,406.7,8,7,28.1
76,432.9,378.6,9,6,28.1
77,491,406.7,10,7,28.1
78,464.8,378.6,8,6,28.1
79,522.9,406.7,9,7,28.1
80,281,408.6,10,6,28.1
81,254.8,436.7,8,7,28.1
82,312.9,408.6,9,6,28.1
83,371,436.7,10,7,28.1
84,344.8,408.6,8,6,28.1
85,402.9,436.7,9,7,28.1
86,461,408.6,10,6,28.1
87,434.8,436.7,8,7,28.1
88,492.9,408.6,9,6,28.1
89,551,436.7,10,7,28.1
90,224.8,438.6,8,6,28.1
91,282.9,466.7,9,7,28.1
92,341,438.6,10,6,28.1
93,314.8,466.7,8,7,28.1
94,372.9,438.6,9,6,28.1
95,431,466.7,10,7,28.1
96,404.8,438.6,8,6,28.1
98,521,438.6,10,6,28.1
99,494.8,466.7,8,7,28.1
100,252.9,468.6,9,6,28.1
102,284.8,468.6,8,6,28.1
103,342.9,496.7,9,7,28.1
104,401,468.6,10,6,28.1
105,374.8,496.7,8,7,28.1
106,432.9,468.6,9,6,28.1
107,491,496.7,10,7,28.1
108,464.8,468.6,8,6,28.1
109,522.9,496.7,9,7,28.1
110,281,498.6,10,6,28.1
111,254.8,526.7,8,7,28.1
112,312.9,498.6,9,6,28.1
113,371,526.7,10,7,28.1
114,344.8,498.6,8,6,28.1
115,402.9,526.7,9,7,28.1
116,461,498.6,10,6,28.1
117,434.8,526.7,8,7,28.1
118,492.9,498.6,9,6,28.1
119,551,526.7,10,7,28.1
120,224.8,528.6,8,6,28.1
121,282.9,556.7,9,7,28.1
122,341,528.6,10,6,28.1
123,314.8,556.7,8,7,28.1
124,372.9,528.6,9,6,28.1
125,431,556.7,10,7,28.1
126,404.8,528.6,8,6,28.1
127,462.9,556.7,9,7,28.1
128,521,528.6,10,6,28.1
129,494.8,556.7,8,7,28.1
131,311,586.7,10,7,28.1
13,343.8,227.4,9,7,28.2
46,433.8,289.2,9,6,28.2
97,463.8,467.4,9,7,28.2
101,312,497.4,10,7,28.2
130,253.8,559.2,9,6,28.2
1,283.8,197.4,9,7,28.2
3,315.6,197.4,8,7,28.2
5,432,197.4,10,7,28.2
7,463.8,197.4,9,7,28.2
8,522,169.2,10,6,28.2
9,495.6,197.4,8,7,28.2
10,253.8,199.2,9,6,28.2
11,312,227.4,10,7,28.2
12,285.6,199.2,8,6,28.2
14,402,199.2,10,6,28.2
15,375.6,227.4,8,7,28.2
16,433.8,199.2,9,6,28.2
17,492,227.4,10,7,28.2
18,465.6,199.2,8,6,28.2
19,523.8,227.4,9,7,28.2
20,282,229.2,10,6,28.2
21,255.6,257.4,8,7,28.2
22,313.8,229.2,9,6,28.2
23,372,257.4,10,7,28.2
24,345.6,229.2,8,6,28.2
26,462,229.2,10,6,28.2
27,435.6,257.4,8,7,28.2
28,493.8,229.2,9,6,28.2
29,552,257.4,10,7,28.2
30,225.6,259.2,8,6,28.2
31,283.8,287.4,9,7,28.2
32,342,259.2,10,6,28.2
33,315.6,287.4,8,7,28.2
34,373.8,259.2,9,6,28.2
35,432,287.4,10,7,28.2
36,405.6,259.2,8,6,28.2
37,463.8,287.4,9,7,28.2
38,522,259.2,10,6,28.2
39,495.6,287.4,8,7,28.2
40,253.8,289.2,9,6,28.2
41,312,317.4,10,7,28.2
42,285.6,289.2,8,6,28.2
43,343.8,317.4,9,7,28.2
44,402,289.2,10,6,28.2
45,375.6,317.4,8,7,28.2
47,492,317.4,10,7,28.2
48,465.6,289.2,8,6,28.2
49,523.8,317.4,9,7,28.2
50,282,319.2,10,6,28.2
51,255.6,347.4,8,7,28.2
52,313.8,319.2,9,6,28.2
53,372,347.4,10,7,28.2
54,345.6,319.2,8,6,28.2
55,403.8,347.4,9,7,28.2
56,462,319.2,10,6,28.2
57,435.6,347.4,8,7,28.2
58,493.8,319.2,9,6,28.2
59,552,347.4,10,7,28.2
60,225.6,349.2,8,6,28.2
61,283.8,377.4,9,7,28.2
62,342,349.2,10,6,28.2
63,315.6,377.4,8,7,28.2
64,373.8,349.2,9,6,28.2
65,432,377.4,10,7,28.2
66,405.6,349.2,8,6,28.2
67,463.8,377.4,9,7,28.2
68,522,349.2,10,6,28.2
69,495.6,377.4,8,7,28.2
70,253.8,379.2,9,6,28.2
71,312,407.4,10,7,28.2
72,285.6,379.2,8,6,28.2
73,343.8,407.4,9,7,28.2
74,402,379.2,10,6,28.2
75,375.6,407.4,8,7,28.2
76,433.8,379.2,9,6,28.2
77,492,407.4,10,7,28.2
78,465.6,379.2,8,6,28.2
79,523.8,407.4,9,7,28.2
80,282,409.2,10,6,28.2
81,255.6,437.4,8,7,28.2
82,313.8,409.2,9,6,28.2
83,372,437.4,10,7,28.2
84,345.6,409.2,8,6,28.2
85,403.8,437.4,9,7,28.2
86,462,409.2,10,6,28.2
87,435.6,437.4,8,7,28.2
88,493.8,409.2,9,6,28.2
89,552,437.4,10,7,28.2
90,225.6,439.2,8,6,28.2
91,283.8,467.4,9,7,28.2
92,342,439.2,10,6,28.2
93,315.6,467.4,8,7,28.2
94,373.8,439.2,9,6,28.2
95,432,467.4,10,7,28.2
96,405.6,439.2,8,6,28.2
98,522,439.2,10,6,28.2
99,495.6,467.4,8,7,28.2
100,253.8,469.2,9,6,28.2
102,285.6,469.2,8,6,28.2
103,343.8,497.4,9,7,28.2
104,402,469.2,10,6,28.2
105,375.6,497.4,8,7,28.2
106,433.8,469.2,9,6,28.2
107,492,497.4,10,7,28.2
108,465.6,469.2,8,6,28.2
109,523.8,497.4,9,7,28.2
110,282,499.2,10,6,28.2
111,255.6,527.4,8,7,28.2
112,313.8,499.2,9,6,28.2
113,372,527.4,10,7,28.2
114,345.6,499.2,8,6,28.2
115,403.8,527.4,9,7,28.2
116,462,499.2,10,6,28.2
117,435.6,527.4,8,7,28.2
118,493.8,499.2,9,6,28.2
119,552,527.4,10,7,28.2
120,225.6,529.2,8,6,28.2
121,283.8,557.4,9,7,28.2
122,342,529.2,10,6,28.2
123,315.6,557.4,8,7,28.2
124,373.8,529.2,9,6,28.2
125,432,557.4,10,7,28.2
126,405.6,529.2,8,6,28.2
127,463.8,557.4,9,7,28.2
128,522,529.2,10,6,28.2
129,495.6,557.4,8,7,28.2
131,312,587.4,10,7,28.2
13,344.7,228.1,9,7,28.3
46,434.7,289.8,9,6,28.3
97,464.7,468.1,9,7,28.3
101,313,498.1,10,7,28.3
130,254.7,559.8,9,6,28.3
1,284.7,198.1,9,7,28.3
3,316.4,198.1,8,7,28.3
5,433,198.1,10,7,28.3
7,464.7,198.1,9,7,28.3
8,523,169.8,10,6,28.3
9,496.4,198.1,8,7,28.3
10,254.7,199.8,9,6,28.3
11,313,228.1,10,7,28.3
12,286.4,199.8,8,6,28.3
14,403,199.8,10,6,28.3
15,376.4,228.1,8,7,28.3
16,434.7,199.8,9,6,28.3
17,493,228.1,10,7,28.3
18,466.4,199.8,8,6,28.3
19,524.7,228.1,9,7,28.3
20,283,229.8,10,6,28.3
21,256.4,258.1,8,7,28.3
22,314.7,229.8,9,6,28.3
23,373,258.1,10,7,28.3
24,346.4,229.8,8,6,28.3
26,463,229.8,10,6,28.3
27,436.4,258.1,8,7,28.3
28,494.7,229.8,9,6,28.3
29,553,258.1,10,7,28.3
30,226.4,259.8,8,6,28.3
31,284.7,288.1,9,7,28.3
32,343,259.8,10,6,28.3
33,316.4,288.1,8,7,28.3
34,374.7,259.8,9,6,28.3
35,433,288.1,10,7,28.3
36,406.4,259.8,8,6,28.3
37,464.7,288.1,9,7,28.3
38,523,259.8,10,6,28.3
39,496.4,288.1,8,7,28.3
40,254.7,289.8,9,6,28.3
41,313,318.1,10,7,28.3
42,286.4,289.8,8,6,28.3
43,344.7,318.1,9,7,28.3
44,403,289.8,10,6,28.3
45,376.4,318.1,8,7,28.3
47,493,318.1,10,7,28.3
48,466.4,289.8,8,6,28.3
49,524.7,318.1,9,7,28.3
50,283,319.8,10,6,28.3
51,256.4,348.1,8,7,28.3
52,314.7,319.8,9,6,28.3
53,373,348.1,10,7,28.3
54,346.4,319.8,8,6,28.3
55,404.7,348.1,9,7,28.3
56,463,319.8,10,6,28.3
57,436.4,348.1,8,7,28.3
58,494.7,319.8,9,6,28.3
59,553,348.1,10,7,28.3
60,226.4,349.8,8,6,28.3
61,284.7,378.1,9,7,28.3
62,343,349.8,10,6,28.3
63,316.4,378.1,8,7,28.3
64,374.7,349.8,9,6,28.3
65,433,378.1,10,7,28.3
66,406.4,349.8,8,6,28.3
67,464.7,378.1,9,7,28.3
68,523,349.8,10,6,28.3
69,496.4,378.1,8,7,28.3
70,254.7,379.8,9,6,28.3
71,313,408.1,10,7,28.3
72,286.4,379.8,8,6,28.3
73,344.7,408.1,9,7,28.3
74,403,379.8,10,6,28.3
75,376.4,408.1,8,7,28.3
76,434.7,379.8,9,6,28.3
77,493,408.1,10,7,28.3
78,466.4,379.8,8,6,28.3
79,524.7,408.1,9,7,28.3
80,283,409.8,10,6,28.3
81,256.4,438.1,8,7,28.3
82,314.7,409.8,9,6,28.3
83,373,438.1,10,7,28.3
84,346.4,409.8,8,6,28.3
85,404.7,438.1,9,7,28.3
86,463,409.8,10,6,28.3
87,436.4,438.1,8,7,28.3
88,494.7,409.8,9,6,28.3
89,553,438.1,10,7,28.3
90,226.4,439.8,8,6,28.3
91,284.7,468.1,9,7,28.3
92,343,439.8,10,6,28.3
93,316.4,468.1,8,7,28.3
94,374.7,439.8,9,6,28.3
95,433,468.1,10,7,28.3
96,406.4,439.8,8,6,28.3
98,523,439.8,10,6,28.3
99,496.4,468.1,8,7,28.3
100,254.7,469.8,9,6,28.3
102,286.4,469.8,8,6,28.3
103,344.7,498.1,9,7,28.3
104,403,469.8,10,6,28.3
105,376.4,498.1,8,7,28.3
106,434.7,469.8,9,6,28.3
107,493,498.1,10,7,28.3
108,466.4,469.8,8,6,28.3
109,524.7,498.1,9,7,28.3
110,283,499.8,10,6,28.3
111,256.4,528.1,8,7,28.3
112,314.7,499.8,9,6,28.3
113,373,528.1,10,7,28.3
114,346.4,499.8,8,6,28.3
115,404.7,528.1,9,7,28.3
116,463,499.8,10,6,28.3
117,436.4,528.1,8,7,28.3
118,494.7,499.8,9,6,28.3
119,553,528.1,10,7,28.3
120,226.4,529.8,8,6,28.3
121,284.7,558.1,9,7,28.3
122,343,529.8,10,6,28.3
123,316.4,558.1,8,7,28.3
124,374.7,529.8,9,6,28.3
125,433,558.1,10,7,28.3
126,406.4,529.8,8,6,28.3
127,464.7,558.1,9,7,28.3
128,523,529.8,10,6,28.3
129,496.4,558.1,8,7,28.3
131,313,588.1,10,7,28.3
13,345.6,228.8,9,7,28.4
46,435.6,290.4,9,6,28.4
97,465.6,468.8,9,7,28.4
101,314,498.8,10,7,28.4
130,255.6,560.4,9,6,28.4
1,285.6,198.8,9,7,28.4
3,317.2,198.8,8,7,28.4
5,434,198.8,10,7,28.4
7,465.6,198.8,9,7,28.4
8,524,170.4,10,6,28.4
9,497.2,198.8,8,7,28.4
10,255.6,200.4,9,6,28.4
11,314,228.8,10,7,28.4
12,287.2,200.4,8,6,28.4
14,404,200.4,10,6,28.4
15,377.2,228.8,8,7,28.4
16,435.6,200.4,9,6,28.4
17,494,228.8,10,7,28.4
18,467.2,200.4,8,6,28.4
19,525.6,228.8,9,7,28.4
20,284,230.4,10,6,28.4
21,257.2,258.8,8,7,28.4
22,315.6,230.4,9,6,28.4
23,374,258.8,10,7,28.4
24,347.2,230.4,8,6,28.4
26,464,230.4,10,6,28.4
27,437.2,258.8,8,7,28.4
28,495.6,230.4,9,6,28.4
29,554,258.8,10,7,28.4
30,227.2,260.4,8,6,28.4
31,285.6,288.8,9,7,28.4
32,344,260.4,10,6,28.4
33,317.2,288.8,8,7,28.4
34,375.6,260.4,9,6,28.4
35,434,288.8,10,7,28.4
36,407.2,260.4,8,6,28.4
37,465.6,288.8,9,7,28.4
38,524,260.4,10,6,28.4
39,497.2,288.8,8,7,28.4
40,255.6,290.4,9,6,28.4
41,314,318.8,10,7,28.4
42,287.2,290.4,8,6,28.4
43,345.6,318.8,9,7,28.4
44,404,290.4,10,6,28.4
45,377.2,318.8,8,7,28.4
47,494,318.8,10,7,28.4
48,467.2,290.4,8,6,28.4
49,525.6,318.8,9,7,28.4
50,284,320.4,10,6,28.4
51,257.2,348.8,8,7,28.4
52,315.6,320.4,9,6,28.4
53,374,348.8,10,7,28.4
54,347.2,320.4,8,6,28.4
55,405.6,348.8,9,7,28.4
56,464,320.4,10,6,28.4
57,437.2,348.8,8,7,28.4
58,495.6,320.4,9,6,28.4
59,554,348.8,10,7,28.4
60,227.2,350.4,8,6,28.4
61,285.6,378.8,9,7,28.4
62,344,350.4,10,6,28.4
63,317.2,378.8,8,7,28.4
64,375.6,350.4,9,6,28.4
65,434,378.8,10,7,28.4
66,407.2,350.4,8,6,28.4
67,465.6,378.8,9,7,28.4
68,524,350.4,10,6,28.4
69,497.2,378.8,8,7,28.4
70,255.6,380.4,9,6,28.4
71,314,408.8,10,7,28.4
72,287.2,380.4,8,6,28.4
73,345.6,408.8,9,7,28.4
74,404,380.4,10,6,28.4
75,377.2,408.8,8,7,28.4
76,435.6,380.4,9,6,28.4
77,494,408.8,10,7,28.4
78,467.2,380.4,8,6,28.4
79,525.6,408.8,9,7,28.4
80,284,410.4,10,6,28.4
81,257.2,438.8,8,7,28.4
82,315.6,410.4,9,6,28.4
83,374,438.8,10,7,28.4
84,347.2,410.4,8,6,28.4
85,405.6,438.8,9,7,28.4
86,464,410.4,10,6,28.4
87,437.2,438.8,8,7,28.4
88,495.6,410.4,9,6,28.4
89,554,438.8,10,7,28.4
90,227.2,440.4,8,6,28.4
91,285.6,468.8,9,7,28.4
92,344,440.4,10,6,28.4
93,317.2,468.8,8,7,28.4
94,375.6,440.4,9,6,28.4
95,434,468.8,10,7,28.4
96,407.2,440.4,8,6,28.4
98,524,440.4,10,6,28.4
99,497.2,468.8,8,7,28.4
100,255.6,470.4,9,6,28.4
102,287.2,470.4,8,6,28.4
103,345.6,498.8,9,7,28.4
104,404,470.4,10,6,28.4
105,377.2,498.8,8,7,28.4
106,435.6,470.4,9,6,28.4
107,494,498.8,10,7,28.4
108,467.2,470.4,8,6,28.4
109,525.6,498.8,9,7,28.4
110,284,500.4,10,6,28.4
111,257.2,528.8,8,7,28.4
112,315.6,500.4,9,6,28.4
113,374,528.8,10,7,28.4
114,347.2,500.4,8,6,28.4
115,405.6,528.8,9,7,28.4
116,464,500.4,10,6,28.4
117,437.2,528.8,8,7,28.4
118,495.6,500.4,9,6,28.4
119,554,528.8,10,7,28.4
120,227.2,530.4,8,6,28.4
121,285.6,558.8,9,7,28.4
122,344,530.4,10,6,28.4
123,317.2,558.8,8,7,28.4
124,375.6,530.4,9,6,28.4
125,434,558.8,10,7,28.4
126,407.2,530.4,8,6,28.4
127,465.6,558.8,9,7,28.4
128,524,530.4,10,6,28.4
129,497.2,558.8,8,7,28.4
131,314,588.8,10,7,28.4
13,346.5,229.5,9,7,28.5
46,436.5,291,9,6,28.5
97,466.5,469.5,9,7,28.5
101,315,499.5,10,7,28.5
130,256.5,561,9,6,28.5
1,286.5,199.5,9,7,28.5
3,318,199.5,8,7,28.5
5,435,199.5,10,7,28.5
7,466.5,199.5,9,7,28.5
8,525,171,10,6,28.5
9,498,199.5,8,7,28.5
10,256.5,201,9,6,28.5
11,315,229.5,10,7,28.5
12,288,201,8,6,28.5
14,405,201,10,6,28.5
15,378,229.5,8,7,28.5
16,436.5,201,9,6,28.5
17,495,229.5,10,7,28.5
18,468,201,8,6,28.5
19,526.5,229.5,9,7,28.5
20,285,231,10,6,28.5
21,258,259.5,8,7,28.5
22,316.5,231,9,6,28.5
23,375,259.5,10,7,28.5
24,348,231,8,6,28.5
26,465,231,10,6,28.5
27,438,259.5,8,7,28.5
28,496.5,231,9,6,28.5
29,555,259.5,10,7,28.5
30,228,261,8,6,28.5
31,286.5,289.5,9,7,28.5
32,345,261,10,6,28.5
33,318,289.5,8,7,28.5
34,376.5,261,9,6,28.5
35,435,289.5,10,7,28.5
36,408,261,8,6,28.5
37,466.5,289.5,9,7,28.5
38,525,261,10,6,28.5
39,498,289.5,8,7,28.5
40,256.5,291,9,6,28.5
41,315,319.5,10,7,28.5
42,288,291,8,6,28.5
43,346.5,319.5,9,7,28.5
44,405,291,10,6,28.5
45,378,319.5,8,7,28.5
47,495,319.5,10,7,28.5
48,468,291,8,6,28.5
49,526.5,319.5,9,7,28.5
50,285,321,10,6,28.5
51,258,349.5,8,7,28.5
52,316.5,321,9,6,28.5
53,375,349.5,10,7,28.5
54,348,321,8,6,28.5
55,406.5,349.5,9,7,28.5
56,465,321,10,6,28.5
57,438,349.5,8,7,28.5
58,496.5,321,9,6,28.5
59,555,349.5,10,7,28.5
60,228,351,8,6,28.5
61,286.5,379.5,9,7,28.5
62,345,351,10,6,28.5
63,318,379.5,8,7,28.5
64,376.5,351,9,6,28.5
65,435,379.5,10,7,28.5
66,408,351,8,6,28.5
67,466.5,379.5,9,7,28.5
68,525,351,10,6,28.5
69,498,379.5,8,7,28.5
70,256.5,381,9,6,28.5
71,315,409.5,10,7,28.5
72,288,381,8,6,28.5
73,346.5,409.5,9,7,28.5
74,405,381,10,6,28.5
75,378,409.5,8,7,28.5
76,436.5,381,9,6,28.5
77,495,409.5,10,7,28.5
78,468,381,8,6,28.5
79,526.5,409.5,9,7,28.5
80,285,411,10,6,28.5
81,258,439.5,8,7,28.5
82,316.5,411,9,6,28.5
83,375,439.5,10,7,28.5
84,348,411,8,6,28.5
85,406.5,439.5,9,7,28.5
86,465,411,10,6,28.5
87,438,439.5,8,7,28.5
88,496.5,411,9,6,28.5
89,555,439.5,10,7,28.5
90,228,441,8,6,28.5
91,286.5,469.5,9,7,28.5
92,345,441,10,6,28.5
93,318,469.5,8,7,28.5
94,376.5,441,9,6,28.5
95,435,469.5,10,7,28.5
96,408,441,8,6,28.5
98,525,441,10,6,28.5
99,498,469.5,8,7,28.5
100,256.5,471,9,6,28.5
102,288,471,8,6,28.5
103,346.5,499.5,9,7,28.5
104,405,471,10,6,28.5
105,378,499.5,8,7,28.5
106,436.5,471,9,6,28.5
107,495,499.5,10,7,28.5
108,468,471,8,6,28.5
109,526.5,499.5,9,7,28.5
110,285,501,10,6,28.5
111,258,529.5,8,7,28.5
112,316.5,501,9,6,28.5
113,375,529.5,10,7,28.5
114,348,501,8,6,28.5
115,406.5,529.5,9,7,28.5
116,465,501,10,6,28.5
117,438,529.5,8,7,28.5
118,496.5,501,9,6,28.5
119,555,529.5,10,7,28.5
120,228,531,8,6,28.5
121,286.5,559.5,9,7,28.5
122,345,531,10,6,28.5
123,318,559.5,8,7,28.5
124,376.5,531,9,6,28.5
125,435,559.5,10,7,28.5
126,408,531,8,6,28.5
127,466.5,559.5,9,7,28.5
128,525,531,10,6,28.5
129,498,559.5,8,7,28.5
131,315,589.5,10,7,28.5
13,347.4,230.2,9,7,28.6
46,437.4,291.6,9,6,28.6
97,467.4,470.2,9,7,28.6
101,316,500.2,10,7,28.6
130,257.4,561.6,9,6,28.6
1,287.4,200.2,9,7,28.6
3,318.8,200.2,8,7,28.6
5,436,200.2,10,7,28.6
7,467.4,200.2,9,7,28.6
8,526,171.6,10,6,28.6
9,498.8,200.2,8,7,28.6
10,257.4,201.6,9,6,28.6
11,316,230.2,10,7,28.6
12,288.8,201.6,8,6,28.6
14,406,201.6,10,6,28.6
15,378.8,230.2,8,7,28.6
16,437.4,201.6,9,6,28.6
17,496,230.2,10,7,28.6
18,468.8,201.6,8,6,28.6
19,527.4,230.2,9,7,28.6
20,286,231.6,10,6,28.6
21,258.8,260.2,8,7,28.6
22,317.4,231.6,9,6,28.6
23,376,260.2,10,7,28.6
24,348.8,231.6,8,6,28.6
26,466,231.6,10,6,28.6
27,438.8,260.2,8,7,28.6
28,497.4,231.6,9,6,28.6
29,556,260.2,10,7,28.6
30,228.8,261.6,8,6,28.6
31,287.4,290.2,9,7,28.6
32,346,261.6,10,6,28.6
33,318.8,290.2,8,7,28.6
34,377.4,261.6,9,6,28.6
35,436,290.2,10,7,28.6
36,408.8,261.6,8,6,28.6
37,467.4,290.2,9,7,28.6
38,526,261.6,10,6,28.6
39,498.8,290.2,8,7,28.6
40,257.4,291.6,9,6,28.6
41,316,320.2,10,7,28.6
42,288.8,291.6,8,6,28.6
43,347.4,320.2,9,7,28.6
44,406,291.6,10,6,28.6
45,378.8,320.2,8,7,28.6
47,496,320.2,10,7,28.6
48,468.8,291.6,8,6,28.6
49,527.4,320.2,9,7,28.6
50,286,321.6,10,6,28.6
51,258.8,350.2,8,7,28.6
52,317.4,321.6,9,6,28.6
53,376,350.2,10,7,28.6
54,348.8,321.6,8,6,28.6
55,407.4,350.2,9,7,28.6
56,466,321.6,10,6,28.6
57,438.8,350.2,8,7,28.6
58,497.4,321.6,9,6,28.6
59,556,350.2,10,7,28.6
60,228.8,351.6,8,6,28.6
61,287.4,380.2,9,7,28.6
62,346,351.6,10,6,28.6
63,318.8,380.2,8,7,28.6
64,377.4,351.6,9,6,28.6
65,436,380.2,10,7,28.6
66,408.8,351.6,8,6,28.6
67,467.4,380.2,9,7,28.6
68,526,351.6,10,6,28.6
69,498.8,380.2,8,7,28.6
70,257.4,381.6,9,6,28.6
71,316,410.2,10,7,28.6
72,288.8,381.6,8,6,28.6
73,347.4,410.2,9,7,28.6
74,406,381.6,10,6,28.6
75,378.8,410.2,8,7,28.6
76,437.4,381.6,9,6,28.6
77,496,410.2,10,7,28.6
78,468.8,381.6,8,6,28.6
79,527.4,410.2,9,7,28.6
80,286,411.6,10,6,28.6
81,258.8,440.2,8,7,28.6
82,317.4,411.6,9,6,28.6
83,376,440.2,10,7,28.6
84,348.8,411.6,8,6,28.6
85,407.4,440.2,9,7,28.6
86,466,411.6,10,6,28.6
87,438.8,440.2,8,7,28.6
88,497.4,411.6,9,6,28.6
89,556,440.2,10,7,28.6
90,228.8,441.6,8,6,28.6
91,287.4,470.2,9,7,28.6
92,346,441.6,10,6,28.6
93,318.8,470.2,8,7,28.6
94,377.4,441.6,9,6,28.6
95,436,470.2,10,7,28.6
96,408.8,441.6,8,6,28.6
98,526,441.6,10,6,28.6
99,498.8,470.2,8,7,28.6
100,257.4,471.6,9,6,28.6
102,288.8,471.6,8,6,28.6
103,347.4,500.2,9,7,28.6
104,406,471.6,10,6,28.6
105,378.8,500.2,8,7,28.6
106,437.4,471.6,9,6,28.6
107,496,500.2,10,7,28.6
108,468.8,471.6,8,6,28.6
109,527.4,500.2,9,7,28.6
110,286,501.6,10,6,28.6
111,258.8,530.2,8,7,28.6
112,317.4,501.6,9,6,28.6
113,376,530.2,10,7,28.6
114,348.8,501.6,8,6,28.6
115,407.4,530.2,9,7,28.6
116,466,501.6,10,6,28.6
117,438.8,530.2,8,7,28.6
118,497.4,501.6,9,6,28.6
119,556,530.2,10,7,28.6
120,228.8,531.6,8,6,28.6
121,287.4,560.2,9,7,28.6
122,346,531.6,10,6,28.6
123,318.8,560.2,8,7,28.6
124,377.4,531.6,9,6,28.6
125,436,560.2,10,7,28.6
126,408.8,531.6,8,6,28.6
127,467.4,560.2,9,7,28.6
128,526,531.6,10,6,28.6
129,498.8,560.2,8,7,28.6
131,316,590.2,10,7,28.6
13,348.3,230.9,9,7,28.7
46,438.3,292.2,9,6,28.7
97,468.3,470.9,9,7,28.7
101,317,500.9,10,7,28.7
130,258.3,562.2,9,6,28.7
1,288.3,200.9,9,7,28.7
3,319.6,200.9,8,7,28.7
5,437,200.9,10,7,28.7
7,468.3,200.9,9,7,28.7
8,527,172.2,10,6,28.7
9,499.6,200.9,8,7,28.7
10,258.3,202.2,9,6,28.7
11,317,230.9,10,7,28.7
12,289.6,202.2,8,6,28.7
14,407,202.2,10,6,28.7
15,379.6,230.9,8,7,28.7
16,438.3,202.2,9,6,28.7
17,497,230.9,10,7,28.7
18,469.6,202.2,8,6,28.7
19,528.3,230.9,9,7,28.7
20,287,232.2,10,6,28.7
21,259.6,260.9,8,7,28.7
22,318.3,232.2,9,6,28.7
23,377,260.9,10,7,28.7
24,349.6,232.2,8,6,28.7
26,467,232.2,10,6,28.7
27,439.6,260.9,8,7,28.7
28,498.3,232.2,9,6,28.7
29,557,260.9,10,7,28.7
30,229.6,262.2,8,6,28.7
31,288.3,290.9,9,7,28.7
32,347,262.2,10,6,28.7
33,319.6,290.9,8,7,28.7
34,378.3,262.2,9,6,28.7
35,437,290.9,10,7,28.7
36,409.6,262.2,8,6,28.7
37,468.3,290.9,9,7,28.7
38,527,262.2,10,6,28.7
39,499.6,290.9,8,7,28.7
40,258.3,292.2,9,6,28.7
41,317,320.9,10,7,28.7
42,289.6,292.2,8,6,28.7
43,348.3,320.9,9,7,28.7
44,407,292.2,10,6,28.7
45,379.6,320.9,8,7,28.7
47,497,320.9,10,7,28.7
48,469.6,292.2,8,6,28.7
49,528.3,320.9,9,7,28.7
50,287,322.2,10,6,28.7
51,259.6,350.9,8,7,28.7
52,318.3,322.2,9,6,28.7
53,377,350.9,10,7,28.7
54,349.6,322.2,8,6,28.7
55,408.3,350.9,9,7,28.7
56,467,322.2,10,6,28.7
57,439.6,350.9,8,7,28.7
58,498.3,322.2,9,6,28.7
59,557,350.9,10,7,28.7
60,229.6,352.2,8,6,28.7
61,288.3,380.9,9,7,28.7
62,347,352.2,10,6,28.7
63,319.6,380.9,8,7,28.7
64,378.3,352.2,9,6,28.7
65,437,380.9,10,7,28.7
66,409.6,352.2,8,6,28.7
67,468.3,380.9,9,7,28.7
68,527,352.2,10,6,28.7
69,499.6,380.9,8,7,28.7
70,258.3,382.2,9,6,28.7
71,317,410.9,10,7,28.7
72,289.6,382.2,8,6,28.7
73,348.3,410.9,9,7,28.7
74,407,382.2,10,6,28.7
75,379.6,410.9,8,7,28.7
76,438.3,382.2,9,6,28.7
77,497,410.9,10,7,28.7
78,469.6,382.2,8,6,28.7
79,528.3,410.9,9,7,28.7
80,287,412.2,10,6,28.7
81,259.6,440.9,8,7,28.7
82,318.3,412.2,9,6,28.7
83,377,440.9,10,7,28.7
84,349.6,412.2,8,6,28.7
85,408.3,440.9,9,7,28.7
86,467,412.2,10,6,28.7
87,439.6,440.9,8,7,28.7
88,498.3,412.2,9,6,28.7
89,557,440.9,10,7,28.7
90,229.6,442.2,8,6,28.7
91,288.3,470.9,9,7,28.7
92,347,442.2,10,6,28.7
93,319.6,470.9,8,7,28.7
94,378.3,442.2,9,6,28.7
95,437,470.9,10,7,28.7
96,409.6,442.2,8,6,28.7
98,527,442.2,10,6,28.7
99,499.6,470.9,8,7,28.7
100,258.3,472.2,9,6,28.7
102,289.6,472.2,8,6,28.7
103,348.3,500.9,9,7,28.7
104,407,472.2,10,6,28.7
105,379.6,500.9,8,7,28.7
106,438.3,472.2,9,6,28.7
107,497,500.9,10,7,28.7
108,469.6,472.2,8,6,28.7
109,528.3,500.9,9,7,28.7
110,287,502.2,10,6,28.7
111,259.6,530.9,8,7,28.7
112,318.3,502.2,9,6,28.7
113,377,530.9,10,7,28.7
114,349.6,502.2,8,6,28.7
115,408.3,530.9,9,7,28.7
116,467,502.2,10,6,28.7
117,439.6,530.9,8,7,28.7
118,498.3,502.2,9,6,28.7
119,557,530.9,10,7,28.7
120,229.6,532.2,8,6,28.7
121,288.3,560.9,9,7,28.7
122,347,532.2,10,6,28.7
123,319.6,560.9,8,7,28.7
124,378.3,532.2,9,6,28.7
125,437,560.9,10,7,28.7
126,409.6,532.2,8,6,28.7
127,468.3,560.9,9,7,28.7
128,527,532.2,10,6,28.7
129,499.6,560.9,8,7,28.7
131,317,590.9,10,7,28.7
13,349.2,231.6,9,7,28.8
46,439.2,292.8,9,6,28.8
97,469.2,471.6,9,7,28.8
101,318,501.6,10,7,28.8
130,259.2,562.8,9,6,28.8
1,289.2,201.6,9,7,28.8
3,320.4,201.6,8,7,28.8
5,438,201.6,10,7,28.8
7,469.2,201.6,9,7,28.8
8,528,172.8,10,6,28.8
9,500.4,201.6,8,7,28.8
10,259.2,202.8,9,6,28.8
11,318,231.6,10,7,28.8
12,290.4,202.8,8,6,28.8
14,408,202.8,10,6,28.8
15,380.4,231.6,8,7,28.8
16,439.2,202.8,9,6,28.8
17,498,231.6,10,7,28.8
18,470.4,202.8,8,6,28.8
19,529.2,231.6,9,7,28.8
20,288,232.8,10,6,28.8
21,260.4,261.6,8,7,28.8
22,319.2,232.8,9,6,28.8
23,378,261.6,10,7,28.8
24,350.4,232.8,8,6,28.8
26,468,232.8,10,6,28.8
27,440.4,261.6,8,7,28.8
28,499.2,232.8,9,6,28.8
29,558,261.6,10,7,28.8
30,230.4,262.8,8,6,28.8
31,289.2,291.6,9,7,28.8
32,348,262.8,10,6,28.8
33,320.4,291.6,8,7,28.8
34,379.2,262.8,9,6,28.8
35,438,291.6,10,7,28.8
36,410.4,262.8,8,6,28.8
37,469.2,291.6,9,7,28.8
38,528,262.8,10,6,28.8
39,500.4,291.6,8,7,28.8
40,259.2,292.8,9,6,28.8
41,318,321.6,10,7,28.8
42,290.4,292.8,8,6,28.8
43,349.2,321.6,9,7,28.8
44,408,292.8,10,6,28.8
45,380.4,321.6,8,7,28.8
47,498,321.6,10,7,28.8
48,470.4,292.8,8,6,28.8
49,529.2,321.6,9,7,28.8
50,288,322.8,10,6,28.8
51,260.4,351.6,8,7,28.8
52,319.2,322.8,9,6,28.8
53,378,351.6,10,7,28.8
54,350.4,322.8,8,6,28.8
55,409.2,351.6,9,7,28.8
56,468,322.8,10,6,28.8
57,440.4,351.6,8,7,28.8
58,499.2,322.8,9,6,28.8
59,558,351.6,10,7,28.8
60,230.4,352.8,8,6,28.8
61,289.2,381.6,9,7,28.8
62,348,352.8,10,6,28.8
63,320.4,381.6,8,7,28.8
64,379.2,352.8,9,6,28.8
65,438,381.6,10,7,28.8
66,410.4,352.8,8,6,28.8
67,469.2,381.6,9,7,28.8
68,528,352.8,10,6,28.8
69,500.4,381.6,8,7,28.8
70,259.2,382.8,9,6,28.8
71,318,411.6,10,7,28.8
72,290.4,382.8,8,6,28.8
73,349.2,411.6,9,7,28.8
74,408,382.8,10,6,28.8
75,380.4,411.6,8,7,28.8
76,439.2,382.8,9,6,28.8
77,498,411.6,10,7,28.8
78,470.4,382.8,8,6,28.8
79,529.2,411.6,9,7,28.8
80,288,412.8,10,6,28.8
81,260.4,441.6,8,7,28.8
82,319.2,412.8,9,6,28.8
83,378,441.6,10,7,28.8
84,350.4,412.8,8,6,28.8
85,409.2,441.6,9,7,28.8
86,468,412.8,10,6,28.8
87,440.4,441.6,8,7,28.8
88,499.2,412.8,9,6,28.8
89,558,441.6,10,7,28.8
90,230.4,442.8,8,6,28.8
91,289.2,471.6,9,7,28.8
92,348,442.8,10,6,28.8
93,320.4,471.6,8,7,28.8
94,379.2,442.8,9,6,28.8
95,438,471.6,10,7,28.8
96,410.4,442.8,8,6,28.8
98,528,442.8,10,6,28.8
99,500.4,471.6,8,7,28.8
100,259.2,472.8,9,6,28.8
102,290.4,472.8,8,6,28.8
103,349.2,501.6,9,7,28.8
104,408,472.8,10,6,28.8
105,380.4,501.6,8,7,28.8
106,439.2,472.8,9,6,28.8
107,498,501.6,10,7,28.8
108,470.4,472.8,8,6,28.8
109,529.2,501.6,9,7,28.8
110,288,502.8,10,6,28.8
111,260.4,531.6,8,7,28.8
112,319.2,502.8,9,6,28.8
113,378,531.6,10,7,28.8
114,350.4,502.8,8,6,28.8
115,409.2,531.6,9,7,28.8
116,468,502.8,10,6,28.8
117,440.4,531.6,8,7,28.8
118,499.2,502.8,9,6,28.8
119,558,531.6,10,7,28.8
120,230.4,532.8,8,6,28.8
121,289.2,561.6,9,7,28.8
122,348,532.8,10,6,28.8
123,320.4,561.6,8,7,28.8
124,379.2,532.8,9,6,28.8
125,438,561.6,10,7,28.8
126,410.4,532.8,8,6,28.8
127,469.2,561.6,9,7,28.8
128,528,532.8,10,6,28.8
129,500.4,561.6,8,7,28.8
131,318,591.6,10,7,28.8
13,350.1,232.3,9,7,28.9
46,440.1,293.4,9,6,28.9
97,470.1,472.3,9,7,28.9
101,319,502.3,10,7,28.9
130,260.1,563.4,9,6,28.9
1,290.1,202.3,9,7,28.9
3,321.2,202.3,8,7,28.9
5,439,202.3,10,7,28.9
7,470.1,202.3,9,7,28.9
8,529,173.4,10,6,28.9
9,501.2,202.3,8,7,28.9
10,260.1,203.4,9,6,28.9
11,319,232.3,10,7,28.9
12,291.2,203.4,8,6,28.9
14,409,203.4,10,6,28.9
15,381.2,232.3,8,7,28.9
16,440.1,203.4,9,6,28.9
17,499,232.3,10,7,28.9
18,471.2,203.4,8,6,28.9
19,530.1,232.3,9,7,28.9
20,289,233.4,10,6,28.9
21,261.2,262.3,8,7,28.9
22,320.1,233.4,9,6,28.9
23,379,262.3,10,7,28.9
24,351.2,233.4,8,6,28.9
26,469,233.4,10,6,28.9
27,441.2,262.3,8,7,28.9
28,500.1,233.4,9,6,28.9
29,559,262.3,10,7,28.9
30,231.2,263.4,8,6,28.9
31,290.1,292.3,9,7,28.9
32,349,263.4,10,6,28.9
33,321.2,292.3,8,7,28.9
34,380.1,263.4,9,6,28.9
35,439,292.3,10,7,28.9
36,411.2,263.4,8,6,28.9
37,470.1,292.3,9,7,28.9
38,529,263.4,10,6,28.9
39,501.2,292.3,8,7,28.9
40,260.1,293.4,9,6,28.9
41,319,322.3,10,7,28.9
42,291.2,293.4,8,6,28.9
43,350.1,322.3,9,7,28.9
44,409,293.4,10,6,28.9
45,381.2,322.3,8,7,28.9
47,499,322.3,10,7,28.9
48,471.2,293.4,8,6,28.9
49,530.1,322.3,9,7,28.9
50,289,323.4,10,6,28.9
51,261.2,352.3,8,7,28.9
52,320.1,323.4,9,6,28.9
53,379,352.3,10,7,28.9
54,351.2,323.4,8,6,28.9
55,410.1,352.3,9,7,28.9
56,469,323.4,10,6,28.9
57,441.2,352.3,8,7,28.9
58,500.1,323.4,9,6,28.9
59,559,352.3,10,7,28.9
60,231.2,353.4,8,6,28.9
61,290.1,382.3,9,7,28.9
62,349,353.4,10,6,28.9
63,321.2,382.3,8,7,28.9
64,380.1,353.4,9,6,28.9
65,439,382.3,10,7,28.9
66,411.2,353.4,8,6,28.9
67,470.1,382.3,9,7,28.9
68,529,353.4,10,6,28.9
69,501.2,382.3,8,7,28.9
70,260.1,383.4,9,6,28.9
71,319,412.3,10,7,28.9
72,291.2,383.4,8,6,28.9
73,350.1,412.3,9,7,28.9
74,409,383.4,10,6,28.9
75,381.2,412.3,8,7,28.9
76,440.1,383.4,9,6,28.9
77,499,412.3,10,7,28.9
78,471.2,383.4,8,6,28.9
79,530.1,412.3,9,7,28.9
80,289,413.4,10,6,28.9
81,261.2,442.3,8,7,28.9
82,320.1,413.4,9,6,28.9
83,379,442.3,10,7,28.9
84,351.2,413.4,8,6,28.9
85,410.1,442.3,9,7,28.9
86,469,413.4,10,6,28.9
87,441.2,442.3,8,7,28.9
88,500.1,413.4,9,6,28.9
89,559,442.3,10,7,28.9
90,231.2,443.4,8,6,28.9
91,290.1,472.3,9,7,28.9
92,349,443.4,10,6,28.9
93,321.2,472.3,8,7,28.9
94,380.1,443.4,9,6,28.9
95,439,472.3,10,7,28.9
96,411.2,443.4,8,6,28.9
98,529,443.4,10,6,28.9
99,501.2,472.3,8,7,28.9
100,260.1,473.4,9,6,28.9
102,291.2,473.4,8,6,28.9
103,350.1,502.3,9,7,28.9
104,409,473.4,10,6,28.9
105,381.2,502.3,8,7,28.9
106,440.1,473.4,9,6,28.9
107,499,502.3,10,7,28.9
108,471.2,473.4,8,6,28.9
109,530.1,502.3,9,7,28.9
110,289,503.4,10,6,28.9
111,261.2,532.3,8,7,28.9
112,320.1,503.4,9,6,28.9
113,379,532.3,10,7,28.9
114,351.2,503.4,8,6,28.9
115,410.1,532.3,9,7,28.9
116,469,503.4,10,6,28.9
117,441.2,532.3,8,7,28.9
118,500.1,503.4,9,6,28.9
119,559,532.3,10,7,28.9
120,231.2,533.4,8,6,28.9
121,290.1,562.3,9,7,28.9
122,349,533.4,10,6,28.9
123,321.2,562.3,8,7,28.9
124,380.1,533.4,9,6,28.9
125,439,562.3,10,7,28.9
126,411.2,533.4,8,6,28.9
127,470.1,562.3,9,7,28.9
128,529,533.4,10,6,28.9
129,501.2,562.3,8,7,28.9
131,319,592.3,10,7,28.9
13,351,233,9,7,29
46,441,294,9,6,29
97,471,473,9,7,29
101,320,503,10,7,29
130,261,564,9,6,29
1,291,203,9,7,29
3,322,203,8,7,29
5,440,203,10,7,29
7,471,203,9,7,29
8,530,174,10,6,29
9,502,203,8,7,29
10,261,204,9,6,29
11,320,233,10,7,29
12,292,204,8,6,29
14,410,204,10,6,29
15,382,233,8,7,29
16,441,204,9,6,29
17,500,233,10,7,29
18,472,204,8,6,29
19,531,233,9,7,29
20,290,234,10,6,29
21,262,263,8,7,29
22,321,234,9,6,29
23,380,263,10,7,29
24,352,234,8,6,29
26,470,234,10,6,29
27,442,263,8,7,29
28,501,234,9,6,29
29,560,263,10,7,29
30,232,264,8,6,29
31,291,293,9,7,29
32,350,264,10,6,29
33,322,293,8,7,29
34,381,264,9,6,29
35,440,293,10,7,29
36,412,264,8,6,29
37,471,293,9,7,29
38,530,264,10,6,29
39,502,293,8,7,29
40,261,294,9,6,29
41,320,323,10,7,29
42,292,294,8,6,29
43,351,323,9,7,29
44,410,294,10,6,29
45,382,323,8,7,29
47,500,323,10,7,29
48,472,294,8,6,29
49,531,323,9,7,29
50,290,324,10,6,29
51,262,353,8,7,29
52,321,324,9,6,29
53,380,353,10,7,29
54,352,324,8,6,29
55,411,353,9,7,29
56,470,324,10,6,29
57,442,353,8,7,29
58,501,324,9,6,29
59,560,353,10,7,29
60,232,354,8,6,29
61,291,383,9,7,29
62,350,354,10,6,29
63,322,383,8,7,29
64,381,354,9,6,29
65,440,383,10,7,29
66,412,354,8,6,29
67,471,383,9,7,29
68,530,354,10,6,29
69,502,383,8,7,29
70,261,384,9,6,29
71,320,413,10,7,29
72,292,384,8,6,29
73,351,413,9,7,29
74,410,384,10,6,29
75,382,413,8,7,29
76,441,384,9,6,29
77,500,413,10,7,29
78,472,384,8,6,29
79,531,413,9,7,29
80,290,414,10,6,29
81,262,443,8,7,29
82,321,414,9,6,29
83,380,443,10,7,29
84,352,414,8,6,29
85,411,443,9,7,29
86,470,414,10,6,29
87,442,443,8,7,29
88,501,414,9,6,29
89,560,443,10,7,29
90,232,444,8,6,29
91,291,473,9,7,29
92,350,444,10,6,29
93,322,473,8,7,29
94,381,444,9,6,29
95,440,473,10,7,29
96,412,444,8,6,29
98,530,444,10,6,29
99,502,473,8,7,29
100,261,474,9,6,29
102,292,474,8,6,29
103,351,503,9,7,29
104,410,474,10,6,29
105,382,503,8,7,29
106,441,474,9,6,29
107,500,503,10,7,29
108,472,474,8,6,29
109,531,503,9,7,29
110,290,504,10,6,29
111,262,533,8,7,29
112,321,504,9,6,29
113,380,533,10,7,29
114,352,504,8,6,29
115,411,533,9,7,29
116,470,504,10,6,29
117,442,533,8,7,29
118,501,504,9,6,29
119,560,533,10,7,29
120,232,534,8,6,29
121,291,563,9,7,29
122,350,534,10,6,29
123,322,563,8,7,29
124,381,534,9,6,29
125,440,563,10,7,29
126,412,534,8,6,29
127,471,563,9,7,29
128,530,534,10,6,29
129,502,563,8,7,29
131,320,593,10,7,29
13,351.9,233.7,9,7,29.1
46,441.9,294.6,9,6,29.1
97,471.9,473.7,9,7,29.1
101,321,503.7,10,7,29.1
130,261.9,564.6,9,6,29.1
1,291.9,203.7,9,7,29.1
3,322.8,203.7,8,7,29.1
5,441,203.7,10,7,29.1
7,471.9,203.7,9,7,29.1
8,531,174.6,10,6,29.1
9,502.8,203.7,8,7,29.1
10,261.9,204.6,9,6,29.1
11,321,233.7,10,7,29.1
12,292.8,204.6,8,6,29.1
14,411,204.6,10,6,29.1
15,382.8,233.7,8,7,29.1
16,441.9,204.6,9,6,29.1
17,501,233.7,10,7,29.1
18,472.8,204.6,8,6,29.1
19,531.9,233.7,9,7,29.1
20,291,234.6,10,6,29.1
21,262.8,263.7,8,7,29.1
22,321.9,234.6,9,6,29.1
23,381,263.7,10,7,29.1
24,352.8,234.6,8,6,29.1
26,471,234.6,10,6,29.1
27,442.8,263.7,8,7,29.1
28,501.9,234.6,9,6,29.1
29,561,263.7,10,7,29.1
30,232.8,264.6,8,6,29.1
31,291.9,293.7,9,7,29.1
32,351,264.6,10,6,29.1
33,322.8,293.7,8,7,29.1
34,381.9,264.6,9,6,29.1
35,441,293.7,10,7,29.1
36,412.8,264.6,8,6,29.1
37,471.9,293.7,9,7,29.1
38,531,264.6,10,6,29.1
39,502.8,293.7,8,7,29.1
40,261.9,294.6,9,6,29.1
41,321,323.7,10,7,29.1
42,292.8,294.6,8,6,29.1
43,351.9,323.7,9,7,29.1
44,411,294.6,10,6,29.1
45,382.8,323.7,8,7,29.1
47,501,323.7,10,7,29.1
48,472.8,294.6,8,6,29.1
49,531.9,323.7,9,7,29.1
50,291,324.6,10,6,29.1
51,262.8,353.7,8,7,29.1
52,321.9,324.6,9,6,29.1
53,381,353.7,10,7,29.1
54,352.8,324.6,8,6,29.1
55,411.9,353.7,9,7,29.1
56,471,324.6,10,6,29.1
57,442.8,353.7,8,7,29.1
58,501.9,324.6,9,6,29.1
59,561,353.7,10,7,29.1
60,232.8,354.6,8,6,29.1
61,291.9,383.7,9,7,29.1
62,351,354.6,10,6,29.1
63,322.8,383.7,8,7,29.1
64,381.9,354.6,9,6,29.1
65,441,383.7,10,7,29.1
66,412.8,354.6,8,6,29.1
67,471.9,383.7,9,7,29.1
68,531,354.6,10,6,29.1
69,502.8,383.7,8,7,29.1
70,261.9,384.6,9,6,29.1
71,321,413.7,10,7,29.1
72,292.8,384.6,8,6,29.1
73,351.9,413.7,9,7,29.1
74,411,384.6,10,6,29.1
75,382.8,413.7,8,7,29.1
76,441.9,384.6,9,6,29.1
77,501,413.7,10,7,29.1
78,472.8,384.6,8,6,29.1
79,531.9,413.7,9,7,29.1
80,291,414.6,10,6,29.1
81,262.8,443.7,8,7,29.1
82,321.9,414.6,9,6,29.1
83,381,443.7,10,7,29.1
84,352.8,414.6,8,6,29.1
85,411.9,443.7,9,7,29.1
86,471,414.6,10,6,29.1
87,442.8,443.7,8,7,29.1
88,501.9,414.6,9,6,29.1
89,561,443.7,10,7,29.1
90,232.8,444.6,8,6,29.1
91,291.9,473.7,9,7,29.1
92,351,444.6,10,6,29.1
93,322.8,473.7,8,7,29.1
94,381.9,444.6,9,6,29.1
95,441,473.7,10,7,29.1
96,412.8,444.6,8,6,29.1
98,531,444.6,10,6,29.1
99,502.8,473.7,8,7,29.1
100,261.9,474.6,9,6,29.1
102,292.8,474.6,8,6,29.1
103,351.9,503.7,9,7,29.1
104,411,474.6,10,6,29.1
105,382.8,503.7,8,7,29.1
106,441.9,474.6,9,6,29.1
107,501,503.7,10,7,29.1
108,472.8,474.6,8,6,29.1
109,531.9,503.7,9,7,29.1
110,291,504.6,10,6,29.1
111,262.8,533.7,8,7,29.1
112,321.9,504.6,9,6,29.1
113,381,533.7,10,7,29.1
114,352.8,504.6,8,6,29.1
115,411.9,533.7,9,7,29.1
116,471,504.6,10,6,29.1
117,442.8,533.7,8,7,29.1
118,501.9,504.6,9,6,29.1
119,561,533.7,10,7,29.1
120,232.8,534.6,8,6,29.1
121,291.9,563.7,9,7,29.1
122,351,534.6,10,6,29.1
123,322.8,563.7,8,7,29.1
124,381.9,534.6,9,6,29.1
125,441,563.7,10,7,29.1
126,412.8,534.6,8,6,29.1
127,471.9,563.7,9,7,29.1
128,531,534.6,10,6,29.1
129,502.8,563.7,8,7,29.1
131,321,593.7,10,7,29.1
13,352.8,234.4,9,7,29.2
46,442.8,295.2,9,6,29.2
97,472.8,474.4,9,7,29.2
101,322,504.4,10,7,29.2
130,262.8,565.2,9,6,29.2
1,292.8,204.4,9,7,29.2
3,323.6,204.4,8,7,29.2
5,442,204.4,10,7,29.2
7,472.8,204.4,9,7,29.2
8,532,175.2,10,6,29.2
9,503.6,204.4,8,7,29.2
10,262.8,205.2,9,6,29.2
11,322,234.4,10,7,29.2
12,293.6,205.2,8,6,29.2
14,412,205.2,10,6,29.2
15,383.6,234.4,8,7,29.2
16,442.8,205.2,9,6,29.2
17,502,234.4,10,7,29.2
18,473.6,205.2,8,6,29.2
19,532.8,234.4,9,7,29.2
20,292,235.2,10,6,29.2
21,263.6,264.4,8,7,29.2
22,322.8,235.2,9,6,29.2
23,382,264.4,10,7,29.2
24,353.6,235.2,8,6,29.2
26,472,235.2,10,6,29.2
27,443.6,264.4,8,7,29.2
28,502.8,235.2,9,6,29.2
29,562,264.4,10,7,29.2
30,233.6,265.2,8,6,29.2
31,292.8,294.4,9,7,29.2
32,352,265.2,10,6,29.2
33,323.6,294.4,8,7,29.2
34,382.8,265.2,9,6,29.2
35,442,294.4,10,7,29.2
36,413.6,265.2,8,6,29.2
37,472.8,294.4,9,7,29.2
38,532,265.2,10,6,29.2
39,503.6,294.4,8,7,29.2
40,262.8,295.2,9,6,29.2
41,322,324.4,10,7,29.2
42,293.6,295.2,8,6,29.2
43,352.8,324.4,9,7,29.2
44,412,295.2,10,6,29.2
45,383.6,324.4,8,7,29.2
47,502,324.4,10,7,29.2
48,473.6,295.2,8,6,29.2
49,532.8,324.4,9,7,29.2
50,292,325.2,10,6,29.2
51,263.6,354.4,8,7,29.2
52,322.8,325.2,9,6,29.2
53,382,354.4,10,7,29.2
54,353.6,325.2,8,6,29.2
55,412.8,354.4,9,7,29.2
56,472,325.2,10,6,29.2
57,443.6,354.4,8,7,29.2
58,502.8,325.2,9,6,29.2
59,562,354.4,10,7,29.2
60,233.6,355.2,8,6,29.2
61,292.8,384.4,9,7,29.2
62,352,355.2,10,6,29.2
63,323.6,384.4,8,7,29.2
64,382.8,355.2,9,6,29.2
65,442,384.4,10,7,29.2
66,413.6,355.2,8,6,29.2
67,472.8,384.4,9,7,29.2
68,532,355.2,10,6,29.2
69,503.6,384.4,8,7,29.2
70,262.8,385.2,9,6,29.2
71,322,414.4,10,7,29.2
72,293.6,385.2,8,6,29.2
73,352.8,414.4,9,7,29.2
74,412,385.2,10,6,29.2
75,383.6,414.4,8,7,29.2
76,442.8,385.2,9,6,29.2
77,502,414.4,10,7,29.2
78,473.6,385.2,8,6,29.2
79,532.8,414.4,9,7,29.2
80,292,415.2,10,6,29.2
81,263.6,444.4,8,7,29.2
82,322.8,415.2,9,6,29.2
83,382,444.4,10,7,29.2
84,353.6,415.2,8,6,29.2
85,412.8,444.4,9,7,29.2
86,472,415.2,10,6,29.2
87,443.6,444.4,8,7,29.2
88,502.8,415.2,9,6,29.2
89,562,444.4,10,7,29.2
90,233.6,445.2,8,6,29.2
91,292.8,474.4,9,7,29.2
92,352,445.2,10,6,29.2
93,323.6,474.4,8,7,29.2
94,382.8,445.2,9,6,29.2
95,442,474.4,10,7,29.2
96,413.6,445.2,8,6,29.2
98,532,445.2,10,6,29.2
99,503.6,474.4,8,7,29.2
100,262.8,475.2,9,6,29.2
102,293.6,475.2,8,6,29.2
103,352.8,504.4,9,7,29.2
104,412,475.2,10,6,29.2
105,383.6,504.4,8,7,29.2
106,442.8,475.2,9,6,29.2
107,502,504.4,10,7,29.2
108,473.6,475.2,8,6,29.2
109,532.8,504.4,9,7,29.2
110,292,505.2,10,6,29.2
111,263.6,534.4,8,7,29.2
112,322.8,505.2,9,6,29.2
113,382,534.4,10,7,29.2
114,353.6,505.2,8,6,29.2
115,412.8,534.4,9,7,29.2
116,472,505.2,10,6,29.2
117,443.6,534.4,8,7,29.2
118,502.8,505.2,9,6,29.2
119,562,534.4,10,7,29.2
120,233.6,535.2,8,6,29.2
121,292.8,564.4,9,7,29.2
122,352,535.2,10,6,29.2
123,323.6,564.4,8,7,29.2
124,382.8,535.2,9,6,29.2
125,442,564.4,10,7,29.2
126,413.6,535.2,8,6,29.2
127,472.8,564.4,9,7,29.2
128,532,535.2,10,6,29.2
129,503.6,564.4,8,7,29.2
131,322,594.4,10,7,29.2
13,353.7,235.1,9,7,29.3
46,443.7,295.8,9,6,29.3
97,473.7,475.1,9,7,29.3
101,323,505.1,10,7,29.3
130,263.7,565.8,9,6,29.3
1,293.7,205.1,9,7,29.3
3,324.4,205.1,8,7,29.3
5,443,205.1,10,7,29.3
7,473.7,205.1,9,7,29.3
8,533,175.8,10,6,29.3
9,504.4,205.1,8,7,29.3
10,263.7,205.8,9,6,29.3
11,323,235.1,10,7,29.3
12,294.4,205.8,8,6,29.3
14,413,205.8,10,6,29.3
15,384.4,235.1,8,7,29.3
16,443.7,205.8,9,6,29.3
17,503,235.1,10,7,29.3
18,474.4,205.8,8,6,29.3
19,533.7,235.1,9,7,29.3
20,293,235.8,10,6,29.3
21,264.4,265.1,8,7,29.3
22,323.7,235.8,9,6,29.3
23,383,265.1,10,7,29.3
24,354.4,235.8,8,6,29.3
26,473,235.8,10,6,29.3
27,444.4,265.1,8,7,29.3
28,503.7,235.8,9,6,29.3
29,563,265.1,10,7,29.3
30,234.4,265.8,8,6,29.3
31,293.7,295.1,9,7,29.3
32,353,265.8,10,6,29.3
33,324.4,295.1,8,7,29.3
34,383.7,265.8,9,6,29.3
35,443,295.1,10,7,29.3
36,414.4,265.8,8,6,29.3
37,473.7,295.1,9,7,29.3
38,533,265.8,10,6,29.3
39,504.4,295.1,8,7,29.3
40,263.7,295.8,9,6,29.3
41,323,325.1,10,7,29.3
42,294.4,295.8,8,6,29.3
43,353.7,325.1,9,7,29.3
44,413,295.8,10,6,29.3
45,384.4,325.1,8,7,29.3
47,503,325.1,10,7,29.3
48,474.4,295.8,8,6,29.3
49,533.7,325.1,9,7,29.3
50,293,325.8,10,6,29.3
51,264.4,355.1,8,7,29.3
52,323.7,325.8,9,6,29.3
53,383,355.1,10,7,29.3
54,354.4,325.8,8,6,29.3
55,413.7,355.1,9,7,29.3
56,473,325.8,10,6,29.3
57,444.4,355.1,8,7,29.3
58,503.7,325.8,9,6,29.3
59,563,355.1,10,7,29.3
60,234.4,355.8,8,6,29.3
61,293.7,385.1,9,7,29.3
62,353,355.8,10,6,29.3
63,324.4,385.1,8,7,29.3
64,383.7,355.8,9,6,29.3
65,443,385.1,10,7,29.3
66,414.4,355.8,8,6,29.3
67,473.7,385.1,9,7,29.3
68,533,355.8,10,6,29.3
69,504.4,385.1,8,7,29.3
70,263.7,385.8,9,6,29.3
71,323,415.1,10,7,29.3
72,294.4,385.8,8,6,29.3
73,353.7,415.1,9,7,29.3
74,413,385.8,10,6,29.3
75,384.4,415.1,8,7,29.3
76,443.7,385.8,9,6,29.3
77,503,415.1,10,7,29.3
78,474.4,385.8,8,6,29.3
79,533.7,415.1,9,7,29.3
80,293,415.8,10,6,29.3
81,264.4,445.1,8,7,29.3
82,323.7,415.8,9,6,29.3
83,383,445.1,10,7,29.3
84,354.4,415.8,8,6,29.3
85,413.7,445.1,9,7,29.3
86,473,415.8,10,6,29.3
87,444.4,445.1,8,7,29.3
88,503.7,415.8,9,6,29.3
89,563,445.1,10,7,29.3
90,234.4,445.8,8,6,29.3
91,293.7,475.1,9,7,29.3
92,353,445.8,10,6,29.3
93,324.4,475.1,8,7,29.3
94,383.7,445.8,9,6,29.3
95,443,475.1,10,7,29.3
96,414.4,445.8,8,6,29.3
98,533,445.8,10,6,29.3
99,504.4,475.1,8,7,29.3
100,263.7,475.8,9,6,29.3
102,294.4,475.8,8,6,29.3
103,353.7,505.1,9,7,29.3
104,413,475.8,10,6,29.3
105,384.4,505.1,8,7,29.3
106,443.7,475.8,9,6,29.3
107,503,505.1,10,7,29.3
108,474.4,475.8,8,6,29.3
109,533.7,505.1,9,7,29.3
110,293,505.8,10,6,29.3
111,264.4,535.1,8,7,29.3
112,323.7,505.8,9,6,29.3
113,383,535.1,10,7,29.3
114,354.4,505.8,8,6,29.3
115,413.7,535.1,9,7,29.3
116,473,505.8,10,6,29.3
117,444.4,535.1,8,7,29.3
118,503.7,505.8,9,6,29.3
119,563,535.1,10,7,29.3
120,234.4,535.8,8,6,29.3
121,293.7,565.1,9,7,29.3
122,353,535.8,10,6,29.3
123,324.4,565.1,8,7,29.3
124,383.7,535.8,9,6,29.3
125,443,565.1,10,7,29.3
126,414.4,535.8,8,6,29.3
127,473.7,565.1,9,7,29.3
128,533,535.8,10,6,29.3
129,504.4,565.1,8,7,29.3
131,323,595.1,10,7,29.3
13,354.6,235.8,9,7,29.4
46,444.6,296.4,9,6,29.4
97,474.6,475.8,9,7,29.4
101,324,505.8,10,7,29.4
130,264.6,566.4,9,6,29.4
1,294.6,205.8,9,7,29.4
3,325.2,205.8,8,7,29.4
5,444,205.8,10,7,29.4
7,474.6,205.8,9,7,29.4
8,534,176.4,10,6,29.4
9,505.2,205.8,8,7,29.4
10,264.6,206.4,9,6,29.4
11,324,235.8,10,7,29.4
12,295.2,206.4,8,6,29.4
14,414,206.4,10,6,29.4
15,385.2,235.8,8,7,29.4
16,444.6,206.4,9,6,29.4
17,504,235.8,10,7,29.4
18,475.2,206.4,8,6,29.4
19,534.6,235.8,9,7,29.4
20,294,236.4,10,6,29.4
21,265.2,265.8,8,7,29.4
22,324.6,236.4,9,6,29.4
23,384,265.8,10,7,29.4
24,355.2,236.4,8,6,29.4
26,474,236.4,10,6,29.4
27,445.2,265.8,8,7,29.4
28,504.6,236.4,9,6,29.4
29,564,265.8,10,7,29.4
30,235.2,266.4,8,6,29.4
31,294.6,295.8,9,7,29.4
32,354,266.4,10,6,29.4
33,325.2,295.8,8,7,29.4
34,384.6,266.4,9,6,29.4
35,444,295.8,10,7,29.4
36,415.2,266.4,8,6,29.4
37,474.6,295.8,9,7,29.4
38,534,266.4,10,6,29.4
39,505.2,295.8,8,7,29.4
40,264.6,296.4,9,6,29.4
41,324,325.8,10,7,29.4
42,295.2,296.4,8,6,29.4
43,354.6,325.8,9,7,29.4
44,414,296.4,10,6,29.4
45,385.2,325.8,8,7,29.4
47,504,325.8,10,7,29.4
48,475.2,296.4,8,6,29.4
49,534.6,325.8,9,7,29.4
50,294,326.4,10,6,29.4
51,265.2,355.8,8,7,29.4
52,324.6,326.4,9,6,29.4
53,384,355.8,10,7,29.4
54,355.2,326.4,8,6,29.4
55,414.6,355.8,9,7,29.4
56,474,326.4,10,6,29.4
57,445.2,355.8,8,7,29.4
58,504.6,326.4,9,6,29.4
59,564,355.8,10,7,29.4
60,235.2,356.4,8,6,29.4
61,294.6,385.8,9,7,29.4
62,354,356.4,10,6,29.4
63,325.2,385.8,8,7,29.4
64,384.6,356.4,9,6,29.4
65,444,385.8,10,7,29.4
66,415.2,356.4,8,6,29.4
67,474.6,385.8,9,7,29.4
68,534,356.4,10,6,29.4
69,505.2,385.8,8,7,29.4
70,264.6,386.4,9,6,29.4
71,324,415.8,10,7,29.4
72,295.2,386.4,8,6,29.4
73,354.6,415.8,9,7,29.4
74,414,386.4,10,6,29.4
75,385.2,415.8,8,7,29.4
76,444.6,386.4,9,6,29.4
77,504,415.8,10,7,29.4
78,475.2,386.4,8,6,29.4
79,534.6,415.8,9,7,29.4
80,294,416.4,10,6,29.4
81,265.2,445.8,8,7,29.4
82,324.6,416.4,9,6,29.4
83,384,445.8,10,7,29.4
84,355.2,416.4,8,6,29.4
85,414.6,445.8,9,7,29.4
86,474,416.4,10,6,29.4
87,445.2,445.8,8,7,29.4
88,504.6,416.4,9,6,29.4
89,564,445.8,10,7,29.4
90,235.2,446.4,8,6,29.4
91,294.6,475.8,9,7,29.4
92,354,446.4,10,6,29.4
93,325.2,475.8,8,7,29.4
94,384.6,446.4,9,6,29.4
95,444,475.8,10,7,29.4
96,415.2,446.4,8,6,29.4
98,534,446.4,10,6,29.4
99,505.2,475.8,8,7,29.4
100,264.6,476.4,9,6,29.4
102,295.2,476.4,8,6,29.4
103,354.6,505.8,9,7,29.4
104,414,476.4,10,6,29.4
105,385.2,505.8,8,7,29.4
106,444.6,476.4,9,6,29.4
107,504,505.8,10,7,29.4
108,475.2,476.4,8,6,29.4
109,534.6,505.8,9,7,29.4
110,294,506.4,10,6,29.4
111,265.2,535.8,8,7,29.4
112,324.6,506.4,9,6,29.4
113,384,535.8,10,7,29.4
114,355.2,506.4,8,6,29.4
115,414.6,535.8,9,7,29.4
116,474,506.4,10,6,29.4
117,445.2,535.8,8,7,29.4
118,504.6,506.4,9,6,29.4
119,564,535.8,10,7,29.4
120,235.2,536.4,8,6,29.4
121,294.6,565.8,9,7,29.4
122,354,536.4,10,6,29.4
123,325.2,565.8,8,7,29.4
124,384.6,536.4,9,6,29.4
125,444,565.8,10,7,29.4
126,415.2,536.4,8,6,29.4
127,474.6,565.8,9,7,29.4
128,534,536.4,10,6,29.4
129,505.2,565.8,8,7,29.4
131,324,595.8,10,7,29.4
13,355.5,236.5,9,7,29.5
46,445.5,297,9,6,29.5
97,475.5,476.5,9,7,29.5
101,325,506.5,10,7,29.5
130,265.5,567,9,6,29.5
1,295.5,206.5,9,7,29.5
3,326,206.5,8,7,29.5
5,445,206.5,10,7,29.5
7,475.5,206.5,9,7,29.5
8,535,177,10,6,29.5
9,506,206.5,8,7,29.5
10,265.5,207,9,6,29.5
11,325,236.5,10,7,29.5
12,296,207,8,6,29.5
14,415,207,10,6,29.5
15,386,236.5,8,7,29.5
16,445.5,207,9,6,29.5
17,505,236.5,10,7,29.5
18,476,207,8,6,29.5
19,535.5,236.5,9,7,29.5
20,295,237,10,6,29.5
21,266,266.5,8,7,29.5
22,325.5,237,9,6,29.5
23,385,266.5,10,7,29.5
24,356,237,8,6,29.5
26,475,237,10,6,29.5
27,446,266.5,8,7,29.5
28,505.5,237,9,6,29.5
29,565,266.5,10,7,29.5
30,236,267,8,6,29.5
31,295.5,296.5,9,7,29.5
32,355,267,10,6,29.5
33,326,296.5,8,7,29.5
34,385.5,267,9,6,29.5
35,445,296.5,10,7,29.5
36,416,267,8,6,29.5
37,475.5,296.5,9,7,29.5
38,535,267,10,6,29.5
39,506,296.5,8,7,29.5
40,265.5,297,9,6,29.5
41,325,326.5,10,7,29.5
42,296,297,8,6,29.5
43,355.5,326.5,9,7,29.5
44,415,297,10,6,29.5
45,386,326.5,8,7,29.5
47,505,326.5,10,7,29.5
48,476,297,8,6,29.5
49,535.5,326.5,9,7,29.5
50,295,327,10,6,29.5
51,266,356.5,8,7,29.5
52,325.5,327,9,6,29.5
53,385,356.5,10,7,29.5
54,356,327,8,6,29.5
55,415.5,356.5,9,7,29.5
56,475,327,10,6,29.5
57,446,356.5,8,7,29.5
58,505.5,327,9,6,29.5
59,565,356.5,10,7,29.5
60,236,357,8,6,29.5
61,295.5,386.5,9,7,29.5
62,355,357,10,6,29.5
63,326,386.5,8,7,29.5
64,385.5,357,9,6,29.5
65,445,386.5,10,7,29.5
66,416,357,8,6,29.5
67,475.5,386.5,9,7,29.5
68,535,357,10,6,29.5
69,506,386.5,8,7,29.5
70,265.5,387,9,6,29.5
71,325,416.5,10,7,29.5
72,296,387,8,6,29.5
73,355.5,416.5,9,7,29.5
74,415,387,10,6,29.5
75,386,416.5,8,7,29.5
76,445.5,387,9,6,29.5
77,505,416.5,10,7,29.5
78,476,387,8,6,29.5
79,535.5,416.5,9,7,29.5
80,295,417,10,6,29.5
81,266,446.5,8,7,29.5
82,325.5,417,9,6,29.5
83,385,446.5,10,7,29.5
84,356,417,8,6,29.5
85,415.5,446.5,9,7,29.5
86,475,417,10,6,29.5
87,446,446.5,8,7,29.5
88,505.5,417,9,6,29.5
89,565,446.5,10,7,29.5
90,236,447,8,6,29.5
91,295.5,476.5,9,7,29.5
92,355,447,10,6,29.5
93,326,476.5,8,7,29.5
94,385.5,447,9,6,29.5
95,445,476.5,10,7,29.5
96,416,447,8,6,29.5
98,535,447,10,6,29.5
99,506,476.5,8,7,29.5
100,265.5,477,9,6,29.5
102,296,477,8,6,29.5
103,355.5,506.5,9,7,29.5
104,415,477,10,6,29.5
105,386,506.5,8,7,29.5
106,445.5,477,9,6,29.5
107,505,506.5,10,7,29.5
108,476,477,8,6,29.5
109,535.5,506.5,9,7,29.5
110,295,507,10,6,29.5
111,266,536.5,8,7,29.5
112,325.5,507,9,6,29.5
113,385,536.5,10,7,29.5
114,356,507,8,6,29.5
115,415.5,536.5,9,7,29.5
116,475,507,10,6,29.5
117,446,536.5,8,7,29.5
118,505.5,507,9,6,29.5
119,565,536.5,10,7,29.5
120,236,537,8,6,29.5
121,295.5,566.5,9,7,29.5
122,355,537,10,6,29.5
123,326,566.5,8,7,29.5
124,385.5,537,9,6,29.5
125,445,566.5,10,7,29.5
126,416,537,8,6,29.5
127,475.5,566.5,9,7,29.5
128,535,537,10,6,29.5
129,506,566.5,8,7,29.5
131,325,596.5,10,7,29.5
13,356.4,237.2,9,7,29.6
46,446.4,297.6,9,6,29.6
97,476.4,477.2,9,7,29.6
101,326,507.2,10,7,29.6
130,266.4,567.6,9,6,29.6
1,296.4,207.2,9,7,29.6
3,326.8,207.2,8,7,29.6
5,446,207.2,10,7,29.6
7,476.4,207.2,9,7,29.6
8,536,177.6,10,6,29.6
9,506.8,207.2,8,7,29.6
10,266.4,207.6,9,6,29.6
11,326,237.2,10,7,29.6
12,296.8,207.6,8,6,29.6
14,416,207.6,10,6,29.6
15,386.8,237.2,8,7,29.6
16,446.4,207.6,9,6,29.6
17,506,237.2,10,7,29.6
18,476.8,207.6,8,6,29.6
19,536.4,237.2,9,7,29.6
20,296,237.6,10,6,29.6
21,266.8,267.2,8,7,29.6
22,326.4,237.6,9,6,29.6
23,386,267.2,10,7,29.6
24,356.8,237.6,8,6,29.6
26,476,237.6,10,6,29.6
27,446.8,267.2,8,7,29.6
28,506.4,237.6,9,6,29.6
29,566,267.2,10,7,29.6
30,236.8,267.6,8,6,29.6
31,296.4,297.2,9,7,29.6
32,356,267.6,10,6,29.6
33,326.8,297.2,8,7,29.6
34,386.4,267.6,9,6,29.6
35,446,297.2,10,7,29.6
36,416.8,267.6,8,6,29.6
37,476.4,297.2,9,7,29.6
38,536,267.6,10,6,29.6
39,506.8,297.2,8,7,29.6
40,266.4,297.6,9,6,29.6
41,326,327.2,10,7,29.6
42,296.8,297.6,8,6,29.6
43,356.4,327.2,9,7,29.6
44,416,297.6,10,6,29.6
45,386.8,327.2,8,7,29.6
47,506,327.2,10,7,29.6
48,476.8,297.6,8,6,29.6
49,536.4,327.2,9,7,29.6
50,296,327.6,10,6,29.6
51,266.8,357.2,8,7,29.6
52,326.4,327.6,9,6,29.6
53,386,357.2,10,7,29.6
54,356.8,327.6,8,6,29.6
55,416.4,357.2,9,7,29.6
56,476,327.6,10,6,29.6
57,446.8,357.2,8,7,29.6
58,506.4,327.6,9,6,29.6
59,566,357.2,10,7,29.6
60,236.8,357.6,8,6,29.6
61,296.4,387.2,9,7,29.6
62,356,357.6,10,6,29.6
63,326.8,387.2,8,7,29.6
64,386.4,357.6,9,6,29.6
65,446,387.2,10,7,29.6
66,416.8,357.6,8,6,29.6
67,476.4,387.2,9,7,29.6
68,536,357.6,10,6,29.6
69,506.8,387.2,8,7,29.6
70,266.4,387.6,9,6,29.6
71,326,417.2,10,7,29.6
72,296.8,387.6,8,6,29.6
73,356.4,417.2,9,7,29.6
74,416,387.6,10,6,29.6
75,386.8,417.2,8,7,29.6
76,446.4,387.6,9,6,29.6
77,506,417.2,10,7,29.6
78,476.8,387.6,8,6,29.6
79,536.4,417.2,9,7,29.6
80,296,417.6,10,6,29.6
81,266.8,447.2,8,7,29.6
82,326.4,417.6,9,6,29.6
83,386,447.2,10,7,29.6
84,356.8,417.6,8,6,29.6
85,416.4,447.2,9,7,29.6
86,476,417.6,10,6,29.6
87,446.8,447.2,8,7,29.6
88,506.4,417.6,9,6,29.6
89,566,447.2,10,7,29.6
90,236.8,447.6,8,6,29.6
91,296.4,477.2,9,7,29.6
92,356,447.6,10,6,29.6
93,326.8,477.2,8,7,29.6
94,386.4,447.6,9,6,29.6
95,446,477.2,10,7,29.6
96,416.8,447.6,8,6,29.6
98,536,447.6,10,6,29.6
99,506.8,477.2,8,7,29.6
100,266.4,477.6,9,6,29.6
102,296.8,477.6,8,6,29.6
103,356.4,507.2,9,7,29.6
104,416,477.6,10,6,29.6
105,386.8,507.2,8,7,29.6
106,446.4,477.6,9,6,29.6
107,506,507.2,10,7,29.6
108,476.8,477.6,8,6,29.6
109,536.4,507.2,9,7,29.6
110,296,507.6,10,6,29.6
111,266.8,537.2,8,7,29.6
112,326.4,507.6,9,6,29.6
113,386,537.2,10,7,29.6
114,356.8,507.6,8,6,29.6
115,416.4,537.2,9,7,29.6
116,476,507.6,10,6,29.6
117,446.8,537.2,8,7,29.6
118,506.4,507.6,9,6,29.6
119,566,537.2,10,7,29.6
120,236.8,537.6,8,6,29.6
121,296.4,567.2,9,7,29.6
122,356,537.6,10,6,29.6
123,326.8,567.2,8,7,29.6
124,386.4,537.6,9,6,29.6
125,446,567.2,10,7,29.6
126,416.8,537.6,8,6,29.6
127,476.4,567.2,9,7,29.6
128,536,537.6,10,6,29.6
129,506.8,567.2,8,7,29.6
131,326,597.2,10,7,29.6
13,357.3,237.9,9,7,29.7
46,447.3,298.2,9,6,29.7
97,477.3,477.9,9,7,29.7
101,327,507.9,10,7,29.7
130,267.3,568.2,9,6,29.7
1,297.3,207.9,9,7,29.7
3,327.6,207.9,8,7,29.7
5,447,207.9,10,7,29.7
7,477.3,207.9,9,7,29.7
8,537,178.2,10,6,29.7
9,507.6,207.9,8,7,29.7
10,267.3,208.2,9,6,29.7
11,327,237.9,10,7,29.7
12,297.6,208.2,8,6,29.7
14,417,208.2,10,6,29.7
15,387.6,237.9,8,7,29.7
16,447.3,208.2,9,6,29.7
17,507,237.9,10,7,29.7
18,477.6,208.2,8,6,29.7
19,537.3,237.9,9,7,29.7
20,297,238.2,10,6,29.7
21,267.6,267.9,8,7,29.7
22,327.3,238.2,9,6,29.7
23,387,267.9,10,7,29.7
24,357.6,238.2,8,6,29.7
26,477,238.2,10,6,29.7
27,447.6,267.9,8,7,29.7
28,507.3,238.2,9,6,29.7
29,567,267.9,10,7,29.7
30,237.6,268.2,8,6,29.7
31,297.3,297.9,9,7,29.7
32,357,268.2,10,6,29.7
33,327.6,297.9,8,7,29.7
34,387.3,268.2,9,6,29.7
35,447,297.9,10,7,29.7
36,417.6,268.2,8,6,29.7
37,477.3,297.9,9,7,29.7
38,537,268.2,10,6,29.7
39,507.6,297.9,8,7,29.7
40,267.3,298.2,9,6,29.7
41,327,327.9,10,7,29.7
42,297.6,298.2,8,6,29.7
43,357.3,327.9,9,7,29.7
44,417,298.2,10,6,29.7
45,387.6,327.9,8,7,29.7
47,507,327.9,10,7,29.7
48,477.6,298.2,8,6,29.7
49,537.3,327.9,9,7,29.7
50,297,328.2,10,6,29.7
51,267.6,357.9,8,7,29.7
52,327.3,328.2,9,6,29.7
53,387,357.9,10,7,29.7
54,357.6,328.2,8,6,29.7
55,417.3,357.9,9,7,29.7
56,477,328.2,10,6,29.7
57,447.6,357.9,8,7,29.7
58,507.3,328.2,9,6,29.7
59,567,357.9,10,7,29.7
60,237.6,358.2,8,6,29.7
61,297.3,387.9,9,7,29.7
62,357,358.2,10,6,29.7
63,327.6,387.9,8,7,29.7
64,387.3,358.2,9,6,29.7
65,447,387.9,10,7,29.7
66,417.6,358.2,8,6,29.7
67,477.3,387.9,9,7,29.7
68,537,358.2,10,6,29.7
69,507.6,387.9,8,7,29.7
70,267.3,388.2,9,6,29.7
71,327,417.9,10,7,29.7
72,297.6,388.2,8,6,29.7
73,357.3,417.9,9,7,29.7
74,417,388.2,10,6,29.7
75,387.6,417.9,8,7,29.7
76,447.3,388.2,9,6,29.7
77,507,417.9,10,7,29.7
78,477.6,388.2,8,6,29.7
79,537.3,417.9,9,7,29.7
80,297,418.2,10,6,29.7
81,267.6,447.9,8,7,29.7
82,327.3,418.2,9,6,29.7
83,387,447.9,10,7,29.7
84,357.6,418.2,8,6,29.7
85,417.3,447.9,9,7,29.7
86,477,418.2,10,6,29.7
87,447.6,447.9,8,7,29.7
88,507.3,418.2,9,6,29.7
89,567,447.9,10,7,29.7
90,237.6,448.2,8,6,29.7
91,297.3,477.9,9,7,29.7
92,357,448.2,10,6,29.7
93,327.6,477.9,8,7,29.7
94,387.3,448.2,9,6,29.7
95,447,477.9,10,7,29.7
96,417.6,448.2,8,6,29.7
98,537,448.2,10,6,29.7
99,507.6,477.9,8,7,29.7
100,267.3,478.2,9,6,29.7
102,297.6,478.2,8,6,29.7
103,357.3,507.9,9,7,29.7
104,417,478.2,10,6,29.7
105,387.6,507.9,8,7,29.7
106,447.3,478.2,9,6,29.7
107,507,507.9,10,7,29.7
108,477.6,478.2,8,6,29.7
109,537.3,507.9,9,7,29.7
110,297,508.2,10,6,29.7
111,267.6,537.9,8,7,29.7
112,327.3,508.2,9,6,29.7
113,387,537.9,10,7,29.7
114,357.6,508.2,8,6,29.7
115,417.3,537.9,9,7,29.7
116,477,508.2,10,6,29.7
117,447.6,537.9,8,7,29.7
118,507.3,508.2,9,6,29.7
119,567,537.9,10,7,29.7
120,237.6,538.2,8,6,29.7
121,297.3,567.9,9,7,29.7
122,357,538.2,10,6,29.7
123,327.6,567.9,8,7,29.7
124,387.3,538.2,9,6,29.7
125,447,567.9,10,7,29.7
126,417.6,538.2,8,6,29.7
127,477.3,567.9,9,7,29.7
128,537,538.2,10,6,29.7
129,507.6,567.9,8,7,29.7
131,327,597.9,10,7,29.7
13,358.2,238.6,9,7,29.8
46,448.2,298.8,9,6,29.8
97,478.2,478.6,9,7,29.8
101,328,508.6,10,7,29.8
130,268.2,568.8,9,6,29.8
1,298.2,208.6,9,7,29.8
3,328.4,208.6,8,7,29.8
5,448,208.6,10,7,29.8
7,478.2,208.6,9,7,29.8
8,538,178.8,10,6,29.8
9,508.4,208.6,8,7,29.8
10,268.2,208.8,9,6,29.8
11,328,238.6,10,7,29.8
12,298.4,208.8,8,6,29.8
14,418,208.8,10,6,29.8
15,388.4,238.6,8,7,29.8
16,448.2,208.8,9,6,29.8
17,508,238.6,10,7,29.8
18,478.4,208.8,8,6,29.8
19,538.2,238.6,9,7,29.8
20,298,238.8,10,6,29.8
21,268.4,268.6,8,7,29.8
22,328.2,238.8,9,6,29.8
23,388,268.6,10,7,29.8
24,358.4,238.8,8,6,29.8
26,478,238.8,10,6,29.8
27,448.4,268.6,8,7,29.8
28,508.2,238.8,9,6,29.8
29,568,268.6,10,7,29.8
30,238.4,268.8,8,6,29.8
31,298.2,298.6,9,7,29.8
32,358,268.8,10,6,29.8
33,328.4,298.6,8,7,29.8
34,388.2,268.8,9,6,29.8
35,448,298.6,10,7,29.8
36,418.4,268.8,8,6,29.8
37,478.2,298.6,9,7,29.8
38,538,268.8,10,6,29.8
39,508.4,298.6,8,7,29.8
40,268.2,298.8,9,6,29.8
41,328,328.6,10,7,29.8
42,298.4,298.8,8,6,29.8
43,358.2,328.6,9,7,29.8
44,418,298.8,10,6,29.8
45,388.4,328.6,8,7,29.8
47,508,328.6,10,7,29.8
48,478.4,298.8,8,6,29.8
49,538.2,328.6,9,7,29.8
50,298,328.8,10,6,29.8
51,268.4,358.6,8,7,29.8
52,328.2,328.8,9,6,29.8
53,388,358.6,10,7,29.8
54,358.4,328.8,8,6,29.8
55,418.2,358.6,9,7,29.8
56,478,328.8,10,6,29.8
57,448.4,358.6,8,7,29.8
58,508.2,328.8,9,6,29.8
59,568,358.6,10,7,29.8
60,238.4,358.8,8,6,29.8
61,298.2,388.6,9,7,29.8
62,358,358.8,10,6,29.8
63,328.4,388.6,8,7,29.8
64,388.2,358.8,9,6,29.8
65,448,388.6,10,7,29.8
66,418.4,358.8,8,6,29.8
67,478.2,388.6,9,7,29.8
68,538,358.8,10,6,29.8
69,508.4,388.6,8,7,29.8
70,268.2,388.8,9,6,29.8
71,328,418.6,10,7,29.8
72,298.4,388.8,8,6,29.8
73,358.2,418.6,9,7,29.8
74,418,388.8,10,6,29.8
75,388.4,418.6,8,7,29.8
76,448.2,388.8,9,6,29.8
77,508,418.6,10,7,29.8
78,478.4,388.8,8,6,29.8
79,538.2,418.6,9,7,29.8
80,298,418.8,10,6,29.8
81,268.4,448.6,8,7,29.8
82,328.2,418.8,9,6,29.8
83,388,448.6,10,7,29.8
84,358.4,418.8,8,6,29.8
85,418.2,448.6,9,7,29.8
86,478,418.8,10,6,29.8
87,448.4,448.6,8,7,29.8
88,508.2,418.8,9,6,29.8
89,568,448.6,10,7,29.8
90,238.4,448.8,8,6,29.8
91,298.2,478.6,9,7,29.8
92,358,448.8,10,6,29.8
93,328.4,478.6,8,7,29.8
94,388.2,448.8,9,6,29.8
95,448,478.6,10,7,29.8
96,418.4,448.8,8,6,29.8
98,538,448.8,10,6,29.8
99,508.4,478.6,8,7,29.8
100,268.2,478.8,9,6,29.8
102,298.4,478.8,8,6,29.8
103,358.2,508.6,9,7,29.8
104,418,478.8,10,6,29.8
105,388.4,508.6,8,7,29.8
106,448.2,478.8,9,6,29.8
107,508,508.6,10,7,29.8
108,478.4,478.8,8,6,29.8
109,538.2,508.6,9,7,29.8
110,298,508.8,10,6,29.8
111,268.4,538.6,8,7,29.8
112,328.2,508.8,9,6,29.8
113,388,538.6,10,7,29.8
114,358.4,508.8,8,6,29.8
115,418.2,538.6,9,7,29.8
116,478,508.8,10,6,29.8
117,448.4,538.6,8,7,29.8
118,508.2,508.8,9,6,29.8
119,568,538.6,10,7,29.8
120,238.4,538.8,8,6,29.8
121,298.2,568.6,9,7,29.8
122,358,538.8,10,6,29.8
123,328.4,568.6,8,7,29.8
124,388.2,538.8,9,6,29.8
125,448,568.6,10,7,29.8
126,418.4,538.8,8,6,29.8
127,478.2,568.6,9,7,29.8
128,538,538.8,10,6,29.8
129,508.4,568.6,8,7,29.8
131,328,598.6,10,7,29.8
13,359.1,239.3,9,7,29.9
46,449.1,299.4,9,6,29.9
97,479.1,479.3,9,7,29.9
101,329,509.3,10,7,29.9
130,269.1,569.4,9,6,29.9
1,299.1,209.3,9,7,29.9
3,329.2,209.3,8,7,29.9
5,449,209.3,10,7,29.9
7,479.1,209.3,9,7,29.9
8,539,179.4,10,6,29.9
9,509.2,209.3,8,7,29.9
10,269.1,209.4,9,6,29.9
11,329,239.3,10,7,29.9
12,299.2,209.4,8,6,29.9
14,419,209.4,10,6,29.9
15,389.2,239.3,8,7,29.9
16,449.1,209.4,9,6,29.9
17,509,239.3,10,7,29.9
18,479.2,209.4,8,6,29.9
19,539.1,239.3,9,7,29.9
20,299,239.4,10,6,29.9
21,269.2,269.3,8,7,29.9
22,329.1,239.4,9,6,29.9
23,389,269.3,10,7,29.9
24,359.2,239.4,8,6,29.9
26,479,239.4,10,6,29.9
27,449.2,269.3,8,7,29.9
28,509.1,239.4,9,6,29.9
29,569,269.3,10,7,29.9
30,239.2,269.4,8,6,29.9
31,299.1,299.3,9,7,29.9
32,359,269.4,10,6,29.9
33,329.2,299.3,8,7,29.9
34,389.1,269.4,9,6,29.9
35,449,299.3,10,7,29.9
36,419.2,269.4,8,6,29.9
37,479.1,299.3,9,7,29.9
38,539,269.4,10,6,29.9
39,509.2,299.3,8,7,29.9
40,269.1,299.4,9,6,29.9
41,329,329.3,10,7,29.9
42,299.2,299.4,8,6,29.9
43,359.1,329.3,9,7,29.9
44,419,299.4,10,6,29.9
45,389.2,329.3,8,7,29.9
47,509,329.3,10,7,29.9
48,479.2,299.4,8,6,29.9
49,539.1,329.3,9,7,29.9
50,299,329.4,10,6,29.9
51,269.2,359.3,8,7,29.9
52,329.1,329.4,9,6,29.9
53,389,359.3,10,7,29.9
54,359.2,329.4,8,6,29.9
55,419.1,359.3,9,7,29.9
56,479,329.4,10,6,29.9
57,449.2,359.3,8,7,29.9
58,509.1,329.4,9,6,29.9
59,569,359.3,10,7,29.9
60,239.2,359.4,8,6,29.9
61,299.1,389.3,9,7,29.9
62,359,359.4,10,6,29.9
63,329.2,389.3,8,7,29.9
64,389.1,359.4,9,6,29.9
65,449,389.3,10,7,29.9
66,419.2,359.4,8,6,29.9
67,479.1,389.3,9,7,29.9
68,539,359.4,10,6,29.9
69,509.2,389.3,8,7,29.9
70,269.1,389.4,9,6,29.9
71,329,419.3,10,7,29.9
72,299.2,389.4,8,6,29.9
73,359.1,419.3,9,7,29.9
74,419,389.4,10,6,29.9
75,389.2,419.3,8,7,29.9
76,449.1,389.4,9,6,29.9
77,509,419.3,10,7,29.9
78,479.2,389.4,8,6,29.9
79,539.1,419.3,9,7,29.9
80,299,419.4,10,6,29.9
81,269.2,449.3,8,7,29.9
82,329.1,419.4,9,6,29.9
83,389,449.3,10,7,29.9
84,359.2,419.4,8,6,29.9
85,419.1,449.3,9,7,29.9
86,479,419.4,10,6,29.9
87,449.2,449.3,8,7,29.9
88,509.1,419.4,9,6,29.9
89,569,449.3,10,7,29.9
90,239.2,449.4,8,6,29.9
91,299.1,479.3,9,7,29.9
92,359,449.4,10,6,29.9
93,329.2,479.3,8,7,29.9
94,389.1,449.4,9,6,29.9
95,449,479.3,10,7,29.9
96,419.2,449.4,8,6,29.9
98,539,449.4,10,6,29.9
99,509.2,479.3,8,7,29.9
100,269.1,479.4,9,6,29.9
102,299.2,479.4,8,6,29.9
103,359.1,509.3,9,7,29.9
104,419,479.4,10,6,29.9
105,389.2,509.3,8,7,29.9
106,449.1,479.4,9,6,29.9
107,509,509.3,10,7,29.9
108,479.2,479.4,8,6,29.9
109,539.1,509.3,9,7,29.9
110,299,509.4,10,6,29.9
111,269.2,539.3,8,7,29.9
112,329.1,509.4,9,6,29.9
113,389,539.3,10,7,29.9
114,359.2,509.4,8,6,29.9
115,419.1,539.3,9,7,29.9
116,479,509.4,10,6,29.9
117,449.2,539.3,8,7,29.9
118,509.1,509.4,9,6,29.9
119,569,539.3,10,7,29.9
120,239.2,539.4,8,6,29.9
121,299.1,569.3,9,7,29.9
122,359,539.4,10,6,29.9
123,329.2,569.3,8,7,29.9
124,389.1,539.4,9,6,29.9
125,449,569.3,10,7,29.9
126,419.2,539.4,8,6,29.9
127,479.1,569.3,9,7,29.9
128,539,539.4,10,6,29.9
129,509.2,569.3,8,7,29.9
131,329,599.3,10,7,29.9
