nodeId,message,rssi
10,BSM,0,8,6,8,6,1,-1
1,BSM,0,8,6,8,6,1,-1
11,BSM,0,8,6,8,6,1,-1
20,BSM,0,8,6,8,6,1,-1
2,BSM,0,8,6,8,6,1,-1
12,BSM,0,8,6,8,6,1,-1
21,BSM,0,8,6,8,6,1,-1
22,BSM,0,8,6,8,6,1,-1
3,BSM,0,8,6,8,6,1,-1
30,BSM,0,8,6,8,6,1,-1
13,BSM,0,8,6,8,6,1,-1
31,BSM,0,8,6,8,6,1,-1
32,BSM,0,8,6,8,6,1,-1
23,BSM,0,8,6,8,6,1,-1
40,BSM,0,8,6,8,6,1,-1
4,BSM,0,8,6,8,6,1,-1
41,BSM,0,8,6,8,6,1,-1
14,BSM,0,8,6,8,6,1,-1
33,BSM,0,8,6,8,6,1,-1
24,BSM,0,8,6,8,6,1,-1
42,BSM,0,8,6,8,6,1,-1
50,BSM,0,8,6,8,6,1,-1
34,BSM,0,8,6,8,6,1,-1
43,BSM,0,8,6,8,6,1,-1
5,BSM,0,8,6,8,6,1,-1
15,BSM,0,8,6,8,6,1,-1
51,BSM,0,8,6,8,6,1,-1
52,BSM,0,8,6,8,6,1,-1
25,BSM,0,8,6,8,6,1,-1
44,BSM,0,8,6,8,6,1,-1
53,BSM,0,8,6,8,6,1,-1
35,BSM,0,8,6,8,6,1,-1
6,BSM,0,8,6,8,6,1,-1
60,BSM,0,8,6,8,6,1,-1
16,BSM,0,8,6,8,6,1,-1
61,BSM,0,8,6,8,6,1,-1
62,BSM,0,8,6,8,6,1,-1
26,BSM,0,8,6,8,6,1,-1
54,BSM,0,8,6,8,6,1,-1
45,BSM,0,8,6,8,6,1,-1
36,BSM,0,8,6,8,6,1,-1
63,BSM,0,8,6,8,6,1,-1
70,BSM,0,8,6,8,6,1,-1
7,BSM,0,8,6,8,6,1,-1
55,BSM,0,8,6,8,6,1,-1
71,BSM,0,8,6,8,6,1,-1
17,BSM,0,8,6,8,6,1,-1
64,BSM,0,8,6,8,6,1,-1
46,BSM,0,8,6,8,6,1,-1
27,BSM,0,8,6,8,6,1,-1
72,BSM,0,8,6,8,6,1,-1
37,BSM,0,8,6,8,6,1,-1
73,BSM,0,8,6,8,6,1,-1
56,BSM,0,8,6,8,6,1,-1
65,BSM,0,8,6,8,6,1,-1
80,BSM,0,8,6,8,6,1,-1
8,BSM,0,8,6,8,6,1,-1
18,BSM,0,8,6,8,6,1,-1
74,BSM,0,8,6,8,6,1,-1
81,BSM,0,8,6,8,6,1,-1
47,BSM,0,8,6,8,6,1,-1
82,BSM,0,8,6,8,6,1,-1
28,BSM,0,8,6,8,6,1,-1
66,BSM,0,8,6,8,6,1,-1
83,BSM,0,8,6,8,6,1,-1
38,BSM,0,8,6,8,6,1,-1
57,BSM,0,8,6,8,6,1,-1
75,BSM,0,8,6,8,6,1,-1
48,BSM,0,8,6,8,6,1,-1
84,BSM,0,8,6,8,6,1,-1
9,BSM,0,8,6,8,6,1,-1
90,BSM,0,8,6,8,6,1,-1
19,BSM,0,8,6,8,6,1,-1
91,BSM,0,8,6,8,6,1,-1
92,BSM,0,8,6,8,6,1,-1
76,BSM,0,8,6,8,6,1,-1
67,BSM,0,8,6,8,6,1,-1
29,BSM,0,8,6,8,6,1,-1
58,BSM,0,8,6,8,6,1,-1
85,BSM,0,8,6,8,6,1,-1
39,BSM,0,8,6,8,6,1,-1
93,BSM,0,8,6,8,6,1,-1
94,BSM,0,8,6,8,6,1,-1
49,BSM,0,8,6,8,6,1,-1
77,BSM,0,8,6,8,6,1,-1
100,BSM,0,8,6,8,6,1,-1
86,BSM,0,8,6,8,6,1,-1
68,BSM,0,8,6,8,6,1,-1
101,BSM,0,8,6,8,6,1,-1
102,BSM,0,8,6,8,6,1,-1
95,BSM,0,8,6,8,6,1,-1
59,BSM,0,8,6,8,6,1,-1
103,BSM,0,8,6,8,6,1,-1
78,BSM,0,8,6,8,6,1,-1
87,BSM,0,8,6,8,6,1,-1
104,BSM,0,8,6,8,6,1,-1
96,BSM,0,8,6,8,6,1,-1
69,BSM,0,8,6,8,6,1,-1
110,BSM,0,8,6,8,6,1,-1
111,BSM,0,8,6,8,6,1,-1
112,BSM,0,8,6,8,6,1,-1
105,BSM,0,8,6,8,6,1,-1
88,BSM,0,8,6,8,6,1,-1
79,BSM,0,8,6,8,6,1,-1
97,BSM,0,8,6,8,6,1,-1
113,BSM,0,8,6,8,6,1,-1
106,BSM,0,8,6,8,6,1,-1
114,BSM,0,8,6,8,6,1,-1
120,BSM,0,8,6,8,6,1,-1
98,BSM,0,8,6,8,6,1,-1
121,BSM,0,8,6,8,6,1,-1
89,BSM,0,8,6,8,6,1,-1
115,BSM,0,8,6,8,6,1,-1
122,BSM,0,8,6,8,6,1,-1
107,BSM,0,8,6,8,6,1,-1
123,BSM,0,8,6,8,6,1,-1
116,BSM,0,8,6,8,6,1,-1
124,BSM,0,8,6,8,6,1,-1
99,BSM,0,8,6,8,6,1,-1
108,BSM,0,8,6,8,6,1,-1
130,BSM,0,8,6,8,6,1,-1
125,BSM,0,8,6,8,6,1,-1
117,BSM,0,8,6,8,6,1,-1
131,BSM,0,8,6,8,6,1,-1
126,BSM,0,8,6,8,6,1,-1
109,BSM,0,8,6,8,6,1,-1
118,BSM,0,8,6,8,6,1,-1
127,BSM,0,8,6,8,6,1,-1
119,BSM,0,8,6,8,6,1,-1
128,BSM,0,8,6,8,6,1,-1
129,BSM,0,8,6,8,6,1,-1
10,BSM,0,8,6,8,6,1,-1
1,BSM,0,8,6,8,6,1,-1
11,BSM,0,8,6,8,6,1,-1
20,BSM,0,8,6,8,6,1,-1
2,BSM,0,8,6,8,6,1,-1
12,BSM,0,8,6,8,6,1,-1
21,BSM,0,8,6,8,6,1,-1
22,BSM,0,8,6,8,6,1,-1
3,BSM,0,8,6,8,6,1,-1
30,BSM,0,8,6,8,6,1,-1
13,BSM,0,8,6,8,6,1,-1
31,BSM,0,8,6,8,6,1,-1
32,BSM,0,8,6,8,6,1,-1
23,BSM,0,8,6,8,6,1,-1
40,BSM,0,8,6,8,6,1,-1
4,BSM,0,8,6,8,6,1,-1
41,BSM,0,8,6,8,6,1,-1
14,BSM,0,8,6,8,6,1,-1
33,BSM,0,8,6,8,6,1,-1
24,BSM,0,8,6,8,6,1,-1
42,BSM,0,8,6,8,6,1,-1
50,BSM,0,8,6,8,6,1,-1
34,BSM,0,8,6,8,6,1,-1
43,BSM,0,8,6,8,6,1,-1
5,BSM,0,8,6,8,6,1,-1
15,BSM,0,8,6,8,6,1,-1
51,BSM,0,8,6,8,6,1,-1
52,BSM,0,8,6,8,6,1,-1
25,BSM,0,8,6,8,6,1,-1
44,BSM,0,8,6,8,6,1,-1
53,BSM,0,8,6,8,6,1,-1
35,BSM,0,8,6,8,6,1,-1
6,BSM,0,8,6,8,6,1,-1
60,BSM,0,8,6,8,6,1,-1
16,BSM,0,8,6,8,6,1,-1
61,BSM,0,8,6,8,6,1,-1
62,BSM,0,8,6,8,6,1,-1
26,BSM,0,8,6,8,6,1,-1
54,BSM,0,8,6,8,6,1,-1
45,BSM,0,8,6,8,6,1,-1
36,BSM,0,8,6,8,6,1,-1
63,BSM,0,8,6,8,6,1,-1
70,BSM,0,8,6,8,6,1,-1
7,BSM,0,8,6,8,6,1,-1
55,BSM,0,8,6,8,6,1,-1
71,BSM,0,8,6,8,6,1,-1
17,BSM,0,8,6,8,6,1,-1
64,BSM,0,8,6,8,6,1,-1
46,BSM,0,8,6,8,6,1,-1
27,BSM,0,8,6,8,6,1,-1
72,BSM,0,8,6,8,6,1,-1
37,BSM,0,8,6,8,6,1,-1
73,BSM,0,8,6,8,6,1,-1
56,BSM,0,8,6,8,6,1,-1
65,BSM,0,8,6,8,6,1,-1
80,BSM,0,8,6,8,6,1,-1
8,BSM,0,8,6,8,6,1,-1
18,BSM,0,8,6,8,6,1,-1
74,BSM,0,8,6,8,6,1,-1
81,BSM,0,8,6,8,6,1,-1
47,BSM,0,8,6,8,6,1,-1
82,BSM,0,8,6,8,6,1,-1
28,BSM,0,8,6,8,6,1,-1
66,BSM,0,8,6,8,6,1,-1
83,BSM,0,8,6,8,6,1,-1
38,BSM,0,8,6,8,6,1,-1
57,BSM,0,8,6,8,6,1,-1
75,BSM,0,8,6,8,6,1,-1
48,BSM,0,8,6,8,6,1,-1
84,BSM,0,8,6,8,6,1,-1
9,BSM,0,8,6,8,6,1,-1
90,BSM,0,8,6,8,6,1,-1
19,BSM,0,8,6,8,6,1,-1
91,BSM,0,8,6,8,6,1,-1
92,BSM,0,8,6,8,6,1,-1
76,BSM,0,8,6,8,6,1,-1
67,BSM,0,8,6,8,6,1,-1
29,BSM,0,8,6,8,6,1,-1
58,BSM,0,8,6,8,6,1,-1
85,BSM,0,8,6,8,6,1,-1
39,BSM,0,8,6,8,6,1,-1
93,BSM,0,8,6,8,6,1,-1
94,BSM,0,8,6,8,6,1,-1
49,BSM,0,8,6,8,6,1,-1
77,BSM,0,8,6,8,6,1,-1
100,BSM,0,8,6,8,6,1,-1
86,BSM,0,8,6,8,6,1,-1
68,BSM,0,8,6,8,6,1,-1
101,BSM,0,8,6,8,6,1,-1
102,BSM,0,8,6,8,6,1,-1
95,BSM,0,8,6,8,6,1,-1
59,BSM,0,8,6,8,6,1,-1
103,BSM,0,8,6,8,6,1,-1
78,BSM,0,8,6,8,6,1,-1
87,BSM,0,8,6,8,6,1,-1
104,BSM,0,8,6,8,6,1,-1
96,BSM,0,8,6,8,6,1,-1
69,BSM,0,8,6,8,6,1,-1
110,BSM,0,8,6,8,6,1,-1
111,BSM,0,8,6,8,6,1,-1
112,BSM,0,8,6,8,6,1,-1
105,BSM,0,8,6,8,6,1,-1
88,BSM,0,8,6,8,6,1,-1
79,BSM,0,8,6,8,6,1,-1
97,BSM,0,8,6,8,6,1,-1
113,BSM,0,8,6,8,6,1,-1
106,BSM,0,8,6,8,6,1,-1
114,BSM,0,8,6,8,6,1,-1
120,BSM,0,8,6,8,6,1,-1
98,BSM,0,8,6,8,6,1,-1
121,BSM,0,8,6,8,6,1,-1
89,BSM,0,8,6,8,6,1,-1
115,BSM,0,8,6,8,6,1,-1
122,BSM,0,8,6,8,6,1,-1
107,BSM,0,8,6,8,6,1,-1
123,BSM,0,8,6,8,6,1,-1
116,BSM,0,8,6,8,6,1,-1
124,BSM,0,8,6,8,6,1,-1
99,BSM,0,8,6,8,6,1,-1
108,BSM,0,8,6,8,6,1,-1
130,BSM,0,8,6,8,6,1,-1
125,BSM,0,8,6,8,6,1,-1
117,BSM,0,8,6,8,6,1,-1
131,BSM,0,8,6,8,6,1,-1
126,BSM,0,8,6,8,6,1,-1
109,BSM,0,8,6,8,6,1,-1
118,BSM,0,8,6,8,6,1,-1
127,BSM,0,8,6,8,6,1,-1
119,BSM,0,8,6,8,6,1,-1
128,BSM,0,8,6,8,6,1,-1
129,BSM,0,8,6,8,6,1,-1
10,BSM,0,8,6,8,6,1,-1
1,BSM,0,8,6,8,6,1,-1
11,BSM,0,8,6,8,6,1,-1
20,BSM,0,8,6,8,6,1,-1
2,BSM,0,8,6,8,6,1,-1
12,BSM,0,8,6,8,6,1,-1
21,BSM,0,8,6,8,6,1,-1
22,BSM,0,8,6,8,6,1,-1
3,BSM,0,8,6,8,6,1,-1
30,BSM,0,8,6,8,6,1,-1
13,BSM,0,8,6,8,6,1,-1
31,BSM,0,8,6,8,6,1,-1
32,BSM,0,8,6,8,6,1,-1
23,BSM,0,8,6,8,6,1,-1
40,BSM,0,8,6,8,6,1,-1
4,BSM,0,8,6,8,6,1,-1
41,BSM,0,8,6,8,6,1,-1
14,BSM,0,8,6,8,6,1,-1
33,BSM,0,8,6,8,6,1,-1
24,BSM,0,8,6,8,6,1,-1
42,BSM,0,8,6,8,6,1,-1
50,BSM,0,8,6,8,6,1,-1
34,BSM,0,8,6,8,6,1,-1
43,BSM,0,8,6,8,6,1,-1
5,BSM,0,8,6,8,6,1,-1
15,BSM,0,8,6,8,6,1,-1
51,BSM,0,8,6,8,6,1,-1
52,BSM,0,8,6,8,6,1,-1
25,BSM,0,8,6,8,6,1,-1
44,BSM,0,8,6,8,6,1,-1
53,BSM,0,8,6,8,6,1,-1
35,BSM,0,8,6,8,6,1,-1
6,BSM,0,8,6,8,6,1,-1
60,BSM,0,8,6,8,6,1,-1
16,BSM,0,8,6,8,6,1,-1
61,BSM,0,8,6,8,6,1,-1
62,BSM,0,8,6,8,6,1,-1
26,BSM,0,8,6,8,6,1,-1
54,BSM,0,8,6,8,6,1,-1
45,BSM,0,8,6,8,6,1,-1
36,BSM,0,8,6,8,6,1,-1
63,BSM,0,8,6,8,6,1,-1
70,BSM,0,8,6,8,6,1,-1
7,BSM,0,8,6,8,6,1,-1
55,BSM,0,8,6,8,6,1,-1
71,BSM,0,8,6,8,6,1,-1
17,BSM,0,8,6,8,6,1,-1
64,BSM,0,8,6,8,6,1,-1
46,BSM,0,8,6,8,6,1,-1
27,BSM,0,8,6,8,6,1,-1
72,BSM,0,8,6,8,6,1,-1
37,BSM,0,8,6,8,6,1,-1
73,BSM,0,8,6,8,6,1,-1
56,BSM,0,8,6,8,6,1,-1
65,BSM,0,8,6,8,6,1,-1
80,BSM,0,8,6,8,6,1,-1
8,BSM,0,8,6,8,6,1,-1
18,BSM,0,8,6,8,6,1,-1
74,BSM,0,8,6,8,6,1,-1
81,BSM,0,8,6,8,6,1,-1
47,BSM,0,8,6,8,6,1,-1
82,BSM,0,8,6,8,6,1,-1
28,BSM,0,8,6,8,6,1,-1
66,BSM,0,8,6,8,6,1,-1
83,BSM,0,8,6,8,6,1,-1
38,BSM,0,8,6,8,6,1,-1
57,BSM,0,8,6,8,6,1,-1
75,BSM,0,8,6,8,6,1,-1
48,BSM,0,8,6,8,6,1,-1
84,BSM,0,8,6,8,6,1,-1
9,BSM,0,8,6,8,6,1,-1
90,BSM,0,8,6,8,6,1,-1
19,BSM,0,8,6,8,6,1,-1
91,BSM,0,8,6,8,6,1,-1
92,BSM,0,8,6,8,6,1,-1
76,BSM,0,8,6,8,6,1,-1
67,BSM,0,8,6,8,6,1,-1
29,BSM,0,8,6,8,6,1,-1
58,BSM,0,8,6,8,6,1,-1
85,BSM,0,8,6,8,6,1,-1
39,BSM,0,8,6,8,6,1,-1
93,BSM,0,8,6,8,6,1,-1
94,BSM,0,8,6,8,6,1,-1
49,BSM,0,8,6,8,6,1,-1
77,BSM,0,8,6,8,6,1,-1
100,BSM,0,8,6,8,6,1,-1
86,BSM,0,8,6,8,6,1,-1
68,BSM,0,8,6,8,6,1,-1
101,BSM,0,8,6,8,6,1,-1
102,BSM,0,8,6,8,6,1,-1
95,BSM,0,8,6,8,6,1,-1
59,BSM,0,8,6,8,6,1,-1
103,BSM,0,8,6,8,6,1,-1
78,BSM,0,8,6,8,6,1,-1
87,BSM,0,8,6,8,6,1,-1
104,BSM,0,8,6,8,6,1,-1
96,BSM,0,8,6,8,6,1,-1
69,BSM,0,8,6,8,6,1,-1
110,BSM,0,8,6,8,6,1,-1
111,BSM,0,8,6,8,6,1,-1
112,BSM,0,8,6,8,6,1,-1
105,BSM,0,8,6,8,6,1,-1
88,BSM,0,8,6,8,6,1,-1
79,BSM,0,8,6,8,6,1,-1
97,BSM,0,8,6,8,6,1,-1
113,BSM,0,8,6,8,6,1,-1
106,BSM,0,8,6,8,6,1,-1
114,BSM,0,8,6,8,6,1,-1
120,BSM,0,8,6,8,6,1,-1
98,BSM,0,8,6,8,6,1,-1
121,BSM,0,8,6,8,6,1,-1
89,BSM,0,8,6,8,6,1,-1
115,BSM,0,8,6,8,6,1,-1
122,BSM,0,8,6,8,6,1,-1
107,BSM,0,8,6,8,6,1,-1
123,BSM,0,8,6,8,6,1,-1
116,BSM,0,8,6,8,6,1,-1
124,BSM,0,8,6,8,6,1,-1
99,BSM,0,8,6,8,6,1,-1
108,BSM,0,8,6,8,6,1,-1
130,BSM,0,8,6,8,6,1,-1
125,BSM,0,8,6,8,6,1,-1
117,BSM,0,8,6,8,6,1,-1
131,BSM,0,8,6,8,6,1,-1
126,BSM,0,8,6,8,6,1,-1
109,BSM,0,8,6,8,6,1,-1
118,BSM,0,8,6,8,6,1,-1
127,BSM,0,8,6,8,6,1,-1
119,BSM,0,8,6,8,6,1,-1
128,BSM,0,8,6,8,6,1,-1
129,BSM,0,8,6,8,6,1,-1
10,BSM,0,8,6,8,6,1,-1
1,BSM,0,8,6,8,6,1,-1
11,BSM,0,8,6,8,6,1,-1
20,BSM,0,8,6,8,6,1,-1
2,BSM,0,8,6,8,6,1,-1
12,BSM,0,8,6,8,6,1,-1
21,BSM,0,8,6,8,6,1,-1
22,BSM,0,8,6,8,6,1,-1
3,BSM,0,8,6,8,6,1,-1
30,BSM,0,8,6,8,6,1,-1
13,BSM,0,8,6,8,6,1,-1
31,BSM,0,8,6,8,6,1,-1
32,BSM,0,8,6,8,6,1,-1
23,BSM,0,8,6,8,6,1,-1
40,BSM,0,8,6,8,6,1,-1
4,BSM,0,8,6,8,6,1,-1
41,BSM,0,8,6,8,6,1,-1
14,BSM,0,8,6,8,6,1,-1
33,BSM,0,8,6,8,6,1,-1
24,BSM,0,8,6,8,6,1,-1
42,BSM,0,8,6,8,6,1,-1
50,BSM,0,8,6,8,6,1,-1
34,BSM,0,8,6,8,6,1,-1
43,BSM,0,8,6,8,6,1,-1
5,BSM,0,8,6,8,6,1,-1
15,BSM,0,8,6,8,6,1,-1
51,BSM,0,8,6,8,6,1,-1
52,BSM,0,8,6,8,6,1,-1
25,BSM,0,8,6,8,6,1,-1
44,BSM,0,8,6,8,6,1,-1
53,BSM,0,8,6,8,6,1,-1
35,BSM,0,8,6,8,6,1,-1
6,BSM,0,8,6,8,6,1,-1
60,BSM,0,8,6,8,6,1,-1
16,BSM,0,8,6,8,6,1,-1
61,BSM,0,8,6,8,6,1,-1
62,BSM,0,8,6,8,6,1,-1
26,BSM,0,8,6,8,6,1,-1
54,BSM,0,8,6,8,6,1,-1
45,BSM,0,8,6,8,6,1,-1
36,BSM,0,8,6,8,6,1,-1
63,BSM,0,8,6,8,6,1,-1
70,BSM,0,8,6,8,6,1,-1
7,BSM,0,8,6,8,6,1,-1
55,BSM,0,8,6,8,6,1,-1
71,BSM,0,8,6,8,6,1,-1
17,BSM,0,8,6,8,6,1,-1
64,BSM,0,8,6,8,6,1,-1
46,BSM,0,8,6,8,6,1,-1
27,BSM,0,8,6,8,6,1,-1
72,BSM,0,8,6,8,6,1,-1
37,BSM,0,8,6,8,6,1,-1
73,BSM,0,8,6,8,6,1,-1
56,BSM,0,8,6,8,6,1,-1
65,BSM,0,8,6,8,6,1,-1
80,BSM,0,8,6,8,6,1,-1
8,BSM,0,8,6,8,6,1,-1
18,BSM,0,8,6,8,6,1,-1
74,BSM,0,8,6,8,6,1,-1
81,BSM,0,8,6,8,6,1,-1
47,BSM,0,8,6,8,6,1,-1
82,BSM,0,8,6,8,6,1,-1
28,BSM,0,8,6,8,6,1,-1
66,BSM,0,8,6,8,6,1,-1
83,BSM,0,8,6,8,6,1,-1
38,BSM,0,8,6,8,6,1,-1
57,BSM,0,8,6,8,6,1,-1
75,BSM,0,8,6,8,6,1,-1
48,BSM,0,8,6,8,6,1,-1
84,BSM,0,8,6,8,6,1,-1
9,BSM,0,8,6,8,6,1,-1
90,BSM,0,8,6,8,6,1,-1
19,BSM,0,8,6,8,6,1,-1
91,BSM,0,8,6,8,6,1,-1
92,BSM,0,8,6,8,6,1,-1
76,BSM,0,8,6,8,6,1,-1
67,BSM,0,8,6,8,6,1,-1
29,BSM,0,8,6,8,6,1,-1
58,BSM,0,8,6,8,6,1,-1
85,BSM,0,8,6,8,6,1,-1
39,BSM,0,8,6,8,6,1,-1
93,BSM,0,8,6,8,6,1,-1
94,BSM,0,8,6,8,6,1,-1
49,BSM,0,8,6,8,6,1,-1
77,BSM,0,8,6,8,6,1,-1
100,BSM,0,8,6,8,6,1,-1
86,BSM,0,8,6,8,6,1,-1
68,BSM,0,8,6,8,6,1,-1
101,BSM,0,8,6,8,6,1,-1
102,BSM,0,8,6,8,6,1,-1
95,BSM,0,8,6,8,6,1,-1
59,BSM,0,8,6,8,6,1,-1
103,BSM,0,8,6,8,6,1,-1
78,BSM,0,8,6,8,6,1,-1
87,BSM,0,8,6,8,6,1,-1
104,BSM,0,8,6,8,6,1,-1
96,BSM,0,8,6,8,6,1,-1
69,BSM,0,8,6,8,6,1,-1
110,BSM,0,8,6,8,6,1,-1
111,BSM,0,8,6,8,6,1,-1
112,BSM,0,8,6,8,6,1,-1
105,BSM,0,8,6,8,6,1,-1
88,BSM,0,8,6,8,6,1,-1
79,BSM,0,8,6,8,6,1,-1
97,BSM,0,8,6,8,6,1,-1
113,BSM,0,8,6,8,6,1,-1
106,BSM,0,8,6,8,6,1,-1
114,BSM,0,8,6,8,6,1,-1
120,BSM,0,8,6,8,6,1,-1
98,BSM,0,8,6,8,6,1,-1
121,BSM,0,8,6,8,6,1,-1
89,BSM,0,8,6,8,6,1,-1
115,BSM,0,8,6,8,6,1,-1
122,BSM,0,8,6,8,6,1,-1
107,BSM,0,8,6,8,6,1,-1
123,BSM,0,8,6,8,6,1,-1
116,BSM,0,8,6,8,6,1,-1
124,BSM,0,8,6,8,6,1,-1
99,BSM,0,8,6,8,6,1,-1
108,BSM,0,8,6,8,6,1,-1
130,BSM,0,8,6,8,6,1,-1
125,BSM,0,8,6,8,6,1,-1
117,BSM,0,8,6,8,6,1,-1
131,BSM,0,8,6,8,6,1,-1
126,BSM,0,8,6,8,6,1,-1
109,BSM,0,8,6,8,6,1,-1
118,BSM,0,8,6,8,6,1,-1
127,BSM,0,8,6,8,6,1,-1
119,BSM,0,8,6,8,6,1,-1
128,BSM,0,8,6,8,6,1,-1
129,BSM,0,8,6,8,6,1,-1
10,BSM,0,8,6,8,6,1,-1
1,BSM,0,8,6,8,6,1,-1
11,BSM,0,8,6,8,6,1,-1
20,BSM,0,8,6,8,6,1,-1
2,BSM,0,8,6,8,6,1,-1
12,BSM,0,8,6,8,6,1,-1
21,BSM,0,8,6,8,6,1,-1
22,BSM,0,8,6,8,6,1,-1
3,BSM,0,8,6,8,6,1,-1
30,BSM,0,8,6,8,6,1,-1
13,BSM,0,8,6,8,6,1,-1
31,BSM,0,8,6,8,6,1,-1
32,BSM,0,8,6,8,6,1,-1
23,BSM,0,8,6,8,6,1,-1
40,BSM,0,8,6,8,6,1,-1
4,BSM,0,8,6,8,6,1,-1
41,BSM,0,8,6,8,6,1,-1
14,BSM,0,8,6,8,6,1,-1
33,BSM,0,8,6,8,6,1,-1
24,BSM,0,8,6,8,6,1,-1
42,BSM,0,8,6,8,6,1,-1
50,BSM,0,8,6,8,6,1,-1
34,BSM,0,8,6,8,6,1,-1
43,BSM,0,8,6,8,6,1,-1
5,BSM,0,8,6,8,6,1,-1
15,BSM,0,8,6,8,6,1,-1
51,BSM,0,8,6,8,6,1,-1
52,BSM,0,8,6,8,6,1,-1
25,BSM,0,8,6,8,6,1,-1
44,BSM,0,8,6,8,6,1,-1
53,BSM,0,8,6,8,6,1,-1
35,BSM,0,8,6,8,6,1,-1
6,BSM,0,8,6,8,6,1,-1
60,BSM,0,8,6,8,6,1,-1
16,BSM,0,8,6,8,6,1,-1
61,BSM,0,8,6,8,6,1,-1
62,BSM,0,8,6,8,6,1,-1
26,BSM,0,8,6,8,6,1,-1
54,BSM,0,8,6,8,6,1,-1
45,BSM,0,8,6,8,6,1,-1
36,BSM,0,8,6,8,6,1,-1
63,BSM,0,8,6,8,6,1,-1
70,BSM,0,8,6,8,6,1,-1
7,BSM,0,8,6,8,6,1,-1
55,BSM,0,8,6,8,6,1,-1
71,BSM,0,8,6,8,6,1,-1
17,BSM,0,8,6,8,6,1,-1
64,BSM,0,8,6,8,6,1,-1
46,BSM,0,8,6,8,6,1,-1
27,BSM,0,8,6,8,6,1,-1
72,BSM,0,8,6,8,6,1,-1
37,BSM,0,8,6,8,6,1,-1
73,BSM,0,8,6,8,6,1,-1
56,BSM,0,8,6,8,6,1,-1
65,BSM,0,8,6,8,6,1,-1
80,BSM,0,8,6,8,6,1,-1
8,BSM,0,8,6,8,6,1,-1
18,BSM,0,8,6,8,6,1,-1
74,BSM,0,8,6,8,6,1,-1
81,BSM,0,8,6,8,6,1,-1
47,BSM,0,8,6,8,6,1,-1
82,BSM,0,8,6,8,6,1,-1
28,BSM,0,8,6,8,6,1,-1
66,BSM,0,8,6,8,6,1,-1
83,BSM,0,8,6,8,6,1,-1
38,BSM,0,8,6,8,6,1,-1
57,BSM,0,8,6,8,6,1,-1
75,BSM,0,8,6,8,6,1,-1
48,BSM,0,8,6,8,6,1,-1
84,BSM,0,8,6,8,6,1,-1
9,BSM,0,8,6,8,6,1,-1
90,BSM,0,8,6,8,6,1,-1
19,BSM,0,8,6,8,6,1,-1
91,BSM,0,8,6,8,6,1,-1
92,BSM,0,8,6,8,6,1,-1
76,BSM,0,8,6,8,6,1,-1
67,BSM,0,8,6,8,6,1,-1
29,BSM,0,8,6,8,6,1,-1
58,BSM,0,8,6,8,6,1,-1
85,BSM,0,8,6,8,6,1,-1
39,BSM,0,8,6,8,6,1,-1
93,BSM,0,8,6,8,6,1,-1
94,BSM,0,8,6,8,6,1,-1
49,BSM,0,8,6,8,6,1,-1
77,BSM,0,8,6,8,6,1,-1
100,BSM,0,8,6,8,6,1,-1
86,BSM,0,8,6,8,6,1,-1
68,BSM,0,8,6,8,6,1,-1
101,BSM,0,8,6,8,6,1,-1
102,BSM,0,8,6,8,6,1,-1
95,BSM,0,8,6,8,6,1,-1
59,BSM,0,8,6,8,6,1,-1
103,BSM,0,8,6,8,6,1,-1
78,BSM,0,8,6,8,6,1,-1
87,BSM,0,8,6,8,6,1,-1
104,BSM,0,8,6,8,6,1,-1
96,BSM,0,8,6,8,6,1,-1
69,BSM,0,8,6,8,6,1,-1
110,BSM,0,8,6,8,6,1,-1
111,BSM,0,8,6,8,6,1,-1
112,BSM,0,8,6,8,6,1,-1
105,BSM,0,8,6,8,6,1,-1
88,BSM,0,8,6,8,6,1,-1
79,BSM,0,8,6,8,6,1,-1
97,BSM,0,8,6,8,6,1,-1
113,BSM,0,8,6,8,6,1,-1
106,BSM,0,8,6,8,6,1,-1
114,BSM,0,8,6,8,6,1,-1
120,BSM,0,8,6,8,6,1,-1
98,BSM,0,8,6,8,6,1,-1
121,BSM,0,8,6,8,6,1,-1
89,BSM,0,8,6,8,6,1,-1
115,BSM,0,8,6,8,6,1,-1
122,BSM,0,8,6,8,6,1,-1
107,BSM,0,8,6,8,6,1,-1
123,BSM,0,8,6,8,6,1,-1
116,BSM,0,8,6,8,6,1,-1
124,BSM,0,8,6,8,6,1,-1
99,BSM,0,8,6,8,6,1,-1
108,BSM,0,8,6,8,6,1,-1
130,BSM,0,8,6,8,6,1,-1
125,BSM,0,8,6,8,6,1,-1
117,BSM,0,8,6,8,6,1,-1
131,BSM,0,8,6,8,6,1,-1
126,BSM,0,8,6,8,6,1,-1
109,BSM,0,8,6,8,6,1,-1
118,BSM,0,8,6,8,6,1,-1
127,BSM,0,8,6,8,6,1,-1
119,BSM,0,8,6,8,6,1,-1
128,BSM,0,8,6,8,6,1,-1
129,BSM,0,8,6,8,6,1,-1
10,BSM,0,8,6,8,6,1,-1
1,BSM,0,8,6,8,6,1,-1
11,BSM,0,8,6,8,6,1,-1
20,BSM,0,8,6,8,6,1,-1
2,BSM,0,8,6,8,6,1,-1
12,BSM,0,8,6,8,6,1,-1
21,BSM,0,8,6,8,6,1,-1
22,BSM,0,8,6,8,6,1,-1
3,BSM,0,8,6,8,6,1,-1
30,BSM,0,8,6,8,6,1,-1
13,BSM,0,8,6,8,6,1,-1
31,BSM,0,8,6,8,6,1,-1
32,BSM,0,8,6,8,6,1,-1
23,BSM,0,8,6,8,6,1,-1
40,BSM,0,8,6,8,6,1,-1
4,BSM,0,8,6,8,6,1,-1
41,BSM,0,8,6,8,6,1,-1
14,BSM,0,8,6,8,6,1,-1
33,BSM,0,8,6,8,6,1,-1
24,BSM,0,8,6,8,6,1,-1
42,BSM,0,8,6,8,6,1,-1
50,BSM,0,8,6,8,6,1,-1
34,BSM,0,8,6,8,6,1,-1
43,BSM,0,8,6,8,6,1,-1
5,BSM,0,8,6,8,6,1,-1
15,BSM,0,8,6,8,6,1,-1
51,BSM,0,8,6,8,6,1,-1
52,BSM,0,8,6,8,6,1,-1
25,BSM,0,8,6,8,6,1,-1
44,BSM,0,8,6,8,6,1,-1
53,BSM,0,8,6,8,6,1,-1
35,BSM,0,8,6,8,6,1,-1
6,BSM,0,8,6,8,6,1,-1
60,BSM,0,8,6,8,6,1,-1
16,BSM,0,8,6,8,6,1,-1
61,BSM,0,8,6,8,6,1,-1
62,BSM,0,8,6,8,6,1,-1
26,BSM,0,8,6,8,6,1,-1
54,BSM,0,8,6,8,6,1,-1
45,BSM,0,8,6,8,6,1,-1
36,BSM,0,8,6,8,6,1,-1
63,BSM,0,8,6,8,6,1,-1
70,BSM,0,8,6,8,6,1,-1
7,BSM,0,8,6,8,6,1,-1
55,BSM,0,8,6,8,6,1,-1
71,BSM,0,8,6,8,6,1,-1
17,BSM,0,8,6,8,6,1,-1
64,BSM,0,8,6,8,6,1,-1
46,BSM,0,8,6,8,6,1,-1
27,BSM,0,8,6,8,6,1,-1
72,BSM,0,8,6,8,6,1,-1
37,BSM,0,8,6,8,6,1,-1
73,BSM,0,8,6,8,6,1,-1
56,BSM,0,8,6,8,6,1,-1
65,BSM,0,8,6,8,6,1,-1
80,BSM,0,8,6,8,6,1,-1
8,BSM,0,8,6,8,6,1,-1
18,BSM,0,8,6,8,6,1,-1
74,BSM,0,8,6,8,6,1,-1
81,BSM,0,8,6,8,6,1,-1
47,BSM,0,8,6,8,6,1,-1
82,BSM,0,8,6,8,6,1,-1
28,BSM,0,8,6,8,6,1,-1
66,BSM,0,8,6,8,6,1,-1
83,BSM,0,8,6,8,6,1,-1
38,BSM,0,8,6,8,6,1,-1
57,BSM,0,8,6,8,6,1,-1
75,BSM,0,8,6,8,6,1,-1
48,BSM,0,8,6,8,6,1,-1
84,BSM,0,8,6,8,6,1,-1
9,BSM,0,8,6,8,6,1,-1
90,BSM,0,8,6,8,6,1,-1
19,BSM,0,8,6,8,6,1,-1
91,BSM,0,8,6,8,6,1,-1
92,BSM,0,8,6,8,6,1,-1
76,BSM,0,8,6,8,6,1,-1
67,BSM,0,8,6,8,6,1,-1
29,BSM,0,8,6,8,6,1,-1
58,BSM,0,8,6,8,6,1,-1
85,BSM,0,8,6,8,6,1,-1
39,BSM,0,8,6,8,6,1,-1
93,BSM,0,8,6,8,6,1,-1
94,BSM,0,8,6,8,6,1,-1
49,BSM,0,8,6,8,6,1,-1
77,BSM,0,8,6,8,6,1,-1
100,BSM,0,8,6,8,6,1,-1
86,BSM,0,8,6,8,6,1,-1
68,BSM,0,8,6,8,6,1,-1
101,BSM,0,8,6,8,6,1,-1
102,BSM,0,8,6,8,6,1,-1
95,BSM,0,8,6,8,6,1,-1
59,BSM,0,8,6,8,6,1,-1
103,BSM,0,8,6,8,6,1,-1
78,BSM,0,8,6,8,6,1,-1
87,BSM,0,8,6,8,6,1,-1
104,BSM,0,8,6,8,6,1,-1
96,BSM,0,8,6,8,6,1,-1
69,BSM,0,8,6,8,6,1,-1
110,BSM,0,8,6,8,6,1,-1
111,BSM,0,8,6,8,6,1,-1
112,BSM,0,8,6,8,6,1,-1
105,BSM,0,8,6,8,6,1,-1
88,BSM,0,8,6,8,6,1,-1
79,BSM,0,8,6,8,6,1,-1
97,BSM,0,8,6,8,6,1,-1
113,BSM,0,8,6,8,6,1,-1
106,BSM,0,8,6,8,6,1,-1
114,BSM,0,8,6,8,6,1,-1
120,BSM,0,8,6,8,6,1,-1
98,BSM,0,8,6,8,6,1,-1
121,BSM,0,8,6,8,6,1,-1
89,BSM,0,8,6,8,6,1,-1
115,BSM,0,8,6,8,6,1,-1
122,BSM,0,8,6,8,6,1,-1
107,BSM,0,8,6,8,6,1,-1
123,BSM,0,8,6,8,6,1,-1
116,BSM,0,8,6,8,6,1,-1
124,BSM,0,8,6,8,6,1,-1
99,BSM,0,8,6,8,6,1,-1
108,BSM,0,8,6,8,6,1,-1
130,BSM,0,8,6,8,6,1,-1
125,BSM,0,8,6,8,6,1,-1
117,BSM,0,8,6,8,6,1,-1
131,BSM,0,8,6,8,6,1,-1
126,BSM,0,8,6,8,6,1,-1
109,BSM,0,8,6,8,6,1,-1
118,BSM,0,8,6,8,6,1,-1
127,BSM,0,8,6,8,6,1,-1
119,BSM,0,8,6,8,6,1,-1
128,BSM,0,8,6,8,6,1,-1
129,BSM,0,8,6,8,6,1,-1
10,BSM,0,8,6,8,6,1,-1
1,BSM,0,8,6,8,6,1,-1
11,BSM,0,8,6,8,6,1,-1
20,BSM,0,8,6,8,6,1,-1
2,BSM,0,8,6,8,6,1,-1
12,BSM,0,8,6,8,6,1,-1
21,BSM,0,8,6,8,6,1,-1
22,BSM,0,8,6,8,6,1,-1
3,BSM,0,8,6,8,6,1,-1
30,BSM,0,8,6,8,6,1,-1
13,BSM,0,8,6,8,6,1,-1
31,BSM,0,8,6,8,6,1,-1
32,BSM,0,8,6,8,6,1,-1
23,BSM,0,8,6,8,6,1,-1
40,BSM,0,8,6,8,6,1,-1
4,BSM,0,8,6,8,6,1,-1
41,BSM,0,8,6,8,6,1,-1
14,BSM,0,8,6,8,6,1,-1
33,BSM,0,8,6,8,6,1,-1
24,BSM,0,8,6,8,6,1,-1
42,BSM,0,8,6,8,6,1,-1
50,BSM,0,8,6,8,6,1,-1
34,BSM,0,8,6,8,6,1,-1
43,BSM,0,8,6,8,6,1,-1
5,BSM,0,8,6,8,6,1,-1
15,BSM,0,8,6,8,6,1,-1
51,BSM,0,8,6,8,6,1,-1
52,BSM,0,8,6,8,6,1,-1
25,BSM,0,8,6,8,6,1,-1
44,BSM,0,8,6,8,6,1,-1
53,BSM,0,8,6,8,6,1,-1
35,BSM,0,8,6,8,6,1,-1
6,BSM,0,8,6,8,6,1,-1
60,BSM,0,8,6,8,6,1,-1
16,BSM,0,8,6,8,6,1,-1
61,BSM,0,8,6,8,6,1,-1
62,BSM,0,8,6,8,6,1,-1
26,BSM,0,8,6,8,6,1,-1
54,BSM,0,8,6,8,6,1,-1
45,BSM,0,8,6,8,6,1,-1
36,BSM,0,8,6,8,6,1,-1
63,BSM,0,8,6,8,6,1,-1
70,BSM,0,8,6,8,6,1,-1
7,BSM,0,8,6,8,6,1,-1
55,BSM,0,8,6,8,6,1,-1
71,BSM,0,8,6,8,6,1,-1
17,BSM,0,8,6,8,6,1,-1
64,BSM,0,8,6,8,6,1,-1
46,BSM,0,8,6,8,6,1,-1
27,BSM,0,8,6,8,6,1,-1
72,BSM,0,8,6,8,6,1,-1
37,BSM,0,8,6,8,6,1,-1
73,BSM,0,8,6,8,6,1,-1
56,BSM,0,8,6,8,6,1,-1
65,BSM,0,8,6,8,6,1,-1
80,BSM,0,8,6,8,6,1,-1
8,BSM,0,8,6,8,6,1,-1
18,BSM,0,8,6,8,6,1,-1
74,BSM,0,8,6,8,6,1,-1
81,BSM,0,8,6,8,6,1,-1
47,BSM,0,8,6,8,6,1,-1
82,BSM,0,8,6,8,6,1,-1
28,BSM,0,8,6,8,6,1,-1
66,BSM,0,8,6,8,6,1,-1
83,BSM,0,8,6,8,6,1,-1
38,BSM,0,8,6,8,6,1,-1
57,BSM,0,8,6,8,6,1,-1
75,BSM,0,8,6,8,6,1,-1
48,BSM,0,8,6,8,6,1,-1
84,BSM,0,8,6,8,6,1,-1
9,BSM,0,8,6,8,6,1,-1
90,BSM,0,8,6,8,6,1,-1
19,BSM,0,8,6,8,6,1,-1
91,BSM,0,8,6,8,6,1,-1
92,BSM,0,8,6,8,6,1,-1
76,BSM,0,8,6,8,6,1,-1
67,BSM,0,8,6,8,6,1,-1
29,BSM,0,8,6,8,6,1,-1
58,BSM,0,8,6,8,6,1,-1
85,BSM,0,8,6,8,6,1,-1
39,BSM,0,8,6,8,6,1,-1
93,BSM,0,8,6,8,6,1,-1
94,BSM,0,8,6,8,6,1,-1
49,BSM,0,8,6,8,6,1,-1
77,BSM,0,8,6,8,6,1,-1
100,BSM,0,8,6,8,6,1,-1
86,BSM,0,8,6,8,6,1,-1
68,BSM,0,8,6,8,6,1,-1
101,BSM,0,8,6,8,6,1,-1
102,BSM,0,8,6,8,6,1,-1
95,BSM,0,8,6,8,6,1,-1
59,BSM,0,8,6,8,6,1,-1
103,BSM,0,8,6,8,6,1,-1
78,BSM,0,8,6,8,6,1,-1
87,BSM,0,8,6,8,6,1,-1
104,BSM,0,8,6,8,6,1,-1
96,BSM,0,8,6,8,6,1,-1
69,BSM,0,8,6,8,6,1,-1
110,BSM,0,8,6,8,6,1,-1
111,BSM,0,8,6,8,6,1,-1
112,BSM,0,8,6,8,6,1,-1
105,BSM,0,8,6,8,6,1,-1
88,BSM,0,8,6,8,6,1,-1
79,BSM,0,8,6,8,6,1,-1
97,BSM,0,8,6,8,6,1,-1
113,BSM,0,8,6,8,6,1,-1
106,BSM,0,8,6,8,6,1,-1
114,BSM,0,8,6,8,6,1,-1
120,BSM,0,8,6,8,6,1,-1
98,BSM,0,8,6,8,6,1,-1
121,BSM,0,8,6,8,6,1,-1
89,BSM,0,8,6,8,6,1,-1
115,BSM,0,8,6,8,6,1,-1
122,BSM,0,8,6,8,6,1,-1
107,BSM,0,8,6,8,6,1,-1
123,BSM,0,8,6,8,6,1,-1
116,BSM,0,8,6,8,6,1,-1
124,BSM,0,8,6,8,6,1,-1
99,BSM,0,8,6,8,6,1,-1
108,BSM,0,8,6,8,6,1,-1
130,BSM,0,8,6,8,6,1,-1
125,BSM,0,8,6,8,6,1,-1
117,BSM,0,8,6,8,6,1,-1
131,BSM,0,8,6,8,6,1,-1
126,BSM,0,8,6,8,6,1,-1
109,BSM,0,8,6,8,6,1,-1
118,BSM,0,8,6,8,6,1,-1
127,BSM,0,8,6,8,6,1,-1
119,BSM,0,8,6,8,6,1,-1
128,BSM,0,8,6,8,6,1,-1
129,BSM,0,8,6,8,6,1,-1
10,BSM,0,8,6,8,6,1,-1
1,BSM,0,8,6,8,6,1,-1
11,BSM,0,8,6,8,6,1,-1
20,BSM,0,8,6,8,6,1,-1
2,BSM,0,8,6,8,6,1,-1
12,BSM,0,8,6,8,6,1,-1
21,BSM,0,8,6,8,6,1,-1
22,BSM,0,8,6,8,6,1,-1
3,BSM,0,8,6,8,6,1,-1
30,BSM,0,8,6,8,6,1,-1
13,BSM,0,8,6,8,6,1,-1
31,BSM,0,8,6,8,6,1,-1
32,BSM,0,8,6,8,6,1,-1
23,BSM,0,8,6,8,6,1,-1
40,BSM,0,8,6,8,6,1,-1
4,BSM,0,8,6,8,6,1,-1
41,BSM,0,8,6,8,6,1,-1
14,BSM,0,8,6,8,6,1,-1
33,BSM,0,8,6,8,6,1,-1
24,BSM,0,8,6,8,6,1,-1
42,BSM,0,8,6,8,6,1,-1
50,BSM,0,8,6,8,6,1,-1
34,BSM,0,8,6,8,6,1,-1
43,BSM,0,8,6,8,6,1,-1
5,BSM,0,8,6,8,6,1,-1
15,BSM,0,8,6,8,6,1,-1
51,BSM,0,8,6,8,6,1,-1
52,BSM,0,8,6,8,6,1,-1
25,BSM,0,8,6,8,6,1,-1
44,BSM,0,8,6,8,6,1,-1
53,BSM,0,8,6,8,6,1,-1
35,BSM,0,8,6,8,6,1,-1
6,BSM,0,8,6,8,6,1,-1
60,BSM,0,8,6,8,6,1,-1
16,BSM,0,8,6,8,6,1,-1
61,BSM,0,8,6,8,6,1,-1
62,BSM,0,8,6,8,6,1,-1
26,BSM,0,8,6,8,6,1,-1
54,BSM,0,8,6,8,6,1,-1
45,BSM,0,8,6,8,6,1,-1
36,BSM,0,8,6,8,6,1,-1
63,BSM,0,8,6,8,6,1,-1
70,BSM,0,8,6,8,6,1,-1
7,BSM,0,8,6,8,6,1,-1
55,BSM,0,8,6,8,6,1,-1
71,BSM,0,8,6,8,6,1,-1
17,BSM,0,8,6,8,6,1,-1
64,BSM,0,8,6,8,6,1,-1
46,BSM,0,8,6,8,6,1,-1
27,BSM,0,8,6,8,6,1,-1
72,BSM,0,8,6,8,6,1,-1
37,BSM,0,8,6,8,6,1,-1
73,BSM,0,8,6,8,6,1,-1
56,BSM,0,8,6,8,6,1,-1
65,BSM,0,8,6,8,6,1,-1
80,BSM,0,8,6,8,6,1,-1
8,BSM,0,8,6,8,6,1,-1
18,BSM,0,8,6,8,6,1,-1
74,BSM,0,8,6,8,6,1,-1
81,BSM,0,8,6,8,6,1,-1
47,BSM,0,8,6,8,6,1,-1
82,BSM,0,8,6,8,6,1,-1
28,BSM,0,8,6,8,6,1,-1
66,BSM,0,8,6,8,6,1,-1
83,BSM,0,8,6,8,6,1,-1
38,BSM,0,8,6,8,6,1,-1
57,BSM,0,8,6,8,6,1,-1
75,BSM,0,8,6,8,6,1,-1
48,BSM,0,8,6,8,6,1,-1
84,BSM,0,8,6,8,6,1,-1
9,BSM,0,8,6,8,6,1,-1
90,BSM,0,8,6,8,6,1,-1
19,BSM,0,8,6,8,6,1,-1
91,BSM,0,8,6,8,6,1,-1
92,BSM,0,8,6,8,6,1,-1
76,BSM,0,8,6,8,6,1,-1
67,BSM,0,8,6,8,6,1,-1
29,BSM,0,8,6,8,6,1,-1
58,BSM,0,8,6,8,6,1,-1
85,BSM,0,8,6,8,6,1,-1
39,BSM,0,8,6,8,6,1,-1
93,BSM,0,8,6,8,6,1,-1
94,BSM,0,8,6,8,6,1,-1
49,BSM,0,8,6,8,6,1,-1
77,BSM,0,8,6,8,6,1,-1
100,BSM,0,8,6,8,6,1,-1
86,BSM,0,8,6,8,6,1,-1
68,BSM,0,8,6,8,6,1,-1
101,BSM,0,8,6,8,6,1,-1
102,BSM,0,8,6,8,6,1,-1
95,BSM,0,8,6,8,6,1,-1
59,BSM,0,8,6,8,6,1,-1
103,BSM,0,8,6,8,6,1,-1
78,BSM,0,8,6,8,6,1,-1
87,BSM,0,8,6,8,6,1,-1
104,BSM,0,8,6,8,6,1,-1
96,BSM,0,8,6,8,6,1,-1
69,BSM,0,8,6,8,6,1,-1
110,BSM,0,8,6,8,6,1,-1
111,BSM,0,8,6,8,6,1,-1
112,BSM,0,8,6,8,6,1,-1
105,BSM,0,8,6,8,6,1,-1
88,BSM,0,8,6,8,6,1,-1
79,BSM,0,8,6,8,6,1,-1
97,BSM,0,8,6,8,6,1,-1
113,BSM,0,8,6,8,6,1,-1
106,BSM,0,8,6,8,6,1,-1
114,BSM,0,8,6,8,6,1,-1
120,BSM,0,8,6,8,6,1,-1
98,BSM,0,8,6,8,6,1,-1
121,BSM,0,8,6,8,6,1,-1
89,BSM,0,8,6,8,6,1,-1
115,BSM,0,8,6,8,6,1,-1
122,BSM,0,8,6,8,6,1,-1
107,BSM,0,8,6,8,6,1,-1
123,BSM,0,8,6,8,6,1,-1
116,BSM,0,8,6,8,6,1,-1
124,BSM,0,8,6,8,6,1,-1
99,BSM,0,8,6,8,6,1,-1
108,BSM,0,8,6,8,6,1,-1
130,BSM,0,8,6,8,6,1,-1
125,BSM,0,8,6,8,6,1,-1
117,BSM,0,8,6,8,6,1,-1
131,BSM,0,8,6,8,6,1,-1
126,BSM,0,8,6,8,6,1,-1
109,BSM,0,8,6,8,6,1,-1
118,BSM,0,8,6,8,6,1,-1
127,BSM,0,8,6,8,6,1,-1
119,BSM,0,8,6,8,6,1,-1
128,BSM,0,8,6,8,6,1,-1
129,BSM,0,8,6,8,6,1,-1
10,BSM,0,8,6,8,6,1,-1
1,BSM,0,8,6,8,6,1,-1
11,BSM,0,8,6,8,6,1,-1
20,BSM,0,8,6,8,6,1,-1
2,BSM,0,8,6,8,6,1,-1
12,BSM,0,8,6,8,6,1,-1
21,BSM,0,8,6,8,6,1,-1
22,BSM,0,8,6,8,6,1,-1
3,BSM,0,8,6,8,6,1,-1
30,BSM,0,8,6,8,6,1,-1
13,BSM,0,8,6,8,6,1,-1
31,BSM,0,8,6,8,6,1,-1
32,BSM,0,8,6,8,6,1,-1
23,BSM,0,8,6,8,6,1,-1
40,BSM,0,8,6,8,6,1,-1
4,BSM,0,8,6,8,6,1,-1
41,BSM,0,8,6,8,6,1,-1
14,BSM,0,8,6,8,6,1,-1
33,BSM,0,8,6,8,6,1,-1
24,BSM,0,8,6,8,6,1,-1
42,BSM,0,8,6,8,6,1,-1
50,BSM,0,8,6,8,6,1,-1
34,BSM,0,8,6,8,6,1,-1
43,BSM,0,8,6,8,6,1,-1
5,BSM,0,8,6,8,6,1,-1
15,BSM,0,8,6,8,6,1,-1
51,BSM,0,8,6,8,6,1,-1
52,BSM,0,8,6,8,6,1,-1
25,BSM,0,8,6,8,6,1,-1
44,BSM,0,8,6,8,6,1,-1
53,BSM,0,8,6,8,6,1,-1
35,BSM,0,8,6,8,6,1,-1
6,BSM,0,8,6,8,6,1,-1
60,BSM,0,8,6,8,6,1,-1
16,BSM,0,8,6,8,6,1,-1
61,BSM,0,8,6,8,6,1,-1
62,BSM,0,8,6,8,6,1,-1
26,BSM,0,8,6,8,6,1,-1
54,BSM,0,8,6,8,6,1,-1
45,BSM,0,8,6,8,6,1,-1
36,BSM,0,8,6,8,6,1,-1
63,BSM,0,8,6,8,6,1,-1
70,BSM,0,8,6,8,6,1,-1
7,BSM,0,8,6,8,6,1,-1
55,BSM,0,8,6,8,6,1,-1
71,BSM,0,8,6,8,6,1,-1
17,BSM,0,8,6,8,6,1,-1
64,BSM,0,8,6,8,6,1,-1
46,BSM,0,8,6,8,6,1,-1
27,BSM,0,8,6,8,6,1,-1
72,BSM,0,8,6,8,6,1,-1
37,BSM,0,8,6,8,6,1,-1
73,BSM,0,8,6,8,6,1,-1
56,BSM,0,8,6,8,6,1,-1
65,BSM,0,8,6,8,6,1,-1
80,BSM,0,8,6,8,6,1,-1
8,BSM,0,8,6,8,6,1,-1
18,BSM,0,8,6,8,6,1,-1
74,BSM,0,8,6,8,6,1,-1
81,BSM,0,8,6,8,6,1,-1
47,BSM,0,8,6,8,6,1,-1
82,BSM,0,8,6,8,6,1,-1
28,BSM,0,8,6,8,6,1,-1
66,BSM,0,8,6,8,6,1,-1
83,BSM,0,8,6,8,6,1,-1
38,BSM,0,8,6,8,6,1,-1
57,BSM,0,8,6,8,6,1,-1
75,BSM,0,8,6,8,6,1,-1
48,BSM,0,8,6,8,6,1,-1
84,BSM,0,8,6,8,6,1,-1
9,BSM,0,8,6,8,6,1,-1
90,BSM,0,8,6,8,6,1,-1
19,BSM,0,8,6,8,6,1,-1
91,BSM,0,8,6,8,6,1,-1
92,BSM,0,8,6,8,6,1,-1
76,BSM,0,8,6,8,6,1,-1
67,BSM,0,8,6,8,6,1,-1
29,BSM,0,8,6,8,6,1,-1
58,BSM,0,8,6,8,6,1,-1
85,BSM,0,8,6,8,6,1,-1
39,BSM,0,8,6,8,6,1,-1
93,BSM,0,8,6,8,6,1,-1
94,BSM,0,8,6,8,6,1,-1
49,BSM,0,8,6,8,6,1,-1
77,BSM,0,8,6,8,6,1,-1
100,BSM,0,8,6,8,6,1,-1
86,BSM,0,8,6,8,6,1,-1
68,BSM,0,8,6,8,6,1,-1
101,BSM,0,8,6,8,6,1,-1
102,BSM,0,8,6,8,6,1,-1
95,BSM,0,8,6,8,6,1,-1
59,BSM,0,8,6,8,6,1,-1
103,BSM,0,8,6,8,6,1,-1
78,BSM,0,8,6,8,6,1,-1
87,BSM,0,8,6,8,6,1,-1
104,BSM,0,8,6,8,6,1,-1
96,BSM,0,8,6,8,6,1,-1
69,BSM,0,8,6,8,6,1,-1
110,BSM,0,8,6,8,6,1,-1
111,BSM,0,8,6,8,6,1,-1
112,BSM,0,8,6,8,6,1,-1
105,BSM,0,8,6,8,6,1,-1
88,BSM,0,8,6,8,6,1,-1
79,BSM,0,8,6,8,6,1,-1
97,BSM,0,8,6,8,6,1,-1
113,BSM,0,8,6,8,6,1,-1
106,BSM,0,8,6,8,6,1,-1
114,BSM,0,8,6,8,6,1,-1
120,BSM,0,8,6,8,6,1,-1
98,BSM,0,8,6,8,6,1,-1
121,BSM,0,8,6,8,6,1,-1
89,BSM,0,8,6,8,6,1,-1
115,BSM,0,8,6,8,6,1,-1
122,BSM,0,8,6,8,6,1,-1
107,BSM,0,8,6,8,6,1,-1
123,BSM,0,8,6,8,6,1,-1
116,BSM,0,8,6,8,6,1,-1
124,BSM,0,8,6,8,6,1,-1
99,BSM,0,8,6,8,6,1,-1
108,BSM,0,8,6,8,6,1,-1
130,BSM,0,8,6,8,6,1,-1
125,BSM,0,8,6,8,6,1,-1
117,BSM,0,8,6,8,6,1,-1
131,BSM,0,8,6,8,6,1,-1
126,BSM,0,8,6,8,6,1,-1
109,BSM,0,8,6,8,6,1,-1
118,BSM,0,8,6,8,6,1,-1
127,BSM,0,8,6,8,6,1,-1
119,BSM,0,8,6,8,6,1,-1
128,BSM,0,8,6,8,6,1,-1
129,BSM,0,8,6,8,6,1,-1
10,BSM,0,8.8,6.6,8,6,1.1,-1
1,BSM,0,8.8,6.6,8,6,1.1,-1
11,BSM,0,8.8,6.6,8,6,1.1,-1
20,BSM,0,8.8,6.6,8,6,1.1,-1
2,BSM,0,8.8,6.6,8,6,1.1,-1
12,BSM,0,8.8,6.6,8,6,1.1,-1
21,BSM,0,8.8,6.6,8,6,1.1,-1
22,BSM,0,8.8,6.6,8,6,1.1,-1
3,BSM,0,8.8,6.6,8,6,1.1,-1
30,BSM,0,8.8,6.6,8,6,1.1,-1
13,BSM,0,8.8,6.6,8,6,1.1,-1
31,BSM,0,8.8,6.6,8,6,1.1,-1
32,BSM,0,8.8,6.6,8,6,1.1,-1
23,BSM,0,8.8,6.6,8,6,1.1,-1
40,BSM,0,8.8,6.6,8,6,1.1,-1
4,BSM,0,8.8,6.6,8,6,1.1,-1
41,BSM,0,8.8,6.6,8,6,1.1,-1
14,BSM,0,8.8,6.6,8,6,1.1,-1
33,BSM,0,8.8,6.6,8,6,1.1,-1
24,BSM,0,8.8,6.6,8,6,1.1,-1
42,BSM,0,8.8,6.6,8,6,1.1,-1
50,BSM,0,8.8,6.6,8,6,1.1,-1
34,BSM,0,8.8,6.6,8,6,1.1,-1
43,BSM,0,8.8,6.6,8,6,1.1,-1
5,BSM,0,8.8,6.6,8,6,1.1,-1
15,BSM,0,8.8,6.6,8,6,1.1,-1
51,BSM,0,8.8,6.6,8,6,1.1,-1
52,BSM,0,8.8,6.6,8,6,1.1,-1
25,BSM,0,8.8,6.6,8,6,1.1,-1
44,BSM,0,8.8,6.6,8,6,1.1,-1
53,BSM,0,8.8,6.6,8,6,1.1,-1
35,BSM,0,8.8,6.6,8,6,1.1,-1
6,BSM,0,8.8,6.6,8,6,1.1,-1
60,BSM,0,8.8,6.6,8,6,1.1,-1
16,BSM,0,8.8,6.6,8,6,1.1,-1
61,BSM,0,8.8,6.6,8,6,1.1,-1
62,BSM,0,8.8,6.6,8,6,1.1,-1
26,BSM,0,8.8,6.6,8,6,1.1,-1
54,BSM,0,8.8,6.6,8,6,1.1,-1
45,BSM,0,8.8,6.6,8,6,1.1,-1
36,BSM,0,8.8,6.6,8,6,1.1,-1
63,BSM,0,8.8,6.6,8,6,1.1,-1
70,BSM,0,8.8,6.6,8,6,1.1,-1
7,BSM,0,8.8,6.6,8,6,1.1,-1
71,BSM,0,8.8,6.6,8,6,1.1,-1
55,BSM,0,8.8,6.6,8,6,1.1,-1
17,BSM,0,8.8,6.6,8,6,1.1,-1
64,BSM,0,8.8,6.6,8,6,1.1,-1
46,BSM,0,8.8,6.6,8,6,1.1,-1
72,BSM,0,8.8,6.6,8,6,1.1,-1
27,BSM,0,8.8,6.6,8,6,1.1,-1
37,BSM,0,8.8,6.6,8,6,1.1,-1
73,BSM,0,8.8,6.6,8,6,1.1,-1
56,BSM,0,8.8,6.6,8,6,1.1,-1
65,BSM,0,8.8,6.6,8,6,1.1,-1
80,BSM,0,8.8,6.6,8,6,1.1,-1
18,BSM,0,8.8,6.6,8,6,1.1,-1
8,BSM,0,8.8,6.6,8,6,1.1,-1
74,BSM,0,8.8,6.6,8,6,1.1,-1
81,BSM,0,8.8,6.6,8,6,1.1,-1
47,BSM,0,8.8,6.6,8,6,1.1,-1
82,BSM,0,8.8,6.6,8,6,1.1,-1
28,BSM,0,8.8,6.6,8,6,1.1,-1
66,BSM,0,8.8,6.6,8,6,1.1,-1
83,BSM,0,8.8,6.6,8,6,1.1,-1
38,BSM,0,8.8,6.6,8,6,1.1,-1
57,BSM,0,8.8,6.6,8,6,1.1,-1
75,BSM,0,8.8,6.6,8,6,1.1,-1
48,BSM,0,8.8,6.6,8,6,1.1,-1
84,BSM,0,8.8,6.6,8,6,1.1,-1
9,BSM,0,8.8,6.6,8,6,1.1,-1
90,BSM,0,8.8,6.6,8,6,1.1,-1
19,BSM,0,8.8,6.6,8,6,1.1,-1
91,BSM,0,8.8,6.6,8,6,1.1,-1
92,BSM,0,8.8,6.6,8,6,1.1,-1
76,BSM,0,8.8,6.6,8,6,1.1,-1
67,BSM,0,8.8,6.6,8,6,1.1,-1
29,BSM,0,8.8,6.6,8,6,1.1,-1
58,BSM,0,8.8,6.6,8,6,1.1,-1
85,BSM,0,8.8,6.6,8,6,1.1,-1
39,BSM,0,8.8,6.6,8,6,1.1,-1
93,BSM,0,8.8,6.6,8,6,1.1,-1
94,BSM,0,8.8,6.6,8,6,1.1,-1
49,BSM,0,8.8,6.6,8,6,1.1,-1
77,BSM,0,8.8,6.6,8,6,1.1,-1
100,BSM,0,8.8,6.6,8,6,1.1,-1
86,BSM,0,8.8,6.6,8,6,1.1,-1
68,BSM,0,8.8,6.6,8,6,1.1,-1
101,BSM,0,8.8,6.6,8,6,1.1,-1
102,BSM,0,8.8,6.6,8,6,1.1,-1
95,BSM,0,8.8,6.6,8,6,1.1,-1
59,BSM,0,8.8,6.6,8,6,1.1,-1
103,BSM,0,8.8,6.6,8,6,1.1,-1
78,BSM,0,8.8,6.6,8,6,1.1,-1
87,BSM,0,8.8,6.6,8,6,1.1,-1
104,BSM,0,8.8,6.6,8,6,1.1,-1
96,BSM,0,8.8,6.6,8,6,1.1,-1
69,BSM,0,8.8,6.6,8,6,1.1,-1
110,BSM,0,8.8,6.6,8,6,1.1,-1
111,BSM,0,8.8,6.6,8,6,1.1,-1
112,BSM,0,8.8,6.6,8,6,1.1,-1
105,BSM,0,8.8,6.6,8,6,1.1,-1
88,BSM,0,8.8,6.6,8,6,1.1,-1
79,BSM,0,8.8,6.6,8,6,1.1,-1
97,BSM,0,8.8,6.6,8,6,1.1,-1
113,BSM,0,8.8,6.6,8,6,1.1,-1
106,BSM,0,8.8,6.6,8,6,1.1,-1
114,BSM,0,8.8,6.6,8,6,1.1,-1
120,BSM,0,8.8,6.6,8,6,1.1,-1
121,BSM,0,8.8,6.6,8,6,1.1,-1
98,BSM,0,8.8,6.6,8,6,1.1,-1
89,BSM,0,8.8,6.6,8,6,1.1,-1
115,BSM,0,8.8,6.6,8,6,1.1,-1
122,BSM,0,8.8,6.6,8,6,1.1,-1
107,BSM,0,8.8,6.6,8,6,1.1,-1
123,BSM,0,8.8,6.6,8,6,1.1,-1
116,BSM,0,8.8,6.6,8,6,1.1,-1
124,BSM,0,8.8,6.6,8,6,1.1,-1
99,BSM,0,8.8,6.6,8,6,1.1,-1
108,BSM,0,8.8,6.6,8,6,1.1,-1
130,BSM,0,8.8,6.6,8,6,1.1,-1
125,BSM,0,8.8,6.6,8,6,1.1,-1
117,BSM,0,8.8,6.6,8,6,1.1,-1
131,BSM,0,8.8,6.6,8,6,1.1,-1
126,BSM,0,8.8,6.6,8,6,1.1,-1
109,BSM,0,8.8,6.6,8,6,1.1,-1
118,BSM,0,8.8,6.6,8,6,1.1,-1
127,BSM,0,8.8,6.6,8,6,1.1,-1
119,BSM,0,8.8,6.6,8,6,1.1,-1
128,BSM,0,8.8,6.6,8,6,1.1,-1
129,BSM,0,8.8,6.6,8,6,1.1,-1
10,BSM,0,8.8,6.6,8,6,1.1,-1
1,BSM,0,8.8,6.6,8,6,1.1,-1
11,BSM,0,8.8,6.6,8,6,1.1,-1
20,BSM,0,8.8,6.6,8,6,1.1,-1
2,BSM,0,8.8,6.6,8,6,1.1,-1
12,BSM,0,8.8,6.6,8,6,1.1,-1
21,BSM,0,8.8,6.6,8,6,1.1,-1
22,BSM,0,8.8,6.6,8,6,1.1,-1
3,BSM,0,8.8,6.6,8,6,1.1,-1
30,BSM,0,8.8,6.6,8,6,1.1,-1
13,BSM,0,8.8,6.6,8,6,1.1,-1
31,BSM,0,8.8,6.6,8,6,1.1,-1
32,BSM,0,8.8,6.6,8,6,1.1,-1
23,BSM,0,8.8,6.6,8,6,1.1,-1
40,BSM,0,8.8,6.6,8,6,1.1,-1
4,BSM,0,8.8,6.6,8,6,1.1,-1
41,BSM,0,8.8,6.6,8,6,1.1,-1
14,BSM,0,8.8,6.6,8,6,1.1,-1
33,BSM,0,8.8,6.6,8,6,1.1,-1
24,BSM,0,8.8,6.6,8,6,1.1,-1
42,BSM,0,8.8,6.6,8,6,1.1,-1
50,BSM,0,8.8,6.6,8,6,1.1,-1
34,BSM,0,8.8,6.6,8,6,1.1,-1
43,BSM,0,8.8,6.6,8,6,1.1,-1
5,BSM,0,8.8,6.6,8,6,1.1,-1
15,BSM,0,8.8,6.6,8,6,1.1,-1
51,BSM,0,8.8,6.6,8,6,1.1,-1
52,BSM,0,8.8,6.6,8,6,1.1,-1
25,BSM,0,8.8,6.6,8,6,1.1,-1
44,BSM,0,8.8,6.6,8,6,1.1,-1
53,BSM,0,8.8,6.6,8,6,1.1,-1
35,BSM,0,8.8,6.6,8,6,1.1,-1
6,BSM,0,8.8,6.6,8,6,1.1,-1
60,BSM,0,8.8,6.6,8,6,1.1,-1
16,BSM,0,8.8,6.6,8,6,1.1,-1
61,BSM,0,8.8,6.6,8,6,1.1,-1
62,BSM,0,8.8,6.6,8,6,1.1,-1
26,BSM,0,8.8,6.6,8,6,1.1,-1
54,BSM,0,8.8,6.6,8,6,1.1,-1
45,BSM,0,8.8,6.6,8,6,1.1,-1
36,BSM,0,8.8,6.6,8,6,1.1,-1
63,BSM,0,8.8,6.6,8,6,1.1,-1
70,BSM,0,8.8,6.6,8,6,1.1,-1
7,BSM,0,8.8,6.6,8,6,1.1,-1
71,BSM,0,8.8,6.6,8,6,1.1,-1
55,BSM,0,8.8,6.6,8,6,1.1,-1
17,BSM,0,8.8,6.6,8,6,1.1,-1
64,BSM,0,8.8,6.6,8,6,1.1,-1
46,BSM,0,8.8,6.6,8,6,1.1,-1
72,BSM,0,8.8,6.6,8,6,1.1,-1
27,BSM,0,8.8,6.6,8,6,1.1,-1
37,BSM,0,8.8,6.6,8,6,1.1,-1
73,BSM,0,8.8,6.6,8,6,1.1,-1
56,BSM,0,8.8,6.6,8,6,1.1,-1
65,BSM,0,8.8,6.6,8,6,1.1,-1
80,BSM,0,8.8,6.6,8,6,1.1,-1
18,BSM,0,8.8,6.6,8,6,1.1,-1
8,BSM,0,8.8,6.6,8,6,1.1,-1
74,BSM,0,8.8,6.6,8,6,1.1,-1
81,BSM,0,8.8,6.6,8,6,1.1,-1
47,BSM,0,8.8,6.6,8,6,1.1,-1
82,BSM,0,8.8,6.6,8,6,1.1,-1
28,BSM,0,8.8,6.6,8,6,1.1,-1
66,BSM,0,8.8,6.6,8,6,1.1,-1
83,BSM,0,8.8,6.6,8,6,1.1,-1
38,BSM,0,8.8,6.6,8,6,1.1,-1
57,BSM,0,8.8,6.6,8,6,1.1,-1
75,BSM,0,8.8,6.6,8,6,1.1,-1
48,BSM,0,8.8,6.6,8,6,1.1,-1
84,BSM,0,8.8,6.6,8,6,1.1,-1
9,BSM,0,8.8,6.6,8,6,1.1,-1
90,BSM,0,8.8,6.6,8,6,1.1,-1
19,BSM,0,8.8,6.6,8,6,1.1,-1
91,BSM,0,8.8,6.6,8,6,1.1,-1
92,BSM,0,8.8,6.6,8,6,1.1,-1
76,BSM,0,8.8,6.6,8,6,1.1,-1
67,BSM,0,8.8,6.6,8,6,1.1,-1
29,BSM,0,8.8,6.6,8,6,1.1,-1
58,BSM,0,8.8,6.6,8,6,1.1,-1
85,BSM,0,8.8,6.6,8,6,1.1,-1
39,BSM,0,8.8,6.6,8,6,1.1,-1
93,BSM,0,8.8,6.6,8,6,1.1,-1
94,BSM,0,8.8,6.6,8,6,1.1,-1
49,BSM,0,8.8,6.6,8,6,1.1,-1
77,BSM,0,8.8,6.6,8,6,1.1,-1
100,BSM,0,8.8,6.6,8,6,1.1,-1
86,BSM,0,8.8,6.6,8,6,1.1,-1
68,BSM,0,8.8,6.6,8,6,1.1,-1
101,BSM,0,8.8,6.6,8,6,1.1,-1
102,BSM,0,8.8,6.6,8,6,1.1,-1
95,BSM,0,8.8,6.6,8,6,1.1,-1
59,BSM,0,8.8,6.6,8,6,1.1,-1
103,BSM,0,8.8,6.6,8,6,1.1,-1
78,BSM,0,8.8,6.6,8,6,1.1,-1
87,BSM,0,8.8,6.6,8,6,1.1,-1
104,BSM,0,8.8,6.6,8,6,1.1,-1
96,BSM,0,8.8,6.6,8,6,1.1,-1
69,BSM,0,8.8,6.6,8,6,1.1,-1
110,BSM,0,8.8,6.6,8,6,1.1,-1
111,BSM,0,8.8,6.6,8,6,1.1,-1
112,BSM,0,8.8,6.6,8,6,1.1,-1
105,BSM,0,8.8,6.6,8,6,1.1,-1
88,BSM,0,8.8,6.6,8,6,1.1,-1
79,BSM,0,8.8,6.6,8,6,1.1,-1
97,BSM,0,8.8,6.6,8,6,1.1,-1
113,BSM,0,8.8,6.6,8,6,1.1,-1
106,BSM,0,8.8,6.6,8,6,1.1,-1
114,BSM,0,8.8,6.6,8,6,1.1,-1
120,BSM,0,8.8,6.6,8,6,1.1,-1
121,BSM,0,8.8,6.6,8,6,1.1,-1
98,BSM,0,8.8,6.6,8,6,1.1,-1
89,BSM,0,8.8,6.6,8,6,1.1,-1
115,BSM,0,8.8,6.6,8,6,1.1,-1
122,BSM,0,8.8,6.6,8,6,1.1,-1
107,BSM,0,8.8,6.6,8,6,1.1,-1
123,BSM,0,8.8,6.6,8,6,1.1,-1
116,BSM,0,8.8,6.6,8,6,1.1,-1
124,BSM,0,8.8,6.6,8,6,1.1,-1
99,BSM,0,8.8,6.6,8,6,1.1,-1
108,BSM,0,8.8,6.6,8,6,1.1,-1
130,BSM,0,8.8,6.6,8,6,1.1,-1
125,BSM,0,8.8,6.6,8,6,1.1,-1
117,BSM,0,8.8,6.6,8,6,1.1,-1
131,BSM,0,8.8,6.6,8,6,1.1,-1
126,BSM,0,8.8,6.6,8,6,1.1,-1
109,BSM,0,8.8,6.6,8,6,1.1,-1
118,BSM,0,8.8,6.6,8,6,1.1,-1
127,BSM,0,8.8,6.6,8,6,1.1,-1
119,BSM,0,8.8,6.6,8,6,1.1,-1
128,BSM,0,8.8,6.6,8,6,1.1,-1
129,BSM,0,8.8,6.6,8,6,1.1,-1
10,BSM,0,8.8,6.6,8,6,1.1,-1
1,BSM,0,8.8,6.6,8,6,1.1,-1
11,BSM,0,8.8,6.6,8,6,1.1,-1
20,BSM,0,8.8,6.6,8,6,1.1,-1
2,BSM,0,8.8,6.6,8,6,1.1,-1
12,BSM,0,8.8,6.6,8,6,1.1,-1
21,BSM,0,8.8,6.6,8,6,1.1,-1
22,BSM,0,8.8,6.6,8,6,1.1,-1
3,BSM,0,8.8,6.6,8,6,1.1,-1
30,BSM,0,8.8,6.6,8,6,1.1,-1
13,BSM,0,8.8,6.6,8,6,1.1,-1
31,BSM,0,8.8,6.6,8,6,1.1,-1
32,BSM,0,8.8,6.6,8,6,1.1,-1
23,BSM,0,8.8,6.6,8,6,1.1,-1
40,BSM,0,8.8,6.6,8,6,1.1,-1
4,BSM,0,8.8,6.6,8,6,1.1,-1
41,BSM,0,8.8,6.6,8,6,1.1,-1
14,BSM,0,8.8,6.6,8,6,1.1,-1
33,BSM,0,8.8,6.6,8,6,1.1,-1
24,BSM,0,8.8,6.6,8,6,1.1,-1
42,BSM,0,8.8,6.6,8,6,1.1,-1
50,BSM,0,8.8,6.6,8,6,1.1,-1
34,BSM,0,8.8,6.6,8,6,1.1,-1
43,BSM,0,8.8,6.6,8,6,1.1,-1
5,BSM,0,8.8,6.6,8,6,1.1,-1
15,BSM,0,8.8,6.6,8,6,1.1,-1
51,BSM,0,8.8,6.6,8,6,1.1,-1
52,BSM,0,8.8,6.6,8,6,1.1,-1
25,BSM,0,8.8,6.6,8,6,1.1,-1
44,BSM,0,8.8,6.6,8,6,1.1,-1
53,BSM,0,8.8,6.6,8,6,1.1,-1
35,BSM,0,8.8,6.6,8,6,1.1,-1
6,BSM,0,8.8,6.6,8,6,1.1,-1
60,BSM,0,8.8,6.6,8,6,1.1,-1
16,BSM,0,8.8,6.6,8,6,1.1,-1
61,BSM,0,8.8,6.6,8,6,1.1,-1
62,BSM,0,8.8,6.6,8,6,1.1,-1
26,BSM,0,8.8,6.6,8,6,1.1,-1
54,BSM,0,8.8,6.6,8,6,1.1,-1
45,BSM,0,8.8,6.6,8,6,1.1,-1
36,BSM,0,8.8,6.6,8,6,1.1,-1
63,BSM,0,8.8,6.6,8,6,1.1,-1
70,BSM,0,8.8,6.6,8,6,1.1,-1
7,BSM,0,8.8,6.6,8,6,1.1,-1
71,BSM,0,8.8,6.6,8,6,1.1,-1
55,BSM,0,8.8,6.6,8,6,1.1,-1
17,BSM,0,8.8,6.6,8,6,1.1,-1
64,BSM,0,8.8,6.6,8,6,1.1,-1
46,BSM,0,8.8,6.6,8,6,1.1,-1
72,BSM,0,8.8,6.6,8,6,1.1,-1
27,BSM,0,8.8,6.6,8,6,1.1,-1
37,BSM,0,8.8,6.6,8,6,1.1,-1
73,BSM,0,8.8,6.6,8,6,1.1,-1
56,BSM,0,8.8,6.6,8,6,1.1,-1
65,BSM,0,8.8,6.6,8,6,1.1,-1
80,BSM,0,8.8,6.6,8,6,1.1,-1
18,BSM,0,8.8,6.6,8,6,1.1,-1
8,BSM,0,8.8,6.6,8,6,1.1,-1
74,BSM,0,8.8,6.6,8,6,1.1,-1
81,BSM,0,8.8,6.6,8,6,1.1,-1
47,BSM,0,8.8,6.6,8,6,1.1,-1
82,BSM,0,8.8,6.6,8,6,1.1,-1
28,BSM,0,8.8,6.6,8,6,1.1,-1
66,BSM,0,8.8,6.6,8,6,1.1,-1
83,BSM,0,8.8,6.6,8,6,1.1,-1
38,BSM,0,8.8,6.6,8,6,1.1,-1
57,BSM,0,8.8,6.6,8,6,1.1,-1
75,BSM,0,8.8,6.6,8,6,1.1,-1
48,BSM,0,8.8,6.6,8,6,1.1,-1
84,BSM,0,8.8,6.6,8,6,1.1,-1
9,BSM,0,8.8,6.6,8,6,1.1,-1
90,BSM,0,8.8,6.6,8,6,1.1,-1
19,BSM,0,8.8,6.6,8,6,1.1,-1
91,BSM,0,8.8,6.6,8,6,1.1,-1
92,BSM,0,8.8,6.6,8,6,1.1,-1
76,BSM,0,8.8,6.6,8,6,1.1,-1
67,BSM,0,8.8,6.6,8,6,1.1,-1
29,BSM,0,8.8,6.6,8,6,1.1,-1
58,BSM,0,8.8,6.6,8,6,1.1,-1
85,BSM,0,8.8,6.6,8,6,1.1,-1
39,BSM,0,8.8,6.6,8,6,1.1,-1
93,BSM,0,8.8,6.6,8,6,1.1,-1
94,BSM,0,8.8,6.6,8,6,1.1,-1
49,BSM,0,8.8,6.6,8,6,1.1,-1
77,BSM,0,8.8,6.6,8,6,1.1,-1
100,BSM,0,8.8,6.6,8,6,1.1,-1
86,BSM,0,8.8,6.6,8,6,1.1,-1
68,BSM,0,8.8,6.6,8,6,1.1,-1
101,BSM,0,8.8,6.6,8,6,1.1,-1
102,BSM,0,8.8,6.6,8,6,1.1,-1
95,BSM,0,8.8,6.6,8,6,1.1,-1
59,BSM,0,8.8,6.6,8,6,1.1,-1
103,BSM,0,8.8,6.6,8,6,1.1,-1
78,BSM,0,8.8,6.6,8,6,1.1,-1
87,BSM,0,8.8,6.6,8,6,1.1,-1
104,BSM,0,8.8,6.6,8,6,1.1,-1
96,BSM,0,8.8,6.6,8,6,1.1,-1
69,BSM,0,8.8,6.6,8,6,1.1,-1
110,BSM,0,8.8,6.6,8,6,1.1,-1
111,BSM,0,8.8,6.6,8,6,1.1,-1
112,BSM,0,8.8,6.6,8,6,1.1,-1
105,BSM,0,8.8,6.6,8,6,1.1,-1
88,BSM,0,8.8,6.6,8,6,1.1,-1
79,BSM,0,8.8,6.6,8,6,1.1,-1
97,BSM,0,8.8,6.6,8,6,1.1,-1
113,BSM,0,8.8,6.6,8,6,1.1,-1
106,BSM,0,8.8,6.6,8,6,1.1,-1
114,BSM,0,8.8,6.6,8,6,1.1,-1
120,BSM,0,8.8,6.6,8,6,1.1,-1
121,BSM,0,8.8,6.6,8,6,1.1,-1
98,BSM,0,8.8,6.6,8,6,1.1,-1
89,BSM,0,8.8,6.6,8,6,1.1,-1
115,BSM,0,8.8,6.6,8,6,1.1,-1
122,BSM,0,8.8,6.6,8,6,1.1,-1
107,BSM,0,8.8,6.6,8,6,1.1,-1
123,BSM,0,8.8,6.6,8,6,1.1,-1
116,BSM,0,8.8,6.6,8,6,1.1,-1
124,BSM,0,8.8,6.6,8,6,1.1,-1
99,BSM,0,8.8,6.6,8,6,1.1,-1
108,BSM,0,8.8,6.6,8,6,1.1,-1
130,BSM,0,8.8,6.6,8,6,1.1,-1
125,BSM,0,8.8,6.6,8,6,1.1,-1
117,BSM,0,8.8,6.6,8,6,1.1,-1
131,BSM,0,8.8,6.6,8,6,1.1,-1
126,BSM,0,8.8,6.6,8,6,1.1,-1
109,BSM,0,8.8,6.6,8,6,1.1,-1
118,BSM,0,8.8,6.6,8,6,1.1,-1
127,BSM,0,8.8,6.6,8,6,1.1,-1
119,BSM,0,8.8,6.6,8,6,1.1,-1
128,BSM,0,8.8,6.6,8,6,1.1,-1
129,BSM,0,8.8,6.6,8,6,1.1,-1
10,BSM,0,8.8,6.6,8,6,1.1,-1
1,BSM,0,8.8,6.6,8,6,1.1,-1
11,BSM,0,8.8,6.6,8,6,1.1,-1
20,BSM,0,8.8,6.6,8,6,1.1,-1
2,BSM,0,8.8,6.6,8,6,1.1,-1
12,BSM,0,8.8,6.6,8,6,1.1,-1
21,BSM,0,8.8,6.6,8,6,1.1,-1
22,BSM,0,8.8,6.6,8,6,1.1,-1
3,BSM,0,8.8,6.6,8,6,1.1,-1
30,BSM,0,8.8,6.6,8,6,1.1,-1
13,BSM,0,8.8,6.6,8,6,1.1,-1
31,BSM,0,8.8,6.6,8,6,1.1,-1
32,BSM,0,8.8,6.6,8,6,1.1,-1
23,BSM,0,8.8,6.6,8,6,1.1,-1
40,BSM,0,8.8,6.6,8,6,1.1,-1
4,BSM,0,8.8,6.6,8,6,1.1,-1
41,BSM,0,8.8,6.6,8,6,1.1,-1
14,BSM,0,8.8,6.6,8,6,1.1,-1
33,BSM,0,8.8,6.6,8,6,1.1,-1
24,BSM,0,8.8,6.6,8,6,1.1,-1
42,BSM,0,8.8,6.6,8,6,1.1,-1
50,BSM,0,8.8,6.6,8,6,1.1,-1
34,BSM,0,8.8,6.6,8,6,1.1,-1
43,BSM,0,8.8,6.6,8,6,1.1,-1
5,BSM,0,8.8,6.6,8,6,1.1,-1
15,BSM,0,8.8,6.6,8,6,1.1,-1
51,BSM,0,8.8,6.6,8,6,1.1,-1
52,BSM,0,8.8,6.6,8,6,1.1,-1
25,BSM,0,8.8,6.6,8,6,1.1,-1
44,BSM,0,8.8,6.6,8,6,1.1,-1
53,BSM,0,8.8,6.6,8,6,1.1,-1
35,BSM,0,8.8,6.6,8,6,1.1,-1
6,BSM,0,8.8,6.6,8,6,1.1,-1
60,BSM,0,8.8,6.6,8,6,1.1,-1
16,BSM,0,8.8,6.6,8,6,1.1,-1
61,BSM,0,8.8,6.6,8,6,1.1,-1
62,BSM,0,8.8,6.6,8,6,1.1,-1
26,BSM,0,8.8,6.6,8,6,1.1,-1
54,BSM,0,8.8,6.6,8,6,1.1,-1
45,BSM,0,8.8,6.6,8,6,1.1,-1
36,BSM,0,8.8,6.6,8,6,1.1,-1
63,BSM,0,8.8,6.6,8,6,1.1,-1
70,BSM,0,8.8,6.6,8,6,1.1,-1
7,BSM,0,8.8,6.6,8,6,1.1,-1
71,BSM,0,8.8,6.6,8,6,1.1,-1
55,BSM,0,8.8,6.6,8,6,1.1,-1
17,BSM,0,8.8,6.6,8,6,1.1,-1
64,BSM,0,8.8,6.6,8,6,1.1,-1
46,BSM,0,8.8,6.6,8,6,1.1,-1
72,BSM,0,8.8,6.6,8,6,1.1,-1
27,BSM,0,8.8,6.6,8,6,1.1,-1
37,BSM,0,8.8,6.6,8,6,1.1,-1
73,BSM,0,8.8,6.6,8,6,1.1,-1
56,BSM,0,8.8,6.6,8,6,1.1,-1
65,BSM,0,8.8,6.6,8,6,1.1,-1
80,BSM,0,8.8,6.6,8,6,1.1,-1
18,BSM,0,8.8,6.6,8,6,1.1,-1
8,BSM,0,8.8,6.6,8,6,1.1,-1
74,BSM,0,8.8,6.6,8,6,1.1,-1
81,BSM,0,8.8,6.6,8,6,1.1,-1
47,BSM,0,8.8,6.6,8,6,1.1,-1
82,BSM,0,8.8,6.6,8,6,1.1,-1
28,BSM,0,8.8,6.6,8,6,1.1,-1
66,BSM,0,8.8,6.6,8,6,1.1,-1
83,BSM,0,8.8,6.6,8,6,1.1,-1
38,BSM,0,8.8,6.6,8,6,1.1,-1
57,BSM,0,8.8,6.6,8,6,1.1,-1
75,BSM,0,8.8,6.6,8,6,1.1,-1
48,BSM,0,8.8,6.6,8,6,1.1,-1
84,BSM,0,8.8,6.6,8,6,1.1,-1
9,BSM,0,8.8,6.6,8,6,1.1,-1
90,BSM,0,8.8,6.6,8,6,1.1,-1
19,BSM,0,8.8,6.6,8,6,1.1,-1
91,BSM,0,8.8,6.6,8,6,1.1,-1
92,BSM,0,8.8,6.6,8,6,1.1,-1
76,BSM,0,8.8,6.6,8,6,1.1,-1
67,BSM,0,8.8,6.6,8,6,1.1,-1
29,BSM,0,8.8,6.6,8,6,1.1,-1
58,BSM,0,8.8,6.6,8,6,1.1,-1
85,BSM,0,8.8,6.6,8,6,1.1,-1
39,BSM,0,8.8,6.6,8,6,1.1,-1
93,BSM,0,8.8,6.6,8,6,1.1,-1
94,BSM,0,8.8,6.6,8,6,1.1,-1
49,BSM,0,8.8,6.6,8,6,1.1,-1
77,BSM,0,8.8,6.6,8,6,1.1,-1
100,BSM,0,8.8,6.6,8,6,1.1,-1
86,BSM,0,8.8,6.6,8,6,1.1,-1
68,BSM,0,8.8,6.6,8,6,1.1,-1
101,BSM,0,8.8,6.6,8,6,1.1,-1
102,BSM,0,8.8,6.6,8,6,1.1,-1
95,BSM,0,8.8,6.6,8,6,1.1,-1
59,BSM,0,8.8,6.6,8,6,1.1,-1
103,BSM,0,8.8,6.6,8,6,1.1,-1
78,BSM,0,8.8,6.6,8,6,1.1,-1
87,BSM,0,8.8,6.6,8,6,1.1,-1
104,BSM,0,8.8,6.6,8,6,1.1,-1
96,BSM,0,8.8,6.6,8,6,1.1,-1
69,BSM,0,8.8,6.6,8,6,1.1,-1
110,BSM,0,8.8,6.6,8,6,1.1,-1
111,BSM,0,8.8,6.6,8,6,1.1,-1
112,BSM,0,8.8,6.6,8,6,1.1,-1
105,BSM,0,8.8,6.6,8,6,1.1,-1
88,BSM,0,8.8,6.6,8,6,1.1,-1
79,BSM,0,8.8,6.6,8,6,1.1,-1
97,BSM,0,8.8,6.6,8,6,1.1,-1
113,BSM,0,8.8,6.6,8,6,1.1,-1
106,BSM,0,8.8,6.6,8,6,1.1,-1
114,BSM,0,8.8,6.6,8,6,1.1,-1
120,BSM,0,8.8,6.6,8,6,1.1,-1
121,BSM,0,8.8,6.6,8,6,1.1,-1
98,BSM,0,8.8,6.6,8,6,1.1,-1
89,BSM,0,8.8,6.6,8,6,1.1,-1
115,BSM,0,8.8,6.6,8,6,1.1,-1
122,BSM,0,8.8,6.6,8,6,1.1,-1
107,BSM,0,8.8,6.6,8,6,1.1,-1
123,BSM,0,8.8,6.6,8,6,1.1,-1
116,BSM,0,8.8,6.6,8,6,1.1,-1
124,BSM,0,8.8,6.6,8,6,1.1,-1
99,BSM,0,8.8,6.6,8,6,1.1,-1
108,BSM,0,8.8,6.6,8,6,1.1,-1
130,BSM,0,8.8,6.6,8,6,1.1,-1
125,BSM,0,8.8,6.6,8,6,1.1,-1
117,BSM,0,8.8,6.6,8,6,1.1,-1
131,BSM,0,8.8,6.6,8,6,1.1,-1
126,BSM,0,8.8,6.6,8,6,1.1,-1
109,BSM,0,8.8,6.6,8,6,1.1,-1
118,BSM,0,8.8,6.6,8,6,1.1,-1
127,BSM,0,8.8,6.6,8,6,1.1,-1
119,BSM,0,8.8,6.6,8,6,1.1,-1
128,BSM,0,8.8,6.6,8,6,1.1,-1
129,BSM,0,8.8,6.6,8,6,1.1,-1
10,BSM,0,8.8,6.6,8,6,1.1,-1
1,BSM,0,8.8,6.6,8,6,1.1,-1
11,BSM,0,8.8,6.6,8,6,1.1,-1
20,BSM,0,8.8,6.6,8,6,1.1,-1
2,BSM,0,8.8,6.6,8,6,1.1,-1
12,BSM,0,8.8,6.6,8,6,1.1,-1
21,BSM,0,8.8,6.6,8,6,1.1,-1
22,BSM,0,8.8,6.6,8,6,1.1,-1
3,BSM,0,8.8,6.6,8,6,1.1,-1
30,BSM,0,8.8,6.6,8,6,1.1,-1
13,BSM,0,8.8,6.6,8,6,1.1,-1
31,BSM,0,8.8,6.6,8,6,1.1,-1
32,BSM,0,8.8,6.6,8,6,1.1,-1
23,BSM,0,8.8,6.6,8,6,1.1,-1
40,BSM,0,8.8,6.6,8,6,1.1,-1
4,BSM,0,8.8,6.6,8,6,1.1,-1
41,BSM,0,8.8,6.6,8,6,1.1,-1
14,BSM,0,8.8,6.6,8,6,1.1,-1
33,BSM,0,8.8,6.6,8,6,1.1,-1
24,BSM,0,8.8,6.6,8,6,1.1,-1
42,BSM,0,8.8,6.6,8,6,1.1,-1
50,BSM,0,8.8,6.6,8,6,1.1,-1
34,BSM,0,8.8,6.6,8,6,1.1,-1
43,BSM,0,8.8,6.6,8,6,1.1,-1
5,BSM,0,8.8,6.6,8,6,1.1,-1
15,BSM,0,8.8,6.6,8,6,1.1,-1
51,BSM,0,8.8,6.6,8,6,1.1,-1
52,BSM,0,8.8,6.6,8,6,1.1,-1
25,BSM,0,8.8,6.6,8,6,1.1,-1
44,BSM,0,8.8,6.6,8,6,1.1,-1
53,BSM,0,8.8,6.6,8,6,1.1,-1
35,BSM,0,8.8,6.6,8,6,1.1,-1
6,BSM,0,8.8,6.6,8,6,1.1,-1
60,BSM,0,8.8,6.6,8,6,1.1,-1
16,BSM,0,8.8,6.6,8,6,1.1,-1
61,BSM,0,8.8,6.6,8,6,1.1,-1
62,BSM,0,8.8,6.6,8,6,1.1,-1
26,BSM,0,8.8,6.6,8,6,1.1,-1
54,BSM,0,8.8,6.6,8,6,1.1,-1
45,BSM,0,8.8,6.6,8,6,1.1,-1
36,BSM,0,8.8,6.6,8,6,1.1,-1
63,BSM,0,8.8,6.6,8,6,1.1,-1
70,BSM,0,8.8,6.6,8,6,1.1,-1
7,BSM,0,8.8,6.6,8,6,1.1,-1
71,BSM,0,8.8,6.6,8,6,1.1,-1
55,BSM,0,8.8,6.6,8,6,1.1,-1
17,BSM,0,8.8,6.6,8,6,1.1,-1
64,BSM,0,8.8,6.6,8,6,1.1,-1
46,BSM,0,8.8,6.6,8,6,1.1,-1
72,BSM,0,8.8,6.6,8,6,1.1,-1
27,BSM,0,8.8,6.6,8,6,1.1,-1
37,BSM,0,8.8,6.6,8,6,1.1,-1
73,BSM,0,8.8,6.6,8,6,1.1,-1
56,BSM,0,8.8,6.6,8,6,1.1,-1
65,BSM,0,8.8,6.6,8,6,1.1,-1
80,BSM,0,8.8,6.6,8,6,1.1,-1
18,BSM,0,8.8,6.6,8,6,1.1,-1
8,BSM,0,8.8,6.6,8,6,1.1,-1
74,BSM,0,8.8,6.6,8,6,1.1,-1
81,BSM,0,8.8,6.6,8,6,1.1,-1
47,BSM,0,8.8,6.6,8,6,1.1,-1
82,BSM,0,8.8,6.6,8,6,1.1,-1
28,BSM,0,8.8,6.6,8,6,1.1,-1
66,BSM,0,8.8,6.6,8,6,1.1,-1
83,BSM,0,8.8,6.6,8,6,1.1,-1
38,BSM,0,8.8,6.6,8,6,1.1,-1
57,BSM,0,8.8,6.6,8,6,1.1,-1
75,BSM,0,8.8,6.6,8,6,1.1,-1
48,BSM,0,8.8,6.6,8,6,1.1,-1
84,BSM,0,8.8,6.6,8,6,1.1,-1
9,BSM,0,8.8,6.6,8,6,1.1,-1
90,BSM,0,8.8,6.6,8,6,1.1,-1
19,BSM,0,8.8,6.6,8,6,1.1,-1
91,BSM,0,8.8,6.6,8,6,1.1,-1
92,BSM,0,8.8,6.6,8,6,1.1,-1
76,BSM,0,8.8,6.6,8,6,1.1,-1
67,BSM,0,8.8,6.6,8,6,1.1,-1
29,BSM,0,8.8,6.6,8,6,1.1,-1
58,BSM,0,8.8,6.6,8,6,1.1,-1
85,BSM,0,8.8,6.6,8,6,1.1,-1
39,BSM,0,8.8,6.6,8,6,1.1,-1
93,BSM,0,8.8,6.6,8,6,1.1,-1
94,BSM,0,8.8,6.6,8,6,1.1,-1
49,BSM,0,8.8,6.6,8,6,1.1,-1
77,BSM,0,8.8,6.6,8,6,1.1,-1
100,BSM,0,8.8,6.6,8,6,1.1,-1
86,BSM,0,8.8,6.6,8,6,1.1,-1
68,BSM,0,8.8,6.6,8,6,1.1,-1
101,BSM,0,8.8,6.6,8,6,1.1,-1
102,BSM,0,8.8,6.6,8,6,1.1,-1
95,BSM,0,8.8,6.6,8,6,1.1,-1
59,BSM,0,8.8,6.6,8,6,1.1,-1
103,BSM,0,8.8,6.6,8,6,1.1,-1
78,BSM,0,8.8,6.6,8,6,1.1,-1
87,BSM,0,8.8,6.6,8,6,1.1,-1
104,BSM,0,8.8,6.6,8,6,1.1,-1
96,BSM,0,8.8,6.6,8,6,1.1,-1
69,BSM,0,8.8,6.6,8,6,1.1,-1
110,BSM,0,8.8,6.6,8,6,1.1,-1
111,BSM,0,8.8,6.6,8,6,1.1,-1
112,BSM,0,8.8,6.6,8,6,1.1,-1
105,BSM,0,8.8,6.6,8,6,1.1,-1
88,BSM,0,8.8,6.6,8,6,1.1,-1
79,BSM,0,8.8,6.6,8,6,1.1,-1
97,BSM,0,8.8,6.6,8,6,1.1,-1
113,BSM,0,8.8,6.6,8,6,1.1,-1
106,BSM,0,8.8,6.6,8,6,1.1,-1
114,BSM,0,8.8,6.6,8,6,1.1,-1
120,BSM,0,8.8,6.6,8,6,1.1,-1
121,BSM,0,8.8,6.6,8,6,1.1,-1
98,BSM,0,8.8,6.6,8,6,1.1,-1
89,BSM,0,8.8,6.6,8,6,1.1,-1
115,BSM,0,8.8,6.6,8,6,1.1,-1
122,BSM,0,8.8,6.6,8,6,1.1,-1
107,BSM,0,8.8,6.6,8,6,1.1,-1
123,BSM,0,8.8,6.6,8,6,1.1,-1
116,BSM,0,8.8,6.6,8,6,1.1,-1
124,BSM,0,8.8,6.6,8,6,1.1,-1
99,BSM,0,8.8,6.6,8,6,1.1,-1
108,BSM,0,8.8,6.6,8,6,1.1,-1
130,BSM,0,8.8,6.6,8,6,1.1,-1
125,BSM,0,8.8,6.6,8,6,1.1,-1
117,BSM,0,8.8,6.6,8,6,1.1,-1
131,BSM,0,8.8,6.6,8,6,1.1,-1
126,BSM,0,8.8,6.6,8,6,1.1,-1
109,BSM,0,8.8,6.6,8,6,1.1,-1
118,BSM,0,8.8,6.6,8,6,1.1,-1
127,BSM,0,8.8,6.6,8,6,1.1,-1
119,BSM,0,8.8,6.6,8,6,1.1,-1
128,BSM,0,8.8,6.6,8,6,1.1,-1
129,BSM,0,8.8,6.6,8,6,1.1,-1
10,BSM,0,8.8,6.6,8,6,1.1,-1
1,BSM,0,8.8,6.6,8,6,1.1,-1
11,BSM,0,8.8,6.6,8,6,1.1,-1
20,BSM,0,8.8,6.6,8,6,1.1,-1
2,BSM,0,8.8,6.6,8,6,1.1,-1
12,BSM,0,8.8,6.6,8,6,1.1,-1
21,BSM,0,8.8,6.6,8,6,1.1,-1
22,BSM,0,8.8,6.6,8,6,1.1,-1
3,BSM,0,8.8,6.6,8,6,1.1,-1
30,BSM,0,8.8,6.6,8,6,1.1,-1
13,BSM,0,8.8,6.6,8,6,1.1,-1
31,BSM,0,8.8,6.6,8,6,1.1,-1
32,BSM,0,8.8,6.6,8,6,1.1,-1
23,BSM,0,8.8,6.6,8,6,1.1,-1
40,BSM,0,8.8,6.6,8,6,1.1,-1
4,BSM,0,8.8,6.6,8,6,1.1,-1
41,BSM,0,8.8,6.6,8,6,1.1,-1
14,BSM,0,8.8,6.6,8,6,1.1,-1
33,BSM,0,8.8,6.6,8,6,1.1,-1
24,BSM,0,8.8,6.6,8,6,1.1,-1
42,BSM,0,8.8,6.6,8,6,1.1,-1
50,BSM,0,8.8,6.6,8,6,1.1,-1
34,BSM,0,8.8,6.6,8,6,1.1,-1
43,BSM,0,8.8,6.6,8,6,1.1,-1
5,BSM,0,8.8,6.6,8,6,1.1,-1
15,BSM,0,8.8,6.6,8,6,1.1,-1
51,BSM,0,8.8,6.6,8,6,1.1,-1
52,BSM,0,8.8,6.6,8,6,1.1,-1
25,BSM,0,8.8,6.6,8,6,1.1,-1
44,BSM,0,8.8,6.6,8,6,1.1,-1
53,BSM,0,8.8,6.6,8,6,1.1,-1
35,BSM,0,8.8,6.6,8,6,1.1,-1
6,BSM,0,8.8,6.6,8,6,1.1,-1
60,BSM,0,8.8,6.6,8,6,1.1,-1
16,BSM,0,8.8,6.6,8,6,1.1,-1
61,BSM,0,8.8,6.6,8,6,1.1,-1
62,BSM,0,8.8,6.6,8,6,1.1,-1
26,BSM,0,8.8,6.6,8,6,1.1,-1
54,BSM,0,8.8,6.6,8,6,1.1,-1
45,BSM,0,8.8,6.6,8,6,1.1,-1
36,BSM,0,8.8,6.6,8,6,1.1,-1
63,BSM,0,8.8,6.6,8,6,1.1,-1
70,BSM,0,8.8,6.6,8,6,1.1,-1
7,BSM,0,8.8,6.6,8,6,1.1,-1
71,BSM,0,8.8,6.6,8,6,1.1,-1
55,BSM,0,8.8,6.6,8,6,1.1,-1
17,BSM,0,8.8,6.6,8,6,1.1,-1
64,BSM,0,8.8,6.6,8,6,1.1,-1
46,BSM,0,8.8,6.6,8,6,1.1,-1
72,BSM,0,8.8,6.6,8,6,1.1,-1
27,BSM,0,8.8,6.6,8,6,1.1,-1
37,BSM,0,8.8,6.6,8,6,1.1,-1
73,BSM,0,8.8,6.6,8,6,1.1,-1
56,BSM,0,8.8,6.6,8,6,1.1,-1
65,BSM,0,8.8,6.6,8,6,1.1,-1
80,BSM,0,8.8,6.6,8,6,1.1,-1
18,BSM,0,8.8,6.6,8,6,1.1,-1
8,BSM,0,8.8,6.6,8,6,1.1,-1
74,BSM,0,8.8,6.6,8,6,1.1,-1
81,BSM,0,8.8,6.6,8,6,1.1,-1
47,BSM,0,8.8,6.6,8,6,1.1,-1
82,BSM,0,8.8,6.6,8,6,1.1,-1
28,BSM,0,8.8,6.6,8,6,1.1,-1
66,BSM,0,8.8,6.6,8,6,1.1,-1
83,BSM,0,8.8,6.6,8,6,1.1,-1
38,BSM,0,8.8,6.6,8,6,1.1,-1
57,BSM,0,8.8,6.6,8,6,1.1,-1
75,BSM,0,8.8,6.6,8,6,1.1,-1
48,BSM,0,8.8,6.6,8,6,1.1,-1
84,BSM,0,8.8,6.6,8,6,1.1,-1
9,BSM,0,8.8,6.6,8,6,1.1,-1
90,BSM,0,8.8,6.6,8,6,1.1,-1
19,BSM,0,8.8,6.6,8,6,1.1,-1
91,BSM,0,8.8,6.6,8,6,1.1,-1
92,BSM,0,8.8,6.6,8,6,1.1,-1
76,BSM,0,8.8,6.6,8,6,1.1,-1
67,BSM,0,8.8,6.6,8,6,1.1,-1
29,BSM,0,8.8,6.6,8,6,1.1,-1
58,BSM,0,8.8,6.6,8,6,1.1,-1
85,BSM,0,8.8,6.6,8,6,1.1,-1
39,BSM,0,8.8,6.6,8,6,1.1,-1
93,BSM,0,8.8,6.6,8,6,1.1,-1
94,BSM,0,8.8,6.6,8,6,1.1,-1
49,BSM,0,8.8,6.6,8,6,1.1,-1
77,BSM,0,8.8,6.6,8,6,1.1,-1
100,BSM,0,8.8,6.6,8,6,1.1,-1
86,BSM,0,8.8,6.6,8,6,1.1,-1
68,BSM,0,8.8,6.6,8,6,1.1,-1
101,BSM,0,8.8,6.6,8,6,1.1,-1
102,BSM,0,8.8,6.6,8,6,1.1,-1
95,BSM,0,8.8,6.6,8,6,1.1,-1
59,BSM,0,8.8,6.6,8,6,1.1,-1
103,BSM,0,8.8,6.6,8,6,1.1,-1
78,BSM,0,8.8,6.6,8,6,1.1,-1
87,BSM,0,8.8,6.6,8,6,1.1,-1
104,BSM,0,8.8,6.6,8,6,1.1,-1
96,BSM,0,8.8,6.6,8,6,1.1,-1
69,BSM,0,8.8,6.6,8,6,1.1,-1
110,BSM,0,8.8,6.6,8,6,1.1,-1
111,BSM,0,8.8,6.6,8,6,1.1,-1
112,BSM,0,8.8,6.6,8,6,1.1,-1
105,BSM,0,8.8,6.6,8,6,1.1,-1
88,BSM,0,8.8,6.6,8,6,1.1,-1
79,BSM,0,8.8,6.6,8,6,1.1,-1
97,BSM,0,8.8,6.6,8,6,1.1,-1
113,BSM,0,8.8,6.6,8,6,1.1,-1
106,BSM,0,8.8,6.6,8,6,1.1,-1
114,BSM,0,8.8,6.6,8,6,1.1,-1
120,BSM,0,8.8,6.6,8,6,1.1,-1
121,BSM,0,8.8,6.6,8,6,1.1,-1
98,BSM,0,8.8,6.6,8,6,1.1,-1
89,BSM,0,8.8,6.6,8,6,1.1,-1
115,BSM,0,8.8,6.6,8,6,1.1,-1
122,BSM,0,8.8,6.6,8,6,1.1,-1
107,BSM,0,8.8,6.6,8,6,1.1,-1
123,BSM,0,8.8,6.6,8,6,1.1,-1
116,BSM,0,8.8,6.6,8,6,1.1,-1
124,BSM,0,8.8,6.6,8,6,1.1,-1
99,BSM,0,8.8,6.6,8,6,1.1,-1
108,BSM,0,8.8,6.6,8,6,1.1,-1
130,BSM,0,8.8,6.6,8,6,1.1,-1
125,BSM,0,8.8,6.6,8,6,1.1,-1
117,BSM,0,8.8,6.6,8,6,1.1,-1
131,BSM,0,8.8,6.6,8,6,1.1,-1
126,BSM,0,8.8,6.6,8,6,1.1,-1
109,BSM,0,8.8,6.6,8,6,1.1,-1
118,BSM,0,8.8,6.6,8,6,1.1,-1
127,BSM,0,8.8,6.6,8,6,1.1,-1
119,BSM,0,8.8,6.6,8,6,1.1,-1
128,BSM,0,8.8,6.6,8,6,1.1,-1
129,BSM,0,8.8,6.6,8,6,1.1,-1
10,BSM,0,8.8,6.6,8,6,1.1,-1
1,BSM,0,8.8,6.6,8,6,1.1,-1
11,BSM,0,8.8,6.6,8,6,1.1,-1
20,BSM,0,8.8,6.6,8,6,1.1,-1
2,BSM,0,8.8,6.6,8,6,1.1,-1
12,BSM,0,8.8,6.6,8,6,1.1,-1
21,BSM,0,8.8,6.6,8,6,1.1,-1
22,BSM,0,8.8,6.6,8,6,1.1,-1
3,BSM,0,8.8,6.6,8,6,1.1,-1
30,BSM,0,8.8,6.6,8,6,1.1,-1
13,BSM,0,8.8,6.6,8,6,1.1,-1
31,BSM,0,8.8,6.6,8,6,1.1,-1
32,BSM,0,8.8,6.6,8,6,1.1,-1
23,BSM,0,8.8,6.6,8,6,1.1,-1
40,BSM,0,8.8,6.6,8,6,1.1,-1
4,BSM,0,8.8,6.6,8,6,1.1,-1
41,BSM,0,8.8,6.6,8,6,1.1,-1
14,BSM,0,8.8,6.6,8,6,1.1,-1
33,BSM,0,8.8,6.6,8,6,1.1,-1
24,BSM,0,8.8,6.6,8,6,1.1,-1
42,BSM,0,8.8,6.6,8,6,1.1,-1
50,BSM,0,8.8,6.6,8,6,1.1,-1
34,BSM,0,8.8,6.6,8,6,1.1,-1
43,BSM,0,8.8,6.6,8,6,1.1,-1
5,BSM,0,8.8,6.6,8,6,1.1,-1
15,BSM,0,8.8,6.6,8,6,1.1,-1
51,BSM,0,8.8,6.6,8,6,1.1,-1
52,BSM,0,8.8,6.6,8,6,1.1,-1
25,BSM,0,8.8,6.6,8,6,1.1,-1
44,BSM,0,8.8,6.6,8,6,1.1,-1
53,BSM,0,8.8,6.6,8,6,1.1,-1
35,BSM,0,8.8,6.6,8,6,1.1,-1
6,BSM,0,8.8,6.6,8,6,1.1,-1
60,BSM,0,8.8,6.6,8,6,1.1,-1
16,BSM,0,8.8,6.6,8,6,1.1,-1
61,BSM,0,8.8,6.6,8,6,1.1,-1
62,BSM,0,8.8,6.6,8,6,1.1,-1
26,BSM,0,8.8,6.6,8,6,1.1,-1
54,BSM,0,8.8,6.6,8,6,1.1,-1
45,BSM,0,8.8,6.6,8,6,1.1,-1
36,BSM,0,8.8,6.6,8,6,1.1,-1
63,BSM,0,8.8,6.6,8,6,1.1,-1
70,BSM,0,8.8,6.6,8,6,1.1,-1
7,BSM,0,8.8,6.6,8,6,1.1,-1
71,BSM,0,8.8,6.6,8,6,1.1,-1
55,BSM,0,8.8,6.6,8,6,1.1,-1
17,BSM,0,8.8,6.6,8,6,1.1,-1
64,BSM,0,8.8,6.6,8,6,1.1,-1
46,BSM,0,8.8,6.6,8,6,1.1,-1
72,BSM,0,8.8,6.6,8,6,1.1,-1
27,BSM,0,8.8,6.6,8,6,1.1,-1
37,BSM,0,8.8,6.6,8,6,1.1,-1
73,BSM,0,8.8,6.6,8,6,1.1,-1
56,BSM,0,8.8,6.6,8,6,1.1,-1
65,BSM,0,8.8,6.6,8,6,1.1,-1
80,BSM,0,8.8,6.6,8,6,1.1,-1
18,BSM,0,8.8,6.6,8,6,1.1,-1
8,BSM,0,8.8,6.6,8,6,1.1,-1
74,BSM,0,8.8,6.6,8,6,1.1,-1
81,BSM,0,8.8,6.6,8,6,1.1,-1
47,BSM,0,8.8,6.6,8,6,1.1,-1
82,BSM,0,8.8,6.6,8,6,1.1,-1
28,BSM,0,8.8,6.6,8,6,1.1,-1
66,BSM,0,8.8,6.6,8,6,1.1,-1
83,BSM,0,8.8,6.6,8,6,1.1,-1
38,BSM,0,8.8,6.6,8,6,1.1,-1
57,BSM,0,8.8,6.6,8,6,1.1,-1
75,BSM,0,8.8,6.6,8,6,1.1,-1
48,BSM,0,8.8,6.6,8,6,1.1,-1
84,BSM,0,8.8,6.6,8,6,1.1,-1
9,BSM,0,8.8,6.6,8,6,1.1,-1
90,BSM,0,8.8,6.6,8,6,1.1,-1
19,BSM,0,8.8,6.6,8,6,1.1,-1
91,BSM,0,8.8,6.6,8,6,1.1,-1
92,BSM,0,8.8,6.6,8,6,1.1,-1
76,BSM,0,8.8,6.6,8,6,1.1,-1
67,BSM,0,8.8,6.6,8,6,1.1,-1
29,BSM,0,8.8,6.6,8,6,1.1,-1
58,BSM,0,8.8,6.6,8,6,1.1,-1
85,BSM,0,8.8,6.6,8,6,1.1,-1
39,BSM,0,8.8,6.6,8,6,1.1,-1
93,BSM,0,8.8,6.6,8,6,1.1,-1
94,BSM,0,8.8,6.6,8,6,1.1,-1
49,BSM,0,8.8,6.6,8,6,1.1,-1
77,BSM,0,8.8,6.6,8,6,1.1,-1
100,BSM,0,8.8,6.6,8,6,1.1,-1
86,BSM,0,8.8,6.6,8,6,1.1,-1
68,BSM,0,8.8,6.6,8,6,1.1,-1
101,BSM,0,8.8,6.6,8,6,1.1,-1
102,BSM,0,8.8,6.6,8,6,1.1,-1
95,BSM,0,8.8,6.6,8,6,1.1,-1
59,BSM,0,8.8,6.6,8,6,1.1,-1
103,BSM,0,8.8,6.6,8,6,1.1,-1
78,BSM,0,8.8,6.6,8,6,1.1,-1
87,BSM,0,8.8,6.6,8,6,1.1,-1
104,BSM,0,8.8,6.6,8,6,1.1,-1
96,BSM,0,8.8,6.6,8,6,1.1,-1
69,BSM,0,8.8,6.6,8,6,1.1,-1
110,BSM,0,8.8,6.6,8,6,1.1,-1
111,BSM,0,8.8,6.6,8,6,1.1,-1
112,BSM,0,8.8,6.6,8,6,1.1,-1
105,BSM,0,8.8,6.6,8,6,1.1,-1
88,BSM,0,8.8,6.6,8,6,1.1,-1
79,BSM,0,8.8,6.6,8,6,1.1,-1
97,BSM,0,8.8,6.6,8,6,1.1,-1
113,BSM,0,8.8,6.6,8,6,1.1,-1
106,BSM,0,8.8,6.6,8,6,1.1,-1
114,BSM,0,8.8,6.6,8,6,1.1,-1
120,BSM,0,8.8,6.6,8,6,1.1,-1
121,BSM,0,8.8,6.6,8,6,1.1,-1
98,BSM,0,8.8,6.6,8,6,1.1,-1
89,BSM,0,8.8,6.6,8,6,1.1,-1
115,BSM,0,8.8,6.6,8,6,1.1,-1
122,BSM,0,8.8,6.6,8,6,1.1,-1
107,BSM,0,8.8,6.6,8,6,1.1,-1
123,BSM,0,8.8,6.6,8,6,1.1,-1
116,BSM,0,8.8,6.6,8,6,1.1,-1
124,BSM,0,8.8,6.6,8,6,1.1,-1
99,BSM,0,8.8,6.6,8,6,1.1,-1
108,BSM,0,8.8,6.6,8,6,1.1,-1
130,BSM,0,8.8,6.6,8,6,1.1,-1
125,BSM,0,8.8,6.6,8,6,1.1,-1
117,BSM,0,8.8,6.6,8,6,1.1,-1
131,BSM,0,8.8,6.6,8,6,1.1,-1
126,BSM,0,8.8,6.6,8,6,1.1,-1
109,BSM,0,8.8,6.6,8,6,1.1,-1
118,BSM,0,8.8,6.6,8,6,1.1,-1
127,BSM,0,8.8,6.6,8,6,1.1,-1
119,BSM,0,8.8,6.6,8,6,1.1,-1
128,BSM,0,8.8,6.6,8,6,1.1,-1
129,BSM,0,8.8,6.6,8,6,1.1,-1
10,BSM,0,8.8,6.6,8,6,1.1,-1
1,BSM,0,8.8,6.6,8,6,1.1,-1
11,BSM,0,8.8,6.6,8,6,1.1,-1
20,BSM,0,8.8,6.6,8,6,1.1,-1
2,BSM,0,8.8,6.6,8,6,1.1,-1
12,BSM,0,8.8,6.6,8,6,1.1,-1
21,BSM,0,8.8,6.6,8,6,1.1,-1
22,BSM,0,8.8,6.6,8,6,1.1,-1
3,BSM,0,8.8,6.6,8,6,1.1,-1
30,BSM,0,8.8,6.6,8,6,1.1,-1
13,BSM,0,8.8,6.6,8,6,1.1,-1
31,BSM,0,8.8,6.6,8,6,1.1,-1
32,BSM,0,8.8,6.6,8,6,1.1,-1
23,BSM,0,8.8,6.6,8,6,1.1,-1
40,BSM,0,8.8,6.6,8,6,1.1,-1
4,BSM,0,8.8,6.6,8,6,1.1,-1
41,BSM,0,8.8,6.6,8,6,1.1,-1
14,BSM,0,8.8,6.6,8,6,1.1,-1
33,BSM,0,8.8,6.6,8,6,1.1,-1
24,BSM,0,8.8,6.6,8,6,1.1,-1
42,BSM,0,8.8,6.6,8,6,1.1,-1
50,BSM,0,8.8,6.6,8,6,1.1,-1
34,BSM,0,8.8,6.6,8,6,1.1,-1
43,BSM,0,8.8,6.6,8,6,1.1,-1
5,BSM,0,8.8,6.6,8,6,1.1,-1
15,BSM,0,8.8,6.6,8,6,1.1,-1
51,BSM,0,8.8,6.6,8,6,1.1,-1
52,BSM,0,8.8,6.6,8,6,1.1,-1
25,BSM,0,8.8,6.6,8,6,1.1,-1
44,BSM,0,8.8,6.6,8,6,1.1,-1
53,BSM,0,8.8,6.6,8,6,1.1,-1
35,BSM,0,8.8,6.6,8,6,1.1,-1
6,BSM,0,8.8,6.6,8,6,1.1,-1
60,BSM,0,8.8,6.6,8,6,1.1,-1
16,BSM,0,8.8,6.6,8,6,1.1,-1
61,BSM,0,8.8,6.6,8,6,1.1,-1
62,BSM,0,8.8,6.6,8,6,1.1,-1
26,BSM,0,8.8,6.6,8,6,1.1,-1
54,BSM,0,8.8,6.6,8,6,1.1,-1
45,BSM,0,8.8,6.6,8,6,1.1,-1
36,BSM,0,8.8,6.6,8,6,1.1,-1
63,BSM,0,8.8,6.6,8,6,1.1,-1
70,BSM,0,8.8,6.6,8,6,1.1,-1
7,BSM,0,8.8,6.6,8,6,1.1,-1
71,BSM,0,8.8,6.6,8,6,1.1,-1
55,BSM,0,8.8,6.6,8,6,1.1,-1
17,BSM,0,8.8,6.6,8,6,1.1,-1
64,BSM,0,8.8,6.6,8,6,1.1,-1
46,BSM,0,8.8,6.6,8,6,1.1,-1
72,BSM,0,8.8,6.6,8,6,1.1,-1
27,BSM,0,8.8,6.6,8,6,1.1,-1
37,BSM,0,8.8,6.6,8,6,1.1,-1
73,BSM,0,8.8,6.6,8,6,1.1,-1
56,BSM,0,8.8,6.6,8,6,1.1,-1
65,BSM,0,8.8,6.6,8,6,1.1,-1
80,BSM,0,8.8,6.6,8,6,1.1,-1
18,BSM,0,8.8,6.6,8,6,1.1,-1
8,BSM,0,8.8,6.6,8,6,1.1,-1
74,BSM,0,8.8,6.6,8,6,1.1,-1
81,BSM,0,8.8,6.6,8,6,1.1,-1
47,BSM,0,8.8,6.6,8,6,1.1,-1
82,BSM,0,8.8,6.6,8,6,1.1,-1
28,BSM,0,8.8,6.6,8,6,1.1,-1
66,BSM,0,8.8,6.6,8,6,1.1,-1
83,BSM,0,8.8,6.6,8,6,1.1,-1
38,BSM,0,8.8,6.6,8,6,1.1,-1
57,BSM,0,8.8,6.6,8,6,1.1,-1
75,BSM,0,8.8,6.6,8,6,1.1,-1
48,BSM,0,8.8,6.6,8,6,1.1,-1
84,BSM,0,8.8,6.6,8,6,1.1,-1
9,BSM,0,8.8,6.6,8,6,1.1,-1
90,BSM,0,8.8,6.6,8,6,1.1,-1
19,BSM,0,8.8,6.6,8,6,1.1,-1
91,BSM,0,8.8,6.6,8,6,1.1,-1
92,BSM,0,8.8,6.6,8,6,1.1,-1
76,BSM,0,8.8,6.6,8,6,1.1,-1
67,BSM,0,8.8,6.6,8,6,1.1,-1
29,BSM,0,8.8,6.6,8,6,1.1,-1
58,BSM,0,8.8,6.6,8,6,1.1,-1
85,BSM,0,8.8,6.6,8,6,1.1,-1
39,BSM,0,8.8,6.6,8,6,1.1,-1
93,BSM,0,8.8,6.6,8,6,1.1,-1
94,BSM,0,8.8,6.6,8,6,1.1,-1
49,BSM,0,8.8,6.6,8,6,1.1,-1
77,BSM,0,8.8,6.6,8,6,1.1,-1
100,BSM,0,8.8,6.6,8,6,1.1,-1
86,BSM,0,8.8,6.6,8,6,1.1,-1
68,BSM,0,8.8,6.6,8,6,1.1,-1
101,BSM,0,8.8,6.6,8,6,1.1,-1
102,BSM,0,8.8,6.6,8,6,1.1,-1
95,BSM,0,8.8,6.6,8,6,1.1,-1
59,BSM,0,8.8,6.6,8,6,1.1,-1
103,BSM,0,8.8,6.6,8,6,1.1,-1
78,BSM,0,8.8,6.6,8,6,1.1,-1
87,BSM,0,8.8,6.6,8,6,1.1,-1
104,BSM,0,8.8,6.6,8,6,1.1,-1
96,BSM,0,8.8,6.6,8,6,1.1,-1
69,BSM,0,8.8,6.6,8,6,1.1,-1
110,BSM,0,8.8,6.6,8,6,1.1,-1
111,BSM,0,8.8,6.6,8,6,1.1,-1
112,BSM,0,8.8,6.6,8,6,1.1,-1
105,BSM,0,8.8,6.6,8,6,1.1,-1
88,BSM,0,8.8,6.6,8,6,1.1,-1
79,BSM,0,8.8,6.6,8,6,1.1,-1
97,BSM,0,8.8,6.6,8,6,1.1,-1
113,BSM,0,8.8,6.6,8,6,1.1,-1
106,BSM,0,8.8,6.6,8,6,1.1,-1
114,BSM,0,8.8,6.6,8,6,1.1,-1
120,BSM,0,8.8,6.6,8,6,1.1,-1
121,BSM,0,8.8,6.6,8,6,1.1,-1
98,BSM,0,8.8,6.6,8,6,1.1,-1
89,BSM,0,8.8,6.6,8,6,1.1,-1
115,BSM,0,8.8,6.6,8,6,1.1,-1
122,BSM,0,8.8,6.6,8,6,1.1,-1
107,BSM,0,8.8,6.6,8,6,1.1,-1
123,BSM,0,8.8,6.6,8,6,1.1,-1
116,BSM,0,8.8,6.6,8,6,1.1,-1
124,BSM,0,8.8,6.6,8,6,1.1,-1
99,BSM,0,8.8,6.6,8,6,1.1,-1
108,BSM,0,8.8,6.6,8,6,1.1,-1
130,BSM,0,8.8,6.6,8,6,1.1,-1
125,BSM,0,8.8,6.6,8,6,1.1,-1
117,BSM,0,8.8,6.6,8,6,1.1,-1
131,BSM,0,8.8,6.6,8,6,1.1,-1
126,BSM,0,8.8,6.6,8,6,1.1,-1
109,BSM,0,8.8,6.6,8,6,1.1,-1
118,BSM,0,8.8,6.6,8,6,1.1,-1
127,BSM,0,8.8,6.6,8,6,1.1,-1
119,BSM,0,8.8,6.6,8,6,1.1,-1
128,BSM,0,8.8,6.6,8,6,1.1,-1
129,BSM,0,8.8,6.6,8,6,1.1,-1
10,BSM,0,8.8,6.6,8,6,1.1,-1
1,BSM,0,8.8,6.6,8,6,1.1,-1
11,BSM,0,8.8,6.6,8,6,1.1,-1
20,BSM,0,8.8,6.6,8,6,1.1,-1
2,BSM,0,8.8,6.6,8,6,1.1,-1
12,BSM,0,8.8,6.6,8,6,1.1,-1
21,BSM,0,8.8,6.6,8,6,1.1,-1
22,BSM,0,8.8,6.6,8,6,1.1,-1
3,BSM,0,8.8,6.6,8,6,1.1,-1
30,BSM,0,8.8,6.6,8,6,1.1,-1
13,BSM,0,8.8,6.6,8,6,1.1,-1
31,BSM,0,8.8,6.6,8,6,1.1,-1
32,BSM,0,8.8,6.6,8,6,1.1,-1
23,BSM,0,8.8,6.6,8,6,1.1,-1
40,BSM,0,8.8,6.6,8,6,1.1,-1
4,BSM,0,8.8,6.6,8,6,1.1,-1
41,BSM,0,8.8,6.6,8,6,1.1,-1
14,BSM,0,8.8,6.6,8,6,1.1,-1
33,BSM,0,8.8,6.6,8,6,1.1,-1
24,BSM,0,8.8,6.6,8,6,1.1,-1
42,BSM,0,8.8,6.6,8,6,1.1,-1
50,BSM,0,8.8,6.6,8,6,1.1,-1
34,BSM,0,8.8,6.6,8,6,1.1,-1
43,BSM,0,8.8,6.6,8,6,1.1,-1
5,BSM,0,8.8,6.6,8,6,1.1,-1
15,BSM,0,8.8,6.6,8,6,1.1,-1
51,BSM,0,8.8,6.6,8,6,1.1,-1
52,BSM,0,8.8,6.6,8,6,1.1,-1
25,BSM,0,8.8,6.6,8,6,1.1,-1
44,BSM,0,8.8,6.6,8,6,1.1,-1
53,BSM,0,8.8,6.6,8,6,1.1,-1
35,BSM,0,8.8,6.6,8,6,1.1,-1
6,BSM,0,8.8,6.6,8,6,1.1,-1
60,BSM,0,8.8,6.6,8,6,1.1,-1
16,BSM,0,8.8,6.6,8,6,1.1,-1
61,BSM,0,8.8,6.6,8,6,1.1,-1
62,BSM,0,8.8,6.6,8,6,1.1,-1
26,BSM,0,8.8,6.6,8,6,1.1,-1
54,BSM,0,8.8,6.6,8,6,1.1,-1
45,BSM,0,8.8,6.6,8,6,1.1,-1
36,BSM,0,8.8,6.6,8,6,1.1,-1
63,BSM,0,8.8,6.6,8,6,1.1,-1
70,BSM,0,8.8,6.6,8,6,1.1,-1
7,BSM,0,8.8,6.6,8,6,1.1,-1
71,BSM,0,8.8,6.6,8,6,1.1,-1
55,BSM,0,8.8,6.6,8,6,1.1,-1
17,BSM,0,8.8,6.6,8,6,1.1,-1
64,BSM,0,8.8,6.6,8,6,1.1,-1
46,BSM,0,8.8,6.6,8,6,1.1,-1
72,BSM,0,8.8,6.6,8,6,1.1,-1
27,BSM,0,8.8,6.6,8,6,1.1,-1
37,BSM,0,8.8,6.6,8,6,1.1,-1
73,BSM,0,8.8,6.6,8,6,1.1,-1
56,BSM,0,8.8,6.6,8,6,1.1,-1
65,BSM,0,8.8,6.6,8,6,1.1,-1
80,BSM,0,8.8,6.6,8,6,1.1,-1
18,BSM,0,8.8,6.6,8,6,1.1,-1
8,BSM,0,8.8,6.6,8,6,1.1,-1
74,BSM,0,8.8,6.6,8,6,1.1,-1
81,BSM,0,8.8,6.6,8,6,1.1,-1
47,BSM,0,8.8,6.6,8,6,1.1,-1
82,BSM,0,8.8,6.6,8,6,1.1,-1
28,BSM,0,8.8,6.6,8,6,1.1,-1
66,BSM,0,8.8,6.6,8,6,1.1,-1
83,BSM,0,8.8,6.6,8,6,1.1,-1
38,BSM,0,8.8,6.6,8,6,1.1,-1
57,BSM,0,8.8,6.6,8,6,1.1,-1
75,BSM,0,8.8,6.6,8,6,1.1,-1
48,BSM,0,8.8,6.6,8,6,1.1,-1
84,BSM,0,8.8,6.6,8,6,1.1,-1
9,BSM,0,8.8,6.6,8,6,1.1,-1
90,BSM,0,8.8,6.6,8,6,1.1,-1
19,BSM,0,8.8,6.6,8,6,1.1,-1
91,BSM,0,8.8,6.6,8,6,1.1,-1
92,BSM,0,8.8,6.6,8,6,1.1,-1
76,BSM,0,8.8,6.6,8,6,1.1,-1
67,BSM,0,8.8,6.6,8,6,1.1,-1
29,BSM,0,8.8,6.6,8,6,1.1,-1
58,BSM,0,8.8,6.6,8,6,1.1,-1
85,BSM,0,8.8,6.6,8,6,1.1,-1
39,BSM,0,8.8,6.6,8,6,1.1,-1
93,BSM,0,8.8,6.6,8,6,1.1,-1
94,BSM,0,8.8,6.6,8,6,1.1,-1
49,BSM,0,8.8,6.6,8,6,1.1,-1
77,BSM,0,8.8,6.6,8,6,1.1,-1
100,BSM,0,8.8,6.6,8,6,1.1,-1
86,BSM,0,8.8,6.6,8,6,1.1,-1
68,BSM,0,8.8,6.6,8,6,1.1,-1
101,BSM,0,8.8,6.6,8,6,1.1,-1
102,BSM,0,8.8,6.6,8,6,1.1,-1
95,BSM,0,8.8,6.6,8,6,1.1,-1
59,BSM,0,8.8,6.6,8,6,1.1,-1
103,BSM,0,8.8,6.6,8,6,1.1,-1
78,BSM,0,8.8,6.6,8,6,1.1,-1
87,BSM,0,8.8,6.6,8,6,1.1,-1
104,BSM,0,8.8,6.6,8,6,1.1,-1
96,BSM,0,8.8,6.6,8,6,1.1,-1
69,BSM,0,8.8,6.6,8,6,1.1,-1
110,BSM,0,8.8,6.6,8,6,1.1,-1
111,BSM,0,8.8,6.6,8,6,1.1,-1
112,BSM,0,8.8,6.6,8,6,1.1,-1
105,BSM,0,8.8,6.6,8,6,1.1,-1
88,BSM,0,8.8,6.6,8,6,1.1,-1
79,BSM,0,8.8,6.6,8,6,1.1,-1
97,BSM,0,8.8,6.6,8,6,1.1,-1
113,BSM,0,8.8,6.6,8,6,1.1,-1
106,BSM,0,8.8,6.6,8,6,1.1,-1
114,BSM,0,8.8,6.6,8,6,1.1,-1
120,BSM,0,8.8,6.6,8,6,1.1,-1
121,BSM,0,8.8,6.6,8,6,1.1,-1
98,BSM,0,8.8,6.6,8,6,1.1,-1
89,BSM,0,8.8,6.6,8,6,1.1,-1
115,BSM,0,8.8,6.6,8,6,1.1,-1
122,BSM,0,8.8,6.6,8,6,1.1,-1
107,BSM,0,8.8,6.6,8,6,1.1,-1
123,BSM,0,8.8,6.6,8,6,1.1,-1
116,BSM,0,8.8,6.6,8,6,1.1,-1
124,BSM,0,8.8,6.6,8,6,1.1,-1
99,BSM,0,8.8,6.6,8,6,1.1,-1
108,BSM,0,8.8,6.6,8,6,1.1,-1
130,BSM,0,8.8,6.6,8,6,1.1,-1
125,BSM,0,8.8,6.6,8,6,1.1,-1
117,BSM,0,8.8,6.6,8,6,1.1,-1
131,BSM,0,8.8,6.6,8,6,1.1,-1
126,BSM,0,8.8,6.6,8,6,1.1,-1
109,BSM,0,8.8,6.6,8,6,1.1,-1
118,BSM,0,8.8,6.6,8,6,1.1,-1
127,BSM,0,8.8,6.6,8,6,1.1,-1
119,BSM,0,8.8,6.6,8,6,1.1,-1
128,BSM,0,8.8,6.6,8,6,1.1,-1
129,BSM,0,8.8,6.6,8,6,1.1,-1
10,BSM,0,9.6,7.2,8,6,1.2,-1
1,BSM,0,9.6,7.2,8,6,1.2,-1
11,BSM,0,9.6,7.2,8,6,1.2,-1
20,BSM,0,9.6,7.2,8,6,1.2,-1
2,BSM,0,9.6,7.2,8,6,1.2,-1
12,BSM,0,9.6,7.2,8,6,1.2,-1
21,BSM,0,9.6,7.2,8,6,1.2,-1
22,BSM,0,9.6,7.2,8,6,1.2,-1
3,BSM,0,9.6,7.2,8,6,1.2,-1
30,BSM,0,9.6,7.2,8,6,1.2,-1
13,BSM,0,9.6,7.2,8,6,1.2,-1
31,BSM,0,9.6,7.2,8,6,1.2,-1
32,BSM,0,9.6,7.2,8,6,1.2,-1
23,BSM,0,9.6,7.2,8,6,1.2,-1
40,BSM,0,9.6,7.2,8,6,1.2,-1
4,BSM,0,9.6,7.2,8,6,1.2,-1
41,BSM,0,9.6,7.2,8,6,1.2,-1
14,BSM,0,9.6,7.2,8,6,1.2,-1
33,BSM,0,9.6,7.2,8,6,1.2,-1
24,BSM,0,9.6,7.2,8,6,1.2,-1
42,BSM,0,9.6,7.2,8,6,1.2,-1
50,BSM,0,9.6,7.2,8,6,1.2,-1
34,BSM,0,9.6,7.2,8,6,1.2,-1
43,BSM,0,9.6,7.2,8,6,1.2,-1
5,BSM,0,9.6,7.2,8,6,1.2,-1
15,BSM,0,9.6,7.2,8,6,1.2,-1
51,BSM,0,9.6,7.2,8,6,1.2,-1
52,BSM,0,9.6,7.2,8,6,1.2,-1
25,BSM,0,9.6,7.2,8,6,1.2,-1
44,BSM,0,9.6,7.2,8,6,1.2,-1
53,BSM,0,9.6,7.2,8,6,1.2,-1
35,BSM,0,9.6,7.2,8,6,1.2,-1
6,BSM,0,9.6,7.2,8,6,1.2,-1
60,BSM,0,9.6,7.2,8,6,1.2,-1
16,BSM,0,9.6,7.2,8,6,1.2,-1
61,BSM,0,9.6,7.2,8,6,1.2,-1
62,BSM,0,9.6,7.2,8,6,1.2,-1
26,BSM,0,9.6,7.2,8,6,1.2,-1
54,BSM,0,9.6,7.2,8,6,1.2,-1
45,BSM,0,9.6,7.2,8,6,1.2,-1
36,BSM,0,9.6,7.2,8,6,1.2,-1
63,BSM,0,9.6,7.2,8,6,1.2,-1
70,BSM,0,9.6,7.2,8,6,1.2,-1
7,BSM,0,9.6,7.2,8,6,1.2,-1
55,BSM,0,9.6,7.2,8,6,1.2,-1
71,BSM,0,9.6,7.2,8,6,1.2,-1
17,BSM,0,9.6,7.2,8,6,1.2,-1
64,BSM,0,9.6,7.2,8,6,1.2,-1
46,BSM,0,9.6,7.2,8,6,1.2,-1
72,BSM,0,9.6,7.2,8,6,1.2,-1
27,BSM,0,9.6,7.2,8,6,1.2,-1
37,BSM,0,9.6,7.2,8,6,1.2,-1
73,BSM,0,9.6,7.2,8,6,1.2,-1
56,BSM,0,9.6,7.2,8,6,1.2,-1
65,BSM,0,9.6,7.2,8,6,1.2,-1
80,BSM,0,9.6,7.2,8,6,1.2,-1
18,BSM,0,9.6,7.2,8,6,1.2,-1
8,BSM,0,9.6,7.2,8,6,1.2,-1
74,BSM,0,9.6,7.2,8,6,1.2,-1
81,BSM,0,9.6,7.2,8,6,1.2,-1
47,BSM,0,9.6,7.2,8,6,1.2,-1
82,BSM,0,9.6,7.2,8,6,1.2,-1
28,BSM,0,9.6,7.2,8,6,1.2,-1
66,BSM,0,9.6,7.2,8,6,1.2,-1
38,BSM,0,9.6,7.2,8,6,1.2,-1
83,BSM,0,9.6,7.2,8,6,1.2,-1
57,BSM,0,9.6,7.2,8,6,1.2,-1
75,BSM,0,9.6,7.2,8,6,1.2,-1
48,BSM,0,9.6,7.2,8,6,1.2,-1
84,BSM,0,9.6,7.2,8,6,1.2,-1
9,BSM,0,9.6,7.2,8,6,1.2,-1
90,BSM,0,9.6,7.2,8,6,1.2,-1
19,BSM,0,9.6,7.2,8,6,1.2,-1
91,BSM,0,9.6,7.2,8,6,1.2,-1
92,BSM,0,9.6,7.2,8,6,1.2,-1
76,BSM,0,9.6,7.2,8,6,1.2,-1
67,BSM,0,9.6,7.2,8,6,1.2,-1
29,BSM,0,9.6,7.2,8,6,1.2,-1
58,BSM,0,9.6,7.2,8,6,1.2,-1
85,BSM,0,9.6,7.2,8,6,1.2,-1
39,BSM,0,9.6,7.2,8,6,1.2,-1
93,BSM,0,9.6,7.2,8,6,1.2,-1
94,BSM,0,9.6,7.2,8,6,1.2,-1
49,BSM,0,9.6,7.2,8,6,1.2,-1
77,BSM,0,9.6,7.2,8,6,1.2,-1
100,BSM,0,9.6,7.2,8,6,1.2,-1
86,BSM,0,9.6,7.2,8,6,1.2,-1
68,BSM,0,9.6,7.2,8,6,1.2,-1
101,BSM,0,9.6,7.2,8,6,1.2,-1
102,BSM,0,9.6,7.2,8,6,1.2,-1
95,BSM,0,9.6,7.2,8,6,1.2,-1
59,BSM,0,9.6,7.2,8,6,1.2,-1
103,BSM,0,9.6,7.2,8,6,1.2,-1
78,BSM,0,9.6,7.2,8,6,1.2,-1
87,BSM,0,9.6,7.2,8,6,1.2,-1
104,BSM,0,9.6,7.2,8,6,1.2,-1
96,BSM,0,9.6,7.2,8,6,1.2,-1
69,BSM,0,9.6,7.2,8,6,1.2,-1
110,BSM,0,9.6,7.2,8,6,1.2,-1
111,BSM,0,9.6,7.2,8,6,1.2,-1
112,BSM,0,9.6,7.2,8,6,1.2,-1
105,BSM,0,9.6,7.2,8,6,1.2,-1
88,BSM,0,9.6,7.2,8,6,1.2,-1
79,BSM,0,9.6,7.2,8,6,1.2,-1
97,BSM,0,9.6,7.2,8,6,1.2,-1
113,BSM,0,9.6,7.2,8,6,1.2,-1
106,BSM,0,9.6,7.2,8,6,1.2,-1
114,BSM,0,9.6,7.2,8,6,1.2,-1
120,BSM,0,9.6,7.2,8,6,1.2,-1
121,BSM,0,9.6,7.2,8,6,1.2,-1
98,BSM,0,9.6,7.2,8,6,1.2,-1
89,BSM,0,9.6,7.2,8,6,1.2,-1
115,BSM,0,9.6,7.2,8,6,1.2,-1
122,BSM,0,9.6,7.2,8,6,1.2,-1
107,BSM,0,9.6,7.2,8,6,1.2,-1
123,BSM,0,9.6,7.2,8,6,1.2,-1
116,BSM,0,9.6,7.2,8,6,1.2,-1
124,BSM,0,9.6,7.2,8,6,1.2,-1
99,BSM,0,9.6,7.2,8,6,1.2,-1
108,BSM,0,9.6,7.2,8,6,1.2,-1
130,BSM,0,9.6,7.2,8,6,1.2,-1
117,BSM,0,9.6,7.2,8,6,1.2,-1
125,BSM,0,9.6,7.2,8,6,1.2,-1
131,BSM,0,9.6,7.2,8,6,1.2,-1
126,BSM,0,9.6,7.2,8,6,1.2,-1
109,BSM,0,9.6,7.2,8,6,1.2,-1
118,BSM,0,9.6,7.2,8,6,1.2,-1
127,BSM,0,9.6,7.2,8,6,1.2,-1
119,BSM,0,9.6,7.2,8,6,1.2,-1
128,BSM,0,9.6,7.2,8,6,1.2,-1
129,BSM,0,9.6,7.2,8,6,1.2,-1
10,BSM,0,9.6,7.2,8,6,1.2,-1
1,BSM,0,9.6,7.2,8,6,1.2,-1
11,BSM,0,9.6,7.2,8,6,1.2,-1
20,BSM,0,9.6,7.2,8,6,1.2,-1
2,BSM,0,9.6,7.2,8,6,1.2,-1
12,BSM,0,9.6,7.2,8,6,1.2,-1
21,BSM,0,9.6,7.2,8,6,1.2,-1
22,BSM,0,9.6,7.2,8,6,1.2,-1
3,BSM,0,9.6,7.2,8,6,1.2,-1
30,BSM,0,9.6,7.2,8,6,1.2,-1
13,BSM,0,9.6,7.2,8,6,1.2,-1
31,BSM,0,9.6,7.2,8,6,1.2,-1
32,BSM,0,9.6,7.2,8,6,1.2,-1
23,BSM,0,9.6,7.2,8,6,1.2,-1
40,BSM,0,9.6,7.2,8,6,1.2,-1
4,BSM,0,9.6,7.2,8,6,1.2,-1
41,BSM,0,9.6,7.2,8,6,1.2,-1
14,BSM,0,9.6,7.2,8,6,1.2,-1
33,BSM,0,9.6,7.2,8,6,1.2,-1
24,BSM,0,9.6,7.2,8,6,1.2,-1
42,BSM,0,9.6,7.2,8,6,1.2,-1
50,BSM,0,9.6,7.2,8,6,1.2,-1
34,BSM,0,9.6,7.2,8,6,1.2,-1
43,BSM,0,9.6,7.2,8,6,1.2,-1
5,BSM,0,9.6,7.2,8,6,1.2,-1
15,BSM,0,9.6,7.2,8,6,1.2,-1
51,BSM,0,9.6,7.2,8,6,1.2,-1
52,BSM,0,9.6,7.2,8,6,1.2,-1
25,BSM,0,9.6,7.2,8,6,1.2,-1
44,BSM,0,9.6,7.2,8,6,1.2,-1
53,BSM,0,9.6,7.2,8,6,1.2,-1
35,BSM,0,9.6,7.2,8,6,1.2,-1
6,BSM,0,9.6,7.2,8,6,1.2,-1
60,BSM,0,9.6,7.2,8,6,1.2,-1
16,BSM,0,9.6,7.2,8,6,1.2,-1
61,BSM,0,9.6,7.2,8,6,1.2,-1
62,BSM,0,9.6,7.2,8,6,1.2,-1
26,BSM,0,9.6,7.2,8,6,1.2,-1
54,BSM,0,9.6,7.2,8,6,1.2,-1
45,BSM,0,9.6,7.2,8,6,1.2,-1
36,BSM,0,9.6,7.2,8,6,1.2,-1
63,BSM,0,9.6,7.2,8,6,1.2,-1
70,BSM,0,9.6,7.2,8,6,1.2,-1
7,BSM,0,9.6,7.2,8,6,1.2,-1
55,BSM,0,9.6,7.2,8,6,1.2,-1
71,BSM,0,9.6,7.2,8,6,1.2,-1
17,BSM,0,9.6,7.2,8,6,1.2,-1
64,BSM,0,9.6,7.2,8,6,1.2,-1
46,BSM,0,9.6,7.2,8,6,1.2,-1
72,BSM,0,9.6,7.2,8,6,1.2,-1
27,BSM,0,9.6,7.2,8,6,1.2,-1
37,BSM,0,9.6,7.2,8,6,1.2,-1
73,BSM,0,9.6,7.2,8,6,1.2,-1
56,BSM,0,9.6,7.2,8,6,1.2,-1
65,BSM,0,9.6,7.2,8,6,1.2,-1
80,BSM,0,9.6,7.2,8,6,1.2,-1
18,BSM,0,9.6,7.2,8,6,1.2,-1
8,BSM,0,9.6,7.2,8,6,1.2,-1
74,BSM,0,9.6,7.2,8,6,1.2,-1
81,BSM,0,9.6,7.2,8,6,1.2,-1
47,BSM,0,9.6,7.2,8,6,1.2,-1
82,BSM,0,9.6,7.2,8,6,1.2,-1
28,BSM,0,9.6,7.2,8,6,1.2,-1
66,BSM,0,9.6,7.2,8,6,1.2,-1
38,BSM,0,9.6,7.2,8,6,1.2,-1
83,BSM,0,9.6,7.2,8,6,1.2,-1
57,BSM,0,9.6,7.2,8,6,1.2,-1
75,BSM,0,9.6,7.2,8,6,1.2,-1
48,BSM,0,9.6,7.2,8,6,1.2,-1
84,BSM,0,9.6,7.2,8,6,1.2,-1
9,BSM,0,9.6,7.2,8,6,1.2,-1
90,BSM,0,9.6,7.2,8,6,1.2,-1
19,BSM,0,9.6,7.2,8,6,1.2,-1
91,BSM,0,9.6,7.2,8,6,1.2,-1
92,BSM,0,9.6,7.2,8,6,1.2,-1
76,BSM,0,9.6,7.2,8,6,1.2,-1
67,BSM,0,9.6,7.2,8,6,1.2,-1
29,BSM,0,9.6,7.2,8,6,1.2,-1
58,BSM,0,9.6,7.2,8,6,1.2,-1
85,BSM,0,9.6,7.2,8,6,1.2,-1
39,BSM,0,9.6,7.2,8,6,1.2,-1
93,BSM,0,9.6,7.2,8,6,1.2,-1
94,BSM,0,9.6,7.2,8,6,1.2,-1
49,BSM,0,9.6,7.2,8,6,1.2,-1
77,BSM,0,9.6,7.2,8,6,1.2,-1
100,BSM,0,9.6,7.2,8,6,1.2,-1
86,BSM,0,9.6,7.2,8,6,1.2,-1
68,BSM,0,9.6,7.2,8,6,1.2,-1
101,BSM,0,9.6,7.2,8,6,1.2,-1
102,BSM,0,9.6,7.2,8,6,1.2,-1
95,BSM,0,9.6,7.2,8,6,1.2,-1
59,BSM,0,9.6,7.2,8,6,1.2,-1
103,BSM,0,9.6,7.2,8,6,1.2,-1
78,BSM,0,9.6,7.2,8,6,1.2,-1
87,BSM,0,9.6,7.2,8,6,1.2,-1
104,BSM,0,9.6,7.2,8,6,1.2,-1
96,BSM,0,9.6,7.2,8,6,1.2,-1
69,BSM,0,9.6,7.2,8,6,1.2,-1
110,BSM,0,9.6,7.2,8,6,1.2,-1
111,BSM,0,9.6,7.2,8,6,1.2,-1
112,BSM,0,9.6,7.2,8,6,1.2,-1
105,BSM,0,9.6,7.2,8,6,1.2,-1
88,BSM,0,9.6,7.2,8,6,1.2,-1
79,BSM,0,9.6,7.2,8,6,1.2,-1
97,BSM,0,9.6,7.2,8,6,1.2,-1
113,BSM,0,9.6,7.2,8,6,1.2,-1
106,BSM,0,9.6,7.2,8,6,1.2,-1
114,BSM,0,9.6,7.2,8,6,1.2,-1
120,BSM,0,9.6,7.2,8,6,1.2,-1
121,BSM,0,9.6,7.2,8,6,1.2,-1
98,BSM,0,9.6,7.2,8,6,1.2,-1
89,BSM,0,9.6,7.2,8,6,1.2,-1
115,BSM,0,9.6,7.2,8,6,1.2,-1
122,BSM,0,9.6,7.2,8,6,1.2,-1
107,BSM,0,9.6,7.2,8,6,1.2,-1
123,BSM,0,9.6,7.2,8,6,1.2,-1
116,BSM,0,9.6,7.2,8,6,1.2,-1
124,BSM,0,9.6,7.2,8,6,1.2,-1
99,BSM,0,9.6,7.2,8,6,1.2,-1
108,BSM,0,9.6,7.2,8,6,1.2,-1
130,BSM,0,9.6,7.2,8,6,1.2,-1
117,BSM,0,9.6,7.2,8,6,1.2,-1
125,BSM,0,9.6,7.2,8,6,1.2,-1
131,BSM,0,9.6,7.2,8,6,1.2,-1
126,BSM,0,9.6,7.2,8,6,1.2,-1
109,BSM,0,9.6,7.2,8,6,1.2,-1
118,BSM,0,9.6,7.2,8,6,1.2,-1
127,BSM,0,9.6,7.2,8,6,1.2,-1
119,BSM,0,9.6,7.2,8,6,1.2,-1
128,BSM,0,9.6,7.2,8,6,1.2,-1
129,BSM,0,9.6,7.2,8,6,1.2,-1
10,BSM,0,9.6,7.2,8,6,1.2,-1
1,BSM,0,9.6,7.2,8,6,1.2,-1
11,BSM,0,9.6,7.2,8,6,1.2,-1
20,BSM,0,9.6,7.2,8,6,1.2,-1
2,BSM,0,9.6,7.2,8,6,1.2,-1
12,BSM,0,9.6,7.2,8,6,1.2,-1
21,BSM,0,9.6,7.2,8,6,1.2,-1
22,BSM,0,9.6,7.2,8,6,1.2,-1
3,BSM,0,9.6,7.2,8,6,1.2,-1
30,BSM,0,9.6,7.2,8,6,1.2,-1
13,BSM,0,9.6,7.2,8,6,1.2,-1
31,BSM,0,9.6,7.2,8,6,1.2,-1
32,BSM,0,9.6,7.2,8,6,1.2,-1
23,BSM,0,9.6,7.2,8,6,1.2,-1
40,BSM,0,9.6,7.2,8,6,1.2,-1
4,BSM,0,9.6,7.2,8,6,1.2,-1
41,BSM,0,9.6,7.2,8,6,1.2,-1
14,BSM,0,9.6,7.2,8,6,1.2,-1
33,BSM,0,9.6,7.2,8,6,1.2,-1
24,BSM,0,9.6,7.2,8,6,1.2,-1
42,BSM,0,9.6,7.2,8,6,1.2,-1
50,BSM,0,9.6,7.2,8,6,1.2,-1
34,BSM,0,9.6,7.2,8,6,1.2,-1
43,BSM,0,9.6,7.2,8,6,1.2,-1
5,BSM,0,9.6,7.2,8,6,1.2,-1
15,BSM,0,9.6,7.2,8,6,1.2,-1
51,BSM,0,9.6,7.2,8,6,1.2,-1
52,BSM,0,9.6,7.2,8,6,1.2,-1
25,BSM,0,9.6,7.2,8,6,1.2,-1
44,BSM,0,9.6,7.2,8,6,1.2,-1
53,BSM,0,9.6,7.2,8,6,1.2,-1
35,BSM,0,9.6,7.2,8,6,1.2,-1
6,BSM,0,9.6,7.2,8,6,1.2,-1
60,BSM,0,9.6,7.2,8,6,1.2,-1
16,BSM,0,9.6,7.2,8,6,1.2,-1
61,BSM,0,9.6,7.2,8,6,1.2,-1
62,BSM,0,9.6,7.2,8,6,1.2,-1
26,BSM,0,9.6,7.2,8,6,1.2,-1
54,BSM,0,9.6,7.2,8,6,1.2,-1
45,BSM,0,9.6,7.2,8,6,1.2,-1
36,BSM,0,9.6,7.2,8,6,1.2,-1
63,BSM,0,9.6,7.2,8,6,1.2,-1
70,BSM,0,9.6,7.2,8,6,1.2,-1
7,BSM,0,9.6,7.2,8,6,1.2,-1
55,BSM,0,9.6,7.2,8,6,1.2,-1
71,BSM,0,9.6,7.2,8,6,1.2,-1
17,BSM,0,9.6,7.2,8,6,1.2,-1
64,BSM,0,9.6,7.2,8,6,1.2,-1
46,BSM,0,9.6,7.2,8,6,1.2,-1
72,BSM,0,9.6,7.2,8,6,1.2,-1
27,BSM,0,9.6,7.2,8,6,1.2,-1
37,BSM,0,9.6,7.2,8,6,1.2,-1
73,BSM,0,9.6,7.2,8,6,1.2,-1
56,BSM,0,9.6,7.2,8,6,1.2,-1
65,BSM,0,9.6,7.2,8,6,1.2,-1
80,BSM,0,9.6,7.2,8,6,1.2,-1
18,BSM,0,9.6,7.2,8,6,1.2,-1
8,BSM,0,9.6,7.2,8,6,1.2,-1
74,BSM,0,9.6,7.2,8,6,1.2,-1
81,BSM,0,9.6,7.2,8,6,1.2,-1
47,BSM,0,9.6,7.2,8,6,1.2,-1
82,BSM,0,9.6,7.2,8,6,1.2,-1
28,BSM,0,9.6,7.2,8,6,1.2,-1
66,BSM,0,9.6,7.2,8,6,1.2,-1
83,BSM,0,9.6,7.2,8,6,1.2,-1
38,BSM,0,9.6,7.2,8,6,1.2,-1
57,BSM,0,9.6,7.2,8,6,1.2,-1
75,BSM,0,9.6,7.2,8,6,1.2,-1
48,BSM,0,9.6,7.2,8,6,1.2,-1
84,BSM,0,9.6,7.2,8,6,1.2,-1
9,BSM,0,9.6,7.2,8,6,1.2,-1
90,BSM,0,9.6,7.2,8,6,1.2,-1
19,BSM,0,9.6,7.2,8,6,1.2,-1
91,BSM,0,9.6,7.2,8,6,1.2,-1
92,BSM,0,9.6,7.2,8,6,1.2,-1
76,BSM,0,9.6,7.2,8,6,1.2,-1
67,BSM,0,9.6,7.2,8,6,1.2,-1
29,BSM,0,9.6,7.2,8,6,1.2,-1
58,BSM,0,9.6,7.2,8,6,1.2,-1
85,BSM,0,9.6,7.2,8,6,1.2,-1
39,BSM,0,9.6,7.2,8,6,1.2,-1
93,BSM,0,9.6,7.2,8,6,1.2,-1
94,BSM,0,9.6,7.2,8,6,1.2,-1
49,BSM,0,9.6,7.2,8,6,1.2,-1
77,BSM,0,9.6,7.2,8,6,1.2,-1
100,BSM,0,9.6,7.2,8,6,1.2,-1
86,BSM,0,9.6,7.2,8,6,1.2,-1
68,BSM,0,9.6,7.2,8,6,1.2,-1
101,BSM,0,9.6,7.2,8,6,1.2,-1
102,BSM,0,9.6,7.2,8,6,1.2,-1
95,BSM,0,9.6,7.2,8,6,1.2,-1
59,BSM,0,9.6,7.2,8,6,1.2,-1
103,BSM,0,9.6,7.2,8,6,1.2,-1
78,BSM,0,9.6,7.2,8,6,1.2,-1
87,BSM,0,9.6,7.2,8,6,1.2,-1
104,BSM,0,9.6,7.2,8,6,1.2,-1
96,BSM,0,9.6,7.2,8,6,1.2,-1
69,BSM,0,9.6,7.2,8,6,1.2,-1
110,BSM,0,9.6,7.2,8,6,1.2,-1
111,BSM,0,9.6,7.2,8,6,1.2,-1
112,BSM,0,9.6,7.2,8,6,1.2,-1
105,BSM,0,9.6,7.2,8,6,1.2,-1
88,BSM,0,9.6,7.2,8,6,1.2,-1
79,BSM,0,9.6,7.2,8,6,1.2,-1
97,BSM,0,9.6,7.2,8,6,1.2,-1
113,BSM,0,9.6,7.2,8,6,1.2,-1
106,BSM,0,9.6,7.2,8,6,1.2,-1
114,BSM,0,9.6,7.2,8,6,1.2,-1
120,BSM,0,9.6,7.2,8,6,1.2,-1
121,BSM,0,9.6,7.2,8,6,1.2,-1
98,BSM,0,9.6,7.2,8,6,1.2,-1
89,BSM,0,9.6,7.2,8,6,1.2,-1
115,BSM,0,9.6,7.2,8,6,1.2,-1
122,BSM,0,9.6,7.2,8,6,1.2,-1
107,BSM,0,9.6,7.2,8,6,1.2,-1
123,BSM,0,9.6,7.2,8,6,1.2,-1
116,BSM,0,9.6,7.2,8,6,1.2,-1
124,BSM,0,9.6,7.2,8,6,1.2,-1
99,BSM,0,9.6,7.2,8,6,1.2,-1
108,BSM,0,9.6,7.2,8,6,1.2,-1
130,BSM,0,9.6,7.2,8,6,1.2,-1
117,BSM,0,9.6,7.2,8,6,1.2,-1
125,BSM,0,9.6,7.2,8,6,1.2,-1
131,BSM,0,9.6,7.2,8,6,1.2,-1
126,BSM,0,9.6,7.2,8,6,1.2,-1
109,BSM,0,9.6,7.2,8,6,1.2,-1
118,BSM,0,9.6,7.2,8,6,1.2,-1
127,BSM,0,9.6,7.2,8,6,1.2,-1
119,BSM,0,9.6,7.2,8,6,1.2,-1
128,BSM,0,9.6,7.2,8,6,1.2,-1
129,BSM,0,9.6,7.2,8,6,1.2,-1
10,BSM,0,9.6,7.2,8,6,1.2,-1
1,BSM,0,9.6,7.2,8,6,1.2,-1
11,BSM,0,9.6,7.2,8,6,1.2,-1
20,BSM,0,9.6,7.2,8,6,1.2,-1
2,BSM,0,9.6,7.2,8,6,1.2,-1
12,BSM,0,9.6,7.2,8,6,1.2,-1
21,BSM,0,9.6,7.2,8,6,1.2,-1
22,BSM,0,9.6,7.2,8,6,1.2,-1
3,BSM,0,9.6,7.2,8,6,1.2,-1
30,BSM,0,9.6,7.2,8,6,1.2,-1
13,BSM,0,9.6,7.2,8,6,1.2,-1
31,BSM,0,9.6,7.2,8,6,1.2,-1
32,BSM,0,9.6,7.2,8,6,1.2,-1
23,BSM,0,9.6,7.2,8,6,1.2,-1
40,BSM,0,9.6,7.2,8,6,1.2,-1
4,BSM,0,9.6,7.2,8,6,1.2,-1
41,BSM,0,9.6,7.2,8,6,1.2,-1
14,BSM,0,9.6,7.2,8,6,1.2,-1
33,BSM,0,9.6,7.2,8,6,1.2,-1
24,BSM,0,9.6,7.2,8,6,1.2,-1
42,BSM,0,9.6,7.2,8,6,1.2,-1
50,BSM,0,9.6,7.2,8,6,1.2,-1
34,BSM,0,9.6,7.2,8,6,1.2,-1
43,BSM,0,9.6,7.2,8,6,1.2,-1
5,BSM,0,9.6,7.2,8,6,1.2,-1
15,BSM,0,9.6,7.2,8,6,1.2,-1
51,BSM,0,9.6,7.2,8,6,1.2,-1
52,BSM,0,9.6,7.2,8,6,1.2,-1
25,BSM,0,9.6,7.2,8,6,1.2,-1
44,BSM,0,9.6,7.2,8,6,1.2,-1
53,BSM,0,9.6,7.2,8,6,1.2,-1
35,BSM,0,9.6,7.2,8,6,1.2,-1
6,BSM,0,9.6,7.2,8,6,1.2,-1
60,BSM,0,9.6,7.2,8,6,1.2,-1
16,BSM,0,9.6,7.2,8,6,1.2,-1
61,BSM,0,9.6,7.2,8,6,1.2,-1
62,BSM,0,9.6,7.2,8,6,1.2,-1
26,BSM,0,9.6,7.2,8,6,1.2,-1
54,BSM,0,9.6,7.2,8,6,1.2,-1
45,BSM,0,9.6,7.2,8,6,1.2,-1
36,BSM,0,9.6,7.2,8,6,1.2,-1
63,BSM,0,9.6,7.2,8,6,1.2,-1
70,BSM,0,9.6,7.2,8,6,1.2,-1
7,BSM,0,9.6,7.2,8,6,1.2,-1
55,BSM,0,9.6,7.2,8,6,1.2,-1
71,BSM,0,9.6,7.2,8,6,1.2,-1
17,BSM,0,9.6,7.2,8,6,1.2,-1
64,BSM,0,9.6,7.2,8,6,1.2,-1
46,BSM,0,9.6,7.2,8,6,1.2,-1
72,BSM,0,9.6,7.2,8,6,1.2,-1
27,BSM,0,9.6,7.2,8,6,1.2,-1
37,BSM,0,9.6,7.2,8,6,1.2,-1
73,BSM,0,9.6,7.2,8,6,1.2,-1
56,BSM,0,9.6,7.2,8,6,1.2,-1
65,BSM,0,9.6,7.2,8,6,1.2,-1
80,BSM,0,9.6,7.2,8,6,1.2,-1
18,BSM,0,9.6,7.2,8,6,1.2,-1
8,BSM,0,9.6,7.2,8,6,1.2,-1
74,BSM,0,9.6,7.2,8,6,1.2,-1
81,BSM,0,9.6,7.2,8,6,1.2,-1
47,BSM,0,9.6,7.2,8,6,1.2,-1
82,BSM,0,9.6,7.2,8,6,1.2,-1
28,BSM,0,9.6,7.2,8,6,1.2,-1
66,BSM,0,9.6,7.2,8,6,1.2,-1
83,BSM,0,9.6,7.2,8,6,1.2,-1
38,BSM,0,9.6,7.2,8,6,1.2,-1
57,BSM,0,9.6,7.2,8,6,1.2,-1
75,BSM,0,9.6,7.2,8,6,1.2,-1
48,BSM,0,9.6,7.2,8,6,1.2,-1
84,BSM,0,9.6,7.2,8,6,1.2,-1
9,BSM,0,9.6,7.2,8,6,1.2,-1
90,BSM,0,9.6,7.2,8,6,1.2,-1
19,BSM,0,9.6,7.2,8,6,1.2,-1
91,BSM,0,9.6,7.2,8,6,1.2,-1
92,BSM,0,9.6,7.2,8,6,1.2,-1
76,BSM,0,9.6,7.2,8,6,1.2,-1
67,BSM,0,9.6,7.2,8,6,1.2,-1
29,BSM,0,9.6,7.2,8,6,1.2,-1
58,BSM,0,9.6,7.2,8,6,1.2,-1
85,BSM,0,9.6,7.2,8,6,1.2,-1
39,BSM,0,9.6,7.2,8,6,1.2,-1
93,BSM,0,9.6,7.2,8,6,1.2,-1
94,BSM,0,9.6,7.2,8,6,1.2,-1
49,BSM,0,9.6,7.2,8,6,1.2,-1
77,BSM,0,9.6,7.2,8,6,1.2,-1
100,BSM,0,9.6,7.2,8,6,1.2,-1
86,BSM,0,9.6,7.2,8,6,1.2,-1
68,BSM,0,9.6,7.2,8,6,1.2,-1
101,BSM,0,9.6,7.2,8,6,1.2,-1
102,BSM,0,9.6,7.2,8,6,1.2,-1
95,BSM,0,9.6,7.2,8,6,1.2,-1
59,BSM,0,9.6,7.2,8,6,1.2,-1
103,BSM,0,9.6,7.2,8,6,1.2,-1
78,BSM,0,9.6,7.2,8,6,1.2,-1
87,BSM,0,9.6,7.2,8,6,1.2,-1
104,BSM,0,9.6,7.2,8,6,1.2,-1
96,BSM,0,9.6,7.2,8,6,1.2,-1
69,BSM,0,9.6,7.2,8,6,1.2,-1
110,BSM,0,9.6,7.2,8,6,1.2,-1
111,BSM,0,9.6,7.2,8,6,1.2,-1
112,BSM,0,9.6,7.2,8,6,1.2,-1
105,BSM,0,9.6,7.2,8,6,1.2,-1
88,BSM,0,9.6,7.2,8,6,1.2,-1
79,BSM,0,9.6,7.2,8,6,1.2,-1
97,BSM,0,9.6,7.2,8,6,1.2,-1
113,BSM,0,9.6,7.2,8,6,1.2,-1
106,BSM,0,9.6,7.2,8,6,1.2,-1
114,BSM,0,9.6,7.2,8,6,1.2,-1
120,BSM,0,9.6,7.2,8,6,1.2,-1
121,BSM,0,9.6,7.2,8,6,1.2,-1
98,BSM,0,9.6,7.2,8,6,1.2,-1
89,BSM,0,9.6,7.2,8,6,1.2,-1
115,BSM,0,9.6,7.2,8,6,1.2,-1
122,BSM,0,9.6,7.2,8,6,1.2,-1
107,BSM,0,9.6,7.2,8,6,1.2,-1
123,BSM,0,9.6,7.2,8,6,1.2,-1
116,BSM,0,9.6,7.2,8,6,1.2,-1
124,BSM,0,9.6,7.2,8,6,1.2,-1
99,BSM,0,9.6,7.2,8,6,1.2,-1
108,BSM,0,9.6,7.2,8,6,1.2,-1
130,BSM,0,9.6,7.2,8,6,1.2,-1
117,BSM,0,9.6,7.2,8,6,1.2,-1
125,BSM,0,9.6,7.2,8,6,1.2,-1
131,BSM,0,9.6,7.2,8,6,1.2,-1
126,BSM,0,9.6,7.2,8,6,1.2,-1
109,BSM,0,9.6,7.2,8,6,1.2,-1
118,BSM,0,9.6,7.2,8,6,1.2,-1
127,BSM,0,9.6,7.2,8,6,1.2,-1
119,BSM,0,9.6,7.2,8,6,1.2,-1
128,BSM,0,9.6,7.2,8,6,1.2,-1
129,BSM,0,9.6,7.2,8,6,1.2,-1
10,BSM,0,9.6,7.2,8,6,1.2,-1
1,BSM,0,9.6,7.2,8,6,1.2,-1
11,BSM,0,9.6,7.2,8,6,1.2,-1
20,BSM,0,9.6,7.2,8,6,1.2,-1
2,BSM,0,9.6,7.2,8,6,1.2,-1
12,BSM,0,9.6,7.2,8,6,1.2,-1
21,BSM,0,9.6,7.2,8,6,1.2,-1
22,BSM,0,9.6,7.2,8,6,1.2,-1
3,BSM,0,9.6,7.2,8,6,1.2,-1
30,BSM,0,9.6,7.2,8,6,1.2,-1
13,BSM,0,9.6,7.2,8,6,1.2,-1
31,BSM,0,9.6,7.2,8,6,1.2,-1
32,BSM,0,9.6,7.2,8,6,1.2,-1
23,BSM,0,9.6,7.2,8,6,1.2,-1
40,BSM,0,9.6,7.2,8,6,1.2,-1
4,BSM,0,9.6,7.2,8,6,1.2,-1
41,BSM,0,9.6,7.2,8,6,1.2,-1
14,BSM,0,9.6,7.2,8,6,1.2,-1
33,BSM,0,9.6,7.2,8,6,1.2,-1
24,BSM,0,9.6,7.2,8,6,1.2,-1
42,BSM,0,9.6,7.2,8,6,1.2,-1
50,BSM,0,9.6,7.2,8,6,1.2,-1
34,BSM,0,9.6,7.2,8,6,1.2,-1
43,BSM,0,9.6,7.2,8,6,1.2,-1
5,BSM,0,9.6,7.2,8,6,1.2,-1
15,BSM,0,9.6,7.2,8,6,1.2,-1
51,BSM,0,9.6,7.2,8,6,1.2,-1
52,BSM,0,9.6,7.2,8,6,1.2,-1
25,BSM,0,9.6,7.2,8,6,1.2,-1
44,BSM,0,9.6,7.2,8,6,1.2,-1
53,BSM,0,9.6,7.2,8,6,1.2,-1
35,BSM,0,9.6,7.2,8,6,1.2,-1
6,BSM,0,9.6,7.2,8,6,1.2,-1
60,BSM,0,9.6,7.2,8,6,1.2,-1
16,BSM,0,9.6,7.2,8,6,1.2,-1
61,BSM,0,9.6,7.2,8,6,1.2,-1
62,BSM,0,9.6,7.2,8,6,1.2,-1
26,BSM,0,9.6,7.2,8,6,1.2,-1
54,BSM,0,9.6,7.2,8,6,1.2,-1
45,BSM,0,9.6,7.2,8,6,1.2,-1
36,BSM,0,9.6,7.2,8,6,1.2,-1
63,BSM,0,9.6,7.2,8,6,1.2,-1
70,BSM,0,9.6,7.2,8,6,1.2,-1
7,BSM,0,9.6,7.2,8,6,1.2,-1
55,BSM,0,9.6,7.2,8,6,1.2,-1
71,BSM,0,9.6,7.2,8,6,1.2,-1
17,BSM,0,9.6,7.2,8,6,1.2,-1
64,BSM,0,9.6,7.2,8,6,1.2,-1
46,BSM,0,9.6,7.2,8,6,1.2,-1
72,BSM,0,9.6,7.2,8,6,1.2,-1
27,BSM,0,9.6,7.2,8,6,1.2,-1
37,BSM,0,9.6,7.2,8,6,1.2,-1
73,BSM,0,9.6,7.2,8,6,1.2,-1
56,BSM,0,9.6,7.2,8,6,1.2,-1
65,BSM,0,9.6,7.2,8,6,1.2,-1
80,BSM,0,9.6,7.2,8,6,1.2,-1
18,BSM,0,9.6,7.2,8,6,1.2,-1
8,BSM,0,9.6,7.2,8,6,1.2,-1
74,BSM,0,9.6,7.2,8,6,1.2,-1
81,BSM,0,9.6,7.2,8,6,1.2,-1
47,BSM,0,9.6,7.2,8,6,1.2,-1
82,BSM,0,9.6,7.2,8,6,1.2,-1
28,BSM,0,9.6,7.2,8,6,1.2,-1
66,BSM,0,9.6,7.2,8,6,1.2,-1
83,BSM,0,9.6,7.2,8,6,1.2,-1
38,BSM,0,9.6,7.2,8,6,1.2,-1
57,BSM,0,9.6,7.2,8,6,1.2,-1
75,BSM,0,9.6,7.2,8,6,1.2,-1
48,BSM,0,9.6,7.2,8,6,1.2,-1
84,BSM,0,9.6,7.2,8,6,1.2,-1
9,BSM,0,9.6,7.2,8,6,1.2,-1
90,BSM,0,9.6,7.2,8,6,1.2,-1
19,BSM,0,9.6,7.2,8,6,1.2,-1
91,BSM,0,9.6,7.2,8,6,1.2,-1
92,BSM,0,9.6,7.2,8,6,1.2,-1
76,BSM,0,9.6,7.2,8,6,1.2,-1
67,BSM,0,9.6,7.2,8,6,1.2,-1
29,BSM,0,9.6,7.2,8,6,1.2,-1
58,BSM,0,9.6,7.2,8,6,1.2,-1
85,BSM,0,9.6,7.2,8,6,1.2,-1
39,BSM,0,9.6,7.2,8,6,1.2,-1
93,BSM,0,9.6,7.2,8,6,1.2,-1
94,BSM,0,9.6,7.2,8,6,1.2,-1
49,BSM,0,9.6,7.2,8,6,1.2,-1
77,BSM,0,9.6,7.2,8,6,1.2,-1
100,BSM,0,9.6,7.2,8,6,1.2,-1
86,BSM,0,9.6,7.2,8,6,1.2,-1
68,BSM,0,9.6,7.2,8,6,1.2,-1
101,BSM,0,9.6,7.2,8,6,1.2,-1
102,BSM,0,9.6,7.2,8,6,1.2,-1
95,BSM,0,9.6,7.2,8,6,1.2,-1
59,BSM,0,9.6,7.2,8,6,1.2,-1
103,BSM,0,9.6,7.2,8,6,1.2,-1
78,BSM,0,9.6,7.2,8,6,1.2,-1
87,BSM,0,9.6,7.2,8,6,1.2,-1
104,BSM,0,9.6,7.2,8,6,1.2,-1
96,BSM,0,9.6,7.2,8,6,1.2,-1
69,BSM,0,9.6,7.2,8,6,1.2,-1
110,BSM,0,9.6,7.2,8,6,1.2,-1
111,BSM,0,9.6,7.2,8,6,1.2,-1
112,BSM,0,9.6,7.2,8,6,1.2,-1
105,BSM,0,9.6,7.2,8,6,1.2,-1
88,BSM,0,9.6,7.2,8,6,1.2,-1
79,BSM,0,9.6,7.2,8,6,1.2,-1
97,BSM,0,9.6,7.2,8,6,1.2,-1
113,BSM,0,9.6,7.2,8,6,1.2,-1
106,BSM,0,9.6,7.2,8,6,1.2,-1
114,BSM,0,9.6,7.2,8,6,1.2,-1
120,BSM,0,9.6,7.2,8,6,1.2,-1
121,BSM,0,9.6,7.2,8,6,1.2,-1
98,BSM,0,9.6,7.2,8,6,1.2,-1
89,BSM,0,9.6,7.2,8,6,1.2,-1
115,BSM,0,9.6,7.2,8,6,1.2,-1
122,BSM,0,9.6,7.2,8,6,1.2,-1
107,BSM,0,9.6,7.2,8,6,1.2,-1
123,BSM,0,9.6,7.2,8,6,1.2,-1
116,BSM,0,9.6,7.2,8,6,1.2,-1
124,BSM,0,9.6,7.2,8,6,1.2,-1
99,BSM,0,9.6,7.2,8,6,1.2,-1
108,BSM,0,9.6,7.2,8,6,1.2,-1
130,BSM,0,9.6,7.2,8,6,1.2,-1
117,BSM,0,9.6,7.2,8,6,1.2,-1
125,BSM,0,9.6,7.2,8,6,1.2,-1
131,BSM,0,9.6,7.2,8,6,1.2,-1
126,BSM,0,9.6,7.2,8,6,1.2,-1
109,BSM,0,9.6,7.2,8,6,1.2,-1
118,BSM,0,9.6,7.2,8,6,1.2,-1
127,BSM,0,9.6,7.2,8,6,1.2,-1
119,BSM,0,9.6,7.2,8,6,1.2,-1
128,BSM,0,9.6,7.2,8,6,1.2,-1
129,BSM,0,9.6,7.2,8,6,1.2,-1
10,BSM,0,9.6,7.2,8,6,1.2,-1
1,BSM,0,9.6,7.2,8,6,1.2,-1
11,BSM,0,9.6,7.2,8,6,1.2,-1
20,BSM,0,9.6,7.2,8,6,1.2,-1
2,BSM,0,9.6,7.2,8,6,1.2,-1
12,BSM,0,9.6,7.2,8,6,1.2,-1
21,BSM,0,9.6,7.2,8,6,1.2,-1
22,BSM,0,9.6,7.2,8,6,1.2,-1
3,BSM,0,9.6,7.2,8,6,1.2,-1
30,BSM,0,9.6,7.2,8,6,1.2,-1
13,BSM,0,9.6,7.2,8,6,1.2,-1
31,BSM,0,9.6,7.2,8,6,1.2,-1
32,BSM,0,9.6,7.2,8,6,1.2,-1
23,BSM,0,9.6,7.2,8,6,1.2,-1
40,BSM,0,9.6,7.2,8,6,1.2,-1
4,BSM,0,9.6,7.2,8,6,1.2,-1
41,BSM,0,9.6,7.2,8,6,1.2,-1
14,BSM,0,9.6,7.2,8,6,1.2,-1
33,BSM,0,9.6,7.2,8,6,1.2,-1
24,BSM,0,9.6,7.2,8,6,1.2,-1
42,BSM,0,9.6,7.2,8,6,1.2,-1
50,BSM,0,9.6,7.2,8,6,1.2,-1
34,BSM,0,9.6,7.2,8,6,1.2,-1
43,BSM,0,9.6,7.2,8,6,1.2,-1
5,BSM,0,9.6,7.2,8,6,1.2,-1
15,BSM,0,9.6,7.2,8,6,1.2,-1
51,BSM,0,9.6,7.2,8,6,1.2,-1
52,BSM,0,9.6,7.2,8,6,1.2,-1
25,BSM,0,9.6,7.2,8,6,1.2,-1
44,BSM,0,9.6,7.2,8,6,1.2,-1
53,BSM,0,9.6,7.2,8,6,1.2,-1
35,BSM,0,9.6,7.2,8,6,1.2,-1
6,BSM,0,9.6,7.2,8,6,1.2,-1
60,BSM,0,9.6,7.2,8,6,1.2,-1
16,BSM,0,9.6,7.2,8,6,1.2,-1
61,BSM,0,9.6,7.2,8,6,1.2,-1
62,BSM,0,9.6,7.2,8,6,1.2,-1
26,BSM,0,9.6,7.2,8,6,1.2,-1
54,BSM,0,9.6,7.2,8,6,1.2,-1
45,BSM,0,9.6,7.2,8,6,1.2,-1
36,BSM,0,9.6,7.2,8,6,1.2,-1
63,BSM,0,9.6,7.2,8,6,1.2,-1
70,BSM,0,9.6,7.2,8,6,1.2,-1
7,BSM,0,9.6,7.2,8,6,1.2,-1
55,BSM,0,9.6,7.2,8,6,1.2,-1
71,BSM,0,9.6,7.2,8,6,1.2,-1
17,BSM,0,9.6,7.2,8,6,1.2,-1
64,BSM,0,9.6,7.2,8,6,1.2,-1
46,BSM,0,9.6,7.2,8,6,1.2,-1
72,BSM,0,9.6,7.2,8,6,1.2,-1
27,BSM,0,9.6,7.2,8,6,1.2,-1
37,BSM,0,9.6,7.2,8,6,1.2,-1
73,BSM,0,9.6,7.2,8,6,1.2,-1
56,BSM,0,9.6,7.2,8,6,1.2,-1
65,BSM,0,9.6,7.2,8,6,1.2,-1
80,BSM,0,9.6,7.2,8,6,1.2,-1
18,BSM,0,9.6,7.2,8,6,1.2,-1
8,BSM,0,9.6,7.2,8,6,1.2,-1
74,BSM,0,9.6,7.2,8,6,1.2,-1
81,BSM,0,9.6,7.2,8,6,1.2,-1
47,BSM,0,9.6,7.2,8,6,1.2,-1
82,BSM,0,9.6,7.2,8,6,1.2,-1
28,BSM,0,9.6,7.2,8,6,1.2,-1
66,BSM,0,9.6,7.2,8,6,1.2,-1
83,BSM,0,9.6,7.2,8,6,1.2,-1
38,BSM,0,9.6,7.2,8,6,1.2,-1
57,BSM,0,9.6,7.2,8,6,1.2,-1
75,BSM,0,9.6,7.2,8,6,1.2,-1
48,BSM,0,9.6,7.2,8,6,1.2,-1
84,BSM,0,9.6,7.2,8,6,1.2,-1
9,BSM,0,9.6,7.2,8,6,1.2,-1
90,BSM,0,9.6,7.2,8,6,1.2,-1
19,BSM,0,9.6,7.2,8,6,1.2,-1
91,BSM,0,9.6,7.2,8,6,1.2,-1
92,BSM,0,9.6,7.2,8,6,1.2,-1
76,BSM,0,9.6,7.2,8,6,1.2,-1
67,BSM,0,9.6,7.2,8,6,1.2,-1
29,BSM,0,9.6,7.2,8,6,1.2,-1
58,BSM,0,9.6,7.2,8,6,1.2,-1
85,BSM,0,9.6,7.2,8,6,1.2,-1
39,BSM,0,9.6,7.2,8,6,1.2,-1
93,BSM,0,9.6,7.2,8,6,1.2,-1
94,BSM,0,9.6,7.2,8,6,1.2,-1
49,BSM,0,9.6,7.2,8,6,1.2,-1
77,BSM,0,9.6,7.2,8,6,1.2,-1
100,BSM,0,9.6,7.2,8,6,1.2,-1
86,BSM,0,9.6,7.2,8,6,1.2,-1
68,BSM,0,9.6,7.2,8,6,1.2,-1
101,BSM,0,9.6,7.2,8,6,1.2,-1
102,BSM,0,9.6,7.2,8,6,1.2,-1
95,BSM,0,9.6,7.2,8,6,1.2,-1
59,BSM,0,9.6,7.2,8,6,1.2,-1
103,BSM,0,9.6,7.2,8,6,1.2,-1
78,BSM,0,9.6,7.2,8,6,1.2,-1
87,BSM,0,9.6,7.2,8,6,1.2,-1
104,BSM,0,9.6,7.2,8,6,1.2,-1
96,BSM,0,9.6,7.2,8,6,1.2,-1
69,BSM,0,9.6,7.2,8,6,1.2,-1
110,BSM,0,9.6,7.2,8,6,1.2,-1
111,BSM,0,9.6,7.2,8,6,1.2,-1
112,BSM,0,9.6,7.2,8,6,1.2,-1
105,BSM,0,9.6,7.2,8,6,1.2,-1
88,BSM,0,9.6,7.2,8,6,1.2,-1
79,BSM,0,9.6,7.2,8,6,1.2,-1
97,BSM,0,9.6,7.2,8,6,1.2,-1
113,BSM,0,9.6,7.2,8,6,1.2,-1
106,BSM,0,9.6,7.2,8,6,1.2,-1
114,BSM,0,9.6,7.2,8,6,1.2,-1
120,BSM,0,9.6,7.2,8,6,1.2,-1
121,BSM,0,9.6,7.2,8,6,1.2,-1
98,BSM,0,9.6,7.2,8,6,1.2,-1
89,BSM,0,9.6,7.2,8,6,1.2,-1
115,BSM,0,9.6,7.2,8,6,1.2,-1
122,BSM,0,9.6,7.2,8,6,1.2,-1
107,BSM,0,9.6,7.2,8,6,1.2,-1
123,BSM,0,9.6,7.2,8,6,1.2,-1
116,BSM,0,9.6,7.2,8,6,1.2,-1
124,BSM,0,9.6,7.2,8,6,1.2,-1
99,BSM,0,9.6,7.2,8,6,1.2,-1
108,BSM,0,9.6,7.2,8,6,1.2,-1
130,BSM,0,9.6,7.2,8,6,1.2,-1
117,BSM,0,9.6,7.2,8,6,1.2,-1
125,BSM,0,9.6,7.2,8,6,1.2,-1
131,BSM,0,9.6,7.2,8,6,1.2,-1
126,BSM,0,9.6,7.2,8,6,1.2,-1
109,BSM,0,9.6,7.2,8,6,1.2,-1
118,BSM,0,9.6,7.2,8,6,1.2,-1
127,BSM,0,9.6,7.2,8,6,1.2,-1
119,BSM,0,9.6,7.2,8,6,1.2,-1
128,BSM,0,9.6,7.2,8,6,1.2,-1
129,BSM,0,9.6,7.2,8,6,1.2,-1
10,BSM,0,9.6,7.2,8,6,1.2,-1
1,BSM,0,9.6,7.2,8,6,1.2,-1
11,BSM,0,9.6,7.2,8,6,1.2,-1
20,BSM,0,9.6,7.2,8,6,1.2,-1
2,BSM,0,9.6,7.2,8,6,1.2,-1
12,BSM,0,9.6,7.2,8,6,1.2,-1
21,BSM,0,9.6,7.2,8,6,1.2,-1
22,BSM,0,9.6,7.2,8,6,1.2,-1
3,BSM,0,9.6,7.2,8,6,1.2,-1
30,BSM,0,9.6,7.2,8,6,1.2,-1
13,BSM,0,9.6,7.2,8,6,1.2,-1
31,BSM,0,9.6,7.2,8,6,1.2,-1
32,BSM,0,9.6,7.2,8,6,1.2,-1
23,BSM,0,9.6,7.2,8,6,1.2,-1
40,BSM,0,9.6,7.2,8,6,1.2,-1
4,BSM,0,9.6,7.2,8,6,1.2,-1
41,BSM,0,9.6,7.2,8,6,1.2,-1
14,BSM,0,9.6,7.2,8,6,1.2,-1
33,BSM,0,9.6,7.2,8,6,1.2,-1
24,BSM,0,9.6,7.2,8,6,1.2,-1
42,BSM,0,9.6,7.2,8,6,1.2,-1
50,BSM,0,9.6,7.2,8,6,1.2,-1
34,BSM,0,9.6,7.2,8,6,1.2,-1
43,BSM,0,9.6,7.2,8,6,1.2,-1
5,BSM,0,9.6,7.2,8,6,1.2,-1
15,BSM,0,9.6,7.2,8,6,1.2,-1
51,BSM,0,9.6,7.2,8,6,1.2,-1
52,BSM,0,9.6,7.2,8,6,1.2,-1
25,BSM,0,9.6,7.2,8,6,1.2,-1
44,BSM,0,9.6,7.2,8,6,1.2,-1
53,BSM,0,9.6,7.2,8,6,1.2,-1
35,BSM,0,9.6,7.2,8,6,1.2,-1
6,BSM,0,9.6,7.2,8,6,1.2,-1
60,BSM,0,9.6,7.2,8,6,1.2,-1
16,BSM,0,9.6,7.2,8,6,1.2,-1
61,BSM,0,9.6,7.2,8,6,1.2,-1
62,BSM,0,9.6,7.2,8,6,1.2,-1
26,BSM,0,9.6,7.2,8,6,1.2,-1
54,BSM,0,9.6,7.2,8,6,1.2,-1
45,BSM,0,9.6,7.2,8,6,1.2,-1
36,BSM,0,9.6,7.2,8,6,1.2,-1
63,BSM,0,9.6,7.2,8,6,1.2,-1
70,BSM,0,9.6,7.2,8,6,1.2,-1
7,BSM,0,9.6,7.2,8,6,1.2,-1
55,BSM,0,9.6,7.2,8,6,1.2,-1
71,BSM,0,9.6,7.2,8,6,1.2,-1
17,BSM,0,9.6,7.2,8,6,1.2,-1
64,BSM,0,9.6,7.2,8,6,1.2,-1
46,BSM,0,9.6,7.2,8,6,1.2,-1
72,BSM,0,9.6,7.2,8,6,1.2,-1
27,BSM,0,9.6,7.2,8,6,1.2,-1
37,BSM,0,9.6,7.2,8,6,1.2,-1
73,BSM,0,9.6,7.2,8,6,1.2,-1
56,BSM,0,9.6,7.2,8,6,1.2,-1
65,BSM,0,9.6,7.2,8,6,1.2,-1
80,BSM,0,9.6,7.2,8,6,1.2,-1
18,BSM,0,9.6,7.2,8,6,1.2,-1
8,BSM,0,9.6,7.2,8,6,1.2,-1
74,BSM,0,9.6,7.2,8,6,1.2,-1
81,BSM,0,9.6,7.2,8,6,1.2,-1
47,BSM,0,9.6,7.2,8,6,1.2,-1
82,BSM,0,9.6,7.2,8,6,1.2,-1
28,BSM,0,9.6,7.2,8,6,1.2,-1
66,BSM,0,9.6,7.2,8,6,1.2,-1
83,BSM,0,9.6,7.2,8,6,1.2,-1
38,BSM,0,9.6,7.2,8,6,1.2,-1
57,BSM,0,9.6,7.2,8,6,1.2,-1
75,BSM,0,9.6,7.2,8,6,1.2,-1
48,BSM,0,9.6,7.2,8,6,1.2,-1
84,BSM,0,9.6,7.2,8,6,1.2,-1
9,BSM,0,9.6,7.2,8,6,1.2,-1
90,BSM,0,9.6,7.2,8,6,1.2,-1
19,BSM,0,9.6,7.2,8,6,1.2,-1
91,BSM,0,9.6,7.2,8,6,1.2,-1
92,BSM,0,9.6,7.2,8,6,1.2,-1
76,BSM,0,9.6,7.2,8,6,1.2,-1
67,BSM,0,9.6,7.2,8,6,1.2,-1
29,BSM,0,9.6,7.2,8,6,1.2,-1
58,BSM,0,9.6,7.2,8,6,1.2,-1
85,BSM,0,9.6,7.2,8,6,1.2,-1
39,BSM,0,9.6,7.2,8,6,1.2,-1
93,BSM,0,9.6,7.2,8,6,1.2,-1
94,BSM,0,9.6,7.2,8,6,1.2,-1
49,BSM,0,9.6,7.2,8,6,1.2,-1
77,BSM,0,9.6,7.2,8,6,1.2,-1
100,BSM,0,9.6,7.2,8,6,1.2,-1
86,BSM,0,9.6,7.2,8,6,1.2,-1
68,BSM,0,9.6,7.2,8,6,1.2,-1
101,BSM,0,9.6,7.2,8,6,1.2,-1
102,BSM,0,9.6,7.2,8,6,1.2,-1
95,BSM,0,9.6,7.2,8,6,1.2,-1
59,BSM,0,9.6,7.2,8,6,1.2,-1
103,BSM,0,9.6,7.2,8,6,1.2,-1
78,BSM,0,9.6,7.2,8,6,1.2,-1
87,BSM,0,9.6,7.2,8,6,1.2,-1
104,BSM,0,9.6,7.2,8,6,1.2,-1
96,BSM,0,9.6,7.2,8,6,1.2,-1
69,BSM,0,9.6,7.2,8,6,1.2,-1
110,BSM,0,9.6,7.2,8,6,1.2,-1
111,BSM,0,9.6,7.2,8,6,1.2,-1
112,BSM,0,9.6,7.2,8,6,1.2,-1
105,BSM,0,9.6,7.2,8,6,1.2,-1
88,BSM,0,9.6,7.2,8,6,1.2,-1
79,BSM,0,9.6,7.2,8,6,1.2,-1
97,BSM,0,9.6,7.2,8,6,1.2,-1
113,BSM,0,9.6,7.2,8,6,1.2,-1
106,BSM,0,9.6,7.2,8,6,1.2,-1
114,BSM,0,9.6,7.2,8,6,1.2,-1
120,BSM,0,9.6,7.2,8,6,1.2,-1
121,BSM,0,9.6,7.2,8,6,1.2,-1
98,BSM,0,9.6,7.2,8,6,1.2,-1
89,BSM,0,9.6,7.2,8,6,1.2,-1
115,BSM,0,9.6,7.2,8,6,1.2,-1
122,BSM,0,9.6,7.2,8,6,1.2,-1
107,BSM,0,9.6,7.2,8,6,1.2,-1
123,BSM,0,9.6,7.2,8,6,1.2,-1
116,BSM,0,9.6,7.2,8,6,1.2,-1
124,BSM,0,9.6,7.2,8,6,1.2,-1
99,BSM,0,9.6,7.2,8,6,1.2,-1
108,BSM,0,9.6,7.2,8,6,1.2,-1
130,BSM,0,9.6,7.2,8,6,1.2,-1
117,BSM,0,9.6,7.2,8,6,1.2,-1
125,BSM,0,9.6,7.2,8,6,1.2,-1
131,BSM,0,9.6,7.2,8,6,1.2,-1
126,BSM,0,9.6,7.2,8,6,1.2,-1
109,BSM,0,9.6,7.2,8,6,1.2,-1
118,BSM,0,9.6,7.2,8,6,1.2,-1
127,BSM,0,9.6,7.2,8,6,1.2,-1
119,BSM,0,9.6,7.2,8,6,1.2,-1
128,BSM,0,9.6,7.2,8,6,1.2,-1
129,BSM,0,9.6,7.2,8,6,1.2,-1
10,BSM,0,9.6,7.2,8,6,1.2,-1
1,BSM,0,9.6,7.2,8,6,1.2,-1
11,BSM,0,9.6,7.2,8,6,1.2,-1
20,BSM,0,9.6,7.2,8,6,1.2,-1
2,BSM,0,9.6,7.2,8,6,1.2,-1
12,BSM,0,9.6,7.2,8,6,1.2,-1
21,BSM,0,9.6,7.2,8,6,1.2,-1
22,BSM,0,9.6,7.2,8,6,1.2,-1
3,BSM,0,9.6,7.2,8,6,1.2,-1
30,BSM,0,9.6,7.2,8,6,1.2,-1
13,BSM,0,9.6,7.2,8,6,1.2,-1
31,BSM,0,9.6,7.2,8,6,1.2,-1
32,BSM,0,9.6,7.2,8,6,1.2,-1
23,BSM,0,9.6,7.2,8,6,1.2,-1
40,BSM,0,9.6,7.2,8,6,1.2,-1
4,BSM,0,9.6,7.2,8,6,1.2,-1
41,BSM,0,9.6,7.2,8,6,1.2,-1
14,BSM,0,9.6,7.2,8,6,1.2,-1
33,BSM,0,9.6,7.2,8,6,1.2,-1
24,BSM,0,9.6,7.2,8,6,1.2,-1
42,BSM,0,9.6,7.2,8,6,1.2,-1
50,BSM,0,9.6,7.2,8,6,1.2,-1
34,BSM,0,9.6,7.2,8,6,1.2,-1
43,BSM,0,9.6,7.2,8,6,1.2,-1
5,BSM,0,9.6,7.2,8,6,1.2,-1
15,BSM,0,9.6,7.2,8,6,1.2,-1
51,BSM,0,9.6,7.2,8,6,1.2,-1
52,BSM,0,9.6,7.2,8,6,1.2,-1
25,BSM,0,9.6,7.2,8,6,1.2,-1
44,BSM,0,9.6,7.2,8,6,1.2,-1
53,BSM,0,9.6,7.2,8,6,1.2,-1
35,BSM,0,9.6,7.2,8,6,1.2,-1
6,BSM,0,9.6,7.2,8,6,1.2,-1
60,BSM,0,9.6,7.2,8,6,1.2,-1
16,BSM,0,9.6,7.2,8,6,1.2,-1
61,BSM,0,9.6,7.2,8,6,1.2,-1
62,BSM,0,9.6,7.2,8,6,1.2,-1
26,BSM,0,9.6,7.2,8,6,1.2,-1
54,BSM,0,9.6,7.2,8,6,1.2,-1
45,BSM,0,9.6,7.2,8,6,1.2,-1
36,BSM,0,9.6,7.2,8,6,1.2,-1
63,BSM,0,9.6,7.2,8,6,1.2,-1
70,BSM,0,9.6,7.2,8,6,1.2,-1
7,BSM,0,9.6,7.2,8,6,1.2,-1
55,BSM,0,9.6,7.2,8,6,1.2,-1
71,BSM,0,9.6,7.2,8,6,1.2,-1
17,BSM,0,9.6,7.2,8,6,1.2,-1
64,BSM,0,9.6,7.2,8,6,1.2,-1
46,BSM,0,9.6,7.2,8,6,1.2,-1
72,BSM,0,9.6,7.2,8,6,1.2,-1
27,BSM,0,9.6,7.2,8,6,1.2,-1
37,BSM,0,9.6,7.2,8,6,1.2,-1
73,BSM,0,9.6,7.2,8,6,1.2,-1
56,BSM,0,9.6,7.2,8,6,1.2,-1
65,BSM,0,9.6,7.2,8,6,1.2,-1
80,BSM,0,9.6,7.2,8,6,1.2,-1
18,BSM,0,9.6,7.2,8,6,1.2,-1
8,BSM,0,9.6,7.2,8,6,1.2,-1
74,BSM,0,9.6,7.2,8,6,1.2,-1
81,BSM,0,9.6,7.2,8,6,1.2,-1
47,BSM,0,9.6,7.2,8,6,1.2,-1
82,BSM,0,9.6,7.2,8,6,1.2,-1
28,BSM,0,9.6,7.2,8,6,1.2,-1
66,BSM,0,9.6,7.2,8,6,1.2,-1
83,BSM,0,9.6,7.2,8,6,1.2,-1
38,BSM,0,9.6,7.2,8,6,1.2,-1
57,BSM,0,9.6,7.2,8,6,1.2,-1
75,BSM,0,9.6,7.2,8,6,1.2,-1
48,BSM,0,9.6,7.2,8,6,1.2,-1
84,BSM,0,9.6,7.2,8,6,1.2,-1
9,BSM,0,9.6,7.2,8,6,1.2,-1
90,BSM,0,9.6,7.2,8,6,1.2,-1
19,BSM,0,9.6,7.2,8,6,1.2,-1
91,BSM,0,9.6,7.2,8,6,1.2,-1
92,BSM,0,9.6,7.2,8,6,1.2,-1
76,BSM,0,9.6,7.2,8,6,1.2,-1
67,BSM,0,9.6,7.2,8,6,1.2,-1
29,BSM,0,9.6,7.2,8,6,1.2,-1
58,BSM,0,9.6,7.2,8,6,1.2,-1
85,BSM,0,9.6,7.2,8,6,1.2,-1
39,BSM,0,9.6,7.2,8,6,1.2,-1
93,BSM,0,9.6,7.2,8,6,1.2,-1
94,BSM,0,9.6,7.2,8,6,1.2,-1
49,BSM,0,9.6,7.2,8,6,1.2,-1
77,BSM,0,9.6,7.2,8,6,1.2,-1
100,BSM,0,9.6,7.2,8,6,1.2,-1
86,BSM,0,9.6,7.2,8,6,1.2,-1
68,BSM,0,9.6,7.2,8,6,1.2,-1
101,BSM,0,9.6,7.2,8,6,1.2,-1
102,BSM,0,9.6,7.2,8,6,1.2,-1
95,BSM,0,9.6,7.2,8,6,1.2,-1
59,BSM,0,9.6,7.2,8,6,1.2,-1
103,BSM,0,9.6,7.2,8,6,1.2,-1
78,BSM,0,9.6,7.2,8,6,1.2,-1
87,BSM,0,9.6,7.2,8,6,1.2,-1
104,BSM,0,9.6,7.2,8,6,1.2,-1
96,BSM,0,9.6,7.2,8,6,1.2,-1
69,BSM,0,9.6,7.2,8,6,1.2,-1
110,BSM,0,9.6,7.2,8,6,1.2,-1
111,BSM,0,9.6,7.2,8,6,1.2,-1
112,BSM,0,9.6,7.2,8,6,1.2,-1
105,BSM,0,9.6,7.2,8,6,1.2,-1
88,BSM,0,9.6,7.2,8,6,1.2,-1
79,BSM,0,9.6,7.2,8,6,1.2,-1
97,BSM,0,9.6,7.2,8,6,1.2,-1
113,BSM,0,9.6,7.2,8,6,1.2,-1
106,BSM,0,9.6,7.2,8,6,1.2,-1
114,BSM,0,9.6,7.2,8,6,1.2,-1
120,BSM,0,9.6,7.2,8,6,1.2,-1
121,BSM,0,9.6,7.2,8,6,1.2,-1
98,BSM,0,9.6,7.2,8,6,1.2,-1
89,BSM,0,9.6,7.2,8,6,1.2,-1
115,BSM,0,9.6,7.2,8,6,1.2,-1
122,BSM,0,9.6,7.2,8,6,1.2,-1
107,BSM,0,9.6,7.2,8,6,1.2,-1
123,BSM,0,9.6,7.2,8,6,1.2,-1
116,BSM,0,9.6,7.2,8,6,1.2,-1
124,BSM,0,9.6,7.2,8,6,1.2,-1
99,BSM,0,9.6,7.2,8,6,1.2,-1
108,BSM,0,9.6,7.2,8,6,1.2,-1
130,BSM,0,9.6,7.2,8,6,1.2,-1
117,BSM,0,9.6,7.2,8,6,1.2,-1
125,BSM,0,9.6,7.2,8,6,1.2,-1
131,BSM,0,9.6,7.2,8,6,1.2,-1
126,BSM,0,9.6,7.2,8,6,1.2,-1
109,BSM,0,9.6,7.2,8,6,1.2,-1
118,BSM,0,9.6,7.2,8,6,1.2,-1
127,BSM,0,9.6,7.2,8,6,1.2,-1
119,BSM,0,9.6,7.2,8,6,1.2,-1
128,BSM,0,9.6,7.2,8,6,1.2,-1
129,BSM,0,9.6,7.2,8,6,1.2,-1
10,BSM,0,9.6,7.2,8,6,1.2,-1
1,BSM,0,9.6,7.2,8,6,1.2,-1
11,BSM,0,9.6,7.2,8,6,1.2,-1
20,BSM,0,9.6,7.2,8,6,1.2,-1
2,BSM,0,9.6,7.2,8,6,1.2,-1
12,BSM,0,9.6,7.2,8,6,1.2,-1
21,BSM,0,9.6,7.2,8,6,1.2,-1
22,BSM,0,9.6,7.2,8,6,1.2,-1
3,BSM,0,9.6,7.2,8,6,1.2,-1
30,BSM,0,9.6,7.2,8,6,1.2,-1
13,BSM,0,9.6,7.2,8,6,1.2,-1
31,BSM,0,9.6,7.2,8,6,1.2,-1
32,BSM,0,9.6,7.2,8,6,1.2,-1
23,BSM,0,9.6,7.2,8,6,1.2,-1
40,BSM,0,9.6,7.2,8,6,1.2,-1
4,BSM,0,9.6,7.2,8,6,1.2,-1
41,BSM,0,9.6,7.2,8,6,1.2,-1
14,BSM,0,9.6,7.2,8,6,1.2,-1
33,BSM,0,9.6,7.2,8,6,1.2,-1
24,BSM,0,9.6,7.2,8,6,1.2,-1
42,BSM,0,9.6,7.2,8,6,1.2,-1
50,BSM,0,9.6,7.2,8,6,1.2,-1
34,BSM,0,9.6,7.2,8,6,1.2,-1
43,BSM,0,9.6,7.2,8,6,1.2,-1
5,BSM,0,9.6,7.2,8,6,1.2,-1
15,BSM,0,9.6,7.2,8,6,1.2,-1
51,BSM,0,9.6,7.2,8,6,1.2,-1
52,BSM,0,9.6,7.2,8,6,1.2,-1
25,BSM,0,9.6,7.2,8,6,1.2,-1
44,BSM,0,9.6,7.2,8,6,1.2,-1
53,BSM,0,9.6,7.2,8,6,1.2,-1
35,BSM,0,9.6,7.2,8,6,1.2,-1
6,BSM,0,9.6,7.2,8,6,1.2,-1
60,BSM,0,9.6,7.2,8,6,1.2,-1
16,BSM,0,9.6,7.2,8,6,1.2,-1
61,BSM,0,9.6,7.2,8,6,1.2,-1
62,BSM,0,9.6,7.2,8,6,1.2,-1
26,BSM,0,9.6,7.2,8,6,1.2,-1
54,BSM,0,9.6,7.2,8,6,1.2,-1
45,BSM,0,9.6,7.2,8,6,1.2,-1
36,BSM,0,9.6,7.2,8,6,1.2,-1
63,BSM,0,9.6,7.2,8,6,1.2,-1
70,BSM,0,9.6,7.2,8,6,1.2,-1
7,BSM,0,9.6,7.2,8,6,1.2,-1
55,BSM,0,9.6,7.2,8,6,1.2,-1
71,BSM,0,9.6,7.2,8,6,1.2,-1
17,BSM,0,9.6,7.2,8,6,1.2,-1
64,BSM,0,9.6,7.2,8,6,1.2,-1
46,BSM,0,9.6,7.2,8,6,1.2,-1
72,BSM,0,9.6,7.2,8,6,1.2,-1
27,BSM,0,9.6,7.2,8,6,1.2,-1
37,BSM,0,9.6,7.2,8,6,1.2,-1
73,BSM,0,9.6,7.2,8,6,1.2,-1
56,BSM,0,9.6,7.2,8,6,1.2,-1
65,BSM,0,9.6,7.2,8,6,1.2,-1
80,BSM,0,9.6,7.2,8,6,1.2,-1
18,BSM,0,9.6,7.2,8,6,1.2,-1
8,BSM,0,9.6,7.2,8,6,1.2,-1
74,BSM,0,9.6,7.2,8,6,1.2,-1
81,BSM,0,9.6,7.2,8,6,1.2,-1
47,BSM,0,9.6,7.2,8,6,1.2,-1
82,BSM,0,9.6,7.2,8,6,1.2,-1
28,BSM,0,9.6,7.2,8,6,1.2,-1
66,BSM,0,9.6,7.2,8,6,1.2,-1
83,BSM,0,9.6,7.2,8,6,1.2,-1
38,BSM,0,9.6,7.2,8,6,1.2,-1
57,BSM,0,9.6,7.2,8,6,1.2,-1
75,BSM,0,9.6,7.2,8,6,1.2,-1
48,BSM,0,9.6,7.2,8,6,1.2,-1
84,BSM,0,9.6,7.2,8,6,1.2,-1
9,BSM,0,9.6,7.2,8,6,1.2,-1
90,BSM,0,9.6,7.2,8,6,1.2,-1
19,BSM,0,9.6,7.2,8,6,1.2,-1
91,BSM,0,9.6,7.2,8,6,1.2,-1
92,BSM,0,9.6,7.2,8,6,1.2,-1
76,BSM,0,9.6,7.2,8,6,1.2,-1
67,BSM,0,9.6,7.2,8,6,1.2,-1
29,BSM,0,9.6,7.2,8,6,1.2,-1
58,BSM,0,9.6,7.2,8,6,1.2,-1
85,BSM,0,9.6,7.2,8,6,1.2,-1
39,BSM,0,9.6,7.2,8,6,1.2,-1
93,BSM,0,9.6,7.2,8,6,1.2,-1
94,BSM,0,9.6,7.2,8,6,1.2,-1
49,BSM,0,9.6,7.2,8,6,1.2,-1
77,BSM,0,9.6,7.2,8,6,1.2,-1
100,BSM,0,9.6,7.2,8,6,1.2,-1
86,BSM,0,9.6,7.2,8,6,1.2,-1
68,BSM,0,9.6,7.2,8,6,1.2,-1
101,BSM,0,9.6,7.2,8,6,1.2,-1
102,BSM,0,9.6,7.2,8,6,1.2,-1
95,BSM,0,9.6,7.2,8,6,1.2,-1
59,BSM,0,9.6,7.2,8,6,1.2,-1
103,BSM,0,9.6,7.2,8,6,1.2,-1
78,BSM,0,9.6,7.2,8,6,1.2,-1
87,BSM,0,9.6,7.2,8,6,1.2,-1
104,BSM,0,9.6,7.2,8,6,1.2,-1
96,BSM,0,9.6,7.2,8,6,1.2,-1
69,BSM,0,9.6,7.2,8,6,1.2,-1
110,BSM,0,9.6,7.2,8,6,1.2,-1
111,BSM,0,9.6,7.2,8,6,1.2,-1
112,BSM,0,9.6,7.2,8,6,1.2,-1
105,BSM,0,9.6,7.2,8,6,1.2,-1
88,BSM,0,9.6,7.2,8,6,1.2,-1
79,BSM,0,9.6,7.2,8,6,1.2,-1
97,BSM,0,9.6,7.2,8,6,1.2,-1
113,BSM,0,9.6,7.2,8,6,1.2,-1
106,BSM,0,9.6,7.2,8,6,1.2,-1
114,BSM,0,9.6,7.2,8,6,1.2,-1
120,BSM,0,9.6,7.2,8,6,1.2,-1
121,BSM,0,9.6,7.2,8,6,1.2,-1
98,BSM,0,9.6,7.2,8,6,1.2,-1
89,BSM,0,9.6,7.2,8,6,1.2,-1
115,BSM,0,9.6,7.2,8,6,1.2,-1
122,BSM,0,9.6,7.2,8,6,1.2,-1
107,BSM,0,9.6,7.2,8,6,1.2,-1
123,BSM,0,9.6,7.2,8,6,1.2,-1
116,BSM,0,9.6,7.2,8,6,1.2,-1
124,BSM,0,9.6,7.2,8,6,1.2,-1
99,BSM,0,9.6,7.2,8,6,1.2,-1
108,BSM,0,9.6,7.2,8,6,1.2,-1
130,BSM,0,9.6,7.2,8,6,1.2,-1
117,BSM,0,9.6,7.2,8,6,1.2,-1
125,BSM,0,9.6,7.2,8,6,1.2,-1
131,BSM,0,9.6,7.2,8,6,1.2,-1
126,BSM,0,9.6,7.2,8,6,1.2,-1
109,BSM,0,9.6,7.2,8,6,1.2,-1
118,BSM,0,9.6,7.2,8,6,1.2,-1
127,BSM,0,9.6,7.2,8,6,1.2,-1
119,BSM,0,9.6,7.2,8,6,1.2,-1
128,BSM,0,9.6,7.2,8,6,1.2,-1
129,BSM,0,9.6,7.2,8,6,1.2,-1
10,BSM,0,10.4,7.8,8,6,1.3,-1
1,BSM,0,10.4,7.8,8,6,1.3,-1
11,BSM,0,10.4,7.8,8,6,1.3,-1
20,BSM,0,10.4,7.8,8,6,1.3,-1
2,BSM,0,10.4,7.8,8,6,1.3,-1
12,BSM,0,10.4,7.8,8,6,1.3,-1
21,BSM,0,10.4,7.8,8,6,1.3,-1
22,BSM,0,10.4,7.8,8,6,1.3,-1
3,BSM,0,10.4,7.8,8,6,1.3,-1
30,BSM,0,10.4,7.8,8,6,1.3,-1
13,BSM,0,10.4,7.8,8,6,1.3,-1
31,BSM,0,10.4,7.8,8,6,1.3,-1
32,BSM,0,10.4,7.8,8,6,1.3,-1
23,BSM,0,10.4,7.8,8,6,1.3,-1
40,BSM,0,10.4,7.8,8,6,1.3,-1
4,BSM,0,10.4,7.8,8,6,1.3,-1
41,BSM,0,10.4,7.8,8,6,1.3,-1
14,BSM,0,10.4,7.8,8,6,1.3,-1
33,BSM,0,10.4,7.8,8,6,1.3,-1
24,BSM,0,10.4,7.8,8,6,1.3,-1
42,BSM,0,10.4,7.8,8,6,1.3,-1
50,BSM,0,10.4,7.8,8,6,1.3,-1
34,BSM,0,10.4,7.8,8,6,1.3,-1
43,BSM,0,10.4,7.8,8,6,1.3,-1
5,BSM,0,10.4,7.8,8,6,1.3,-1
15,BSM,0,10.4,7.8,8,6,1.3,-1
51,BSM,0,10.4,7.8,8,6,1.3,-1
52,BSM,0,10.4,7.8,8,6,1.3,-1
25,BSM,0,10.4,7.8,8,6,1.3,-1
44,BSM,0,10.4,7.8,8,6,1.3,-1
53,BSM,0,10.4,7.8,8,6,1.3,-1
35,BSM,0,10.4,7.8,8,6,1.3,-1
6,BSM,0,10.4,7.8,8,6,1.3,-1
60,BSM,0,10.4,7.8,8,6,1.3,-1
16,BSM,0,10.4,7.8,8,6,1.3,-1
61,BSM,0,10.4,7.8,8,6,1.3,-1
62,BSM,0,10.4,7.8,8,6,1.3,-1
26,BSM,0,10.4,7.8,8,6,1.3,-1
54,BSM,0,10.4,7.8,8,6,1.3,-1
45,BSM,0,10.4,7.8,8,6,1.3,-1
36,BSM,0,10.4,7.8,8,6,1.3,-1
63,BSM,0,10.4,7.8,8,6,1.3,-1
70,BSM,0,10.4,7.8,8,6,1.3,-1
7,BSM,0,10.4,7.8,8,6,1.3,-1
71,BSM,0,10.4,7.8,8,6,1.3,-1
55,BSM,0,10.4,7.8,8,6,1.3,-1
17,BSM,0,10.4,7.8,8,6,1.3,-1
64,BSM,0,10.4,7.8,8,6,1.3,-1
46,BSM,0,10.4,7.8,8,6,1.3,-1
72,BSM,0,10.4,7.8,8,6,1.3,-1
27,BSM,0,10.4,7.8,8,6,1.3,-1
37,BSM,0,10.4,7.8,8,6,1.3,-1
73,BSM,0,10.4,7.8,8,6,1.3,-1
56,BSM,0,10.4,7.8,8,6,1.3,-1
65,BSM,0,10.4,7.8,8,6,1.3,-1
80,BSM,0,10.4,7.8,8,6,1.3,-1
18,BSM,0,10.4,7.8,8,6,1.3,-1
8,BSM,0,10.4,7.8,8,6,1.3,-1
74,BSM,0,10.4,7.8,8,6,1.3,-1
81,BSM,0,10.4,7.8,8,6,1.3,-1
47,BSM,0,10.4,7.8,8,6,1.3,-1
82,BSM,0,10.4,7.8,8,6,1.3,-1
28,BSM,0,10.4,7.8,8,6,1.3,-1
66,BSM,0,10.4,7.8,8,6,1.3,-1
83,BSM,0,10.4,7.8,8,6,1.3,-1
38,BSM,0,10.4,7.8,8,6,1.3,-1
57,BSM,0,10.4,7.8,8,6,1.3,-1
75,BSM,0,10.4,7.8,8,6,1.3,-1
48,BSM,0,10.4,7.8,8,6,1.3,-1
84,BSM,0,10.4,7.8,8,6,1.3,-1
9,BSM,0,10.4,7.8,8,6,1.3,-1
90,BSM,0,10.4,7.8,8,6,1.3,-1
19,BSM,0,10.4,7.8,8,6,1.3,-1
91,BSM,0,10.4,7.8,8,6,1.3,-1
76,BSM,0,10.4,7.8,8,6,1.3,-1
92,BSM,0,10.4,7.8,8,6,1.3,-1
67,BSM,0,10.4,7.8,8,6,1.3,-1
29,BSM,0,10.4,7.8,8,6,1.3,-1
58,BSM,0,10.4,7.8,8,6,1.3,-1
85,BSM,0,10.4,7.8,8,6,1.3,-1
39,BSM,0,10.4,7.8,8,6,1.3,-1
93,BSM,0,10.4,7.8,8,6,1.3,-1
94,BSM,0,10.4,7.8,8,6,1.3,-1
49,BSM,0,10.4,7.8,8,6,1.3,-1
77,BSM,0,10.4,7.8,8,6,1.3,-1
100,BSM,0,10.4,7.8,8,6,1.3,-1
86,BSM,0,10.4,7.8,8,6,1.3,-1
68,BSM,0,10.4,7.8,8,6,1.3,-1
101,BSM,0,10.4,7.8,8,6,1.3,-1
102,BSM,0,10.4,7.8,8,6,1.3,-1
95,BSM,0,10.4,7.8,8,6,1.3,-1
59,BSM,0,10.4,7.8,8,6,1.3,-1
103,BSM,0,10.4,7.8,8,6,1.3,-1
78,BSM,0,10.4,7.8,8,6,1.3,-1
87,BSM,0,10.4,7.8,8,6,1.3,-1
104,BSM,0,10.4,7.8,8,6,1.3,-1
96,BSM,0,10.4,7.8,8,6,1.3,-1
69,BSM,0,10.4,7.8,8,6,1.3,-1
110,BSM,0,10.4,7.8,8,6,1.3,-1
111,BSM,0,10.4,7.8,8,6,1.3,-1
112,BSM,0,10.4,7.8,8,6,1.3,-1
105,BSM,0,10.4,7.8,8,6,1.3,-1
88,BSM,0,10.4,7.8,8,6,1.3,-1
79,BSM,0,10.4,7.8,8,6,1.3,-1
97,BSM,0,10.4,7.8,8,6,1.3,-1
113,BSM,0,10.4,7.8,8,6,1.3,-1
106,BSM,0,10.4,7.8,8,6,1.3,-1
114,BSM,0,10.4,7.8,8,6,1.3,-1
120,BSM,0,10.4,7.8,8,6,1.3,-1
121,BSM,0,10.4,7.8,8,6,1.3,-1
98,BSM,0,10.4,7.8,8,6,1.3,-1
89,BSM,0,10.4,7.8,8,6,1.3,-1
115,BSM,0,10.4,7.8,8,6,1.3,-1
122,BSM,0,10.4,7.8,8,6,1.3,-1
107,BSM,0,10.4,7.8,8,6,1.3,-1
123,BSM,0,10.4,7.8,8,6,1.3,-1
116,BSM,0,10.4,7.8,8,6,1.3,-1
124,BSM,0,10.4,7.8,8,6,1.3,-1
99,BSM,0,10.4,7.8,8,6,1.3,-1
108,BSM,0,10.4,7.8,8,6,1.3,-1
130,BSM,0,10.4,7.8,8,6,1.3,-1
117,BSM,0,10.4,7.8,8,6,1.3,-1
125,BSM,0,10.4,7.8,8,6,1.3,-1
131,BSM,0,10.4,7.8,8,6,1.3,-1
126,BSM,0,10.4,7.8,8,6,1.3,-1
109,BSM,0,10.4,7.8,8,6,1.3,-1
118,BSM,0,10.4,7.8,8,6,1.3,-1
127,BSM,0,10.4,7.8,8,6,1.3,-1
119,BSM,0,10.4,7.8,8,6,1.3,-1
128,BSM,0,10.4,7.8,8,6,1.3,-1
129,BSM,0,10.4,7.8,8,6,1.3,-1
10,BSM,0,10.4,7.8,8,6,1.3,-1
1,BSM,0,10.4,7.8,8,6,1.3,-1
11,BSM,0,10.4,7.8,8,6,1.3,-1
20,BSM,0,10.4,7.8,8,6,1.3,-1
2,BSM,0,10.4,7.8,8,6,1.3,-1
12,BSM,0,10.4,7.8,8,6,1.3,-1
21,BSM,0,10.4,7.8,8,6,1.3,-1
22,BSM,0,10.4,7.8,8,6,1.3,-1
3,BSM,0,10.4,7.8,8,6,1.3,-1
30,BSM,0,10.4,7.8,8,6,1.3,-1
13,BSM,0,10.4,7.8,8,6,1.3,-1
31,BSM,0,10.4,7.8,8,6,1.3,-1
32,BSM,0,10.4,7.8,8,6,1.3,-1
23,BSM,0,10.4,7.8,8,6,1.3,-1
40,BSM,0,10.4,7.8,8,6,1.3,-1
4,BSM,0,10.4,7.8,8,6,1.3,-1
41,BSM,0,10.4,7.8,8,6,1.3,-1
14,BSM,0,10.4,7.8,8,6,1.3,-1
33,BSM,0,10.4,7.8,8,6,1.3,-1
24,BSM,0,10.4,7.8,8,6,1.3,-1
42,BSM,0,10.4,7.8,8,6,1.3,-1
50,BSM,0,10.4,7.8,8,6,1.3,-1
34,BSM,0,10.4,7.8,8,6,1.3,-1
43,BSM,0,10.4,7.8,8,6,1.3,-1
5,BSM,0,10.4,7.8,8,6,1.3,-1
15,BSM,0,10.4,7.8,8,6,1.3,-1
51,BSM,0,10.4,7.8,8,6,1.3,-1
52,BSM,0,10.4,7.8,8,6,1.3,-1
25,BSM,0,10.4,7.8,8,6,1.3,-1
44,BSM,0,10.4,7.8,8,6,1.3,-1
53,BSM,0,10.4,7.8,8,6,1.3,-1
35,BSM,0,10.4,7.8,8,6,1.3,-1
6,BSM,0,10.4,7.8,8,6,1.3,-1
60,BSM,0,10.4,7.8,8,6,1.3,-1
16,BSM,0,10.4,7.8,8,6,1.3,-1
61,BSM,0,10.4,7.8,8,6,1.3,-1
62,BSM,0,10.4,7.8,8,6,1.3,-1
26,BSM,0,10.4,7.8,8,6,1.3,-1
54,BSM,0,10.4,7.8,8,6,1.3,-1
45,BSM,0,10.4,7.8,8,6,1.3,-1
36,BSM,0,10.4,7.8,8,6,1.3,-1
63,BSM,0,10.4,7.8,8,6,1.3,-1
70,BSM,0,10.4,7.8,8,6,1.3,-1
7,BSM,0,10.4,7.8,8,6,1.3,-1
71,BSM,0,10.4,7.8,8,6,1.3,-1
55,BSM,0,10.4,7.8,8,6,1.3,-1
17,BSM,0,10.4,7.8,8,6,1.3,-1
64,BSM,0,10.4,7.8,8,6,1.3,-1
46,BSM,0,10.4,7.8,8,6,1.3,-1
72,BSM,0,10.4,7.8,8,6,1.3,-1
27,BSM,0,10.4,7.8,8,6,1.3,-1
37,BSM,0,10.4,7.8,8,6,1.3,-1
73,BSM,0,10.4,7.8,8,6,1.3,-1
56,BSM,0,10.4,7.8,8,6,1.3,-1
65,BSM,0,10.4,7.8,8,6,1.3,-1
80,BSM,0,10.4,7.8,8,6,1.3,-1
18,BSM,0,10.4,7.8,8,6,1.3,-1
8,BSM,0,10.4,7.8,8,6,1.3,-1
74,BSM,0,10.4,7.8,8,6,1.3,-1
81,BSM,0,10.4,7.8,8,6,1.3,-1
47,BSM,0,10.4,7.8,8,6,1.3,-1
82,BSM,0,10.4,7.8,8,6,1.3,-1
28,BSM,0,10.4,7.8,8,6,1.3,-1
66,BSM,0,10.4,7.8,8,6,1.3,-1
83,BSM,0,10.4,7.8,8,6,1.3,-1
38,BSM,0,10.4,7.8,8,6,1.3,-1
57,BSM,0,10.4,7.8,8,6,1.3,-1
75,BSM,0,10.4,7.8,8,6,1.3,-1
48,BSM,0,10.4,7.8,8,6,1.3,-1
84,BSM,0,10.4,7.8,8,6,1.3,-1
9,BSM,0,10.4,7.8,8,6,1.3,-1
90,BSM,0,10.4,7.8,8,6,1.3,-1
19,BSM,0,10.4,7.8,8,6,1.3,-1
91,BSM,0,10.4,7.8,8,6,1.3,-1
76,BSM,0,10.4,7.8,8,6,1.3,-1
92,BSM,0,10.4,7.8,8,6,1.3,-1
67,BSM,0,10.4,7.8,8,6,1.3,-1
29,BSM,0,10.4,7.8,8,6,1.3,-1
58,BSM,0,10.4,7.8,8,6,1.3,-1
85,BSM,0,10.4,7.8,8,6,1.3,-1
39,BSM,0,10.4,7.8,8,6,1.3,-1
93,BSM,0,10.4,7.8,8,6,1.3,-1
94,BSM,0,10.4,7.8,8,6,1.3,-1
49,BSM,0,10.4,7.8,8,6,1.3,-1
77,BSM,0,10.4,7.8,8,6,1.3,-1
100,BSM,0,10.4,7.8,8,6,1.3,-1
86,BSM,0,10.4,7.8,8,6,1.3,-1
68,BSM,0,10.4,7.8,8,6,1.3,-1
101,BSM,0,10.4,7.8,8,6,1.3,-1
102,BSM,0,10.4,7.8,8,6,1.3,-1
95,BSM,0,10.4,7.8,8,6,1.3,-1
59,BSM,0,10.4,7.8,8,6,1.3,-1
103,BSM,0,10.4,7.8,8,6,1.3,-1
78,BSM,0,10.4,7.8,8,6,1.3,-1
87,BSM,0,10.4,7.8,8,6,1.3,-1
104,BSM,0,10.4,7.8,8,6,1.3,-1
96,BSM,0,10.4,7.8,8,6,1.3,-1
69,BSM,0,10.4,7.8,8,6,1.3,-1
110,BSM,0,10.4,7.8,8,6,1.3,-1
111,BSM,0,10.4,7.8,8,6,1.3,-1
112,BSM,0,10.4,7.8,8,6,1.3,-1
105,BSM,0,10.4,7.8,8,6,1.3,-1
88,BSM,0,10.4,7.8,8,6,1.3,-1
79,BSM,0,10.4,7.8,8,6,1.3,-1
97,BSM,0,10.4,7.8,8,6,1.3,-1
113,BSM,0,10.4,7.8,8,6,1.3,-1
106,BSM,0,10.4,7.8,8,6,1.3,-1
114,BSM,0,10.4,7.8,8,6,1.3,-1
120,BSM,0,10.4,7.8,8,6,1.3,-1
121,BSM,0,10.4,7.8,8,6,1.3,-1
98,BSM,0,10.4,7.8,8,6,1.3,-1
89,BSM,0,10.4,7.8,8,6,1.3,-1
115,BSM,0,10.4,7.8,8,6,1.3,-1
122,BSM,0,10.4,7.8,8,6,1.3,-1
107,BSM,0,10.4,7.8,8,6,1.3,-1
123,BSM,0,10.4,7.8,8,6,1.3,-1
116,BSM,0,10.4,7.8,8,6,1.3,-1
124,BSM,0,10.4,7.8,8,6,1.3,-1
99,BSM,0,10.4,7.8,8,6,1.3,-1
108,BSM,0,10.4,7.8,8,6,1.3,-1
130,BSM,0,10.4,7.8,8,6,1.3,-1
117,BSM,0,10.4,7.8,8,6,1.3,-1
125,BSM,0,10.4,7.8,8,6,1.3,-1
131,BSM,0,10.4,7.8,8,6,1.3,-1
126,BSM,0,10.4,7.8,8,6,1.3,-1
109,BSM,0,10.4,7.8,8,6,1.3,-1
118,BSM,0,10.4,7.8,8,6,1.3,-1
127,BSM,0,10.4,7.8,8,6,1.3,-1
119,BSM,0,10.4,7.8,8,6,1.3,-1
128,BSM,0,10.4,7.8,8,6,1.3,-1
129,BSM,0,10.4,7.8,8,6,1.3,-1
10,BSM,0,10.4,7.8,8,6,1.3,-1
1,BSM,0,10.4,7.8,8,6,1.3,-1
11,BSM,0,10.4,7.8,8,6,1.3,-1
20,BSM,0,10.4,7.8,8,6,1.3,-1
2,BSM,0,10.4,7.8,8,6,1.3,-1
12,BSM,0,10.4,7.8,8,6,1.3,-1
21,BSM,0,10.4,7.8,8,6,1.3,-1
22,BSM,0,10.4,7.8,8,6,1.3,-1
3,BSM,0,10.4,7.8,8,6,1.3,-1
30,BSM,0,10.4,7.8,8,6,1.3,-1
13,BSM,0,10.4,7.8,8,6,1.3,-1
31,BSM,0,10.4,7.8,8,6,1.3,-1
32,BSM,0,10.4,7.8,8,6,1.3,-1
23,BSM,0,10.4,7.8,8,6,1.3,-1
40,BSM,0,10.4,7.8,8,6,1.3,-1
4,BSM,0,10.4,7.8,8,6,1.3,-1
41,BSM,0,10.4,7.8,8,6,1.3,-1
14,BSM,0,10.4,7.8,8,6,1.3,-1
33,BSM,0,10.4,7.8,8,6,1.3,-1
24,BSM,0,10.4,7.8,8,6,1.3,-1
42,BSM,0,10.4,7.8,8,6,1.3,-1
50,BSM,0,10.4,7.8,8,6,1.3,-1
34,BSM,0,10.4,7.8,8,6,1.3,-1
43,BSM,0,10.4,7.8,8,6,1.3,-1
5,BSM,0,10.4,7.8,8,6,1.3,-1
15,BSM,0,10.4,7.8,8,6,1.3,-1
51,BSM,0,10.4,7.8,8,6,1.3,-1
52,BSM,0,10.4,7.8,8,6,1.3,-1
25,BSM,0,10.4,7.8,8,6,1.3,-1
44,BSM,0,10.4,7.8,8,6,1.3,-1
53,BSM,0,10.4,7.8,8,6,1.3,-1
35,BSM,0,10.4,7.8,8,6,1.3,-1
6,BSM,0,10.4,7.8,8,6,1.3,-1
60,BSM,0,10.4,7.8,8,6,1.3,-1
16,BSM,0,10.4,7.8,8,6,1.3,-1
61,BSM,0,10.4,7.8,8,6,1.3,-1
62,BSM,0,10.4,7.8,8,6,1.3,-1
26,BSM,0,10.4,7.8,8,6,1.3,-1
54,BSM,0,10.4,7.8,8,6,1.3,-1
45,BSM,0,10.4,7.8,8,6,1.3,-1
36,BSM,0,10.4,7.8,8,6,1.3,-1
63,BSM,0,10.4,7.8,8,6,1.3,-1
70,BSM,0,10.4,7.8,8,6,1.3,-1
7,BSM,0,10.4,7.8,8,6,1.3,-1
71,BSM,0,10.4,7.8,8,6,1.3,-1
55,BSM,0,10.4,7.8,8,6,1.3,-1
17,BSM,0,10.4,7.8,8,6,1.3,-1
64,BSM,0,10.4,7.8,8,6,1.3,-1
46,BSM,0,10.4,7.8,8,6,1.3,-1
72,BSM,0,10.4,7.8,8,6,1.3,-1
27,BSM,0,10.4,7.8,8,6,1.3,-1
37,BSM,0,10.4,7.8,8,6,1.3,-1
73,BSM,0,10.4,7.8,8,6,1.3,-1
56,BSM,0,10.4,7.8,8,6,1.3,-1
65,BSM,0,10.4,7.8,8,6,1.3,-1
80,BSM,0,10.4,7.8,8,6,1.3,-1
18,BSM,0,10.4,7.8,8,6,1.3,-1
8,BSM,0,10.4,7.8,8,6,1.3,-1
74,BSM,0,10.4,7.8,8,6,1.3,-1
81,BSM,0,10.4,7.8,8,6,1.3,-1
47,BSM,0,10.4,7.8,8,6,1.3,-1
82,BSM,0,10.4,7.8,8,6,1.3,-1
28,BSM,0,10.4,7.8,8,6,1.3,-1
66,BSM,0,10.4,7.8,8,6,1.3,-1
83,BSM,0,10.4,7.8,8,6,1.3,-1
38,BSM,0,10.4,7.8,8,6,1.3,-1
57,BSM,0,10.4,7.8,8,6,1.3,-1
75,BSM,0,10.4,7.8,8,6,1.3,-1
48,BSM,0,10.4,7.8,8,6,1.3,-1
84,BSM,0,10.4,7.8,8,6,1.3,-1
9,BSM,0,10.4,7.8,8,6,1.3,-1
90,BSM,0,10.4,7.8,8,6,1.3,-1
19,BSM,0,10.4,7.8,8,6,1.3,-1
91,BSM,0,10.4,7.8,8,6,1.3,-1
76,BSM,0,10.4,7.8,8,6,1.3,-1
92,BSM,0,10.4,7.8,8,6,1.3,-1
67,BSM,0,10.4,7.8,8,6,1.3,-1
29,BSM,0,10.4,7.8,8,6,1.3,-1
58,BSM,0,10.4,7.8,8,6,1.3,-1
85,BSM,0,10.4,7.8,8,6,1.3,-1
39,BSM,0,10.4,7.8,8,6,1.3,-1
93,BSM,0,10.4,7.8,8,6,1.3,-1
94,BSM,0,10.4,7.8,8,6,1.3,-1
49,BSM,0,10.4,7.8,8,6,1.3,-1
77,BSM,0,10.4,7.8,8,6,1.3,-1
100,BSM,0,10.4,7.8,8,6,1.3,-1
86,BSM,0,10.4,7.8,8,6,1.3,-1
68,BSM,0,10.4,7.8,8,6,1.3,-1
101,BSM,0,10.4,7.8,8,6,1.3,-1
102,BSM,0,10.4,7.8,8,6,1.3,-1
95,BSM,0,10.4,7.8,8,6,1.3,-1
59,BSM,0,10.4,7.8,8,6,1.3,-1
103,BSM,0,10.4,7.8,8,6,1.3,-1
78,BSM,0,10.4,7.8,8,6,1.3,-1
87,BSM,0,10.4,7.8,8,6,1.3,-1
104,BSM,0,10.4,7.8,8,6,1.3,-1
96,BSM,0,10.4,7.8,8,6,1.3,-1
69,BSM,0,10.4,7.8,8,6,1.3,-1
110,BSM,0,10.4,7.8,8,6,1.3,-1
111,BSM,0,10.4,7.8,8,6,1.3,-1
112,BSM,0,10.4,7.8,8,6,1.3,-1
105,BSM,0,10.4,7.8,8,6,1.3,-1
88,BSM,0,10.4,7.8,8,6,1.3,-1
79,BSM,0,10.4,7.8,8,6,1.3,-1
97,BSM,0,10.4,7.8,8,6,1.3,-1
113,BSM,0,10.4,7.8,8,6,1.3,-1
106,BSM,0,10.4,7.8,8,6,1.3,-1
114,BSM,0,10.4,7.8,8,6,1.3,-1
120,BSM,0,10.4,7.8,8,6,1.3,-1
121,BSM,0,10.4,7.8,8,6,1.3,-1
98,BSM,0,10.4,7.8,8,6,1.3,-1
89,BSM,0,10.4,7.8,8,6,1.3,-1
115,BSM,0,10.4,7.8,8,6,1.3,-1
122,BSM,0,10.4,7.8,8,6,1.3,-1
107,BSM,0,10.4,7.8,8,6,1.3,-1
123,BSM,0,10.4,7.8,8,6,1.3,-1
116,BSM,0,10.4,7.8,8,6,1.3,-1
124,BSM,0,10.4,7.8,8,6,1.3,-1
99,BSM,0,10.4,7.8,8,6,1.3,-1
108,BSM,0,10.4,7.8,8,6,1.3,-1
130,BSM,0,10.4,7.8,8,6,1.3,-1
117,BSM,0,10.4,7.8,8,6,1.3,-1
125,BSM,0,10.4,7.8,8,6,1.3,-1
131,BSM,0,10.4,7.8,8,6,1.3,-1
126,BSM,0,10.4,7.8,8,6,1.3,-1
109,BSM,0,10.4,7.8,8,6,1.3,-1
118,BSM,0,10.4,7.8,8,6,1.3,-1
127,BSM,0,10.4,7.8,8,6,1.3,-1
119,BSM,0,10.4,7.8,8,6,1.3,-1
128,BSM,0,10.4,7.8,8,6,1.3,-1
129,BSM,0,10.4,7.8,8,6,1.3,-1
10,BSM,0,10.4,7.8,8,6,1.3,-1
1,BSM,0,10.4,7.8,8,6,1.3,-1
11,BSM,0,10.4,7.8,8,6,1.3,-1
20,BSM,0,10.4,7.8,8,6,1.3,-1
2,BSM,0,10.4,7.8,8,6,1.3,-1
12,BSM,0,10.4,7.8,8,6,1.3,-1
21,BSM,0,10.4,7.8,8,6,1.3,-1
22,BSM,0,10.4,7.8,8,6,1.3,-1
3,BSM,0,10.4,7.8,8,6,1.3,-1
30,BSM,0,10.4,7.8,8,6,1.3,-1
13,BSM,0,10.4,7.8,8,6,1.3,-1
31,BSM,0,10.4,7.8,8,6,1.3,-1
32,BSM,0,10.4,7.8,8,6,1.3,-1
23,BSM,0,10.4,7.8,8,6,1.3,-1
40,BSM,0,10.4,7.8,8,6,1.3,-1
4,BSM,0,10.4,7.8,8,6,1.3,-1
41,BSM,0,10.4,7.8,8,6,1.3,-1
14,BSM,0,10.4,7.8,8,6,1.3,-1
33,BSM,0,10.4,7.8,8,6,1.3,-1
24,BSM,0,10.4,7.8,8,6,1.3,-1
42,BSM,0,10.4,7.8,8,6,1.3,-1
50,BSM,0,10.4,7.8,8,6,1.3,-1
34,BSM,0,10.4,7.8,8,6,1.3,-1
43,BSM,0,10.4,7.8,8,6,1.3,-1
5,BSM,0,10.4,7.8,8,6,1.3,-1
15,BSM,0,10.4,7.8,8,6,1.3,-1
51,BSM,0,10.4,7.8,8,6,1.3,-1
52,BSM,0,10.4,7.8,8,6,1.3,-1
25,BSM,0,10.4,7.8,8,6,1.3,-1
44,BSM,0,10.4,7.8,8,6,1.3,-1
53,BSM,0,10.4,7.8,8,6,1.3,-1
35,BSM,0,10.4,7.8,8,6,1.3,-1
6,BSM,0,10.4,7.8,8,6,1.3,-1
60,BSM,0,10.4,7.8,8,6,1.3,-1
16,BSM,0,10.4,7.8,8,6,1.3,-1
61,BSM,0,10.4,7.8,8,6,1.3,-1
62,BSM,0,10.4,7.8,8,6,1.3,-1
26,BSM,0,10.4,7.8,8,6,1.3,-1
54,BSM,0,10.4,7.8,8,6,1.3,-1
45,BSM,0,10.4,7.8,8,6,1.3,-1
36,BSM,0,10.4,7.8,8,6,1.3,-1
63,BSM,0,10.4,7.8,8,6,1.3,-1
70,BSM,0,10.4,7.8,8,6,1.3,-1
7,BSM,0,10.4,7.8,8,6,1.3,-1
71,BSM,0,10.4,7.8,8,6,1.3,-1
55,BSM,0,10.4,7.8,8,6,1.3,-1
17,BSM,0,10.4,7.8,8,6,1.3,-1
64,BSM,0,10.4,7.8,8,6,1.3,-1
46,BSM,0,10.4,7.8,8,6,1.3,-1
72,BSM,0,10.4,7.8,8,6,1.3,-1
27,BSM,0,10.4,7.8,8,6,1.3,-1
37,BSM,0,10.4,7.8,8,6,1.3,-1
73,BSM,0,10.4,7.8,8,6,1.3,-1
56,BSM,0,10.4,7.8,8,6,1.3,-1
65,BSM,0,10.4,7.8,8,6,1.3,-1
80,BSM,0,10.4,7.8,8,6,1.3,-1
18,BSM,0,10.4,7.8,8,6,1.3,-1
8,BSM,0,10.4,7.8,8,6,1.3,-1
74,BSM,0,10.4,7.8,8,6,1.3,-1
81,BSM,0,10.4,7.8,8,6,1.3,-1
47,BSM,0,10.4,7.8,8,6,1.3,-1
82,BSM,0,10.4,7.8,8,6,1.3,-1
28,BSM,0,10.4,7.8,8,6,1.3,-1
66,BSM,0,10.4,7.8,8,6,1.3,-1
83,BSM,0,10.4,7.8,8,6,1.3,-1
38,BSM,0,10.4,7.8,8,6,1.3,-1
57,BSM,0,10.4,7.8,8,6,1.3,-1
75,BSM,0,10.4,7.8,8,6,1.3,-1
48,BSM,0,10.4,7.8,8,6,1.3,-1
84,BSM,0,10.4,7.8,8,6,1.3,-1
9,BSM,0,10.4,7.8,8,6,1.3,-1
90,BSM,0,10.4,7.8,8,6,1.3,-1
19,BSM,0,10.4,7.8,8,6,1.3,-1
91,BSM,0,10.4,7.8,8,6,1.3,-1
76,BSM,0,10.4,7.8,8,6,1.3,-1
92,BSM,0,10.4,7.8,8,6,1.3,-1
67,BSM,0,10.4,7.8,8,6,1.3,-1
29,BSM,0,10.4,7.8,8,6,1.3,-1
58,BSM,0,10.4,7.8,8,6,1.3,-1
85,BSM,0,10.4,7.8,8,6,1.3,-1
39,BSM,0,10.4,7.8,8,6,1.3,-1
93,BSM,0,10.4,7.8,8,6,1.3,-1
94,BSM,0,10.4,7.8,8,6,1.3,-1
49,BSM,0,10.4,7.8,8,6,1.3,-1
77,BSM,0,10.4,7.8,8,6,1.3,-1
100,BSM,0,10.4,7.8,8,6,1.3,-1
86,BSM,0,10.4,7.8,8,6,1.3,-1
68,BSM,0,10.4,7.8,8,6,1.3,-1
101,BSM,0,10.4,7.8,8,6,1.3,-1
102,BSM,0,10.4,7.8,8,6,1.3,-1
95,BSM,0,10.4,7.8,8,6,1.3,-1
59,BSM,0,10.4,7.8,8,6,1.3,-1
103,BSM,0,10.4,7.8,8,6,1.3,-1
78,BSM,0,10.4,7.8,8,6,1.3,-1
87,BSM,0,10.4,7.8,8,6,1.3,-1
104,BSM,0,10.4,7.8,8,6,1.3,-1
96,BSM,0,10.4,7.8,8,6,1.3,-1
69,BSM,0,10.4,7.8,8,6,1.3,-1
110,BSM,0,10.4,7.8,8,6,1.3,-1
111,BSM,0,10.4,7.8,8,6,1.3,-1
112,BSM,0,10.4,7.8,8,6,1.3,-1
105,BSM,0,10.4,7.8,8,6,1.3,-1
88,BSM,0,10.4,7.8,8,6,1.3,-1
79,BSM,0,10.4,7.8,8,6,1.3,-1
97,BSM,0,10.4,7.8,8,6,1.3,-1
113,BSM,0,10.4,7.8,8,6,1.3,-1
106,BSM,0,10.4,7.8,8,6,1.3,-1
114,BSM,0,10.4,7.8,8,6,1.3,-1
120,BSM,0,10.4,7.8,8,6,1.3,-1
121,BSM,0,10.4,7.8,8,6,1.3,-1
98,BSM,0,10.4,7.8,8,6,1.3,-1
89,BSM,0,10.4,7.8,8,6,1.3,-1
115,BSM,0,10.4,7.8,8,6,1.3,-1
122,BSM,0,10.4,7.8,8,6,1.3,-1
107,BSM,0,10.4,7.8,8,6,1.3,-1
123,BSM,0,10.4,7.8,8,6,1.3,-1
116,BSM,0,10.4,7.8,8,6,1.3,-1
124,BSM,0,10.4,7.8,8,6,1.3,-1
99,BSM,0,10.4,7.8,8,6,1.3,-1
108,BSM,0,10.4,7.8,8,6,1.3,-1
130,BSM,0,10.4,7.8,8,6,1.3,-1
117,BSM,0,10.4,7.8,8,6,1.3,-1
125,BSM,0,10.4,7.8,8,6,1.3,-1
131,BSM,0,10.4,7.8,8,6,1.3,-1
126,BSM,0,10.4,7.8,8,6,1.3,-1
109,BSM,0,10.4,7.8,8,6,1.3,-1
118,BSM,0,10.4,7.8,8,6,1.3,-1
127,BSM,0,10.4,7.8,8,6,1.3,-1
119,BSM,0,10.4,7.8,8,6,1.3,-1
128,BSM,0,10.4,7.8,8,6,1.3,-1
129,BSM,0,10.4,7.8,8,6,1.3,-1
10,BSM,0,10.4,7.8,8,6,1.3,-1
1,BSM,0,10.4,7.8,8,6,1.3,-1
11,BSM,0,10.4,7.8,8,6,1.3,-1
20,BSM,0,10.4,7.8,8,6,1.3,-1
2,BSM,0,10.4,7.8,8,6,1.3,-1
12,BSM,0,10.4,7.8,8,6,1.3,-1
21,BSM,0,10.4,7.8,8,6,1.3,-1
22,BSM,0,10.4,7.8,8,6,1.3,-1
3,BSM,0,10.4,7.8,8,6,1.3,-1
30,BSM,0,10.4,7.8,8,6,1.3,-1
13,BSM,0,10.4,7.8,8,6,1.3,-1
31,BSM,0,10.4,7.8,8,6,1.3,-1
32,BSM,0,10.4,7.8,8,6,1.3,-1
23,BSM,0,10.4,7.8,8,6,1.3,-1
40,BSM,0,10.4,7.8,8,6,1.3,-1
4,BSM,0,10.4,7.8,8,6,1.3,-1
41,BSM,0,10.4,7.8,8,6,1.3,-1
14,BSM,0,10.4,7.8,8,6,1.3,-1
33,BSM,0,10.4,7.8,8,6,1.3,-1
24,BSM,0,10.4,7.8,8,6,1.3,-1
42,BSM,0,10.4,7.8,8,6,1.3,-1
50,BSM,0,10.4,7.8,8,6,1.3,-1
34,BSM,0,10.4,7.8,8,6,1.3,-1
43,BSM,0,10.4,7.8,8,6,1.3,-1
5,BSM,0,10.4,7.8,8,6,1.3,-1
15,BSM,0,10.4,7.8,8,6,1.3,-1
51,BSM,0,10.4,7.8,8,6,1.3,-1
52,BSM,0,10.4,7.8,8,6,1.3,-1
25,BSM,0,10.4,7.8,8,6,1.3,-1
44,BSM,0,10.4,7.8,8,6,1.3,-1
53,BSM,0,10.4,7.8,8,6,1.3,-1
35,BSM,0,10.4,7.8,8,6,1.3,-1
6,BSM,0,10.4,7.8,8,6,1.3,-1
60,BSM,0,10.4,7.8,8,6,1.3,-1
16,BSM,0,10.4,7.8,8,6,1.3,-1
61,BSM,0,10.4,7.8,8,6,1.3,-1
62,BSM,0,10.4,7.8,8,6,1.3,-1
26,BSM,0,10.4,7.8,8,6,1.3,-1
54,BSM,0,10.4,7.8,8,6,1.3,-1
45,BSM,0,10.4,7.8,8,6,1.3,-1
36,BSM,0,10.4,7.8,8,6,1.3,-1
63,BSM,0,10.4,7.8,8,6,1.3,-1
70,BSM,0,10.4,7.8,8,6,1.3,-1
7,BSM,0,10.4,7.8,8,6,1.3,-1
71,BSM,0,10.4,7.8,8,6,1.3,-1
55,BSM,0,10.4,7.8,8,6,1.3,-1
17,BSM,0,10.4,7.8,8,6,1.3,-1
64,BSM,0,10.4,7.8,8,6,1.3,-1
46,BSM,0,10.4,7.8,8,6,1.3,-1
72,BSM,0,10.4,7.8,8,6,1.3,-1
27,BSM,0,10.4,7.8,8,6,1.3,-1
37,BSM,0,10.4,7.8,8,6,1.3,-1
73,BSM,0,10.4,7.8,8,6,1.3,-1
56,BSM,0,10.4,7.8,8,6,1.3,-1
65,BSM,0,10.4,7.8,8,6,1.3,-1
80,BSM,0,10.4,7.8,8,6,1.3,-1
18,BSM,0,10.4,7.8,8,6,1.3,-1
8,BSM,0,10.4,7.8,8,6,1.3,-1
74,BSM,0,10.4,7.8,8,6,1.3,-1
81,BSM,0,10.4,7.8,8,6,1.3,-1
47,BSM,0,10.4,7.8,8,6,1.3,-1
82,BSM,0,10.4,7.8,8,6,1.3,-1
28,BSM,0,10.4,7.8,8,6,1.3,-1
66,BSM,0,10.4,7.8,8,6,1.3,-1
83,BSM,0,10.4,7.8,8,6,1.3,-1
38,BSM,0,10.4,7.8,8,6,1.3,-1
57,BSM,0,10.4,7.8,8,6,1.3,-1
75,BSM,0,10.4,7.8,8,6,1.3,-1
48,BSM,0,10.4,7.8,8,6,1.3,-1
84,BSM,0,10.4,7.8,8,6,1.3,-1
9,BSM,0,10.4,7.8,8,6,1.3,-1
90,BSM,0,10.4,7.8,8,6,1.3,-1
19,BSM,0,10.4,7.8,8,6,1.3,-1
91,BSM,0,10.4,7.8,8,6,1.3,-1
76,BSM,0,10.4,7.8,8,6,1.3,-1
92,BSM,0,10.4,7.8,8,6,1.3,-1
67,BSM,0,10.4,7.8,8,6,1.3,-1
29,BSM,0,10.4,7.8,8,6,1.3,-1
58,BSM,0,10.4,7.8,8,6,1.3,-1
85,BSM,0,10.4,7.8,8,6,1.3,-1
39,BSM,0,10.4,7.8,8,6,1.3,-1
93,BSM,0,10.4,7.8,8,6,1.3,-1
94,BSM,0,10.4,7.8,8,6,1.3,-1
49,BSM,0,10.4,7.8,8,6,1.3,-1
77,BSM,0,10.4,7.8,8,6,1.3,-1
100,BSM,0,10.4,7.8,8,6,1.3,-1
86,BSM,0,10.4,7.8,8,6,1.3,-1
68,BSM,0,10.4,7.8,8,6,1.3,-1
101,BSM,0,10.4,7.8,8,6,1.3,-1
102,BSM,0,10.4,7.8,8,6,1.3,-1
95,BSM,0,10.4,7.8,8,6,1.3,-1
59,BSM,0,10.4,7.8,8,6,1.3,-1
103,BSM,0,10.4,7.8,8,6,1.3,-1
78,BSM,0,10.4,7.8,8,6,1.3,-1
87,BSM,0,10.4,7.8,8,6,1.3,-1
104,BSM,0,10.4,7.8,8,6,1.3,-1
96,BSM,0,10.4,7.8,8,6,1.3,-1
69,BSM,0,10.4,7.8,8,6,1.3,-1
110,BSM,0,10.4,7.8,8,6,1.3,-1
111,BSM,0,10.4,7.8,8,6,1.3,-1
112,BSM,0,10.4,7.8,8,6,1.3,-1
105,BSM,0,10.4,7.8,8,6,1.3,-1
88,BSM,0,10.4,7.8,8,6,1.3,-1
79,BSM,0,10.4,7.8,8,6,1.3,-1
97,BSM,0,10.4,7.8,8,6,1.3,-1
113,BSM,0,10.4,7.8,8,6,1.3,-1
106,BSM,0,10.4,7.8,8,6,1.3,-1
114,BSM,0,10.4,7.8,8,6,1.3,-1
120,BSM,0,10.4,7.8,8,6,1.3,-1
121,BSM,0,10.4,7.8,8,6,1.3,-1
98,BSM,0,10.4,7.8,8,6,1.3,-1
89,BSM,0,10.4,7.8,8,6,1.3,-1
115,BSM,0,10.4,7.8,8,6,1.3,-1
122,BSM,0,10.4,7.8,8,6,1.3,-1
107,BSM,0,10.4,7.8,8,6,1.3,-1
123,BSM,0,10.4,7.8,8,6,1.3,-1
116,BSM,0,10.4,7.8,8,6,1.3,-1
124,BSM,0,10.4,7.8,8,6,1.3,-1
99,BSM,0,10.4,7.8,8,6,1.3,-1
108,BSM,0,10.4,7.8,8,6,1.3,-1
130,BSM,0,10.4,7.8,8,6,1.3,-1
117,BSM,0,10.4,7.8,8,6,1.3,-1
125,BSM,0,10.4,7.8,8,6,1.3,-1
131,BSM,0,10.4,7.8,8,6,1.3,-1
126,BSM,0,10.4,7.8,8,6,1.3,-1
109,BSM,0,10.4,7.8,8,6,1.3,-1
118,BSM,0,10.4,7.8,8,6,1.3,-1
127,BSM,0,10.4,7.8,8,6,1.3,-1
119,BSM,0,10.4,7.8,8,6,1.3,-1
128,BSM,0,10.4,7.8,8,6,1.3,-1
129,BSM,0,10.4,7.8,8,6,1.3,-1
10,BSM,0,10.4,7.8,8,6,1.3,-1
1,BSM,0,10.4,7.8,8,6,1.3,-1
11,BSM,0,10.4,7.8,8,6,1.3,-1
20,BSM,0,10.4,7.8,8,6,1.3,-1
2,BSM,0,10.4,7.8,8,6,1.3,-1
12,BSM,0,10.4,7.8,8,6,1.3,-1
21,BSM,0,10.4,7.8,8,6,1.3,-1
22,BSM,0,10.4,7.8,8,6,1.3,-1
3,BSM,0,10.4,7.8,8,6,1.3,-1
30,BSM,0,10.4,7.8,8,6,1.3,-1
13,BSM,0,10.4,7.8,8,6,1.3,-1
31,BSM,0,10.4,7.8,8,6,1.3,-1
32,BSM,0,10.4,7.8,8,6,1.3,-1
23,BSM,0,10.4,7.8,8,6,1.3,-1
40,BSM,0,10.4,7.8,8,6,1.3,-1
4,BSM,0,10.4,7.8,8,6,1.3,-1
41,BSM,0,10.4,7.8,8,6,1.3,-1
14,BSM,0,10.4,7.8,8,6,1.3,-1
33,BSM,0,10.4,7.8,8,6,1.3,-1
24,BSM,0,10.4,7.8,8,6,1.3,-1
42,BSM,0,10.4,7.8,8,6,1.3,-1
50,BSM,0,10.4,7.8,8,6,1.3,-1
34,BSM,0,10.4,7.8,8,6,1.3,-1
43,BSM,0,10.4,7.8,8,6,1.3,-1
5,BSM,0,10.4,7.8,8,6,1.3,-1
15,BSM,0,10.4,7.8,8,6,1.3,-1
51,BSM,0,10.4,7.8,8,6,1.3,-1
52,BSM,0,10.4,7.8,8,6,1.3,-1
25,BSM,0,10.4,7.8,8,6,1.3,-1
44,BSM,0,10.4,7.8,8,6,1.3,-1
53,BSM,0,10.4,7.8,8,6,1.3,-1
35,BSM,0,10.4,7.8,8,6,1.3,-1
6,BSM,0,10.4,7.8,8,6,1.3,-1
60,BSM,0,10.4,7.8,8,6,1.3,-1
16,BSM,0,10.4,7.8,8,6,1.3,-1
61,BSM,0,10.4,7.8,8,6,1.3,-1
62,BSM,0,10.4,7.8,8,6,1.3,-1
26,BSM,0,10.4,7.8,8,6,1.3,-1
54,BSM,0,10.4,7.8,8,6,1.3,-1
45,BSM,0,10.4,7.8,8,6,1.3,-1
36,BSM,0,10.4,7.8,8,6,1.3,-1
63,BSM,0,10.4,7.8,8,6,1.3,-1
70,BSM,0,10.4,7.8,8,6,1.3,-1
7,BSM,0,10.4,7.8,8,6,1.3,-1
71,BSM,0,10.4,7.8,8,6,1.3,-1
55,BSM,0,10.4,7.8,8,6,1.3,-1
17,BSM,0,10.4,7.8,8,6,1.3,-1
64,BSM,0,10.4,7.8,8,6,1.3,-1
46,BSM,0,10.4,7.8,8,6,1.3,-1
72,BSM,0,10.4,7.8,8,6,1.3,-1
27,BSM,0,10.4,7.8,8,6,1.3,-1
37,BSM,0,10.4,7.8,8,6,1.3,-1
73,BSM,0,10.4,7.8,8,6,1.3,-1
56,BSM,0,10.4,7.8,8,6,1.3,-1
65,BSM,0,10.4,7.8,8,6,1.3,-1
80,BSM,0,10.4,7.8,8,6,1.3,-1
18,BSM,0,10.4,7.8,8,6,1.3,-1
8,BSM,0,10.4,7.8,8,6,1.3,-1
74,BSM,0,10.4,7.8,8,6,1.3,-1
81,BSM,0,10.4,7.8,8,6,1.3,-1
47,BSM,0,10.4,7.8,8,6,1.3,-1
82,BSM,0,10.4,7.8,8,6,1.3,-1
28,BSM,0,10.4,7.8,8,6,1.3,-1
66,BSM,0,10.4,7.8,8,6,1.3,-1
83,BSM,0,10.4,7.8,8,6,1.3,-1
38,BSM,0,10.4,7.8,8,6,1.3,-1
57,BSM,0,10.4,7.8,8,6,1.3,-1
75,BSM,0,10.4,7.8,8,6,1.3,-1
48,BSM,0,10.4,7.8,8,6,1.3,-1
84,BSM,0,10.4,7.8,8,6,1.3,-1
9,BSM,0,10.4,7.8,8,6,1.3,-1
90,BSM,0,10.4,7.8,8,6,1.3,-1
19,BSM,0,10.4,7.8,8,6,1.3,-1
91,BSM,0,10.4,7.8,8,6,1.3,-1
76,BSM,0,10.4,7.8,8,6,1.3,-1
92,BSM,0,10.4,7.8,8,6,1.3,-1
67,BSM,0,10.4,7.8,8,6,1.3,-1
29,BSM,0,10.4,7.8,8,6,1.3,-1
58,BSM,0,10.4,7.8,8,6,1.3,-1
85,BSM,0,10.4,7.8,8,6,1.3,-1
39,BSM,0,10.4,7.8,8,6,1.3,-1
93,BSM,0,10.4,7.8,8,6,1.3,-1
94,BSM,0,10.4,7.8,8,6,1.3,-1
49,BSM,0,10.4,7.8,8,6,1.3,-1
77,BSM,0,10.4,7.8,8,6,1.3,-1
100,BSM,0,10.4,7.8,8,6,1.3,-1
86,BSM,0,10.4,7.8,8,6,1.3,-1
68,BSM,0,10.4,7.8,8,6,1.3,-1
101,BSM,0,10.4,7.8,8,6,1.3,-1
102,BSM,0,10.4,7.8,8,6,1.3,-1
95,BSM,0,10.4,7.8,8,6,1.3,-1
59,BSM,0,10.4,7.8,8,6,1.3,-1
103,BSM,0,10.4,7.8,8,6,1.3,-1
78,BSM,0,10.4,7.8,8,6,1.3,-1
87,BSM,0,10.4,7.8,8,6,1.3,-1
104,BSM,0,10.4,7.8,8,6,1.3,-1
96,BSM,0,10.4,7.8,8,6,1.3,-1
69,BSM,0,10.4,7.8,8,6,1.3,-1
110,BSM,0,10.4,7.8,8,6,1.3,-1
111,BSM,0,10.4,7.8,8,6,1.3,-1
112,BSM,0,10.4,7.8,8,6,1.3,-1
105,BSM,0,10.4,7.8,8,6,1.3,-1
88,BSM,0,10.4,7.8,8,6,1.3,-1
79,BSM,0,10.4,7.8,8,6,1.3,-1
97,BSM,0,10.4,7.8,8,6,1.3,-1
113,BSM,0,10.4,7.8,8,6,1.3,-1
106,BSM,0,10.4,7.8,8,6,1.3,-1
114,BSM,0,10.4,7.8,8,6,1.3,-1
120,BSM,0,10.4,7.8,8,6,1.3,-1
121,BSM,0,10.4,7.8,8,6,1.3,-1
98,BSM,0,10.4,7.8,8,6,1.3,-1
89,BSM,0,10.4,7.8,8,6,1.3,-1
115,BSM,0,10.4,7.8,8,6,1.3,-1
122,BSM,0,10.4,7.8,8,6,1.3,-1
107,BSM,0,10.4,7.8,8,6,1.3,-1
123,BSM,0,10.4,7.8,8,6,1.3,-1
116,BSM,0,10.4,7.8,8,6,1.3,-1
124,BSM,0,10.4,7.8,8,6,1.3,-1
99,BSM,0,10.4,7.8,8,6,1.3,-1
108,BSM,0,10.4,7.8,8,6,1.3,-1
130,BSM,0,10.4,7.8,8,6,1.3,-1
117,BSM,0,10.4,7.8,8,6,1.3,-1
125,BSM,0,10.4,7.8,8,6,1.3,-1
131,BSM,0,10.4,7.8,8,6,1.3,-1
126,BSM,0,10.4,7.8,8,6,1.3,-1
109,BSM,0,10.4,7.8,8,6,1.3,-1
118,BSM,0,10.4,7.8,8,6,1.3,-1
127,BSM,0,10.4,7.8,8,6,1.3,-1
119,BSM,0,10.4,7.8,8,6,1.3,-1
128,BSM,0,10.4,7.8,8,6,1.3,-1
129,BSM,0,10.4,7.8,8,6,1.3,-1
10,BSM,0,10.4,7.8,8,6,1.3,-1
1,BSM,0,10.4,7.8,8,6,1.3,-1
11,BSM,0,10.4,7.8,8,6,1.3,-1
20,BSM,0,10.4,7.8,8,6,1.3,-1
2,BSM,0,10.4,7.8,8,6,1.3,-1
12,BSM,0,10.4,7.8,8,6,1.3,-1
21,BSM,0,10.4,7.8,8,6,1.3,-1
22,BSM,0,10.4,7.8,8,6,1.3,-1
3,BSM,0,10.4,7.8,8,6,1.3,-1
30,BSM,0,10.4,7.8,8,6,1.3,-1
13,BSM,0,10.4,7.8,8,6,1.3,-1
31,BSM,0,10.4,7.8,8,6,1.3,-1
32,BSM,0,10.4,7.8,8,6,1.3,-1
23,BSM,0,10.4,7.8,8,6,1.3,-1
40,BSM,0,10.4,7.8,8,6,1.3,-1
4,BSM,0,10.4,7.8,8,6,1.3,-1
41,BSM,0,10.4,7.8,8,6,1.3,-1
14,BSM,0,10.4,7.8,8,6,1.3,-1
33,BSM,0,10.4,7.8,8,6,1.3,-1
24,BSM,0,10.4,7.8,8,6,1.3,-1
42,BSM,0,10.4,7.8,8,6,1.3,-1
50,BSM,0,10.4,7.8,8,6,1.3,-1
34,BSM,0,10.4,7.8,8,6,1.3,-1
43,BSM,0,10.4,7.8,8,6,1.3,-1
5,BSM,0,10.4,7.8,8,6,1.3,-1
15,BSM,0,10.4,7.8,8,6,1.3,-1
51,BSM,0,10.4,7.8,8,6,1.3,-1
52,BSM,0,10.4,7.8,8,6,1.3,-1
25,BSM,0,10.4,7.8,8,6,1.3,-1
44,BSM,0,10.4,7.8,8,6,1.3,-1
53,BSM,0,10.4,7.8,8,6,1.3,-1
35,BSM,0,10.4,7.8,8,6,1.3,-1
6,BSM,0,10.4,7.8,8,6,1.3,-1
60,BSM,0,10.4,7.8,8,6,1.3,-1
16,BSM,0,10.4,7.8,8,6,1.3,-1
61,BSM,0,10.4,7.8,8,6,1.3,-1
62,BSM,0,10.4,7.8,8,6,1.3,-1
26,BSM,0,10.4,7.8,8,6,1.3,-1
54,BSM,0,10.4,7.8,8,6,1.3,-1
45,BSM,0,10.4,7.8,8,6,1.3,-1
36,BSM,0,10.4,7.8,8,6,1.3,-1
63,BSM,0,10.4,7.8,8,6,1.3,-1
70,BSM,0,10.4,7.8,8,6,1.3,-1
7,BSM,0,10.4,7.8,8,6,1.3,-1
71,BSM,0,10.4,7.8,8,6,1.3,-1
55,BSM,0,10.4,7.8,8,6,1.3,-1
17,BSM,0,10.4,7.8,8,6,1.3,-1
64,BSM,0,10.4,7.8,8,6,1.3,-1
46,BSM,0,10.4,7.8,8,6,1.3,-1
72,BSM,0,10.4,7.8,8,6,1.3,-1
27,BSM,0,10.4,7.8,8,6,1.3,-1
37,BSM,0,10.4,7.8,8,6,1.3,-1
73,BSM,0,10.4,7.8,8,6,1.3,-1
56,BSM,0,10.4,7.8,8,6,1.3,-1
65,BSM,0,10.4,7.8,8,6,1.3,-1
80,BSM,0,10.4,7.8,8,6,1.3,-1
18,BSM,0,10.4,7.8,8,6,1.3,-1
8,BSM,0,10.4,7.8,8,6,1.3,-1
74,BSM,0,10.4,7.8,8,6,1.3,-1
81,BSM,0,10.4,7.8,8,6,1.3,-1
47,BSM,0,10.4,7.8,8,6,1.3,-1
82,BSM,0,10.4,7.8,8,6,1.3,-1
28,BSM,0,10.4,7.8,8,6,1.3,-1
66,BSM,0,10.4,7.8,8,6,1.3,-1
83,BSM,0,10.4,7.8,8,6,1.3,-1
38,BSM,0,10.4,7.8,8,6,1.3,-1
57,BSM,0,10.4,7.8,8,6,1.3,-1
75,BSM,0,10.4,7.8,8,6,1.3,-1
48,BSM,0,10.4,7.8,8,6,1.3,-1
84,BSM,0,10.4,7.8,8,6,1.3,-1
9,BSM,0,10.4,7.8,8,6,1.3,-1
90,BSM,0,10.4,7.8,8,6,1.3,-1
19,BSM,0,10.4,7.8,8,6,1.3,-1
91,BSM,0,10.4,7.8,8,6,1.3,-1
76,BSM,0,10.4,7.8,8,6,1.3,-1
92,BSM,0,10.4,7.8,8,6,1.3,-1
67,BSM,0,10.4,7.8,8,6,1.3,-1
29,BSM,0,10.4,7.8,8,6,1.3,-1
58,BSM,0,10.4,7.8,8,6,1.3,-1
85,BSM,0,10.4,7.8,8,6,1.3,-1
39,BSM,0,10.4,7.8,8,6,1.3,-1
93,BSM,0,10.4,7.8,8,6,1.3,-1
94,BSM,0,10.4,7.8,8,6,1.3,-1
49,BSM,0,10.4,7.8,8,6,1.3,-1
77,BSM,0,10.4,7.8,8,6,1.3,-1
100,BSM,0,10.4,7.8,8,6,1.3,-1
86,BSM,0,10.4,7.8,8,6,1.3,-1
68,BSM,0,10.4,7.8,8,6,1.3,-1
101,BSM,0,10.4,7.8,8,6,1.3,-1
102,BSM,0,10.4,7.8,8,6,1.3,-1
95,BSM,0,10.4,7.8,8,6,1.3,-1
59,BSM,0,10.4,7.8,8,6,1.3,-1
103,BSM,0,10.4,7.8,8,6,1.3,-1
78,BSM,0,10.4,7.8,8,6,1.3,-1
87,BSM,0,10.4,7.8,8,6,1.3,-1
104,BSM,0,10.4,7.8,8,6,1.3,-1
96,BSM,0,10.4,7.8,8,6,1.3,-1
69,BSM,0,10.4,7.8,8,6,1.3,-1
110,BSM,0,10.4,7.8,8,6,1.3,-1
111,BSM,0,10.4,7.8,8,6,1.3,-1
112,BSM,0,10.4,7.8,8,6,1.3,-1
105,BSM,0,10.4,7.8,8,6,1.3,-1
88,BSM,0,10.4,7.8,8,6,1.3,-1
79,BSM,0,10.4,7.8,8,6,1.3,-1
97,BSM,0,10.4,7.8,8,6,1.3,-1
113,BSM,0,10.4,7.8,8,6,1.3,-1
106,BSM,0,10.4,7.8,8,6,1.3,-1
114,BSM,0,10.4,7.8,8,6,1.3,-1
120,BSM,0,10.4,7.8,8,6,1.3,-1
121,BSM,0,10.4,7.8,8,6,1.3,-1
98,BSM,0,10.4,7.8,8,6,1.3,-1
89,BSM,0,10.4,7.8,8,6,1.3,-1
115,BSM,0,10.4,7.8,8,6,1.3,-1
122,BSM,0,10.4,7.8,8,6,1.3,-1
107,BSM,0,10.4,7.8,8,6,1.3,-1
123,BSM,0,10.4,7.8,8,6,1.3,-1
116,BSM,0,10.4,7.8,8,6,1.3,-1
124,BSM,0,10.4,7.8,8,6,1.3,-1
99,BSM,0,10.4,7.8,8,6,1.3,-1
108,BSM,0,10.4,7.8,8,6,1.3,-1
130,BSM,0,10.4,7.8,8,6,1.3,-1
117,BSM,0,10.4,7.8,8,6,1.3,-1
125,BSM,0,10.4,7.8,8,6,1.3,-1
131,BSM,0,10.4,7.8,8,6,1.3,-1
126,BSM,0,10.4,7.8,8,6,1.3,-1
109,BSM,0,10.4,7.8,8,6,1.3,-1
118,BSM,0,10.4,7.8,8,6,1.3,-1
127,BSM,0,10.4,7.8,8,6,1.3,-1
119,BSM,0,10.4,7.8,8,6,1.3,-1
128,BSM,0,10.4,7.8,8,6,1.3,-1
129,BSM,0,10.4,7.8,8,6,1.3,-1
10,BSM,0,10.4,7.8,8,6,1.3,-1
1,BSM,0,10.4,7.8,8,6,1.3,-1
11,BSM,0,10.4,7.8,8,6,1.3,-1
20,BSM,0,10.4,7.8,8,6,1.3,-1
2,BSM,0,10.4,7.8,8,6,1.3,-1
12,BSM,0,10.4,7.8,8,6,1.3,-1
21,BSM,0,10.4,7.8,8,6,1.3,-1
22,BSM,0,10.4,7.8,8,6,1.3,-1
3,BSM,0,10.4,7.8,8,6,1.3,-1
30,BSM,0,10.4,7.8,8,6,1.3,-1
13,BSM,0,10.4,7.8,8,6,1.3,-1
31,BSM,0,10.4,7.8,8,6,1.3,-1
32,BSM,0,10.4,7.8,8,6,1.3,-1
23,BSM,0,10.4,7.8,8,6,1.3,-1
40,BSM,0,10.4,7.8,8,6,1.3,-1
4,BSM,0,10.4,7.8,8,6,1.3,-1
41,BSM,0,10.4,7.8,8,6,1.3,-1
14,BSM,0,10.4,7.8,8,6,1.3,-1
33,BSM,0,10.4,7.8,8,6,1.3,-1
24,BSM,0,10.4,7.8,8,6,1.3,-1
42,BSM,0,10.4,7.8,8,6,1.3,-1
50,BSM,0,10.4,7.8,8,6,1.3,-1
34,BSM,0,10.4,7.8,8,6,1.3,-1
43,BSM,0,10.4,7.8,8,6,1.3,-1
5,BSM,0,10.4,7.8,8,6,1.3,-1
15,BSM,0,10.4,7.8,8,6,1.3,-1
51,BSM,0,10.4,7.8,8,6,1.3,-1
52,BSM,0,10.4,7.8,8,6,1.3,-1
25,BSM,0,10.4,7.8,8,6,1.3,-1
44,BSM,0,10.4,7.8,8,6,1.3,-1
53,BSM,0,10.4,7.8,8,6,1.3,-1
35,BSM,0,10.4,7.8,8,6,1.3,-1
6,BSM,0,10.4,7.8,8,6,1.3,-1
60,BSM,0,10.4,7.8,8,6,1.3,-1
16,BSM,0,10.4,7.8,8,6,1.3,-1
61,BSM,0,10.4,7.8,8,6,1.3,-1
62,BSM,0,10.4,7.8,8,6,1.3,-1
26,BSM,0,10.4,7.8,8,6,1.3,-1
54,BSM,0,10.4,7.8,8,6,1.3,-1
45,BSM,0,10.4,7.8,8,6,1.3,-1
36,BSM,0,10.4,7.8,8,6,1.3,-1
63,BSM,0,10.4,7.8,8,6,1.3,-1
70,BSM,0,10.4,7.8,8,6,1.3,-1
7,BSM,0,10.4,7.8,8,6,1.3,-1
71,BSM,0,10.4,7.8,8,6,1.3,-1
55,BSM,0,10.4,7.8,8,6,1.3,-1
17,BSM,0,10.4,7.8,8,6,1.3,-1
64,BSM,0,10.4,7.8,8,6,1.3,-1
46,BSM,0,10.4,7.8,8,6,1.3,-1
72,BSM,0,10.4,7.8,8,6,1.3,-1
27,BSM,0,10.4,7.8,8,6,1.3,-1
37,BSM,0,10.4,7.8,8,6,1.3,-1
73,BSM,0,10.4,7.8,8,6,1.3,-1
56,BSM,0,10.4,7.8,8,6,1.3,-1
65,BSM,0,10.4,7.8,8,6,1.3,-1
80,BSM,0,10.4,7.8,8,6,1.3,-1
18,BSM,0,10.4,7.8,8,6,1.3,-1
8,BSM,0,10.4,7.8,8,6,1.3,-1
74,BSM,0,10.4,7.8,8,6,1.3,-1
81,BSM,0,10.4,7.8,8,6,1.3,-1
47,BSM,0,10.4,7.8,8,6,1.3,-1
82,BSM,0,10.4,7.8,8,6,1.3,-1
28,BSM,0,10.4,7.8,8,6,1.3,-1
66,BSM,0,10.4,7.8,8,6,1.3,-1
83,BSM,0,10.4,7.8,8,6,1.3,-1
38,BSM,0,10.4,7.8,8,6,1.3,-1
57,BSM,0,10.4,7.8,8,6,1.3,-1
75,BSM,0,10.4,7.8,8,6,1.3,-1
48,BSM,0,10.4,7.8,8,6,1.3,-1
84,BSM,0,10.4,7.8,8,6,1.3,-1
9,BSM,0,10.4,7.8,8,6,1.3,-1
90,BSM,0,10.4,7.8,8,6,1.3,-1
19,BSM,0,10.4,7.8,8,6,1.3,-1
91,BSM,0,10.4,7.8,8,6,1.3,-1
76,BSM,0,10.4,7.8,8,6,1.3,-1
92,BSM,0,10.4,7.8,8,6,1.3,-1
67,BSM,0,10.4,7.8,8,6,1.3,-1
29,BSM,0,10.4,7.8,8,6,1.3,-1
58,BSM,0,10.4,7.8,8,6,1.3,-1
85,BSM,0,10.4,7.8,8,6,1.3,-1
39,BSM,0,10.4,7.8,8,6,1.3,-1
93,BSM,0,10.4,7.8,8,6,1.3,-1
94,BSM,0,10.4,7.8,8,6,1.3,-1
49,BSM,0,10.4,7.8,8,6,1.3,-1
77,BSM,0,10.4,7.8,8,6,1.3,-1
100,BSM,0,10.4,7.8,8,6,1.3,-1
86,BSM,0,10.4,7.8,8,6,1.3,-1
68,BSM,0,10.4,7.8,8,6,1.3,-1
101,BSM,0,10.4,7.8,8,6,1.3,-1
102,BSM,0,10.4,7.8,8,6,1.3,-1
95,BSM,0,10.4,7.8,8,6,1.3,-1
59,BSM,0,10.4,7.8,8,6,1.3,-1
103,BSM,0,10.4,7.8,8,6,1.3,-1
78,BSM,0,10.4,7.8,8,6,1.3,-1
87,BSM,0,10.4,7.8,8,6,1.3,-1
104,BSM,0,10.4,7.8,8,6,1.3,-1
96,BSM,0,10.4,7.8,8,6,1.3,-1
69,BSM,0,10.4,7.8,8,6,1.3,-1
110,BSM,0,10.4,7.8,8,6,1.3,-1
111,BSM,0,10.4,7.8,8,6,1.3,-1
112,BSM,0,10.4,7.8,8,6,1.3,-1
105,BSM,0,10.4,7.8,8,6,1.3,-1
88,BSM,0,10.4,7.8,8,6,1.3,-1
79,BSM,0,10.4,7.8,8,6,1.3,-1
97,BSM,0,10.4,7.8,8,6,1.3,-1
113,BSM,0,10.4,7.8,8,6,1.3,-1
106,BSM,0,10.4,7.8,8,6,1.3,-1
114,BSM,0,10.4,7.8,8,6,1.3,-1
120,BSM,0,10.4,7.8,8,6,1.3,-1
121,BSM,0,10.4,7.8,8,6,1.3,-1
98,BSM,0,10.4,7.8,8,6,1.3,-1
89,BSM,0,10.4,7.8,8,6,1.3,-1
115,BSM,0,10.4,7.8,8,6,1.3,-1
122,BSM,0,10.4,7.8,8,6,1.3,-1
107,BSM,0,10.4,7.8,8,6,1.3,-1
123,BSM,0,10.4,7.8,8,6,1.3,-1
116,BSM,0,10.4,7.8,8,6,1.3,-1
124,BSM,0,10.4,7.8,8,6,1.3,-1
99,BSM,0,10.4,7.8,8,6,1.3,-1
108,BSM,0,10.4,7.8,8,6,1.3,-1
130,BSM,0,10.4,7.8,8,6,1.3,-1
117,BSM,0,10.4,7.8,8,6,1.3,-1
125,BSM,0,10.4,7.8,8,6,1.3,-1
131,BSM,0,10.4,7.8,8,6,1.3,-1
126,BSM,0,10.4,7.8,8,6,1.3,-1
109,BSM,0,10.4,7.8,8,6,1.3,-1
118,BSM,0,10.4,7.8,8,6,1.3,-1
127,BSM,0,10.4,7.8,8,6,1.3,-1
119,BSM,0,10.4,7.8,8,6,1.3,-1
128,BSM,0,10.4,7.8,8,6,1.3,-1
129,BSM,0,10.4,7.8,8,6,1.3,-1
10,BSM,0,10.4,7.8,8,6,1.3,-1
1,BSM,0,10.4,7.8,8,6,1.3,-1
11,BSM,0,10.4,7.8,8,6,1.3,-1
20,BSM,0,10.4,7.8,8,6,1.3,-1
2,BSM,0,10.4,7.8,8,6,1.3,-1
12,BSM,0,10.4,7.8,8,6,1.3,-1
21,BSM,0,10.4,7.8,8,6,1.3,-1
22,BSM,0,10.4,7.8,8,6,1.3,-1
3,BSM,0,10.4,7.8,8,6,1.3,-1
30,BSM,0,10.4,7.8,8,6,1.3,-1
13,BSM,0,10.4,7.8,8,6,1.3,-1
31,BSM,0,10.4,7.8,8,6,1.3,-1
32,BSM,0,10.4,7.8,8,6,1.3,-1
23,BSM,0,10.4,7.8,8,6,1.3,-1
40,BSM,0,10.4,7.8,8,6,1.3,-1
4,BSM,0,10.4,7.8,8,6,1.3,-1
41,BSM,0,10.4,7.8,8,6,1.3,-1
14,BSM,0,10.4,7.8,8,6,1.3,-1
33,BSM,0,10.4,7.8,8,6,1.3,-1
24,BSM,0,10.4,7.8,8,6,1.3,-1
42,BSM,0,10.4,7.8,8,6,1.3,-1
50,BSM,0,10.4,7.8,8,6,1.3,-1
34,BSM,0,10.4,7.8,8,6,1.3,-1
43,BSM,0,10.4,7.8,8,6,1.3,-1
5,BSM,0,10.4,7.8,8,6,1.3,-1
15,BSM,0,10.4,7.8,8,6,1.3,-1
51,BSM,0,10.4,7.8,8,6,1.3,-1
52,BSM,0,10.4,7.8,8,6,1.3,-1
25,BSM,0,10.4,7.8,8,6,1.3,-1
44,BSM,0,10.4,7.8,8,6,1.3,-1
53,BSM,0,10.4,7.8,8,6,1.3,-1
35,BSM,0,10.4,7.8,8,6,1.3,-1
6,BSM,0,10.4,7.8,8,6,1.3,-1
60,BSM,0,10.4,7.8,8,6,1.3,-1
16,BSM,0,10.4,7.8,8,6,1.3,-1
61,BSM,0,10.4,7.8,8,6,1.3,-1
62,BSM,0,10.4,7.8,8,6,1.3,-1
26,BSM,0,10.4,7.8,8,6,1.3,-1
54,BSM,0,10.4,7.8,8,6,1.3,-1
45,BSM,0,10.4,7.8,8,6,1.3,-1
36,BSM,0,10.4,7.8,8,6,1.3,-1
63,BSM,0,10.4,7.8,8,6,1.3,-1
70,BSM,0,10.4,7.8,8,6,1.3,-1
7,BSM,0,10.4,7.8,8,6,1.3,-1
71,BSM,0,10.4,7.8,8,6,1.3,-1
55,BSM,0,10.4,7.8,8,6,1.3,-1
17,BSM,0,10.4,7.8,8,6,1.3,-1
64,BSM,0,10.4,7.8,8,6,1.3,-1
46,BSM,0,10.4,7.8,8,6,1.3,-1
72,BSM,0,10.4,7.8,8,6,1.3,-1
27,BSM,0,10.4,7.8,8,6,1.3,-1
37,BSM,0,10.4,7.8,8,6,1.3,-1
73,BSM,0,10.4,7.8,8,6,1.3,-1
56,BSM,0,10.4,7.8,8,6,1.3,-1
65,BSM,0,10.4,7.8,8,6,1.3,-1
80,BSM,0,10.4,7.8,8,6,1.3,-1
18,BSM,0,10.4,7.8,8,6,1.3,-1
8,BSM,0,10.4,7.8,8,6,1.3,-1
74,BSM,0,10.4,7.8,8,6,1.3,-1
81,BSM,0,10.4,7.8,8,6,1.3,-1
47,BSM,0,10.4,7.8,8,6,1.3,-1
82,BSM,0,10.4,7.8,8,6,1.3,-1
28,BSM,0,10.4,7.8,8,6,1.3,-1
66,BSM,0,10.4,7.8,8,6,1.3,-1
83,BSM,0,10.4,7.8,8,6,1.3,-1
38,BSM,0,10.4,7.8,8,6,1.3,-1
57,BSM,0,10.4,7.8,8,6,1.3,-1
75,BSM,0,10.4,7.8,8,6,1.3,-1
48,BSM,0,10.4,7.8,8,6,1.3,-1
84,BSM,0,10.4,7.8,8,6,1.3,-1
9,BSM,0,10.4,7.8,8,6,1.3,-1
90,BSM,0,10.4,7.8,8,6,1.3,-1
19,BSM,0,10.4,7.8,8,6,1.3,-1
91,BSM,0,10.4,7.8,8,6,1.3,-1
76,BSM,0,10.4,7.8,8,6,1.3,-1
92,BSM,0,10.4,7.8,8,6,1.3,-1
67,BSM,0,10.4,7.8,8,6,1.3,-1
29,BSM,0,10.4,7.8,8,6,1.3,-1
58,BSM,0,10.4,7.8,8,6,1.3,-1
85,BSM,0,10.4,7.8,8,6,1.3,-1
39,BSM,0,10.4,7.8,8,6,1.3,-1
93,BSM,0,10.4,7.8,8,6,1.3,-1
94,BSM,0,10.4,7.8,8,6,1.3,-1
49,BSM,0,10.4,7.8,8,6,1.3,-1
77,BSM,0,10.4,7.8,8,6,1.3,-1
100,BSM,0,10.4,7.8,8,6,1.3,-1
86,BSM,0,10.4,7.8,8,6,1.3,-1
68,BSM,0,10.4,7.8,8,6,1.3,-1
101,BSM,0,10.4,7.8,8,6,1.3,-1
102,BSM,0,10.4,7.8,8,6,1.3,-1
95,BSM,0,10.4,7.8,8,6,1.3,-1
59,BSM,0,10.4,7.8,8,6,1.3,-1
103,BSM,0,10.4,7.8,8,6,1.3,-1
78,BSM,0,10.4,7.8,8,6,1.3,-1
87,BSM,0,10.4,7.8,8,6,1.3,-1
104,BSM,0,10.4,7.8,8,6,1.3,-1
96,BSM,0,10.4,7.8,8,6,1.3,-1
69,BSM,0,10.4,7.8,8,6,1.3,-1
110,BSM,0,10.4,7.8,8,6,1.3,-1
111,BSM,0,10.4,7.8,8,6,1.3,-1
112,BSM,0,10.4,7.8,8,6,1.3,-1
105,BSM,0,10.4,7.8,8,6,1.3,-1
88,BSM,0,10.4,7.8,8,6,1.3,-1
79,BSM,0,10.4,7.8,8,6,1.3,-1
97,BSM,0,10.4,7.8,8,6,1.3,-1
113,BSM,0,10.4,7.8,8,6,1.3,-1
106,BSM,0,10.4,7.8,8,6,1.3,-1
114,BSM,0,10.4,7.8,8,6,1.3,-1
120,BSM,0,10.4,7.8,8,6,1.3,-1
121,BSM,0,10.4,7.8,8,6,1.3,-1
98,BSM,0,10.4,7.8,8,6,1.3,-1
89,BSM,0,10.4,7.8,8,6,1.3,-1
115,BSM,0,10.4,7.8,8,6,1.3,-1
122,BSM,0,10.4,7.8,8,6,1.3,-1
107,BSM,0,10.4,7.8,8,6,1.3,-1
123,BSM,0,10.4,7.8,8,6,1.3,-1
116,BSM,0,10.4,7.8,8,6,1.3,-1
124,BSM,0,10.4,7.8,8,6,1.3,-1
99,BSM,0,10.4,7.8,8,6,1.3,-1
108,BSM,0,10.4,7.8,8,6,1.3,-1
130,BSM,0,10.4,7.8,8,6,1.3,-1
117,BSM,0,10.4,7.8,8,6,1.3,-1
125,BSM,0,10.4,7.8,8,6,1.3,-1
131,BSM,0,10.4,7.8,8,6,1.3,-1
126,BSM,0,10.4,7.8,8,6,1.3,-1
109,BSM,0,10.4,7.8,8,6,1.3,-1
118,BSM,0,10.4,7.8,8,6,1.3,-1
127,BSM,0,10.4,7.8,8,6,1.3,-1
119,BSM,0,10.4,7.8,8,6,1.3,-1
128,BSM,0,10.4,7.8,8,6,1.3,-1
129,BSM,0,10.4,7.8,8,6,1.3,-1
10,BSM,0,11.2,8.4,8,6,1.4,-1
1,BSM,0,11.2,8.4,8,6,1.4,-1
11,BSM,0,11.2,8.4,8,6,1.4,-1
20,BSM,0,11.2,8.4,8,6,1.4,-1
2,BSM,0,11.2,8.4,8,6,1.4,-1
12,BSM,0,11.2,8.4,8,6,1.4,-1
21,BSM,0,11.2,8.4,8,6,1.4,-1
22,BSM,0,11.2,8.4,8,6,1.4,-1
3,BSM,0,11.2,8.4,8,6,1.4,-1
30,BSM,0,11.2,8.4,8,6,1.4,-1
13,BSM,0,11.2,8.4,8,6,1.4,-1
31,BSM,0,11.2,8.4,8,6,1.4,-1
32,BSM,0,11.2,8.4,8,6,1.4,-1
23,BSM,0,11.2,8.4,8,6,1.4,-1
40,BSM,0,11.2,8.4,8,6,1.4,-1
4,BSM,0,11.2,8.4,8,6,1.4,-1
41,BSM,0,11.2,8.4,8,6,1.4,-1
14,BSM,0,11.2,8.4,8,6,1.4,-1
33,BSM,0,11.2,8.4,8,6,1.4,-1
24,BSM,0,11.2,8.4,8,6,1.4,-1
42,BSM,0,11.2,8.4,8,6,1.4,-1
50,BSM,0,11.2,8.4,8,6,1.4,-1
34,BSM,0,11.2,8.4,8,6,1.4,-1
43,BSM,0,11.2,8.4,8,6,1.4,-1
5,BSM,0,11.2,8.4,8,6,1.4,-1
15,BSM,0,11.2,8.4,8,6,1.4,-1
51,BSM,0,11.2,8.4,8,6,1.4,-1
52,BSM,0,11.2,8.4,8,6,1.4,-1
25,BSM,0,11.2,8.4,8,6,1.4,-1
44,BSM,0,11.2,8.4,8,6,1.4,-1
53,BSM,0,11.2,8.4,8,6,1.4,-1
35,BSM,0,11.2,8.4,8,6,1.4,-1
6,BSM,0,11.2,8.4,8,6,1.4,-1
60,BSM,0,11.2,8.4,8,6,1.4,-1
16,BSM,0,11.2,8.4,8,6,1.4,-1
61,BSM,0,11.2,8.4,8,6,1.4,-1
62,BSM,0,11.2,8.4,8,6,1.4,-1
54,BSM,0,11.2,8.4,8,6,1.4,-1
26,BSM,0,11.2,8.4,8,6,1.4,-1
45,BSM,0,11.2,8.4,8,6,1.4,-1
36,BSM,0,11.2,8.4,8,6,1.4,-1
63,BSM,0,11.2,8.4,8,6,1.4,-1
70,BSM,0,11.2,8.4,8,6,1.4,-1
7,BSM,0,11.2,8.4,8,6,1.4,-1
55,BSM,0,11.2,8.4,8,6,1.4,-1
71,BSM,0,11.2,8.4,8,6,1.4,-1
17,BSM,0,11.2,8.4,8,6,1.4,-1
64,BSM,0,11.2,8.4,8,6,1.4,-1
46,BSM,0,11.2,8.4,8,6,1.4,-1
72,BSM,0,11.2,8.4,8,6,1.4,-1
27,BSM,0,11.2,8.4,8,6,1.4,-1
37,BSM,0,11.2,8.4,8,6,1.4,-1
73,BSM,0,11.2,8.4,8,6,1.4,-1
56,BSM,0,11.2,8.4,8,6,1.4,-1
65,BSM,0,11.2,8.4,8,6,1.4,-1
80,BSM,0,11.2,8.4,8,6,1.4,-1
18,BSM,0,11.2,8.4,8,6,1.4,-1
8,BSM,0,11.2,8.4,8,6,1.4,-1
74,BSM,0,11.2,8.4,8,6,1.4,-1
81,BSM,0,11.2,8.4,8,6,1.4,-1
47,BSM,0,11.2,8.4,8,6,1.4,-1
82,BSM,0,11.2,8.4,8,6,1.4,-1
28,BSM,0,11.2,8.4,8,6,1.4,-1
66,BSM,0,11.2,8.4,8,6,1.4,-1
83,BSM,0,11.2,8.4,8,6,1.4,-1
38,BSM,0,11.2,8.4,8,6,1.4,-1
57,BSM,0,11.2,8.4,8,6,1.4,-1
75,BSM,0,11.2,8.4,8,6,1.4,-1
48,BSM,0,11.2,8.4,8,6,1.4,-1
84,BSM,0,11.2,8.4,8,6,1.4,-1
9,BSM,0,11.2,8.4,8,6,1.4,-1
90,BSM,0,11.2,8.4,8,6,1.4,-1
19,BSM,0,11.2,8.4,8,6,1.4,-1
91,BSM,0,11.2,8.4,8,6,1.4,-1
92,BSM,0,11.2,8.4,8,6,1.4,-1
76,BSM,0,11.2,8.4,8,6,1.4,-1
67,BSM,0,11.2,8.4,8,6,1.4,-1
29,BSM,0,11.2,8.4,8,6,1.4,-1
58,BSM,0,11.2,8.4,8,6,1.4,-1
85,BSM,0,11.2,8.4,8,6,1.4,-1
39,BSM,0,11.2,8.4,8,6,1.4,-1
93,BSM,0,11.2,8.4,8,6,1.4,-1
94,BSM,0,11.2,8.4,8,6,1.4,-1
49,BSM,0,11.2,8.4,8,6,1.4,-1
77,BSM,0,11.2,8.4,8,6,1.4,-1
100,BSM,0,11.2,8.4,8,6,1.4,-1
86,BSM,0,11.2,8.4,8,6,1.4,-1
68,BSM,0,11.2,8.4,8,6,1.4,-1
101,BSM,0,11.2,8.4,8,6,1.4,-1
102,BSM,0,11.2,8.4,8,6,1.4,-1
95,BSM,0,11.2,8.4,8,6,1.4,-1
59,BSM,0,11.2,8.4,8,6,1.4,-1
103,BSM,0,11.2,8.4,8,6,1.4,-1
78,BSM,0,11.2,8.4,8,6,1.4,-1
87,BSM,0,11.2,8.4,8,6,1.4,-1
104,BSM,0,11.2,8.4,8,6,1.4,-1
96,BSM,0,11.2,8.4,8,6,1.4,-1
69,BSM,0,11.2,8.4,8,6,1.4,-1
110,BSM,0,11.2,8.4,8,6,1.4,-1
111,BSM,0,11.2,8.4,8,6,1.4,-1
112,BSM,0,11.2,8.4,8,6,1.4,-1
105,BSM,0,11.2,8.4,8,6,1.4,-1
88,BSM,0,11.2,8.4,8,6,1.4,-1
79,BSM,0,11.2,8.4,8,6,1.4,-1
97,BSM,0,11.2,8.4,8,6,1.4,-1
113,BSM,0,11.2,8.4,8,6,1.4,-1
106,BSM,0,11.2,8.4,8,6,1.4,-1
114,BSM,0,11.2,8.4,8,6,1.4,-1
120,BSM,0,11.2,8.4,8,6,1.4,-1
121,BSM,0,11.2,8.4,8,6,1.4,-1
98,BSM,0,11.2,8.4,8,6,1.4,-1
89,BSM,0,11.2,8.4,8,6,1.4,-1
115,BSM,0,11.2,8.4,8,6,1.4,-1
122,BSM,0,11.2,8.4,8,6,1.4,-1
107,BSM,0,11.2,8.4,8,6,1.4,-1
123,BSM,0,11.2,8.4,8,6,1.4,-1
116,BSM,0,11.2,8.4,8,6,1.4,-1
124,BSM,0,11.2,8.4,8,6,1.4,-1
99,BSM,0,11.2,8.4,8,6,1.4,-1
108,BSM,0,11.2,8.4,8,6,1.4,-1
130,BSM,0,11.2,8.4,8,6,1.4,-1
117,BSM,0,11.2,8.4,8,6,1.4,-1
125,BSM,0,11.2,8.4,8,6,1.4,-1
131,BSM,0,11.2,8.4,8,6,1.4,-1
126,BSM,0,11.2,8.4,8,6,1.4,-1
109,BSM,0,11.2,8.4,8,6,1.4,-1
118,BSM,0,11.2,8.4,8,6,1.4,-1
127,BSM,0,11.2,8.4,8,6,1.4,-1
119,BSM,0,11.2,8.4,8,6,1.4,-1
128,BSM,0,11.2,8.4,8,6,1.4,-1
129,BSM,0,11.2,8.4,8,6,1.4,-1
10,BSM,0,11.2,8.4,8,6,1.4,-1
1,BSM,0,11.2,8.4,8,6,1.4,-1
11,BSM,0,11.2,8.4,8,6,1.4,-1
20,BSM,0,11.2,8.4,8,6,1.4,-1
2,BSM,0,11.2,8.4,8,6,1.4,-1
12,BSM,0,11.2,8.4,8,6,1.4,-1
21,BSM,0,11.2,8.4,8,6,1.4,-1
22,BSM,0,11.2,8.4,8,6,1.4,-1
3,BSM,0,11.2,8.4,8,6,1.4,-1
30,BSM,0,11.2,8.4,8,6,1.4,-1
13,BSM,0,11.2,8.4,8,6,1.4,-1
31,BSM,0,11.2,8.4,8,6,1.4,-1
32,BSM,0,11.2,8.4,8,6,1.4,-1
23,BSM,0,11.2,8.4,8,6,1.4,-1
40,BSM,0,11.2,8.4,8,6,1.4,-1
4,BSM,0,11.2,8.4,8,6,1.4,-1
41,BSM,0,11.2,8.4,8,6,1.4,-1
14,BSM,0,11.2,8.4,8,6,1.4,-1
33,BSM,0,11.2,8.4,8,6,1.4,-1
24,BSM,0,11.2,8.4,8,6,1.4,-1
42,BSM,0,11.2,8.4,8,6,1.4,-1
50,BSM,0,11.2,8.4,8,6,1.4,-1
34,BSM,0,11.2,8.4,8,6,1.4,-1
43,BSM,0,11.2,8.4,8,6,1.4,-1
5,BSM,0,11.2,8.4,8,6,1.4,-1
15,BSM,0,11.2,8.4,8,6,1.4,-1
51,BSM,0,11.2,8.4,8,6,1.4,-1
52,BSM,0,11.2,8.4,8,6,1.4,-1
25,BSM,0,11.2,8.4,8,6,1.4,-1
44,BSM,0,11.2,8.4,8,6,1.4,-1
53,BSM,0,11.2,8.4,8,6,1.4,-1
35,BSM,0,11.2,8.4,8,6,1.4,-1
6,BSM,0,11.2,8.4,8,6,1.4,-1
60,BSM,0,11.2,8.4,8,6,1.4,-1
16,BSM,0,11.2,8.4,8,6,1.4,-1
61,BSM,0,11.2,8.4,8,6,1.4,-1
62,BSM,0,11.2,8.4,8,6,1.4,-1
54,BSM,0,11.2,8.4,8,6,1.4,-1
26,BSM,0,11.2,8.4,8,6,1.4,-1
45,BSM,0,11.2,8.4,8,6,1.4,-1
36,BSM,0,11.2,8.4,8,6,1.4,-1
63,BSM,0,11.2,8.4,8,6,1.4,-1
70,BSM,0,11.2,8.4,8,6,1.4,-1
7,BSM,0,11.2,8.4,8,6,1.4,-1
55,BSM,0,11.2,8.4,8,6,1.4,-1
71,BSM,0,11.2,8.4,8,6,1.4,-1
17,BSM,0,11.2,8.4,8,6,1.4,-1
64,BSM,0,11.2,8.4,8,6,1.4,-1
46,BSM,0,11.2,8.4,8,6,1.4,-1
72,BSM,0,11.2,8.4,8,6,1.4,-1
27,BSM,0,11.2,8.4,8,6,1.4,-1
37,BSM,0,11.2,8.4,8,6,1.4,-1
73,BSM,0,11.2,8.4,8,6,1.4,-1
56,BSM,0,11.2,8.4,8,6,1.4,-1
65,BSM,0,11.2,8.4,8,6,1.4,-1
80,BSM,0,11.2,8.4,8,6,1.4,-1
18,BSM,0,11.2,8.4,8,6,1.4,-1
8,BSM,0,11.2,8.4,8,6,1.4,-1
74,BSM,0,11.2,8.4,8,6,1.4,-1
81,BSM,0,11.2,8.4,8,6,1.4,-1
47,BSM,0,11.2,8.4,8,6,1.4,-1
82,BSM,0,11.2,8.4,8,6,1.4,-1
28,BSM,0,11.2,8.4,8,6,1.4,-1
66,BSM,0,11.2,8.4,8,6,1.4,-1
83,BSM,0,11.2,8.4,8,6,1.4,-1
38,BSM,0,11.2,8.4,8,6,1.4,-1
57,BSM,0,11.2,8.4,8,6,1.4,-1
75,BSM,0,11.2,8.4,8,6,1.4,-1
48,BSM,0,11.2,8.4,8,6,1.4,-1
84,BSM,0,11.2,8.4,8,6,1.4,-1
9,BSM,0,11.2,8.4,8,6,1.4,-1
90,BSM,0,11.2,8.4,8,6,1.4,-1
19,BSM,0,11.2,8.4,8,6,1.4,-1
91,BSM,0,11.2,8.4,8,6,1.4,-1
92,BSM,0,11.2,8.4,8,6,1.4,-1
76,BSM,0,11.2,8.4,8,6,1.4,-1
67,BSM,0,11.2,8.4,8,6,1.4,-1
29,BSM,0,11.2,8.4,8,6,1.4,-1
58,BSM,0,11.2,8.4,8,6,1.4,-1
85,BSM,0,11.2,8.4,8,6,1.4,-1
39,BSM,0,11.2,8.4,8,6,1.4,-1
93,BSM,0,11.2,8.4,8,6,1.4,-1
94,BSM,0,11.2,8.4,8,6,1.4,-1
49,BSM,0,11.2,8.4,8,6,1.4,-1
77,BSM,0,11.2,8.4,8,6,1.4,-1
100,BSM,0,11.2,8.4,8,6,1.4,-1
86,BSM,0,11.2,8.4,8,6,1.4,-1
68,BSM,0,11.2,8.4,8,6,1.4,-1
101,BSM,0,11.2,8.4,8,6,1.4,-1
102,BSM,0,11.2,8.4,8,6,1.4,-1
95,BSM,0,11.2,8.4,8,6,1.4,-1
59,BSM,0,11.2,8.4,8,6,1.4,-1
103,BSM,0,11.2,8.4,8,6,1.4,-1
78,BSM,0,11.2,8.4,8,6,1.4,-1
87,BSM,0,11.2,8.4,8,6,1.4,-1
104,BSM,0,11.2,8.4,8,6,1.4,-1
96,BSM,0,11.2,8.4,8,6,1.4,-1
69,BSM,0,11.2,8.4,8,6,1.4,-1
110,BSM,0,11.2,8.4,8,6,1.4,-1
111,BSM,0,11.2,8.4,8,6,1.4,-1
112,BSM,0,11.2,8.4,8,6,1.4,-1
105,BSM,0,11.2,8.4,8,6,1.4,-1
88,BSM,0,11.2,8.4,8,6,1.4,-1
79,BSM,0,11.2,8.4,8,6,1.4,-1
97,BSM,0,11.2,8.4,8,6,1.4,-1
113,BSM,0,11.2,8.4,8,6,1.4,-1
106,BSM,0,11.2,8.4,8,6,1.4,-1
114,BSM,0,11.2,8.4,8,6,1.4,-1
120,BSM,0,11.2,8.4,8,6,1.4,-1
121,BSM,0,11.2,8.4,8,6,1.4,-1
98,BSM,0,11.2,8.4,8,6,1.4,-1
89,BSM,0,11.2,8.4,8,6,1.4,-1
115,BSM,0,11.2,8.4,8,6,1.4,-1
122,BSM,0,11.2,8.4,8,6,1.4,-1
107,BSM,0,11.2,8.4,8,6,1.4,-1
123,BSM,0,11.2,8.4,8,6,1.4,-1
116,BSM,0,11.2,8.4,8,6,1.4,-1
124,BSM,0,11.2,8.4,8,6,1.4,-1
99,BSM,0,11.2,8.4,8,6,1.4,-1
108,BSM,0,11.2,8.4,8,6,1.4,-1
130,BSM,0,11.2,8.4,8,6,1.4,-1
117,BSM,0,11.2,8.4,8,6,1.4,-1
125,BSM,0,11.2,8.4,8,6,1.4,-1
131,BSM,0,11.2,8.4,8,6,1.4,-1
126,BSM,0,11.2,8.4,8,6,1.4,-1
109,BSM,0,11.2,8.4,8,6,1.4,-1
118,BSM,0,11.2,8.4,8,6,1.4,-1
127,BSM,0,11.2,8.4,8,6,1.4,-1
119,BSM,0,11.2,8.4,8,6,1.4,-1
128,BSM,0,11.2,8.4,8,6,1.4,-1
129,BSM,0,11.2,8.4,8,6,1.4,-1
10,BSM,0,11.2,8.4,8,6,1.4,-1
1,BSM,0,11.2,8.4,8,6,1.4,-1
11,BSM,0,11.2,8.4,8,6,1.4,-1
20,BSM,0,11.2,8.4,8,6,1.4,-1
2,BSM,0,11.2,8.4,8,6,1.4,-1
12,BSM,0,11.2,8.4,8,6,1.4,-1
21,BSM,0,11.2,8.4,8,6,1.4,-1
22,BSM,0,11.2,8.4,8,6,1.4,-1
3,BSM,0,11.2,8.4,8,6,1.4,-1
30,BSM,0,11.2,8.4,8,6,1.4,-1
13,BSM,0,11.2,8.4,8,6,1.4,-1
31,BSM,0,11.2,8.4,8,6,1.4,-1
32,BSM,0,11.2,8.4,8,6,1.4,-1
23,BSM,0,11.2,8.4,8,6,1.4,-1
40,BSM,0,11.2,8.4,8,6,1.4,-1
4,BSM,0,11.2,8.4,8,6,1.4,-1
41,BSM,0,11.2,8.4,8,6,1.4,-1
14,BSM,0,11.2,8.4,8,6,1.4,-1
33,BSM,0,11.2,8.4,8,6,1.4,-1
24,BSM,0,11.2,8.4,8,6,1.4,-1
42,BSM,0,11.2,8.4,8,6,1.4,-1
50,BSM,0,11.2,8.4,8,6,1.4,-1
34,BSM,0,11.2,8.4,8,6,1.4,-1
43,BSM,0,11.2,8.4,8,6,1.4,-1
5,BSM,0,11.2,8.4,8,6,1.4,-1
15,BSM,0,11.2,8.4,8,6,1.4,-1
51,BSM,0,11.2,8.4,8,6,1.4,-1
52,BSM,0,11.2,8.4,8,6,1.4,-1
25,BSM,0,11.2,8.4,8,6,1.4,-1
44,BSM,0,11.2,8.4,8,6,1.4,-1
53,BSM,0,11.2,8.4,8,6,1.4,-1
35,BSM,0,11.2,8.4,8,6,1.4,-1
6,BSM,0,11.2,8.4,8,6,1.4,-1
60,BSM,0,11.2,8.4,8,6,1.4,-1
16,BSM,0,11.2,8.4,8,6,1.4,-1
61,BSM,0,11.2,8.4,8,6,1.4,-1
62,BSM,0,11.2,8.4,8,6,1.4,-1
54,BSM,0,11.2,8.4,8,6,1.4,-1
26,BSM,0,11.2,8.4,8,6,1.4,-1
45,BSM,0,11.2,8.4,8,6,1.4,-1
36,BSM,0,11.2,8.4,8,6,1.4,-1
63,BSM,0,11.2,8.4,8,6,1.4,-1
70,BSM,0,11.2,8.4,8,6,1.4,-1
7,BSM,0,11.2,8.4,8,6,1.4,-1
55,BSM,0,11.2,8.4,8,6,1.4,-1
71,BSM,0,11.2,8.4,8,6,1.4,-1
17,BSM,0,11.2,8.4,8,6,1.4,-1
64,BSM,0,11.2,8.4,8,6,1.4,-1
46,BSM,0,11.2,8.4,8,6,1.4,-1
72,BSM,0,11.2,8.4,8,6,1.4,-1
27,BSM,0,11.2,8.4,8,6,1.4,-1
37,BSM,0,11.2,8.4,8,6,1.4,-1
73,BSM,0,11.2,8.4,8,6,1.4,-1
56,BSM,0,11.2,8.4,8,6,1.4,-1
65,BSM,0,11.2,8.4,8,6,1.4,-1
80,BSM,0,11.2,8.4,8,6,1.4,-1
18,BSM,0,11.2,8.4,8,6,1.4,-1
8,BSM,0,11.2,8.4,8,6,1.4,-1
74,BSM,0,11.2,8.4,8,6,1.4,-1
81,BSM,0,11.2,8.4,8,6,1.4,-1
47,BSM,0,11.2,8.4,8,6,1.4,-1
82,BSM,0,11.2,8.4,8,6,1.4,-1
28,BSM,0,11.2,8.4,8,6,1.4,-1
66,BSM,0,11.2,8.4,8,6,1.4,-1
83,BSM,0,11.2,8.4,8,6,1.4,-1
38,BSM,0,11.2,8.4,8,6,1.4,-1
57,BSM,0,11.2,8.4,8,6,1.4,-1
75,BSM,0,11.2,8.4,8,6,1.4,-1
48,BSM,0,11.2,8.4,8,6,1.4,-1
84,BSM,0,11.2,8.4,8,6,1.4,-1
9,BSM,0,11.2,8.4,8,6,1.4,-1
90,BSM,0,11.2,8.4,8,6,1.4,-1
19,BSM,0,11.2,8.4,8,6,1.4,-1
91,BSM,0,11.2,8.4,8,6,1.4,-1
92,BSM,0,11.2,8.4,8,6,1.4,-1
76,BSM,0,11.2,8.4,8,6,1.4,-1
67,BSM,0,11.2,8.4,8,6,1.4,-1
29,BSM,0,11.2,8.4,8,6,1.4,-1
58,BSM,0,11.2,8.4,8,6,1.4,-1
85,BSM,0,11.2,8.4,8,6,1.4,-1
39,BSM,0,11.2,8.4,8,6,1.4,-1
93,BSM,0,11.2,8.4,8,6,1.4,-1
94,BSM,0,11.2,8.4,8,6,1.4,-1
49,BSM,0,11.2,8.4,8,6,1.4,-1
77,BSM,0,11.2,8.4,8,6,1.4,-1
100,BSM,0,11.2,8.4,8,6,1.4,-1
86,BSM,0,11.2,8.4,8,6,1.4,-1
68,BSM,0,11.2,8.4,8,6,1.4,-1
101,BSM,0,11.2,8.4,8,6,1.4,-1
102,BSM,0,11.2,8.4,8,6,1.4,-1
95,BSM,0,11.2,8.4,8,6,1.4,-1
59,BSM,0,11.2,8.4,8,6,1.4,-1
103,BSM,0,11.2,8.4,8,6,1.4,-1
78,BSM,0,11.2,8.4,8,6,1.4,-1
87,BSM,0,11.2,8.4,8,6,1.4,-1
104,BSM,0,11.2,8.4,8,6,1.4,-1
96,BSM,0,11.2,8.4,8,6,1.4,-1
69,BSM,0,11.2,8.4,8,6,1.4,-1
110,BSM,0,11.2,8.4,8,6,1.4,-1
111,BSM,0,11.2,8.4,8,6,1.4,-1
112,BSM,0,11.2,8.4,8,6,1.4,-1
105,BSM,0,11.2,8.4,8,6,1.4,-1
88,BSM,0,11.2,8.4,8,6,1.4,-1
79,BSM,0,11.2,8.4,8,6,1.4,-1
97,BSM,0,11.2,8.4,8,6,1.4,-1
113,BSM,0,11.2,8.4,8,6,1.4,-1
106,BSM,0,11.2,8.4,8,6,1.4,-1
114,BSM,0,11.2,8.4,8,6,1.4,-1
120,BSM,0,11.2,8.4,8,6,1.4,-1
121,BSM,0,11.2,8.4,8,6,1.4,-1
98,BSM,0,11.2,8.4,8,6,1.4,-1
89,BSM,0,11.2,8.4,8,6,1.4,-1
115,BSM,0,11.2,8.4,8,6,1.4,-1
122,BSM,0,11.2,8.4,8,6,1.4,-1
107,BSM,0,11.2,8.4,8,6,1.4,-1
123,BSM,0,11.2,8.4,8,6,1.4,-1
116,BSM,0,11.2,8.4,8,6,1.4,-1
124,BSM,0,11.2,8.4,8,6,1.4,-1
99,BSM,0,11.2,8.4,8,6,1.4,-1
108,BSM,0,11.2,8.4,8,6,1.4,-1
130,BSM,0,11.2,8.4,8,6,1.4,-1
117,BSM,0,11.2,8.4,8,6,1.4,-1
125,BSM,0,11.2,8.4,8,6,1.4,-1
131,BSM,0,11.2,8.4,8,6,1.4,-1
126,BSM,0,11.2,8.4,8,6,1.4,-1
109,BSM,0,11.2,8.4,8,6,1.4,-1
118,BSM,0,11.2,8.4,8,6,1.4,-1
127,BSM,0,11.2,8.4,8,6,1.4,-1
119,BSM,0,11.2,8.4,8,6,1.4,-1
128,BSM,0,11.2,8.4,8,6,1.4,-1
129,BSM,0,11.2,8.4,8,6,1.4,-1
10,BSM,0,11.2,8.4,8,6,1.4,-1
1,BSM,0,11.2,8.4,8,6,1.4,-1
11,BSM,0,11.2,8.4,8,6,1.4,-1
20,BSM,0,11.2,8.4,8,6,1.4,-1
2,BSM,0,11.2,8.4,8,6,1.4,-1
12,BSM,0,11.2,8.4,8,6,1.4,-1
21,BSM,0,11.2,8.4,8,6,1.4,-1
22,BSM,0,11.2,8.4,8,6,1.4,-1
3,BSM,0,11.2,8.4,8,6,1.4,-1
30,BSM,0,11.2,8.4,8,6,1.4,-1
13,BSM,0,11.2,8.4,8,6,1.4,-1
31,BSM,0,11.2,8.4,8,6,1.4,-1
32,BSM,0,11.2,8.4,8,6,1.4,-1
23,BSM,0,11.2,8.4,8,6,1.4,-1
40,BSM,0,11.2,8.4,8,6,1.4,-1
4,BSM,0,11.2,8.4,8,6,1.4,-1
41,BSM,0,11.2,8.4,8,6,1.4,-1
14,BSM,0,11.2,8.4,8,6,1.4,-1
33,BSM,0,11.2,8.4,8,6,1.4,-1
24,BSM,0,11.2,8.4,8,6,1.4,-1
42,BSM,0,11.2,8.4,8,6,1.4,-1
50,BSM,0,11.2,8.4,8,6,1.4,-1
34,BSM,0,11.2,8.4,8,6,1.4,-1
43,BSM,0,11.2,8.4,8,6,1.4,-1
5,BSM,0,11.2,8.4,8,6,1.4,-1
15,BSM,0,11.2,8.4,8,6,1.4,-1
51,BSM,0,11.2,8.4,8,6,1.4,-1
52,BSM,0,11.2,8.4,8,6,1.4,-1
25,BSM,0,11.2,8.4,8,6,1.4,-1
44,BSM,0,11.2,8.4,8,6,1.4,-1
53,BSM,0,11.2,8.4,8,6,1.4,-1
35,BSM,0,11.2,8.4,8,6,1.4,-1
6,BSM,0,11.2,8.4,8,6,1.4,-1
60,BSM,0,11.2,8.4,8,6,1.4,-1
16,BSM,0,11.2,8.4,8,6,1.4,-1
61,BSM,0,11.2,8.4,8,6,1.4,-1
62,BSM,0,11.2,8.4,8,6,1.4,-1
54,BSM,0,11.2,8.4,8,6,1.4,-1
26,BSM,0,11.2,8.4,8,6,1.4,-1
45,BSM,0,11.2,8.4,8,6,1.4,-1
36,BSM,0,11.2,8.4,8,6,1.4,-1
63,BSM,0,11.2,8.4,8,6,1.4,-1
70,BSM,0,11.2,8.4,8,6,1.4,-1
7,BSM,0,11.2,8.4,8,6,1.4,-1
55,BSM,0,11.2,8.4,8,6,1.4,-1
71,BSM,0,11.2,8.4,8,6,1.4,-1
17,BSM,0,11.2,8.4,8,6,1.4,-1
64,BSM,0,11.2,8.4,8,6,1.4,-1
46,BSM,0,11.2,8.4,8,6,1.4,-1
72,BSM,0,11.2,8.4,8,6,1.4,-1
27,BSM,0,11.2,8.4,8,6,1.4,-1
37,BSM,0,11.2,8.4,8,6,1.4,-1
73,BSM,0,11.2,8.4,8,6,1.4,-1
56,BSM,0,11.2,8.4,8,6,1.4,-1
65,BSM,0,11.2,8.4,8,6,1.4,-1
80,BSM,0,11.2,8.4,8,6,1.4,-1
18,BSM,0,11.2,8.4,8,6,1.4,-1
8,BSM,0,11.2,8.4,8,6,1.4,-1
74,BSM,0,11.2,8.4,8,6,1.4,-1
81,BSM,0,11.2,8.4,8,6,1.4,-1
47,BSM,0,11.2,8.4,8,6,1.4,-1
82,BSM,0,11.2,8.4,8,6,1.4,-1
28,BSM,0,11.2,8.4,8,6,1.4,-1
66,BSM,0,11.2,8.4,8,6,1.4,-1
83,BSM,0,11.2,8.4,8,6,1.4,-1
38,BSM,0,11.2,8.4,8,6,1.4,-1
57,BSM,0,11.2,8.4,8,6,1.4,-1
75,BSM,0,11.2,8.4,8,6,1.4,-1
48,BSM,0,11.2,8.4,8,6,1.4,-1
84,BSM,0,11.2,8.4,8,6,1.4,-1
9,BSM,0,11.2,8.4,8,6,1.4,-1
90,BSM,0,11.2,8.4,8,6,1.4,-1
19,BSM,0,11.2,8.4,8,6,1.4,-1
91,BSM,0,11.2,8.4,8,6,1.4,-1
92,BSM,0,11.2,8.4,8,6,1.4,-1
76,BSM,0,11.2,8.4,8,6,1.4,-1
67,BSM,0,11.2,8.4,8,6,1.4,-1
29,BSM,0,11.2,8.4,8,6,1.4,-1
58,BSM,0,11.2,8.4,8,6,1.4,-1
85,BSM,0,11.2,8.4,8,6,1.4,-1
39,BSM,0,11.2,8.4,8,6,1.4,-1
93,BSM,0,11.2,8.4,8,6,1.4,-1
94,BSM,0,11.2,8.4,8,6,1.4,-1
49,BSM,0,11.2,8.4,8,6,1.4,-1
77,BSM,0,11.2,8.4,8,6,1.4,-1
100,BSM,0,11.2,8.4,8,6,1.4,-1
86,BSM,0,11.2,8.4,8,6,1.4,-1
68,BSM,0,11.2,8.4,8,6,1.4,-1
101,BSM,0,11.2,8.4,8,6,1.4,-1
102,BSM,0,11.2,8.4,8,6,1.4,-1
95,BSM,0,11.2,8.4,8,6,1.4,-1
59,BSM,0,11.2,8.4,8,6,1.4,-1
103,BSM,0,11.2,8.4,8,6,1.4,-1
78,BSM,0,11.2,8.4,8,6,1.4,-1
87,BSM,0,11.2,8.4,8,6,1.4,-1
104,BSM,0,11.2,8.4,8,6,1.4,-1
96,BSM,0,11.2,8.4,8,6,1.4,-1
69,BSM,0,11.2,8.4,8,6,1.4,-1
110,BSM,0,11.2,8.4,8,6,1.4,-1
111,BSM,0,11.2,8.4,8,6,1.4,-1
112,BSM,0,11.2,8.4,8,6,1.4,-1
105,BSM,0,11.2,8.4,8,6,1.4,-1
88,BSM,0,11.2,8.4,8,6,1.4,-1
79,BSM,0,11.2,8.4,8,6,1.4,-1
97,BSM,0,11.2,8.4,8,6,1.4,-1
113,BSM,0,11.2,8.4,8,6,1.4,-1
106,BSM,0,11.2,8.4,8,6,1.4,-1
114,BSM,0,11.2,8.4,8,6,1.4,-1
120,BSM,0,11.2,8.4,8,6,1.4,-1
121,BSM,0,11.2,8.4,8,6,1.4,-1
98,BSM,0,11.2,8.4,8,6,1.4,-1
89,BSM,0,11.2,8.4,8,6,1.4,-1
115,BSM,0,11.2,8.4,8,6,1.4,-1
122,BSM,0,11.2,8.4,8,6,1.4,-1
107,BSM,0,11.2,8.4,8,6,1.4,-1
123,BSM,0,11.2,8.4,8,6,1.4,-1
116,BSM,0,11.2,8.4,8,6,1.4,-1
124,BSM,0,11.2,8.4,8,6,1.4,-1
99,BSM,0,11.2,8.4,8,6,1.4,-1
108,BSM,0,11.2,8.4,8,6,1.4,-1
130,BSM,0,11.2,8.4,8,6,1.4,-1
117,BSM,0,11.2,8.4,8,6,1.4,-1
125,BSM,0,11.2,8.4,8,6,1.4,-1
131,BSM,0,11.2,8.4,8,6,1.4,-1
126,BSM,0,11.2,8.4,8,6,1.4,-1
109,BSM,0,11.2,8.4,8,6,1.4,-1
118,BSM,0,11.2,8.4,8,6,1.4,-1
127,BSM,0,11.2,8.4,8,6,1.4,-1
119,BSM,0,11.2,8.4,8,6,1.4,-1
128,BSM,0,11.2,8.4,8,6,1.4,-1
129,BSM,0,11.2,8.4,8,6,1.4,-1
10,BSM,0,11.2,8.4,8,6,1.4,-1
1,BSM,0,11.2,8.4,8,6,1.4,-1
11,BSM,0,11.2,8.4,8,6,1.4,-1
20,BSM,0,11.2,8.4,8,6,1.4,-1
2,BSM,0,11.2,8.4,8,6,1.4,-1
12,BSM,0,11.2,8.4,8,6,1.4,-1
21,BSM,0,11.2,8.4,8,6,1.4,-1
22,BSM,0,11.2,8.4,8,6,1.4,-1
3,BSM,0,11.2,8.4,8,6,1.4,-1
30,BSM,0,11.2,8.4,8,6,1.4,-1
13,BSM,0,11.2,8.4,8,6,1.4,-1
31,BSM,0,11.2,8.4,8,6,1.4,-1
32,BSM,0,11.2,8.4,8,6,1.4,-1
23,BSM,0,11.2,8.4,8,6,1.4,-1
40,BSM,0,11.2,8.4,8,6,1.4,-1
4,BSM,0,11.2,8.4,8,6,1.4,-1
41,BSM,0,11.2,8.4,8,6,1.4,-1
14,BSM,0,11.2,8.4,8,6,1.4,-1
33,BSM,0,11.2,8.4,8,6,1.4,-1
24,BSM,0,11.2,8.4,8,6,1.4,-1
42,BSM,0,11.2,8.4,8,6,1.4,-1
50,BSM,0,11.2,8.4,8,6,1.4,-1
34,BSM,0,11.2,8.4,8,6,1.4,-1
43,BSM,0,11.2,8.4,8,6,1.4,-1
5,BSM,0,11.2,8.4,8,6,1.4,-1
15,BSM,0,11.2,8.4,8,6,1.4,-1
51,BSM,0,11.2,8.4,8,6,1.4,-1
52,BSM,0,11.2,8.4,8,6,1.4,-1
25,BSM,0,11.2,8.4,8,6,1.4,-1
44,BSM,0,11.2,8.4,8,6,1.4,-1
53,BSM,0,11.2,8.4,8,6,1.4,-1
35,BSM,0,11.2,8.4,8,6,1.4,-1
6,BSM,0,11.2,8.4,8,6,1.4,-1
60,BSM,0,11.2,8.4,8,6,1.4,-1
16,BSM,0,11.2,8.4,8,6,1.4,-1
61,BSM,0,11.2,8.4,8,6,1.4,-1
62,BSM,0,11.2,8.4,8,6,1.4,-1
54,BSM,0,11.2,8.4,8,6,1.4,-1
26,BSM,0,11.2,8.4,8,6,1.4,-1
45,BSM,0,11.2,8.4,8,6,1.4,-1
36,BSM,0,11.2,8.4,8,6,1.4,-1
63,BSM,0,11.2,8.4,8,6,1.4,-1
70,BSM,0,11.2,8.4,8,6,1.4,-1
7,BSM,0,11.2,8.4,8,6,1.4,-1
55,BSM,0,11.2,8.4,8,6,1.4,-1
71,BSM,0,11.2,8.4,8,6,1.4,-1
17,BSM,0,11.2,8.4,8,6,1.4,-1
64,BSM,0,11.2,8.4,8,6,1.4,-1
46,BSM,0,11.2,8.4,8,6,1.4,-1
72,BSM,0,11.2,8.4,8,6,1.4,-1
27,BSM,0,11.2,8.4,8,6,1.4,-1
37,BSM,0,11.2,8.4,8,6,1.4,-1
73,BSM,0,11.2,8.4,8,6,1.4,-1
56,BSM,0,11.2,8.4,8,6,1.4,-1
65,BSM,0,11.2,8.4,8,6,1.4,-1
80,BSM,0,11.2,8.4,8,6,1.4,-1
18,BSM,0,11.2,8.4,8,6,1.4,-1
8,BSM,0,11.2,8.4,8,6,1.4,-1
74,BSM,0,11.2,8.4,8,6,1.4,-1
81,BSM,0,11.2,8.4,8,6,1.4,-1
47,BSM,0,11.2,8.4,8,6,1.4,-1
82,BSM,0,11.2,8.4,8,6,1.4,-1
28,BSM,0,11.2,8.4,8,6,1.4,-1
66,BSM,0,11.2,8.4,8,6,1.4,-1
83,BSM,0,11.2,8.4,8,6,1.4,-1
38,BSM,0,11.2,8.4,8,6,1.4,-1
57,BSM,0,11.2,8.4,8,6,1.4,-1
75,BSM,0,11.2,8.4,8,6,1.4,-1
48,BSM,0,11.2,8.4,8,6,1.4,-1
84,BSM,0,11.2,8.4,8,6,1.4,-1
9,BSM,0,11.2,8.4,8,6,1.4,-1
90,BSM,0,11.2,8.4,8,6,1.4,-1
19,BSM,0,11.2,8.4,8,6,1.4,-1
91,BSM,0,11.2,8.4,8,6,1.4,-1
92,BSM,0,11.2,8.4,8,6,1.4,-1
76,BSM,0,11.2,8.4,8,6,1.4,-1
67,BSM,0,11.2,8.4,8,6,1.4,-1
29,BSM,0,11.2,8.4,8,6,1.4,-1
58,BSM,0,11.2,8.4,8,6,1.4,-1
85,BSM,0,11.2,8.4,8,6,1.4,-1
39,BSM,0,11.2,8.4,8,6,1.4,-1
93,BSM,0,11.2,8.4,8,6,1.4,-1
94,BSM,0,11.2,8.4,8,6,1.4,-1
49,BSM,0,11.2,8.4,8,6,1.4,-1
77,BSM,0,11.2,8.4,8,6,1.4,-1
100,BSM,0,11.2,8.4,8,6,1.4,-1
86,BSM,0,11.2,8.4,8,6,1.4,-1
68,BSM,0,11.2,8.4,8,6,1.4,-1
101,BSM,0,11.2,8.4,8,6,1.4,-1
102,BSM,0,11.2,8.4,8,6,1.4,-1
95,BSM,0,11.2,8.4,8,6,1.4,-1
59,BSM,0,11.2,8.4,8,6,1.4,-1
103,BSM,0,11.2,8.4,8,6,1.4,-1
78,BSM,0,11.2,8.4,8,6,1.4,-1
87,BSM,0,11.2,8.4,8,6,1.4,-1
104,BSM,0,11.2,8.4,8,6,1.4,-1
96,BSM,0,11.2,8.4,8,6,1.4,-1
69,BSM,0,11.2,8.4,8,6,1.4,-1
110,BSM,0,11.2,8.4,8,6,1.4,-1
111,BSM,0,11.2,8.4,8,6,1.4,-1
112,BSM,0,11.2,8.4,8,6,1.4,-1
105,BSM,0,11.2,8.4,8,6,1.4,-1
88,BSM,0,11.2,8.4,8,6,1.4,-1
79,BSM,0,11.2,8.4,8,6,1.4,-1
97,BSM,0,11.2,8.4,8,6,1.4,-1
113,BSM,0,11.2,8.4,8,6,1.4,-1
106,BSM,0,11.2,8.4,8,6,1.4,-1
114,BSM,0,11.2,8.4,8,6,1.4,-1
120,BSM,0,11.2,8.4,8,6,1.4,-1
121,BSM,0,11.2,8.4,8,6,1.4,-1
98,BSM,0,11.2,8.4,8,6,1.4,-1
89,BSM,0,11.2,8.4,8,6,1.4,-1
115,BSM,0,11.2,8.4,8,6,1.4,-1
122,BSM,0,11.2,8.4,8,6,1.4,-1
107,BSM,0,11.2,8.4,8,6,1.4,-1
123,BSM,0,11.2,8.4,8,6,1.4,-1
116,BSM,0,11.2,8.4,8,6,1.4,-1
124,BSM,0,11.2,8.4,8,6,1.4,-1
99,BSM,0,11.2,8.4,8,6,1.4,-1
108,BSM,0,11.2,8.4,8,6,1.4,-1
130,BSM,0,11.2,8.4,8,6,1.4,-1
117,BSM,0,11.2,8.4,8,6,1.4,-1
125,BSM,0,11.2,8.4,8,6,1.4,-1
131,BSM,0,11.2,8.4,8,6,1.4,-1
126,BSM,0,11.2,8.4,8,6,1.4,-1
109,BSM,0,11.2,8.4,8,6,1.4,-1
118,BSM,0,11.2,8.4,8,6,1.4,-1
127,BSM,0,11.2,8.4,8,6,1.4,-1
119,BSM,0,11.2,8.4,8,6,1.4,-1
128,BSM,0,11.2,8.4,8,6,1.4,-1
129,BSM,0,11.2,8.4,8,6,1.4,-1
10,BSM,0,11.2,8.4,8,6,1.4,-1
1,BSM,0,11.2,8.4,8,6,1.4,-1
11,BSM,0,11.2,8.4,8,6,1.4,-1
20,BSM,0,11.2,8.4,8,6,1.4,-1
2,BSM,0,11.2,8.4,8,6,1.4,-1
12,BSM,0,11.2,8.4,8,6,1.4,-1
21,BSM,0,11.2,8.4,8,6,1.4,-1
22,BSM,0,11.2,8.4,8,6,1.4,-1
3,BSM,0,11.2,8.4,8,6,1.4,-1
30,BSM,0,11.2,8.4,8,6,1.4,-1
13,BSM,0,11.2,8.4,8,6,1.4,-1
31,BSM,0,11.2,8.4,8,6,1.4,-1
32,BSM,0,11.2,8.4,8,6,1.4,-1
23,BSM,0,11.2,8.4,8,6,1.4,-1
40,BSM,0,11.2,8.4,8,6,1.4,-1
4,BSM,0,11.2,8.4,8,6,1.4,-1
41,BSM,0,11.2,8.4,8,6,1.4,-1
14,BSM,0,11.2,8.4,8,6,1.4,-1
33,BSM,0,11.2,8.4,8,6,1.4,-1
24,BSM,0,11.2,8.4,8,6,1.4,-1
42,BSM,0,11.2,8.4,8,6,1.4,-1
50,BSM,0,11.2,8.4,8,6,1.4,-1
34,BSM,0,11.2,8.4,8,6,1.4,-1
43,BSM,0,11.2,8.4,8,6,1.4,-1
5,BSM,0,11.2,8.4,8,6,1.4,-1
15,BSM,0,11.2,8.4,8,6,1.4,-1
51,BSM,0,11.2,8.4,8,6,1.4,-1
52,BSM,0,11.2,8.4,8,6,1.4,-1
25,BSM,0,11.2,8.4,8,6,1.4,-1
44,BSM,0,11.2,8.4,8,6,1.4,-1
53,BSM,0,11.2,8.4,8,6,1.4,-1
35,BSM,0,11.2,8.4,8,6,1.4,-1
6,BSM,0,11.2,8.4,8,6,1.4,-1
60,BSM,0,11.2,8.4,8,6,1.4,-1
16,BSM,0,11.2,8.4,8,6,1.4,-1
61,BSM,0,11.2,8.4,8,6,1.4,-1
62,BSM,0,11.2,8.4,8,6,1.4,-1
54,BSM,0,11.2,8.4,8,6,1.4,-1
26,BSM,0,11.2,8.4,8,6,1.4,-1
45,BSM,0,11.2,8.4,8,6,1.4,-1
36,BSM,0,11.2,8.4,8,6,1.4,-1
63,BSM,0,11.2,8.4,8,6,1.4,-1
70,BSM,0,11.2,8.4,8,6,1.4,-1
7,BSM,0,11.2,8.4,8,6,1.4,-1
55,BSM,0,11.2,8.4,8,6,1.4,-1
71,BSM,0,11.2,8.4,8,6,1.4,-1
17,BSM,0,11.2,8.4,8,6,1.4,-1
64,BSM,0,11.2,8.4,8,6,1.4,-1
46,BSM,0,11.2,8.4,8,6,1.4,-1
72,BSM,0,11.2,8.4,8,6,1.4,-1
27,BSM,0,11.2,8.4,8,6,1.4,-1
37,BSM,0,11.2,8.4,8,6,1.4,-1
73,BSM,0,11.2,8.4,8,6,1.4,-1
56,BSM,0,11.2,8.4,8,6,1.4,-1
65,BSM,0,11.2,8.4,8,6,1.4,-1
80,BSM,0,11.2,8.4,8,6,1.4,-1
18,BSM,0,11.2,8.4,8,6,1.4,-1
8,BSM,0,11.2,8.4,8,6,1.4,-1
74,BSM,0,11.2,8.4,8,6,1.4,-1
81,BSM,0,11.2,8.4,8,6,1.4,-1
47,BSM,0,11.2,8.4,8,6,1.4,-1
82,BSM,0,11.2,8.4,8,6,1.4,-1
28,BSM,0,11.2,8.4,8,6,1.4,-1
66,BSM,0,11.2,8.4,8,6,1.4,-1
83,BSM,0,11.2,8.4,8,6,1.4,-1
38,BSM,0,11.2,8.4,8,6,1.4,-1
57,BSM,0,11.2,8.4,8,6,1.4,-1
75,BSM,0,11.2,8.4,8,6,1.4,-1
48,BSM,0,11.2,8.4,8,6,1.4,-1
84,BSM,0,11.2,8.4,8,6,1.4,-1
9,BSM,0,11.2,8.4,8,6,1.4,-1
90,BSM,0,11.2,8.4,8,6,1.4,-1
19,BSM,0,11.2,8.4,8,6,1.4,-1
91,BSM,0,11.2,8.4,8,6,1.4,-1
92,BSM,0,11.2,8.4,8,6,1.4,-1
76,BSM,0,11.2,8.4,8,6,1.4,-1
67,BSM,0,11.2,8.4,8,6,1.4,-1
29,BSM,0,11.2,8.4,8,6,1.4,-1
58,BSM,0,11.2,8.4,8,6,1.4,-1
85,BSM,0,11.2,8.4,8,6,1.4,-1
39,BSM,0,11.2,8.4,8,6,1.4,-1
93,BSM,0,11.2,8.4,8,6,1.4,-1
94,BSM,0,11.2,8.4,8,6,1.4,-1
49,BSM,0,11.2,8.4,8,6,1.4,-1
77,BSM,0,11.2,8.4,8,6,1.4,-1
100,BSM,0,11.2,8.4,8,6,1.4,-1
86,BSM,0,11.2,8.4,8,6,1.4,-1
68,BSM,0,11.2,8.4,8,6,1.4,-1
101,BSM,0,11.2,8.4,8,6,1.4,-1
102,BSM,0,11.2,8.4,8,6,1.4,-1
95,BSM,0,11.2,8.4,8,6,1.4,-1
59,BSM,0,11.2,8.4,8,6,1.4,-1
103,BSM,0,11.2,8.4,8,6,1.4,-1
78,BSM,0,11.2,8.4,8,6,1.4,-1
87,BSM,0,11.2,8.4,8,6,1.4,-1
104,BSM,0,11.2,8.4,8,6,1.4,-1
96,BSM,0,11.2,8.4,8,6,1.4,-1
69,BSM,0,11.2,8.4,8,6,1.4,-1
110,BSM,0,11.2,8.4,8,6,1.4,-1
111,BSM,0,11.2,8.4,8,6,1.4,-1
112,BSM,0,11.2,8.4,8,6,1.4,-1
105,BSM,0,11.2,8.4,8,6,1.4,-1
88,BSM,0,11.2,8.4,8,6,1.4,-1
79,BSM,0,11.2,8.4,8,6,1.4,-1
97,BSM,0,11.2,8.4,8,6,1.4,-1
113,BSM,0,11.2,8.4,8,6,1.4,-1
106,BSM,0,11.2,8.4,8,6,1.4,-1
114,BSM,0,11.2,8.4,8,6,1.4,-1
120,BSM,0,11.2,8.4,8,6,1.4,-1
121,BSM,0,11.2,8.4,8,6,1.4,-1
98,BSM,0,11.2,8.4,8,6,1.4,-1
89,BSM,0,11.2,8.4,8,6,1.4,-1
115,BSM,0,11.2,8.4,8,6,1.4,-1
122,BSM,0,11.2,8.4,8,6,1.4,-1
107,BSM,0,11.2,8.4,8,6,1.4,-1
123,BSM,0,11.2,8.4,8,6,1.4,-1
116,BSM,0,11.2,8.4,8,6,1.4,-1
124,BSM,0,11.2,8.4,8,6,1.4,-1
99,BSM,0,11.2,8.4,8,6,1.4,-1
108,BSM,0,11.2,8.4,8,6,1.4,-1
130,BSM,0,11.2,8.4,8,6,1.4,-1
117,BSM,0,11.2,8.4,8,6,1.4,-1
125,BSM,0,11.2,8.4,8,6,1.4,-1
131,BSM,0,11.2,8.4,8,6,1.4,-1
126,BSM,0,11.2,8.4,8,6,1.4,-1
109,BSM,0,11.2,8.4,8,6,1.4,-1
118,BSM,0,11.2,8.4,8,6,1.4,-1
127,BSM,0,11.2,8.4,8,6,1.4,-1
119,BSM,0,11.2,8.4,8,6,1.4,-1
128,BSM,0,11.2,8.4,8,6,1.4,-1
129,BSM,0,11.2,8.4,8,6,1.4,-1
10,BSM,0,11.2,8.4,8,6,1.4,-1
1,BSM,0,11.2,8.4,8,6,1.4,-1
11,BSM,0,11.2,8.4,8,6,1.4,-1
20,BSM,0,11.2,8.4,8,6,1.4,-1
2,BSM,0,11.2,8.4,8,6,1.4,-1
12,BSM,0,11.2,8.4,8,6,1.4,-1
21,BSM,0,11.2,8.4,8,6,1.4,-1
22,BSM,0,11.2,8.4,8,6,1.4,-1
3,BSM,0,11.2,8.4,8,6,1.4,-1
30,BSM,0,11.2,8.4,8,6,1.4,-1
13,BSM,0,11.2,8.4,8,6,1.4,-1
31,BSM,0,11.2,8.4,8,6,1.4,-1
32,BSM,0,11.2,8.4,8,6,1.4,-1
23,BSM,0,11.2,8.4,8,6,1.4,-1
40,BSM,0,11.2,8.4,8,6,1.4,-1
4,BSM,0,11.2,8.4,8,6,1.4,-1
41,BSM,0,11.2,8.4,8,6,1.4,-1
14,BSM,0,11.2,8.4,8,6,1.4,-1
33,BSM,0,11.2,8.4,8,6,1.4,-1
24,BSM,0,11.2,8.4,8,6,1.4,-1
42,BSM,0,11.2,8.4,8,6,1.4,-1
50,BSM,0,11.2,8.4,8,6,1.4,-1
34,BSM,0,11.2,8.4,8,6,1.4,-1
43,BSM,0,11.2,8.4,8,6,1.4,-1
5,BSM,0,11.2,8.4,8,6,1.4,-1
15,BSM,0,11.2,8.4,8,6,1.4,-1
51,BSM,0,11.2,8.4,8,6,1.4,-1
52,BSM,0,11.2,8.4,8,6,1.4,-1
25,BSM,0,11.2,8.4,8,6,1.4,-1
44,BSM,0,11.2,8.4,8,6,1.4,-1
53,BSM,0,11.2,8.4,8,6,1.4,-1
35,BSM,0,11.2,8.4,8,6,1.4,-1
6,BSM,0,11.2,8.4,8,6,1.4,-1
60,BSM,0,11.2,8.4,8,6,1.4,-1
16,BSM,0,11.2,8.4,8,6,1.4,-1
61,BSM,0,11.2,8.4,8,6,1.4,-1
62,BSM,0,11.2,8.4,8,6,1.4,-1
54,BSM,0,11.2,8.4,8,6,1.4,-1
26,BSM,0,11.2,8.4,8,6,1.4,-1
45,BSM,0,11.2,8.4,8,6,1.4,-1
36,BSM,0,11.2,8.4,8,6,1.4,-1
63,BSM,0,11.2,8.4,8,6,1.4,-1
70,BSM,0,11.2,8.4,8,6,1.4,-1
7,BSM,0,11.2,8.4,8,6,1.4,-1
55,BSM,0,11.2,8.4,8,6,1.4,-1
71,BSM,0,11.2,8.4,8,6,1.4,-1
17,BSM,0,11.2,8.4,8,6,1.4,-1
64,BSM,0,11.2,8.4,8,6,1.4,-1
46,BSM,0,11.2,8.4,8,6,1.4,-1
72,BSM,0,11.2,8.4,8,6,1.4,-1
27,BSM,0,11.2,8.4,8,6,1.4,-1
37,BSM,0,11.2,8.4,8,6,1.4,-1
73,BSM,0,11.2,8.4,8,6,1.4,-1
56,BSM,0,11.2,8.4,8,6,1.4,-1
65,BSM,0,11.2,8.4,8,6,1.4,-1
80,BSM,0,11.2,8.4,8,6,1.4,-1
18,BSM,0,11.2,8.4,8,6,1.4,-1
8,BSM,0,11.2,8.4,8,6,1.4,-1
74,BSM,0,11.2,8.4,8,6,1.4,-1
81,BSM,0,11.2,8.4,8,6,1.4,-1
47,BSM,0,11.2,8.4,8,6,1.4,-1
82,BSM,0,11.2,8.4,8,6,1.4,-1
28,BSM,0,11.2,8.4,8,6,1.4,-1
66,BSM,0,11.2,8.4,8,6,1.4,-1
83,BSM,0,11.2,8.4,8,6,1.4,-1
38,BSM,0,11.2,8.4,8,6,1.4,-1
57,BSM,0,11.2,8.4,8,6,1.4,-1
75,BSM,0,11.2,8.4,8,6,1.4,-1
48,BSM,0,11.2,8.4,8,6,1.4,-1
84,BSM,0,11.2,8.4,8,6,1.4,-1
9,BSM,0,11.2,8.4,8,6,1.4,-1
90,BSM,0,11.2,8.4,8,6,1.4,-1
19,BSM,0,11.2,8.4,8,6,1.4,-1
91,BSM,0,11.2,8.4,8,6,1.4,-1
92,BSM,0,11.2,8.4,8,6,1.4,-1
76,BSM,0,11.2,8.4,8,6,1.4,-1
67,BSM,0,11.2,8.4,8,6,1.4,-1
29,BSM,0,11.2,8.4,8,6,1.4,-1
58,BSM,0,11.2,8.4,8,6,1.4,-1
39,BSM,0,11.2,8.4,8,6,1.4,-1
85,BSM,0,11.2,8.4,8,6,1.4,-1
93,BSM,0,11.2,8.4,8,6,1.4,-1
94,BSM,0,11.2,8.4,8,6,1.4,-1
49,BSM,0,11.2,8.4,8,6,1.4,-1
77,BSM,0,11.2,8.4,8,6,1.4,-1
100,BSM,0,11.2,8.4,8,6,1.4,-1
86,BSM,0,11.2,8.4,8,6,1.4,-1
68,BSM,0,11.2,8.4,8,6,1.4,-1
101,BSM,0,11.2,8.4,8,6,1.4,-1
102,BSM,0,11.2,8.4,8,6,1.4,-1
95,BSM,0,11.2,8.4,8,6,1.4,-1
59,BSM,0,11.2,8.4,8,6,1.4,-1
103,BSM,0,11.2,8.4,8,6,1.4,-1
78,BSM,0,11.2,8.4,8,6,1.4,-1
87,BSM,0,11.2,8.4,8,6,1.4,-1
104,BSM,0,11.2,8.4,8,6,1.4,-1
96,BSM,0,11.2,8.4,8,6,1.4,-1
69,BSM,0,11.2,8.4,8,6,1.4,-1
110,BSM,0,11.2,8.4,8,6,1.4,-1
111,BSM,0,11.2,8.4,8,6,1.4,-1
112,BSM,0,11.2,8.4,8,6,1.4,-1
105,BSM,0,11.2,8.4,8,6,1.4,-1
88,BSM,0,11.2,8.4,8,6,1.4,-1
79,BSM,0,11.2,8.4,8,6,1.4,-1
97,BSM,0,11.2,8.4,8,6,1.4,-1
113,BSM,0,11.2,8.4,8,6,1.4,-1
106,BSM,0,11.2,8.4,8,6,1.4,-1
114,BSM,0,11.2,8.4,8,6,1.4,-1
120,BSM,0,11.2,8.4,8,6,1.4,-1
121,BSM,0,11.2,8.4,8,6,1.4,-1
98,BSM,0,11.2,8.4,8,6,1.4,-1
89,BSM,0,11.2,8.4,8,6,1.4,-1
115,BSM,0,11.2,8.4,8,6,1.4,-1
122,BSM,0,11.2,8.4,8,6,1.4,-1
107,BSM,0,11.2,8.4,8,6,1.4,-1
123,BSM,0,11.2,8.4,8,6,1.4,-1
116,BSM,0,11.2,8.4,8,6,1.4,-1
124,BSM,0,11.2,8.4,8,6,1.4,-1
99,BSM,0,11.2,8.4,8,6,1.4,-1
108,BSM,0,11.2,8.4,8,6,1.4,-1
130,BSM,0,11.2,8.4,8,6,1.4,-1
117,BSM,0,11.2,8.4,8,6,1.4,-1
125,BSM,0,11.2,8.4,8,6,1.4,-1
131,BSM,0,11.2,8.4,8,6,1.4,-1
126,BSM,0,11.2,8.4,8,6,1.4,-1
109,BSM,0,11.2,8.4,8,6,1.4,-1
118,BSM,0,11.2,8.4,8,6,1.4,-1
127,BSM,0,11.2,8.4,8,6,1.4,-1
119,BSM,0,11.2,8.4,8,6,1.4,-1
128,BSM,0,11.2,8.4,8,6,1.4,-1
129,BSM,0,11.2,8.4,8,6,1.4,-1
10,BSM,0,11.2,8.4,8,6,1.4,-1
1,BSM,0,11.2,8.4,8,6,1.4,-1
11,BSM,0,11.2,8.4,8,6,1.4,-1
20,BSM,0,11.2,8.4,8,6,1.4,-1
2,BSM,0,11.2,8.4,8,6,1.4,-1
12,BSM,0,11.2,8.4,8,6,1.4,-1
21,BSM,0,11.2,8.4,8,6,1.4,-1
22,BSM,0,11.2,8.4,8,6,1.4,-1
3,BSM,0,11.2,8.4,8,6,1.4,-1
30,BSM,0,11.2,8.4,8,6,1.4,-1
13,BSM,0,11.2,8.4,8,6,1.4,-1
31,BSM,0,11.2,8.4,8,6,1.4,-1
32,BSM,0,11.2,8.4,8,6,1.4,-1
23,BSM,0,11.2,8.4,8,6,1.4,-1
40,BSM,0,11.2,8.4,8,6,1.4,-1
4,BSM,0,11.2,8.4,8,6,1.4,-1
41,BSM,0,11.2,8.4,8,6,1.4,-1
14,BSM,0,11.2,8.4,8,6,1.4,-1
33,BSM,0,11.2,8.4,8,6,1.4,-1
24,BSM,0,11.2,8.4,8,6,1.4,-1
42,BSM,0,11.2,8.4,8,6,1.4,-1
50,BSM,0,11.2,8.4,8,6,1.4,-1
34,BSM,0,11.2,8.4,8,6,1.4,-1
43,BSM,0,11.2,8.4,8,6,1.4,-1
5,BSM,0,11.2,8.4,8,6,1.4,-1
15,BSM,0,11.2,8.4,8,6,1.4,-1
51,BSM,0,11.2,8.4,8,6,1.4,-1
52,BSM,0,11.2,8.4,8,6,1.4,-1
25,BSM,0,11.2,8.4,8,6,1.4,-1
44,BSM,0,11.2,8.4,8,6,1.4,-1
53,BSM,0,11.2,8.4,8,6,1.4,-1
35,BSM,0,11.2,8.4,8,6,1.4,-1
6,BSM,0,11.2,8.4,8,6,1.4,-1
60,BSM,0,11.2,8.4,8,6,1.4,-1
16,BSM,0,11.2,8.4,8,6,1.4,-1
61,BSM,0,11.2,8.4,8,6,1.4,-1
62,BSM,0,11.2,8.4,8,6,1.4,-1
54,BSM,0,11.2,8.4,8,6,1.4,-1
26,BSM,0,11.2,8.4,8,6,1.4,-1
45,BSM,0,11.2,8.4,8,6,1.4,-1
36,BSM,0,11.2,8.4,8,6,1.4,-1
63,BSM,0,11.2,8.4,8,6,1.4,-1
70,BSM,0,11.2,8.4,8,6,1.4,-1
7,BSM,0,11.2,8.4,8,6,1.4,-1
55,BSM,0,11.2,8.4,8,6,1.4,-1
71,BSM,0,11.2,8.4,8,6,1.4,-1
17,BSM,0,11.2,8.4,8,6,1.4,-1
64,BSM,0,11.2,8.4,8,6,1.4,-1
46,BSM,0,11.2,8.4,8,6,1.4,-1
72,BSM,0,11.2,8.4,8,6,1.4,-1
27,BSM,0,11.2,8.4,8,6,1.4,-1
37,BSM,0,11.2,8.4,8,6,1.4,-1
73,BSM,0,11.2,8.4,8,6,1.4,-1
56,BSM,0,11.2,8.4,8,6,1.4,-1
65,BSM,0,11.2,8.4,8,6,1.4,-1
80,BSM,0,11.2,8.4,8,6,1.4,-1
18,BSM,0,11.2,8.4,8,6,1.4,-1
8,BSM,0,11.2,8.4,8,6,1.4,-1
74,BSM,0,11.2,8.4,8,6,1.4,-1
81,BSM,0,11.2,8.4,8,6,1.4,-1
47,BSM,0,11.2,8.4,8,6,1.4,-1
82,BSM,0,11.2,8.4,8,6,1.4,-1
28,BSM,0,11.2,8.4,8,6,1.4,-1
66,BSM,0,11.2,8.4,8,6,1.4,-1
83,BSM,0,11.2,8.4,8,6,1.4,-1
38,BSM,0,11.2,8.4,8,6,1.4,-1
57,BSM,0,11.2,8.4,8,6,1.4,-1
75,BSM,0,11.2,8.4,8,6,1.4,-1
48,BSM,0,11.2,8.4,8,6,1.4,-1
84,BSM,0,11.2,8.4,8,6,1.4,-1
9,BSM,0,11.2,8.4,8,6,1.4,-1
90,BSM,0,11.2,8.4,8,6,1.4,-1
19,BSM,0,11.2,8.4,8,6,1.4,-1
91,BSM,0,11.2,8.4,8,6,1.4,-1
92,BSM,0,11.2,8.4,8,6,1.4,-1
76,BSM,0,11.2,8.4,8,6,1.4,-1
67,BSM,0,11.2,8.4,8,6,1.4,-1
29,BSM,0,11.2,8.4,8,6,1.4,-1
58,BSM,0,11.2,8.4,8,6,1.4,-1
39,BSM,0,11.2,8.4,8,6,1.4,-1
85,BSM,0,11.2,8.4,8,6,1.4,-1
93,BSM,0,11.2,8.4,8,6,1.4,-1
94,BSM,0,11.2,8.4,8,6,1.4,-1
49,BSM,0,11.2,8.4,8,6,1.4,-1
77,BSM,0,11.2,8.4,8,6,1.4,-1
100,BSM,0,11.2,8.4,8,6,1.4,-1
86,BSM,0,11.2,8.4,8,6,1.4,-1
68,BSM,0,11.2,8.4,8,6,1.4,-1
101,BSM,0,11.2,8.4,8,6,1.4,-1
102,BSM,0,11.2,8.4,8,6,1.4,-1
95,BSM,0,11.2,8.4,8,6,1.4,-1
59,BSM,0,11.2,8.4,8,6,1.4,-1
103,BSM,0,11.2,8.4,8,6,1.4,-1
78,BSM,0,11.2,8.4,8,6,1.4,-1
87,BSM,0,11.2,8.4,8,6,1.4,-1
104,BSM,0,11.2,8.4,8,6,1.4,-1
96,BSM,0,11.2,8.4,8,6,1.4,-1
69,BSM,0,11.2,8.4,8,6,1.4,-1
110,BSM,0,11.2,8.4,8,6,1.4,-1
111,BSM,0,11.2,8.4,8,6,1.4,-1
112,BSM,0,11.2,8.4,8,6,1.4,-1
105,BSM,0,11.2,8.4,8,6,1.4,-1
88,BSM,0,11.2,8.4,8,6,1.4,-1
79,BSM,0,11.2,8.4,8,6,1.4,-1
97,BSM,0,11.2,8.4,8,6,1.4,-1
113,BSM,0,11.2,8.4,8,6,1.4,-1
106,BSM,0,11.2,8.4,8,6,1.4,-1
114,BSM,0,11.2,8.4,8,6,1.4,-1
120,BSM,0,11.2,8.4,8,6,1.4,-1
121,BSM,0,11.2,8.4,8,6,1.4,-1
98,BSM,0,11.2,8.4,8,6,1.4,-1
89,BSM,0,11.2,8.4,8,6,1.4,-1
115,BSM,0,11.2,8.4,8,6,1.4,-1
122,BSM,0,11.2,8.4,8,6,1.4,-1
107,BSM,0,11.2,8.4,8,6,1.4,-1
123,BSM,0,11.2,8.4,8,6,1.4,-1
116,BSM,0,11.2,8.4,8,6,1.4,-1
124,BSM,0,11.2,8.4,8,6,1.4,-1
99,BSM,0,11.2,8.4,8,6,1.4,-1
108,BSM,0,11.2,8.4,8,6,1.4,-1
130,BSM,0,11.2,8.4,8,6,1.4,-1
117,BSM,0,11.2,8.4,8,6,1.4,-1
125,BSM,0,11.2,8.4,8,6,1.4,-1
131,BSM,0,11.2,8.4,8,6,1.4,-1
126,BSM,0,11.2,8.4,8,6,1.4,-1
109,BSM,0,11.2,8.4,8,6,1.4,-1
118,BSM,0,11.2,8.4,8,6,1.4,-1
127,BSM,0,11.2,8.4,8,6,1.4,-1
119,BSM,0,11.2,8.4,8,6,1.4,-1
128,BSM,0,11.2,8.4,8,6,1.4,-1
129,BSM,0,11.2,8.4,8,6,1.4,-1
10,BSM,0,11.2,8.4,8,6,1.4,-1
1,BSM,0,11.2,8.4,8,6,1.4,-1
11,BSM,0,11.2,8.4,8,6,1.4,-1
20,BSM,0,11.2,8.4,8,6,1.4,-1
2,BSM,0,11.2,8.4,8,6,1.4,-1
12,BSM,0,11.2,8.4,8,6,1.4,-1
21,BSM,0,11.2,8.4,8,6,1.4,-1
22,BSM,0,11.2,8.4,8,6,1.4,-1
3,BSM,0,11.2,8.4,8,6,1.4,-1
30,BSM,0,11.2,8.4,8,6,1.4,-1
13,BSM,0,11.2,8.4,8,6,1.4,-1
31,BSM,0,11.2,8.4,8,6,1.4,-1
32,BSM,0,11.2,8.4,8,6,1.4,-1
23,BSM,0,11.2,8.4,8,6,1.4,-1
40,BSM,0,11.2,8.4,8,6,1.4,-1
4,BSM,0,11.2,8.4,8,6,1.4,-1
41,BSM,0,11.2,8.4,8,6,1.4,-1
14,BSM,0,11.2,8.4,8,6,1.4,-1
33,BSM,0,11.2,8.4,8,6,1.4,-1
24,BSM,0,11.2,8.4,8,6,1.4,-1
42,BSM,0,11.2,8.4,8,6,1.4,-1
50,BSM,0,11.2,8.4,8,6,1.4,-1
34,BSM,0,11.2,8.4,8,6,1.4,-1
43,BSM,0,11.2,8.4,8,6,1.4,-1
5,BSM,0,11.2,8.4,8,6,1.4,-1
15,BSM,0,11.2,8.4,8,6,1.4,-1
51,BSM,0,11.2,8.4,8,6,1.4,-1
52,BSM,0,11.2,8.4,8,6,1.4,-1
25,BSM,0,11.2,8.4,8,6,1.4,-1
44,BSM,0,11.2,8.4,8,6,1.4,-1
53,BSM,0,11.2,8.4,8,6,1.4,-1
35,BSM,0,11.2,8.4,8,6,1.4,-1
6,BSM,0,11.2,8.4,8,6,1.4,-1
60,BSM,0,11.2,8.4,8,6,1.4,-1
16,BSM,0,11.2,8.4,8,6,1.4,-1
61,BSM,0,11.2,8.4,8,6,1.4,-1
62,BSM,0,11.2,8.4,8,6,1.4,-1
54,BSM,0,11.2,8.4,8,6,1.4,-1
26,BSM,0,11.2,8.4,8,6,1.4,-1
45,BSM,0,11.2,8.4,8,6,1.4,-1
36,BSM,0,11.2,8.4,8,6,1.4,-1
63,BSM,0,11.2,8.4,8,6,1.4,-1
70,BSM,0,11.2,8.4,8,6,1.4,-1
7,BSM,0,11.2,8.4,8,6,1.4,-1
55,BSM,0,11.2,8.4,8,6,1.4,-1
71,BSM,0,11.2,8.4,8,6,1.4,-1
17,BSM,0,11.2,8.4,8,6,1.4,-1
64,BSM,0,11.2,8.4,8,6,1.4,-1
46,BSM,0,11.2,8.4,8,6,1.4,-1
72,BSM,0,11.2,8.4,8,6,1.4,-1
27,BSM,0,11.2,8.4,8,6,1.4,-1
37,BSM,0,11.2,8.4,8,6,1.4,-1
73,BSM,0,11.2,8.4,8,6,1.4,-1
56,BSM,0,11.2,8.4,8,6,1.4,-1
65,BSM,0,11.2,8.4,8,6,1.4,-1
80,BSM,0,11.2,8.4,8,6,1.4,-1
18,BSM,0,11.2,8.4,8,6,1.4,-1
8,BSM,0,11.2,8.4,8,6,1.4,-1
74,BSM,0,11.2,8.4,8,6,1.4,-1
81,BSM,0,11.2,8.4,8,6,1.4,-1
47,BSM,0,11.2,8.4,8,6,1.4,-1
82,BSM,0,11.2,8.4,8,6,1.4,-1
28,BSM,0,11.2,8.4,8,6,1.4,-1
66,BSM,0,11.2,8.4,8,6,1.4,-1
83,BSM,0,11.2,8.4,8,6,1.4,-1
38,BSM,0,11.2,8.4,8,6,1.4,-1
57,BSM,0,11.2,8.4,8,6,1.4,-1
75,BSM,0,11.2,8.4,8,6,1.4,-1
48,BSM,0,11.2,8.4,8,6,1.4,-1
84,BSM,0,11.2,8.4,8,6,1.4,-1
9,BSM,0,11.2,8.4,8,6,1.4,-1
90,BSM,0,11.2,8.4,8,6,1.4,-1
19,BSM,0,11.2,8.4,8,6,1.4,-1
91,BSM,0,11.2,8.4,8,6,1.4,-1
92,BSM,0,11.2,8.4,8,6,1.4,-1
76,BSM,0,11.2,8.4,8,6,1.4,-1
67,BSM,0,11.2,8.4,8,6,1.4,-1
29,BSM,0,11.2,8.4,8,6,1.4,-1
58,BSM,0,11.2,8.4,8,6,1.4,-1
39,BSM,0,11.2,8.4,8,6,1.4,-1
85,BSM,0,11.2,8.4,8,6,1.4,-1
93,BSM,0,11.2,8.4,8,6,1.4,-1
94,BSM,0,11.2,8.4,8,6,1.4,-1
49,BSM,0,11.2,8.4,8,6,1.4,-1
77,BSM,0,11.2,8.4,8,6,1.4,-1
100,BSM,0,11.2,8.4,8,6,1.4,-1
86,BSM,0,11.2,8.4,8,6,1.4,-1
68,BSM,0,11.2,8.4,8,6,1.4,-1
101,BSM,0,11.2,8.4,8,6,1.4,-1
102,BSM,0,11.2,8.4,8,6,1.4,-1
95,BSM,0,11.2,8.4,8,6,1.4,-1
59,BSM,0,11.2,8.4,8,6,1.4,-1
103,BSM,0,11.2,8.4,8,6,1.4,-1
78,BSM,0,11.2,8.4,8,6,1.4,-1
87,BSM,0,11.2,8.4,8,6,1.4,-1
104,BSM,0,11.2,8.4,8,6,1.4,-1
96,BSM,0,11.2,8.4,8,6,1.4,-1
69,BSM,0,11.2,8.4,8,6,1.4,-1
110,BSM,0,11.2,8.4,8,6,1.4,-1
111,BSM,0,11.2,8.4,8,6,1.4,-1
112,BSM,0,11.2,8.4,8,6,1.4,-1
105,BSM,0,11.2,8.4,8,6,1.4,-1
88,BSM,0,11.2,8.4,8,6,1.4,-1
79,BSM,0,11.2,8.4,8,6,1.4,-1
97,BSM,0,11.2,8.4,8,6,1.4,-1
113,BSM,0,11.2,8.4,8,6,1.4,-1
106,BSM,0,11.2,8.4,8,6,1.4,-1
114,BSM,0,11.2,8.4,8,6,1.4,-1
120,BSM,0,11.2,8.4,8,6,1.4,-1
121,BSM,0,11.2,8.4,8,6,1.4,-1
98,BSM,0,11.2,8.4,8,6,1.4,-1
89,BSM,0,11.2,8.4,8,6,1.4,-1
115,BSM,0,11.2,8.4,8,6,1.4,-1
122,BSM,0,11.2,8.4,8,6,1.4,-1
107,BSM,0,11.2,8.4,8,6,1.4,-1
123,BSM,0,11.2,8.4,8,6,1.4,-1
116,BSM,0,11.2,8.4,8,6,1.4,-1
124,BSM,0,11.2,8.4,8,6,1.4,-1
99,BSM,0,11.2,8.4,8,6,1.4,-1
108,BSM,0,11.2,8.4,8,6,1.4,-1
130,BSM,0,11.2,8.4,8,6,1.4,-1
117,BSM,0,11.2,8.4,8,6,1.4,-1
125,BSM,0,11.2,8.4,8,6,1.4,-1
131,BSM,0,11.2,8.4,8,6,1.4,-1
126,BSM,0,11.2,8.4,8,6,1.4,-1
109,BSM,0,11.2,8.4,8,6,1.4,-1
118,BSM,0,11.2,8.4,8,6,1.4,-1
127,BSM,0,11.2,8.4,8,6,1.4,-1
119,BSM,0,11.2,8.4,8,6,1.4,-1
128,BSM,0,11.2,8.4,8,6,1.4,-1
129,BSM,0,11.2,8.4,8,6,1.4,-1
10,BSM,0,12,9,8,6,1.5,-1
1,BSM,0,12,9,8,6,1.5,-1
11,BSM,0,12,9,8,6,1.5,-1
20,BSM,0,12,9,8,6,1.5,-1
2,BSM,0,12,9,8,6,1.5,-1
12,BSM,0,12,9,8,6,1.5,-1
21,BSM,0,12,9,8,6,1.5,-1
22,BSM,0,12,9,8,6,1.5,-1
3,BSM,0,12,9,8,6,1.5,-1
30,BSM,0,12,9,8,6,1.5,-1
13,BSM,0,12,9,8,6,1.5,-1
31,BSM,0,12,9,8,6,1.5,-1
32,BSM,0,12,9,8,6,1.5,-1
23,BSM,0,12,9,8,6,1.5,-1
40,BSM,0,12,9,8,6,1.5,-1
4,BSM,0,12,9,8,6,1.5,-1
41,BSM,0,12,9,8,6,1.5,-1
14,BSM,0,12,9,8,6,1.5,-1
33,BSM,0,12,9,8,6,1.5,-1
24,BSM,0,12,9,8,6,1.5,-1
42,BSM,0,12,9,8,6,1.5,-1
50,BSM,0,12,9,8,6,1.5,-1
34,BSM,0,12,9,8,6,1.5,-1
43,BSM,0,12,9,8,6,1.5,-1
5,BSM,0,12,9,8,6,1.5,-1
15,BSM,0,12,9,8,6,1.5,-1
51,BSM,0,12,9,8,6,1.5,-1
52,BSM,0,12,9,8,6,1.5,-1
25,BSM,0,12,9,8,6,1.5,-1
44,BSM,0,12,9,8,6,1.5,-1
53,BSM,0,12,9,8,6,1.5,-1
35,BSM,0,12,9,8,6,1.5,-1
6,BSM,0,12,9,8,6,1.5,-1
60,BSM,0,12,9,8,6,1.5,-1
16,BSM,0,12,9,8,6,1.5,-1
61,BSM,0,12,9,8,6,1.5,-1
62,BSM,0,12,9,8,6,1.5,-1
54,BSM,0,12,9,8,6,1.5,-1
26,BSM,0,12,9,8,6,1.5,-1
45,BSM,0,12,9,8,6,1.5,-1
36,BSM,0,12,9,8,6,1.5,-1
63,BSM,0,12,9,8,6,1.5,-1
70,BSM,0,12,9,8,6,1.5,-1
7,BSM,0,12,9,8,6,1.5,-1
71,BSM,0,12,9,8,6,1.5,-1
55,BSM,0,12,9,8,6,1.5,-1
17,BSM,0,12,9,8,6,1.5,-1
64,BSM,0,12,9,8,6,1.5,-1
46,BSM,0,12,9,8,6,1.5,-1
72,BSM,0,12,9,8,6,1.5,-1
27,BSM,0,12,9,8,6,1.5,-1
37,BSM,0,12,9,8,6,1.5,-1
73,BSM,0,12,9,8,6,1.5,-1
56,BSM,0,12,9,8,6,1.5,-1
65,BSM,0,12,9,8,6,1.5,-1
80,BSM,0,12,9,8,6,1.5,-1
18,BSM,0,12,9,8,6,1.5,-1
8,BSM,0,12,9,8,6,1.5,-1
74,BSM,0,12,9,8,6,1.5,-1
81,BSM,0,12,9,8,6,1.5,-1
47,BSM,0,12,9,8,6,1.5,-1
82,BSM,0,12,9,8,6,1.5,-1
28,BSM,0,12,9,8,6,1.5,-1
66,BSM,0,12,9,8,6,1.5,-1
83,BSM,0,12,9,8,6,1.5,-1
38,BSM,0,12,9,8,6,1.5,-1
57,BSM,0,12,9,8,6,1.5,-1
75,BSM,0,12,9,8,6,1.5,-1
48,BSM,0,12,9,8,6,1.5,-1
84,BSM,0,12,9,8,6,1.5,-1
9,BSM,0,12,9,8,6,1.5,-1
90,BSM,0,12,9,8,6,1.5,-1
19,BSM,0,12,9,8,6,1.5,-1
91,BSM,0,12,9,8,6,1.5,-1
92,BSM,0,12,9,8,6,1.5,-1
76,BSM,0,12,9,8,6,1.5,-1
67,BSM,0,12,9,8,6,1.5,-1
29,BSM,0,12,9,8,6,1.5,-1
58,BSM,0,12,9,8,6,1.5,-1
39,BSM,0,12,9,8,6,1.5,-1
85,BSM,0,12,9,8,6,1.5,-1
93,BSM,0,12,9,8,6,1.5,-1
94,BSM,0,12,9,8,6,1.5,-1
49,BSM,0,12,9,8,6,1.5,-1
77,BSM,0,12,9,8,6,1.5,-1
100,BSM,0,12,9,8,6,1.5,-1
86,BSM,0,12,9,8,6,1.5,-1
68,BSM,0,12,9,8,6,1.5,-1
101,BSM,0,12,9,8,6,1.5,-1
102,BSM,0,12,9,8,6,1.5,-1
95,BSM,0,12,9,8,6,1.5,-1
59,BSM,0,12,9,8,6,1.5,-1
103,BSM,0,12,9,8,6,1.5,-1
78,BSM,0,12,9,8,6,1.5,-1
87,BSM,0,12,9,8,6,1.5,-1
96,BSM,0,12,9,8,6,1.5,-1
104,BSM,0,12,9,8,6,1.5,-1
69,BSM,0,12,9,8,6,1.5,-1
110,BSM,0,12,9,8,6,1.5,-1
111,BSM,0,12,9,8,6,1.5,-1
112,BSM,0,12,9,8,6,1.5,-1
105,BSM,0,12,9,8,6,1.5,-1
88,BSM,0,12,9,8,6,1.5,-1
79,BSM,0,12,9,8,6,1.5,-1
97,BSM,0,12,9,8,6,1.5,-1
113,BSM,0,12,9,8,6,1.5,-1
106,BSM,0,12,9,8,6,1.5,-1
114,BSM,0,12,9,8,6,1.5,-1
120,BSM,0,12,9,8,6,1.5,-1
121,BSM,0,12,9,8,6,1.5,-1
98,BSM,0,12,9,8,6,1.5,-1
89,BSM,0,12,9,8,6,1.5,-1
115,BSM,0,12,9,8,6,1.5,-1
122,BSM,0,12,9,8,6,1.5,-1
107,BSM,0,12,9,8,6,1.5,-1
123,BSM,0,12,9,8,6,1.5,-1
116,BSM,0,12,9,8,6,1.5,-1
124,BSM,0,12,9,8,6,1.5,-1
99,BSM,0,12,9,8,6,1.5,-1
108,BSM,0,12,9,8,6,1.5,-1
130,BSM,0,12,9,8,6,1.5,-1
117,BSM,0,12,9,8,6,1.5,-1
125,BSM,0,12,9,8,6,1.5,-1
131,BSM,0,12,9,8,6,1.5,-1
126,BSM,0,12,9,8,6,1.5,-1
109,BSM,0,12,9,8,6,1.5,-1
118,BSM,0,12,9,8,6,1.5,-1
127,BSM,0,12,9,8,6,1.5,-1
119,BSM,0,12,9,8,6,1.5,-1
128,BSM,0,12,9,8,6,1.5,-1
129,BSM,0,12,9,8,6,1.5,-1
10,BSM,0,12,9,8,6,1.5,-1
1,BSM,0,12,9,8,6,1.5,-1
11,BSM,0,12,9,8,6,1.5,-1
20,BSM,0,12,9,8,6,1.5,-1
2,BSM,0,12,9,8,6,1.5,-1
12,BSM,0,12,9,8,6,1.5,-1
21,BSM,0,12,9,8,6,1.5,-1
22,BSM,0,12,9,8,6,1.5,-1
3,BSM,0,12,9,8,6,1.5,-1
30,BSM,0,12,9,8,6,1.5,-1
13,BSM,0,12,9,8,6,1.5,-1
31,BSM,0,12,9,8,6,1.5,-1
32,BSM,0,12,9,8,6,1.5,-1
23,BSM,0,12,9,8,6,1.5,-1
40,BSM,0,12,9,8,6,1.5,-1
4,BSM,0,12,9,8,6,1.5,-1
41,BSM,0,12,9,8,6,1.5,-1
14,BSM,0,12,9,8,6,1.5,-1
33,BSM,0,12,9,8,6,1.5,-1
24,BSM,0,12,9,8,6,1.5,-1
42,BSM,0,12,9,8,6,1.5,-1
50,BSM,0,12,9,8,6,1.5,-1
34,BSM,0,12,9,8,6,1.5,-1
43,BSM,0,12,9,8,6,1.5,-1
5,BSM,0,12,9,8,6,1.5,-1
15,BSM,0,12,9,8,6,1.5,-1
51,BSM,0,12,9,8,6,1.5,-1
52,BSM,0,12,9,8,6,1.5,-1
25,BSM,0,12,9,8,6,1.5,-1
44,BSM,0,12,9,8,6,1.5,-1
53,BSM,0,12,9,8,6,1.5,-1
35,BSM,0,12,9,8,6,1.5,-1
6,BSM,0,12,9,8,6,1.5,-1
60,BSM,0,12,9,8,6,1.5,-1
16,BSM,0,12,9,8,6,1.5,-1
61,BSM,0,12,9,8,6,1.5,-1
62,BSM,0,12,9,8,6,1.5,-1
54,BSM,0,12,9,8,6,1.5,-1
26,BSM,0,12,9,8,6,1.5,-1
45,BSM,0,12,9,8,6,1.5,-1
36,BSM,0,12,9,8,6,1.5,-1
63,BSM,0,12,9,8,6,1.5,-1
70,BSM,0,12,9,8,6,1.5,-1
7,BSM,0,12,9,8,6,1.5,-1
71,BSM,0,12,9,8,6,1.5,-1
55,BSM,0,12,9,8,6,1.5,-1
17,BSM,0,12,9,8,6,1.5,-1
64,BSM,0,12,9,8,6,1.5,-1
46,BSM,0,12,9,8,6,1.5,-1
72,BSM,0,12,9,8,6,1.5,-1
27,BSM,0,12,9,8,6,1.5,-1
37,BSM,0,12,9,8,6,1.5,-1
73,BSM,0,12,9,8,6,1.5,-1
56,BSM,0,12,9,8,6,1.5,-1
65,BSM,0,12,9,8,6,1.5,-1
80,BSM,0,12,9,8,6,1.5,-1
18,BSM,0,12,9,8,6,1.5,-1
8,BSM,0,12,9,8,6,1.5,-1
74,BSM,0,12,9,8,6,1.5,-1
81,BSM,0,12,9,8,6,1.5,-1
47,BSM,0,12,9,8,6,1.5,-1
82,BSM,0,12,9,8,6,1.5,-1
28,BSM,0,12,9,8,6,1.5,-1
66,BSM,0,12,9,8,6,1.5,-1
83,BSM,0,12,9,8,6,1.5,-1
38,BSM,0,12,9,8,6,1.5,-1
57,BSM,0,12,9,8,6,1.5,-1
75,BSM,0,12,9,8,6,1.5,-1
48,BSM,0,12,9,8,6,1.5,-1
84,BSM,0,12,9,8,6,1.5,-1
9,BSM,0,12,9,8,6,1.5,-1
90,BSM,0,12,9,8,6,1.5,-1
19,BSM,0,12,9,8,6,1.5,-1
91,BSM,0,12,9,8,6,1.5,-1
92,BSM,0,12,9,8,6,1.5,-1
76,BSM,0,12,9,8,6,1.5,-1
67,BSM,0,12,9,8,6,1.5,-1
29,BSM,0,12,9,8,6,1.5,-1
58,BSM,0,12,9,8,6,1.5,-1
39,BSM,0,12,9,8,6,1.5,-1
85,BSM,0,12,9,8,6,1.5,-1
93,BSM,0,12,9,8,6,1.5,-1
94,BSM,0,12,9,8,6,1.5,-1
49,BSM,0,12,9,8,6,1.5,-1
77,BSM,0,12,9,8,6,1.5,-1
100,BSM,0,12,9,8,6,1.5,-1
86,BSM,0,12,9,8,6,1.5,-1
68,BSM,0,12,9,8,6,1.5,-1
101,BSM,0,12,9,8,6,1.5,-1
102,BSM,0,12,9,8,6,1.5,-1
95,BSM,0,12,9,8,6,1.5,-1
59,BSM,0,12,9,8,6,1.5,-1
103,BSM,0,12,9,8,6,1.5,-1
78,BSM,0,12,9,8,6,1.5,-1
87,BSM,0,12,9,8,6,1.5,-1
96,BSM,0,12,9,8,6,1.5,-1
104,BSM,0,12,9,8,6,1.5,-1
69,BSM,0,12,9,8,6,1.5,-1
110,BSM,0,12,9,8,6,1.5,-1
111,BSM,0,12,9,8,6,1.5,-1
112,BSM,0,12,9,8,6,1.5,-1
105,BSM,0,12,9,8,6,1.5,-1
88,BSM,0,12,9,8,6,1.5,-1
79,BSM,0,12,9,8,6,1.5,-1
97,BSM,0,12,9,8,6,1.5,-1
113,BSM,0,12,9,8,6,1.5,-1
106,BSM,0,12,9,8,6,1.5,-1
114,BSM,0,12,9,8,6,1.5,-1
120,BSM,0,12,9,8,6,1.5,-1
121,BSM,0,12,9,8,6,1.5,-1
98,BSM,0,12,9,8,6,1.5,-1
89,BSM,0,12,9,8,6,1.5,-1
115,BSM,0,12,9,8,6,1.5,-1
122,BSM,0,12,9,8,6,1.5,-1
107,BSM,0,12,9,8,6,1.5,-1
123,BSM,0,12,9,8,6,1.5,-1
116,BSM,0,12,9,8,6,1.5,-1
124,BSM,0,12,9,8,6,1.5,-1
99,BSM,0,12,9,8,6,1.5,-1
108,BSM,0,12,9,8,6,1.5,-1
130,BSM,0,12,9,8,6,1.5,-1
117,BSM,0,12,9,8,6,1.5,-1
125,BSM,0,12,9,8,6,1.5,-1
131,BSM,0,12,9,8,6,1.5,-1
126,BSM,0,12,9,8,6,1.5,-1
109,BSM,0,12,9,8,6,1.5,-1
118,BSM,0,12,9,8,6,1.5,-1
127,BSM,0,12,9,8,6,1.5,-1
119,BSM,0,12,9,8,6,1.5,-1
128,BSM,0,12,9,8,6,1.5,-1
129,BSM,0,12,9,8,6,1.5,-1
10,BSM,0,12,9,8,6,1.5,-1
1,BSM,0,12,9,8,6,1.5,-1
11,BSM,0,12,9,8,6,1.5,-1
20,BSM,0,12,9,8,6,1.5,-1
2,BSM,0,12,9,8,6,1.5,-1
12,BSM,0,12,9,8,6,1.5,-1
21,BSM,0,12,9,8,6,1.5,-1
22,BSM,0,12,9,8,6,1.5,-1
3,BSM,0,12,9,8,6,1.5,-1
30,BSM,0,12,9,8,6,1.5,-1
13,BSM,0,12,9,8,6,1.5,-1
31,BSM,0,12,9,8,6,1.5,-1
32,BSM,0,12,9,8,6,1.5,-1
23,BSM,0,12,9,8,6,1.5,-1
40,BSM,0,12,9,8,6,1.5,-1
4,BSM,0,12,9,8,6,1.5,-1
41,BSM,0,12,9,8,6,1.5,-1
14,BSM,0,12,9,8,6,1.5,-1
33,BSM,0,12,9,8,6,1.5,-1
24,BSM,0,12,9,8,6,1.5,-1
42,BSM,0,12,9,8,6,1.5,-1
50,BSM,0,12,9,8,6,1.5,-1
34,BSM,0,12,9,8,6,1.5,-1
43,BSM,0,12,9,8,6,1.5,-1
5,BSM,0,12,9,8,6,1.5,-1
15,BSM,0,12,9,8,6,1.5,-1
51,BSM,0,12,9,8,6,1.5,-1
52,BSM,0,12,9,8,6,1.5,-1
25,BSM,0,12,9,8,6,1.5,-1
44,BSM,0,12,9,8,6,1.5,-1
53,BSM,0,12,9,8,6,1.5,-1
35,BSM,0,12,9,8,6,1.5,-1
6,BSM,0,12,9,8,6,1.5,-1
60,BSM,0,12,9,8,6,1.5,-1
16,BSM,0,12,9,8,6,1.5,-1
61,BSM,0,12,9,8,6,1.5,-1
62,BSM,0,12,9,8,6,1.5,-1
54,BSM,0,12,9,8,6,1.5,-1
26,BSM,0,12,9,8,6,1.5,-1
45,BSM,0,12,9,8,6,1.5,-1
36,BSM,0,12,9,8,6,1.5,-1
63,BSM,0,12,9,8,6,1.5,-1
70,BSM,0,12,9,8,6,1.5,-1
7,BSM,0,12,9,8,6,1.5,-1
71,BSM,0,12,9,8,6,1.5,-1
55,BSM,0,12,9,8,6,1.5,-1
17,BSM,0,12,9,8,6,1.5,-1
64,BSM,0,12,9,8,6,1.5,-1
46,BSM,0,12,9,8,6,1.5,-1
72,BSM,0,12,9,8,6,1.5,-1
27,BSM,0,12,9,8,6,1.5,-1
37,BSM,0,12,9,8,6,1.5,-1
73,BSM,0,12,9,8,6,1.5,-1
56,BSM,0,12,9,8,6,1.5,-1
65,BSM,0,12,9,8,6,1.5,-1
80,BSM,0,12,9,8,6,1.5,-1
18,BSM,0,12,9,8,6,1.5,-1
8,BSM,0,12,9,8,6,1.5,-1
74,BSM,0,12,9,8,6,1.5,-1
81,BSM,0,12,9,8,6,1.5,-1
47,BSM,0,12,9,8,6,1.5,-1
82,BSM,0,12,9,8,6,1.5,-1
28,BSM,0,12,9,8,6,1.5,-1
66,BSM,0,12,9,8,6,1.5,-1
83,BSM,0,12,9,8,6,1.5,-1
38,BSM,0,12,9,8,6,1.5,-1
57,BSM,0,12,9,8,6,1.5,-1
75,BSM,0,12,9,8,6,1.5,-1
48,BSM,0,12,9,8,6,1.5,-1
84,BSM,0,12,9,8,6,1.5,-1
9,BSM,0,12,9,8,6,1.5,-1
90,BSM,0,12,9,8,6,1.5,-1
19,BSM,0,12,9,8,6,1.5,-1
91,BSM,0,12,9,8,6,1.5,-1
92,BSM,0,12,9,8,6,1.5,-1
76,BSM,0,12,9,8,6,1.5,-1
67,BSM,0,12,9,8,6,1.5,-1
29,BSM,0,12,9,8,6,1.5,-1
58,BSM,0,12,9,8,6,1.5,-1
39,BSM,0,12,9,8,6,1.5,-1
85,BSM,0,12,9,8,6,1.5,-1
93,BSM,0,12,9,8,6,1.5,-1
94,BSM,0,12,9,8,6,1.5,-1
49,BSM,0,12,9,8,6,1.5,-1
77,BSM,0,12,9,8,6,1.5,-1
100,BSM,0,12,9,8,6,1.5,-1
86,BSM,0,12,9,8,6,1.5,-1
68,BSM,0,12,9,8,6,1.5,-1
101,BSM,0,12,9,8,6,1.5,-1
102,BSM,0,12,9,8,6,1.5,-1
95,BSM,0,12,9,8,6,1.5,-1
59,BSM,0,12,9,8,6,1.5,-1
103,BSM,0,12,9,8,6,1.5,-1
78,BSM,0,12,9,8,6,1.5,-1
87,BSM,0,12,9,8,6,1.5,-1
96,BSM,0,12,9,8,6,1.5,-1
104,BSM,0,12,9,8,6,1.5,-1
69,BSM,0,12,9,8,6,1.5,-1
110,BSM,0,12,9,8,6,1.5,-1
111,BSM,0,12,9,8,6,1.5,-1
112,BSM,0,12,9,8,6,1.5,-1
105,BSM,0,12,9,8,6,1.5,-1
88,BSM,0,12,9,8,6,1.5,-1
79,BSM,0,12,9,8,6,1.5,-1
97,BSM,0,12,9,8,6,1.5,-1
113,BSM,0,12,9,8,6,1.5,-1
106,BSM,0,12,9,8,6,1.5,-1
114,BSM,0,12,9,8,6,1.5,-1
120,BSM,0,12,9,8,6,1.5,-1
121,BSM,0,12,9,8,6,1.5,-1
98,BSM,0,12,9,8,6,1.5,-1
89,BSM,0,12,9,8,6,1.5,-1
115,BSM,0,12,9,8,6,1.5,-1
122,BSM,0,12,9,8,6,1.5,-1
107,BSM,0,12,9,8,6,1.5,-1
123,BSM,0,12,9,8,6,1.5,-1
116,BSM,0,12,9,8,6,1.5,-1
124,BSM,0,12,9,8,6,1.5,-1
99,BSM,0,12,9,8,6,1.5,-1
108,BSM,0,12,9,8,6,1.5,-1
130,BSM,0,12,9,8,6,1.5,-1
117,BSM,0,12,9,8,6,1.5,-1
125,BSM,0,12,9,8,6,1.5,-1
131,BSM,0,12,9,8,6,1.5,-1
126,BSM,0,12,9,8,6,1.5,-1
109,BSM,0,12,9,8,6,1.5,-1
118,BSM,0,12,9,8,6,1.5,-1
127,BSM,0,12,9,8,6,1.5,-1
119,BSM,0,12,9,8,6,1.5,-1
128,BSM,0,12,9,8,6,1.5,-1
129,BSM,0,12,9,8,6,1.5,-1
10,BSM,0,12,9,8,6,1.5,-1
1,BSM,0,12,9,8,6,1.5,-1
11,BSM,0,12,9,8,6,1.5,-1
20,BSM,0,12,9,8,6,1.5,-1
2,BSM,0,12,9,8,6,1.5,-1
12,BSM,0,12,9,8,6,1.5,-1
21,BSM,0,12,9,8,6,1.5,-1
22,BSM,0,12,9,8,6,1.5,-1
3,BSM,0,12,9,8,6,1.5,-1
30,BSM,0,12,9,8,6,1.5,-1
13,BSM,0,12,9,8,6,1.5,-1
31,BSM,0,12,9,8,6,1.5,-1
32,BSM,0,12,9,8,6,1.5,-1
23,BSM,0,12,9,8,6,1.5,-1
40,BSM,0,12,9,8,6,1.5,-1
4,BSM,0,12,9,8,6,1.5,-1
41,BSM,0,12,9,8,6,1.5,-1
14,BSM,0,12,9,8,6,1.5,-1
33,BSM,0,12,9,8,6,1.5,-1
24,BSM,0,12,9,8,6,1.5,-1
42,BSM,0,12,9,8,6,1.5,-1
50,BSM,0,12,9,8,6,1.5,-1
34,BSM,0,12,9,8,6,1.5,-1
43,BSM,0,12,9,8,6,1.5,-1
5,BSM,0,12,9,8,6,1.5,-1
15,BSM,0,12,9,8,6,1.5,-1
51,BSM,0,12,9,8,6,1.5,-1
52,BSM,0,12,9,8,6,1.5,-1
25,BSM,0,12,9,8,6,1.5,-1
44,BSM,0,12,9,8,6,1.5,-1
53,BSM,0,12,9,8,6,1.5,-1
35,BSM,0,12,9,8,6,1.5,-1
6,BSM,0,12,9,8,6,1.5,-1
60,BSM,0,12,9,8,6,1.5,-1
16,BSM,0,12,9,8,6,1.5,-1
61,BSM,0,12,9,8,6,1.5,-1
62,BSM,0,12,9,8,6,1.5,-1
54,BSM,0,12,9,8,6,1.5,-1
26,BSM,0,12,9,8,6,1.5,-1
45,BSM,0,12,9,8,6,1.5,-1
36,BSM,0,12,9,8,6,1.5,-1
63,BSM,0,12,9,8,6,1.5,-1
70,BSM,0,12,9,8,6,1.5,-1
7,BSM,0,12,9,8,6,1.5,-1
71,BSM,0,12,9,8,6,1.5,-1
55,BSM,0,12,9,8,6,1.5,-1
17,BSM,0,12,9,8,6,1.5,-1
64,BSM,0,12,9,8,6,1.5,-1
46,BSM,0,12,9,8,6,1.5,-1
72,BSM,0,12,9,8,6,1.5,-1
27,BSM,0,12,9,8,6,1.5,-1
37,BSM,0,12,9,8,6,1.5,-1
73,BSM,0,12,9,8,6,1.5,-1
56,BSM,0,12,9,8,6,1.5,-1
65,BSM,0,12,9,8,6,1.5,-1
80,BSM,0,12,9,8,6,1.5,-1
18,BSM,0,12,9,8,6,1.5,-1
8,BSM,0,12,9,8,6,1.5,-1
74,BSM,0,12,9,8,6,1.5,-1
81,BSM,0,12,9,8,6,1.5,-1
47,BSM,0,12,9,8,6,1.5,-1
82,BSM,0,12,9,8,6,1.5,-1
28,BSM,0,12,9,8,6,1.5,-1
66,BSM,0,12,9,8,6,1.5,-1
83,BSM,0,12,9,8,6,1.5,-1
38,BSM,0,12,9,8,6,1.5,-1
57,BSM,0,12,9,8,6,1.5,-1
75,BSM,0,12,9,8,6,1.5,-1
48,BSM,0,12,9,8,6,1.5,-1
84,BSM,0,12,9,8,6,1.5,-1
9,BSM,0,12,9,8,6,1.5,-1
90,BSM,0,12,9,8,6,1.5,-1
19,BSM,0,12,9,8,6,1.5,-1
91,BSM,0,12,9,8,6,1.5,-1
92,BSM,0,12,9,8,6,1.5,-1
76,BSM,0,12,9,8,6,1.5,-1
67,BSM,0,12,9,8,6,1.5,-1
29,BSM,0,12,9,8,6,1.5,-1
58,BSM,0,12,9,8,6,1.5,-1
39,BSM,0,12,9,8,6,1.5,-1
85,BSM,0,12,9,8,6,1.5,-1
93,BSM,0,12,9,8,6,1.5,-1
94,BSM,0,12,9,8,6,1.5,-1
49,BSM,0,12,9,8,6,1.5,-1
77,BSM,0,12,9,8,6,1.5,-1
100,BSM,0,12,9,8,6,1.5,-1
86,BSM,0,12,9,8,6,1.5,-1
68,BSM,0,12,9,8,6,1.5,-1
101,BSM,0,12,9,8,6,1.5,-1
102,BSM,0,12,9,8,6,1.5,-1
95,BSM,0,12,9,8,6,1.5,-1
59,BSM,0,12,9,8,6,1.5,-1
103,BSM,0,12,9,8,6,1.5,-1
78,BSM,0,12,9,8,6,1.5,-1
87,BSM,0,12,9,8,6,1.5,-1
96,BSM,0,12,9,8,6,1.5,-1
104,BSM,0,12,9,8,6,1.5,-1
69,BSM,0,12,9,8,6,1.5,-1
110,BSM,0,12,9,8,6,1.5,-1
111,BSM,0,12,9,8,6,1.5,-1
112,BSM,0,12,9,8,6,1.5,-1
105,BSM,0,12,9,8,6,1.5,-1
88,BSM,0,12,9,8,6,1.5,-1
79,BSM,0,12,9,8,6,1.5,-1
97,BSM,0,12,9,8,6,1.5,-1
113,BSM,0,12,9,8,6,1.5,-1
106,BSM,0,12,9,8,6,1.5,-1
114,BSM,0,12,9,8,6,1.5,-1
120,BSM,0,12,9,8,6,1.5,-1
121,BSM,0,12,9,8,6,1.5,-1
98,BSM,0,12,9,8,6,1.5,-1
89,BSM,0,12,9,8,6,1.5,-1
115,BSM,0,12,9,8,6,1.5,-1
122,BSM,0,12,9,8,6,1.5,-1
107,BSM,0,12,9,8,6,1.5,-1
123,BSM,0,12,9,8,6,1.5,-1
116,BSM,0,12,9,8,6,1.5,-1
124,BSM,0,12,9,8,6,1.5,-1
99,BSM,0,12,9,8,6,1.5,-1
108,BSM,0,12,9,8,6,1.5,-1
130,BSM,0,12,9,8,6,1.5,-1
117,BSM,0,12,9,8,6,1.5,-1
125,BSM,0,12,9,8,6,1.5,-1
131,BSM,0,12,9,8,6,1.5,-1
126,BSM,0,12,9,8,6,1.5,-1
109,BSM,0,12,9,8,6,1.5,-1
118,BSM,0,12,9,8,6,1.5,-1
127,BSM,0,12,9,8,6,1.5,-1
119,BSM,0,12,9,8,6,1.5,-1
128,BSM,0,12,9,8,6,1.5,-1
129,BSM,0,12,9,8,6,1.5,-1
10,BSM,0,12,9,8,6,1.5,-1
1,BSM,0,12,9,8,6,1.5,-1
11,BSM,0,12,9,8,6,1.5,-1
20,BSM,0,12,9,8,6,1.5,-1
2,BSM,0,12,9,8,6,1.5,-1
12,BSM,0,12,9,8,6,1.5,-1
21,BSM,0,12,9,8,6,1.5,-1
22,BSM,0,12,9,8,6,1.5,-1
3,BSM,0,12,9,8,6,1.5,-1
30,BSM,0,12,9,8,6,1.5,-1
13,BSM,0,12,9,8,6,1.5,-1
31,BSM,0,12,9,8,6,1.5,-1
32,BSM,0,12,9,8,6,1.5,-1
23,BSM,0,12,9,8,6,1.5,-1
40,BSM,0,12,9,8,6,1.5,-1
4,BSM,0,12,9,8,6,1.5,-1
41,BSM,0,12,9,8,6,1.5,-1
14,BSM,0,12,9,8,6,1.5,-1
33,BSM,0,12,9,8,6,1.5,-1
24,BSM,0,12,9,8,6,1.5,-1
42,BSM,0,12,9,8,6,1.5,-1
50,BSM,0,12,9,8,6,1.5,-1
34,BSM,0,12,9,8,6,1.5,-1
43,BSM,0,12,9,8,6,1.5,-1
5,BSM,0,12,9,8,6,1.5,-1
15,BSM,0,12,9,8,6,1.5,-1
51,BSM,0,12,9,8,6,1.5,-1
52,BSM,0,12,9,8,6,1.5,-1
25,BSM,0,12,9,8,6,1.5,-1
44,BSM,0,12,9,8,6,1.5,-1
53,BSM,0,12,9,8,6,1.5,-1
35,BSM,0,12,9,8,6,1.5,-1
6,BSM,0,12,9,8,6,1.5,-1
60,BSM,0,12,9,8,6,1.5,-1
16,BSM,0,12,9,8,6,1.5,-1
61,BSM,0,12,9,8,6,1.5,-1
62,BSM,0,12,9,8,6,1.5,-1
54,BSM,0,12,9,8,6,1.5,-1
26,BSM,0,12,9,8,6,1.5,-1
45,BSM,0,12,9,8,6,1.5,-1
36,BSM,0,12,9,8,6,1.5,-1
63,BSM,0,12,9,8,6,1.5,-1
70,BSM,0,12,9,8,6,1.5,-1
7,BSM,0,12,9,8,6,1.5,-1
71,BSM,0,12,9,8,6,1.5,-1
55,BSM,0,12,9,8,6,1.5,-1
17,BSM,0,12,9,8,6,1.5,-1
64,BSM,0,12,9,8,6,1.5,-1
46,BSM,0,12,9,8,6,1.5,-1
72,BSM,0,12,9,8,6,1.5,-1
27,BSM,0,12,9,8,6,1.5,-1
37,BSM,0,12,9,8,6,1.5,-1
73,BSM,0,12,9,8,6,1.5,-1
56,BSM,0,12,9,8,6,1.5,-1
65,BSM,0,12,9,8,6,1.5,-1
80,BSM,0,12,9,8,6,1.5,-1
18,BSM,0,12,9,8,6,1.5,-1
8,BSM,0,12,9,8,6,1.5,-1
74,BSM,0,12,9,8,6,1.5,-1
81,BSM,0,12,9,8,6,1.5,-1
47,BSM,0,12,9,8,6,1.5,-1
82,BSM,0,12,9,8,6,1.5,-1
28,BSM,0,12,9,8,6,1.5,-1
66,BSM,0,12,9,8,6,1.5,-1
83,BSM,0,12,9,8,6,1.5,-1
38,BSM,0,12,9,8,6,1.5,-1
57,BSM,0,12,9,8,6,1.5,-1
75,BSM,0,12,9,8,6,1.5,-1
48,BSM,0,12,9,8,6,1.5,-1
84,BSM,0,12,9,8,6,1.5,-1
9,BSM,0,12,9,8,6,1.5,-1
90,BSM,0,12,9,8,6,1.5,-1
19,BSM,0,12,9,8,6,1.5,-1
91,BSM,0,12,9,8,6,1.5,-1
92,BSM,0,12,9,8,6,1.5,-1
76,BSM,0,12,9,8,6,1.5,-1
67,BSM,0,12,9,8,6,1.5,-1
29,BSM,0,12,9,8,6,1.5,-1
58,BSM,0,12,9,8,6,1.5,-1
39,BSM,0,12,9,8,6,1.5,-1
85,BSM,0,12,9,8,6,1.5,-1
93,BSM,0,12,9,8,6,1.5,-1
94,BSM,0,12,9,8,6,1.5,-1
49,BSM,0,12,9,8,6,1.5,-1
77,BSM,0,12,9,8,6,1.5,-1
100,BSM,0,12,9,8,6,1.5,-1
86,BSM,0,12,9,8,6,1.5,-1
68,BSM,0,12,9,8,6,1.5,-1
101,BSM,0,12,9,8,6,1.5,-1
102,BSM,0,12,9,8,6,1.5,-1
95,BSM,0,12,9,8,6,1.5,-1
59,BSM,0,12,9,8,6,1.5,-1
103,BSM,0,12,9,8,6,1.5,-1
78,BSM,0,12,9,8,6,1.5,-1
87,BSM,0,12,9,8,6,1.5,-1
96,BSM,0,12,9,8,6,1.5,-1
104,BSM,0,12,9,8,6,1.5,-1
69,BSM,0,12,9,8,6,1.5,-1
110,BSM,0,12,9,8,6,1.5,-1
111,BSM,0,12,9,8,6,1.5,-1
112,BSM,0,12,9,8,6,1.5,-1
105,BSM,0,12,9,8,6,1.5,-1
88,BSM,0,12,9,8,6,1.5,-1
79,BSM,0,12,9,8,6,1.5,-1
97,BSM,0,12,9,8,6,1.5,-1
113,BSM,0,12,9,8,6,1.5,-1
106,BSM,0,12,9,8,6,1.5,-1
114,BSM,0,12,9,8,6,1.5,-1
120,BSM,0,12,9,8,6,1.5,-1
121,BSM,0,12,9,8,6,1.5,-1
98,BSM,0,12,9,8,6,1.5,-1
89,BSM,0,12,9,8,6,1.5,-1
115,BSM,0,12,9,8,6,1.5,-1
122,BSM,0,12,9,8,6,1.5,-1
107,BSM,0,12,9,8,6,1.5,-1
123,BSM,0,12,9,8,6,1.5,-1
116,BSM,0,12,9,8,6,1.5,-1
124,BSM,0,12,9,8,6,1.5,-1
99,BSM,0,12,9,8,6,1.5,-1
108,BSM,0,12,9,8,6,1.5,-1
130,BSM,0,12,9,8,6,1.5,-1
117,BSM,0,12,9,8,6,1.5,-1
125,BSM,0,12,9,8,6,1.5,-1
131,BSM,0,12,9,8,6,1.5,-1
126,BSM,0,12,9,8,6,1.5,-1
109,BSM,0,12,9,8,6,1.5,-1
118,BSM,0,12,9,8,6,1.5,-1
127,BSM,0,12,9,8,6,1.5,-1
119,BSM,0,12,9,8,6,1.5,-1
128,BSM,0,12,9,8,6,1.5,-1
129,BSM,0,12,9,8,6,1.5,-1
10,BSM,0,12,9,8,6,1.5,-1
1,BSM,0,12,9,8,6,1.5,-1
11,BSM,0,12,9,8,6,1.5,-1
20,BSM,0,12,9,8,6,1.5,-1
2,BSM,0,12,9,8,6,1.5,-1
12,BSM,0,12,9,8,6,1.5,-1
21,BSM,0,12,9,8,6,1.5,-1
22,BSM,0,12,9,8,6,1.5,-1
3,BSM,0,12,9,8,6,1.5,-1
30,BSM,0,12,9,8,6,1.5,-1
13,BSM,0,12,9,8,6,1.5,-1
31,BSM,0,12,9,8,6,1.5,-1
32,BSM,0,12,9,8,6,1.5,-1
23,BSM,0,12,9,8,6,1.5,-1
40,BSM,0,12,9,8,6,1.5,-1
4,BSM,0,12,9,8,6,1.5,-1
41,BSM,0,12,9,8,6,1.5,-1
14,BSM,0,12,9,8,6,1.5,-1
33,BSM,0,12,9,8,6,1.5,-1
24,BSM,0,12,9,8,6,1.5,-1
42,BSM,0,12,9,8,6,1.5,-1
50,BSM,0,12,9,8,6,1.5,-1
34,BSM,0,12,9,8,6,1.5,-1
43,BSM,0,12,9,8,6,1.5,-1
5,BSM,0,12,9,8,6,1.5,-1
15,BSM,0,12,9,8,6,1.5,-1
51,BSM,0,12,9,8,6,1.5,-1
52,BSM,0,12,9,8,6,1.5,-1
25,BSM,0,12,9,8,6,1.5,-1
44,BSM,0,12,9,8,6,1.5,-1
53,BSM,0,12,9,8,6,1.5,-1
35,BSM,0,12,9,8,6,1.5,-1
6,BSM,0,12,9,8,6,1.5,-1
60,BSM,0,12,9,8,6,1.5,-1
16,BSM,0,12,9,8,6,1.5,-1
61,BSM,0,12,9,8,6,1.5,-1
62,BSM,0,12,9,8,6,1.5,-1
54,BSM,0,12,9,8,6,1.5,-1
26,BSM,0,12,9,8,6,1.5,-1
45,BSM,0,12,9,8,6,1.5,-1
36,BSM,0,12,9,8,6,1.5,-1
63,BSM,0,12,9,8,6,1.5,-1
70,BSM,0,12,9,8,6,1.5,-1
7,BSM,0,12,9,8,6,1.5,-1
71,BSM,0,12,9,8,6,1.5,-1
55,BSM,0,12,9,8,6,1.5,-1
17,BSM,0,12,9,8,6,1.5,-1
64,BSM,0,12,9,8,6,1.5,-1
46,BSM,0,12,9,8,6,1.5,-1
72,BSM,0,12,9,8,6,1.5,-1
27,BSM,0,12,9,8,6,1.5,-1
37,BSM,0,12,9,8,6,1.5,-1
73,BSM,0,12,9,8,6,1.5,-1
56,BSM,0,12,9,8,6,1.5,-1
65,BSM,0,12,9,8,6,1.5,-1
80,BSM,0,12,9,8,6,1.5,-1
18,BSM,0,12,9,8,6,1.5,-1
8,BSM,0,12,9,8,6,1.5,-1
74,BSM,0,12,9,8,6,1.5,-1
81,BSM,0,12,9,8,6,1.5,-1
47,BSM,0,12,9,8,6,1.5,-1
82,BSM,0,12,9,8,6,1.5,-1
28,BSM,0,12,9,8,6,1.5,-1
66,BSM,0,12,9,8,6,1.5,-1
83,BSM,0,12,9,8,6,1.5,-1
38,BSM,0,12,9,8,6,1.5,-1
57,BSM,0,12,9,8,6,1.5,-1
75,BSM,0,12,9,8,6,1.5,-1
48,BSM,0,12,9,8,6,1.5,-1
84,BSM,0,12,9,8,6,1.5,-1
9,BSM,0,12,9,8,6,1.5,-1
90,BSM,0,12,9,8,6,1.5,-1
19,BSM,0,12,9,8,6,1.5,-1
91,BSM,0,12,9,8,6,1.5,-1
92,BSM,0,12,9,8,6,1.5,-1
76,BSM,0,12,9,8,6,1.5,-1
67,BSM,0,12,9,8,6,1.5,-1
29,BSM,0,12,9,8,6,1.5,-1
58,BSM,0,12,9,8,6,1.5,-1
39,BSM,0,12,9,8,6,1.5,-1
85,BSM,0,12,9,8,6,1.5,-1
93,BSM,0,12,9,8,6,1.5,-1
94,BSM,0,12,9,8,6,1.5,-1
49,BSM,0,12,9,8,6,1.5,-1
77,BSM,0,12,9,8,6,1.5,-1
100,BSM,0,12,9,8,6,1.5,-1
86,BSM,0,12,9,8,6,1.5,-1
68,BSM,0,12,9,8,6,1.5,-1
101,BSM,0,12,9,8,6,1.5,-1
102,BSM,0,12,9,8,6,1.5,-1
95,BSM,0,12,9,8,6,1.5,-1
59,BSM,0,12,9,8,6,1.5,-1
103,BSM,0,12,9,8,6,1.5,-1
78,BSM,0,12,9,8,6,1.5,-1
87,BSM,0,12,9,8,6,1.5,-1
96,BSM,0,12,9,8,6,1.5,-1
104,BSM,0,12,9,8,6,1.5,-1
69,BSM,0,12,9,8,6,1.5,-1
110,BSM,0,12,9,8,6,1.5,-1
111,BSM,0,12,9,8,6,1.5,-1
112,BSM,0,12,9,8,6,1.5,-1
105,BSM,0,12,9,8,6,1.5,-1
88,BSM,0,12,9,8,6,1.5,-1
79,BSM,0,12,9,8,6,1.5,-1
97,BSM,0,12,9,8,6,1.5,-1
113,BSM,0,12,9,8,6,1.5,-1
106,BSM,0,12,9,8,6,1.5,-1
114,BSM,0,12,9,8,6,1.5,-1
120,BSM,0,12,9,8,6,1.5,-1
121,BSM,0,12,9,8,6,1.5,-1
98,BSM,0,12,9,8,6,1.5,-1
89,BSM,0,12,9,8,6,1.5,-1
115,BSM,0,12,9,8,6,1.5,-1
122,BSM,0,12,9,8,6,1.5,-1
107,BSM,0,12,9,8,6,1.5,-1
123,BSM,0,12,9,8,6,1.5,-1
116,BSM,0,12,9,8,6,1.5,-1
124,BSM,0,12,9,8,6,1.5,-1
99,BSM,0,12,9,8,6,1.5,-1
108,BSM,0,12,9,8,6,1.5,-1
130,BSM,0,12,9,8,6,1.5,-1
117,BSM,0,12,9,8,6,1.5,-1
125,BSM,0,12,9,8,6,1.5,-1
131,BSM,0,12,9,8,6,1.5,-1
126,BSM,0,12,9,8,6,1.5,-1
109,BSM,0,12,9,8,6,1.5,-1
118,BSM,0,12,9,8,6,1.5,-1
127,BSM,0,12,9,8,6,1.5,-1
119,BSM,0,12,9,8,6,1.5,-1
128,BSM,0,12,9,8,6,1.5,-1
129,BSM,0,12,9,8,6,1.5,-1
10,BSM,0,12,9,8,6,1.5,-1
1,BSM,0,12,9,8,6,1.5,-1
11,BSM,0,12,9,8,6,1.5,-1
20,BSM,0,12,9,8,6,1.5,-1
2,BSM,0,12,9,8,6,1.5,-1
12,BSM,0,12,9,8,6,1.5,-1
21,BSM,0,12,9,8,6,1.5,-1
22,BSM,0,12,9,8,6,1.5,-1
3,BSM,0,12,9,8,6,1.5,-1
30,BSM,0,12,9,8,6,1.5,-1
13,BSM,0,12,9,8,6,1.5,-1
31,BSM,0,12,9,8,6,1.5,-1
32,BSM,0,12,9,8,6,1.5,-1
23,BSM,0,12,9,8,6,1.5,-1
40,BSM,0,12,9,8,6,1.5,-1
4,BSM,0,12,9,8,6,1.5,-1
41,BSM,0,12,9,8,6,1.5,-1
14,BSM,0,12,9,8,6,1.5,-1
33,BSM,0,12,9,8,6,1.5,-1
24,BSM,0,12,9,8,6,1.5,-1
42,BSM,0,12,9,8,6,1.5,-1
50,BSM,0,12,9,8,6,1.5,-1
34,BSM,0,12,9,8,6,1.5,-1
43,BSM,0,12,9,8,6,1.5,-1
5,BSM,0,12,9,8,6,1.5,-1
15,BSM,0,12,9,8,6,1.5,-1
51,BSM,0,12,9,8,6,1.5,-1
52,BSM,0,12,9,8,6,1.5,-1
25,BSM,0,12,9,8,6,1.5,-1
44,BSM,0,12,9,8,6,1.5,-1
53,BSM,0,12,9,8,6,1.5,-1
35,BSM,0,12,9,8,6,1.5,-1
6,BSM,0,12,9,8,6,1.5,-1
60,BSM,0,12,9,8,6,1.5,-1
16,BSM,0,12,9,8,6,1.5,-1
61,BSM,0,12,9,8,6,1.5,-1
62,BSM,0,12,9,8,6,1.5,-1
54,BSM,0,12,9,8,6,1.5,-1
26,BSM,0,12,9,8,6,1.5,-1
45,BSM,0,12,9,8,6,1.5,-1
36,BSM,0,12,9,8,6,1.5,-1
63,BSM,0,12,9,8,6,1.5,-1
70,BSM,0,12,9,8,6,1.5,-1
7,BSM,0,12,9,8,6,1.5,-1
71,BSM,0,12,9,8,6,1.5,-1
55,BSM,0,12,9,8,6,1.5,-1
17,BSM,0,12,9,8,6,1.5,-1
64,BSM,0,12,9,8,6,1.5,-1
46,BSM,0,12,9,8,6,1.5,-1
72,BSM,0,12,9,8,6,1.5,-1
27,BSM,0,12,9,8,6,1.5,-1
37,BSM,0,12,9,8,6,1.5,-1
73,BSM,0,12,9,8,6,1.5,-1
56,BSM,0,12,9,8,6,1.5,-1
65,BSM,0,12,9,8,6,1.5,-1
80,BSM,0,12,9,8,6,1.5,-1
18,BSM,0,12,9,8,6,1.5,-1
8,BSM,0,12,9,8,6,1.5,-1
74,BSM,0,12,9,8,6,1.5,-1
81,BSM,0,12,9,8,6,1.5,-1
47,BSM,0,12,9,8,6,1.5,-1
82,BSM,0,12,9,8,6,1.5,-1
28,BSM,0,12,9,8,6,1.5,-1
66,BSM,0,12,9,8,6,1.5,-1
83,BSM,0,12,9,8,6,1.5,-1
38,BSM,0,12,9,8,6,1.5,-1
57,BSM,0,12,9,8,6,1.5,-1
75,BSM,0,12,9,8,6,1.5,-1
48,BSM,0,12,9,8,6,1.5,-1
84,BSM,0,12,9,8,6,1.5,-1
9,BSM,0,12,9,8,6,1.5,-1
90,BSM,0,12,9,8,6,1.5,-1
19,BSM,0,12,9,8,6,1.5,-1
91,BSM,0,12,9,8,6,1.5,-1
92,BSM,0,12,9,8,6,1.5,-1
76,BSM,0,12,9,8,6,1.5,-1
67,BSM,0,12,9,8,6,1.5,-1
29,BSM,0,12,9,8,6,1.5,-1
58,BSM,0,12,9,8,6,1.5,-1
39,BSM,0,12,9,8,6,1.5,-1
85,BSM,0,12,9,8,6,1.5,-1
93,BSM,0,12,9,8,6,1.5,-1
94,BSM,0,12,9,8,6,1.5,-1
49,BSM,0,12,9,8,6,1.5,-1
77,BSM,0,12,9,8,6,1.5,-1
100,BSM,0,12,9,8,6,1.5,-1
86,BSM,0,12,9,8,6,1.5,-1
68,BSM,0,12,9,8,6,1.5,-1
101,BSM,0,12,9,8,6,1.5,-1
102,BSM,0,12,9,8,6,1.5,-1
95,BSM,0,12,9,8,6,1.5,-1
59,BSM,0,12,9,8,6,1.5,-1
103,BSM,0,12,9,8,6,1.5,-1
78,BSM,0,12,9,8,6,1.5,-1
87,BSM,0,12,9,8,6,1.5,-1
96,BSM,0,12,9,8,6,1.5,-1
104,BSM,0,12,9,8,6,1.5,-1
69,BSM,0,12,9,8,6,1.5,-1
110,BSM,0,12,9,8,6,1.5,-1
111,BSM,0,12,9,8,6,1.5,-1
112,BSM,0,12,9,8,6,1.5,-1
105,BSM,0,12,9,8,6,1.5,-1
88,BSM,0,12,9,8,6,1.5,-1
79,BSM,0,12,9,8,6,1.5,-1
97,BSM,0,12,9,8,6,1.5,-1
113,BSM,0,12,9,8,6,1.5,-1
106,BSM,0,12,9,8,6,1.5,-1
114,BSM,0,12,9,8,6,1.5,-1
120,BSM,0,12,9,8,6,1.5,-1
121,BSM,0,12,9,8,6,1.5,-1
98,BSM,0,12,9,8,6,1.5,-1
89,BSM,0,12,9,8,6,1.5,-1
115,BSM,0,12,9,8,6,1.5,-1
122,BSM,0,12,9,8,6,1.5,-1
107,BSM,0,12,9,8,6,1.5,-1
123,BSM,0,12,9,8,6,1.5,-1
116,BSM,0,12,9,8,6,1.5,-1
124,BSM,0,12,9,8,6,1.5,-1
99,BSM,0,12,9,8,6,1.5,-1
108,BSM,0,12,9,8,6,1.5,-1
130,BSM,0,12,9,8,6,1.5,-1
117,BSM,0,12,9,8,6,1.5,-1
125,BSM,0,12,9,8,6,1.5,-1
131,BSM,0,12,9,8,6,1.5,-1
126,BSM,0,12,9,8,6,1.5,-1
109,BSM,0,12,9,8,6,1.5,-1
118,BSM,0,12,9,8,6,1.5,-1
127,BSM,0,12,9,8,6,1.5,-1
119,BSM,0,12,9,8,6,1.5,-1
128,BSM,0,12,9,8,6,1.5,-1
129,BSM,0,12,9,8,6,1.5,-1
10,BSM,0,12,9,8,6,1.5,-1
1,BSM,0,12,9,8,6,1.5,-1
11,BSM,0,12,9,8,6,1.5,-1
20,BSM,0,12,9,8,6,1.5,-1
2,BSM,0,12,9,8,6,1.5,-1
12,BSM,0,12,9,8,6,1.5,-1
21,BSM,0,12,9,8,6,1.5,-1
22,BSM,0,12,9,8,6,1.5,-1
3,BSM,0,12,9,8,6,1.5,-1
30,BSM,0,12,9,8,6,1.5,-1
13,BSM,0,12,9,8,6,1.5,-1
31,BSM,0,12,9,8,6,1.5,-1
32,BSM,0,12,9,8,6,1.5,-1
23,BSM,0,12,9,8,6,1.5,-1
40,BSM,0,12,9,8,6,1.5,-1
4,BSM,0,12,9,8,6,1.5,-1
41,BSM,0,12,9,8,6,1.5,-1
14,BSM,0,12,9,8,6,1.5,-1
33,BSM,0,12,9,8,6,1.5,-1
24,BSM,0,12,9,8,6,1.5,-1
42,BSM,0,12,9,8,6,1.5,-1
50,BSM,0,12,9,8,6,1.5,-1
34,BSM,0,12,9,8,6,1.5,-1
43,BSM,0,12,9,8,6,1.5,-1
5,BSM,0,12,9,8,6,1.5,-1
15,BSM,0,12,9,8,6,1.5,-1
51,BSM,0,12,9,8,6,1.5,-1
52,BSM,0,12,9,8,6,1.5,-1
25,BSM,0,12,9,8,6,1.5,-1
44,BSM,0,12,9,8,6,1.5,-1
53,BSM,0,12,9,8,6,1.5,-1
35,BSM,0,12,9,8,6,1.5,-1
6,BSM,0,12,9,8,6,1.5,-1
60,BSM,0,12,9,8,6,1.5,-1
16,BSM,0,12,9,8,6,1.5,-1
61,BSM,0,12,9,8,6,1.5,-1
62,BSM,0,12,9,8,6,1.5,-1
54,BSM,0,12,9,8,6,1.5,-1
26,BSM,0,12,9,8,6,1.5,-1
45,BSM,0,12,9,8,6,1.5,-1
36,BSM,0,12,9,8,6,1.5,-1
63,BSM,0,12,9,8,6,1.5,-1
70,BSM,0,12,9,8,6,1.5,-1
7,BSM,0,12,9,8,6,1.5,-1
71,BSM,0,12,9,8,6,1.5,-1
55,BSM,0,12,9,8,6,1.5,-1
17,BSM,0,12,9,8,6,1.5,-1
64,BSM,0,12,9,8,6,1.5,-1
46,BSM,0,12,9,8,6,1.5,-1
72,BSM,0,12,9,8,6,1.5,-1
27,BSM,0,12,9,8,6,1.5,-1
37,BSM,0,12,9,8,6,1.5,-1
73,BSM,0,12,9,8,6,1.5,-1
56,BSM,0,12,9,8,6,1.5,-1
65,BSM,0,12,9,8,6,1.5,-1
80,BSM,0,12,9,8,6,1.5,-1
18,BSM,0,12,9,8,6,1.5,-1
8,BSM,0,12,9,8,6,1.5,-1
74,BSM,0,12,9,8,6,1.5,-1
81,BSM,0,12,9,8,6,1.5,-1
47,BSM,0,12,9,8,6,1.5,-1
82,BSM,0,12,9,8,6,1.5,-1
28,BSM,0,12,9,8,6,1.5,-1
66,BSM,0,12,9,8,6,1.5,-1
83,BSM,0,12,9,8,6,1.5,-1
38,BSM,0,12,9,8,6,1.5,-1
57,BSM,0,12,9,8,6,1.5,-1
75,BSM,0,12,9,8,6,1.5,-1
48,BSM,0,12,9,8,6,1.5,-1
84,BSM,0,12,9,8,6,1.5,-1
9,BSM,0,12,9,8,6,1.5,-1
90,BSM,0,12,9,8,6,1.5,-1
19,BSM,0,12,9,8,6,1.5,-1
91,BSM,0,12,9,8,6,1.5,-1
92,BSM,0,12,9,8,6,1.5,-1
76,BSM,0,12,9,8,6,1.5,-1
67,BSM,0,12,9,8,6,1.5,-1
29,BSM,0,12,9,8,6,1.5,-1
58,BSM,0,12,9,8,6,1.5,-1
39,BSM,0,12,9,8,6,1.5,-1
85,BSM,0,12,9,8,6,1.5,-1
93,BSM,0,12,9,8,6,1.5,-1
94,BSM,0,12,9,8,6,1.5,-1
49,BSM,0,12,9,8,6,1.5,-1
77,BSM,0,12,9,8,6,1.5,-1
100,BSM,0,12,9,8,6,1.5,-1
86,BSM,0,12,9,8,6,1.5,-1
68,BSM,0,12,9,8,6,1.5,-1
101,BSM,0,12,9,8,6,1.5,-1
102,BSM,0,12,9,8,6,1.5,-1
95,BSM,0,12,9,8,6,1.5,-1
59,BSM,0,12,9,8,6,1.5,-1
103,BSM,0,12,9,8,6,1.5,-1
78,BSM,0,12,9,8,6,1.5,-1
87,BSM,0,12,9,8,6,1.5,-1
96,BSM,0,12,9,8,6,1.5,-1
104,BSM,0,12,9,8,6,1.5,-1
69,BSM,0,12,9,8,6,1.5,-1
110,BSM,0,12,9,8,6,1.5,-1
111,BSM,0,12,9,8,6,1.5,-1
112,BSM,0,12,9,8,6,1.5,-1
105,BSM,0,12,9,8,6,1.5,-1
88,BSM,0,12,9,8,6,1.5,-1
79,BSM,0,12,9,8,6,1.5,-1
97,BSM,0,12,9,8,6,1.5,-1
113,BSM,0,12,9,8,6,1.5,-1
106,BSM,0,12,9,8,6,1.5,-1
114,BSM,0,12,9,8,6,1.5,-1
120,BSM,0,12,9,8,6,1.5,-1
121,BSM,0,12,9,8,6,1.5,-1
98,BSM,0,12,9,8,6,1.5,-1
89,BSM,0,12,9,8,6,1.5,-1
115,BSM,0,12,9,8,6,1.5,-1
122,BSM,0,12,9,8,6,1.5,-1
107,BSM,0,12,9,8,6,1.5,-1
123,BSM,0,12,9,8,6,1.5,-1
116,BSM,0,12,9,8,6,1.5,-1
124,BSM,0,12,9,8,6,1.5,-1
99,BSM,0,12,9,8,6,1.5,-1
108,BSM,0,12,9,8,6,1.5,-1
130,BSM,0,12,9,8,6,1.5,-1
117,BSM,0,12,9,8,6,1.5,-1
125,BSM,0,12,9,8,6,1.5,-1
131,BSM,0,12,9,8,6,1.5,-1
126,BSM,0,12,9,8,6,1.5,-1
109,BSM,0,12,9,8,6,1.5,-1
118,BSM,0,12,9,8,6,1.5,-1
127,BSM,0,12,9,8,6,1.5,-1
119,BSM,0,12,9,8,6,1.5,-1
128,BSM,0,12,9,8,6,1.5,-1
129,BSM,0,12,9,8,6,1.5,-1
10,BSM,0,12,9,8,6,1.5,-1
1,BSM,0,12,9,8,6,1.5,-1
11,BSM,0,12,9,8,6,1.5,-1
20,BSM,0,12,9,8,6,1.5,-1
2,BSM,0,12,9,8,6,1.5,-1
12,BSM,0,12,9,8,6,1.5,-1
21,BSM,0,12,9,8,6,1.5,-1
22,BSM,0,12,9,8,6,1.5,-1
3,BSM,0,12,9,8,6,1.5,-1
30,BSM,0,12,9,8,6,1.5,-1
13,BSM,0,12,9,8,6,1.5,-1
31,BSM,0,12,9,8,6,1.5,-1
32,BSM,0,12,9,8,6,1.5,-1
23,BSM,0,12,9,8,6,1.5,-1
40,BSM,0,12,9,8,6,1.5,-1
4,BSM,0,12,9,8,6,1.5,-1
41,BSM,0,12,9,8,6,1.5,-1
14,BSM,0,12,9,8,6,1.5,-1
33,BSM,0,12,9,8,6,1.5,-1
24,BSM,0,12,9,8,6,1.5,-1
42,BSM,0,12,9,8,6,1.5,-1
50,BSM,0,12,9,8,6,1.5,-1
34,BSM,0,12,9,8,6,1.5,-1
43,BSM,0,12,9,8,6,1.5,-1
5,BSM,0,12,9,8,6,1.5,-1
15,BSM,0,12,9,8,6,1.5,-1
51,BSM,0,12,9,8,6,1.5,-1
52,BSM,0,12,9,8,6,1.5,-1
25,BSM,0,12,9,8,6,1.5,-1
44,BSM,0,12,9,8,6,1.5,-1
53,BSM,0,12,9,8,6,1.5,-1
35,BSM,0,12,9,8,6,1.5,-1
6,BSM,0,12,9,8,6,1.5,-1
60,BSM,0,12,9,8,6,1.5,-1
16,BSM,0,12,9,8,6,1.5,-1
61,BSM,0,12,9,8,6,1.5,-1
62,BSM,0,12,9,8,6,1.5,-1
54,BSM,0,12,9,8,6,1.5,-1
26,BSM,0,12,9,8,6,1.5,-1
45,BSM,0,12,9,8,6,1.5,-1
36,BSM,0,12,9,8,6,1.5,-1
63,BSM,0,12,9,8,6,1.5,-1
70,BSM,0,12,9,8,6,1.5,-1
7,BSM,0,12,9,8,6,1.5,-1
71,BSM,0,12,9,8,6,1.5,-1
55,BSM,0,12,9,8,6,1.5,-1
17,BSM,0,12,9,8,6,1.5,-1
64,BSM,0,12,9,8,6,1.5,-1
46,BSM,0,12,9,8,6,1.5,-1
72,BSM,0,12,9,8,6,1.5,-1
27,BSM,0,12,9,8,6,1.5,-1
37,BSM,0,12,9,8,6,1.5,-1
73,BSM,0,12,9,8,6,1.5,-1
56,BSM,0,12,9,8,6,1.5,-1
65,BSM,0,12,9,8,6,1.5,-1
80,BSM,0,12,9,8,6,1.5,-1
18,BSM,0,12,9,8,6,1.5,-1
8,BSM,0,12,9,8,6,1.5,-1
74,BSM,0,12,9,8,6,1.5,-1
81,BSM,0,12,9,8,6,1.5,-1
47,BSM,0,12,9,8,6,1.5,-1
82,BSM,0,12,9,8,6,1.5,-1
28,BSM,0,12,9,8,6,1.5,-1
66,BSM,0,12,9,8,6,1.5,-1
83,BSM,0,12,9,8,6,1.5,-1
38,BSM,0,12,9,8,6,1.5,-1
57,BSM,0,12,9,8,6,1.5,-1
75,BSM,0,12,9,8,6,1.5,-1
48,BSM,0,12,9,8,6,1.5,-1
84,BSM,0,12,9,8,6,1.5,-1
9,BSM,0,12,9,8,6,1.5,-1
90,BSM,0,12,9,8,6,1.5,-1
19,BSM,0,12,9,8,6,1.5,-1
91,BSM,0,12,9,8,6,1.5,-1
92,BSM,0,12,9,8,6,1.5,-1
76,BSM,0,12,9,8,6,1.5,-1
67,BSM,0,12,9,8,6,1.5,-1
29,BSM,0,12,9,8,6,1.5,-1
58,BSM,0,12,9,8,6,1.5,-1
39,BSM,0,12,9,8,6,1.5,-1
85,BSM,0,12,9,8,6,1.5,-1
93,BSM,0,12,9,8,6,1.5,-1
94,BSM,0,12,9,8,6,1.5,-1
49,BSM,0,12,9,8,6,1.5,-1
77,BSM,0,12,9,8,6,1.5,-1
100,BSM,0,12,9,8,6,1.5,-1
86,BSM,0,12,9,8,6,1.5,-1
68,BSM,0,12,9,8,6,1.5,-1
101,BSM,0,12,9,8,6,1.5,-1
102,BSM,0,12,9,8,6,1.5,-1
95,BSM,0,12,9,8,6,1.5,-1
59,BSM,0,12,9,8,6,1.5,-1
103,BSM,0,12,9,8,6,1.5,-1
78,BSM,0,12,9,8,6,1.5,-1
87,BSM,0,12,9,8,6,1.5,-1
96,BSM,0,12,9,8,6,1.5,-1
104,BSM,0,12,9,8,6,1.5,-1
69,BSM,0,12,9,8,6,1.5,-1
110,BSM,0,12,9,8,6,1.5,-1
111,BSM,0,12,9,8,6,1.5,-1
112,BSM,0,12,9,8,6,1.5,-1
105,BSM,0,12,9,8,6,1.5,-1
88,BSM,0,12,9,8,6,1.5,-1
79,BSM,0,12,9,8,6,1.5,-1
97,BSM,0,12,9,8,6,1.5,-1
113,BSM,0,12,9,8,6,1.5,-1
106,BSM,0,12,9,8,6,1.5,-1
114,BSM,0,12,9,8,6,1.5,-1
120,BSM,0,12,9,8,6,1.5,-1
121,BSM,0,12,9,8,6,1.5,-1
98,BSM,0,12,9,8,6,1.5,-1
89,BSM,0,12,9,8,6,1.5,-1
115,BSM,0,12,9,8,6,1.5,-1
122,BSM,0,12,9,8,6,1.5,-1
107,BSM,0,12,9,8,6,1.5,-1
123,BSM,0,12,9,8,6,1.5,-1
116,BSM,0,12,9,8,6,1.5,-1
124,BSM,0,12,9,8,6,1.5,-1
99,BSM,0,12,9,8,6,1.5,-1
108,BSM,0,12,9,8,6,1.5,-1
130,BSM,0,12,9,8,6,1.5,-1
117,BSM,0,12,9,8,6,1.5,-1
125,BSM,0,12,9,8,6,1.5,-1
131,BSM,0,12,9,8,6,1.5,-1
126,BSM,0,12,9,8,6,1.5,-1
109,BSM,0,12,9,8,6,1.5,-1
118,BSM,0,12,9,8,6,1.5,-1
127,BSM,0,12,9,8,6,1.5,-1
119,BSM,0,12,9,8,6,1.5,-1
128,BSM,0,12,9,8,6,1.5,-1
129,BSM,0,12,9,8,6,1.5,-1
10,BSM,0,12.8,9.6,8,6,1.6,-1
1,BSM,0,12.8,9.6,8,6,1.6,-1
11,BSM,0,12.8,9.6,8,6,1.6,-1
20,BSM,0,12.8,9.6,8,6,1.6,-1
2,BSM,0,12.8,9.6,8,6,1.6,-1
12,BSM,0,12.8,9.6,8,6,1.6,-1
21,BSM,0,12.8,9.6,8,6,1.6,-1
22,BSM,0,12.8,9.6,8,6,1.6,-1
3,BSM,0,12.8,9.6,8,6,1.6,-1
30,BSM,0,12.8,9.6,8,6,1.6,-1
13,BSM,0,12.8,9.6,8,6,1.6,-1
31,BSM,0,12.8,9.6,8,6,1.6,-1
32,BSM,0,12.8,9.6,8,6,1.6,-1
23,BSM,0,12.8,9.6,8,6,1.6,-1
40,BSM,0,12.8,9.6,8,6,1.6,-1
4,BSM,0,12.8,9.6,8,6,1.6,-1
41,BSM,0,12.8,9.6,8,6,1.6,-1
14,BSM,0,12.8,9.6,8,6,1.6,-1
33,BSM,0,12.8,9.6,8,6,1.6,-1
24,BSM,0,12.8,9.6,8,6,1.6,-1
42,BSM,0,12.8,9.6,8,6,1.6,-1
50,BSM,0,12.8,9.6,8,6,1.6,-1
34,BSM,0,12.8,9.6,8,6,1.6,-1
43,BSM,0,12.8,9.6,8,6,1.6,-1
5,BSM,0,12.8,9.6,8,6,1.6,-1
15,BSM,0,12.8,9.6,8,6,1.6,-1
51,BSM,0,12.8,9.6,8,6,1.6,-1
52,BSM,0,12.8,9.6,8,6,1.6,-1
25,BSM,0,12.8,9.6,8,6,1.6,-1
44,BSM,0,12.8,9.6,8,6,1.6,-1
53,BSM,0,12.8,9.6,8,6,1.6,-1
35,BSM,0,12.8,9.6,8,6,1.6,-1
6,BSM,0,12.8,9.6,8,6,1.6,-1
60,BSM,0,12.8,9.6,8,6,1.6,-1
16,BSM,0,12.8,9.6,8,6,1.6,-1
61,BSM,0,12.8,9.6,8,6,1.6,-1
62,BSM,0,12.8,9.6,8,6,1.6,-1
54,BSM,0,12.8,9.6,8,6,1.6,-1
26,BSM,0,12.8,9.6,8,6,1.6,-1
45,BSM,0,12.8,9.6,8,6,1.6,-1
36,BSM,0,12.8,9.6,8,6,1.6,-1
63,BSM,0,12.8,9.6,8,6,1.6,-1
70,BSM,0,12.8,9.6,8,6,1.6,-1
7,BSM,0,12.8,9.6,8,6,1.6,-1
71,BSM,0,12.8,9.6,8,6,1.6,-1
55,BSM,0,12.8,9.6,8,6,1.6,-1
17,BSM,0,12.8,9.6,8,6,1.6,-1
64,BSM,0,12.8,9.6,8,6,1.6,-1
46,BSM,0,12.8,9.6,8,6,1.6,-1
72,BSM,0,12.8,9.6,8,6,1.6,-1
27,BSM,0,12.8,9.6,8,6,1.6,-1
37,BSM,0,12.8,9.6,8,6,1.6,-1
73,BSM,0,12.8,9.6,8,6,1.6,-1
56,BSM,0,12.8,9.6,8,6,1.6,-1
65,BSM,0,12.8,9.6,8,6,1.6,-1
80,BSM,0,12.8,9.6,8,6,1.6,-1
18,BSM,0,12.8,9.6,8,6,1.6,-1
8,BSM,0,12.8,9.6,8,6,1.6,-1
74,BSM,0,12.8,9.6,8,6,1.6,-1
81,BSM,0,12.8,9.6,8,6,1.6,-1
47,BSM,0,12.8,9.6,8,6,1.6,-1
82,BSM,0,12.8,9.6,8,6,1.6,-1
28,BSM,0,12.8,9.6,8,6,1.6,-1
66,BSM,0,12.8,9.6,8,6,1.6,-1
57,BSM,0,12.8,9.6,8,6,1.6,-1
83,BSM,0,12.8,9.6,8,6,1.6,-1
38,BSM,0,12.8,9.6,8,6,1.6,-1
75,BSM,0,12.8,9.6,8,6,1.6,-1
48,BSM,0,12.8,9.6,8,6,1.6,-1
84,BSM,0,12.8,9.6,8,6,1.6,-1
9,BSM,0,12.8,9.6,8,6,1.6,-1
90,BSM,0,12.8,9.6,8,6,1.6,-1
19,BSM,0,12.8,9.6,8,6,1.6,-1
91,BSM,0,12.8,9.6,8,6,1.6,-1
92,BSM,0,12.8,9.6,8,6,1.6,-1
76,BSM,0,12.8,9.6,8,6,1.6,-1
67,BSM,0,12.8,9.6,8,6,1.6,-1
29,BSM,0,12.8,9.6,8,6,1.6,-1
58,BSM,0,12.8,9.6,8,6,1.6,-1
39,BSM,0,12.8,9.6,8,6,1.6,-1
85,BSM,0,12.8,9.6,8,6,1.6,-1
93,BSM,0,12.8,9.6,8,6,1.6,-1
94,BSM,0,12.8,9.6,8,6,1.6,-1
49,BSM,0,12.8,9.6,8,6,1.6,-1
100,BSM,0,12.8,9.6,8,6,1.6,-1
77,BSM,0,12.8,9.6,8,6,1.6,-1
86,BSM,0,12.8,9.6,8,6,1.6,-1
68,BSM,0,12.8,9.6,8,6,1.6,-1
101,BSM,0,12.8,9.6,8,6,1.6,-1
102,BSM,0,12.8,9.6,8,6,1.6,-1
95,BSM,0,12.8,9.6,8,6,1.6,-1
59,BSM,0,12.8,9.6,8,6,1.6,-1
103,BSM,0,12.8,9.6,8,6,1.6,-1
78,BSM,0,12.8,9.6,8,6,1.6,-1
87,BSM,0,12.8,9.6,8,6,1.6,-1
96,BSM,0,12.8,9.6,8,6,1.6,-1
104,BSM,0,12.8,9.6,8,6,1.6,-1
69,BSM,0,12.8,9.6,8,6,1.6,-1
110,BSM,0,12.8,9.6,8,6,1.6,-1
111,BSM,0,12.8,9.6,8,6,1.6,-1
112,BSM,0,12.8,9.6,8,6,1.6,-1
105,BSM,0,12.8,9.6,8,6,1.6,-1
88,BSM,0,12.8,9.6,8,6,1.6,-1
79,BSM,0,12.8,9.6,8,6,1.6,-1
97,BSM,0,12.8,9.6,8,6,1.6,-1
113,BSM,0,12.8,9.6,8,6,1.6,-1
106,BSM,0,12.8,9.6,8,6,1.6,-1
114,BSM,0,12.8,9.6,8,6,1.6,-1
120,BSM,0,12.8,9.6,8,6,1.6,-1
121,BSM,0,12.8,9.6,8,6,1.6,-1
98,BSM,0,12.8,9.6,8,6,1.6,-1
115,BSM,0,12.8,9.6,8,6,1.6,-1
89,BSM,0,12.8,9.6,8,6,1.6,-1
122,BSM,0,12.8,9.6,8,6,1.6,-1
107,BSM,0,12.8,9.6,8,6,1.6,-1
123,BSM,0,12.8,9.6,8,6,1.6,-1
116,BSM,0,12.8,9.6,8,6,1.6,-1
124,BSM,0,12.8,9.6,8,6,1.6,-1
99,BSM,0,12.8,9.6,8,6,1.6,-1
108,BSM,0,12.8,9.6,8,6,1.6,-1
130,BSM,0,12.8,9.6,8,6,1.6,-1
117,BSM,0,12.8,9.6,8,6,1.6,-1
125,BSM,0,12.8,9.6,8,6,1.6,-1
131,BSM,0,12.8,9.6,8,6,1.6,-1
126,BSM,0,12.8,9.6,8,6,1.6,-1
109,BSM,0,12.8,9.6,8,6,1.6,-1
118,BSM,0,12.8,9.6,8,6,1.6,-1
127,BSM,0,12.8,9.6,8,6,1.6,-1
119,BSM,0,12.8,9.6,8,6,1.6,-1
128,BSM,0,12.8,9.6,8,6,1.6,-1
129,BSM,0,12.8,9.6,8,6,1.6,-1
10,BSM,0,12.8,9.6,8,6,1.6,-1
1,BSM,0,12.8,9.6,8,6,1.6,-1
11,BSM,0,12.8,9.6,8,6,1.6,-1
20,BSM,0,12.8,9.6,8,6,1.6,-1
2,BSM,0,12.8,9.6,8,6,1.6,-1
12,BSM,0,12.8,9.6,8,6,1.6,-1
21,BSM,0,12.8,9.6,8,6,1.6,-1
22,BSM,0,12.8,9.6,8,6,1.6,-1
3,BSM,0,12.8,9.6,8,6,1.6,-1
30,BSM,0,12.8,9.6,8,6,1.6,-1
13,BSM,0,12.8,9.6,8,6,1.6,-1
31,BSM,0,12.8,9.6,8,6,1.6,-1
32,BSM,0,12.8,9.6,8,6,1.6,-1
23,BSM,0,12.8,9.6,8,6,1.6,-1
40,BSM,0,12.8,9.6,8,6,1.6,-1
4,BSM,0,12.8,9.6,8,6,1.6,-1
41,BSM,0,12.8,9.6,8,6,1.6,-1
14,BSM,0,12.8,9.6,8,6,1.6,-1
33,BSM,0,12.8,9.6,8,6,1.6,-1
24,BSM,0,12.8,9.6,8,6,1.6,-1
42,BSM,0,12.8,9.6,8,6,1.6,-1
50,BSM,0,12.8,9.6,8,6,1.6,-1
34,BSM,0,12.8,9.6,8,6,1.6,-1
43,BSM,0,12.8,9.6,8,6,1.6,-1
5,BSM,0,12.8,9.6,8,6,1.6,-1
15,BSM,0,12.8,9.6,8,6,1.6,-1
51,BSM,0,12.8,9.6,8,6,1.6,-1
52,BSM,0,12.8,9.6,8,6,1.6,-1
25,BSM,0,12.8,9.6,8,6,1.6,-1
44,BSM,0,12.8,9.6,8,6,1.6,-1
53,BSM,0,12.8,9.6,8,6,1.6,-1
35,BSM,0,12.8,9.6,8,6,1.6,-1
6,BSM,0,12.8,9.6,8,6,1.6,-1
60,BSM,0,12.8,9.6,8,6,1.6,-1
16,BSM,0,12.8,9.6,8,6,1.6,-1
61,BSM,0,12.8,9.6,8,6,1.6,-1
62,BSM,0,12.8,9.6,8,6,1.6,-1
54,BSM,0,12.8,9.6,8,6,1.6,-1
26,BSM,0,12.8,9.6,8,6,1.6,-1
45,BSM,0,12.8,9.6,8,6,1.6,-1
36,BSM,0,12.8,9.6,8,6,1.6,-1
63,BSM,0,12.8,9.6,8,6,1.6,-1
70,BSM,0,12.8,9.6,8,6,1.6,-1
7,BSM,0,12.8,9.6,8,6,1.6,-1
71,BSM,0,12.8,9.6,8,6,1.6,-1
55,BSM,0,12.8,9.6,8,6,1.6,-1
17,BSM,0,12.8,9.6,8,6,1.6,-1
64,BSM,0,12.8,9.6,8,6,1.6,-1
46,BSM,0,12.8,9.6,8,6,1.6,-1
72,BSM,0,12.8,9.6,8,6,1.6,-1
27,BSM,0,12.8,9.6,8,6,1.6,-1
37,BSM,0,12.8,9.6,8,6,1.6,-1
73,BSM,0,12.8,9.6,8,6,1.6,-1
56,BSM,0,12.8,9.6,8,6,1.6,-1
65,BSM,0,12.8,9.6,8,6,1.6,-1
80,BSM,0,12.8,9.6,8,6,1.6,-1
18,BSM,0,12.8,9.6,8,6,1.6,-1
8,BSM,0,12.8,9.6,8,6,1.6,-1
74,BSM,0,12.8,9.6,8,6,1.6,-1
81,BSM,0,12.8,9.6,8,6,1.6,-1
47,BSM,0,12.8,9.6,8,6,1.6,-1
82,BSM,0,12.8,9.6,8,6,1.6,-1
28,BSM,0,12.8,9.6,8,6,1.6,-1
66,BSM,0,12.8,9.6,8,6,1.6,-1
57,BSM,0,12.8,9.6,8,6,1.6,-1
83,BSM,0,12.8,9.6,8,6,1.6,-1
38,BSM,0,12.8,9.6,8,6,1.6,-1
75,BSM,0,12.8,9.6,8,6,1.6,-1
48,BSM,0,12.8,9.6,8,6,1.6,-1
84,BSM,0,12.8,9.6,8,6,1.6,-1
9,BSM,0,12.8,9.6,8,6,1.6,-1
90,BSM,0,12.8,9.6,8,6,1.6,-1
19,BSM,0,12.8,9.6,8,6,1.6,-1
91,BSM,0,12.8,9.6,8,6,1.6,-1
92,BSM,0,12.8,9.6,8,6,1.6,-1
76,BSM,0,12.8,9.6,8,6,1.6,-1
67,BSM,0,12.8,9.6,8,6,1.6,-1
29,BSM,0,12.8,9.6,8,6,1.6,-1
58,BSM,0,12.8,9.6,8,6,1.6,-1
39,BSM,0,12.8,9.6,8,6,1.6,-1
85,BSM,0,12.8,9.6,8,6,1.6,-1
93,BSM,0,12.8,9.6,8,6,1.6,-1
94,BSM,0,12.8,9.6,8,6,1.6,-1
49,BSM,0,12.8,9.6,8,6,1.6,-1
100,BSM,0,12.8,9.6,8,6,1.6,-1
77,BSM,0,12.8,9.6,8,6,1.6,-1
86,BSM,0,12.8,9.6,8,6,1.6,-1
68,BSM,0,12.8,9.6,8,6,1.6,-1
101,BSM,0,12.8,9.6,8,6,1.6,-1
102,BSM,0,12.8,9.6,8,6,1.6,-1
95,BSM,0,12.8,9.6,8,6,1.6,-1
59,BSM,0,12.8,9.6,8,6,1.6,-1
103,BSM,0,12.8,9.6,8,6,1.6,-1
78,BSM,0,12.8,9.6,8,6,1.6,-1
87,BSM,0,12.8,9.6,8,6,1.6,-1
96,BSM,0,12.8,9.6,8,6,1.6,-1
104,BSM,0,12.8,9.6,8,6,1.6,-1
69,BSM,0,12.8,9.6,8,6,1.6,-1
110,BSM,0,12.8,9.6,8,6,1.6,-1
111,BSM,0,12.8,9.6,8,6,1.6,-1
112,BSM,0,12.8,9.6,8,6,1.6,-1
105,BSM,0,12.8,9.6,8,6,1.6,-1
88,BSM,0,12.8,9.6,8,6,1.6,-1
79,BSM,0,12.8,9.6,8,6,1.6,-1
97,BSM,0,12.8,9.6,8,6,1.6,-1
113,BSM,0,12.8,9.6,8,6,1.6,-1
106,BSM,0,12.8,9.6,8,6,1.6,-1
114,BSM,0,12.8,9.6,8,6,1.6,-1
120,BSM,0,12.8,9.6,8,6,1.6,-1
121,BSM,0,12.8,9.6,8,6,1.6,-1
98,BSM,0,12.8,9.6,8,6,1.6,-1
115,BSM,0,12.8,9.6,8,6,1.6,-1
89,BSM,0,12.8,9.6,8,6,1.6,-1
122,BSM,0,12.8,9.6,8,6,1.6,-1
107,BSM,0,12.8,9.6,8,6,1.6,-1
123,BSM,0,12.8,9.6,8,6,1.6,-1
116,BSM,0,12.8,9.6,8,6,1.6,-1
124,BSM,0,12.8,9.6,8,6,1.6,-1
99,BSM,0,12.8,9.6,8,6,1.6,-1
108,BSM,0,12.8,9.6,8,6,1.6,-1
130,BSM,0,12.8,9.6,8,6,1.6,-1
117,BSM,0,12.8,9.6,8,6,1.6,-1
125,BSM,0,12.8,9.6,8,6,1.6,-1
131,BSM,0,12.8,9.6,8,6,1.6,-1
126,BSM,0,12.8,9.6,8,6,1.6,-1
109,BSM,0,12.8,9.6,8,6,1.6,-1
118,BSM,0,12.8,9.6,8,6,1.6,-1
127,BSM,0,12.8,9.6,8,6,1.6,-1
119,BSM,0,12.8,9.6,8,6,1.6,-1
128,BSM,0,12.8,9.6,8,6,1.6,-1
129,BSM,0,12.8,9.6,8,6,1.6,-1
10,BSM,0,12.8,9.6,8,6,1.6,-1
1,BSM,0,12.8,9.6,8,6,1.6,-1
11,BSM,0,12.8,9.6,8,6,1.6,-1
20,BSM,0,12.8,9.6,8,6,1.6,-1
2,BSM,0,12.8,9.6,8,6,1.6,-1
12,BSM,0,12.8,9.6,8,6,1.6,-1
21,BSM,0,12.8,9.6,8,6,1.6,-1
22,BSM,0,12.8,9.6,8,6,1.6,-1
3,BSM,0,12.8,9.6,8,6,1.6,-1
30,BSM,0,12.8,9.6,8,6,1.6,-1
13,BSM,0,12.8,9.6,8,6,1.6,-1
31,BSM,0,12.8,9.6,8,6,1.6,-1
32,BSM,0,12.8,9.6,8,6,1.6,-1
23,BSM,0,12.8,9.6,8,6,1.6,-1
40,BSM,0,12.8,9.6,8,6,1.6,-1
4,BSM,0,12.8,9.6,8,6,1.6,-1
41,BSM,0,12.8,9.6,8,6,1.6,-1
14,BSM,0,12.8,9.6,8,6,1.6,-1
33,BSM,0,12.8,9.6,8,6,1.6,-1
24,BSM,0,12.8,9.6,8,6,1.6,-1
42,BSM,0,12.8,9.6,8,6,1.6,-1
50,BSM,0,12.8,9.6,8,6,1.6,-1
34,BSM,0,12.8,9.6,8,6,1.6,-1
43,BSM,0,12.8,9.6,8,6,1.6,-1
5,BSM,0,12.8,9.6,8,6,1.6,-1
15,BSM,0,12.8,9.6,8,6,1.6,-1
51,BSM,0,12.8,9.6,8,6,1.6,-1
52,BSM,0,12.8,9.6,8,6,1.6,-1
25,BSM,0,12.8,9.6,8,6,1.6,-1
44,BSM,0,12.8,9.6,8,6,1.6,-1
53,BSM,0,12.8,9.6,8,6,1.6,-1
35,BSM,0,12.8,9.6,8,6,1.6,-1
6,BSM,0,12.8,9.6,8,6,1.6,-1
60,BSM,0,12.8,9.6,8,6,1.6,-1
16,BSM,0,12.8,9.6,8,6,1.6,-1
61,BSM,0,12.8,9.6,8,6,1.6,-1
62,BSM,0,12.8,9.6,8,6,1.6,-1
54,BSM,0,12.8,9.6,8,6,1.6,-1
26,BSM,0,12.8,9.6,8,6,1.6,-1
45,BSM,0,12.8,9.6,8,6,1.6,-1
36,BSM,0,12.8,9.6,8,6,1.6,-1
63,BSM,0,12.8,9.6,8,6,1.6,-1
70,BSM,0,12.8,9.6,8,6,1.6,-1
7,BSM,0,12.8,9.6,8,6,1.6,-1
71,BSM,0,12.8,9.6,8,6,1.6,-1
55,BSM,0,12.8,9.6,8,6,1.6,-1
17,BSM,0,12.8,9.6,8,6,1.6,-1
64,BSM,0,12.8,9.6,8,6,1.6,-1
46,BSM,0,12.8,9.6,8,6,1.6,-1
72,BSM,0,12.8,9.6,8,6,1.6,-1
27,BSM,0,12.8,9.6,8,6,1.6,-1
37,BSM,0,12.8,9.6,8,6,1.6,-1
73,BSM,0,12.8,9.6,8,6,1.6,-1
56,BSM,0,12.8,9.6,8,6,1.6,-1
65,BSM,0,12.8,9.6,8,6,1.6,-1
80,BSM,0,12.8,9.6,8,6,1.6,-1
18,BSM,0,12.8,9.6,8,6,1.6,-1
8,BSM,0,12.8,9.6,8,6,1.6,-1
74,BSM,0,12.8,9.6,8,6,1.6,-1
81,BSM,0,12.8,9.6,8,6,1.6,-1
47,BSM,0,12.8,9.6,8,6,1.6,-1
82,BSM,0,12.8,9.6,8,6,1.6,-1
28,BSM,0,12.8,9.6,8,6,1.6,-1
66,BSM,0,12.8,9.6,8,6,1.6,-1
57,BSM,0,12.8,9.6,8,6,1.6,-1
83,BSM,0,12.8,9.6,8,6,1.6,-1
38,BSM,0,12.8,9.6,8,6,1.6,-1
75,BSM,0,12.8,9.6,8,6,1.6,-1
48,BSM,0,12.8,9.6,8,6,1.6,-1
84,BSM,0,12.8,9.6,8,6,1.6,-1
9,BSM,0,12.8,9.6,8,6,1.6,-1
90,BSM,0,12.8,9.6,8,6,1.6,-1
19,BSM,0,12.8,9.6,8,6,1.6,-1
91,BSM,0,12.8,9.6,8,6,1.6,-1
92,BSM,0,12.8,9.6,8,6,1.6,-1
76,BSM,0,12.8,9.6,8,6,1.6,-1
67,BSM,0,12.8,9.6,8,6,1.6,-1
29,BSM,0,12.8,9.6,8,6,1.6,-1
58,BSM,0,12.8,9.6,8,6,1.6,-1
39,BSM,0,12.8,9.6,8,6,1.6,-1
85,BSM,0,12.8,9.6,8,6,1.6,-1
93,BSM,0,12.8,9.6,8,6,1.6,-1
94,BSM,0,12.8,9.6,8,6,1.6,-1
49,BSM,0,12.8,9.6,8,6,1.6,-1
100,BSM,0,12.8,9.6,8,6,1.6,-1
77,BSM,0,12.8,9.6,8,6,1.6,-1
86,BSM,0,12.8,9.6,8,6,1.6,-1
68,BSM,0,12.8,9.6,8,6,1.6,-1
101,BSM,0,12.8,9.6,8,6,1.6,-1
102,BSM,0,12.8,9.6,8,6,1.6,-1
95,BSM,0,12.8,9.6,8,6,1.6,-1
59,BSM,0,12.8,9.6,8,6,1.6,-1
103,BSM,0,12.8,9.6,8,6,1.6,-1
78,BSM,0,12.8,9.6,8,6,1.6,-1
87,BSM,0,12.8,9.6,8,6,1.6,-1
96,BSM,0,12.8,9.6,8,6,1.6,-1
104,BSM,0,12.8,9.6,8,6,1.6,-1
69,BSM,0,12.8,9.6,8,6,1.6,-1
110,BSM,0,12.8,9.6,8,6,1.6,-1
111,BSM,0,12.8,9.6,8,6,1.6,-1
112,BSM,0,12.8,9.6,8,6,1.6,-1
105,BSM,0,12.8,9.6,8,6,1.6,-1
88,BSM,0,12.8,9.6,8,6,1.6,-1
79,BSM,0,12.8,9.6,8,6,1.6,-1
97,BSM,0,12.8,9.6,8,6,1.6,-1
113,BSM,0,12.8,9.6,8,6,1.6,-1
106,BSM,0,12.8,9.6,8,6,1.6,-1
114,BSM,0,12.8,9.6,8,6,1.6,-1
120,BSM,0,12.8,9.6,8,6,1.6,-1
121,BSM,0,12.8,9.6,8,6,1.6,-1
98,BSM,0,12.8,9.6,8,6,1.6,-1
115,BSM,0,12.8,9.6,8,6,1.6,-1
89,BSM,0,12.8,9.6,8,6,1.6,-1
122,BSM,0,12.8,9.6,8,6,1.6,-1
107,BSM,0,12.8,9.6,8,6,1.6,-1
123,BSM,0,12.8,9.6,8,6,1.6,-1
116,BSM,0,12.8,9.6,8,6,1.6,-1
124,BSM,0,12.8,9.6,8,6,1.6,-1
99,BSM,0,12.8,9.6,8,6,1.6,-1
108,BSM,0,12.8,9.6,8,6,1.6,-1
130,BSM,0,12.8,9.6,8,6,1.6,-1
117,BSM,0,12.8,9.6,8,6,1.6,-1
125,BSM,0,12.8,9.6,8,6,1.6,-1
131,BSM,0,12.8,9.6,8,6,1.6,-1
126,BSM,0,12.8,9.6,8,6,1.6,-1
109,BSM,0,12.8,9.6,8,6,1.6,-1
118,BSM,0,12.8,9.6,8,6,1.6,-1
127,BSM,0,12.8,9.6,8,6,1.6,-1
119,BSM,0,12.8,9.6,8,6,1.6,-1
128,BSM,0,12.8,9.6,8,6,1.6,-1
129,BSM,0,12.8,9.6,8,6,1.6,-1
10,BSM,0,12.8,9.6,8,6,1.6,-1
1,BSM,0,12.8,9.6,8,6,1.6,-1
11,BSM,0,12.8,9.6,8,6,1.6,-1
20,BSM,0,12.8,9.6,8,6,1.6,-1
2,BSM,0,12.8,9.6,8,6,1.6,-1
12,BSM,0,12.8,9.6,8,6,1.6,-1
21,BSM,0,12.8,9.6,8,6,1.6,-1
22,BSM,0,12.8,9.6,8,6,1.6,-1
3,BSM,0,12.8,9.6,8,6,1.6,-1
30,BSM,0,12.8,9.6,8,6,1.6,-1
13,BSM,0,12.8,9.6,8,6,1.6,-1
31,BSM,0,12.8,9.6,8,6,1.6,-1
32,BSM,0,12.8,9.6,8,6,1.6,-1
23,BSM,0,12.8,9.6,8,6,1.6,-1
40,BSM,0,12.8,9.6,8,6,1.6,-1
4,BSM,0,12.8,9.6,8,6,1.6,-1
41,BSM,0,12.8,9.6,8,6,1.6,-1
14,BSM,0,12.8,9.6,8,6,1.6,-1
33,BSM,0,12.8,9.6,8,6,1.6,-1
24,BSM,0,12.8,9.6,8,6,1.6,-1
42,BSM,0,12.8,9.6,8,6,1.6,-1
50,BSM,0,12.8,9.6,8,6,1.6,-1
34,BSM,0,12.8,9.6,8,6,1.6,-1
43,BSM,0,12.8,9.6,8,6,1.6,-1
5,BSM,0,12.8,9.6,8,6,1.6,-1
15,BSM,0,12.8,9.6,8,6,1.6,-1
51,BSM,0,12.8,9.6,8,6,1.6,-1
52,BSM,0,12.8,9.6,8,6,1.6,-1
25,BSM,0,12.8,9.6,8,6,1.6,-1
44,BSM,0,12.8,9.6,8,6,1.6,-1
53,BSM,0,12.8,9.6,8,6,1.6,-1
35,BSM,0,12.8,9.6,8,6,1.6,-1
6,BSM,0,12.8,9.6,8,6,1.6,-1
60,BSM,0,12.8,9.6,8,6,1.6,-1
16,BSM,0,12.8,9.6,8,6,1.6,-1
61,BSM,0,12.8,9.6,8,6,1.6,-1
62,BSM,0,12.8,9.6,8,6,1.6,-1
54,BSM,0,12.8,9.6,8,6,1.6,-1
26,BSM,0,12.8,9.6,8,6,1.6,-1
45,BSM,0,12.8,9.6,8,6,1.6,-1
36,BSM,0,12.8,9.6,8,6,1.6,-1
63,BSM,0,12.8,9.6,8,6,1.6,-1
70,BSM,0,12.8,9.6,8,6,1.6,-1
7,BSM,0,12.8,9.6,8,6,1.6,-1
71,BSM,0,12.8,9.6,8,6,1.6,-1
55,BSM,0,12.8,9.6,8,6,1.6,-1
17,BSM,0,12.8,9.6,8,6,1.6,-1
64,BSM,0,12.8,9.6,8,6,1.6,-1
46,BSM,0,12.8,9.6,8,6,1.6,-1
72,BSM,0,12.8,9.6,8,6,1.6,-1
27,BSM,0,12.8,9.6,8,6,1.6,-1
37,BSM,0,12.8,9.6,8,6,1.6,-1
73,BSM,0,12.8,9.6,8,6,1.6,-1
56,BSM,0,12.8,9.6,8,6,1.6,-1
65,BSM,0,12.8,9.6,8,6,1.6,-1
80,BSM,0,12.8,9.6,8,6,1.6,-1
18,BSM,0,12.8,9.6,8,6,1.6,-1
8,BSM,0,12.8,9.6,8,6,1.6,-1
74,BSM,0,12.8,9.6,8,6,1.6,-1
81,BSM,0,12.8,9.6,8,6,1.6,-1
47,BSM,0,12.8,9.6,8,6,1.6,-1
82,BSM,0,12.8,9.6,8,6,1.6,-1
28,BSM,0,12.8,9.6,8,6,1.6,-1
66,BSM,0,12.8,9.6,8,6,1.6,-1
57,BSM,0,12.8,9.6,8,6,1.6,-1
83,BSM,0,12.8,9.6,8,6,1.6,-1
38,BSM,0,12.8,9.6,8,6,1.6,-1
75,BSM,0,12.8,9.6,8,6,1.6,-1
48,BSM,0,12.8,9.6,8,6,1.6,-1
84,BSM,0,12.8,9.6,8,6,1.6,-1
9,BSM,0,12.8,9.6,8,6,1.6,-1
90,BSM,0,12.8,9.6,8,6,1.6,-1
19,BSM,0,12.8,9.6,8,6,1.6,-1
91,BSM,0,12.8,9.6,8,6,1.6,-1
92,BSM,0,12.8,9.6,8,6,1.6,-1
76,BSM,0,12.8,9.6,8,6,1.6,-1
67,BSM,0,12.8,9.6,8,6,1.6,-1
29,BSM,0,12.8,9.6,8,6,1.6,-1
58,BSM,0,12.8,9.6,8,6,1.6,-1
39,BSM,0,12.8,9.6,8,6,1.6,-1
85,BSM,0,12.8,9.6,8,6,1.6,-1
93,BSM,0,12.8,9.6,8,6,1.6,-1
94,BSM,0,12.8,9.6,8,6,1.6,-1
49,BSM,0,12.8,9.6,8,6,1.6,-1
100,BSM,0,12.8,9.6,8,6,1.6,-1
77,BSM,0,12.8,9.6,8,6,1.6,-1
86,BSM,0,12.8,9.6,8,6,1.6,-1
68,BSM,0,12.8,9.6,8,6,1.6,-1
101,BSM,0,12.8,9.6,8,6,1.6,-1
102,BSM,0,12.8,9.6,8,6,1.6,-1
95,BSM,0,12.8,9.6,8,6,1.6,-1
59,BSM,0,12.8,9.6,8,6,1.6,-1
103,BSM,0,12.8,9.6,8,6,1.6,-1
78,BSM,0,12.8,9.6,8,6,1.6,-1
87,BSM,0,12.8,9.6,8,6,1.6,-1
96,BSM,0,12.8,9.6,8,6,1.6,-1
104,BSM,0,12.8,9.6,8,6,1.6,-1
69,BSM,0,12.8,9.6,8,6,1.6,-1
110,BSM,0,12.8,9.6,8,6,1.6,-1
111,BSM,0,12.8,9.6,8,6,1.6,-1
112,BSM,0,12.8,9.6,8,6,1.6,-1
105,BSM,0,12.8,9.6,8,6,1.6,-1
88,BSM,0,12.8,9.6,8,6,1.6,-1
79,BSM,0,12.8,9.6,8,6,1.6,-1
97,BSM,0,12.8,9.6,8,6,1.6,-1
113,BSM,0,12.8,9.6,8,6,1.6,-1
106,BSM,0,12.8,9.6,8,6,1.6,-1
114,BSM,0,12.8,9.6,8,6,1.6,-1
120,BSM,0,12.8,9.6,8,6,1.6,-1
121,BSM,0,12.8,9.6,8,6,1.6,-1
98,BSM,0,12.8,9.6,8,6,1.6,-1
115,BSM,0,12.8,9.6,8,6,1.6,-1
89,BSM,0,12.8,9.6,8,6,1.6,-1
122,BSM,0,12.8,9.6,8,6,1.6,-1
107,BSM,0,12.8,9.6,8,6,1.6,-1
123,BSM,0,12.8,9.6,8,6,1.6,-1
116,BSM,0,12.8,9.6,8,6,1.6,-1
124,BSM,0,12.8,9.6,8,6,1.6,-1
99,BSM,0,12.8,9.6,8,6,1.6,-1
108,BSM,0,12.8,9.6,8,6,1.6,-1
130,BSM,0,12.8,9.6,8,6,1.6,-1
117,BSM,0,12.8,9.6,8,6,1.6,-1
125,BSM,0,12.8,9.6,8,6,1.6,-1
131,BSM,0,12.8,9.6,8,6,1.6,-1
126,BSM,0,12.8,9.6,8,6,1.6,-1
109,BSM,0,12.8,9.6,8,6,1.6,-1
118,BSM,0,12.8,9.6,8,6,1.6,-1
127,BSM,0,12.8,9.6,8,6,1.6,-1
119,BSM,0,12.8,9.6,8,6,1.6,-1
128,BSM,0,12.8,9.6,8,6,1.6,-1
129,BSM,0,12.8,9.6,8,6,1.6,-1
10,BSM,0,12.8,9.6,8,6,1.6,-1
1,BSM,0,12.8,9.6,8,6,1.6,-1
11,BSM,0,12.8,9.6,8,6,1.6,-1
20,BSM,0,12.8,9.6,8,6,1.6,-1
2,BSM,0,12.8,9.6,8,6,1.6,-1
12,BSM,0,12.8,9.6,8,6,1.6,-1
21,BSM,0,12.8,9.6,8,6,1.6,-1
22,BSM,0,12.8,9.6,8,6,1.6,-1
3,BSM,0,12.8,9.6,8,6,1.6,-1
30,BSM,0,12.8,9.6,8,6,1.6,-1
13,BSM,0,12.8,9.6,8,6,1.6,-1
31,BSM,0,12.8,9.6,8,6,1.6,-1
32,BSM,0,12.8,9.6,8,6,1.6,-1
23,BSM,0,12.8,9.6,8,6,1.6,-1
40,BSM,0,12.8,9.6,8,6,1.6,-1
4,BSM,0,12.8,9.6,8,6,1.6,-1
41,BSM,0,12.8,9.6,8,6,1.6,-1
14,BSM,0,12.8,9.6,8,6,1.6,-1
33,BSM,0,12.8,9.6,8,6,1.6,-1
24,BSM,0,12.8,9.6,8,6,1.6,-1
42,BSM,0,12.8,9.6,8,6,1.6,-1
50,BSM,0,12.8,9.6,8,6,1.6,-1
34,BSM,0,12.8,9.6,8,6,1.6,-1
43,BSM,0,12.8,9.6,8,6,1.6,-1
5,BSM,0,12.8,9.6,8,6,1.6,-1
15,BSM,0,12.8,9.6,8,6,1.6,-1
51,BSM,0,12.8,9.6,8,6,1.6,-1
52,BSM,0,12.8,9.6,8,6,1.6,-1
25,BSM,0,12.8,9.6,8,6,1.6,-1
44,BSM,0,12.8,9.6,8,6,1.6,-1
53,BSM,0,12.8,9.6,8,6,1.6,-1
35,BSM,0,12.8,9.6,8,6,1.6,-1
6,BSM,0,12.8,9.6,8,6,1.6,-1
60,BSM,0,12.8,9.6,8,6,1.6,-1
16,BSM,0,12.8,9.6,8,6,1.6,-1
61,BSM,0,12.8,9.6,8,6,1.6,-1
62,BSM,0,12.8,9.6,8,6,1.6,-1
54,BSM,0,12.8,9.6,8,6,1.6,-1
26,BSM,0,12.8,9.6,8,6,1.6,-1
45,BSM,0,12.8,9.6,8,6,1.6,-1
36,BSM,0,12.8,9.6,8,6,1.6,-1
63,BSM,0,12.8,9.6,8,6,1.6,-1
70,BSM,0,12.8,9.6,8,6,1.6,-1
7,BSM,0,12.8,9.6,8,6,1.6,-1
71,BSM,0,12.8,9.6,8,6,1.6,-1
55,BSM,0,12.8,9.6,8,6,1.6,-1
17,BSM,0,12.8,9.6,8,6,1.6,-1
64,BSM,0,12.8,9.6,8,6,1.6,-1
46,BSM,0,12.8,9.6,8,6,1.6,-1
72,BSM,0,12.8,9.6,8,6,1.6,-1
27,BSM,0,12.8,9.6,8,6,1.6,-1
37,BSM,0,12.8,9.6,8,6,1.6,-1
73,BSM,0,12.8,9.6,8,6,1.6,-1
56,BSM,0,12.8,9.6,8,6,1.6,-1
65,BSM,0,12.8,9.6,8,6,1.6,-1
80,BSM,0,12.8,9.6,8,6,1.6,-1
18,BSM,0,12.8,9.6,8,6,1.6,-1
8,BSM,0,12.8,9.6,8,6,1.6,-1
74,BSM,0,12.8,9.6,8,6,1.6,-1
81,BSM,0,12.8,9.6,8,6,1.6,-1
47,BSM,0,12.8,9.6,8,6,1.6,-1
82,BSM,0,12.8,9.6,8,6,1.6,-1
28,BSM,0,12.8,9.6,8,6,1.6,-1
66,BSM,0,12.8,9.6,8,6,1.6,-1
57,BSM,0,12.8,9.6,8,6,1.6,-1
83,BSM,0,12.8,9.6,8,6,1.6,-1
38,BSM,0,12.8,9.6,8,6,1.6,-1
75,BSM,0,12.8,9.6,8,6,1.6,-1
48,BSM,0,12.8,9.6,8,6,1.6,-1
84,BSM,0,12.8,9.6,8,6,1.6,-1
9,BSM,0,12.8,9.6,8,6,1.6,-1
90,BSM,0,12.8,9.6,8,6,1.6,-1
19,BSM,0,12.8,9.6,8,6,1.6,-1
91,BSM,0,12.8,9.6,8,6,1.6,-1
92,BSM,0,12.8,9.6,8,6,1.6,-1
76,BSM,0,12.8,9.6,8,6,1.6,-1
67,BSM,0,12.8,9.6,8,6,1.6,-1
29,BSM,0,12.8,9.6,8,6,1.6,-1
58,BSM,0,12.8,9.6,8,6,1.6,-1
39,BSM,0,12.8,9.6,8,6,1.6,-1
85,BSM,0,12.8,9.6,8,6,1.6,-1
93,BSM,0,12.8,9.6,8,6,1.6,-1
94,BSM,0,12.8,9.6,8,6,1.6,-1
49,BSM,0,12.8,9.6,8,6,1.6,-1
100,BSM,0,12.8,9.6,8,6,1.6,-1
77,BSM,0,12.8,9.6,8,6,1.6,-1
86,BSM,0,12.8,9.6,8,6,1.6,-1
68,BSM,0,12.8,9.6,8,6,1.6,-1
101,BSM,0,12.8,9.6,8,6,1.6,-1
102,BSM,0,12.8,9.6,8,6,1.6,-1
95,BSM,0,12.8,9.6,8,6,1.6,-1
59,BSM,0,12.8,9.6,8,6,1.6,-1
103,BSM,0,12.8,9.6,8,6,1.6,-1
78,BSM,0,12.8,9.6,8,6,1.6,-1
87,BSM,0,12.8,9.6,8,6,1.6,-1
96,BSM,0,12.8,9.6,8,6,1.6,-1
104,BSM,0,12.8,9.6,8,6,1.6,-1
69,BSM,0,12.8,9.6,8,6,1.6,-1
110,BSM,0,12.8,9.6,8,6,1.6,-1
111,BSM,0,12.8,9.6,8,6,1.6,-1
112,BSM,0,12.8,9.6,8,6,1.6,-1
105,BSM,0,12.8,9.6,8,6,1.6,-1
88,BSM,0,12.8,9.6,8,6,1.6,-1
79,BSM,0,12.8,9.6,8,6,1.6,-1
97,BSM,0,12.8,9.6,8,6,1.6,-1
113,BSM,0,12.8,9.6,8,6,1.6,-1
106,BSM,0,12.8,9.6,8,6,1.6,-1
114,BSM,0,12.8,9.6,8,6,1.6,-1
120,BSM,0,12.8,9.6,8,6,1.6,-1
121,BSM,0,12.8,9.6,8,6,1.6,-1
98,BSM,0,12.8,9.6,8,6,1.6,-1
115,BSM,0,12.8,9.6,8,6,1.6,-1
89,BSM,0,12.8,9.6,8,6,1.6,-1
122,BSM,0,12.8,9.6,8,6,1.6,-1
107,BSM,0,12.8,9.6,8,6,1.6,-1
123,BSM,0,12.8,9.6,8,6,1.6,-1
116,BSM,0,12.8,9.6,8,6,1.6,-1
124,BSM,0,12.8,9.6,8,6,1.6,-1
99,BSM,0,12.8,9.6,8,6,1.6,-1
108,BSM,0,12.8,9.6,8,6,1.6,-1
130,BSM,0,12.8,9.6,8,6,1.6,-1
117,BSM,0,12.8,9.6,8,6,1.6,-1
125,BSM,0,12.8,9.6,8,6,1.6,-1
131,BSM,0,12.8,9.6,8,6,1.6,-1
126,BSM,0,12.8,9.6,8,6,1.6,-1
109,BSM,0,12.8,9.6,8,6,1.6,-1
118,BSM,0,12.8,9.6,8,6,1.6,-1
127,BSM,0,12.8,9.6,8,6,1.6,-1
119,BSM,0,12.8,9.6,8,6,1.6,-1
128,BSM,0,12.8,9.6,8,6,1.6,-1
129,BSM,0,12.8,9.6,8,6,1.6,-1
10,BSM,0,12.8,9.6,8,6,1.6,-1
1,BSM,0,12.8,9.6,8,6,1.6,-1
11,BSM,0,12.8,9.6,8,6,1.6,-1
20,BSM,0,12.8,9.6,8,6,1.6,-1
2,BSM,0,12.8,9.6,8,6,1.6,-1
12,BSM,0,12.8,9.6,8,6,1.6,-1
21,BSM,0,12.8,9.6,8,6,1.6,-1
22,BSM,0,12.8,9.6,8,6,1.6,-1
3,BSM,0,12.8,9.6,8,6,1.6,-1
30,BSM,0,12.8,9.6,8,6,1.6,-1
13,BSM,0,12.8,9.6,8,6,1.6,-1
31,BSM,0,12.8,9.6,8,6,1.6,-1
32,BSM,0,12.8,9.6,8,6,1.6,-1
23,BSM,0,12.8,9.6,8,6,1.6,-1
40,BSM,0,12.8,9.6,8,6,1.6,-1
4,BSM,0,12.8,9.6,8,6,1.6,-1
41,BSM,0,12.8,9.6,8,6,1.6,-1
14,BSM,0,12.8,9.6,8,6,1.6,-1
33,BSM,0,12.8,9.6,8,6,1.6,-1
24,BSM,0,12.8,9.6,8,6,1.6,-1
42,BSM,0,12.8,9.6,8,6,1.6,-1
50,BSM,0,12.8,9.6,8,6,1.6,-1
34,BSM,0,12.8,9.6,8,6,1.6,-1
43,BSM,0,12.8,9.6,8,6,1.6,-1
5,BSM,0,12.8,9.6,8,6,1.6,-1
15,BSM,0,12.8,9.6,8,6,1.6,-1
51,BSM,0,12.8,9.6,8,6,1.6,-1
52,BSM,0,12.8,9.6,8,6,1.6,-1
25,BSM,0,12.8,9.6,8,6,1.6,-1
44,BSM,0,12.8,9.6,8,6,1.6,-1
53,BSM,0,12.8,9.6,8,6,1.6,-1
35,BSM,0,12.8,9.6,8,6,1.6,-1
6,BSM,0,12.8,9.6,8,6,1.6,-1
60,BSM,0,12.8,9.6,8,6,1.6,-1
16,BSM,0,12.8,9.6,8,6,1.6,-1
61,BSM,0,12.8,9.6,8,6,1.6,-1
62,BSM,0,12.8,9.6,8,6,1.6,-1
54,BSM,0,12.8,9.6,8,6,1.6,-1
26,BSM,0,12.8,9.6,8,6,1.6,-1
45,BSM,0,12.8,9.6,8,6,1.6,-1
36,BSM,0,12.8,9.6,8,6,1.6,-1
63,BSM,0,12.8,9.6,8,6,1.6,-1
70,BSM,0,12.8,9.6,8,6,1.6,-1
7,BSM,0,12.8,9.6,8,6,1.6,-1
71,BSM,0,12.8,9.6,8,6,1.6,-1
55,BSM,0,12.8,9.6,8,6,1.6,-1
17,BSM,0,12.8,9.6,8,6,1.6,-1
64,BSM,0,12.8,9.6,8,6,1.6,-1
46,BSM,0,12.8,9.6,8,6,1.6,-1
72,BSM,0,12.8,9.6,8,6,1.6,-1
27,BSM,0,12.8,9.6,8,6,1.6,-1
37,BSM,0,12.8,9.6,8,6,1.6,-1
73,BSM,0,12.8,9.6,8,6,1.6,-1
56,BSM,0,12.8,9.6,8,6,1.6,-1
65,BSM,0,12.8,9.6,8,6,1.6,-1
80,BSM,0,12.8,9.6,8,6,1.6,-1
18,BSM,0,12.8,9.6,8,6,1.6,-1
8,BSM,0,12.8,9.6,8,6,1.6,-1
74,BSM,0,12.8,9.6,8,6,1.6,-1
81,BSM,0,12.8,9.6,8,6,1.6,-1
47,BSM,0,12.8,9.6,8,6,1.6,-1
82,BSM,0,12.8,9.6,8,6,1.6,-1
28,BSM,0,12.8,9.6,8,6,1.6,-1
66,BSM,0,12.8,9.6,8,6,1.6,-1
57,BSM,0,12.8,9.6,8,6,1.6,-1
83,BSM,0,12.8,9.6,8,6,1.6,-1
38,BSM,0,12.8,9.6,8,6,1.6,-1
75,BSM,0,12.8,9.6,8,6,1.6,-1
48,BSM,0,12.8,9.6,8,6,1.6,-1
84,BSM,0,12.8,9.6,8,6,1.6,-1
9,BSM,0,12.8,9.6,8,6,1.6,-1
90,BSM,0,12.8,9.6,8,6,1.6,-1
19,BSM,0,12.8,9.6,8,6,1.6,-1
91,BSM,0,12.8,9.6,8,6,1.6,-1
92,BSM,0,12.8,9.6,8,6,1.6,-1
76,BSM,0,12.8,9.6,8,6,1.6,-1
67,BSM,0,12.8,9.6,8,6,1.6,-1
29,BSM,0,12.8,9.6,8,6,1.6,-1
58,BSM,0,12.8,9.6,8,6,1.6,-1
39,BSM,0,12.8,9.6,8,6,1.6,-1
85,BSM,0,12.8,9.6,8,6,1.6,-1
93,BSM,0,12.8,9.6,8,6,1.6,-1
94,BSM,0,12.8,9.6,8,6,1.6,-1
49,BSM,0,12.8,9.6,8,6,1.6,-1
100,BSM,0,12.8,9.6,8,6,1.6,-1
77,BSM,0,12.8,9.6,8,6,1.6,-1
86,BSM,0,12.8,9.6,8,6,1.6,-1
68,BSM,0,12.8,9.6,8,6,1.6,-1
101,BSM,0,12.8,9.6,8,6,1.6,-1
102,BSM,0,12.8,9.6,8,6,1.6,-1
95,BSM,0,12.8,9.6,8,6,1.6,-1
59,BSM,0,12.8,9.6,8,6,1.6,-1
103,BSM,0,12.8,9.6,8,6,1.6,-1
78,BSM,0,12.8,9.6,8,6,1.6,-1
87,BSM,0,12.8,9.6,8,6,1.6,-1
96,BSM,0,12.8,9.6,8,6,1.6,-1
104,BSM,0,12.8,9.6,8,6,1.6,-1
69,BSM,0,12.8,9.6,8,6,1.6,-1
110,BSM,0,12.8,9.6,8,6,1.6,-1
111,BSM,0,12.8,9.6,8,6,1.6,-1
112,BSM,0,12.8,9.6,8,6,1.6,-1
105,BSM,0,12.8,9.6,8,6,1.6,-1
88,BSM,0,12.8,9.6,8,6,1.6,-1
79,BSM,0,12.8,9.6,8,6,1.6,-1
97,BSM,0,12.8,9.6,8,6,1.6,-1
113,BSM,0,12.8,9.6,8,6,1.6,-1
106,BSM,0,12.8,9.6,8,6,1.6,-1
114,BSM,0,12.8,9.6,8,6,1.6,-1
120,BSM,0,12.8,9.6,8,6,1.6,-1
121,BSM,0,12.8,9.6,8,6,1.6,-1
98,BSM,0,12.8,9.6,8,6,1.6,-1
115,BSM,0,12.8,9.6,8,6,1.6,-1
89,BSM,0,12.8,9.6,8,6,1.6,-1
122,BSM,0,12.8,9.6,8,6,1.6,-1
107,BSM,0,12.8,9.6,8,6,1.6,-1
123,BSM,0,12.8,9.6,8,6,1.6,-1
116,BSM,0,12.8,9.6,8,6,1.6,-1
124,BSM,0,12.8,9.6,8,6,1.6,-1
99,BSM,0,12.8,9.6,8,6,1.6,-1
108,BSM,0,12.8,9.6,8,6,1.6,-1
130,BSM,0,12.8,9.6,8,6,1.6,-1
117,BSM,0,12.8,9.6,8,6,1.6,-1
125,BSM,0,12.8,9.6,8,6,1.6,-1
131,BSM,0,12.8,9.6,8,6,1.6,-1
126,BSM,0,12.8,9.6,8,6,1.6,-1
109,BSM,0,12.8,9.6,8,6,1.6,-1
118,BSM,0,12.8,9.6,8,6,1.6,-1
127,BSM,0,12.8,9.6,8,6,1.6,-1
119,BSM,0,12.8,9.6,8,6,1.6,-1
128,BSM,0,12.8,9.6,8,6,1.6,-1
129,BSM,0,12.8,9.6,8,6,1.6,-1
10,BSM,0,12.8,9.6,8,6,1.6,-1
1,BSM,0,12.8,9.6,8,6,1.6,-1
11,BSM,0,12.8,9.6,8,6,1.6,-1
20,BSM,0,12.8,9.6,8,6,1.6,-1
2,BSM,0,12.8,9.6,8,6,1.6,-1
12,BSM,0,12.8,9.6,8,6,1.6,-1
21,BSM,0,12.8,9.6,8,6,1.6,-1
22,BSM,0,12.8,9.6,8,6,1.6,-1
3,BSM,0,12.8,9.6,8,6,1.6,-1
30,BSM,0,12.8,9.6,8,6,1.6,-1
13,BSM,0,12.8,9.6,8,6,1.6,-1
31,BSM,0,12.8,9.6,8,6,1.6,-1
32,BSM,0,12.8,9.6,8,6,1.6,-1
23,BSM,0,12.8,9.6,8,6,1.6,-1
40,BSM,0,12.8,9.6,8,6,1.6,-1
4,BSM,0,12.8,9.6,8,6,1.6,-1
41,BSM,0,12.8,9.6,8,6,1.6,-1
14,BSM,0,12.8,9.6,8,6,1.6,-1
33,BSM,0,12.8,9.6,8,6,1.6,-1
24,BSM,0,12.8,9.6,8,6,1.6,-1
42,BSM,0,12.8,9.6,8,6,1.6,-1
50,BSM,0,12.8,9.6,8,6,1.6,-1
34,BSM,0,12.8,9.6,8,6,1.6,-1
43,BSM,0,12.8,9.6,8,6,1.6,-1
5,BSM,0,12.8,9.6,8,6,1.6,-1
15,BSM,0,12.8,9.6,8,6,1.6,-1
51,BSM,0,12.8,9.6,8,6,1.6,-1
52,BSM,0,12.8,9.6,8,6,1.6,-1
25,BSM,0,12.8,9.6,8,6,1.6,-1
44,BSM,0,12.8,9.6,8,6,1.6,-1
53,BSM,0,12.8,9.6,8,6,1.6,-1
35,BSM,0,12.8,9.6,8,6,1.6,-1
6,BSM,0,12.8,9.6,8,6,1.6,-1
60,BSM,0,12.8,9.6,8,6,1.6,-1
16,BSM,0,12.8,9.6,8,6,1.6,-1
61,BSM,0,12.8,9.6,8,6,1.6,-1
62,BSM,0,12.8,9.6,8,6,1.6,-1
54,BSM,0,12.8,9.6,8,6,1.6,-1
26,BSM,0,12.8,9.6,8,6,1.6,-1
45,BSM,0,12.8,9.6,8,6,1.6,-1
36,BSM,0,12.8,9.6,8,6,1.6,-1
63,BSM,0,12.8,9.6,8,6,1.6,-1
70,BSM,0,12.8,9.6,8,6,1.6,-1
7,BSM,0,12.8,9.6,8,6,1.6,-1
71,BSM,0,12.8,9.6,8,6,1.6,-1
55,BSM,0,12.8,9.6,8,6,1.6,-1
17,BSM,0,12.8,9.6,8,6,1.6,-1
64,BSM,0,12.8,9.6,8,6,1.6,-1
46,BSM,0,12.8,9.6,8,6,1.6,-1
72,BSM,0,12.8,9.6,8,6,1.6,-1
27,BSM,0,12.8,9.6,8,6,1.6,-1
37,BSM,0,12.8,9.6,8,6,1.6,-1
73,BSM,0,12.8,9.6,8,6,1.6,-1
56,BSM,0,12.8,9.6,8,6,1.6,-1
65,BSM,0,12.8,9.6,8,6,1.6,-1
80,BSM,0,12.8,9.6,8,6,1.6,-1
18,BSM,0,12.8,9.6,8,6,1.6,-1
8,BSM,0,12.8,9.6,8,6,1.6,-1
74,BSM,0,12.8,9.6,8,6,1.6,-1
81,BSM,0,12.8,9.6,8,6,1.6,-1
47,BSM,0,12.8,9.6,8,6,1.6,-1
82,BSM,0,12.8,9.6,8,6,1.6,-1
28,BSM,0,12.8,9.6,8,6,1.6,-1
66,BSM,0,12.8,9.6,8,6,1.6,-1
57,BSM,0,12.8,9.6,8,6,1.6,-1
83,BSM,0,12.8,9.6,8,6,1.6,-1
38,BSM,0,12.8,9.6,8,6,1.6,-1
75,BSM,0,12.8,9.6,8,6,1.6,-1
48,BSM,0,12.8,9.6,8,6,1.6,-1
84,BSM,0,12.8,9.6,8,6,1.6,-1
9,BSM,0,12.8,9.6,8,6,1.6,-1
90,BSM,0,12.8,9.6,8,6,1.6,-1
19,BSM,0,12.8,9.6,8,6,1.6,-1
91,BSM,0,12.8,9.6,8,6,1.6,-1
92,BSM,0,12.8,9.6,8,6,1.6,-1
76,BSM,0,12.8,9.6,8,6,1.6,-1
67,BSM,0,12.8,9.6,8,6,1.6,-1
29,BSM,0,12.8,9.6,8,6,1.6,-1
58,BSM,0,12.8,9.6,8,6,1.6,-1
39,BSM,0,12.8,9.6,8,6,1.6,-1
85,BSM,0,12.8,9.6,8,6,1.6,-1
93,BSM,0,12.8,9.6,8,6,1.6,-1
94,BSM,0,12.8,9.6,8,6,1.6,-1
49,BSM,0,12.8,9.6,8,6,1.6,-1
100,BSM,0,12.8,9.6,8,6,1.6,-1
77,BSM,0,12.8,9.6,8,6,1.6,-1
86,BSM,0,12.8,9.6,8,6,1.6,-1
68,BSM,0,12.8,9.6,8,6,1.6,-1
101,BSM,0,12.8,9.6,8,6,1.6,-1
102,BSM,0,12.8,9.6,8,6,1.6,-1
95,BSM,0,12.8,9.6,8,6,1.6,-1
59,BSM,0,12.8,9.6,8,6,1.6,-1
103,BSM,0,12.8,9.6,8,6,1.6,-1
78,BSM,0,12.8,9.6,8,6,1.6,-1
87,BSM,0,12.8,9.6,8,6,1.6,-1
96,BSM,0,12.8,9.6,8,6,1.6,-1
104,BSM,0,12.8,9.6,8,6,1.6,-1
69,BSM,0,12.8,9.6,8,6,1.6,-1
110,BSM,0,12.8,9.6,8,6,1.6,-1
111,BSM,0,12.8,9.6,8,6,1.6,-1
112,BSM,0,12.8,9.6,8,6,1.6,-1
105,BSM,0,12.8,9.6,8,6,1.6,-1
88,BSM,0,12.8,9.6,8,6,1.6,-1
79,BSM,0,12.8,9.6,8,6,1.6,-1
97,BSM,0,12.8,9.6,8,6,1.6,-1
113,BSM,0,12.8,9.6,8,6,1.6,-1
106,BSM,0,12.8,9.6,8,6,1.6,-1
114,BSM,0,12.8,9.6,8,6,1.6,-1
120,BSM,0,12.8,9.6,8,6,1.6,-1
121,BSM,0,12.8,9.6,8,6,1.6,-1
98,BSM,0,12.8,9.6,8,6,1.6,-1
115,BSM,0,12.8,9.6,8,6,1.6,-1
89,BSM,0,12.8,9.6,8,6,1.6,-1
122,BSM,0,12.8,9.6,8,6,1.6,-1
107,BSM,0,12.8,9.6,8,6,1.6,-1
123,BSM,0,12.8,9.6,8,6,1.6,-1
116,BSM,0,12.8,9.6,8,6,1.6,-1
124,BSM,0,12.8,9.6,8,6,1.6,-1
99,BSM,0,12.8,9.6,8,6,1.6,-1
108,BSM,0,12.8,9.6,8,6,1.6,-1
130,BSM,0,12.8,9.6,8,6,1.6,-1
117,BSM,0,12.8,9.6,8,6,1.6,-1
125,BSM,0,12.8,9.6,8,6,1.6,-1
131,BSM,0,12.8,9.6,8,6,1.6,-1
126,BSM,0,12.8,9.6,8,6,1.6,-1
109,BSM,0,12.8,9.6,8,6,1.6,-1
118,BSM,0,12.8,9.6,8,6,1.6,-1
127,BSM,0,12.8,9.6,8,6,1.6,-1
119,BSM,0,12.8,9.6,8,6,1.6,-1
128,BSM,0,12.8,9.6,8,6,1.6,-1
129,BSM,0,12.8,9.6,8,6,1.6,-1
10,BSM,0,12.8,9.6,8,6,1.6,-1
1,BSM,0,12.8,9.6,8,6,1.6,-1
11,BSM,0,12.8,9.6,8,6,1.6,-1
20,BSM,0,12.8,9.6,8,6,1.6,-1
2,BSM,0,12.8,9.6,8,6,1.6,-1
12,BSM,0,12.8,9.6,8,6,1.6,-1
21,BSM,0,12.8,9.6,8,6,1.6,-1
22,BSM,0,12.8,9.6,8,6,1.6,-1
3,BSM,0,12.8,9.6,8,6,1.6,-1
30,BSM,0,12.8,9.6,8,6,1.6,-1
13,BSM,0,12.8,9.6,8,6,1.6,-1
31,BSM,0,12.8,9.6,8,6,1.6,-1
32,BSM,0,12.8,9.6,8,6,1.6,-1
23,BSM,0,12.8,9.6,8,6,1.6,-1
40,BSM,0,12.8,9.6,8,6,1.6,-1
4,BSM,0,12.8,9.6,8,6,1.6,-1
41,BSM,0,12.8,9.6,8,6,1.6,-1
14,BSM,0,12.8,9.6,8,6,1.6,-1
33,BSM,0,12.8,9.6,8,6,1.6,-1
24,BSM,0,12.8,9.6,8,6,1.6,-1
42,BSM,0,12.8,9.6,8,6,1.6,-1
50,BSM,0,12.8,9.6,8,6,1.6,-1
34,BSM,0,12.8,9.6,8,6,1.6,-1
43,BSM,0,12.8,9.6,8,6,1.6,-1
5,BSM,0,12.8,9.6,8,6,1.6,-1
15,BSM,0,12.8,9.6,8,6,1.6,-1
51,BSM,0,12.8,9.6,8,6,1.6,-1
52,BSM,0,12.8,9.6,8,6,1.6,-1
25,BSM,0,12.8,9.6,8,6,1.6,-1
44,BSM,0,12.8,9.6,8,6,1.6,-1
53,BSM,0,12.8,9.6,8,6,1.6,-1
35,BSM,0,12.8,9.6,8,6,1.6,-1
6,BSM,0,12.8,9.6,8,6,1.6,-1
60,BSM,0,12.8,9.6,8,6,1.6,-1
16,BSM,0,12.8,9.6,8,6,1.6,-1
61,BSM,0,12.8,9.6,8,6,1.6,-1
62,BSM,0,12.8,9.6,8,6,1.6,-1
54,BSM,0,12.8,9.6,8,6,1.6,-1
26,BSM,0,12.8,9.6,8,6,1.6,-1
45,BSM,0,12.8,9.6,8,6,1.6,-1
36,BSM,0,12.8,9.6,8,6,1.6,-1
63,BSM,0,12.8,9.6,8,6,1.6,-1
70,BSM,0,12.8,9.6,8,6,1.6,-1
7,BSM,0,12.8,9.6,8,6,1.6,-1
71,BSM,0,12.8,9.6,8,6,1.6,-1
55,BSM,0,12.8,9.6,8,6,1.6,-1
17,BSM,0,12.8,9.6,8,6,1.6,-1
64,BSM,0,12.8,9.6,8,6,1.6,-1
46,BSM,0,12.8,9.6,8,6,1.6,-1
72,BSM,0,12.8,9.6,8,6,1.6,-1
27,BSM,0,12.8,9.6,8,6,1.6,-1
37,BSM,0,12.8,9.6,8,6,1.6,-1
73,BSM,0,12.8,9.6,8,6,1.6,-1
56,BSM,0,12.8,9.6,8,6,1.6,-1
65,BSM,0,12.8,9.6,8,6,1.6,-1
80,BSM,0,12.8,9.6,8,6,1.6,-1
18,BSM,0,12.8,9.6,8,6,1.6,-1
8,BSM,0,12.8,9.6,8,6,1.6,-1
74,BSM,0,12.8,9.6,8,6,1.6,-1
81,BSM,0,12.8,9.6,8,6,1.6,-1
47,BSM,0,12.8,9.6,8,6,1.6,-1
82,BSM,0,12.8,9.6,8,6,1.6,-1
28,BSM,0,12.8,9.6,8,6,1.6,-1
66,BSM,0,12.8,9.6,8,6,1.6,-1
57,BSM,0,12.8,9.6,8,6,1.6,-1
83,BSM,0,12.8,9.6,8,6,1.6,-1
38,BSM,0,12.8,9.6,8,6,1.6,-1
75,BSM,0,12.8,9.6,8,6,1.6,-1
48,BSM,0,12.8,9.6,8,6,1.6,-1
84,BSM,0,12.8,9.6,8,6,1.6,-1
9,BSM,0,12.8,9.6,8,6,1.6,-1
90,BSM,0,12.8,9.6,8,6,1.6,-1
19,BSM,0,12.8,9.6,8,6,1.6,-1
91,BSM,0,12.8,9.6,8,6,1.6,-1
92,BSM,0,12.8,9.6,8,6,1.6,-1
76,BSM,0,12.8,9.6,8,6,1.6,-1
67,BSM,0,12.8,9.6,8,6,1.6,-1
29,BSM,0,12.8,9.6,8,6,1.6,-1
58,BSM,0,12.8,9.6,8,6,1.6,-1
39,BSM,0,12.8,9.6,8,6,1.6,-1
85,BSM,0,12.8,9.6,8,6,1.6,-1
93,BSM,0,12.8,9.6,8,6,1.6,-1
94,BSM,0,12.8,9.6,8,6,1.6,-1
49,BSM,0,12.8,9.6,8,6,1.6,-1
100,BSM,0,12.8,9.6,8,6,1.6,-1
77,BSM,0,12.8,9.6,8,6,1.6,-1
86,BSM,0,12.8,9.6,8,6,1.6,-1
68,BSM,0,12.8,9.6,8,6,1.6,-1
101,BSM,0,12.8,9.6,8,6,1.6,-1
102,BSM,0,12.8,9.6,8,6,1.6,-1
95,BSM,0,12.8,9.6,8,6,1.6,-1
59,BSM,0,12.8,9.6,8,6,1.6,-1
103,BSM,0,12.8,9.6,8,6,1.6,-1
78,BSM,0,12.8,9.6,8,6,1.6,-1
87,BSM,0,12.8,9.6,8,6,1.6,-1
96,BSM,0,12.8,9.6,8,6,1.6,-1
104,BSM,0,12.8,9.6,8,6,1.6,-1
69,BSM,0,12.8,9.6,8,6,1.6,-1
110,BSM,0,12.8,9.6,8,6,1.6,-1
111,BSM,0,12.8,9.6,8,6,1.6,-1
112,BSM,0,12.8,9.6,8,6,1.6,-1
105,BSM,0,12.8,9.6,8,6,1.6,-1
88,BSM,0,12.8,9.6,8,6,1.6,-1
79,BSM,0,12.8,9.6,8,6,1.6,-1
97,BSM,0,12.8,9.6,8,6,1.6,-1
113,BSM,0,12.8,9.6,8,6,1.6,-1
106,BSM,0,12.8,9.6,8,6,1.6,-1
114,BSM,0,12.8,9.6,8,6,1.6,-1
120,BSM,0,12.8,9.6,8,6,1.6,-1
121,BSM,0,12.8,9.6,8,6,1.6,-1
98,BSM,0,12.8,9.6,8,6,1.6,-1
115,BSM,0,12.8,9.6,8,6,1.6,-1
89,BSM,0,12.8,9.6,8,6,1.6,-1
122,BSM,0,12.8,9.6,8,6,1.6,-1
107,BSM,0,12.8,9.6,8,6,1.6,-1
123,BSM,0,12.8,9.6,8,6,1.6,-1
116,BSM,0,12.8,9.6,8,6,1.6,-1
124,BSM,0,12.8,9.6,8,6,1.6,-1
99,BSM,0,12.8,9.6,8,6,1.6,-1
108,BSM,0,12.8,9.6,8,6,1.6,-1
130,BSM,0,12.8,9.6,8,6,1.6,-1
117,BSM,0,12.8,9.6,8,6,1.6,-1
125,BSM,0,12.8,9.6,8,6,1.6,-1
131,BSM,0,12.8,9.6,8,6,1.6,-1
126,BSM,0,12.8,9.6,8,6,1.6,-1
109,BSM,0,12.8,9.6,8,6,1.6,-1
118,BSM,0,12.8,9.6,8,6,1.6,-1
127,BSM,0,12.8,9.6,8,6,1.6,-1
119,BSM,0,12.8,9.6,8,6,1.6,-1
128,BSM,0,12.8,9.6,8,6,1.6,-1
129,BSM,0,12.8,9.6,8,6,1.6,-1
10,BSM,0,12.8,9.6,8,6,1.6,-1
1,BSM,0,12.8,9.6,8,6,1.6,-1
11,BSM,0,12.8,9.6,8,6,1.6,-1
20,BSM,0,12.8,9.6,8,6,1.6,-1
2,BSM,0,12.8,9.6,8,6,1.6,-1
12,BSM,0,12.8,9.6,8,6,1.6,-1
21,BSM,0,12.8,9.6,8,6,1.6,-1
22,BSM,0,12.8,9.6,8,6,1.6,-1
3,BSM,0,12.8,9.6,8,6,1.6,-1
30,BSM,0,12.8,9.6,8,6,1.6,-1
13,BSM,0,12.8,9.6,8,6,1.6,-1
31,BSM,0,12.8,9.6,8,6,1.6,-1
32,BSM,0,12.8,9.6,8,6,1.6,-1
23,BSM,0,12.8,9.6,8,6,1.6,-1
40,BSM,0,12.8,9.6,8,6,1.6,-1
4,BSM,0,12.8,9.6,8,6,1.6,-1
41,BSM,0,12.8,9.6,8,6,1.6,-1
14,BSM,0,12.8,9.6,8,6,1.6,-1
33,BSM,0,12.8,9.6,8,6,1.6,-1
24,BSM,0,12.8,9.6,8,6,1.6,-1
42,BSM,0,12.8,9.6,8,6,1.6,-1
50,BSM,0,12.8,9.6,8,6,1.6,-1
34,BSM,0,12.8,9.6,8,6,1.6,-1
43,BSM,0,12.8,9.6,8,6,1.6,-1
5,BSM,0,12.8,9.6,8,6,1.6,-1
15,BSM,0,12.8,9.6,8,6,1.6,-1
51,BSM,0,12.8,9.6,8,6,1.6,-1
52,BSM,0,12.8,9.6,8,6,1.6,-1
25,BSM,0,12.8,9.6,8,6,1.6,-1
44,BSM,0,12.8,9.6,8,6,1.6,-1
53,BSM,0,12.8,9.6,8,6,1.6,-1
35,BSM,0,12.8,9.6,8,6,1.6,-1
6,BSM,0,12.8,9.6,8,6,1.6,-1
60,BSM,0,12.8,9.6,8,6,1.6,-1
16,BSM,0,12.8,9.6,8,6,1.6,-1
61,BSM,0,12.8,9.6,8,6,1.6,-1
62,BSM,0,12.8,9.6,8,6,1.6,-1
54,BSM,0,12.8,9.6,8,6,1.6,-1
26,BSM,0,12.8,9.6,8,6,1.6,-1
45,BSM,0,12.8,9.6,8,6,1.6,-1
36,BSM,0,12.8,9.6,8,6,1.6,-1
63,BSM,0,12.8,9.6,8,6,1.6,-1
70,BSM,0,12.8,9.6,8,6,1.6,-1
7,BSM,0,12.8,9.6,8,6,1.6,-1
71,BSM,0,12.8,9.6,8,6,1.6,-1
55,BSM,0,12.8,9.6,8,6,1.6,-1
17,BSM,0,12.8,9.6,8,6,1.6,-1
64,BSM,0,12.8,9.6,8,6,1.6,-1
46,BSM,0,12.8,9.6,8,6,1.6,-1
72,BSM,0,12.8,9.6,8,6,1.6,-1
27,BSM,0,12.8,9.6,8,6,1.6,-1
37,BSM,0,12.8,9.6,8,6,1.6,-1
73,BSM,0,12.8,9.6,8,6,1.6,-1
56,BSM,0,12.8,9.6,8,6,1.6,-1
65,BSM,0,12.8,9.6,8,6,1.6,-1
80,BSM,0,12.8,9.6,8,6,1.6,-1
18,BSM,0,12.8,9.6,8,6,1.6,-1
8,BSM,0,12.8,9.6,8,6,1.6,-1
74,BSM,0,12.8,9.6,8,6,1.6,-1
81,BSM,0,12.8,9.6,8,6,1.6,-1
47,BSM,0,12.8,9.6,8,6,1.6,-1
82,BSM,0,12.8,9.6,8,6,1.6,-1
28,BSM,0,12.8,9.6,8,6,1.6,-1
66,BSM,0,12.8,9.6,8,6,1.6,-1
57,BSM,0,12.8,9.6,8,6,1.6,-1
83,BSM,0,12.8,9.6,8,6,1.6,-1
38,BSM,0,12.8,9.6,8,6,1.6,-1
75,BSM,0,12.8,9.6,8,6,1.6,-1
48,BSM,0,12.8,9.6,8,6,1.6,-1
84,BSM,0,12.8,9.6,8,6,1.6,-1
9,BSM,0,12.8,9.6,8,6,1.6,-1
90,BSM,0,12.8,9.6,8,6,1.6,-1
19,BSM,0,12.8,9.6,8,6,1.6,-1
91,BSM,0,12.8,9.6,8,6,1.6,-1
92,BSM,0,12.8,9.6,8,6,1.6,-1
76,BSM,0,12.8,9.6,8,6,1.6,-1
67,BSM,0,12.8,9.6,8,6,1.6,-1
29,BSM,0,12.8,9.6,8,6,1.6,-1
58,BSM,0,12.8,9.6,8,6,1.6,-1
39,BSM,0,12.8,9.6,8,6,1.6,-1
85,BSM,0,12.8,9.6,8,6,1.6,-1
93,BSM,0,12.8,9.6,8,6,1.6,-1
94,BSM,0,12.8,9.6,8,6,1.6,-1
49,BSM,0,12.8,9.6,8,6,1.6,-1
100,BSM,0,12.8,9.6,8,6,1.6,-1
77,BSM,0,12.8,9.6,8,6,1.6,-1
86,BSM,0,12.8,9.6,8,6,1.6,-1
68,BSM,0,12.8,9.6,8,6,1.6,-1
101,BSM,0,12.8,9.6,8,6,1.6,-1
102,BSM,0,12.8,9.6,8,6,1.6,-1
95,BSM,0,12.8,9.6,8,6,1.6,-1
59,BSM,0,12.8,9.6,8,6,1.6,-1
103,BSM,0,12.8,9.6,8,6,1.6,-1
78,BSM,0,12.8,9.6,8,6,1.6,-1
87,BSM,0,12.8,9.6,8,6,1.6,-1
96,BSM,0,12.8,9.6,8,6,1.6,-1
104,BSM,0,12.8,9.6,8,6,1.6,-1
69,BSM,0,12.8,9.6,8,6,1.6,-1
110,BSM,0,12.8,9.6,8,6,1.6,-1
111,BSM,0,12.8,9.6,8,6,1.6,-1
112,BSM,0,12.8,9.6,8,6,1.6,-1
105,BSM,0,12.8,9.6,8,6,1.6,-1
88,BSM,0,12.8,9.6,8,6,1.6,-1
79,BSM,0,12.8,9.6,8,6,1.6,-1
97,BSM,0,12.8,9.6,8,6,1.6,-1
113,BSM,0,12.8,9.6,8,6,1.6,-1
106,BSM,0,12.8,9.6,8,6,1.6,-1
114,BSM,0,12.8,9.6,8,6,1.6,-1
120,BSM,0,12.8,9.6,8,6,1.6,-1
121,BSM,0,12.8,9.6,8,6,1.6,-1
98,BSM,0,12.8,9.6,8,6,1.6,-1
115,BSM,0,12.8,9.6,8,6,1.6,-1
89,BSM,0,12.8,9.6,8,6,1.6,-1
122,BSM,0,12.8,9.6,8,6,1.6,-1
107,BSM,0,12.8,9.6,8,6,1.6,-1
123,BSM,0,12.8,9.6,8,6,1.6,-1
116,BSM,0,12.8,9.6,8,6,1.6,-1
124,BSM,0,12.8,9.6,8,6,1.6,-1
99,BSM,0,12.8,9.6,8,6,1.6,-1
108,BSM,0,12.8,9.6,8,6,1.6,-1
130,BSM,0,12.8,9.6,8,6,1.6,-1
117,BSM,0,12.8,9.6,8,6,1.6,-1
125,BSM,0,12.8,9.6,8,6,1.6,-1
131,BSM,0,12.8,9.6,8,6,1.6,-1
126,BSM,0,12.8,9.6,8,6,1.6,-1
109,BSM,0,12.8,9.6,8,6,1.6,-1
118,BSM,0,12.8,9.6,8,6,1.6,-1
127,BSM,0,12.8,9.6,8,6,1.6,-1
119,BSM,0,12.8,9.6,8,6,1.6,-1
128,BSM,0,12.8,9.6,8,6,1.6,-1
129,BSM,0,12.8,9.6,8,6,1.6,-1
10,BSM,0,13.6,10.2,8,6,1.7,-1
1,BSM,0,13.6,10.2,8,6,1.7,-1
11,BSM,0,13.6,10.2,8,6,1.7,-1
20,BSM,0,13.6,10.2,8,6,1.7,-1
2,BSM,0,13.6,10.2,8,6,1.7,-1
12,BSM,0,13.6,10.2,8,6,1.7,-1
21,BSM,0,13.6,10.2,8,6,1.7,-1
22,BSM,0,13.6,10.2,8,6,1.7,-1
3,BSM,0,13.6,10.2,8,6,1.7,-1
30,BSM,0,13.6,10.2,8,6,1.7,-1
13,BSM,0,13.6,10.2,8,6,1.7,-1
31,BSM,0,13.6,10.2,8,6,1.7,-1
32,BSM,0,13.6,10.2,8,6,1.7,-1
23,BSM,0,13.6,10.2,8,6,1.7,-1
40,BSM,0,13.6,10.2,8,6,1.7,-1
4,BSM,0,13.6,10.2,8,6,1.7,-1
41,BSM,0,13.6,10.2,8,6,1.7,-1
14,BSM,0,13.6,10.2,8,6,1.7,-1
33,BSM,0,13.6,10.2,8,6,1.7,-1
24,BSM,0,13.6,10.2,8,6,1.7,-1
42,BSM,0,13.6,10.2,8,6,1.7,-1
50,BSM,0,13.6,10.2,8,6,1.7,-1
34,BSM,0,13.6,10.2,8,6,1.7,-1
43,BSM,0,13.6,10.2,8,6,1.7,-1
15,BSM,0,13.6,10.2,8,6,1.7,-1
5,BSM,0,13.6,10.2,8,6,1.7,-1
51,BSM,0,13.6,10.2,8,6,1.7,-1
52,BSM,0,13.6,10.2,8,6,1.7,-1
25,BSM,0,13.6,10.2,8,6,1.7,-1
44,BSM,0,13.6,10.2,8,6,1.7,-1
53,BSM,0,13.6,10.2,8,6,1.7,-1
35,BSM,0,13.6,10.2,8,6,1.7,-1
6,BSM,0,13.6,10.2,8,6,1.7,-1
60,BSM,0,13.6,10.2,8,6,1.7,-1
16,BSM,0,13.6,10.2,8,6,1.7,-1
61,BSM,0,13.6,10.2,8,6,1.7,-1
62,BSM,0,13.6,10.2,8,6,1.7,-1
54,BSM,0,13.6,10.2,8,6,1.7,-1
26,BSM,0,13.6,10.2,8,6,1.7,-1
45,BSM,0,13.6,10.2,8,6,1.7,-1
36,BSM,0,13.6,10.2,8,6,1.7,-1
63,BSM,0,13.6,10.2,8,6,1.7,-1
70,BSM,0,13.6,10.2,8,6,1.7,-1
7,BSM,0,13.6,10.2,8,6,1.7,-1
71,BSM,0,13.6,10.2,8,6,1.7,-1
55,BSM,0,13.6,10.2,8,6,1.7,-1
17,BSM,0,13.6,10.2,8,6,1.7,-1
64,BSM,0,13.6,10.2,8,6,1.7,-1
46,BSM,0,13.6,10.2,8,6,1.7,-1
72,BSM,0,13.6,10.2,8,6,1.7,-1
27,BSM,0,13.6,10.2,8,6,1.7,-1
37,BSM,0,13.6,10.2,8,6,1.7,-1
73,BSM,0,13.6,10.2,8,6,1.7,-1
56,BSM,0,13.6,10.2,8,6,1.7,-1
65,BSM,0,13.6,10.2,8,6,1.7,-1
80,BSM,0,13.6,10.2,8,6,1.7,-1
18,BSM,0,13.6,10.2,8,6,1.7,-1
8,BSM,0,13.6,10.2,8,6,1.7,-1
74,BSM,0,13.6,10.2,8,6,1.7,-1
81,BSM,0,13.6,10.2,8,6,1.7,-1
47,BSM,0,13.6,10.2,8,6,1.7,-1
82,BSM,0,13.6,10.2,8,6,1.7,-1
28,BSM,0,13.6,10.2,8,6,1.7,-1
66,BSM,0,13.6,10.2,8,6,1.7,-1
57,BSM,0,13.6,10.2,8,6,1.7,-1
83,BSM,0,13.6,10.2,8,6,1.7,-1
75,BSM,0,13.6,10.2,8,6,1.7,-1
38,BSM,0,13.6,10.2,8,6,1.7,-1
48,BSM,0,13.6,10.2,8,6,1.7,-1
84,BSM,0,13.6,10.2,8,6,1.7,-1
9,BSM,0,13.6,10.2,8,6,1.7,-1
90,BSM,0,13.6,10.2,8,6,1.7,-1
19,BSM,0,13.6,10.2,8,6,1.7,-1
91,BSM,0,13.6,10.2,8,6,1.7,-1
92,BSM,0,13.6,10.2,8,6,1.7,-1
76,BSM,0,13.6,10.2,8,6,1.7,-1
67,BSM,0,13.6,10.2,8,6,1.7,-1
29,BSM,0,13.6,10.2,8,6,1.7,-1
58,BSM,0,13.6,10.2,8,6,1.7,-1
39,BSM,0,13.6,10.2,8,6,1.7,-1
85,BSM,0,13.6,10.2,8,6,1.7,-1
93,BSM,0,13.6,10.2,8,6,1.7,-1
94,BSM,0,13.6,10.2,8,6,1.7,-1
49,BSM,0,13.6,10.2,8,6,1.7,-1
100,BSM,0,13.6,10.2,8,6,1.7,-1
77,BSM,0,13.6,10.2,8,6,1.7,-1
86,BSM,0,13.6,10.2,8,6,1.7,-1
68,BSM,0,13.6,10.2,8,6,1.7,-1
101,BSM,0,13.6,10.2,8,6,1.7,-1
102,BSM,0,13.6,10.2,8,6,1.7,-1
95,BSM,0,13.6,10.2,8,6,1.7,-1
59,BSM,0,13.6,10.2,8,6,1.7,-1
103,BSM,0,13.6,10.2,8,6,1.7,-1
78,BSM,0,13.6,10.2,8,6,1.7,-1
87,BSM,0,13.6,10.2,8,6,1.7,-1
96,BSM,0,13.6,10.2,8,6,1.7,-1
104,BSM,0,13.6,10.2,8,6,1.7,-1
69,BSM,0,13.6,10.2,8,6,1.7,-1
110,BSM,0,13.6,10.2,8,6,1.7,-1
111,BSM,0,13.6,10.2,8,6,1.7,-1
112,BSM,0,13.6,10.2,8,6,1.7,-1
105,BSM,0,13.6,10.2,8,6,1.7,-1
88,BSM,0,13.6,10.2,8,6,1.7,-1
79,BSM,0,13.6,10.2,8,6,1.7,-1
97,BSM,0,13.6,10.2,8,6,1.7,-1
113,BSM,0,13.6,10.2,8,6,1.7,-1
106,BSM,0,13.6,10.2,8,6,1.7,-1
114,BSM,0,13.6,10.2,8,6,1.7,-1
120,BSM,0,13.6,10.2,8,6,1.7,-1
121,BSM,0,13.6,10.2,8,6,1.7,-1
98,BSM,0,13.6,10.2,8,6,1.7,-1
89,BSM,0,13.6,10.2,8,6,1.7,-1
115,BSM,0,13.6,10.2,8,6,1.7,-1
122,BSM,0,13.6,10.2,8,6,1.7,-1
107,BSM,0,13.6,10.2,8,6,1.7,-1
123,BSM,0,13.6,10.2,8,6,1.7,-1
116,BSM,0,13.6,10.2,8,6,1.7,-1
124,BSM,0,13.6,10.2,8,6,1.7,-1
99,BSM,0,13.6,10.2,8,6,1.7,-1
108,BSM,0,13.6,10.2,8,6,1.7,-1
130,BSM,0,13.6,10.2,8,6,1.7,-1
117,BSM,0,13.6,10.2,8,6,1.7,-1
125,BSM,0,13.6,10.2,8,6,1.7,-1
131,BSM,0,13.6,10.2,8,6,1.7,-1
126,BSM,0,13.6,10.2,8,6,1.7,-1
109,BSM,0,13.6,10.2,8,6,1.7,-1
118,BSM,0,13.6,10.2,8,6,1.7,-1
127,BSM,0,13.6,10.2,8,6,1.7,-1
119,BSM,0,13.6,10.2,8,6,1.7,-1
128,BSM,0,13.6,10.2,8,6,1.7,-1
129,BSM,0,13.6,10.2,8,6,1.7,-1
10,BSM,0,13.6,10.2,8,6,1.7,-1
1,BSM,0,13.6,10.2,8,6,1.7,-1
11,BSM,0,13.6,10.2,8,6,1.7,-1
20,BSM,0,13.6,10.2,8,6,1.7,-1
2,BSM,0,13.6,10.2,8,6,1.7,-1
12,BSM,0,13.6,10.2,8,6,1.7,-1
21,BSM,0,13.6,10.2,8,6,1.7,-1
22,BSM,0,13.6,10.2,8,6,1.7,-1
3,BSM,0,13.6,10.2,8,6,1.7,-1
30,BSM,0,13.6,10.2,8,6,1.7,-1
13,BSM,0,13.6,10.2,8,6,1.7,-1
31,BSM,0,13.6,10.2,8,6,1.7,-1
32,BSM,0,13.6,10.2,8,6,1.7,-1
23,BSM,0,13.6,10.2,8,6,1.7,-1
40,BSM,0,13.6,10.2,8,6,1.7,-1
4,BSM,0,13.6,10.2,8,6,1.7,-1
41,BSM,0,13.6,10.2,8,6,1.7,-1
14,BSM,0,13.6,10.2,8,6,1.7,-1
33,BSM,0,13.6,10.2,8,6,1.7,-1
24,BSM,0,13.6,10.2,8,6,1.7,-1
42,BSM,0,13.6,10.2,8,6,1.7,-1
50,BSM,0,13.6,10.2,8,6,1.7,-1
34,BSM,0,13.6,10.2,8,6,1.7,-1
43,BSM,0,13.6,10.2,8,6,1.7,-1
15,BSM,0,13.6,10.2,8,6,1.7,-1
5,BSM,0,13.6,10.2,8,6,1.7,-1
51,BSM,0,13.6,10.2,8,6,1.7,-1
52,BSM,0,13.6,10.2,8,6,1.7,-1
25,BSM,0,13.6,10.2,8,6,1.7,-1
44,BSM,0,13.6,10.2,8,6,1.7,-1
53,BSM,0,13.6,10.2,8,6,1.7,-1
35,BSM,0,13.6,10.2,8,6,1.7,-1
6,BSM,0,13.6,10.2,8,6,1.7,-1
60,BSM,0,13.6,10.2,8,6,1.7,-1
16,BSM,0,13.6,10.2,8,6,1.7,-1
61,BSM,0,13.6,10.2,8,6,1.7,-1
62,BSM,0,13.6,10.2,8,6,1.7,-1
54,BSM,0,13.6,10.2,8,6,1.7,-1
26,BSM,0,13.6,10.2,8,6,1.7,-1
45,BSM,0,13.6,10.2,8,6,1.7,-1
36,BSM,0,13.6,10.2,8,6,1.7,-1
63,BSM,0,13.6,10.2,8,6,1.7,-1
70,BSM,0,13.6,10.2,8,6,1.7,-1
7,BSM,0,13.6,10.2,8,6,1.7,-1
71,BSM,0,13.6,10.2,8,6,1.7,-1
55,BSM,0,13.6,10.2,8,6,1.7,-1
17,BSM,0,13.6,10.2,8,6,1.7,-1
64,BSM,0,13.6,10.2,8,6,1.7,-1
46,BSM,0,13.6,10.2,8,6,1.7,-1
72,BSM,0,13.6,10.2,8,6,1.7,-1
27,BSM,0,13.6,10.2,8,6,1.7,-1
37,BSM,0,13.6,10.2,8,6,1.7,-1
73,BSM,0,13.6,10.2,8,6,1.7,-1
56,BSM,0,13.6,10.2,8,6,1.7,-1
65,BSM,0,13.6,10.2,8,6,1.7,-1
80,BSM,0,13.6,10.2,8,6,1.7,-1
18,BSM,0,13.6,10.2,8,6,1.7,-1
8,BSM,0,13.6,10.2,8,6,1.7,-1
74,BSM,0,13.6,10.2,8,6,1.7,-1
81,BSM,0,13.6,10.2,8,6,1.7,-1
47,BSM,0,13.6,10.2,8,6,1.7,-1
82,BSM,0,13.6,10.2,8,6,1.7,-1
28,BSM,0,13.6,10.2,8,6,1.7,-1
66,BSM,0,13.6,10.2,8,6,1.7,-1
57,BSM,0,13.6,10.2,8,6,1.7,-1
83,BSM,0,13.6,10.2,8,6,1.7,-1
75,BSM,0,13.6,10.2,8,6,1.7,-1
38,BSM,0,13.6,10.2,8,6,1.7,-1
48,BSM,0,13.6,10.2,8,6,1.7,-1
84,BSM,0,13.6,10.2,8,6,1.7,-1
9,BSM,0,13.6,10.2,8,6,1.7,-1
90,BSM,0,13.6,10.2,8,6,1.7,-1
19,BSM,0,13.6,10.2,8,6,1.7,-1
91,BSM,0,13.6,10.2,8,6,1.7,-1
92,BSM,0,13.6,10.2,8,6,1.7,-1
76,BSM,0,13.6,10.2,8,6,1.7,-1
67,BSM,0,13.6,10.2,8,6,1.7,-1
29,BSM,0,13.6,10.2,8,6,1.7,-1
58,BSM,0,13.6,10.2,8,6,1.7,-1
39,BSM,0,13.6,10.2,8,6,1.7,-1
85,BSM,0,13.6,10.2,8,6,1.7,-1
93,BSM,0,13.6,10.2,8,6,1.7,-1
94,BSM,0,13.6,10.2,8,6,1.7,-1
49,BSM,0,13.6,10.2,8,6,1.7,-1
100,BSM,0,13.6,10.2,8,6,1.7,-1
77,BSM,0,13.6,10.2,8,6,1.7,-1
86,BSM,0,13.6,10.2,8,6,1.7,-1
68,BSM,0,13.6,10.2,8,6,1.7,-1
101,BSM,0,13.6,10.2,8,6,1.7,-1
102,BSM,0,13.6,10.2,8,6,1.7,-1
95,BSM,0,13.6,10.2,8,6,1.7,-1
59,BSM,0,13.6,10.2,8,6,1.7,-1
103,BSM,0,13.6,10.2,8,6,1.7,-1
78,BSM,0,13.6,10.2,8,6,1.7,-1
87,BSM,0,13.6,10.2,8,6,1.7,-1
96,BSM,0,13.6,10.2,8,6,1.7,-1
104,BSM,0,13.6,10.2,8,6,1.7,-1
69,BSM,0,13.6,10.2,8,6,1.7,-1
110,BSM,0,13.6,10.2,8,6,1.7,-1
111,BSM,0,13.6,10.2,8,6,1.7,-1
112,BSM,0,13.6,10.2,8,6,1.7,-1
105,BSM,0,13.6,10.2,8,6,1.7,-1
88,BSM,0,13.6,10.2,8,6,1.7,-1
79,BSM,0,13.6,10.2,8,6,1.7,-1
97,BSM,0,13.6,10.2,8,6,1.7,-1
113,BSM,0,13.6,10.2,8,6,1.7,-1
106,BSM,0,13.6,10.2,8,6,1.7,-1
114,BSM,0,13.6,10.2,8,6,1.7,-1
120,BSM,0,13.6,10.2,8,6,1.7,-1
121,BSM,0,13.6,10.2,8,6,1.7,-1
98,BSM,0,13.6,10.2,8,6,1.7,-1
89,BSM,0,13.6,10.2,8,6,1.7,-1
115,BSM,0,13.6,10.2,8,6,1.7,-1
122,BSM,0,13.6,10.2,8,6,1.7,-1
107,BSM,0,13.6,10.2,8,6,1.7,-1
123,BSM,0,13.6,10.2,8,6,1.7,-1
116,BSM,0,13.6,10.2,8,6,1.7,-1
124,BSM,0,13.6,10.2,8,6,1.7,-1
99,BSM,0,13.6,10.2,8,6,1.7,-1
108,BSM,0,13.6,10.2,8,6,1.7,-1
130,BSM,0,13.6,10.2,8,6,1.7,-1
117,BSM,0,13.6,10.2,8,6,1.7,-1
125,BSM,0,13.6,10.2,8,6,1.7,-1
131,BSM,0,13.6,10.2,8,6,1.7,-1
126,BSM,0,13.6,10.2,8,6,1.7,-1
109,BSM,0,13.6,10.2,8,6,1.7,-1
118,BSM,0,13.6,10.2,8,6,1.7,-1
127,BSM,0,13.6,10.2,8,6,1.7,-1
119,BSM,0,13.6,10.2,8,6,1.7,-1
128,BSM,0,13.6,10.2,8,6,1.7,-1
129,BSM,0,13.6,10.2,8,6,1.7,-1
10,BSM,0,13.6,10.2,8,6,1.7,-1
1,BSM,0,13.6,10.2,8,6,1.7,-1
11,BSM,0,13.6,10.2,8,6,1.7,-1
20,BSM,0,13.6,10.2,8,6,1.7,-1
2,BSM,0,13.6,10.2,8,6,1.7,-1
12,BSM,0,13.6,10.2,8,6,1.7,-1
21,BSM,0,13.6,10.2,8,6,1.7,-1
22,BSM,0,13.6,10.2,8,6,1.7,-1
3,BSM,0,13.6,10.2,8,6,1.7,-1
30,BSM,0,13.6,10.2,8,6,1.7,-1
13,BSM,0,13.6,10.2,8,6,1.7,-1
31,BSM,0,13.6,10.2,8,6,1.7,-1
32,BSM,0,13.6,10.2,8,6,1.7,-1
23,BSM,0,13.6,10.2,8,6,1.7,-1
40,BSM,0,13.6,10.2,8,6,1.7,-1
4,BSM,0,13.6,10.2,8,6,1.7,-1
41,BSM,0,13.6,10.2,8,6,1.7,-1
14,BSM,0,13.6,10.2,8,6,1.7,-1
33,BSM,0,13.6,10.2,8,6,1.7,-1
24,BSM,0,13.6,10.2,8,6,1.7,-1
42,BSM,0,13.6,10.2,8,6,1.7,-1
50,BSM,0,13.6,10.2,8,6,1.7,-1
34,BSM,0,13.6,10.2,8,6,1.7,-1
43,BSM,0,13.6,10.2,8,6,1.7,-1
15,BSM,0,13.6,10.2,8,6,1.7,-1
5,BSM,0,13.6,10.2,8,6,1.7,-1
51,BSM,0,13.6,10.2,8,6,1.7,-1
52,BSM,0,13.6,10.2,8,6,1.7,-1
25,BSM,0,13.6,10.2,8,6,1.7,-1
44,BSM,0,13.6,10.2,8,6,1.7,-1
53,BSM,0,13.6,10.2,8,6,1.7,-1
35,BSM,0,13.6,10.2,8,6,1.7,-1
6,BSM,0,13.6,10.2,8,6,1.7,-1
60,BSM,0,13.6,10.2,8,6,1.7,-1
16,BSM,0,13.6,10.2,8,6,1.7,-1
61,BSM,0,13.6,10.2,8,6,1.7,-1
62,BSM,0,13.6,10.2,8,6,1.7,-1
54,BSM,0,13.6,10.2,8,6,1.7,-1
26,BSM,0,13.6,10.2,8,6,1.7,-1
45,BSM,0,13.6,10.2,8,6,1.7,-1
36,BSM,0,13.6,10.2,8,6,1.7,-1
63,BSM,0,13.6,10.2,8,6,1.7,-1
70,BSM,0,13.6,10.2,8,6,1.7,-1
7,BSM,0,13.6,10.2,8,6,1.7,-1
71,BSM,0,13.6,10.2,8,6,1.7,-1
55,BSM,0,13.6,10.2,8,6,1.7,-1
17,BSM,0,13.6,10.2,8,6,1.7,-1
64,BSM,0,13.6,10.2,8,6,1.7,-1
46,BSM,0,13.6,10.2,8,6,1.7,-1
72,BSM,0,13.6,10.2,8,6,1.7,-1
27,BSM,0,13.6,10.2,8,6,1.7,-1
37,BSM,0,13.6,10.2,8,6,1.7,-1
73,BSM,0,13.6,10.2,8,6,1.7,-1
56,BSM,0,13.6,10.2,8,6,1.7,-1
65,BSM,0,13.6,10.2,8,6,1.7,-1
80,BSM,0,13.6,10.2,8,6,1.7,-1
18,BSM,0,13.6,10.2,8,6,1.7,-1
8,BSM,0,13.6,10.2,8,6,1.7,-1
74,BSM,0,13.6,10.2,8,6,1.7,-1
81,BSM,0,13.6,10.2,8,6,1.7,-1
47,BSM,0,13.6,10.2,8,6,1.7,-1
82,BSM,0,13.6,10.2,8,6,1.7,-1
28,BSM,0,13.6,10.2,8,6,1.7,-1
66,BSM,0,13.6,10.2,8,6,1.7,-1
57,BSM,0,13.6,10.2,8,6,1.7,-1
83,BSM,0,13.6,10.2,8,6,1.7,-1
75,BSM,0,13.6,10.2,8,6,1.7,-1
38,BSM,0,13.6,10.2,8,6,1.7,-1
48,BSM,0,13.6,10.2,8,6,1.7,-1
84,BSM,0,13.6,10.2,8,6,1.7,-1
9,BSM,0,13.6,10.2,8,6,1.7,-1
90,BSM,0,13.6,10.2,8,6,1.7,-1
19,BSM,0,13.6,10.2,8,6,1.7,-1
91,BSM,0,13.6,10.2,8,6,1.7,-1
92,BSM,0,13.6,10.2,8,6,1.7,-1
76,BSM,0,13.6,10.2,8,6,1.7,-1
67,BSM,0,13.6,10.2,8,6,1.7,-1
29,BSM,0,13.6,10.2,8,6,1.7,-1
58,BSM,0,13.6,10.2,8,6,1.7,-1
39,BSM,0,13.6,10.2,8,6,1.7,-1
85,BSM,0,13.6,10.2,8,6,1.7,-1
93,BSM,0,13.6,10.2,8,6,1.7,-1
94,BSM,0,13.6,10.2,8,6,1.7,-1
49,BSM,0,13.6,10.2,8,6,1.7,-1
100,BSM,0,13.6,10.2,8,6,1.7,-1
77,BSM,0,13.6,10.2,8,6,1.7,-1
86,BSM,0,13.6,10.2,8,6,1.7,-1
68,BSM,0,13.6,10.2,8,6,1.7,-1
101,BSM,0,13.6,10.2,8,6,1.7,-1
102,BSM,0,13.6,10.2,8,6,1.7,-1
95,BSM,0,13.6,10.2,8,6,1.7,-1
59,BSM,0,13.6,10.2,8,6,1.7,-1
103,BSM,0,13.6,10.2,8,6,1.7,-1
78,BSM,0,13.6,10.2,8,6,1.7,-1
87,BSM,0,13.6,10.2,8,6,1.7,-1
96,BSM,0,13.6,10.2,8,6,1.7,-1
104,BSM,0,13.6,10.2,8,6,1.7,-1
69,BSM,0,13.6,10.2,8,6,1.7,-1
110,BSM,0,13.6,10.2,8,6,1.7,-1
111,BSM,0,13.6,10.2,8,6,1.7,-1
112,BSM,0,13.6,10.2,8,6,1.7,-1
105,BSM,0,13.6,10.2,8,6,1.7,-1
88,BSM,0,13.6,10.2,8,6,1.7,-1
79,BSM,0,13.6,10.2,8,6,1.7,-1
97,BSM,0,13.6,10.2,8,6,1.7,-1
113,BSM,0,13.6,10.2,8,6,1.7,-1
106,BSM,0,13.6,10.2,8,6,1.7,-1
114,BSM,0,13.6,10.2,8,6,1.7,-1
120,BSM,0,13.6,10.2,8,6,1.7,-1
121,BSM,0,13.6,10.2,8,6,1.7,-1
98,BSM,0,13.6,10.2,8,6,1.7,-1
89,BSM,0,13.6,10.2,8,6,1.7,-1
115,BSM,0,13.6,10.2,8,6,1.7,-1
122,BSM,0,13.6,10.2,8,6,1.7,-1
107,BSM,0,13.6,10.2,8,6,1.7,-1
123,BSM,0,13.6,10.2,8,6,1.7,-1
116,BSM,0,13.6,10.2,8,6,1.7,-1
124,BSM,0,13.6,10.2,8,6,1.7,-1
99,BSM,0,13.6,10.2,8,6,1.7,-1
108,BSM,0,13.6,10.2,8,6,1.7,-1
130,BSM,0,13.6,10.2,8,6,1.7,-1
117,BSM,0,13.6,10.2,8,6,1.7,-1
125,BSM,0,13.6,10.2,8,6,1.7,-1
131,BSM,0,13.6,10.2,8,6,1.7,-1
126,BSM,0,13.6,10.2,8,6,1.7,-1
109,BSM,0,13.6,10.2,8,6,1.7,-1
118,BSM,0,13.6,10.2,8,6,1.7,-1
127,BSM,0,13.6,10.2,8,6,1.7,-1
119,BSM,0,13.6,10.2,8,6,1.7,-1
128,BSM,0,13.6,10.2,8,6,1.7,-1
129,BSM,0,13.6,10.2,8,6,1.7,-1
10,BSM,0,13.6,10.2,8,6,1.7,-1
1,BSM,0,13.6,10.2,8,6,1.7,-1
11,BSM,0,13.6,10.2,8,6,1.7,-1
20,BSM,0,13.6,10.2,8,6,1.7,-1
2,BSM,0,13.6,10.2,8,6,1.7,-1
12,BSM,0,13.6,10.2,8,6,1.7,-1
21,BSM,0,13.6,10.2,8,6,1.7,-1
22,BSM,0,13.6,10.2,8,6,1.7,-1
3,BSM,0,13.6,10.2,8,6,1.7,-1
30,BSM,0,13.6,10.2,8,6,1.7,-1
13,BSM,0,13.6,10.2,8,6,1.7,-1
31,BSM,0,13.6,10.2,8,6,1.7,-1
32,BSM,0,13.6,10.2,8,6,1.7,-1
23,BSM,0,13.6,10.2,8,6,1.7,-1
40,BSM,0,13.6,10.2,8,6,1.7,-1
4,BSM,0,13.6,10.2,8,6,1.7,-1
41,BSM,0,13.6,10.2,8,6,1.7,-1
14,BSM,0,13.6,10.2,8,6,1.7,-1
33,BSM,0,13.6,10.2,8,6,1.7,-1
24,BSM,0,13.6,10.2,8,6,1.7,-1
42,BSM,0,13.6,10.2,8,6,1.7,-1
50,BSM,0,13.6,10.2,8,6,1.7,-1
34,BSM,0,13.6,10.2,8,6,1.7,-1
43,BSM,0,13.6,10.2,8,6,1.7,-1
15,BSM,0,13.6,10.2,8,6,1.7,-1
5,BSM,0,13.6,10.2,8,6,1.7,-1
51,BSM,0,13.6,10.2,8,6,1.7,-1
52,BSM,0,13.6,10.2,8,6,1.7,-1
25,BSM,0,13.6,10.2,8,6,1.7,-1
44,BSM,0,13.6,10.2,8,6,1.7,-1
53,BSM,0,13.6,10.2,8,6,1.7,-1
35,BSM,0,13.6,10.2,8,6,1.7,-1
6,BSM,0,13.6,10.2,8,6,1.7,-1
60,BSM,0,13.6,10.2,8,6,1.7,-1
16,BSM,0,13.6,10.2,8,6,1.7,-1
61,BSM,0,13.6,10.2,8,6,1.7,-1
62,BSM,0,13.6,10.2,8,6,1.7,-1
54,BSM,0,13.6,10.2,8,6,1.7,-1
26,BSM,0,13.6,10.2,8,6,1.7,-1
45,BSM,0,13.6,10.2,8,6,1.7,-1
36,BSM,0,13.6,10.2,8,6,1.7,-1
63,BSM,0,13.6,10.2,8,6,1.7,-1
70,BSM,0,13.6,10.2,8,6,1.7,-1
7,BSM,0,13.6,10.2,8,6,1.7,-1
71,BSM,0,13.6,10.2,8,6,1.7,-1
55,BSM,0,13.6,10.2,8,6,1.7,-1
17,BSM,0,13.6,10.2,8,6,1.7,-1
64,BSM,0,13.6,10.2,8,6,1.7,-1
46,BSM,0,13.6,10.2,8,6,1.7,-1
72,BSM,0,13.6,10.2,8,6,1.7,-1
27,BSM,0,13.6,10.2,8,6,1.7,-1
37,BSM,0,13.6,10.2,8,6,1.7,-1
73,BSM,0,13.6,10.2,8,6,1.7,-1
56,BSM,0,13.6,10.2,8,6,1.7,-1
65,BSM,0,13.6,10.2,8,6,1.7,-1
80,BSM,0,13.6,10.2,8,6,1.7,-1
18,BSM,0,13.6,10.2,8,6,1.7,-1
8,BSM,0,13.6,10.2,8,6,1.7,-1
74,BSM,0,13.6,10.2,8,6,1.7,-1
81,BSM,0,13.6,10.2,8,6,1.7,-1
47,BSM,0,13.6,10.2,8,6,1.7,-1
82,BSM,0,13.6,10.2,8,6,1.7,-1
28,BSM,0,13.6,10.2,8,6,1.7,-1
66,BSM,0,13.6,10.2,8,6,1.7,-1
57,BSM,0,13.6,10.2,8,6,1.7,-1
83,BSM,0,13.6,10.2,8,6,1.7,-1
75,BSM,0,13.6,10.2,8,6,1.7,-1
38,BSM,0,13.6,10.2,8,6,1.7,-1
48,BSM,0,13.6,10.2,8,6,1.7,-1
84,BSM,0,13.6,10.2,8,6,1.7,-1
9,BSM,0,13.6,10.2,8,6,1.7,-1
90,BSM,0,13.6,10.2,8,6,1.7,-1
19,BSM,0,13.6,10.2,8,6,1.7,-1
91,BSM,0,13.6,10.2,8,6,1.7,-1
92,BSM,0,13.6,10.2,8,6,1.7,-1
76,BSM,0,13.6,10.2,8,6,1.7,-1
67,BSM,0,13.6,10.2,8,6,1.7,-1
29,BSM,0,13.6,10.2,8,6,1.7,-1
58,BSM,0,13.6,10.2,8,6,1.7,-1
39,BSM,0,13.6,10.2,8,6,1.7,-1
85,BSM,0,13.6,10.2,8,6,1.7,-1
93,BSM,0,13.6,10.2,8,6,1.7,-1
94,BSM,0,13.6,10.2,8,6,1.7,-1
49,BSM,0,13.6,10.2,8,6,1.7,-1
100,BSM,0,13.6,10.2,8,6,1.7,-1
77,BSM,0,13.6,10.2,8,6,1.7,-1
86,BSM,0,13.6,10.2,8,6,1.7,-1
68,BSM,0,13.6,10.2,8,6,1.7,-1
101,BSM,0,13.6,10.2,8,6,1.7,-1
102,BSM,0,13.6,10.2,8,6,1.7,-1
95,BSM,0,13.6,10.2,8,6,1.7,-1
59,BSM,0,13.6,10.2,8,6,1.7,-1
103,BSM,0,13.6,10.2,8,6,1.7,-1
78,BSM,0,13.6,10.2,8,6,1.7,-1
87,BSM,0,13.6,10.2,8,6,1.7,-1
96,BSM,0,13.6,10.2,8,6,1.7,-1
104,BSM,0,13.6,10.2,8,6,1.7,-1
69,BSM,0,13.6,10.2,8,6,1.7,-1
110,BSM,0,13.6,10.2,8,6,1.7,-1
111,BSM,0,13.6,10.2,8,6,1.7,-1
112,BSM,0,13.6,10.2,8,6,1.7,-1
105,BSM,0,13.6,10.2,8,6,1.7,-1
88,BSM,0,13.6,10.2,8,6,1.7,-1
79,BSM,0,13.6,10.2,8,6,1.7,-1
97,BSM,0,13.6,10.2,8,6,1.7,-1
113,BSM,0,13.6,10.2,8,6,1.7,-1
106,BSM,0,13.6,10.2,8,6,1.7,-1
114,BSM,0,13.6,10.2,8,6,1.7,-1
120,BSM,0,13.6,10.2,8,6,1.7,-1
121,BSM,0,13.6,10.2,8,6,1.7,-1
98,BSM,0,13.6,10.2,8,6,1.7,-1
89,BSM,0,13.6,10.2,8,6,1.7,-1
115,BSM,0,13.6,10.2,8,6,1.7,-1
122,BSM,0,13.6,10.2,8,6,1.7,-1
107,BSM,0,13.6,10.2,8,6,1.7,-1
123,BSM,0,13.6,10.2,8,6,1.7,-1
116,BSM,0,13.6,10.2,8,6,1.7,-1
124,BSM,0,13.6,10.2,8,6,1.7,-1
99,BSM,0,13.6,10.2,8,6,1.7,-1
108,BSM,0,13.6,10.2,8,6,1.7,-1
130,BSM,0,13.6,10.2,8,6,1.7,-1
117,BSM,0,13.6,10.2,8,6,1.7,-1
125,BSM,0,13.6,10.2,8,6,1.7,-1
131,BSM,0,13.6,10.2,8,6,1.7,-1
126,BSM,0,13.6,10.2,8,6,1.7,-1
109,BSM,0,13.6,10.2,8,6,1.7,-1
118,BSM,0,13.6,10.2,8,6,1.7,-1
127,BSM,0,13.6,10.2,8,6,1.7,-1
119,BSM,0,13.6,10.2,8,6,1.7,-1
128,BSM,0,13.6,10.2,8,6,1.7,-1
129,BSM,0,13.6,10.2,8,6,1.7,-1
10,BSM,0,13.6,10.2,8,6,1.7,-1
1,BSM,0,13.6,10.2,8,6,1.7,-1
11,BSM,0,13.6,10.2,8,6,1.7,-1
20,BSM,0,13.6,10.2,8,6,1.7,-1
2,BSM,0,13.6,10.2,8,6,1.7,-1
12,BSM,0,13.6,10.2,8,6,1.7,-1
21,BSM,0,13.6,10.2,8,6,1.7,-1
22,BSM,0,13.6,10.2,8,6,1.7,-1
3,BSM,0,13.6,10.2,8,6,1.7,-1
30,BSM,0,13.6,10.2,8,6,1.7,-1
13,BSM,0,13.6,10.2,8,6,1.7,-1
31,BSM,0,13.6,10.2,8,6,1.7,-1
32,BSM,0,13.6,10.2,8,6,1.7,-1
23,BSM,0,13.6,10.2,8,6,1.7,-1
40,BSM,0,13.6,10.2,8,6,1.7,-1
4,BSM,0,13.6,10.2,8,6,1.7,-1
41,BSM,0,13.6,10.2,8,6,1.7,-1
14,BSM,0,13.6,10.2,8,6,1.7,-1
33,BSM,0,13.6,10.2,8,6,1.7,-1
24,BSM,0,13.6,10.2,8,6,1.7,-1
42,BSM,0,13.6,10.2,8,6,1.7,-1
50,BSM,0,13.6,10.2,8,6,1.7,-1
34,BSM,0,13.6,10.2,8,6,1.7,-1
43,BSM,0,13.6,10.2,8,6,1.7,-1
15,BSM,0,13.6,10.2,8,6,1.7,-1
5,BSM,0,13.6,10.2,8,6,1.7,-1
51,BSM,0,13.6,10.2,8,6,1.7,-1
52,BSM,0,13.6,10.2,8,6,1.7,-1
25,BSM,0,13.6,10.2,8,6,1.7,-1
44,BSM,0,13.6,10.2,8,6,1.7,-1
53,BSM,0,13.6,10.2,8,6,1.7,-1
35,BSM,0,13.6,10.2,8,6,1.7,-1
6,BSM,0,13.6,10.2,8,6,1.7,-1
60,BSM,0,13.6,10.2,8,6,1.7,-1
16,BSM,0,13.6,10.2,8,6,1.7,-1
61,BSM,0,13.6,10.2,8,6,1.7,-1
62,BSM,0,13.6,10.2,8,6,1.7,-1
54,BSM,0,13.6,10.2,8,6,1.7,-1
26,BSM,0,13.6,10.2,8,6,1.7,-1
45,BSM,0,13.6,10.2,8,6,1.7,-1
36,BSM,0,13.6,10.2,8,6,1.7,-1
63,BSM,0,13.6,10.2,8,6,1.7,-1
70,BSM,0,13.6,10.2,8,6,1.7,-1
7,BSM,0,13.6,10.2,8,6,1.7,-1
71,BSM,0,13.6,10.2,8,6,1.7,-1
55,BSM,0,13.6,10.2,8,6,1.7,-1
17,BSM,0,13.6,10.2,8,6,1.7,-1
64,BSM,0,13.6,10.2,8,6,1.7,-1
46,BSM,0,13.6,10.2,8,6,1.7,-1
72,BSM,0,13.6,10.2,8,6,1.7,-1
27,BSM,0,13.6,10.2,8,6,1.7,-1
37,BSM,0,13.6,10.2,8,6,1.7,-1
73,BSM,0,13.6,10.2,8,6,1.7,-1
56,BSM,0,13.6,10.2,8,6,1.7,-1
65,BSM,0,13.6,10.2,8,6,1.7,-1
80,BSM,0,13.6,10.2,8,6,1.7,-1
18,BSM,0,13.6,10.2,8,6,1.7,-1
8,BSM,0,13.6,10.2,8,6,1.7,-1
74,BSM,0,13.6,10.2,8,6,1.7,-1
81,BSM,0,13.6,10.2,8,6,1.7,-1
47,BSM,0,13.6,10.2,8,6,1.7,-1
82,BSM,0,13.6,10.2,8,6,1.7,-1
28,BSM,0,13.6,10.2,8,6,1.7,-1
66,BSM,0,13.6,10.2,8,6,1.7,-1
57,BSM,0,13.6,10.2,8,6,1.7,-1
83,BSM,0,13.6,10.2,8,6,1.7,-1
75,BSM,0,13.6,10.2,8,6,1.7,-1
38,BSM,0,13.6,10.2,8,6,1.7,-1
48,BSM,0,13.6,10.2,8,6,1.7,-1
84,BSM,0,13.6,10.2,8,6,1.7,-1
9,BSM,0,13.6,10.2,8,6,1.7,-1
90,BSM,0,13.6,10.2,8,6,1.7,-1
19,BSM,0,13.6,10.2,8,6,1.7,-1
91,BSM,0,13.6,10.2,8,6,1.7,-1
92,BSM,0,13.6,10.2,8,6,1.7,-1
76,BSM,0,13.6,10.2,8,6,1.7,-1
67,BSM,0,13.6,10.2,8,6,1.7,-1
29,BSM,0,13.6,10.2,8,6,1.7,-1
58,BSM,0,13.6,10.2,8,6,1.7,-1
39,BSM,0,13.6,10.2,8,6,1.7,-1
85,BSM,0,13.6,10.2,8,6,1.7,-1
93,BSM,0,13.6,10.2,8,6,1.7,-1
94,BSM,0,13.6,10.2,8,6,1.7,-1
49,BSM,0,13.6,10.2,8,6,1.7,-1
100,BSM,0,13.6,10.2,8,6,1.7,-1
77,BSM,0,13.6,10.2,8,6,1.7,-1
86,BSM,0,13.6,10.2,8,6,1.7,-1
68,BSM,0,13.6,10.2,8,6,1.7,-1
101,BSM,0,13.6,10.2,8,6,1.7,-1
102,BSM,0,13.6,10.2,8,6,1.7,-1
95,BSM,0,13.6,10.2,8,6,1.7,-1
59,BSM,0,13.6,10.2,8,6,1.7,-1
103,BSM,0,13.6,10.2,8,6,1.7,-1
78,BSM,0,13.6,10.2,8,6,1.7,-1
87,BSM,0,13.6,10.2,8,6,1.7,-1
96,BSM,0,13.6,10.2,8,6,1.7,-1
104,BSM,0,13.6,10.2,8,6,1.7,-1
69,BSM,0,13.6,10.2,8,6,1.7,-1
110,BSM,0,13.6,10.2,8,6,1.7,-1
111,BSM,0,13.6,10.2,8,6,1.7,-1
112,BSM,0,13.6,10.2,8,6,1.7,-1
105,BSM,0,13.6,10.2,8,6,1.7,-1
88,BSM,0,13.6,10.2,8,6,1.7,-1
79,BSM,0,13.6,10.2,8,6,1.7,-1
97,BSM,0,13.6,10.2,8,6,1.7,-1
113,BSM,0,13.6,10.2,8,6,1.7,-1
106,BSM,0,13.6,10.2,8,6,1.7,-1
114,BSM,0,13.6,10.2,8,6,1.7,-1
120,BSM,0,13.6,10.2,8,6,1.7,-1
121,BSM,0,13.6,10.2,8,6,1.7,-1
98,BSM,0,13.6,10.2,8,6,1.7,-1
89,BSM,0,13.6,10.2,8,6,1.7,-1
115,BSM,0,13.6,10.2,8,6,1.7,-1
122,BSM,0,13.6,10.2,8,6,1.7,-1
107,BSM,0,13.6,10.2,8,6,1.7,-1
123,BSM,0,13.6,10.2,8,6,1.7,-1
116,BSM,0,13.6,10.2,8,6,1.7,-1
124,BSM,0,13.6,10.2,8,6,1.7,-1
99,BSM,0,13.6,10.2,8,6,1.7,-1
108,BSM,0,13.6,10.2,8,6,1.7,-1
130,BSM,0,13.6,10.2,8,6,1.7,-1
117,BSM,0,13.6,10.2,8,6,1.7,-1
125,BSM,0,13.6,10.2,8,6,1.7,-1
131,BSM,0,13.6,10.2,8,6,1.7,-1
126,BSM,0,13.6,10.2,8,6,1.7,-1
109,BSM,0,13.6,10.2,8,6,1.7,-1
118,BSM,0,13.6,10.2,8,6,1.7,-1
127,BSM,0,13.6,10.2,8,6,1.7,-1
119,BSM,0,13.6,10.2,8,6,1.7,-1
128,BSM,0,13.6,10.2,8,6,1.7,-1
129,BSM,0,13.6,10.2,8,6,1.7,-1
10,BSM,0,13.6,10.2,8,6,1.7,-1
1,BSM,0,13.6,10.2,8,6,1.7,-1
11,BSM,0,13.6,10.2,8,6,1.7,-1
20,BSM,0,13.6,10.2,8,6,1.7,-1
2,BSM,0,13.6,10.2,8,6,1.7,-1
12,BSM,0,13.6,10.2,8,6,1.7,-1
21,BSM,0,13.6,10.2,8,6,1.7,-1
22,BSM,0,13.6,10.2,8,6,1.7,-1
3,BSM,0,13.6,10.2,8,6,1.7,-1
30,BSM,0,13.6,10.2,8,6,1.7,-1
13,BSM,0,13.6,10.2,8,6,1.7,-1
31,BSM,0,13.6,10.2,8,6,1.7,-1
32,BSM,0,13.6,10.2,8,6,1.7,-1
23,BSM,0,13.6,10.2,8,6,1.7,-1
40,BSM,0,13.6,10.2,8,6,1.7,-1
4,BSM,0,13.6,10.2,8,6,1.7,-1
41,BSM,0,13.6,10.2,8,6,1.7,-1
14,BSM,0,13.6,10.2,8,6,1.7,-1
33,BSM,0,13.6,10.2,8,6,1.7,-1
24,BSM,0,13.6,10.2,8,6,1.7,-1
42,BSM,0,13.6,10.2,8,6,1.7,-1
50,BSM,0,13.6,10.2,8,6,1.7,-1
34,BSM,0,13.6,10.2,8,6,1.7,-1
43,BSM,0,13.6,10.2,8,6,1.7,-1
15,BSM,0,13.6,10.2,8,6,1.7,-1
5,BSM,0,13.6,10.2,8,6,1.7,-1
51,BSM,0,13.6,10.2,8,6,1.7,-1
52,BSM,0,13.6,10.2,8,6,1.7,-1
25,BSM,0,13.6,10.2,8,6,1.7,-1
44,BSM,0,13.6,10.2,8,6,1.7,-1
53,BSM,0,13.6,10.2,8,6,1.7,-1
35,BSM,0,13.6,10.2,8,6,1.7,-1
6,BSM,0,13.6,10.2,8,6,1.7,-1
60,BSM,0,13.6,10.2,8,6,1.7,-1
16,BSM,0,13.6,10.2,8,6,1.7,-1
61,BSM,0,13.6,10.2,8,6,1.7,-1
62,BSM,0,13.6,10.2,8,6,1.7,-1
54,BSM,0,13.6,10.2,8,6,1.7,-1
26,BSM,0,13.6,10.2,8,6,1.7,-1
45,BSM,0,13.6,10.2,8,6,1.7,-1
36,BSM,0,13.6,10.2,8,6,1.7,-1
63,BSM,0,13.6,10.2,8,6,1.7,-1
70,BSM,0,13.6,10.2,8,6,1.7,-1
7,BSM,0,13.6,10.2,8,6,1.7,-1
71,BSM,0,13.6,10.2,8,6,1.7,-1
55,BSM,0,13.6,10.2,8,6,1.7,-1
17,BSM,0,13.6,10.2,8,6,1.7,-1
64,BSM,0,13.6,10.2,8,6,1.7,-1
46,BSM,0,13.6,10.2,8,6,1.7,-1
72,BSM,0,13.6,10.2,8,6,1.7,-1
27,BSM,0,13.6,10.2,8,6,1.7,-1
37,BSM,0,13.6,10.2,8,6,1.7,-1
73,BSM,0,13.6,10.2,8,6,1.7,-1
56,BSM,0,13.6,10.2,8,6,1.7,-1
65,BSM,0,13.6,10.2,8,6,1.7,-1
80,BSM,0,13.6,10.2,8,6,1.7,-1
18,BSM,0,13.6,10.2,8,6,1.7,-1
8,BSM,0,13.6,10.2,8,6,1.7,-1
74,BSM,0,13.6,10.2,8,6,1.7,-1
81,BSM,0,13.6,10.2,8,6,1.7,-1
47,BSM,0,13.6,10.2,8,6,1.7,-1
82,BSM,0,13.6,10.2,8,6,1.7,-1
28,BSM,0,13.6,10.2,8,6,1.7,-1
66,BSM,0,13.6,10.2,8,6,1.7,-1
57,BSM,0,13.6,10.2,8,6,1.7,-1
83,BSM,0,13.6,10.2,8,6,1.7,-1
75,BSM,0,13.6,10.2,8,6,1.7,-1
38,BSM,0,13.6,10.2,8,6,1.7,-1
48,BSM,0,13.6,10.2,8,6,1.7,-1
84,BSM,0,13.6,10.2,8,6,1.7,-1
9,BSM,0,13.6,10.2,8,6,1.7,-1
90,BSM,0,13.6,10.2,8,6,1.7,-1
19,BSM,0,13.6,10.2,8,6,1.7,-1
91,BSM,0,13.6,10.2,8,6,1.7,-1
92,BSM,0,13.6,10.2,8,6,1.7,-1
76,BSM,0,13.6,10.2,8,6,1.7,-1
67,BSM,0,13.6,10.2,8,6,1.7,-1
29,BSM,0,13.6,10.2,8,6,1.7,-1
58,BSM,0,13.6,10.2,8,6,1.7,-1
39,BSM,0,13.6,10.2,8,6,1.7,-1
85,BSM,0,13.6,10.2,8,6,1.7,-1
93,BSM,0,13.6,10.2,8,6,1.7,-1
94,BSM,0,13.6,10.2,8,6,1.7,-1
49,BSM,0,13.6,10.2,8,6,1.7,-1
100,BSM,0,13.6,10.2,8,6,1.7,-1
77,BSM,0,13.6,10.2,8,6,1.7,-1
86,BSM,0,13.6,10.2,8,6,1.7,-1
68,BSM,0,13.6,10.2,8,6,1.7,-1
101,BSM,0,13.6,10.2,8,6,1.7,-1
102,BSM,0,13.6,10.2,8,6,1.7,-1
95,BSM,0,13.6,10.2,8,6,1.7,-1
59,BSM,0,13.6,10.2,8,6,1.7,-1
103,BSM,0,13.6,10.2,8,6,1.7,-1
78,BSM,0,13.6,10.2,8,6,1.7,-1
87,BSM,0,13.6,10.2,8,6,1.7,-1
96,BSM,0,13.6,10.2,8,6,1.7,-1
104,BSM,0,13.6,10.2,8,6,1.7,-1
69,BSM,0,13.6,10.2,8,6,1.7,-1
110,BSM,0,13.6,10.2,8,6,1.7,-1
111,BSM,0,13.6,10.2,8,6,1.7,-1
112,BSM,0,13.6,10.2,8,6,1.7,-1
105,BSM,0,13.6,10.2,8,6,1.7,-1
88,BSM,0,13.6,10.2,8,6,1.7,-1
79,BSM,0,13.6,10.2,8,6,1.7,-1
97,BSM,0,13.6,10.2,8,6,1.7,-1
113,BSM,0,13.6,10.2,8,6,1.7,-1
106,BSM,0,13.6,10.2,8,6,1.7,-1
114,BSM,0,13.6,10.2,8,6,1.7,-1
120,BSM,0,13.6,10.2,8,6,1.7,-1
121,BSM,0,13.6,10.2,8,6,1.7,-1
98,BSM,0,13.6,10.2,8,6,1.7,-1
89,BSM,0,13.6,10.2,8,6,1.7,-1
115,BSM,0,13.6,10.2,8,6,1.7,-1
122,BSM,0,13.6,10.2,8,6,1.7,-1
107,BSM,0,13.6,10.2,8,6,1.7,-1
123,BSM,0,13.6,10.2,8,6,1.7,-1
116,BSM,0,13.6,10.2,8,6,1.7,-1
124,BSM,0,13.6,10.2,8,6,1.7,-1
99,BSM,0,13.6,10.2,8,6,1.7,-1
108,BSM,0,13.6,10.2,8,6,1.7,-1
130,BSM,0,13.6,10.2,8,6,1.7,-1
117,BSM,0,13.6,10.2,8,6,1.7,-1
125,BSM,0,13.6,10.2,8,6,1.7,-1
131,BSM,0,13.6,10.2,8,6,1.7,-1
126,BSM,0,13.6,10.2,8,6,1.7,-1
109,BSM,0,13.6,10.2,8,6,1.7,-1
118,BSM,0,13.6,10.2,8,6,1.7,-1
127,BSM,0,13.6,10.2,8,6,1.7,-1
119,BSM,0,13.6,10.2,8,6,1.7,-1
128,BSM,0,13.6,10.2,8,6,1.7,-1
129,BSM,0,13.6,10.2,8,6,1.7,-1
10,BSM,0,13.6,10.2,8,6,1.7,-1
1,BSM,0,13.6,10.2,8,6,1.7,-1
11,BSM,0,13.6,10.2,8,6,1.7,-1
20,BSM,0,13.6,10.2,8,6,1.7,-1
2,BSM,0,13.6,10.2,8,6,1.7,-1
12,BSM,0,13.6,10.2,8,6,1.7,-1
21,BSM,0,13.6,10.2,8,6,1.7,-1
22,BSM,0,13.6,10.2,8,6,1.7,-1
3,BSM,0,13.6,10.2,8,6,1.7,-1
30,BSM,0,13.6,10.2,8,6,1.7,-1
13,BSM,0,13.6,10.2,8,6,1.7,-1
31,BSM,0,13.6,10.2,8,6,1.7,-1
32,BSM,0,13.6,10.2,8,6,1.7,-1
23,BSM,0,13.6,10.2,8,6,1.7,-1
40,BSM,0,13.6,10.2,8,6,1.7,-1
4,BSM,0,13.6,10.2,8,6,1.7,-1
41,BSM,0,13.6,10.2,8,6,1.7,-1
14,BSM,0,13.6,10.2,8,6,1.7,-1
33,BSM,0,13.6,10.2,8,6,1.7,-1
24,BSM,0,13.6,10.2,8,6,1.7,-1
42,BSM,0,13.6,10.2,8,6,1.7,-1
50,BSM,0,13.6,10.2,8,6,1.7,-1
34,BSM,0,13.6,10.2,8,6,1.7,-1
43,BSM,0,13.6,10.2,8,6,1.7,-1
15,BSM,0,13.6,10.2,8,6,1.7,-1
5,BSM,0,13.6,10.2,8,6,1.7,-1
51,BSM,0,13.6,10.2,8,6,1.7,-1
52,BSM,0,13.6,10.2,8,6,1.7,-1
25,BSM,0,13.6,10.2,8,6,1.7,-1
44,BSM,0,13.6,10.2,8,6,1.7,-1
53,BSM,0,13.6,10.2,8,6,1.7,-1
35,BSM,0,13.6,10.2,8,6,1.7,-1
6,BSM,0,13.6,10.2,8,6,1.7,-1
60,BSM,0,13.6,10.2,8,6,1.7,-1
16,BSM,0,13.6,10.2,8,6,1.7,-1
61,BSM,0,13.6,10.2,8,6,1.7,-1
62,BSM,0,13.6,10.2,8,6,1.7,-1
54,BSM,0,13.6,10.2,8,6,1.7,-1
26,BSM,0,13.6,10.2,8,6,1.7,-1
45,BSM,0,13.6,10.2,8,6,1.7,-1
36,BSM,0,13.6,10.2,8,6,1.7,-1
63,BSM,0,13.6,10.2,8,6,1.7,-1
70,BSM,0,13.6,10.2,8,6,1.7,-1
7,BSM,0,13.6,10.2,8,6,1.7,-1
71,BSM,0,13.6,10.2,8,6,1.7,-1
55,BSM,0,13.6,10.2,8,6,1.7,-1
17,BSM,0,13.6,10.2,8,6,1.7,-1
64,BSM,0,13.6,10.2,8,6,1.7,-1
46,BSM,0,13.6,10.2,8,6,1.7,-1
72,BSM,0,13.6,10.2,8,6,1.7,-1
27,BSM,0,13.6,10.2,8,6,1.7,-1
37,BSM,0,13.6,10.2,8,6,1.7,-1
73,BSM,0,13.6,10.2,8,6,1.7,-1
56,BSM,0,13.6,10.2,8,6,1.7,-1
65,BSM,0,13.6,10.2,8,6,1.7,-1
80,BSM,0,13.6,10.2,8,6,1.7,-1
18,BSM,0,13.6,10.2,8,6,1.7,-1
8,BSM,0,13.6,10.2,8,6,1.7,-1
74,BSM,0,13.6,10.2,8,6,1.7,-1
81,BSM,0,13.6,10.2,8,6,1.7,-1
47,BSM,0,13.6,10.2,8,6,1.7,-1
82,BSM,0,13.6,10.2,8,6,1.7,-1
28,BSM,0,13.6,10.2,8,6,1.7,-1
66,BSM,0,13.6,10.2,8,6,1.7,-1
57,BSM,0,13.6,10.2,8,6,1.7,-1
83,BSM,0,13.6,10.2,8,6,1.7,-1
75,BSM,0,13.6,10.2,8,6,1.7,-1
38,BSM,0,13.6,10.2,8,6,1.7,-1
48,BSM,0,13.6,10.2,8,6,1.7,-1
84,BSM,0,13.6,10.2,8,6,1.7,-1
9,BSM,0,13.6,10.2,8,6,1.7,-1
90,BSM,0,13.6,10.2,8,6,1.7,-1
19,BSM,0,13.6,10.2,8,6,1.7,-1
91,BSM,0,13.6,10.2,8,6,1.7,-1
92,BSM,0,13.6,10.2,8,6,1.7,-1
76,BSM,0,13.6,10.2,8,6,1.7,-1
67,BSM,0,13.6,10.2,8,6,1.7,-1
29,BSM,0,13.6,10.2,8,6,1.7,-1
58,BSM,0,13.6,10.2,8,6,1.7,-1
39,BSM,0,13.6,10.2,8,6,1.7,-1
85,BSM,0,13.6,10.2,8,6,1.7,-1
93,BSM,0,13.6,10.2,8,6,1.7,-1
94,BSM,0,13.6,10.2,8,6,1.7,-1
49,BSM,0,13.6,10.2,8,6,1.7,-1
100,BSM,0,13.6,10.2,8,6,1.7,-1
77,BSM,0,13.6,10.2,8,6,1.7,-1
86,BSM,0,13.6,10.2,8,6,1.7,-1
68,BSM,0,13.6,10.2,8,6,1.7,-1
101,BSM,0,13.6,10.2,8,6,1.7,-1
102,BSM,0,13.6,10.2,8,6,1.7,-1
95,BSM,0,13.6,10.2,8,6,1.7,-1
59,BSM,0,13.6,10.2,8,6,1.7,-1
103,BSM,0,13.6,10.2,8,6,1.7,-1
78,BSM,0,13.6,10.2,8,6,1.7,-1
87,BSM,0,13.6,10.2,8,6,1.7,-1
96,BSM,0,13.6,10.2,8,6,1.7,-1
104,BSM,0,13.6,10.2,8,6,1.7,-1
69,BSM,0,13.6,10.2,8,6,1.7,-1
110,BSM,0,13.6,10.2,8,6,1.7,-1
111,BSM,0,13.6,10.2,8,6,1.7,-1
112,BSM,0,13.6,10.2,8,6,1.7,-1
105,BSM,0,13.6,10.2,8,6,1.7,-1
88,BSM,0,13.6,10.2,8,6,1.7,-1
79,BSM,0,13.6,10.2,8,6,1.7,-1
97,BSM,0,13.6,10.2,8,6,1.7,-1
113,BSM,0,13.6,10.2,8,6,1.7,-1
106,BSM,0,13.6,10.2,8,6,1.7,-1
114,BSM,0,13.6,10.2,8,6,1.7,-1
120,BSM,0,13.6,10.2,8,6,1.7,-1
121,BSM,0,13.6,10.2,8,6,1.7,-1
98,BSM,0,13.6,10.2,8,6,1.7,-1
89,BSM,0,13.6,10.2,8,6,1.7,-1
115,BSM,0,13.6,10.2,8,6,1.7,-1
122,BSM,0,13.6,10.2,8,6,1.7,-1
107,BSM,0,13.6,10.2,8,6,1.7,-1
123,BSM,0,13.6,10.2,8,6,1.7,-1
116,BSM,0,13.6,10.2,8,6,1.7,-1
124,BSM,0,13.6,10.2,8,6,1.7,-1
99,BSM,0,13.6,10.2,8,6,1.7,-1
108,BSM,0,13.6,10.2,8,6,1.7,-1
130,BSM,0,13.6,10.2,8,6,1.7,-1
117,BSM,0,13.6,10.2,8,6,1.7,-1
125,BSM,0,13.6,10.2,8,6,1.7,-1
131,BSM,0,13.6,10.2,8,6,1.7,-1
126,BSM,0,13.6,10.2,8,6,1.7,-1
109,BSM,0,13.6,10.2,8,6,1.7,-1
118,BSM,0,13.6,10.2,8,6,1.7,-1
127,BSM,0,13.6,10.2,8,6,1.7,-1
119,BSM,0,13.6,10.2,8,6,1.7,-1
128,BSM,0,13.6,10.2,8,6,1.7,-1
129,BSM,0,13.6,10.2,8,6,1.7,-1
10,BSM,0,13.6,10.2,8,6,1.7,-1
1,BSM,0,13.6,10.2,8,6,1.7,-1
11,BSM,0,13.6,10.2,8,6,1.7,-1
20,BSM,0,13.6,10.2,8,6,1.7,-1
2,BSM,0,13.6,10.2,8,6,1.7,-1
12,BSM,0,13.6,10.2,8,6,1.7,-1
21,BSM,0,13.6,10.2,8,6,1.7,-1
22,BSM,0,13.6,10.2,8,6,1.7,-1
3,BSM,0,13.6,10.2,8,6,1.7,-1
30,BSM,0,13.6,10.2,8,6,1.7,-1
13,BSM,0,13.6,10.2,8,6,1.7,-1
31,BSM,0,13.6,10.2,8,6,1.7,-1
32,BSM,0,13.6,10.2,8,6,1.7,-1
23,BSM,0,13.6,10.2,8,6,1.7,-1
40,BSM,0,13.6,10.2,8,6,1.7,-1
4,BSM,0,13.6,10.2,8,6,1.7,-1
41,BSM,0,13.6,10.2,8,6,1.7,-1
14,BSM,0,13.6,10.2,8,6,1.7,-1
33,BSM,0,13.6,10.2,8,6,1.7,-1
24,BSM,0,13.6,10.2,8,6,1.7,-1
42,BSM,0,13.6,10.2,8,6,1.7,-1
50,BSM,0,13.6,10.2,8,6,1.7,-1
34,BSM,0,13.6,10.2,8,6,1.7,-1
43,BSM,0,13.6,10.2,8,6,1.7,-1
15,BSM,0,13.6,10.2,8,6,1.7,-1
5,BSM,0,13.6,10.2,8,6,1.7,-1
51,BSM,0,13.6,10.2,8,6,1.7,-1
52,BSM,0,13.6,10.2,8,6,1.7,-1
25,BSM,0,13.6,10.2,8,6,1.7,-1
44,BSM,0,13.6,10.2,8,6,1.7,-1
53,BSM,0,13.6,10.2,8,6,1.7,-1
35,BSM,0,13.6,10.2,8,6,1.7,-1
6,BSM,0,13.6,10.2,8,6,1.7,-1
60,BSM,0,13.6,10.2,8,6,1.7,-1
16,BSM,0,13.6,10.2,8,6,1.7,-1
61,BSM,0,13.6,10.2,8,6,1.7,-1
62,BSM,0,13.6,10.2,8,6,1.7,-1
54,BSM,0,13.6,10.2,8,6,1.7,-1
26,BSM,0,13.6,10.2,8,6,1.7,-1
45,BSM,0,13.6,10.2,8,6,1.7,-1
36,BSM,0,13.6,10.2,8,6,1.7,-1
63,BSM,0,13.6,10.2,8,6,1.7,-1
70,BSM,0,13.6,10.2,8,6,1.7,-1
7,BSM,0,13.6,10.2,8,6,1.7,-1
71,BSM,0,13.6,10.2,8,6,1.7,-1
55,BSM,0,13.6,10.2,8,6,1.7,-1
17,BSM,0,13.6,10.2,8,6,1.7,-1
64,BSM,0,13.6,10.2,8,6,1.7,-1
46,BSM,0,13.6,10.2,8,6,1.7,-1
72,BSM,0,13.6,10.2,8,6,1.7,-1
27,BSM,0,13.6,10.2,8,6,1.7,-1
37,BSM,0,13.6,10.2,8,6,1.7,-1
73,BSM,0,13.6,10.2,8,6,1.7,-1
56,BSM,0,13.6,10.2,8,6,1.7,-1
65,BSM,0,13.6,10.2,8,6,1.7,-1
80,BSM,0,13.6,10.2,8,6,1.7,-1
18,BSM,0,13.6,10.2,8,6,1.7,-1
8,BSM,0,13.6,10.2,8,6,1.7,-1
74,BSM,0,13.6,10.2,8,6,1.7,-1
81,BSM,0,13.6,10.2,8,6,1.7,-1
47,BSM,0,13.6,10.2,8,6,1.7,-1
82,BSM,0,13.6,10.2,8,6,1.7,-1
28,BSM,0,13.6,10.2,8,6,1.7,-1
66,BSM,0,13.6,10.2,8,6,1.7,-1
57,BSM,0,13.6,10.2,8,6,1.7,-1
83,BSM,0,13.6,10.2,8,6,1.7,-1
75,BSM,0,13.6,10.2,8,6,1.7,-1
38,BSM,0,13.6,10.2,8,6,1.7,-1
48,BSM,0,13.6,10.2,8,6,1.7,-1
84,BSM,0,13.6,10.2,8,6,1.7,-1
9,BSM,0,13.6,10.2,8,6,1.7,-1
90,BSM,0,13.6,10.2,8,6,1.7,-1
19,BSM,0,13.6,10.2,8,6,1.7,-1
91,BSM,0,13.6,10.2,8,6,1.7,-1
92,BSM,0,13.6,10.2,8,6,1.7,-1
76,BSM,0,13.6,10.2,8,6,1.7,-1
67,BSM,0,13.6,10.2,8,6,1.7,-1
29,BSM,0,13.6,10.2,8,6,1.7,-1
58,BSM,0,13.6,10.2,8,6,1.7,-1
39,BSM,0,13.6,10.2,8,6,1.7,-1
85,BSM,0,13.6,10.2,8,6,1.7,-1
93,BSM,0,13.6,10.2,8,6,1.7,-1
94,BSM,0,13.6,10.2,8,6,1.7,-1
49,BSM,0,13.6,10.2,8,6,1.7,-1
100,BSM,0,13.6,10.2,8,6,1.7,-1
77,BSM,0,13.6,10.2,8,6,1.7,-1
86,BSM,0,13.6,10.2,8,6,1.7,-1
68,BSM,0,13.6,10.2,8,6,1.7,-1
101,BSM,0,13.6,10.2,8,6,1.7,-1
102,BSM,0,13.6,10.2,8,6,1.7,-1
95,BSM,0,13.6,10.2,8,6,1.7,-1
59,BSM,0,13.6,10.2,8,6,1.7,-1
103,BSM,0,13.6,10.2,8,6,1.7,-1
78,BSM,0,13.6,10.2,8,6,1.7,-1
87,BSM,0,13.6,10.2,8,6,1.7,-1
96,BSM,0,13.6,10.2,8,6,1.7,-1
104,BSM,0,13.6,10.2,8,6,1.7,-1
69,BSM,0,13.6,10.2,8,6,1.7,-1
110,BSM,0,13.6,10.2,8,6,1.7,-1
111,BSM,0,13.6,10.2,8,6,1.7,-1
112,BSM,0,13.6,10.2,8,6,1.7,-1
105,BSM,0,13.6,10.2,8,6,1.7,-1
88,BSM,0,13.6,10.2,8,6,1.7,-1
79,BSM,0,13.6,10.2,8,6,1.7,-1
97,BSM,0,13.6,10.2,8,6,1.7,-1
113,BSM,0,13.6,10.2,8,6,1.7,-1
106,BSM,0,13.6,10.2,8,6,1.7,-1
114,BSM,0,13.6,10.2,8,6,1.7,-1
120,BSM,0,13.6,10.2,8,6,1.7,-1
121,BSM,0,13.6,10.2,8,6,1.7,-1
98,BSM,0,13.6,10.2,8,6,1.7,-1
89,BSM,0,13.6,10.2,8,6,1.7,-1
115,BSM,0,13.6,10.2,8,6,1.7,-1
122,BSM,0,13.6,10.2,8,6,1.7,-1
107,BSM,0,13.6,10.2,8,6,1.7,-1
123,BSM,0,13.6,10.2,8,6,1.7,-1
116,BSM,0,13.6,10.2,8,6,1.7,-1
124,BSM,0,13.6,10.2,8,6,1.7,-1
99,BSM,0,13.6,10.2,8,6,1.7,-1
108,BSM,0,13.6,10.2,8,6,1.7,-1
130,BSM,0,13.6,10.2,8,6,1.7,-1
117,BSM,0,13.6,10.2,8,6,1.7,-1
125,BSM,0,13.6,10.2,8,6,1.7,-1
131,BSM,0,13.6,10.2,8,6,1.7,-1
126,BSM,0,13.6,10.2,8,6,1.7,-1
109,BSM,0,13.6,10.2,8,6,1.7,-1
118,BSM,0,13.6,10.2,8,6,1.7,-1
127,BSM,0,13.6,10.2,8,6,1.7,-1
119,BSM,0,13.6,10.2,8,6,1.7,-1
128,BSM,0,13.6,10.2,8,6,1.7,-1
129,BSM,0,13.6,10.2,8,6,1.7,-1
10,BSM,0,13.6,10.2,8,6,1.7,-1
1,BSM,0,13.6,10.2,8,6,1.7,-1
11,BSM,0,13.6,10.2,8,6,1.7,-1
20,BSM,0,13.6,10.2,8,6,1.7,-1
2,BSM,0,13.6,10.2,8,6,1.7,-1
12,BSM,0,13.6,10.2,8,6,1.7,-1
21,BSM,0,13.6,10.2,8,6,1.7,-1
22,BSM,0,13.6,10.2,8,6,1.7,-1
3,BSM,0,13.6,10.2,8,6,1.7,-1
30,BSM,0,13.6,10.2,8,6,1.7,-1
13,BSM,0,13.6,10.2,8,6,1.7,-1
31,BSM,0,13.6,10.2,8,6,1.7,-1
32,BSM,0,13.6,10.2,8,6,1.7,-1
23,BSM,0,13.6,10.2,8,6,1.7,-1
40,BSM,0,13.6,10.2,8,6,1.7,-1
4,BSM,0,13.6,10.2,8,6,1.7,-1
41,BSM,0,13.6,10.2,8,6,1.7,-1
14,BSM,0,13.6,10.2,8,6,1.7,-1
33,BSM,0,13.6,10.2,8,6,1.7,-1
24,BSM,0,13.6,10.2,8,6,1.7,-1
42,BSM,0,13.6,10.2,8,6,1.7,-1
50,BSM,0,13.6,10.2,8,6,1.7,-1
34,BSM,0,13.6,10.2,8,6,1.7,-1
43,BSM,0,13.6,10.2,8,6,1.7,-1
15,BSM,0,13.6,10.2,8,6,1.7,-1
5,BSM,0,13.6,10.2,8,6,1.7,-1
51,BSM,0,13.6,10.2,8,6,1.7,-1
52,BSM,0,13.6,10.2,8,6,1.7,-1
25,BSM,0,13.6,10.2,8,6,1.7,-1
44,BSM,0,13.6,10.2,8,6,1.7,-1
53,BSM,0,13.6,10.2,8,6,1.7,-1
35,BSM,0,13.6,10.2,8,6,1.7,-1
6,BSM,0,13.6,10.2,8,6,1.7,-1
60,BSM,0,13.6,10.2,8,6,1.7,-1
16,BSM,0,13.6,10.2,8,6,1.7,-1
61,BSM,0,13.6,10.2,8,6,1.7,-1
62,BSM,0,13.6,10.2,8,6,1.7,-1
54,BSM,0,13.6,10.2,8,6,1.7,-1
26,BSM,0,13.6,10.2,8,6,1.7,-1
45,BSM,0,13.6,10.2,8,6,1.7,-1
36,BSM,0,13.6,10.2,8,6,1.7,-1
63,BSM,0,13.6,10.2,8,6,1.7,-1
70,BSM,0,13.6,10.2,8,6,1.7,-1
7,BSM,0,13.6,10.2,8,6,1.7,-1
71,BSM,0,13.6,10.2,8,6,1.7,-1
55,BSM,0,13.6,10.2,8,6,1.7,-1
17,BSM,0,13.6,10.2,8,6,1.7,-1
64,BSM,0,13.6,10.2,8,6,1.7,-1
46,BSM,0,13.6,10.2,8,6,1.7,-1
72,BSM,0,13.6,10.2,8,6,1.7,-1
27,BSM,0,13.6,10.2,8,6,1.7,-1
37,BSM,0,13.6,10.2,8,6,1.7,-1
73,BSM,0,13.6,10.2,8,6,1.7,-1
56,BSM,0,13.6,10.2,8,6,1.7,-1
65,BSM,0,13.6,10.2,8,6,1.7,-1
80,BSM,0,13.6,10.2,8,6,1.7,-1
18,BSM,0,13.6,10.2,8,6,1.7,-1
8,BSM,0,13.6,10.2,8,6,1.7,-1
74,BSM,0,13.6,10.2,8,6,1.7,-1
81,BSM,0,13.6,10.2,8,6,1.7,-1
47,BSM,0,13.6,10.2,8,6,1.7,-1
82,BSM,0,13.6,10.2,8,6,1.7,-1
28,BSM,0,13.6,10.2,8,6,1.7,-1
66,BSM,0,13.6,10.2,8,6,1.7,-1
57,BSM,0,13.6,10.2,8,6,1.7,-1
83,BSM,0,13.6,10.2,8,6,1.7,-1
75,BSM,0,13.6,10.2,8,6,1.7,-1
38,BSM,0,13.6,10.2,8,6,1.7,-1
48,BSM,0,13.6,10.2,8,6,1.7,-1
84,BSM,0,13.6,10.2,8,6,1.7,-1
9,BSM,0,13.6,10.2,8,6,1.7,-1
90,BSM,0,13.6,10.2,8,6,1.7,-1
19,BSM,0,13.6,10.2,8,6,1.7,-1
91,BSM,0,13.6,10.2,8,6,1.7,-1
92,BSM,0,13.6,10.2,8,6,1.7,-1
76,BSM,0,13.6,10.2,8,6,1.7,-1
67,BSM,0,13.6,10.2,8,6,1.7,-1
29,BSM,0,13.6,10.2,8,6,1.7,-1
58,BSM,0,13.6,10.2,8,6,1.7,-1
39,BSM,0,13.6,10.2,8,6,1.7,-1
85,BSM,0,13.6,10.2,8,6,1.7,-1
93,BSM,0,13.6,10.2,8,6,1.7,-1
94,BSM,0,13.6,10.2,8,6,1.7,-1
49,BSM,0,13.6,10.2,8,6,1.7,-1
100,BSM,0,13.6,10.2,8,6,1.7,-1
77,BSM,0,13.6,10.2,8,6,1.7,-1
86,BSM,0,13.6,10.2,8,6,1.7,-1
68,BSM,0,13.6,10.2,8,6,1.7,-1
101,BSM,0,13.6,10.2,8,6,1.7,-1
102,BSM,0,13.6,10.2,8,6,1.7,-1
95,BSM,0,13.6,10.2,8,6,1.7,-1
59,BSM,0,13.6,10.2,8,6,1.7,-1
103,BSM,0,13.6,10.2,8,6,1.7,-1
78,BSM,0,13.6,10.2,8,6,1.7,-1
87,BSM,0,13.6,10.2,8,6,1.7,-1
96,BSM,0,13.6,10.2,8,6,1.7,-1
104,BSM,0,13.6,10.2,8,6,1.7,-1
69,BSM,0,13.6,10.2,8,6,1.7,-1
110,BSM,0,13.6,10.2,8,6,1.7,-1
111,BSM,0,13.6,10.2,8,6,1.7,-1
112,BSM,0,13.6,10.2,8,6,1.7,-1
105,BSM,0,13.6,10.2,8,6,1.7,-1
88,BSM,0,13.6,10.2,8,6,1.7,-1
79,BSM,0,13.6,10.2,8,6,1.7,-1
97,BSM,0,13.6,10.2,8,6,1.7,-1
113,BSM,0,13.6,10.2,8,6,1.7,-1
106,BSM,0,13.6,10.2,8,6,1.7,-1
114,BSM,0,13.6,10.2,8,6,1.7,-1
120,BSM,0,13.6,10.2,8,6,1.7,-1
121,BSM,0,13.6,10.2,8,6,1.7,-1
98,BSM,0,13.6,10.2,8,6,1.7,-1
89,BSM,0,13.6,10.2,8,6,1.7,-1
115,BSM,0,13.6,10.2,8,6,1.7,-1
122,BSM,0,13.6,10.2,8,6,1.7,-1
107,BSM,0,13.6,10.2,8,6,1.7,-1
123,BSM,0,13.6,10.2,8,6,1.7,-1
116,BSM,0,13.6,10.2,8,6,1.7,-1
124,BSM,0,13.6,10.2,8,6,1.7,-1
99,BSM,0,13.6,10.2,8,6,1.7,-1
108,BSM,0,13.6,10.2,8,6,1.7,-1
130,BSM,0,13.6,10.2,8,6,1.7,-1
117,BSM,0,13.6,10.2,8,6,1.7,-1
125,BSM,0,13.6,10.2,8,6,1.7,-1
131,BSM,0,13.6,10.2,8,6,1.7,-1
126,BSM,0,13.6,10.2,8,6,1.7,-1
109,BSM,0,13.6,10.2,8,6,1.7,-1
118,BSM,0,13.6,10.2,8,6,1.7,-1
127,BSM,0,13.6,10.2,8,6,1.7,-1
119,BSM,0,13.6,10.2,8,6,1.7,-1
128,BSM,0,13.6,10.2,8,6,1.7,-1
129,BSM,0,13.6,10.2,8,6,1.7,-1
10,BSM,0,14.4,10.8,8,6,1.8,-1
1,BSM,0,14.4,10.8,8,6,1.8,-1
11,BSM,0,14.4,10.8,8,6,1.8,-1
20,BSM,0,14.4,10.8,8,6,1.8,-1
2,BSM,0,14.4,10.8,8,6,1.8,-1
12,BSM,0,14.4,10.8,8,6,1.8,-1
21,BSM,0,14.4,10.8,8,6,1.8,-1
22,BSM,0,14.4,10.8,8,6,1.8,-1
3,BSM,0,14.4,10.8,8,6,1.8,-1
30,BSM,0,14.4,10.8,8,6,1.8,-1
13,BSM,0,14.4,10.8,8,6,1.8,-1
31,BSM,0,14.4,10.8,8,6,1.8,-1
32,BSM,0,14.4,10.8,8,6,1.8,-1
23,BSM,0,14.4,10.8,8,6,1.8,-1
40,BSM,0,14.4,10.8,8,6,1.8,-1
4,BSM,0,14.4,10.8,8,6,1.8,-1
41,BSM,0,14.4,10.8,8,6,1.8,-1
14,BSM,0,14.4,10.8,8,6,1.8,-1
33,BSM,0,14.4,10.8,8,6,1.8,-1
24,BSM,0,14.4,10.8,8,6,1.8,-1
42,BSM,0,14.4,10.8,8,6,1.8,-1
50,BSM,0,14.4,10.8,8,6,1.8,-1
34,BSM,0,14.4,10.8,8,6,1.8,-1
43,BSM,0,14.4,10.8,8,6,1.8,-1
15,BSM,0,14.4,10.8,8,6,1.8,-1
5,BSM,0,14.4,10.8,8,6,1.8,-1
51,BSM,0,14.4,10.8,8,6,1.8,-1
52,BSM,0,14.4,10.8,8,6,1.8,-1
25,BSM,0,14.4,10.8,8,6,1.8,-1
44,BSM,0,14.4,10.8,8,6,1.8,-1
53,BSM,0,14.4,10.8,8,6,1.8,-1
35,BSM,0,14.4,10.8,8,6,1.8,-1
6,BSM,0,14.4,10.8,8,6,1.8,-1
60,BSM,0,14.4,10.8,8,6,1.8,-1
16,BSM,0,14.4,10.8,8,6,1.8,-1
61,BSM,0,14.4,10.8,8,6,1.8,-1
62,BSM,0,14.4,10.8,8,6,1.8,-1
54,BSM,0,14.4,10.8,8,6,1.8,-1
26,BSM,0,14.4,10.8,8,6,1.8,-1
45,BSM,0,14.4,10.8,8,6,1.8,-1
36,BSM,0,14.4,10.8,8,6,1.8,-1
63,BSM,0,14.4,10.8,8,6,1.8,-1
70,BSM,0,14.4,10.8,8,6,1.8,-1
7,BSM,0,14.4,10.8,8,6,1.8,-1
71,BSM,0,14.4,10.8,8,6,1.8,-1
55,BSM,0,14.4,10.8,8,6,1.8,-1
17,BSM,0,14.4,10.8,8,6,1.8,-1
64,BSM,0,14.4,10.8,8,6,1.8,-1
46,BSM,0,14.4,10.8,8,6,1.8,-1
72,BSM,0,14.4,10.8,8,6,1.8,-1
27,BSM,0,14.4,10.8,8,6,1.8,-1
37,BSM,0,14.4,10.8,8,6,1.8,-1
73,BSM,0,14.4,10.8,8,6,1.8,-1
56,BSM,0,14.4,10.8,8,6,1.8,-1
65,BSM,0,14.4,10.8,8,6,1.8,-1
80,BSM,0,14.4,10.8,8,6,1.8,-1
18,BSM,0,14.4,10.8,8,6,1.8,-1
8,BSM,0,14.4,10.8,8,6,1.8,-1
74,BSM,0,14.4,10.8,8,6,1.8,-1
81,BSM,0,14.4,10.8,8,6,1.8,-1
47,BSM,0,14.4,10.8,8,6,1.8,-1
82,BSM,0,14.4,10.8,8,6,1.8,-1
28,BSM,0,14.4,10.8,8,6,1.8,-1
66,BSM,0,14.4,10.8,8,6,1.8,-1
57,BSM,0,14.4,10.8,8,6,1.8,-1
83,BSM,0,14.4,10.8,8,6,1.8,-1
38,BSM,0,14.4,10.8,8,6,1.8,-1
75,BSM,0,14.4,10.8,8,6,1.8,-1
48,BSM,0,14.4,10.8,8,6,1.8,-1
84,BSM,0,14.4,10.8,8,6,1.8,-1
9,BSM,0,14.4,10.8,8,6,1.8,-1
90,BSM,0,14.4,10.8,8,6,1.8,-1
19,BSM,0,14.4,10.8,8,6,1.8,-1
91,BSM,0,14.4,10.8,8,6,1.8,-1
92,BSM,0,14.4,10.8,8,6,1.8,-1
76,BSM,0,14.4,10.8,8,6,1.8,-1
67,BSM,0,14.4,10.8,8,6,1.8,-1
29,BSM,0,14.4,10.8,8,6,1.8,-1
58,BSM,0,14.4,10.8,8,6,1.8,-1
39,BSM,0,14.4,10.8,8,6,1.8,-1
85,BSM,0,14.4,10.8,8,6,1.8,-1
93,BSM,0,14.4,10.8,8,6,1.8,-1
94,BSM,0,14.4,10.8,8,6,1.8,-1
49,BSM,0,14.4,10.8,8,6,1.8,-1
100,BSM,0,14.4,10.8,8,6,1.8,-1
77,BSM,0,14.4,10.8,8,6,1.8,-1
86,BSM,0,14.4,10.8,8,6,1.8,-1
68,BSM,0,14.4,10.8,8,6,1.8,-1
101,BSM,0,14.4,10.8,8,6,1.8,-1
102,BSM,0,14.4,10.8,8,6,1.8,-1
95,BSM,0,14.4,10.8,8,6,1.8,-1
59,BSM,0,14.4,10.8,8,6,1.8,-1
103,BSM,0,14.4,10.8,8,6,1.8,-1
78,BSM,0,14.4,10.8,8,6,1.8,-1
87,BSM,0,14.4,10.8,8,6,1.8,-1
96,BSM,0,14.4,10.8,8,6,1.8,-1
104,BSM,0,14.4,10.8,8,6,1.8,-1
69,BSM,0,14.4,10.8,8,6,1.8,-1
110,BSM,0,14.4,10.8,8,6,1.8,-1
111,BSM,0,14.4,10.8,8,6,1.8,-1
112,BSM,0,14.4,10.8,8,6,1.8,-1
105,BSM,0,14.4,10.8,8,6,1.8,-1
88,BSM,0,14.4,10.8,8,6,1.8,-1
79,BSM,0,14.4,10.8,8,6,1.8,-1
97,BSM,0,14.4,10.8,8,6,1.8,-1
113,BSM,0,14.4,10.8,8,6,1.8,-1
106,BSM,0,14.4,10.8,8,6,1.8,-1
114,BSM,0,14.4,10.8,8,6,1.8,-1
120,BSM,0,14.4,10.8,8,6,1.8,-1
121,BSM,0,14.4,10.8,8,6,1.8,-1
98,BSM,0,14.4,10.8,8,6,1.8,-1
115,BSM,0,14.4,10.8,8,6,1.8,-1
89,BSM,0,14.4,10.8,8,6,1.8,-1
122,BSM,0,14.4,10.8,8,6,1.8,-1
107,BSM,0,14.4,10.8,8,6,1.8,-1
123,BSM,0,14.4,10.8,8,6,1.8,-1
116,BSM,0,14.4,10.8,8,6,1.8,-1
124,BSM,0,14.4,10.8,8,6,1.8,-1
99,BSM,0,14.4,10.8,8,6,1.8,-1
108,BSM,0,14.4,10.8,8,6,1.8,-1
130,BSM,0,14.4,10.8,8,6,1.8,-1
117,BSM,0,14.4,10.8,8,6,1.8,-1
125,BSM,0,14.4,10.8,8,6,1.8,-1
131,BSM,0,14.4,10.8,8,6,1.8,-1
126,BSM,0,14.4,10.8,8,6,1.8,-1
109,BSM,0,14.4,10.8,8,6,1.8,-1
118,BSM,0,14.4,10.8,8,6,1.8,-1
127,BSM,0,14.4,10.8,8,6,1.8,-1
119,BSM,0,14.4,10.8,8,6,1.8,-1
128,BSM,0,14.4,10.8,8,6,1.8,-1
129,BSM,0,14.4,10.8,8,6,1.8,-1
10,BSM,0,14.4,10.8,8,6,1.8,-1
1,BSM,0,14.4,10.8,8,6,1.8,-1
11,BSM,0,14.4,10.8,8,6,1.8,-1
20,BSM,0,14.4,10.8,8,6,1.8,-1
2,BSM,0,14.4,10.8,8,6,1.8,-1
12,BSM,0,14.4,10.8,8,6,1.8,-1
21,BSM,0,14.4,10.8,8,6,1.8,-1
22,BSM,0,14.4,10.8,8,6,1.8,-1
3,BSM,0,14.4,10.8,8,6,1.8,-1
30,BSM,0,14.4,10.8,8,6,1.8,-1
13,BSM,0,14.4,10.8,8,6,1.8,-1
31,BSM,0,14.4,10.8,8,6,1.8,-1
32,BSM,0,14.4,10.8,8,6,1.8,-1
23,BSM,0,14.4,10.8,8,6,1.8,-1
40,BSM,0,14.4,10.8,8,6,1.8,-1
4,BSM,0,14.4,10.8,8,6,1.8,-1
41,BSM,0,14.4,10.8,8,6,1.8,-1
14,BSM,0,14.4,10.8,8,6,1.8,-1
33,BSM,0,14.4,10.8,8,6,1.8,-1
24,BSM,0,14.4,10.8,8,6,1.8,-1
42,BSM,0,14.4,10.8,8,6,1.8,-1
50,BSM,0,14.4,10.8,8,6,1.8,-1
34,BSM,0,14.4,10.8,8,6,1.8,-1
43,BSM,0,14.4,10.8,8,6,1.8,-1
15,BSM,0,14.4,10.8,8,6,1.8,-1
5,BSM,0,14.4,10.8,8,6,1.8,-1
51,BSM,0,14.4,10.8,8,6,1.8,-1
52,BSM,0,14.4,10.8,8,6,1.8,-1
25,BSM,0,14.4,10.8,8,6,1.8,-1
44,BSM,0,14.4,10.8,8,6,1.8,-1
53,BSM,0,14.4,10.8,8,6,1.8,-1
35,BSM,0,14.4,10.8,8,6,1.8,-1
6,BSM,0,14.4,10.8,8,6,1.8,-1
60,BSM,0,14.4,10.8,8,6,1.8,-1
16,BSM,0,14.4,10.8,8,6,1.8,-1
61,BSM,0,14.4,10.8,8,6,1.8,-1
62,BSM,0,14.4,10.8,8,6,1.8,-1
54,BSM,0,14.4,10.8,8,6,1.8,-1
26,BSM,0,14.4,10.8,8,6,1.8,-1
45,BSM,0,14.4,10.8,8,6,1.8,-1
36,BSM,0,14.4,10.8,8,6,1.8,-1
63,BSM,0,14.4,10.8,8,6,1.8,-1
70,BSM,0,14.4,10.8,8,6,1.8,-1
7,BSM,0,14.4,10.8,8,6,1.8,-1
71,BSM,0,14.4,10.8,8,6,1.8,-1
55,BSM,0,14.4,10.8,8,6,1.8,-1
17,BSM,0,14.4,10.8,8,6,1.8,-1
64,BSM,0,14.4,10.8,8,6,1.8,-1
46,BSM,0,14.4,10.8,8,6,1.8,-1
72,BSM,0,14.4,10.8,8,6,1.8,-1
27,BSM,0,14.4,10.8,8,6,1.8,-1
37,BSM,0,14.4,10.8,8,6,1.8,-1
73,BSM,0,14.4,10.8,8,6,1.8,-1
56,BSM,0,14.4,10.8,8,6,1.8,-1
65,BSM,0,14.4,10.8,8,6,1.8,-1
80,BSM,0,14.4,10.8,8,6,1.8,-1
18,BSM,0,14.4,10.8,8,6,1.8,-1
8,BSM,0,14.4,10.8,8,6,1.8,-1
74,BSM,0,14.4,10.8,8,6,1.8,-1
81,BSM,0,14.4,10.8,8,6,1.8,-1
47,BSM,0,14.4,10.8,8,6,1.8,-1
82,BSM,0,14.4,10.8,8,6,1.8,-1
28,BSM,0,14.4,10.8,8,6,1.8,-1
66,BSM,0,14.4,10.8,8,6,1.8,-1
57,BSM,0,14.4,10.8,8,6,1.8,-1
83,BSM,0,14.4,10.8,8,6,1.8,-1
38,BSM,0,14.4,10.8,8,6,1.8,-1
75,BSM,0,14.4,10.8,8,6,1.8,-1
48,BSM,0,14.4,10.8,8,6,1.8,-1
84,BSM,0,14.4,10.8,8,6,1.8,-1
9,BSM,0,14.4,10.8,8,6,1.8,-1
90,BSM,0,14.4,10.8,8,6,1.8,-1
19,BSM,0,14.4,10.8,8,6,1.8,-1
91,BSM,0,14.4,10.8,8,6,1.8,-1
92,BSM,0,14.4,10.8,8,6,1.8,-1
76,BSM,0,14.4,10.8,8,6,1.8,-1
67,BSM,0,14.4,10.8,8,6,1.8,-1
29,BSM,0,14.4,10.8,8,6,1.8,-1
58,BSM,0,14.4,10.8,8,6,1.8,-1
39,BSM,0,14.4,10.8,8,6,1.8,-1
85,BSM,0,14.4,10.8,8,6,1.8,-1
93,BSM,0,14.4,10.8,8,6,1.8,-1
94,BSM,0,14.4,10.8,8,6,1.8,-1
49,BSM,0,14.4,10.8,8,6,1.8,-1
100,BSM,0,14.4,10.8,8,6,1.8,-1
77,BSM,0,14.4,10.8,8,6,1.8,-1
86,BSM,0,14.4,10.8,8,6,1.8,-1
68,BSM,0,14.4,10.8,8,6,1.8,-1
101,BSM,0,14.4,10.8,8,6,1.8,-1
102,BSM,0,14.4,10.8,8,6,1.8,-1
95,BSM,0,14.4,10.8,8,6,1.8,-1
59,BSM,0,14.4,10.8,8,6,1.8,-1
103,BSM,0,14.4,10.8,8,6,1.8,-1
78,BSM,0,14.4,10.8,8,6,1.8,-1
87,BSM,0,14.4,10.8,8,6,1.8,-1
96,BSM,0,14.4,10.8,8,6,1.8,-1
104,BSM,0,14.4,10.8,8,6,1.8,-1
69,BSM,0,14.4,10.8,8,6,1.8,-1
110,BSM,0,14.4,10.8,8,6,1.8,-1
111,BSM,0,14.4,10.8,8,6,1.8,-1
112,BSM,0,14.4,10.8,8,6,1.8,-1
105,BSM,0,14.4,10.8,8,6,1.8,-1
88,BSM,0,14.4,10.8,8,6,1.8,-1
79,BSM,0,14.4,10.8,8,6,1.8,-1
97,BSM,0,14.4,10.8,8,6,1.8,-1
113,BSM,0,14.4,10.8,8,6,1.8,-1
106,BSM,0,14.4,10.8,8,6,1.8,-1
114,BSM,0,14.4,10.8,8,6,1.8,-1
120,BSM,0,14.4,10.8,8,6,1.8,-1
121,BSM,0,14.4,10.8,8,6,1.8,-1
98,BSM,0,14.4,10.8,8,6,1.8,-1
115,BSM,0,14.4,10.8,8,6,1.8,-1
89,BSM,0,14.4,10.8,8,6,1.8,-1
122,BSM,0,14.4,10.8,8,6,1.8,-1
107,BSM,0,14.4,10.8,8,6,1.8,-1
123,BSM,0,14.4,10.8,8,6,1.8,-1
116,BSM,0,14.4,10.8,8,6,1.8,-1
124,BSM,0,14.4,10.8,8,6,1.8,-1
99,BSM,0,14.4,10.8,8,6,1.8,-1
108,BSM,0,14.4,10.8,8,6,1.8,-1
130,BSM,0,14.4,10.8,8,6,1.8,-1
117,BSM,0,14.4,10.8,8,6,1.8,-1
125,BSM,0,14.4,10.8,8,6,1.8,-1
131,BSM,0,14.4,10.8,8,6,1.8,-1
126,BSM,0,14.4,10.8,8,6,1.8,-1
109,BSM,0,14.4,10.8,8,6,1.8,-1
118,BSM,0,14.4,10.8,8,6,1.8,-1
127,BSM,0,14.4,10.8,8,6,1.8,-1
119,BSM,0,14.4,10.8,8,6,1.8,-1
128,BSM,0,14.4,10.8,8,6,1.8,-1
129,BSM,0,14.4,10.8,8,6,1.8,-1
10,BSM,0,14.4,10.8,8,6,1.8,-1
1,BSM,0,14.4,10.8,8,6,1.8,-1
11,BSM,0,14.4,10.8,8,6,1.8,-1
20,BSM,0,14.4,10.8,8,6,1.8,-1
2,BSM,0,14.4,10.8,8,6,1.8,-1
12,BSM,0,14.4,10.8,8,6,1.8,-1
21,BSM,0,14.4,10.8,8,6,1.8,-1
22,BSM,0,14.4,10.8,8,6,1.8,-1
3,BSM,0,14.4,10.8,8,6,1.8,-1
30,BSM,0,14.4,10.8,8,6,1.8,-1
13,BSM,0,14.4,10.8,8,6,1.8,-1
31,BSM,0,14.4,10.8,8,6,1.8,-1
32,BSM,0,14.4,10.8,8,6,1.8,-1
23,BSM,0,14.4,10.8,8,6,1.8,-1
40,BSM,0,14.4,10.8,8,6,1.8,-1
4,BSM,0,14.4,10.8,8,6,1.8,-1
41,BSM,0,14.4,10.8,8,6,1.8,-1
14,BSM,0,14.4,10.8,8,6,1.8,-1
33,BSM,0,14.4,10.8,8,6,1.8,-1
24,BSM,0,14.4,10.8,8,6,1.8,-1
42,BSM,0,14.4,10.8,8,6,1.8,-1
50,BSM,0,14.4,10.8,8,6,1.8,-1
34,BSM,0,14.4,10.8,8,6,1.8,-1
43,BSM,0,14.4,10.8,8,6,1.8,-1
15,BSM,0,14.4,10.8,8,6,1.8,-1
5,BSM,0,14.4,10.8,8,6,1.8,-1
51,BSM,0,14.4,10.8,8,6,1.8,-1
52,BSM,0,14.4,10.8,8,6,1.8,-1
25,BSM,0,14.4,10.8,8,6,1.8,-1
44,BSM,0,14.4,10.8,8,6,1.8,-1
53,BSM,0,14.4,10.8,8,6,1.8,-1
35,BSM,0,14.4,10.8,8,6,1.8,-1
6,BSM,0,14.4,10.8,8,6,1.8,-1
60,BSM,0,14.4,10.8,8,6,1.8,-1
16,BSM,0,14.4,10.8,8,6,1.8,-1
61,BSM,0,14.4,10.8,8,6,1.8,-1
62,BSM,0,14.4,10.8,8,6,1.8,-1
54,BSM,0,14.4,10.8,8,6,1.8,-1
26,BSM,0,14.4,10.8,8,6,1.8,-1
45,BSM,0,14.4,10.8,8,6,1.8,-1
36,BSM,0,14.4,10.8,8,6,1.8,-1
63,BSM,0,14.4,10.8,8,6,1.8,-1
70,BSM,0,14.4,10.8,8,6,1.8,-1
7,BSM,0,14.4,10.8,8,6,1.8,-1
71,BSM,0,14.4,10.8,8,6,1.8,-1
55,BSM,0,14.4,10.8,8,6,1.8,-1
17,BSM,0,14.4,10.8,8,6,1.8,-1
64,BSM,0,14.4,10.8,8,6,1.8,-1
46,BSM,0,14.4,10.8,8,6,1.8,-1
72,BSM,0,14.4,10.8,8,6,1.8,-1
27,BSM,0,14.4,10.8,8,6,1.8,-1
37,BSM,0,14.4,10.8,8,6,1.8,-1
73,BSM,0,14.4,10.8,8,6,1.8,-1
56,BSM,0,14.4,10.8,8,6,1.8,-1
65,BSM,0,14.4,10.8,8,6,1.8,-1
80,BSM,0,14.4,10.8,8,6,1.8,-1
18,BSM,0,14.4,10.8,8,6,1.8,-1
8,BSM,0,14.4,10.8,8,6,1.8,-1
74,BSM,0,14.4,10.8,8,6,1.8,-1
81,BSM,0,14.4,10.8,8,6,1.8,-1
47,BSM,0,14.4,10.8,8,6,1.8,-1
82,BSM,0,14.4,10.8,8,6,1.8,-1
28,BSM,0,14.4,10.8,8,6,1.8,-1
66,BSM,0,14.4,10.8,8,6,1.8,-1
57,BSM,0,14.4,10.8,8,6,1.8,-1
83,BSM,0,14.4,10.8,8,6,1.8,-1
38,BSM,0,14.4,10.8,8,6,1.8,-1
75,BSM,0,14.4,10.8,8,6,1.8,-1
48,BSM,0,14.4,10.8,8,6,1.8,-1
84,BSM,0,14.4,10.8,8,6,1.8,-1
9,BSM,0,14.4,10.8,8,6,1.8,-1
90,BSM,0,14.4,10.8,8,6,1.8,-1
19,BSM,0,14.4,10.8,8,6,1.8,-1
91,BSM,0,14.4,10.8,8,6,1.8,-1
92,BSM,0,14.4,10.8,8,6,1.8,-1
76,BSM,0,14.4,10.8,8,6,1.8,-1
67,BSM,0,14.4,10.8,8,6,1.8,-1
29,BSM,0,14.4,10.8,8,6,1.8,-1
58,BSM,0,14.4,10.8,8,6,1.8,-1
39,BSM,0,14.4,10.8,8,6,1.8,-1
85,BSM,0,14.4,10.8,8,6,1.8,-1
93,BSM,0,14.4,10.8,8,6,1.8,-1
94,BSM,0,14.4,10.8,8,6,1.8,-1
49,BSM,0,14.4,10.8,8,6,1.8,-1
100,BSM,0,14.4,10.8,8,6,1.8,-1
77,BSM,0,14.4,10.8,8,6,1.8,-1
86,BSM,0,14.4,10.8,8,6,1.8,-1
68,BSM,0,14.4,10.8,8,6,1.8,-1
101,BSM,0,14.4,10.8,8,6,1.8,-1
102,BSM,0,14.4,10.8,8,6,1.8,-1
95,BSM,0,14.4,10.8,8,6,1.8,-1
59,BSM,0,14.4,10.8,8,6,1.8,-1
103,BSM,0,14.4,10.8,8,6,1.8,-1
78,BSM,0,14.4,10.8,8,6,1.8,-1
87,BSM,0,14.4,10.8,8,6,1.8,-1
96,BSM,0,14.4,10.8,8,6,1.8,-1
104,BSM,0,14.4,10.8,8,6,1.8,-1
69,BSM,0,14.4,10.8,8,6,1.8,-1
110,BSM,0,14.4,10.8,8,6,1.8,-1
111,BSM,0,14.4,10.8,8,6,1.8,-1
112,BSM,0,14.4,10.8,8,6,1.8,-1
105,BSM,0,14.4,10.8,8,6,1.8,-1
88,BSM,0,14.4,10.8,8,6,1.8,-1
79,BSM,0,14.4,10.8,8,6,1.8,-1
97,BSM,0,14.4,10.8,8,6,1.8,-1
113,BSM,0,14.4,10.8,8,6,1.8,-1
106,BSM,0,14.4,10.8,8,6,1.8,-1
114,BSM,0,14.4,10.8,8,6,1.8,-1
120,BSM,0,14.4,10.8,8,6,1.8,-1
121,BSM,0,14.4,10.8,8,6,1.8,-1
98,BSM,0,14.4,10.8,8,6,1.8,-1
115,BSM,0,14.4,10.8,8,6,1.8,-1
89,BSM,0,14.4,10.8,8,6,1.8,-1
122,BSM,0,14.4,10.8,8,6,1.8,-1
107,BSM,0,14.4,10.8,8,6,1.8,-1
123,BSM,0,14.4,10.8,8,6,1.8,-1
116,BSM,0,14.4,10.8,8,6,1.8,-1
124,BSM,0,14.4,10.8,8,6,1.8,-1
99,BSM,0,14.4,10.8,8,6,1.8,-1
108,BSM,0,14.4,10.8,8,6,1.8,-1
130,BSM,0,14.4,10.8,8,6,1.8,-1
117,BSM,0,14.4,10.8,8,6,1.8,-1
125,BSM,0,14.4,10.8,8,6,1.8,-1
131,BSM,0,14.4,10.8,8,6,1.8,-1
126,BSM,0,14.4,10.8,8,6,1.8,-1
109,BSM,0,14.4,10.8,8,6,1.8,-1
118,BSM,0,14.4,10.8,8,6,1.8,-1
127,BSM,0,14.4,10.8,8,6,1.8,-1
119,BSM,0,14.4,10.8,8,6,1.8,-1
128,BSM,0,14.4,10.8,8,6,1.8,-1
129,BSM,0,14.4,10.8,8,6,1.8,-1
10,BSM,0,14.4,10.8,8,6,1.8,-1
1,BSM,0,14.4,10.8,8,6,1.8,-1
11,BSM,0,14.4,10.8,8,6,1.8,-1
20,BSM,0,14.4,10.8,8,6,1.8,-1
2,BSM,0,14.4,10.8,8,6,1.8,-1
12,BSM,0,14.4,10.8,8,6,1.8,-1
21,BSM,0,14.4,10.8,8,6,1.8,-1
22,BSM,0,14.4,10.8,8,6,1.8,-1
3,BSM,0,14.4,10.8,8,6,1.8,-1
30,BSM,0,14.4,10.8,8,6,1.8,-1
13,BSM,0,14.4,10.8,8,6,1.8,-1
31,BSM,0,14.4,10.8,8,6,1.8,-1
32,BSM,0,14.4,10.8,8,6,1.8,-1
23,BSM,0,14.4,10.8,8,6,1.8,-1
40,BSM,0,14.4,10.8,8,6,1.8,-1
4,BSM,0,14.4,10.8,8,6,1.8,-1
41,BSM,0,14.4,10.8,8,6,1.8,-1
14,BSM,0,14.4,10.8,8,6,1.8,-1
33,BSM,0,14.4,10.8,8,6,1.8,-1
24,BSM,0,14.4,10.8,8,6,1.8,-1
42,BSM,0,14.4,10.8,8,6,1.8,-1
50,BSM,0,14.4,10.8,8,6,1.8,-1
34,BSM,0,14.4,10.8,8,6,1.8,-1
43,BSM,0,14.4,10.8,8,6,1.8,-1
15,BSM,0,14.4,10.8,8,6,1.8,-1
5,BSM,0,14.4,10.8,8,6,1.8,-1
51,BSM,0,14.4,10.8,8,6,1.8,-1
52,BSM,0,14.4,10.8,8,6,1.8,-1
25,BSM,0,14.4,10.8,8,6,1.8,-1
44,BSM,0,14.4,10.8,8,6,1.8,-1
53,BSM,0,14.4,10.8,8,6,1.8,-1
35,BSM,0,14.4,10.8,8,6,1.8,-1
6,BSM,0,14.4,10.8,8,6,1.8,-1
60,BSM,0,14.4,10.8,8,6,1.8,-1
16,BSM,0,14.4,10.8,8,6,1.8,-1
61,BSM,0,14.4,10.8,8,6,1.8,-1
62,BSM,0,14.4,10.8,8,6,1.8,-1
54,BSM,0,14.4,10.8,8,6,1.8,-1
26,BSM,0,14.4,10.8,8,6,1.8,-1
45,BSM,0,14.4,10.8,8,6,1.8,-1
36,BSM,0,14.4,10.8,8,6,1.8,-1
63,BSM,0,14.4,10.8,8,6,1.8,-1
70,BSM,0,14.4,10.8,8,6,1.8,-1
7,BSM,0,14.4,10.8,8,6,1.8,-1
71,BSM,0,14.4,10.8,8,6,1.8,-1
55,BSM,0,14.4,10.8,8,6,1.8,-1
17,BSM,0,14.4,10.8,8,6,1.8,-1
64,BSM,0,14.4,10.8,8,6,1.8,-1
46,BSM,0,14.4,10.8,8,6,1.8,-1
72,BSM,0,14.4,10.8,8,6,1.8,-1
27,BSM,0,14.4,10.8,8,6,1.8,-1
37,BSM,0,14.4,10.8,8,6,1.8,-1
73,BSM,0,14.4,10.8,8,6,1.8,-1
56,BSM,0,14.4,10.8,8,6,1.8,-1
65,BSM,0,14.4,10.8,8,6,1.8,-1
80,BSM,0,14.4,10.8,8,6,1.8,-1
18,BSM,0,14.4,10.8,8,6,1.8,-1
8,BSM,0,14.4,10.8,8,6,1.8,-1
74,BSM,0,14.4,10.8,8,6,1.8,-1
81,BSM,0,14.4,10.8,8,6,1.8,-1
47,BSM,0,14.4,10.8,8,6,1.8,-1
82,BSM,0,14.4,10.8,8,6,1.8,-1
28,BSM,0,14.4,10.8,8,6,1.8,-1
66,BSM,0,14.4,10.8,8,6,1.8,-1
57,BSM,0,14.4,10.8,8,6,1.8,-1
83,BSM,0,14.4,10.8,8,6,1.8,-1
38,BSM,0,14.4,10.8,8,6,1.8,-1
75,BSM,0,14.4,10.8,8,6,1.8,-1
48,BSM,0,14.4,10.8,8,6,1.8,-1
84,BSM,0,14.4,10.8,8,6,1.8,-1
9,BSM,0,14.4,10.8,8,6,1.8,-1
90,BSM,0,14.4,10.8,8,6,1.8,-1
19,BSM,0,14.4,10.8,8,6,1.8,-1
91,BSM,0,14.4,10.8,8,6,1.8,-1
92,BSM,0,14.4,10.8,8,6,1.8,-1
76,BSM,0,14.4,10.8,8,6,1.8,-1
67,BSM,0,14.4,10.8,8,6,1.8,-1
29,BSM,0,14.4,10.8,8,6,1.8,-1
58,BSM,0,14.4,10.8,8,6,1.8,-1
39,BSM,0,14.4,10.8,8,6,1.8,-1
85,BSM,0,14.4,10.8,8,6,1.8,-1
93,BSM,0,14.4,10.8,8,6,1.8,-1
94,BSM,0,14.4,10.8,8,6,1.8,-1
49,BSM,0,14.4,10.8,8,6,1.8,-1
100,BSM,0,14.4,10.8,8,6,1.8,-1
77,BSM,0,14.4,10.8,8,6,1.8,-1
86,BSM,0,14.4,10.8,8,6,1.8,-1
68,BSM,0,14.4,10.8,8,6,1.8,-1
101,BSM,0,14.4,10.8,8,6,1.8,-1
102,BSM,0,14.4,10.8,8,6,1.8,-1
95,BSM,0,14.4,10.8,8,6,1.8,-1
59,BSM,0,14.4,10.8,8,6,1.8,-1
103,BSM,0,14.4,10.8,8,6,1.8,-1
78,BSM,0,14.4,10.8,8,6,1.8,-1
87,BSM,0,14.4,10.8,8,6,1.8,-1
96,BSM,0,14.4,10.8,8,6,1.8,-1
104,BSM,0,14.4,10.8,8,6,1.8,-1
69,BSM,0,14.4,10.8,8,6,1.8,-1
110,BSM,0,14.4,10.8,8,6,1.8,-1
111,BSM,0,14.4,10.8,8,6,1.8,-1
112,BSM,0,14.4,10.8,8,6,1.8,-1
105,BSM,0,14.4,10.8,8,6,1.8,-1
88,BSM,0,14.4,10.8,8,6,1.8,-1
79,BSM,0,14.4,10.8,8,6,1.8,-1
97,BSM,0,14.4,10.8,8,6,1.8,-1
113,BSM,0,14.4,10.8,8,6,1.8,-1
106,BSM,0,14.4,10.8,8,6,1.8,-1
114,BSM,0,14.4,10.8,8,6,1.8,-1
120,BSM,0,14.4,10.8,8,6,1.8,-1
121,BSM,0,14.4,10.8,8,6,1.8,-1
98,BSM,0,14.4,10.8,8,6,1.8,-1
115,BSM,0,14.4,10.8,8,6,1.8,-1
89,BSM,0,14.4,10.8,8,6,1.8,-1
122,BSM,0,14.4,10.8,8,6,1.8,-1
107,BSM,0,14.4,10.8,8,6,1.8,-1
123,BSM,0,14.4,10.8,8,6,1.8,-1
116,BSM,0,14.4,10.8,8,6,1.8,-1
124,BSM,0,14.4,10.8,8,6,1.8,-1
99,BSM,0,14.4,10.8,8,6,1.8,-1
108,BSM,0,14.4,10.8,8,6,1.8,-1
130,BSM,0,14.4,10.8,8,6,1.8,-1
117,BSM,0,14.4,10.8,8,6,1.8,-1
125,BSM,0,14.4,10.8,8,6,1.8,-1
131,BSM,0,14.4,10.8,8,6,1.8,-1
126,BSM,0,14.4,10.8,8,6,1.8,-1
109,BSM,0,14.4,10.8,8,6,1.8,-1
118,BSM,0,14.4,10.8,8,6,1.8,-1
127,BSM,0,14.4,10.8,8,6,1.8,-1
119,BSM,0,14.4,10.8,8,6,1.8,-1
128,BSM,0,14.4,10.8,8,6,1.8,-1
129,BSM,0,14.4,10.8,8,6,1.8,-1
10,BSM,0,14.4,10.8,8,6,1.8,-1
1,BSM,0,14.4,10.8,8,6,1.8,-1
11,BSM,0,14.4,10.8,8,6,1.8,-1
20,BSM,0,14.4,10.8,8,6,1.8,-1
2,BSM,0,14.4,10.8,8,6,1.8,-1
12,BSM,0,14.4,10.8,8,6,1.8,-1
21,BSM,0,14.4,10.8,8,6,1.8,-1
22,BSM,0,14.4,10.8,8,6,1.8,-1
3,BSM,0,14.4,10.8,8,6,1.8,-1
30,BSM,0,14.4,10.8,8,6,1.8,-1
13,BSM,0,14.4,10.8,8,6,1.8,-1
31,BSM,0,14.4,10.8,8,6,1.8,-1
32,BSM,0,14.4,10.8,8,6,1.8,-1
23,BSM,0,14.4,10.8,8,6,1.8,-1
40,BSM,0,14.4,10.8,8,6,1.8,-1
4,BSM,0,14.4,10.8,8,6,1.8,-1
41,BSM,0,14.4,10.8,8,6,1.8,-1
14,BSM,0,14.4,10.8,8,6,1.8,-1
33,BSM,0,14.4,10.8,8,6,1.8,-1
24,BSM,0,14.4,10.8,8,6,1.8,-1
42,BSM,0,14.4,10.8,8,6,1.8,-1
50,BSM,0,14.4,10.8,8,6,1.8,-1
34,BSM,0,14.4,10.8,8,6,1.8,-1
43,BSM,0,14.4,10.8,8,6,1.8,-1
15,BSM,0,14.4,10.8,8,6,1.8,-1
5,BSM,0,14.4,10.8,8,6,1.8,-1
51,BSM,0,14.4,10.8,8,6,1.8,-1
52,BSM,0,14.4,10.8,8,6,1.8,-1
25,BSM,0,14.4,10.8,8,6,1.8,-1
44,BSM,0,14.4,10.8,8,6,1.8,-1
53,BSM,0,14.4,10.8,8,6,1.8,-1
35,BSM,0,14.4,10.8,8,6,1.8,-1
6,BSM,0,14.4,10.8,8,6,1.8,-1
60,BSM,0,14.4,10.8,8,6,1.8,-1
16,BSM,0,14.4,10.8,8,6,1.8,-1
61,BSM,0,14.4,10.8,8,6,1.8,-1
62,BSM,0,14.4,10.8,8,6,1.8,-1
54,BSM,0,14.4,10.8,8,6,1.8,-1
26,BSM,0,14.4,10.8,8,6,1.8,-1
45,BSM,0,14.4,10.8,8,6,1.8,-1
36,BSM,0,14.4,10.8,8,6,1.8,-1
63,BSM,0,14.4,10.8,8,6,1.8,-1
70,BSM,0,14.4,10.8,8,6,1.8,-1
7,BSM,0,14.4,10.8,8,6,1.8,-1
71,BSM,0,14.4,10.8,8,6,1.8,-1
55,BSM,0,14.4,10.8,8,6,1.8,-1
17,BSM,0,14.4,10.8,8,6,1.8,-1
64,BSM,0,14.4,10.8,8,6,1.8,-1
46,BSM,0,14.4,10.8,8,6,1.8,-1
72,BSM,0,14.4,10.8,8,6,1.8,-1
27,BSM,0,14.4,10.8,8,6,1.8,-1
37,BSM,0,14.4,10.8,8,6,1.8,-1
73,BSM,0,14.4,10.8,8,6,1.8,-1
56,BSM,0,14.4,10.8,8,6,1.8,-1
65,BSM,0,14.4,10.8,8,6,1.8,-1
80,BSM,0,14.4,10.8,8,6,1.8,-1
18,BSM,0,14.4,10.8,8,6,1.8,-1
8,BSM,0,14.4,10.8,8,6,1.8,-1
74,BSM,0,14.4,10.8,8,6,1.8,-1
81,BSM,0,14.4,10.8,8,6,1.8,-1
47,BSM,0,14.4,10.8,8,6,1.8,-1
82,BSM,0,14.4,10.8,8,6,1.8,-1
28,BSM,0,14.4,10.8,8,6,1.8,-1
66,BSM,0,14.4,10.8,8,6,1.8,-1
57,BSM,0,14.4,10.8,8,6,1.8,-1
83,BSM,0,14.4,10.8,8,6,1.8,-1
38,BSM,0,14.4,10.8,8,6,1.8,-1
75,BSM,0,14.4,10.8,8,6,1.8,-1
48,BSM,0,14.4,10.8,8,6,1.8,-1
84,BSM,0,14.4,10.8,8,6,1.8,-1
9,BSM,0,14.4,10.8,8,6,1.8,-1
90,BSM,0,14.4,10.8,8,6,1.8,-1
19,BSM,0,14.4,10.8,8,6,1.8,-1
91,BSM,0,14.4,10.8,8,6,1.8,-1
92,BSM,0,14.4,10.8,8,6,1.8,-1
76,BSM,0,14.4,10.8,8,6,1.8,-1
67,BSM,0,14.4,10.8,8,6,1.8,-1
29,BSM,0,14.4,10.8,8,6,1.8,-1
58,BSM,0,14.4,10.8,8,6,1.8,-1
39,BSM,0,14.4,10.8,8,6,1.8,-1
85,BSM,0,14.4,10.8,8,6,1.8,-1
93,BSM,0,14.4,10.8,8,6,1.8,-1
94,BSM,0,14.4,10.8,8,6,1.8,-1
49,BSM,0,14.4,10.8,8,6,1.8,-1
100,BSM,0,14.4,10.8,8,6,1.8,-1
77,BSM,0,14.4,10.8,8,6,1.8,-1
86,BSM,0,14.4,10.8,8,6,1.8,-1
68,BSM,0,14.4,10.8,8,6,1.8,-1
101,BSM,0,14.4,10.8,8,6,1.8,-1
102,BSM,0,14.4,10.8,8,6,1.8,-1
95,BSM,0,14.4,10.8,8,6,1.8,-1
59,BSM,0,14.4,10.8,8,6,1.8,-1
103,BSM,0,14.4,10.8,8,6,1.8,-1
78,BSM,0,14.4,10.8,8,6,1.8,-1
87,BSM,0,14.4,10.8,8,6,1.8,-1
96,BSM,0,14.4,10.8,8,6,1.8,-1
104,BSM,0,14.4,10.8,8,6,1.8,-1
69,BSM,0,14.4,10.8,8,6,1.8,-1
110,BSM,0,14.4,10.8,8,6,1.8,-1
111,BSM,0,14.4,10.8,8,6,1.8,-1
112,BSM,0,14.4,10.8,8,6,1.8,-1
105,BSM,0,14.4,10.8,8,6,1.8,-1
88,BSM,0,14.4,10.8,8,6,1.8,-1
79,BSM,0,14.4,10.8,8,6,1.8,-1
97,BSM,0,14.4,10.8,8,6,1.8,-1
113,BSM,0,14.4,10.8,8,6,1.8,-1
106,BSM,0,14.4,10.8,8,6,1.8,-1
114,BSM,0,14.4,10.8,8,6,1.8,-1
120,BSM,0,14.4,10.8,8,6,1.8,-1
121,BSM,0,14.4,10.8,8,6,1.8,-1
98,BSM,0,14.4,10.8,8,6,1.8,-1
115,BSM,0,14.4,10.8,8,6,1.8,-1
89,BSM,0,14.4,10.8,8,6,1.8,-1
122,BSM,0,14.4,10.8,8,6,1.8,-1
107,BSM,0,14.4,10.8,8,6,1.8,-1
123,BSM,0,14.4,10.8,8,6,1.8,-1
116,BSM,0,14.4,10.8,8,6,1.8,-1
124,BSM,0,14.4,10.8,8,6,1.8,-1
99,BSM,0,14.4,10.8,8,6,1.8,-1
108,BSM,0,14.4,10.8,8,6,1.8,-1
130,BSM,0,14.4,10.8,8,6,1.8,-1
117,BSM,0,14.4,10.8,8,6,1.8,-1
125,BSM,0,14.4,10.8,8,6,1.8,-1
131,BSM,0,14.4,10.8,8,6,1.8,-1
126,BSM,0,14.4,10.8,8,6,1.8,-1
109,BSM,0,14.4,10.8,8,6,1.8,-1
118,BSM,0,14.4,10.8,8,6,1.8,-1
127,BSM,0,14.4,10.8,8,6,1.8,-1
119,BSM,0,14.4,10.8,8,6,1.8,-1
128,BSM,0,14.4,10.8,8,6,1.8,-1
129,BSM,0,14.4,10.8,8,6,1.8,-1
10,BSM,0,14.4,10.8,8,6,1.8,-1
1,BSM,0,14.4,10.8,8,6,1.8,-1
11,BSM,0,14.4,10.8,8,6,1.8,-1
20,BSM,0,14.4,10.8,8,6,1.8,-1
2,BSM,0,14.4,10.8,8,6,1.8,-1
12,BSM,0,14.4,10.8,8,6,1.8,-1
21,BSM,0,14.4,10.8,8,6,1.8,-1
22,BSM,0,14.4,10.8,8,6,1.8,-1
3,BSM,0,14.4,10.8,8,6,1.8,-1
30,BSM,0,14.4,10.8,8,6,1.8,-1
13,BSM,0,14.4,10.8,8,6,1.8,-1
31,BSM,0,14.4,10.8,8,6,1.8,-1
32,BSM,0,14.4,10.8,8,6,1.8,-1
23,BSM,0,14.4,10.8,8,6,1.8,-1
40,BSM,0,14.4,10.8,8,6,1.8,-1
4,BSM,0,14.4,10.8,8,6,1.8,-1
41,BSM,0,14.4,10.8,8,6,1.8,-1
14,BSM,0,14.4,10.8,8,6,1.8,-1
33,BSM,0,14.4,10.8,8,6,1.8,-1
24,BSM,0,14.4,10.8,8,6,1.8,-1
42,BSM,0,14.4,10.8,8,6,1.8,-1
50,BSM,0,14.4,10.8,8,6,1.8,-1
34,BSM,0,14.4,10.8,8,6,1.8,-1
43,BSM,0,14.4,10.8,8,6,1.8,-1
15,BSM,0,14.4,10.8,8,6,1.8,-1
5,BSM,0,14.4,10.8,8,6,1.8,-1
51,BSM,0,14.4,10.8,8,6,1.8,-1
52,BSM,0,14.4,10.8,8,6,1.8,-1
25,BSM,0,14.4,10.8,8,6,1.8,-1
44,BSM,0,14.4,10.8,8,6,1.8,-1
53,BSM,0,14.4,10.8,8,6,1.8,-1
35,BSM,0,14.4,10.8,8,6,1.8,-1
6,BSM,0,14.4,10.8,8,6,1.8,-1
60,BSM,0,14.4,10.8,8,6,1.8,-1
16,BSM,0,14.4,10.8,8,6,1.8,-1
61,BSM,0,14.4,10.8,8,6,1.8,-1
62,BSM,0,14.4,10.8,8,6,1.8,-1
54,BSM,0,14.4,10.8,8,6,1.8,-1
26,BSM,0,14.4,10.8,8,6,1.8,-1
45,BSM,0,14.4,10.8,8,6,1.8,-1
36,BSM,0,14.4,10.8,8,6,1.8,-1
63,BSM,0,14.4,10.8,8,6,1.8,-1
70,BSM,0,14.4,10.8,8,6,1.8,-1
7,BSM,0,14.4,10.8,8,6,1.8,-1
71,BSM,0,14.4,10.8,8,6,1.8,-1
55,BSM,0,14.4,10.8,8,6,1.8,-1
17,BSM,0,14.4,10.8,8,6,1.8,-1
64,BSM,0,14.4,10.8,8,6,1.8,-1
46,BSM,0,14.4,10.8,8,6,1.8,-1
72,BSM,0,14.4,10.8,8,6,1.8,-1
27,BSM,0,14.4,10.8,8,6,1.8,-1
37,BSM,0,14.4,10.8,8,6,1.8,-1
73,BSM,0,14.4,10.8,8,6,1.8,-1
56,BSM,0,14.4,10.8,8,6,1.8,-1
65,BSM,0,14.4,10.8,8,6,1.8,-1
80,BSM,0,14.4,10.8,8,6,1.8,-1
18,BSM,0,14.4,10.8,8,6,1.8,-1
8,BSM,0,14.4,10.8,8,6,1.8,-1
74,BSM,0,14.4,10.8,8,6,1.8,-1
81,BSM,0,14.4,10.8,8,6,1.8,-1
47,BSM,0,14.4,10.8,8,6,1.8,-1
82,BSM,0,14.4,10.8,8,6,1.8,-1
28,BSM,0,14.4,10.8,8,6,1.8,-1
66,BSM,0,14.4,10.8,8,6,1.8,-1
57,BSM,0,14.4,10.8,8,6,1.8,-1
83,BSM,0,14.4,10.8,8,6,1.8,-1
38,BSM,0,14.4,10.8,8,6,1.8,-1
75,BSM,0,14.4,10.8,8,6,1.8,-1
48,BSM,0,14.4,10.8,8,6,1.8,-1
84,BSM,0,14.4,10.8,8,6,1.8,-1
9,BSM,0,14.4,10.8,8,6,1.8,-1
90,BSM,0,14.4,10.8,8,6,1.8,-1
19,BSM,0,14.4,10.8,8,6,1.8,-1
91,BSM,0,14.4,10.8,8,6,1.8,-1
92,BSM,0,14.4,10.8,8,6,1.8,-1
76,BSM,0,14.4,10.8,8,6,1.8,-1
67,BSM,0,14.4,10.8,8,6,1.8,-1
29,BSM,0,14.4,10.8,8,6,1.8,-1
58,BSM,0,14.4,10.8,8,6,1.8,-1
39,BSM,0,14.4,10.8,8,6,1.8,-1
85,BSM,0,14.4,10.8,8,6,1.8,-1
93,BSM,0,14.4,10.8,8,6,1.8,-1
94,BSM,0,14.4,10.8,8,6,1.8,-1
49,BSM,0,14.4,10.8,8,6,1.8,-1
100,BSM,0,14.4,10.8,8,6,1.8,-1
77,BSM,0,14.4,10.8,8,6,1.8,-1
86,BSM,0,14.4,10.8,8,6,1.8,-1
68,BSM,0,14.4,10.8,8,6,1.8,-1
101,BSM,0,14.4,10.8,8,6,1.8,-1
102,BSM,0,14.4,10.8,8,6,1.8,-1
95,BSM,0,14.4,10.8,8,6,1.8,-1
59,BSM,0,14.4,10.8,8,6,1.8,-1
103,BSM,0,14.4,10.8,8,6,1.8,-1
78,BSM,0,14.4,10.8,8,6,1.8,-1
87,BSM,0,14.4,10.8,8,6,1.8,-1
96,BSM,0,14.4,10.8,8,6,1.8,-1
104,BSM,0,14.4,10.8,8,6,1.8,-1
69,BSM,0,14.4,10.8,8,6,1.8,-1
110,BSM,0,14.4,10.8,8,6,1.8,-1
111,BSM,0,14.4,10.8,8,6,1.8,-1
112,BSM,0,14.4,10.8,8,6,1.8,-1
105,BSM,0,14.4,10.8,8,6,1.8,-1
88,BSM,0,14.4,10.8,8,6,1.8,-1
79,BSM,0,14.4,10.8,8,6,1.8,-1
97,BSM,0,14.4,10.8,8,6,1.8,-1
113,BSM,0,14.4,10.8,8,6,1.8,-1
106,BSM,0,14.4,10.8,8,6,1.8,-1
114,BSM,0,14.4,10.8,8,6,1.8,-1
120,BSM,0,14.4,10.8,8,6,1.8,-1
121,BSM,0,14.4,10.8,8,6,1.8,-1
98,BSM,0,14.4,10.8,8,6,1.8,-1
115,BSM,0,14.4,10.8,8,6,1.8,-1
89,BSM,0,14.4,10.8,8,6,1.8,-1
122,BSM,0,14.4,10.8,8,6,1.8,-1
107,BSM,0,14.4,10.8,8,6,1.8,-1
123,BSM,0,14.4,10.8,8,6,1.8,-1
116,BSM,0,14.4,10.8,8,6,1.8,-1
124,BSM,0,14.4,10.8,8,6,1.8,-1
99,BSM,0,14.4,10.8,8,6,1.8,-1
108,BSM,0,14.4,10.8,8,6,1.8,-1
130,BSM,0,14.4,10.8,8,6,1.8,-1
117,BSM,0,14.4,10.8,8,6,1.8,-1
125,BSM,0,14.4,10.8,8,6,1.8,-1
131,BSM,0,14.4,10.8,8,6,1.8,-1
126,BSM,0,14.4,10.8,8,6,1.8,-1
109,BSM,0,14.4,10.8,8,6,1.8,-1
118,BSM,0,14.4,10.8,8,6,1.8,-1
127,BSM,0,14.4,10.8,8,6,1.8,-1
119,BSM,0,14.4,10.8,8,6,1.8,-1
128,BSM,0,14.4,10.8,8,6,1.8,-1
129,BSM,0,14.4,10.8,8,6,1.8,-1
10,BSM,0,14.4,10.8,8,6,1.8,-1
1,BSM,0,14.4,10.8,8,6,1.8,-1
11,BSM,0,14.4,10.8,8,6,1.8,-1
20,BSM,0,14.4,10.8,8,6,1.8,-1
2,BSM,0,14.4,10.8,8,6,1.8,-1
12,BSM,0,14.4,10.8,8,6,1.8,-1
21,BSM,0,14.4,10.8,8,6,1.8,-1
22,BSM,0,14.4,10.8,8,6,1.8,-1
3,BSM,0,14.4,10.8,8,6,1.8,-1
30,BSM,0,14.4,10.8,8,6,1.8,-1
13,BSM,0,14.4,10.8,8,6,1.8,-1
31,BSM,0,14.4,10.8,8,6,1.8,-1
32,BSM,0,14.4,10.8,8,6,1.8,-1
23,BSM,0,14.4,10.8,8,6,1.8,-1
40,BSM,0,14.4,10.8,8,6,1.8,-1
4,BSM,0,14.4,10.8,8,6,1.8,-1
41,BSM,0,14.4,10.8,8,6,1.8,-1
14,BSM,0,14.4,10.8,8,6,1.8,-1
33,BSM,0,14.4,10.8,8,6,1.8,-1
24,BSM,0,14.4,10.8,8,6,1.8,-1
42,BSM,0,14.4,10.8,8,6,1.8,-1
50,BSM,0,14.4,10.8,8,6,1.8,-1
34,BSM,0,14.4,10.8,8,6,1.8,-1
43,BSM,0,14.4,10.8,8,6,1.8,-1
15,BSM,0,14.4,10.8,8,6,1.8,-1
5,BSM,0,14.4,10.8,8,6,1.8,-1
51,BSM,0,14.4,10.8,8,6,1.8,-1
52,BSM,0,14.4,10.8,8,6,1.8,-1
25,BSM,0,14.4,10.8,8,6,1.8,-1
44,BSM,0,14.4,10.8,8,6,1.8,-1
53,BSM,0,14.4,10.8,8,6,1.8,-1
35,BSM,0,14.4,10.8,8,6,1.8,-1
6,BSM,0,14.4,10.8,8,6,1.8,-1
60,BSM,0,14.4,10.8,8,6,1.8,-1
16,BSM,0,14.4,10.8,8,6,1.8,-1
61,BSM,0,14.4,10.8,8,6,1.8,-1
62,BSM,0,14.4,10.8,8,6,1.8,-1
54,BSM,0,14.4,10.8,8,6,1.8,-1
26,BSM,0,14.4,10.8,8,6,1.8,-1
45,BSM,0,14.4,10.8,8,6,1.8,-1
36,BSM,0,14.4,10.8,8,6,1.8,-1
63,BSM,0,14.4,10.8,8,6,1.8,-1
70,BSM,0,14.4,10.8,8,6,1.8,-1
7,BSM,0,14.4,10.8,8,6,1.8,-1
71,BSM,0,14.4,10.8,8,6,1.8,-1
55,BSM,0,14.4,10.8,8,6,1.8,-1
17,BSM,0,14.4,10.8,8,6,1.8,-1
64,BSM,0,14.4,10.8,8,6,1.8,-1
46,BSM,0,14.4,10.8,8,6,1.8,-1
72,BSM,0,14.4,10.8,8,6,1.8,-1
27,BSM,0,14.4,10.8,8,6,1.8,-1
37,BSM,0,14.4,10.8,8,6,1.8,-1
73,BSM,0,14.4,10.8,8,6,1.8,-1
56,BSM,0,14.4,10.8,8,6,1.8,-1
65,BSM,0,14.4,10.8,8,6,1.8,-1
80,BSM,0,14.4,10.8,8,6,1.8,-1
18,BSM,0,14.4,10.8,8,6,1.8,-1
8,BSM,0,14.4,10.8,8,6,1.8,-1
74,BSM,0,14.4,10.8,8,6,1.8,-1
81,BSM,0,14.4,10.8,8,6,1.8,-1
47,BSM,0,14.4,10.8,8,6,1.8,-1
82,BSM,0,14.4,10.8,8,6,1.8,-1
28,BSM,0,14.4,10.8,8,6,1.8,-1
66,BSM,0,14.4,10.8,8,6,1.8,-1
57,BSM,0,14.4,10.8,8,6,1.8,-1
83,BSM,0,14.4,10.8,8,6,1.8,-1
38,BSM,0,14.4,10.8,8,6,1.8,-1
75,BSM,0,14.4,10.8,8,6,1.8,-1
48,BSM,0,14.4,10.8,8,6,1.8,-1
84,BSM,0,14.4,10.8,8,6,1.8,-1
9,BSM,0,14.4,10.8,8,6,1.8,-1
90,BSM,0,14.4,10.8,8,6,1.8,-1
19,BSM,0,14.4,10.8,8,6,1.8,-1
91,BSM,0,14.4,10.8,8,6,1.8,-1
92,BSM,0,14.4,10.8,8,6,1.8,-1
76,BSM,0,14.4,10.8,8,6,1.8,-1
67,BSM,0,14.4,10.8,8,6,1.8,-1
29,BSM,0,14.4,10.8,8,6,1.8,-1
58,BSM,0,14.4,10.8,8,6,1.8,-1
39,BSM,0,14.4,10.8,8,6,1.8,-1
85,BSM,0,14.4,10.8,8,6,1.8,-1
93,BSM,0,14.4,10.8,8,6,1.8,-1
94,BSM,0,14.4,10.8,8,6,1.8,-1
49,BSM,0,14.4,10.8,8,6,1.8,-1
100,BSM,0,14.4,10.8,8,6,1.8,-1
77,BSM,0,14.4,10.8,8,6,1.8,-1
86,BSM,0,14.4,10.8,8,6,1.8,-1
68,BSM,0,14.4,10.8,8,6,1.8,-1
101,BSM,0,14.4,10.8,8,6,1.8,-1
102,BSM,0,14.4,10.8,8,6,1.8,-1
95,BSM,0,14.4,10.8,8,6,1.8,-1
59,BSM,0,14.4,10.8,8,6,1.8,-1
103,BSM,0,14.4,10.8,8,6,1.8,-1
78,BSM,0,14.4,10.8,8,6,1.8,-1
87,BSM,0,14.4,10.8,8,6,1.8,-1
96,BSM,0,14.4,10.8,8,6,1.8,-1
104,BSM,0,14.4,10.8,8,6,1.8,-1
69,BSM,0,14.4,10.8,8,6,1.8,-1
110,BSM,0,14.4,10.8,8,6,1.8,-1
111,BSM,0,14.4,10.8,8,6,1.8,-1
112,BSM,0,14.4,10.8,8,6,1.8,-1
105,BSM,0,14.4,10.8,8,6,1.8,-1
88,BSM,0,14.4,10.8,8,6,1.8,-1
79,BSM,0,14.4,10.8,8,6,1.8,-1
97,BSM,0,14.4,10.8,8,6,1.8,-1
113,BSM,0,14.4,10.8,8,6,1.8,-1
106,BSM,0,14.4,10.8,8,6,1.8,-1
114,BSM,0,14.4,10.8,8,6,1.8,-1
120,BSM,0,14.4,10.8,8,6,1.8,-1
121,BSM,0,14.4,10.8,8,6,1.8,-1
98,BSM,0,14.4,10.8,8,6,1.8,-1
115,BSM,0,14.4,10.8,8,6,1.8,-1
89,BSM,0,14.4,10.8,8,6,1.8,-1
122,BSM,0,14.4,10.8,8,6,1.8,-1
107,BSM,0,14.4,10.8,8,6,1.8,-1
123,BSM,0,14.4,10.8,8,6,1.8,-1
116,BSM,0,14.4,10.8,8,6,1.8,-1
124,BSM,0,14.4,10.8,8,6,1.8,-1
99,BSM,0,14.4,10.8,8,6,1.8,-1
108,BSM,0,14.4,10.8,8,6,1.8,-1
130,BSM,0,14.4,10.8,8,6,1.8,-1
117,BSM,0,14.4,10.8,8,6,1.8,-1
125,BSM,0,14.4,10.8,8,6,1.8,-1
131,BSM,0,14.4,10.8,8,6,1.8,-1
126,BSM,0,14.4,10.8,8,6,1.8,-1
109,BSM,0,14.4,10.8,8,6,1.8,-1
118,BSM,0,14.4,10.8,8,6,1.8,-1
127,BSM,0,14.4,10.8,8,6,1.8,-1
119,BSM,0,14.4,10.8,8,6,1.8,-1
128,BSM,0,14.4,10.8,8,6,1.8,-1
129,BSM,0,14.4,10.8,8,6,1.8,-1
10,BSM,0,14.4,10.8,8,6,1.8,-1
1,BSM,0,14.4,10.8,8,6,1.8,-1
11,BSM,0,14.4,10.8,8,6,1.8,-1
20,BSM,0,14.4,10.8,8,6,1.8,-1
2,BSM,0,14.4,10.8,8,6,1.8,-1
12,BSM,0,14.4,10.8,8,6,1.8,-1
21,BSM,0,14.4,10.8,8,6,1.8,-1
22,BSM,0,14.4,10.8,8,6,1.8,-1
3,BSM,0,14.4,10.8,8,6,1.8,-1
30,BSM,0,14.4,10.8,8,6,1.8,-1
13,BSM,0,14.4,10.8,8,6,1.8,-1
31,BSM,0,14.4,10.8,8,6,1.8,-1
32,BSM,0,14.4,10.8,8,6,1.8,-1
23,BSM,0,14.4,10.8,8,6,1.8,-1
40,BSM,0,14.4,10.8,8,6,1.8,-1
4,BSM,0,14.4,10.8,8,6,1.8,-1
41,BSM,0,14.4,10.8,8,6,1.8,-1
14,BSM,0,14.4,10.8,8,6,1.8,-1
33,BSM,0,14.4,10.8,8,6,1.8,-1
24,BSM,0,14.4,10.8,8,6,1.8,-1
42,BSM,0,14.4,10.8,8,6,1.8,-1
50,BSM,0,14.4,10.8,8,6,1.8,-1
34,BSM,0,14.4,10.8,8,6,1.8,-1
43,BSM,0,14.4,10.8,8,6,1.8,-1
15,BSM,0,14.4,10.8,8,6,1.8,-1
5,BSM,0,14.4,10.8,8,6,1.8,-1
51,BSM,0,14.4,10.8,8,6,1.8,-1
52,BSM,0,14.4,10.8,8,6,1.8,-1
25,BSM,0,14.4,10.8,8,6,1.8,-1
44,BSM,0,14.4,10.8,8,6,1.8,-1
53,BSM,0,14.4,10.8,8,6,1.8,-1
35,BSM,0,14.4,10.8,8,6,1.8,-1
6,BSM,0,14.4,10.8,8,6,1.8,-1
60,BSM,0,14.4,10.8,8,6,1.8,-1
16,BSM,0,14.4,10.8,8,6,1.8,-1
61,BSM,0,14.4,10.8,8,6,1.8,-1
62,BSM,0,14.4,10.8,8,6,1.8,-1
54,BSM,0,14.4,10.8,8,6,1.8,-1
26,BSM,0,14.4,10.8,8,6,1.8,-1
45,BSM,0,14.4,10.8,8,6,1.8,-1
36,BSM,0,14.4,10.8,8,6,1.8,-1
63,BSM,0,14.4,10.8,8,6,1.8,-1
70,BSM,0,14.4,10.8,8,6,1.8,-1
7,BSM,0,14.4,10.8,8,6,1.8,-1
71,BSM,0,14.4,10.8,8,6,1.8,-1
55,BSM,0,14.4,10.8,8,6,1.8,-1
17,BSM,0,14.4,10.8,8,6,1.8,-1
64,BSM,0,14.4,10.8,8,6,1.8,-1
46,BSM,0,14.4,10.8,8,6,1.8,-1
72,BSM,0,14.4,10.8,8,6,1.8,-1
27,BSM,0,14.4,10.8,8,6,1.8,-1
37,BSM,0,14.4,10.8,8,6,1.8,-1
73,BSM,0,14.4,10.8,8,6,1.8,-1
56,BSM,0,14.4,10.8,8,6,1.8,-1
65,BSM,0,14.4,10.8,8,6,1.8,-1
80,BSM,0,14.4,10.8,8,6,1.8,-1
18,BSM,0,14.4,10.8,8,6,1.8,-1
8,BSM,0,14.4,10.8,8,6,1.8,-1
74,BSM,0,14.4,10.8,8,6,1.8,-1
81,BSM,0,14.4,10.8,8,6,1.8,-1
47,BSM,0,14.4,10.8,8,6,1.8,-1
82,BSM,0,14.4,10.8,8,6,1.8,-1
28,BSM,0,14.4,10.8,8,6,1.8,-1
66,BSM,0,14.4,10.8,8,6,1.8,-1
57,BSM,0,14.4,10.8,8,6,1.8,-1
83,BSM,0,14.4,10.8,8,6,1.8,-1
38,BSM,0,14.4,10.8,8,6,1.8,-1
75,BSM,0,14.4,10.8,8,6,1.8,-1
48,BSM,0,14.4,10.8,8,6,1.8,-1
84,BSM,0,14.4,10.8,8,6,1.8,-1
9,BSM,0,14.4,10.8,8,6,1.8,-1
90,BSM,0,14.4,10.8,8,6,1.8,-1
19,BSM,0,14.4,10.8,8,6,1.8,-1
91,BSM,0,14.4,10.8,8,6,1.8,-1
92,BSM,0,14.4,10.8,8,6,1.8,-1
76,BSM,0,14.4,10.8,8,6,1.8,-1
67,BSM,0,14.4,10.8,8,6,1.8,-1
29,BSM,0,14.4,10.8,8,6,1.8,-1
58,BSM,0,14.4,10.8,8,6,1.8,-1
39,BSM,0,14.4,10.8,8,6,1.8,-1
85,BSM,0,14.4,10.8,8,6,1.8,-1
93,BSM,0,14.4,10.8,8,6,1.8,-1
94,BSM,0,14.4,10.8,8,6,1.8,-1
49,BSM,0,14.4,10.8,8,6,1.8,-1
100,BSM,0,14.4,10.8,8,6,1.8,-1
77,BSM,0,14.4,10.8,8,6,1.8,-1
86,BSM,0,14.4,10.8,8,6,1.8,-1
68,BSM,0,14.4,10.8,8,6,1.8,-1
101,BSM,0,14.4,10.8,8,6,1.8,-1
102,BSM,0,14.4,10.8,8,6,1.8,-1
95,BSM,0,14.4,10.8,8,6,1.8,-1
59,BSM,0,14.4,10.8,8,6,1.8,-1
103,BSM,0,14.4,10.8,8,6,1.8,-1
78,BSM,0,14.4,10.8,8,6,1.8,-1
87,BSM,0,14.4,10.8,8,6,1.8,-1
96,BSM,0,14.4,10.8,8,6,1.8,-1
104,BSM,0,14.4,10.8,8,6,1.8,-1
69,BSM,0,14.4,10.8,8,6,1.8,-1
110,BSM,0,14.4,10.8,8,6,1.8,-1
111,BSM,0,14.4,10.8,8,6,1.8,-1
112,BSM,0,14.4,10.8,8,6,1.8,-1
105,BSM,0,14.4,10.8,8,6,1.8,-1
88,BSM,0,14.4,10.8,8,6,1.8,-1
79,BSM,0,14.4,10.8,8,6,1.8,-1
97,BSM,0,14.4,10.8,8,6,1.8,-1
113,BSM,0,14.4,10.8,8,6,1.8,-1
106,BSM,0,14.4,10.8,8,6,1.8,-1
114,BSM,0,14.4,10.8,8,6,1.8,-1
120,BSM,0,14.4,10.8,8,6,1.8,-1
121,BSM,0,14.4,10.8,8,6,1.8,-1
98,BSM,0,14.4,10.8,8,6,1.8,-1
115,BSM,0,14.4,10.8,8,6,1.8,-1
89,BSM,0,14.4,10.8,8,6,1.8,-1
122,BSM,0,14.4,10.8,8,6,1.8,-1
107,BSM,0,14.4,10.8,8,6,1.8,-1
123,BSM,0,14.4,10.8,8,6,1.8,-1
116,BSM,0,14.4,10.8,8,6,1.8,-1
124,BSM,0,14.4,10.8,8,6,1.8,-1
99,BSM,0,14.4,10.8,8,6,1.8,-1
108,BSM,0,14.4,10.8,8,6,1.8,-1
130,BSM,0,14.4,10.8,8,6,1.8,-1
117,BSM,0,14.4,10.8,8,6,1.8,-1
125,BSM,0,14.4,10.8,8,6,1.8,-1
131,BSM,0,14.4,10.8,8,6,1.8,-1
126,BSM,0,14.4,10.8,8,6,1.8,-1
109,BSM,0,14.4,10.8,8,6,1.8,-1
118,BSM,0,14.4,10.8,8,6,1.8,-1
127,BSM,0,14.4,10.8,8,6,1.8,-1
119,BSM,0,14.4,10.8,8,6,1.8,-1
128,BSM,0,14.4,10.8,8,6,1.8,-1
129,BSM,0,14.4,10.8,8,6,1.8,-1
10,BSM,0,14.4,10.8,8,6,1.8,-1
1,BSM,0,14.4,10.8,8,6,1.8,-1
11,BSM,0,14.4,10.8,8,6,1.8,-1
20,BSM,0,14.4,10.8,8,6,1.8,-1
2,BSM,0,14.4,10.8,8,6,1.8,-1
12,BSM,0,14.4,10.8,8,6,1.8,-1
21,BSM,0,14.4,10.8,8,6,1.8,-1
22,BSM,0,14.4,10.8,8,6,1.8,-1
3,BSM,0,14.4,10.8,8,6,1.8,-1
30,BSM,0,14.4,10.8,8,6,1.8,-1
13,BSM,0,14.4,10.8,8,6,1.8,-1
31,BSM,0,14.4,10.8,8,6,1.8,-1
32,BSM,0,14.4,10.8,8,6,1.8,-1
23,BSM,0,14.4,10.8,8,6,1.8,-1
40,BSM,0,14.4,10.8,8,6,1.8,-1
4,BSM,0,14.4,10.8,8,6,1.8,-1
41,BSM,0,14.4,10.8,8,6,1.8,-1
14,BSM,0,14.4,10.8,8,6,1.8,-1
33,BSM,0,14.4,10.8,8,6,1.8,-1
24,BSM,0,14.4,10.8,8,6,1.8,-1
42,BSM,0,14.4,10.8,8,6,1.8,-1
50,BSM,0,14.4,10.8,8,6,1.8,-1
34,BSM,0,14.4,10.8,8,6,1.8,-1
43,BSM,0,14.4,10.8,8,6,1.8,-1
15,BSM,0,14.4,10.8,8,6,1.8,-1
5,BSM,0,14.4,10.8,8,6,1.8,-1
51,BSM,0,14.4,10.8,8,6,1.8,-1
52,BSM,0,14.4,10.8,8,6,1.8,-1
25,BSM,0,14.4,10.8,8,6,1.8,-1
44,BSM,0,14.4,10.8,8,6,1.8,-1
53,BSM,0,14.4,10.8,8,6,1.8,-1
35,BSM,0,14.4,10.8,8,6,1.8,-1
6,BSM,0,14.4,10.8,8,6,1.8,-1
60,BSM,0,14.4,10.8,8,6,1.8,-1
16,BSM,0,14.4,10.8,8,6,1.8,-1
61,BSM,0,14.4,10.8,8,6,1.8,-1
62,BSM,0,14.4,10.8,8,6,1.8,-1
54,BSM,0,14.4,10.8,8,6,1.8,-1
26,BSM,0,14.4,10.8,8,6,1.8,-1
45,BSM,0,14.4,10.8,8,6,1.8,-1
36,BSM,0,14.4,10.8,8,6,1.8,-1
63,BSM,0,14.4,10.8,8,6,1.8,-1
70,BSM,0,14.4,10.8,8,6,1.8,-1
7,BSM,0,14.4,10.8,8,6,1.8,-1
71,BSM,0,14.4,10.8,8,6,1.8,-1
55,BSM,0,14.4,10.8,8,6,1.8,-1
17,BSM,0,14.4,10.8,8,6,1.8,-1
64,BSM,0,14.4,10.8,8,6,1.8,-1
46,BSM,0,14.4,10.8,8,6,1.8,-1
72,BSM,0,14.4,10.8,8,6,1.8,-1
27,BSM,0,14.4,10.8,8,6,1.8,-1
37,BSM,0,14.4,10.8,8,6,1.8,-1
73,BSM,0,14.4,10.8,8,6,1.8,-1
56,BSM,0,14.4,10.8,8,6,1.8,-1
65,BSM,0,14.4,10.8,8,6,1.8,-1
80,BSM,0,14.4,10.8,8,6,1.8,-1
18,BSM,0,14.4,10.8,8,6,1.8,-1
8,BSM,0,14.4,10.8,8,6,1.8,-1
74,BSM,0,14.4,10.8,8,6,1.8,-1
81,BSM,0,14.4,10.8,8,6,1.8,-1
47,BSM,0,14.4,10.8,8,6,1.8,-1
82,BSM,0,14.4,10.8,8,6,1.8,-1
28,BSM,0,14.4,10.8,8,6,1.8,-1
66,BSM,0,14.4,10.8,8,6,1.8,-1
57,BSM,0,14.4,10.8,8,6,1.8,-1
83,BSM,0,14.4,10.8,8,6,1.8,-1
38,BSM,0,14.4,10.8,8,6,1.8,-1
75,BSM,0,14.4,10.8,8,6,1.8,-1
48,BSM,0,14.4,10.8,8,6,1.8,-1
84,BSM,0,14.4,10.8,8,6,1.8,-1
9,BSM,0,14.4,10.8,8,6,1.8,-1
90,BSM,0,14.4,10.8,8,6,1.8,-1
19,BSM,0,14.4,10.8,8,6,1.8,-1
91,BSM,0,14.4,10.8,8,6,1.8,-1
92,BSM,0,14.4,10.8,8,6,1.8,-1
76,BSM,0,14.4,10.8,8,6,1.8,-1
67,BSM,0,14.4,10.8,8,6,1.8,-1
29,BSM,0,14.4,10.8,8,6,1.8,-1
58,BSM,0,14.4,10.8,8,6,1.8,-1
39,BSM,0,14.4,10.8,8,6,1.8,-1
85,BSM,0,14.4,10.8,8,6,1.8,-1
93,BSM,0,14.4,10.8,8,6,1.8,-1
94,BSM,0,14.4,10.8,8,6,1.8,-1
49,BSM,0,14.4,10.8,8,6,1.8,-1
100,BSM,0,14.4,10.8,8,6,1.8,-1
77,BSM,0,14.4,10.8,8,6,1.8,-1
86,BSM,0,14.4,10.8,8,6,1.8,-1
68,BSM,0,14.4,10.8,8,6,1.8,-1
101,BSM,0,14.4,10.8,8,6,1.8,-1
102,BSM,0,14.4,10.8,8,6,1.8,-1
95,BSM,0,14.4,10.8,8,6,1.8,-1
59,BSM,0,14.4,10.8,8,6,1.8,-1
103,BSM,0,14.4,10.8,8,6,1.8,-1
78,BSM,0,14.4,10.8,8,6,1.8,-1
87,BSM,0,14.4,10.8,8,6,1.8,-1
96,BSM,0,14.4,10.8,8,6,1.8,-1
104,BSM,0,14.4,10.8,8,6,1.8,-1
69,BSM,0,14.4,10.8,8,6,1.8,-1
110,BSM,0,14.4,10.8,8,6,1.8,-1
111,BSM,0,14.4,10.8,8,6,1.8,-1
112,BSM,0,14.4,10.8,8,6,1.8,-1
105,BSM,0,14.4,10.8,8,6,1.8,-1
88,BSM,0,14.4,10.8,8,6,1.8,-1
79,BSM,0,14.4,10.8,8,6,1.8,-1
97,BSM,0,14.4,10.8,8,6,1.8,-1
113,BSM,0,14.4,10.8,8,6,1.8,-1
106,BSM,0,14.4,10.8,8,6,1.8,-1
114,BSM,0,14.4,10.8,8,6,1.8,-1
120,BSM,0,14.4,10.8,8,6,1.8,-1
121,BSM,0,14.4,10.8,8,6,1.8,-1
98,BSM,0,14.4,10.8,8,6,1.8,-1
115,BSM,0,14.4,10.8,8,6,1.8,-1
89,BSM,0,14.4,10.8,8,6,1.8,-1
122,BSM,0,14.4,10.8,8,6,1.8,-1
107,BSM,0,14.4,10.8,8,6,1.8,-1
123,BSM,0,14.4,10.8,8,6,1.8,-1
116,BSM,0,14.4,10.8,8,6,1.8,-1
124,BSM,0,14.4,10.8,8,6,1.8,-1
99,BSM,0,14.4,10.8,8,6,1.8,-1
108,BSM,0,14.4,10.8,8,6,1.8,-1
130,BSM,0,14.4,10.8,8,6,1.8,-1
117,BSM,0,14.4,10.8,8,6,1.8,-1
125,BSM,0,14.4,10.8,8,6,1.8,-1
131,BSM,0,14.4,10.8,8,6,1.8,-1
126,BSM,0,14.4,10.8,8,6,1.8,-1
109,BSM,0,14.4,10.8,8,6,1.8,-1
118,BSM,0,14.4,10.8,8,6,1.8,-1
127,BSM,0,14.4,10.8,8,6,1.8,-1
119,BSM,0,14.4,10.8,8,6,1.8,-1
128,BSM,0,14.4,10.8,8,6,1.8,-1
129,BSM,0,14.4,10.8,8,6,1.8,-1
10,BSM,0,15.2,11.4,8,6,1.9,-1
1,BSM,0,15.2,11.4,8,6,1.9,-1
11,BSM,0,15.2,11.4,8,6,1.9,-1
20,BSM,0,15.2,11.4,8,6,1.9,-1
2,BSM,0,15.2,11.4,8,6,1.9,-1
12,BSM,0,15.2,11.4,8,6,1.9,-1
21,BSM,0,15.2,11.4,8,6,1.9,-1
22,BSM,0,15.2,11.4,8,6,1.9,-1
3,BSM,0,15.2,11.4,8,6,1.9,-1
30,BSM,0,15.2,11.4,8,6,1.9,-1
13,BSM,0,15.2,11.4,8,6,1.9,-1
31,BSM,0,15.2,11.4,8,6,1.9,-1
32,BSM,0,15.2,11.4,8,6,1.9,-1
23,BSM,0,15.2,11.4,8,6,1.9,-1
40,BSM,0,15.2,11.4,8,6,1.9,-1
4,BSM,0,15.2,11.4,8,6,1.9,-1
41,BSM,0,15.2,11.4,8,6,1.9,-1
14,BSM,0,15.2,11.4,8,6,1.9,-1
33,BSM,0,15.2,11.4,8,6,1.9,-1
24,BSM,0,15.2,11.4,8,6,1.9,-1
42,BSM,0,15.2,11.4,8,6,1.9,-1
50,BSM,0,15.2,11.4,8,6,1.9,-1
34,BSM,0,15.2,11.4,8,6,1.9,-1
43,BSM,0,15.2,11.4,8,6,1.9,-1
15,BSM,0,15.2,11.4,8,6,1.9,-1
5,BSM,0,15.2,11.4,8,6,1.9,-1
51,BSM,0,15.2,11.4,8,6,1.9,-1
52,BSM,0,15.2,11.4,8,6,1.9,-1
25,BSM,0,15.2,11.4,8,6,1.9,-1
44,BSM,0,15.2,11.4,8,6,1.9,-1
53,BSM,0,15.2,11.4,8,6,1.9,-1
35,BSM,0,15.2,11.4,8,6,1.9,-1
6,BSM,0,15.2,11.4,8,6,1.9,-1
60,BSM,0,15.2,11.4,8,6,1.9,-1
16,BSM,0,15.2,11.4,8,6,1.9,-1
61,BSM,0,15.2,11.4,8,6,1.9,-1
62,BSM,0,15.2,11.4,8,6,1.9,-1
54,BSM,0,15.2,11.4,8,6,1.9,-1
26,BSM,0,15.2,11.4,8,6,1.9,-1
45,BSM,0,15.2,11.4,8,6,1.9,-1
36,BSM,0,15.2,11.4,8,6,1.9,-1
63,BSM,0,15.2,11.4,8,6,1.9,-1
70,BSM,0,15.2,11.4,8,6,1.9,-1
7,BSM,0,15.2,11.4,8,6,1.9,-1
71,BSM,0,15.2,11.4,8,6,1.9,-1
55,BSM,0,15.2,11.4,8,6,1.9,-1
17,BSM,0,15.2,11.4,8,6,1.9,-1
64,BSM,0,15.2,11.4,8,6,1.9,-1
46,BSM,0,15.2,11.4,8,6,1.9,-1
72,BSM,0,15.2,11.4,8,6,1.9,-1
27,BSM,0,15.2,11.4,8,6,1.9,-1
37,BSM,0,15.2,11.4,8,6,1.9,-1
73,BSM,0,15.2,11.4,8,6,1.9,-1
56,BSM,0,15.2,11.4,8,6,1.9,-1
65,BSM,0,15.2,11.4,8,6,1.9,-1
80,BSM,0,15.2,11.4,8,6,1.9,-1
18,BSM,0,15.2,11.4,8,6,1.9,-1
8,BSM,0,15.2,11.4,8,6,1.9,-1
74,BSM,0,15.2,11.4,8,6,1.9,-1
81,BSM,0,15.2,11.4,8,6,1.9,-1
47,BSM,0,15.2,11.4,8,6,1.9,-1
82,BSM,0,15.2,11.4,8,6,1.9,-1
28,BSM,0,15.2,11.4,8,6,1.9,-1
66,BSM,0,15.2,11.4,8,6,1.9,-1
57,BSM,0,15.2,11.4,8,6,1.9,-1
83,BSM,0,15.2,11.4,8,6,1.9,-1
75,BSM,0,15.2,11.4,8,6,1.9,-1
38,BSM,0,15.2,11.4,8,6,1.9,-1
48,BSM,0,15.2,11.4,8,6,1.9,-1
84,BSM,0,15.2,11.4,8,6,1.9,-1
9,BSM,0,15.2,11.4,8,6,1.9,-1
90,BSM,0,15.2,11.4,8,6,1.9,-1
19,BSM,0,15.2,11.4,8,6,1.9,-1
91,BSM,0,15.2,11.4,8,6,1.9,-1
92,BSM,0,15.2,11.4,8,6,1.9,-1
76,BSM,0,15.2,11.4,8,6,1.9,-1
67,BSM,0,15.2,11.4,8,6,1.9,-1
29,BSM,0,15.2,11.4,8,6,1.9,-1
58,BSM,0,15.2,11.4,8,6,1.9,-1
39,BSM,0,15.2,11.4,8,6,1.9,-1
85,BSM,0,15.2,11.4,8,6,1.9,-1
93,BSM,0,15.2,11.4,8,6,1.9,-1
94,BSM,0,15.2,11.4,8,6,1.9,-1
49,BSM,0,15.2,11.4,8,6,1.9,-1
100,BSM,0,15.2,11.4,8,6,1.9,-1
77,BSM,0,15.2,11.4,8,6,1.9,-1
86,BSM,0,15.2,11.4,8,6,1.9,-1
68,BSM,0,15.2,11.4,8,6,1.9,-1
101,BSM,0,15.2,11.4,8,6,1.9,-1
102,BSM,0,15.2,11.4,8,6,1.9,-1
95,BSM,0,15.2,11.4,8,6,1.9,-1
59,BSM,0,15.2,11.4,8,6,1.9,-1
103,BSM,0,15.2,11.4,8,6,1.9,-1
78,BSM,0,15.2,11.4,8,6,1.9,-1
87,BSM,0,15.2,11.4,8,6,1.9,-1
96,BSM,0,15.2,11.4,8,6,1.9,-1
104,BSM,0,15.2,11.4,8,6,1.9,-1
69,BSM,0,15.2,11.4,8,6,1.9,-1
110,BSM,0,15.2,11.4,8,6,1.9,-1
111,BSM,0,15.2,11.4,8,6,1.9,-1
112,BSM,0,15.2,11.4,8,6,1.9,-1
105,BSM,0,15.2,11.4,8,6,1.9,-1
88,BSM,0,15.2,11.4,8,6,1.9,-1
79,BSM,0,15.2,11.4,8,6,1.9,-1
97,BSM,0,15.2,11.4,8,6,1.9,-1
113,BSM,0,15.2,11.4,8,6,1.9,-1
106,BSM,0,15.2,11.4,8,6,1.9,-1
114,BSM,0,15.2,11.4,8,6,1.9,-1
120,BSM,0,15.2,11.4,8,6,1.9,-1
121,BSM,0,15.2,11.4,8,6,1.9,-1
98,BSM,0,15.2,11.4,8,6,1.9,-1
115,BSM,0,15.2,11.4,8,6,1.9,-1
89,BSM,0,15.2,11.4,8,6,1.9,-1
122,BSM,0,15.2,11.4,8,6,1.9,-1
107,BSM,0,15.2,11.4,8,6,1.9,-1
123,BSM,0,15.2,11.4,8,6,1.9,-1
116,BSM,0,15.2,11.4,8,6,1.9,-1
124,BSM,0,15.2,11.4,8,6,1.9,-1
99,BSM,0,15.2,11.4,8,6,1.9,-1
108,BSM,0,15.2,11.4,8,6,1.9,-1
130,BSM,0,15.2,11.4,8,6,1.9,-1
117,BSM,0,15.2,11.4,8,6,1.9,-1
125,BSM,0,15.2,11.4,8,6,1.9,-1
131,BSM,0,15.2,11.4,8,6,1.9,-1
126,BSM,0,15.2,11.4,8,6,1.9,-1
109,BSM,0,15.2,11.4,8,6,1.9,-1
118,BSM,0,15.2,11.4,8,6,1.9,-1
127,BSM,0,15.2,11.4,8,6,1.9,-1
119,BSM,0,15.2,11.4,8,6,1.9,-1
128,BSM,0,15.2,11.4,8,6,1.9,-1
129,BSM,0,15.2,11.4,8,6,1.9,-1
10,BSM,0,15.2,11.4,8,6,1.9,-1
1,BSM,0,15.2,11.4,8,6,1.9,-1
11,BSM,0,15.2,11.4,8,6,1.9,-1
20,BSM,0,15.2,11.4,8,6,1.9,-1
2,BSM,0,15.2,11.4,8,6,1.9,-1
12,BSM,0,15.2,11.4,8,6,1.9,-1
21,BSM,0,15.2,11.4,8,6,1.9,-1
22,BSM,0,15.2,11.4,8,6,1.9,-1
3,BSM,0,15.2,11.4,8,6,1.9,-1
30,BSM,0,15.2,11.4,8,6,1.9,-1
13,BSM,0,15.2,11.4,8,6,1.9,-1
31,BSM,0,15.2,11.4,8,6,1.9,-1
32,BSM,0,15.2,11.4,8,6,1.9,-1
23,BSM,0,15.2,11.4,8,6,1.9,-1
40,BSM,0,15.2,11.4,8,6,1.9,-1
4,BSM,0,15.2,11.4,8,6,1.9,-1
41,BSM,0,15.2,11.4,8,6,1.9,-1
14,BSM,0,15.2,11.4,8,6,1.9,-1
33,BSM,0,15.2,11.4,8,6,1.9,-1
24,BSM,0,15.2,11.4,8,6,1.9,-1
42,BSM,0,15.2,11.4,8,6,1.9,-1
50,BSM,0,15.2,11.4,8,6,1.9,-1
34,BSM,0,15.2,11.4,8,6,1.9,-1
43,BSM,0,15.2,11.4,8,6,1.9,-1
15,BSM,0,15.2,11.4,8,6,1.9,-1
5,BSM,0,15.2,11.4,8,6,1.9,-1
51,BSM,0,15.2,11.4,8,6,1.9,-1
52,BSM,0,15.2,11.4,8,6,1.9,-1
25,BSM,0,15.2,11.4,8,6,1.9,-1
44,BSM,0,15.2,11.4,8,6,1.9,-1
53,BSM,0,15.2,11.4,8,6,1.9,-1
35,BSM,0,15.2,11.4,8,6,1.9,-1
6,BSM,0,15.2,11.4,8,6,1.9,-1
60,BSM,0,15.2,11.4,8,6,1.9,-1
16,BSM,0,15.2,11.4,8,6,1.9,-1
61,BSM,0,15.2,11.4,8,6,1.9,-1
62,BSM,0,15.2,11.4,8,6,1.9,-1
54,BSM,0,15.2,11.4,8,6,1.9,-1
26,BSM,0,15.2,11.4,8,6,1.9,-1
45,BSM,0,15.2,11.4,8,6,1.9,-1
36,BSM,0,15.2,11.4,8,6,1.9,-1
63,BSM,0,15.2,11.4,8,6,1.9,-1
70,BSM,0,15.2,11.4,8,6,1.9,-1
7,BSM,0,15.2,11.4,8,6,1.9,-1
71,BSM,0,15.2,11.4,8,6,1.9,-1
55,BSM,0,15.2,11.4,8,6,1.9,-1
17,BSM,0,15.2,11.4,8,6,1.9,-1
64,BSM,0,15.2,11.4,8,6,1.9,-1
46,BSM,0,15.2,11.4,8,6,1.9,-1
72,BSM,0,15.2,11.4,8,6,1.9,-1
27,BSM,0,15.2,11.4,8,6,1.9,-1
37,BSM,0,15.2,11.4,8,6,1.9,-1
73,BSM,0,15.2,11.4,8,6,1.9,-1
56,BSM,0,15.2,11.4,8,6,1.9,-1
65,BSM,0,15.2,11.4,8,6,1.9,-1
80,BSM,0,15.2,11.4,8,6,1.9,-1
18,BSM,0,15.2,11.4,8,6,1.9,-1
8,BSM,0,15.2,11.4,8,6,1.9,-1
74,BSM,0,15.2,11.4,8,6,1.9,-1
81,BSM,0,15.2,11.4,8,6,1.9,-1
47,BSM,0,15.2,11.4,8,6,1.9,-1
82,BSM,0,15.2,11.4,8,6,1.9,-1
28,BSM,0,15.2,11.4,8,6,1.9,-1
66,BSM,0,15.2,11.4,8,6,1.9,-1
57,BSM,0,15.2,11.4,8,6,1.9,-1
83,BSM,0,15.2,11.4,8,6,1.9,-1
75,BSM,0,15.2,11.4,8,6,1.9,-1
38,BSM,0,15.2,11.4,8,6,1.9,-1
48,BSM,0,15.2,11.4,8,6,1.9,-1
84,BSM,0,15.2,11.4,8,6,1.9,-1
9,BSM,0,15.2,11.4,8,6,1.9,-1
90,BSM,0,15.2,11.4,8,6,1.9,-1
19,BSM,0,15.2,11.4,8,6,1.9,-1
91,BSM,0,15.2,11.4,8,6,1.9,-1
92,BSM,0,15.2,11.4,8,6,1.9,-1
76,BSM,0,15.2,11.4,8,6,1.9,-1
67,BSM,0,15.2,11.4,8,6,1.9,-1
29,BSM,0,15.2,11.4,8,6,1.9,-1
58,BSM,0,15.2,11.4,8,6,1.9,-1
39,BSM,0,15.2,11.4,8,6,1.9,-1
85,BSM,0,15.2,11.4,8,6,1.9,-1
93,BSM,0,15.2,11.4,8,6,1.9,-1
94,BSM,0,15.2,11.4,8,6,1.9,-1
49,BSM,0,15.2,11.4,8,6,1.9,-1
100,BSM,0,15.2,11.4,8,6,1.9,-1
77,BSM,0,15.2,11.4,8,6,1.9,-1
86,BSM,0,15.2,11.4,8,6,1.9,-1
68,BSM,0,15.2,11.4,8,6,1.9,-1
101,BSM,0,15.2,11.4,8,6,1.9,-1
102,BSM,0,15.2,11.4,8,6,1.9,-1
95,BSM,0,15.2,11.4,8,6,1.9,-1
59,BSM,0,15.2,11.4,8,6,1.9,-1
103,BSM,0,15.2,11.4,8,6,1.9,-1
78,BSM,0,15.2,11.4,8,6,1.9,-1
87,BSM,0,15.2,11.4,8,6,1.9,-1
96,BSM,0,15.2,11.4,8,6,1.9,-1
104,BSM,0,15.2,11.4,8,6,1.9,-1
69,BSM,0,15.2,11.4,8,6,1.9,-1
110,BSM,0,15.2,11.4,8,6,1.9,-1
111,BSM,0,15.2,11.4,8,6,1.9,-1
112,BSM,0,15.2,11.4,8,6,1.9,-1
105,BSM,0,15.2,11.4,8,6,1.9,-1
88,BSM,0,15.2,11.4,8,6,1.9,-1
79,BSM,0,15.2,11.4,8,6,1.9,-1
97,BSM,0,15.2,11.4,8,6,1.9,-1
113,BSM,0,15.2,11.4,8,6,1.9,-1
106,BSM,0,15.2,11.4,8,6,1.9,-1
114,BSM,0,15.2,11.4,8,6,1.9,-1
120,BSM,0,15.2,11.4,8,6,1.9,-1
121,BSM,0,15.2,11.4,8,6,1.9,-1
98,BSM,0,15.2,11.4,8,6,1.9,-1
115,BSM,0,15.2,11.4,8,6,1.9,-1
89,BSM,0,15.2,11.4,8,6,1.9,-1
122,BSM,0,15.2,11.4,8,6,1.9,-1
107,BSM,0,15.2,11.4,8,6,1.9,-1
123,BSM,0,15.2,11.4,8,6,1.9,-1
116,BSM,0,15.2,11.4,8,6,1.9,-1
124,BSM,0,15.2,11.4,8,6,1.9,-1
99,BSM,0,15.2,11.4,8,6,1.9,-1
108,BSM,0,15.2,11.4,8,6,1.9,-1
130,BSM,0,15.2,11.4,8,6,1.9,-1
117,BSM,0,15.2,11.4,8,6,1.9,-1
125,BSM,0,15.2,11.4,8,6,1.9,-1
131,BSM,0,15.2,11.4,8,6,1.9,-1
126,BSM,0,15.2,11.4,8,6,1.9,-1
109,BSM,0,15.2,11.4,8,6,1.9,-1
118,BSM,0,15.2,11.4,8,6,1.9,-1
127,BSM,0,15.2,11.4,8,6,1.9,-1
119,BSM,0,15.2,11.4,8,6,1.9,-1
128,BSM,0,15.2,11.4,8,6,1.9,-1
129,BSM,0,15.2,11.4,8,6,1.9,-1
10,BSM,0,15.2,11.4,8,6,1.9,-1
1,BSM,0,15.2,11.4,8,6,1.9,-1
11,BSM,0,15.2,11.4,8,6,1.9,-1
20,BSM,0,15.2,11.4,8,6,1.9,-1
2,BSM,0,15.2,11.4,8,6,1.9,-1
12,BSM,0,15.2,11.4,8,6,1.9,-1
21,BSM,0,15.2,11.4,8,6,1.9,-1
22,BSM,0,15.2,11.4,8,6,1.9,-1
3,BSM,0,15.2,11.4,8,6,1.9,-1
30,BSM,0,15.2,11.4,8,6,1.9,-1
13,BSM,0,15.2,11.4,8,6,1.9,-1
31,BSM,0,15.2,11.4,8,6,1.9,-1
32,BSM,0,15.2,11.4,8,6,1.9,-1
23,BSM,0,15.2,11.4,8,6,1.9,-1
40,BSM,0,15.2,11.4,8,6,1.9,-1
4,BSM,0,15.2,11.4,8,6,1.9,-1
41,BSM,0,15.2,11.4,8,6,1.9,-1
14,BSM,0,15.2,11.4,8,6,1.9,-1
33,BSM,0,15.2,11.4,8,6,1.9,-1
24,BSM,0,15.2,11.4,8,6,1.9,-1
42,BSM,0,15.2,11.4,8,6,1.9,-1
50,BSM,0,15.2,11.4,8,6,1.9,-1
34,BSM,0,15.2,11.4,8,6,1.9,-1
43,BSM,0,15.2,11.4,8,6,1.9,-1
15,BSM,0,15.2,11.4,8,6,1.9,-1
5,BSM,0,15.2,11.4,8,6,1.9,-1
51,BSM,0,15.2,11.4,8,6,1.9,-1
52,BSM,0,15.2,11.4,8,6,1.9,-1
25,BSM,0,15.2,11.4,8,6,1.9,-1
44,BSM,0,15.2,11.4,8,6,1.9,-1
53,BSM,0,15.2,11.4,8,6,1.9,-1
35,BSM,0,15.2,11.4,8,6,1.9,-1
6,BSM,0,15.2,11.4,8,6,1.9,-1
60,BSM,0,15.2,11.4,8,6,1.9,-1
16,BSM,0,15.2,11.4,8,6,1.9,-1
61,BSM,0,15.2,11.4,8,6,1.9,-1
62,BSM,0,15.2,11.4,8,6,1.9,-1
54,BSM,0,15.2,11.4,8,6,1.9,-1
26,BSM,0,15.2,11.4,8,6,1.9,-1
45,BSM,0,15.2,11.4,8,6,1.9,-1
36,BSM,0,15.2,11.4,8,6,1.9,-1
63,BSM,0,15.2,11.4,8,6,1.9,-1
70,BSM,0,15.2,11.4,8,6,1.9,-1
7,BSM,0,15.2,11.4,8,6,1.9,-1
71,BSM,0,15.2,11.4,8,6,1.9,-1
55,BSM,0,15.2,11.4,8,6,1.9,-1
17,BSM,0,15.2,11.4,8,6,1.9,-1
64,BSM,0,15.2,11.4,8,6,1.9,-1
46,BSM,0,15.2,11.4,8,6,1.9,-1
72,BSM,0,15.2,11.4,8,6,1.9,-1
27,BSM,0,15.2,11.4,8,6,1.9,-1
37,BSM,0,15.2,11.4,8,6,1.9,-1
73,BSM,0,15.2,11.4,8,6,1.9,-1
56,BSM,0,15.2,11.4,8,6,1.9,-1
65,BSM,0,15.2,11.4,8,6,1.9,-1
80,BSM,0,15.2,11.4,8,6,1.9,-1
18,BSM,0,15.2,11.4,8,6,1.9,-1
8,BSM,0,15.2,11.4,8,6,1.9,-1
74,BSM,0,15.2,11.4,8,6,1.9,-1
81,BSM,0,15.2,11.4,8,6,1.9,-1
47,BSM,0,15.2,11.4,8,6,1.9,-1
82,BSM,0,15.2,11.4,8,6,1.9,-1
28,BSM,0,15.2,11.4,8,6,1.9,-1
66,BSM,0,15.2,11.4,8,6,1.9,-1
57,BSM,0,15.2,11.4,8,6,1.9,-1
83,BSM,0,15.2,11.4,8,6,1.9,-1
75,BSM,0,15.2,11.4,8,6,1.9,-1
38,BSM,0,15.2,11.4,8,6,1.9,-1
48,BSM,0,15.2,11.4,8,6,1.9,-1
84,BSM,0,15.2,11.4,8,6,1.9,-1
9,BSM,0,15.2,11.4,8,6,1.9,-1
90,BSM,0,15.2,11.4,8,6,1.9,-1
19,BSM,0,15.2,11.4,8,6,1.9,-1
91,BSM,0,15.2,11.4,8,6,1.9,-1
92,BSM,0,15.2,11.4,8,6,1.9,-1
76,BSM,0,15.2,11.4,8,6,1.9,-1
67,BSM,0,15.2,11.4,8,6,1.9,-1
29,BSM,0,15.2,11.4,8,6,1.9,-1
58,BSM,0,15.2,11.4,8,6,1.9,-1
39,BSM,0,15.2,11.4,8,6,1.9,-1
85,BSM,0,15.2,11.4,8,6,1.9,-1
93,BSM,0,15.2,11.4,8,6,1.9,-1
94,BSM,0,15.2,11.4,8,6,1.9,-1
49,BSM,0,15.2,11.4,8,6,1.9,-1
100,BSM,0,15.2,11.4,8,6,1.9,-1
77,BSM,0,15.2,11.4,8,6,1.9,-1
86,BSM,0,15.2,11.4,8,6,1.9,-1
68,BSM,0,15.2,11.4,8,6,1.9,-1
101,BSM,0,15.2,11.4,8,6,1.9,-1
102,BSM,0,15.2,11.4,8,6,1.9,-1
95,BSM,0,15.2,11.4,8,6,1.9,-1
59,BSM,0,15.2,11.4,8,6,1.9,-1
103,BSM,0,15.2,11.4,8,6,1.9,-1
78,BSM,0,15.2,11.4,8,6,1.9,-1
87,BSM,0,15.2,11.4,8,6,1.9,-1
96,BSM,0,15.2,11.4,8,6,1.9,-1
104,BSM,0,15.2,11.4,8,6,1.9,-1
69,BSM,0,15.2,11.4,8,6,1.9,-1
110,BSM,0,15.2,11.4,8,6,1.9,-1
111,BSM,0,15.2,11.4,8,6,1.9,-1
112,BSM,0,15.2,11.4,8,6,1.9,-1
105,BSM,0,15.2,11.4,8,6,1.9,-1
88,BSM,0,15.2,11.4,8,6,1.9,-1
79,BSM,0,15.2,11.4,8,6,1.9,-1
97,BSM,0,15.2,11.4,8,6,1.9,-1
113,BSM,0,15.2,11.4,8,6,1.9,-1
106,BSM,0,15.2,11.4,8,6,1.9,-1
114,BSM,0,15.2,11.4,8,6,1.9,-1
120,BSM,0,15.2,11.4,8,6,1.9,-1
121,BSM,0,15.2,11.4,8,6,1.9,-1
98,BSM,0,15.2,11.4,8,6,1.9,-1
115,BSM,0,15.2,11.4,8,6,1.9,-1
89,BSM,0,15.2,11.4,8,6,1.9,-1
122,BSM,0,15.2,11.4,8,6,1.9,-1
107,BSM,0,15.2,11.4,8,6,1.9,-1
123,BSM,0,15.2,11.4,8,6,1.9,-1
116,BSM,0,15.2,11.4,8,6,1.9,-1
124,BSM,0,15.2,11.4,8,6,1.9,-1
99,BSM,0,15.2,11.4,8,6,1.9,-1
108,BSM,0,15.2,11.4,8,6,1.9,-1
130,BSM,0,15.2,11.4,8,6,1.9,-1
117,BSM,0,15.2,11.4,8,6,1.9,-1
125,BSM,0,15.2,11.4,8,6,1.9,-1
131,BSM,0,15.2,11.4,8,6,1.9,-1
126,BSM,0,15.2,11.4,8,6,1.9,-1
109,BSM,0,15.2,11.4,8,6,1.9,-1
118,BSM,0,15.2,11.4,8,6,1.9,-1
127,BSM,0,15.2,11.4,8,6,1.9,-1
119,BSM,0,15.2,11.4,8,6,1.9,-1
128,BSM,0,15.2,11.4,8,6,1.9,-1
129,BSM,0,15.2,11.4,8,6,1.9,-1
10,BSM,0,15.2,11.4,8,6,1.9,-1
1,BSM,0,15.2,11.4,8,6,1.9,-1
11,BSM,0,15.2,11.4,8,6,1.9,-1
20,BSM,0,15.2,11.4,8,6,1.9,-1
2,BSM,0,15.2,11.4,8,6,1.9,-1
12,BSM,0,15.2,11.4,8,6,1.9,-1
21,BSM,0,15.2,11.4,8,6,1.9,-1
22,BSM,0,15.2,11.4,8,6,1.9,-1
3,BSM,0,15.2,11.4,8,6,1.9,-1
30,BSM,0,15.2,11.4,8,6,1.9,-1
13,BSM,0,15.2,11.4,8,6,1.9,-1
31,BSM,0,15.2,11.4,8,6,1.9,-1
32,BSM,0,15.2,11.4,8,6,1.9,-1
23,BSM,0,15.2,11.4,8,6,1.9,-1
40,BSM,0,15.2,11.4,8,6,1.9,-1
4,BSM,0,15.2,11.4,8,6,1.9,-1
41,BSM,0,15.2,11.4,8,6,1.9,-1
14,BSM,0,15.2,11.4,8,6,1.9,-1
33,BSM,0,15.2,11.4,8,6,1.9,-1
24,BSM,0,15.2,11.4,8,6,1.9,-1
42,BSM,0,15.2,11.4,8,6,1.9,-1
50,BSM,0,15.2,11.4,8,6,1.9,-1
34,BSM,0,15.2,11.4,8,6,1.9,-1
43,BSM,0,15.2,11.4,8,6,1.9,-1
15,BSM,0,15.2,11.4,8,6,1.9,-1
5,BSM,0,15.2,11.4,8,6,1.9,-1
51,BSM,0,15.2,11.4,8,6,1.9,-1
52,BSM,0,15.2,11.4,8,6,1.9,-1
25,BSM,0,15.2,11.4,8,6,1.9,-1
44,BSM,0,15.2,11.4,8,6,1.9,-1
53,BSM,0,15.2,11.4,8,6,1.9,-1
35,BSM,0,15.2,11.4,8,6,1.9,-1
6,BSM,0,15.2,11.4,8,6,1.9,-1
60,BSM,0,15.2,11.4,8,6,1.9,-1
16,BSM,0,15.2,11.4,8,6,1.9,-1
61,BSM,0,15.2,11.4,8,6,1.9,-1
62,BSM,0,15.2,11.4,8,6,1.9,-1
54,BSM,0,15.2,11.4,8,6,1.9,-1
26,BSM,0,15.2,11.4,8,6,1.9,-1
45,BSM,0,15.2,11.4,8,6,1.9,-1
36,BSM,0,15.2,11.4,8,6,1.9,-1
63,BSM,0,15.2,11.4,8,6,1.9,-1
70,BSM,0,15.2,11.4,8,6,1.9,-1
7,BSM,0,15.2,11.4,8,6,1.9,-1
71,BSM,0,15.2,11.4,8,6,1.9,-1
55,BSM,0,15.2,11.4,8,6,1.9,-1
17,BSM,0,15.2,11.4,8,6,1.9,-1
64,BSM,0,15.2,11.4,8,6,1.9,-1
46,BSM,0,15.2,11.4,8,6,1.9,-1
72,BSM,0,15.2,11.4,8,6,1.9,-1
27,BSM,0,15.2,11.4,8,6,1.9,-1
37,BSM,0,15.2,11.4,8,6,1.9,-1
73,BSM,0,15.2,11.4,8,6,1.9,-1
56,BSM,0,15.2,11.4,8,6,1.9,-1
65,BSM,0,15.2,11.4,8,6,1.9,-1
80,BSM,0,15.2,11.4,8,6,1.9,-1
18,BSM,0,15.2,11.4,8,6,1.9,-1
8,BSM,0,15.2,11.4,8,6,1.9,-1
74,BSM,0,15.2,11.4,8,6,1.9,-1
81,BSM,0,15.2,11.4,8,6,1.9,-1
47,BSM,0,15.2,11.4,8,6,1.9,-1
82,BSM,0,15.2,11.4,8,6,1.9,-1
28,BSM,0,15.2,11.4,8,6,1.9,-1
66,BSM,0,15.2,11.4,8,6,1.9,-1
57,BSM,0,15.2,11.4,8,6,1.9,-1
83,BSM,0,15.2,11.4,8,6,1.9,-1
75,BSM,0,15.2,11.4,8,6,1.9,-1
38,BSM,0,15.2,11.4,8,6,1.9,-1
48,BSM,0,15.2,11.4,8,6,1.9,-1
84,BSM,0,15.2,11.4,8,6,1.9,-1
9,BSM,0,15.2,11.4,8,6,1.9,-1
90,BSM,0,15.2,11.4,8,6,1.9,-1
19,BSM,0,15.2,11.4,8,6,1.9,-1
91,BSM,0,15.2,11.4,8,6,1.9,-1
92,BSM,0,15.2,11.4,8,6,1.9,-1
76,BSM,0,15.2,11.4,8,6,1.9,-1
67,BSM,0,15.2,11.4,8,6,1.9,-1
29,BSM,0,15.2,11.4,8,6,1.9,-1
58,BSM,0,15.2,11.4,8,6,1.9,-1
39,BSM,0,15.2,11.4,8,6,1.9,-1
85,BSM,0,15.2,11.4,8,6,1.9,-1
93,BSM,0,15.2,11.4,8,6,1.9,-1
94,BSM,0,15.2,11.4,8,6,1.9,-1
49,BSM,0,15.2,11.4,8,6,1.9,-1
100,BSM,0,15.2,11.4,8,6,1.9,-1
77,BSM,0,15.2,11.4,8,6,1.9,-1
86,BSM,0,15.2,11.4,8,6,1.9,-1
68,BSM,0,15.2,11.4,8,6,1.9,-1
101,BSM,0,15.2,11.4,8,6,1.9,-1
102,BSM,0,15.2,11.4,8,6,1.9,-1
95,BSM,0,15.2,11.4,8,6,1.9,-1
59,BSM,0,15.2,11.4,8,6,1.9,-1
103,BSM,0,15.2,11.4,8,6,1.9,-1
78,BSM,0,15.2,11.4,8,6,1.9,-1
87,BSM,0,15.2,11.4,8,6,1.9,-1
96,BSM,0,15.2,11.4,8,6,1.9,-1
104,BSM,0,15.2,11.4,8,6,1.9,-1
69,BSM,0,15.2,11.4,8,6,1.9,-1
110,BSM,0,15.2,11.4,8,6,1.9,-1
111,BSM,0,15.2,11.4,8,6,1.9,-1
112,BSM,0,15.2,11.4,8,6,1.9,-1
105,BSM,0,15.2,11.4,8,6,1.9,-1
88,BSM,0,15.2,11.4,8,6,1.9,-1
79,BSM,0,15.2,11.4,8,6,1.9,-1
97,BSM,0,15.2,11.4,8,6,1.9,-1
113,BSM,0,15.2,11.4,8,6,1.9,-1
106,BSM,0,15.2,11.4,8,6,1.9,-1
114,BSM,0,15.2,11.4,8,6,1.9,-1
120,BSM,0,15.2,11.4,8,6,1.9,-1
121,BSM,0,15.2,11.4,8,6,1.9,-1
98,BSM,0,15.2,11.4,8,6,1.9,-1
115,BSM,0,15.2,11.4,8,6,1.9,-1
89,BSM,0,15.2,11.4,8,6,1.9,-1
122,BSM,0,15.2,11.4,8,6,1.9,-1
107,BSM,0,15.2,11.4,8,6,1.9,-1
123,BSM,0,15.2,11.4,8,6,1.9,-1
116,BSM,0,15.2,11.4,8,6,1.9,-1
124,BSM,0,15.2,11.4,8,6,1.9,-1
99,BSM,0,15.2,11.4,8,6,1.9,-1
108,BSM,0,15.2,11.4,8,6,1.9,-1
130,BSM,0,15.2,11.4,8,6,1.9,-1
117,BSM,0,15.2,11.4,8,6,1.9,-1
125,BSM,0,15.2,11.4,8,6,1.9,-1
131,BSM,0,15.2,11.4,8,6,1.9,-1
126,BSM,0,15.2,11.4,8,6,1.9,-1
109,BSM,0,15.2,11.4,8,6,1.9,-1
118,BSM,0,15.2,11.4,8,6,1.9,-1
127,BSM,0,15.2,11.4,8,6,1.9,-1
119,BSM,0,15.2,11.4,8,6,1.9,-1
128,BSM,0,15.2,11.4,8,6,1.9,-1
129,BSM,0,15.2,11.4,8,6,1.9,-1
10,BSM,0,15.2,11.4,8,6,1.9,-1
1,BSM,0,15.2,11.4,8,6,1.9,-1
11,BSM,0,15.2,11.4,8,6,1.9,-1
20,BSM,0,15.2,11.4,8,6,1.9,-1
2,BSM,0,15.2,11.4,8,6,1.9,-1
12,BSM,0,15.2,11.4,8,6,1.9,-1
21,BSM,0,15.2,11.4,8,6,1.9,-1
22,BSM,0,15.2,11.4,8,6,1.9,-1
3,BSM,0,15.2,11.4,8,6,1.9,-1
30,BSM,0,15.2,11.4,8,6,1.9,-1
13,BSM,0,15.2,11.4,8,6,1.9,-1
31,BSM,0,15.2,11.4,8,6,1.9,-1
32,BSM,0,15.2,11.4,8,6,1.9,-1
23,BSM,0,15.2,11.4,8,6,1.9,-1
40,BSM,0,15.2,11.4,8,6,1.9,-1
4,BSM,0,15.2,11.4,8,6,1.9,-1
41,BSM,0,15.2,11.4,8,6,1.9,-1
14,BSM,0,15.2,11.4,8,6,1.9,-1
33,BSM,0,15.2,11.4,8,6,1.9,-1
24,BSM,0,15.2,11.4,8,6,1.9,-1
42,BSM,0,15.2,11.4,8,6,1.9,-1
50,BSM,0,15.2,11.4,8,6,1.9,-1
34,BSM,0,15.2,11.4,8,6,1.9,-1
43,BSM,0,15.2,11.4,8,6,1.9,-1
15,BSM,0,15.2,11.4,8,6,1.9,-1
5,BSM,0,15.2,11.4,8,6,1.9,-1
51,BSM,0,15.2,11.4,8,6,1.9,-1
52,BSM,0,15.2,11.4,8,6,1.9,-1
25,BSM,0,15.2,11.4,8,6,1.9,-1
44,BSM,0,15.2,11.4,8,6,1.9,-1
53,BSM,0,15.2,11.4,8,6,1.9,-1
35,BSM,0,15.2,11.4,8,6,1.9,-1
6,BSM,0,15.2,11.4,8,6,1.9,-1
60,BSM,0,15.2,11.4,8,6,1.9,-1
16,BSM,0,15.2,11.4,8,6,1.9,-1
61,BSM,0,15.2,11.4,8,6,1.9,-1
62,BSM,0,15.2,11.4,8,6,1.9,-1
54,BSM,0,15.2,11.4,8,6,1.9,-1
26,BSM,0,15.2,11.4,8,6,1.9,-1
45,BSM,0,15.2,11.4,8,6,1.9,-1
36,BSM,0,15.2,11.4,8,6,1.9,-1
63,BSM,0,15.2,11.4,8,6,1.9,-1
70,BSM,0,15.2,11.4,8,6,1.9,-1
7,BSM,0,15.2,11.4,8,6,1.9,-1
71,BSM,0,15.2,11.4,8,6,1.9,-1
55,BSM,0,15.2,11.4,8,6,1.9,-1
17,BSM,0,15.2,11.4,8,6,1.9,-1
64,BSM,0,15.2,11.4,8,6,1.9,-1
46,BSM,0,15.2,11.4,8,6,1.9,-1
72,BSM,0,15.2,11.4,8,6,1.9,-1
27,BSM,0,15.2,11.4,8,6,1.9,-1
37,BSM,0,15.2,11.4,8,6,1.9,-1
73,BSM,0,15.2,11.4,8,6,1.9,-1
56,BSM,0,15.2,11.4,8,6,1.9,-1
65,BSM,0,15.2,11.4,8,6,1.9,-1
80,BSM,0,15.2,11.4,8,6,1.9,-1
18,BSM,0,15.2,11.4,8,6,1.9,-1
8,BSM,0,15.2,11.4,8,6,1.9,-1
74,BSM,0,15.2,11.4,8,6,1.9,-1
81,BSM,0,15.2,11.4,8,6,1.9,-1
47,BSM,0,15.2,11.4,8,6,1.9,-1
82,BSM,0,15.2,11.4,8,6,1.9,-1
28,BSM,0,15.2,11.4,8,6,1.9,-1
66,BSM,0,15.2,11.4,8,6,1.9,-1
57,BSM,0,15.2,11.4,8,6,1.9,-1
83,BSM,0,15.2,11.4,8,6,1.9,-1
75,BSM,0,15.2,11.4,8,6,1.9,-1
38,BSM,0,15.2,11.4,8,6,1.9,-1
48,BSM,0,15.2,11.4,8,6,1.9,-1
84,BSM,0,15.2,11.4,8,6,1.9,-1
9,BSM,0,15.2,11.4,8,6,1.9,-1
90,BSM,0,15.2,11.4,8,6,1.9,-1
19,BSM,0,15.2,11.4,8,6,1.9,-1
91,BSM,0,15.2,11.4,8,6,1.9,-1
92,BSM,0,15.2,11.4,8,6,1.9,-1
76,BSM,0,15.2,11.4,8,6,1.9,-1
67,BSM,0,15.2,11.4,8,6,1.9,-1
29,BSM,0,15.2,11.4,8,6,1.9,-1
58,BSM,0,15.2,11.4,8,6,1.9,-1
39,BSM,0,15.2,11.4,8,6,1.9,-1
85,BSM,0,15.2,11.4,8,6,1.9,-1
93,BSM,0,15.2,11.4,8,6,1.9,-1
94,BSM,0,15.2,11.4,8,6,1.9,-1
49,BSM,0,15.2,11.4,8,6,1.9,-1
100,BSM,0,15.2,11.4,8,6,1.9,-1
77,BSM,0,15.2,11.4,8,6,1.9,-1
86,BSM,0,15.2,11.4,8,6,1.9,-1
68,BSM,0,15.2,11.4,8,6,1.9,-1
101,BSM,0,15.2,11.4,8,6,1.9,-1
102,BSM,0,15.2,11.4,8,6,1.9,-1
95,BSM,0,15.2,11.4,8,6,1.9,-1
59,BSM,0,15.2,11.4,8,6,1.9,-1
103,BSM,0,15.2,11.4,8,6,1.9,-1
78,BSM,0,15.2,11.4,8,6,1.9,-1
87,BSM,0,15.2,11.4,8,6,1.9,-1
96,BSM,0,15.2,11.4,8,6,1.9,-1
104,BSM,0,15.2,11.4,8,6,1.9,-1
69,BSM,0,15.2,11.4,8,6,1.9,-1
110,BSM,0,15.2,11.4,8,6,1.9,-1
111,BSM,0,15.2,11.4,8,6,1.9,-1
112,BSM,0,15.2,11.4,8,6,1.9,-1
105,BSM,0,15.2,11.4,8,6,1.9,-1
88,BSM,0,15.2,11.4,8,6,1.9,-1
79,BSM,0,15.2,11.4,8,6,1.9,-1
97,BSM,0,15.2,11.4,8,6,1.9,-1
113,BSM,0,15.2,11.4,8,6,1.9,-1
106,BSM,0,15.2,11.4,8,6,1.9,-1
114,BSM,0,15.2,11.4,8,6,1.9,-1
120,BSM,0,15.2,11.4,8,6,1.9,-1
121,BSM,0,15.2,11.4,8,6,1.9,-1
98,BSM,0,15.2,11.4,8,6,1.9,-1
115,BSM,0,15.2,11.4,8,6,1.9,-1
89,BSM,0,15.2,11.4,8,6,1.9,-1
122,BSM,0,15.2,11.4,8,6,1.9,-1
107,BSM,0,15.2,11.4,8,6,1.9,-1
123,BSM,0,15.2,11.4,8,6,1.9,-1
116,BSM,0,15.2,11.4,8,6,1.9,-1
124,BSM,0,15.2,11.4,8,6,1.9,-1
99,BSM,0,15.2,11.4,8,6,1.9,-1
108,BSM,0,15.2,11.4,8,6,1.9,-1
130,BSM,0,15.2,11.4,8,6,1.9,-1
117,BSM,0,15.2,11.4,8,6,1.9,-1
125,BSM,0,15.2,11.4,8,6,1.9,-1
131,BSM,0,15.2,11.4,8,6,1.9,-1
126,BSM,0,15.2,11.4,8,6,1.9,-1
109,BSM,0,15.2,11.4,8,6,1.9,-1
118,BSM,0,15.2,11.4,8,6,1.9,-1
127,BSM,0,15.2,11.4,8,6,1.9,-1
119,BSM,0,15.2,11.4,8,6,1.9,-1
128,BSM,0,15.2,11.4,8,6,1.9,-1
129,BSM,0,15.2,11.4,8,6,1.9,-1
10,BSM,0,15.2,11.4,8,6,1.9,-1
1,BSM,0,15.2,11.4,8,6,1.9,-1
11,BSM,0,15.2,11.4,8,6,1.9,-1
20,BSM,0,15.2,11.4,8,6,1.9,-1
2,BSM,0,15.2,11.4,8,6,1.9,-1
12,BSM,0,15.2,11.4,8,6,1.9,-1
21,BSM,0,15.2,11.4,8,6,1.9,-1
22,BSM,0,15.2,11.4,8,6,1.9,-1
3,BSM,0,15.2,11.4,8,6,1.9,-1
30,BSM,0,15.2,11.4,8,6,1.9,-1
13,BSM,0,15.2,11.4,8,6,1.9,-1
31,BSM,0,15.2,11.4,8,6,1.9,-1
32,BSM,0,15.2,11.4,8,6,1.9,-1
23,BSM,0,15.2,11.4,8,6,1.9,-1
40,BSM,0,15.2,11.4,8,6,1.9,-1
4,BSM,0,15.2,11.4,8,6,1.9,-1
41,BSM,0,15.2,11.4,8,6,1.9,-1
14,BSM,0,15.2,11.4,8,6,1.9,-1
33,BSM,0,15.2,11.4,8,6,1.9,-1
24,BSM,0,15.2,11.4,8,6,1.9,-1
42,BSM,0,15.2,11.4,8,6,1.9,-1
50,BSM,0,15.2,11.4,8,6,1.9,-1
34,BSM,0,15.2,11.4,8,6,1.9,-1
43,BSM,0,15.2,11.4,8,6,1.9,-1
15,BSM,0,15.2,11.4,8,6,1.9,-1
5,BSM,0,15.2,11.4,8,6,1.9,-1
51,BSM,0,15.2,11.4,8,6,1.9,-1
52,BSM,0,15.2,11.4,8,6,1.9,-1
25,BSM,0,15.2,11.4,8,6,1.9,-1
44,BSM,0,15.2,11.4,8,6,1.9,-1
53,BSM,0,15.2,11.4,8,6,1.9,-1
35,BSM,0,15.2,11.4,8,6,1.9,-1
6,BSM,0,15.2,11.4,8,6,1.9,-1
60,BSM,0,15.2,11.4,8,6,1.9,-1
16,BSM,0,15.2,11.4,8,6,1.9,-1
61,BSM,0,15.2,11.4,8,6,1.9,-1
62,BSM,0,15.2,11.4,8,6,1.9,-1
54,BSM,0,15.2,11.4,8,6,1.9,-1
26,BSM,0,15.2,11.4,8,6,1.9,-1
45,BSM,0,15.2,11.4,8,6,1.9,-1
36,BSM,0,15.2,11.4,8,6,1.9,-1
63,BSM,0,15.2,11.4,8,6,1.9,-1
70,BSM,0,15.2,11.4,8,6,1.9,-1
7,BSM,0,15.2,11.4,8,6,1.9,-1
71,BSM,0,15.2,11.4,8,6,1.9,-1
55,BSM,0,15.2,11.4,8,6,1.9,-1
17,BSM,0,15.2,11.4,8,6,1.9,-1
64,BSM,0,15.2,11.4,8,6,1.9,-1
46,BSM,0,15.2,11.4,8,6,1.9,-1
72,BSM,0,15.2,11.4,8,6,1.9,-1
27,BSM,0,15.2,11.4,8,6,1.9,-1
37,BSM,0,15.2,11.4,8,6,1.9,-1
73,BSM,0,15.2,11.4,8,6,1.9,-1
56,BSM,0,15.2,11.4,8,6,1.9,-1
65,BSM,0,15.2,11.4,8,6,1.9,-1
80,BSM,0,15.2,11.4,8,6,1.9,-1
18,BSM,0,15.2,11.4,8,6,1.9,-1
8,BSM,0,15.2,11.4,8,6,1.9,-1
74,BSM,0,15.2,11.4,8,6,1.9,-1
81,BSM,0,15.2,11.4,8,6,1.9,-1
47,BSM,0,15.2,11.4,8,6,1.9,-1
82,BSM,0,15.2,11.4,8,6,1.9,-1
28,BSM,0,15.2,11.4,8,6,1.9,-1
66,BSM,0,15.2,11.4,8,6,1.9,-1
57,BSM,0,15.2,11.4,8,6,1.9,-1
83,BSM,0,15.2,11.4,8,6,1.9,-1
75,BSM,0,15.2,11.4,8,6,1.9,-1
38,BSM,0,15.2,11.4,8,6,1.9,-1
48,BSM,0,15.2,11.4,8,6,1.9,-1
84,BSM,0,15.2,11.4,8,6,1.9,-1
9,BSM,0,15.2,11.4,8,6,1.9,-1
90,BSM,0,15.2,11.4,8,6,1.9,-1
19,BSM,0,15.2,11.4,8,6,1.9,-1
91,BSM,0,15.2,11.4,8,6,1.9,-1
92,BSM,0,15.2,11.4,8,6,1.9,-1
76,BSM,0,15.2,11.4,8,6,1.9,-1
67,BSM,0,15.2,11.4,8,6,1.9,-1
29,BSM,0,15.2,11.4,8,6,1.9,-1
58,BSM,0,15.2,11.4,8,6,1.9,-1
39,BSM,0,15.2,11.4,8,6,1.9,-1
85,BSM,0,15.2,11.4,8,6,1.9,-1
93,BSM,0,15.2,11.4,8,6,1.9,-1
94,BSM,0,15.2,11.4,8,6,1.9,-1
49,BSM,0,15.2,11.4,8,6,1.9,-1
100,BSM,0,15.2,11.4,8,6,1.9,-1
77,BSM,0,15.2,11.4,8,6,1.9,-1
86,BSM,0,15.2,11.4,8,6,1.9,-1
68,BSM,0,15.2,11.4,8,6,1.9,-1
101,BSM,0,15.2,11.4,8,6,1.9,-1
102,BSM,0,15.2,11.4,8,6,1.9,-1
95,BSM,0,15.2,11.4,8,6,1.9,-1
59,BSM,0,15.2,11.4,8,6,1.9,-1
103,BSM,0,15.2,11.4,8,6,1.9,-1
78,BSM,0,15.2,11.4,8,6,1.9,-1
87,BSM,0,15.2,11.4,8,6,1.9,-1
96,BSM,0,15.2,11.4,8,6,1.9,-1
104,BSM,0,15.2,11.4,8,6,1.9,-1
69,BSM,0,15.2,11.4,8,6,1.9,-1
110,BSM,0,15.2,11.4,8,6,1.9,-1
111,BSM,0,15.2,11.4,8,6,1.9,-1
112,BSM,0,15.2,11.4,8,6,1.9,-1
105,BSM,0,15.2,11.4,8,6,1.9,-1
88,BSM,0,15.2,11.4,8,6,1.9,-1
79,BSM,0,15.2,11.4,8,6,1.9,-1
97,BSM,0,15.2,11.4,8,6,1.9,-1
113,BSM,0,15.2,11.4,8,6,1.9,-1
106,BSM,0,15.2,11.4,8,6,1.9,-1
114,BSM,0,15.2,11.4,8,6,1.9,-1
120,BSM,0,15.2,11.4,8,6,1.9,-1
121,BSM,0,15.2,11.4,8,6,1.9,-1
98,BSM,0,15.2,11.4,8,6,1.9,-1
115,BSM,0,15.2,11.4,8,6,1.9,-1
89,BSM,0,15.2,11.4,8,6,1.9,-1
122,BSM,0,15.2,11.4,8,6,1.9,-1
107,BSM,0,15.2,11.4,8,6,1.9,-1
123,BSM,0,15.2,11.4,8,6,1.9,-1
116,BSM,0,15.2,11.4,8,6,1.9,-1
124,BSM,0,15.2,11.4,8,6,1.9,-1
99,BSM,0,15.2,11.4,8,6,1.9,-1
108,BSM,0,15.2,11.4,8,6,1.9,-1
130,BSM,0,15.2,11.4,8,6,1.9,-1
117,BSM,0,15.2,11.4,8,6,1.9,-1
125,BSM,0,15.2,11.4,8,6,1.9,-1
131,BSM,0,15.2,11.4,8,6,1.9,-1
126,BSM,0,15.2,11.4,8,6,1.9,-1
109,BSM,0,15.2,11.4,8,6,1.9,-1
118,BSM,0,15.2,11.4,8,6,1.9,-1
127,BSM,0,15.2,11.4,8,6,1.9,-1
119,BSM,0,15.2,11.4,8,6,1.9,-1
128,BSM,0,15.2,11.4,8,6,1.9,-1
129,BSM,0,15.2,11.4,8,6,1.9,-1
10,BSM,0,15.2,11.4,8,6,1.9,-1
1,BSM,0,15.2,11.4,8,6,1.9,-1
11,BSM,0,15.2,11.4,8,6,1.9,-1
20,BSM,0,15.2,11.4,8,6,1.9,-1
2,BSM,0,15.2,11.4,8,6,1.9,-1
12,BSM,0,15.2,11.4,8,6,1.9,-1
21,BSM,0,15.2,11.4,8,6,1.9,-1
22,BSM,0,15.2,11.4,8,6,1.9,-1
3,BSM,0,15.2,11.4,8,6,1.9,-1
30,BSM,0,15.2,11.4,8,6,1.9,-1
13,BSM,0,15.2,11.4,8,6,1.9,-1
31,BSM,0,15.2,11.4,8,6,1.9,-1
32,BSM,0,15.2,11.4,8,6,1.9,-1
23,BSM,0,15.2,11.4,8,6,1.9,-1
40,BSM,0,15.2,11.4,8,6,1.9,-1
4,BSM,0,15.2,11.4,8,6,1.9,-1
41,BSM,0,15.2,11.4,8,6,1.9,-1
14,BSM,0,15.2,11.4,8,6,1.9,-1
33,BSM,0,15.2,11.4,8,6,1.9,-1
24,BSM,0,15.2,11.4,8,6,1.9,-1
42,BSM,0,15.2,11.4,8,6,1.9,-1
50,BSM,0,15.2,11.4,8,6,1.9,-1
34,BSM,0,15.2,11.4,8,6,1.9,-1
43,BSM,0,15.2,11.4,8,6,1.9,-1
15,BSM,0,15.2,11.4,8,6,1.9,-1
5,BSM,0,15.2,11.4,8,6,1.9,-1
51,BSM,0,15.2,11.4,8,6,1.9,-1
52,BSM,0,15.2,11.4,8,6,1.9,-1
25,BSM,0,15.2,11.4,8,6,1.9,-1
44,BSM,0,15.2,11.4,8,6,1.9,-1
53,BSM,0,15.2,11.4,8,6,1.9,-1
35,BSM,0,15.2,11.4,8,6,1.9,-1
6,BSM,0,15.2,11.4,8,6,1.9,-1
60,BSM,0,15.2,11.4,8,6,1.9,-1
16,BSM,0,15.2,11.4,8,6,1.9,-1
61,BSM,0,15.2,11.4,8,6,1.9,-1
62,BSM,0,15.2,11.4,8,6,1.9,-1
54,BSM,0,15.2,11.4,8,6,1.9,-1
26,BSM,0,15.2,11.4,8,6,1.9,-1
45,BSM,0,15.2,11.4,8,6,1.9,-1
36,BSM,0,15.2,11.4,8,6,1.9,-1
63,BSM,0,15.2,11.4,8,6,1.9,-1
70,BSM,0,15.2,11.4,8,6,1.9,-1
7,BSM,0,15.2,11.4,8,6,1.9,-1
71,BSM,0,15.2,11.4,8,6,1.9,-1
55,BSM,0,15.2,11.4,8,6,1.9,-1
17,BSM,0,15.2,11.4,8,6,1.9,-1
64,BSM,0,15.2,11.4,8,6,1.9,-1
46,BSM,0,15.2,11.4,8,6,1.9,-1
72,BSM,0,15.2,11.4,8,6,1.9,-1
27,BSM,0,15.2,11.4,8,6,1.9,-1
37,BSM,0,15.2,11.4,8,6,1.9,-1
73,BSM,0,15.2,11.4,8,6,1.9,-1
56,BSM,0,15.2,11.4,8,6,1.9,-1
65,BSM,0,15.2,11.4,8,6,1.9,-1
80,BSM,0,15.2,11.4,8,6,1.9,-1
18,BSM,0,15.2,11.4,8,6,1.9,-1
8,BSM,0,15.2,11.4,8,6,1.9,-1
74,BSM,0,15.2,11.4,8,6,1.9,-1
81,BSM,0,15.2,11.4,8,6,1.9,-1
47,BSM,0,15.2,11.4,8,6,1.9,-1
82,BSM,0,15.2,11.4,8,6,1.9,-1
28,BSM,0,15.2,11.4,8,6,1.9,-1
66,BSM,0,15.2,11.4,8,6,1.9,-1
57,BSM,0,15.2,11.4,8,6,1.9,-1
83,BSM,0,15.2,11.4,8,6,1.9,-1
75,BSM,0,15.2,11.4,8,6,1.9,-1
38,BSM,0,15.2,11.4,8,6,1.9,-1
48,BSM,0,15.2,11.4,8,6,1.9,-1
84,BSM,0,15.2,11.4,8,6,1.9,-1
9,BSM,0,15.2,11.4,8,6,1.9,-1
90,BSM,0,15.2,11.4,8,6,1.9,-1
19,BSM,0,15.2,11.4,8,6,1.9,-1
91,BSM,0,15.2,11.4,8,6,1.9,-1
92,BSM,0,15.2,11.4,8,6,1.9,-1
76,BSM,0,15.2,11.4,8,6,1.9,-1
67,BSM,0,15.2,11.4,8,6,1.9,-1
29,BSM,0,15.2,11.4,8,6,1.9,-1
58,BSM,0,15.2,11.4,8,6,1.9,-1
39,BSM,0,15.2,11.4,8,6,1.9,-1
85,BSM,0,15.2,11.4,8,6,1.9,-1
93,BSM,0,15.2,11.4,8,6,1.9,-1
94,BSM,0,15.2,11.4,8,6,1.9,-1
49,BSM,0,15.2,11.4,8,6,1.9,-1
100,BSM,0,15.2,11.4,8,6,1.9,-1
77,BSM,0,15.2,11.4,8,6,1.9,-1
86,BSM,0,15.2,11.4,8,6,1.9,-1
68,BSM,0,15.2,11.4,8,6,1.9,-1
101,BSM,0,15.2,11.4,8,6,1.9,-1
102,BSM,0,15.2,11.4,8,6,1.9,-1
95,BSM,0,15.2,11.4,8,6,1.9,-1
59,BSM,0,15.2,11.4,8,6,1.9,-1
103,BSM,0,15.2,11.4,8,6,1.9,-1
78,BSM,0,15.2,11.4,8,6,1.9,-1
87,BSM,0,15.2,11.4,8,6,1.9,-1
96,BSM,0,15.2,11.4,8,6,1.9,-1
104,BSM,0,15.2,11.4,8,6,1.9,-1
69,BSM,0,15.2,11.4,8,6,1.9,-1
110,BSM,0,15.2,11.4,8,6,1.9,-1
111,BSM,0,15.2,11.4,8,6,1.9,-1
112,BSM,0,15.2,11.4,8,6,1.9,-1
105,BSM,0,15.2,11.4,8,6,1.9,-1
88,BSM,0,15.2,11.4,8,6,1.9,-1
79,BSM,0,15.2,11.4,8,6,1.9,-1
97,BSM,0,15.2,11.4,8,6,1.9,-1
113,BSM,0,15.2,11.4,8,6,1.9,-1
106,BSM,0,15.2,11.4,8,6,1.9,-1
114,BSM,0,15.2,11.4,8,6,1.9,-1
120,BSM,0,15.2,11.4,8,6,1.9,-1
121,BSM,0,15.2,11.4,8,6,1.9,-1
98,BSM,0,15.2,11.4,8,6,1.9,-1
115,BSM,0,15.2,11.4,8,6,1.9,-1
89,BSM,0,15.2,11.4,8,6,1.9,-1
122,BSM,0,15.2,11.4,8,6,1.9,-1
107,BSM,0,15.2,11.4,8,6,1.9,-1
123,BSM,0,15.2,11.4,8,6,1.9,-1
116,BSM,0,15.2,11.4,8,6,1.9,-1
124,BSM,0,15.2,11.4,8,6,1.9,-1
99,BSM,0,15.2,11.4,8,6,1.9,-1
108,BSM,0,15.2,11.4,8,6,1.9,-1
130,BSM,0,15.2,11.4,8,6,1.9,-1
117,BSM,0,15.2,11.4,8,6,1.9,-1
125,BSM,0,15.2,11.4,8,6,1.9,-1
131,BSM,0,15.2,11.4,8,6,1.9,-1
126,BSM,0,15.2,11.4,8,6,1.9,-1
109,BSM,0,15.2,11.4,8,6,1.9,-1
118,BSM,0,15.2,11.4,8,6,1.9,-1
127,BSM,0,15.2,11.4,8,6,1.9,-1
119,BSM,0,15.2,11.4,8,6,1.9,-1
128,BSM,0,15.2,11.4,8,6,1.9,-1
129,BSM,0,15.2,11.4,8,6,1.9,-1
10,BSM,0,15.2,11.4,8,6,1.9,-1
1,BSM,0,15.2,11.4,8,6,1.9,-1
11,BSM,0,15.2,11.4,8,6,1.9,-1
20,BSM,0,15.2,11.4,8,6,1.9,-1
2,BSM,0,15.2,11.4,8,6,1.9,-1
12,BSM,0,15.2,11.4,8,6,1.9,-1
21,BSM,0,15.2,11.4,8,6,1.9,-1
22,BSM,0,15.2,11.4,8,6,1.9,-1
3,BSM,0,15.2,11.4,8,6,1.9,-1
30,BSM,0,15.2,11.4,8,6,1.9,-1
13,BSM,0,15.2,11.4,8,6,1.9,-1
31,BSM,0,15.2,11.4,8,6,1.9,-1
32,BSM,0,15.2,11.4,8,6,1.9,-1
23,BSM,0,15.2,11.4,8,6,1.9,-1
40,BSM,0,15.2,11.4,8,6,1.9,-1
4,BSM,0,15.2,11.4,8,6,1.9,-1
41,BSM,0,15.2,11.4,8,6,1.9,-1
14,BSM,0,15.2,11.4,8,6,1.9,-1
33,BSM,0,15.2,11.4,8,6,1.9,-1
24,BSM,0,15.2,11.4,8,6,1.9,-1
42,BSM,0,15.2,11.4,8,6,1.9,-1
50,BSM,0,15.2,11.4,8,6,1.9,-1
34,BSM,0,15.2,11.4,8,6,1.9,-1
43,BSM,0,15.2,11.4,8,6,1.9,-1
15,BSM,0,15.2,11.4,8,6,1.9,-1
5,BSM,0,15.2,11.4,8,6,1.9,-1
51,BSM,0,15.2,11.4,8,6,1.9,-1
52,BSM,0,15.2,11.4,8,6,1.9,-1
25,BSM,0,15.2,11.4,8,6,1.9,-1
44,BSM,0,15.2,11.4,8,6,1.9,-1
53,BSM,0,15.2,11.4,8,6,1.9,-1
35,BSM,0,15.2,11.4,8,6,1.9,-1
6,BSM,0,15.2,11.4,8,6,1.9,-1
60,BSM,0,15.2,11.4,8,6,1.9,-1
16,BSM,0,15.2,11.4,8,6,1.9,-1
61,BSM,0,15.2,11.4,8,6,1.9,-1
62,BSM,0,15.2,11.4,8,6,1.9,-1
54,BSM,0,15.2,11.4,8,6,1.9,-1
26,BSM,0,15.2,11.4,8,6,1.9,-1
45,BSM,0,15.2,11.4,8,6,1.9,-1
36,BSM,0,15.2,11.4,8,6,1.9,-1
63,BSM,0,15.2,11.4,8,6,1.9,-1
70,BSM,0,15.2,11.4,8,6,1.9,-1
7,BSM,0,15.2,11.4,8,6,1.9,-1
71,BSM,0,15.2,11.4,8,6,1.9,-1
55,BSM,0,15.2,11.4,8,6,1.9,-1
17,BSM,0,15.2,11.4,8,6,1.9,-1
64,BSM,0,15.2,11.4,8,6,1.9,-1
46,BSM,0,15.2,11.4,8,6,1.9,-1
72,BSM,0,15.2,11.4,8,6,1.9,-1
27,BSM,0,15.2,11.4,8,6,1.9,-1
37,BSM,0,15.2,11.4,8,6,1.9,-1
73,BSM,0,15.2,11.4,8,6,1.9,-1
56,BSM,0,15.2,11.4,8,6,1.9,-1
65,BSM,0,15.2,11.4,8,6,1.9,-1
80,BSM,0,15.2,11.4,8,6,1.9,-1
18,BSM,0,15.2,11.4,8,6,1.9,-1
8,BSM,0,15.2,11.4,8,6,1.9,-1
74,BSM,0,15.2,11.4,8,6,1.9,-1
81,BSM,0,15.2,11.4,8,6,1.9,-1
47,BSM,0,15.2,11.4,8,6,1.9,-1
82,BSM,0,15.2,11.4,8,6,1.9,-1
28,BSM,0,15.2,11.4,8,6,1.9,-1
66,BSM,0,15.2,11.4,8,6,1.9,-1
57,BSM,0,15.2,11.4,8,6,1.9,-1
83,BSM,0,15.2,11.4,8,6,1.9,-1
75,BSM,0,15.2,11.4,8,6,1.9,-1
38,BSM,0,15.2,11.4,8,6,1.9,-1
48,BSM,0,15.2,11.4,8,6,1.9,-1
84,BSM,0,15.2,11.4,8,6,1.9,-1
9,BSM,0,15.2,11.4,8,6,1.9,-1
90,BSM,0,15.2,11.4,8,6,1.9,-1
19,BSM,0,15.2,11.4,8,6,1.9,-1
91,BSM,0,15.2,11.4,8,6,1.9,-1
92,BSM,0,15.2,11.4,8,6,1.9,-1
76,BSM,0,15.2,11.4,8,6,1.9,-1
67,BSM,0,15.2,11.4,8,6,1.9,-1
29,BSM,0,15.2,11.4,8,6,1.9,-1
58,BSM,0,15.2,11.4,8,6,1.9,-1
39,BSM,0,15.2,11.4,8,6,1.9,-1
85,BSM,0,15.2,11.4,8,6,1.9,-1
93,BSM,0,15.2,11.4,8,6,1.9,-1
94,BSM,0,15.2,11.4,8,6,1.9,-1
49,BSM,0,15.2,11.4,8,6,1.9,-1
100,BSM,0,15.2,11.4,8,6,1.9,-1
77,BSM,0,15.2,11.4,8,6,1.9,-1
86,BSM,0,15.2,11.4,8,6,1.9,-1
68,BSM,0,15.2,11.4,8,6,1.9,-1
101,BSM,0,15.2,11.4,8,6,1.9,-1
102,BSM,0,15.2,11.4,8,6,1.9,-1
95,BSM,0,15.2,11.4,8,6,1.9,-1
59,BSM,0,15.2,11.4,8,6,1.9,-1
103,BSM,0,15.2,11.4,8,6,1.9,-1
78,BSM,0,15.2,11.4,8,6,1.9,-1
87,BSM,0,15.2,11.4,8,6,1.9,-1
96,BSM,0,15.2,11.4,8,6,1.9,-1
104,BSM,0,15.2,11.4,8,6,1.9,-1
69,BSM,0,15.2,11.4,8,6,1.9,-1
110,BSM,0,15.2,11.4,8,6,1.9,-1
111,BSM,0,15.2,11.4,8,6,1.9,-1
112,BSM,0,15.2,11.4,8,6,1.9,-1
105,BSM,0,15.2,11.4,8,6,1.9,-1
88,BSM,0,15.2,11.4,8,6,1.9,-1
79,BSM,0,15.2,11.4,8,6,1.9,-1
97,BSM,0,15.2,11.4,8,6,1.9,-1
113,BSM,0,15.2,11.4,8,6,1.9,-1
106,BSM,0,15.2,11.4,8,6,1.9,-1
114,BSM,0,15.2,11.4,8,6,1.9,-1
120,BSM,0,15.2,11.4,8,6,1.9,-1
121,BSM,0,15.2,11.4,8,6,1.9,-1
98,BSM,0,15.2,11.4,8,6,1.9,-1
115,BSM,0,15.2,11.4,8,6,1.9,-1
89,BSM,0,15.2,11.4,8,6,1.9,-1
122,BSM,0,15.2,11.4,8,6,1.9,-1
107,BSM,0,15.2,11.4,8,6,1.9,-1
123,BSM,0,15.2,11.4,8,6,1.9,-1
116,BSM,0,15.2,11.4,8,6,1.9,-1
124,BSM,0,15.2,11.4,8,6,1.9,-1
99,BSM,0,15.2,11.4,8,6,1.9,-1
108,BSM,0,15.2,11.4,8,6,1.9,-1
130,BSM,0,15.2,11.4,8,6,1.9,-1
117,BSM,0,15.2,11.4,8,6,1.9,-1
125,BSM,0,15.2,11.4,8,6,1.9,-1
131,BSM,0,15.2,11.4,8,6,1.9,-1
126,BSM,0,15.2,11.4,8,6,1.9,-1
109,BSM,0,15.2,11.4,8,6,1.9,-1
118,BSM,0,15.2,11.4,8,6,1.9,-1
127,BSM,0,15.2,11.4,8,6,1.9,-1
119,BSM,0,15.2,11.4,8,6,1.9,-1
128,BSM,0,15.2,11.4,8,6,1.9,-1
129,BSM,0,15.2,11.4,8,6,1.9,-1
10,BSM,0,15.2,11.4,8,6,1.9,-1
1,BSM,0,15.2,11.4,8,6,1.9,-1
11,BSM,0,15.2,11.4,8,6,1.9,-1
20,BSM,0,15.2,11.4,8,6,1.9,-1
2,BSM,0,15.2,11.4,8,6,1.9,-1
12,BSM,0,15.2,11.4,8,6,1.9,-1
21,BSM,0,15.2,11.4,8,6,1.9,-1
22,BSM,0,15.2,11.4,8,6,1.9,-1
3,BSM,0,15.2,11.4,8,6,1.9,-1
30,BSM,0,15.2,11.4,8,6,1.9,-1
13,BSM,0,15.2,11.4,8,6,1.9,-1
31,BSM,0,15.2,11.4,8,6,1.9,-1
32,BSM,0,15.2,11.4,8,6,1.9,-1
23,BSM,0,15.2,11.4,8,6,1.9,-1
40,BSM,0,15.2,11.4,8,6,1.9,-1
4,BSM,0,15.2,11.4,8,6,1.9,-1
41,BSM,0,15.2,11.4,8,6,1.9,-1
14,BSM,0,15.2,11.4,8,6,1.9,-1
33,BSM,0,15.2,11.4,8,6,1.9,-1
24,BSM,0,15.2,11.4,8,6,1.9,-1
42,BSM,0,15.2,11.4,8,6,1.9,-1
50,BSM,0,15.2,11.4,8,6,1.9,-1
34,BSM,0,15.2,11.4,8,6,1.9,-1
43,BSM,0,15.2,11.4,8,6,1.9,-1
15,BSM,0,15.2,11.4,8,6,1.9,-1
5,BSM,0,15.2,11.4,8,6,1.9,-1
51,BSM,0,15.2,11.4,8,6,1.9,-1
52,BSM,0,15.2,11.4,8,6,1.9,-1
25,BSM,0,15.2,11.4,8,6,1.9,-1
44,BSM,0,15.2,11.4,8,6,1.9,-1
53,BSM,0,15.2,11.4,8,6,1.9,-1
35,BSM,0,15.2,11.4,8,6,1.9,-1
6,BSM,0,15.2,11.4,8,6,1.9,-1
60,BSM,0,15.2,11.4,8,6,1.9,-1
16,BSM,0,15.2,11.4,8,6,1.9,-1
61,BSM,0,15.2,11.4,8,6,1.9,-1
62,BSM,0,15.2,11.4,8,6,1.9,-1
54,BSM,0,15.2,11.4,8,6,1.9,-1
26,BSM,0,15.2,11.4,8,6,1.9,-1
45,BSM,0,15.2,11.4,8,6,1.9,-1
36,BSM,0,15.2,11.4,8,6,1.9,-1
63,BSM,0,15.2,11.4,8,6,1.9,-1
70,BSM,0,15.2,11.4,8,6,1.9,-1
7,BSM,0,15.2,11.4,8,6,1.9,-1
71,BSM,0,15.2,11.4,8,6,1.9,-1
55,BSM,0,15.2,11.4,8,6,1.9,-1
17,BSM,0,15.2,11.4,8,6,1.9,-1
64,BSM,0,15.2,11.4,8,6,1.9,-1
46,BSM,0,15.2,11.4,8,6,1.9,-1
72,BSM,0,15.2,11.4,8,6,1.9,-1
27,BSM,0,15.2,11.4,8,6,1.9,-1
37,BSM,0,15.2,11.4,8,6,1.9,-1
73,BSM,0,15.2,11.4,8,6,1.9,-1
56,BSM,0,15.2,11.4,8,6,1.9,-1
65,BSM,0,15.2,11.4,8,6,1.9,-1
80,BSM,0,15.2,11.4,8,6,1.9,-1
18,BSM,0,15.2,11.4,8,6,1.9,-1
8,BSM,0,15.2,11.4,8,6,1.9,-1
74,BSM,0,15.2,11.4,8,6,1.9,-1
81,BSM,0,15.2,11.4,8,6,1.9,-1
47,BSM,0,15.2,11.4,8,6,1.9,-1
82,BSM,0,15.2,11.4,8,6,1.9,-1
28,BSM,0,15.2,11.4,8,6,1.9,-1
66,BSM,0,15.2,11.4,8,6,1.9,-1
57,BSM,0,15.2,11.4,8,6,1.9,-1
83,BSM,0,15.2,11.4,8,6,1.9,-1
75,BSM,0,15.2,11.4,8,6,1.9,-1
38,BSM,0,15.2,11.4,8,6,1.9,-1
48,BSM,0,15.2,11.4,8,6,1.9,-1
84,BSM,0,15.2,11.4,8,6,1.9,-1
9,BSM,0,15.2,11.4,8,6,1.9,-1
90,BSM,0,15.2,11.4,8,6,1.9,-1
19,BSM,0,15.2,11.4,8,6,1.9,-1
91,BSM,0,15.2,11.4,8,6,1.9,-1
92,BSM,0,15.2,11.4,8,6,1.9,-1
76,BSM,0,15.2,11.4,8,6,1.9,-1
67,BSM,0,15.2,11.4,8,6,1.9,-1
29,BSM,0,15.2,11.4,8,6,1.9,-1
58,BSM,0,15.2,11.4,8,6,1.9,-1
39,BSM,0,15.2,11.4,8,6,1.9,-1
85,BSM,0,15.2,11.4,8,6,1.9,-1
93,BSM,0,15.2,11.4,8,6,1.9,-1
94,BSM,0,15.2,11.4,8,6,1.9,-1
49,BSM,0,15.2,11.4,8,6,1.9,-1
100,BSM,0,15.2,11.4,8,6,1.9,-1
77,BSM,0,15.2,11.4,8,6,1.9,-1
86,BSM,0,15.2,11.4,8,6,1.9,-1
68,BSM,0,15.2,11.4,8,6,1.9,-1
101,BSM,0,15.2,11.4,8,6,1.9,-1
102,BSM,0,15.2,11.4,8,6,1.9,-1
95,BSM,0,15.2,11.4,8,6,1.9,-1
59,BSM,0,15.2,11.4,8,6,1.9,-1
103,BSM,0,15.2,11.4,8,6,1.9,-1
78,BSM,0,15.2,11.4,8,6,1.9,-1
87,BSM,0,15.2,11.4,8,6,1.9,-1
96,BSM,0,15.2,11.4,8,6,1.9,-1
104,BSM,0,15.2,11.4,8,6,1.9,-1
69,BSM,0,15.2,11.4,8,6,1.9,-1
110,BSM,0,15.2,11.4,8,6,1.9,-1
111,BSM,0,15.2,11.4,8,6,1.9,-1
112,BSM,0,15.2,11.4,8,6,1.9,-1
105,BSM,0,15.2,11.4,8,6,1.9,-1
88,BSM,0,15.2,11.4,8,6,1.9,-1
79,BSM,0,15.2,11.4,8,6,1.9,-1
97,BSM,0,15.2,11.4,8,6,1.9,-1
113,BSM,0,15.2,11.4,8,6,1.9,-1
106,BSM,0,15.2,11.4,8,6,1.9,-1
114,BSM,0,15.2,11.4,8,6,1.9,-1
120,BSM,0,15.2,11.4,8,6,1.9,-1
121,BSM,0,15.2,11.4,8,6,1.9,-1
98,BSM,0,15.2,11.4,8,6,1.9,-1
115,BSM,0,15.2,11.4,8,6,1.9,-1
89,BSM,0,15.2,11.4,8,6,1.9,-1
122,BSM,0,15.2,11.4,8,6,1.9,-1
107,BSM,0,15.2,11.4,8,6,1.9,-1
123,BSM,0,15.2,11.4,8,6,1.9,-1
116,BSM,0,15.2,11.4,8,6,1.9,-1
124,BSM,0,15.2,11.4,8,6,1.9,-1
99,BSM,0,15.2,11.4,8,6,1.9,-1
108,BSM,0,15.2,11.4,8,6,1.9,-1
130,BSM,0,15.2,11.4,8,6,1.9,-1
117,BSM,0,15.2,11.4,8,6,1.9,-1
125,BSM,0,15.2,11.4,8,6,1.9,-1
131,BSM,0,15.2,11.4,8,6,1.9,-1
126,BSM,0,15.2,11.4,8,6,1.9,-1
109,BSM,0,15.2,11.4,8,6,1.9,-1
118,BSM,0,15.2,11.4,8,6,1.9,-1
127,BSM,0,15.2,11.4,8,6,1.9,-1
119,BSM,0,15.2,11.4,8,6,1.9,-1
128,BSM,0,15.2,11.4,8,6,1.9,-1
129,BSM,0,15.2,11.4,8,6,1.9,-1
15,BSM,25,168,74,9,7,2,-1
35,BSM,25,168,74,9,7,2,-1
24,BSM,25,168,74,9,7,2,-1
26,BSM,25,168,74,9,7,2,-1
36,BSM,25,168,74,9,7,2,-1
34,BSM,25,168,74,9,7,2,-1
14,BSM,25,168,74,9,7,2,-1
16,BSM,25,168,74,9,7,2,-1
23,BSM,25,168,74,9,7,2,-1
27,BSM,25,168,74,9,7,2,-1
5,BSM,25,168,74,9,7,2,-1
45,BSM,25,168,74,9,7,2,-1
44,BSM,25,168,74,9,7,2,-1
46,BSM,25,168,74,9,7,2,-1
13,BSM,25,168,74,9,7,2,-1
37,BSM,25,168,74,9,7,2,-1
6,BSM,25,168,74,9,7,2,-1
4,BSM,25,168,74,9,7,2,-1
17,BSM,25,168,74,9,7,2,-1
33,BSM,25,168,74,9,7,2,-1
7,BSM,25,168,74,9,7,2,-1
43,BSM,25,168,74,9,7,2,-1
3,BSM,25,168,74,9,7,2,-1
47,BSM,25,168,74,9,7,2,-1
22,BSM,25,168,74,9,7,2,-1
28,BSM,25,168,74,9,7,2,-1
55,BSM,25,168,74,9,7,2,-1
32,BSM,25,168,74,9,7,2,-1
18,BSM,25,168,74,9,7,2,-1
54,BSM,25,168,74,9,7,2,-1
56,BSM,25,168,74,9,7,2,-1
38,BSM,25,168,74,9,7,2,-1
12,BSM,25,168,74,9,7,2,-1
48,BSM,25,168,74,9,7,2,-1
53,BSM,25,168,74,9,7,2,-1
57,BSM,25,168,74,9,7,2,-1
2,BSM,25,168,74,9,7,2,-1
42,BSM,25,168,74,9,7,2,-1
8,BSM,25,168,74,9,7,2,-1
65,BSM,25,168,74,9,7,2,-1
66,BSM,25,168,74,9,7,2,-1
11,BSM,25,168,74,9,7,2,-1
39,BSM,25,168,74,9,7,2,-1
64,BSM,25,168,74,9,7,2,-1
21,BSM,25,168,74,9,7,2,-1
29,BSM,25,168,74,9,7,2,-1
19,BSM,25,168,74,9,7,2,-1
31,BSM,25,168,74,9,7,2,-1
52,BSM,25,168,74,9,7,2,-1
58,BSM,25,168,74,9,7,2,-1
9,BSM,25,168,74,9,7,2,-1
41,BSM,25,168,74,9,7,2,-1
1,BSM,25,168,74,9,7,2,-1
49,BSM,25,168,74,9,7,2,-1
67,BSM,25,168,74,9,7,2,-1
63,BSM,25,168,74,9,7,2,-1
62,BSM,25,168,74,9,7,2,-1
20,BSM,25,168,74,9,7,2,-1
68,BSM,25,168,74,9,7,2,-1
75,BSM,25,168,74,9,7,2,-1
74,BSM,25,168,74,9,7,2,-1
76,BSM,25,168,74,9,7,2,-1
51,BSM,25,168,74,9,7,2,-1
59,BSM,25,168,74,9,7,2,-1
10,BSM,25,168,74,9,7,2,-1
30,BSM,25,168,74,9,7,2,-1
40,BSM,25,168,74,9,7,2,-1
73,BSM,25,168,74,9,7,2,-1
77,BSM,25,168,74,9,7,2,-1
0,BSM,25,168,74,9,7,2,-1
69,BSM,25,168,74,9,7,2,-1
61,BSM,25,168,74,9,7,2,-1
50,BSM,25,168,74,9,7,2,-1
78,BSM,25,168,74,9,7,2,-1
72,BSM,25,168,74,9,7,2,-1
85,BSM,25,168,74,9,7,2,-1
84,BSM,25,168,74,9,7,2,-1
86,BSM,25,168,74,9,7,2,-1
83,BSM,25,168,74,9,7,2,-1
87,BSM,25,168,74,9,7,2,-1
71,BSM,25,168,74,9,7,2,-1
79,BSM,25,168,74,9,7,2,-1
60,BSM,25,168,74,9,7,2,-1
82,BSM,25,168,74,9,7,2,-1
88,BSM,25,168,74,9,7,2,-1
96,BSM,25,168,74,9,7,2,-1
94,BSM,25,168,74,9,7,2,-1
95,BSM,25,168,74,9,7,2,-1
70,BSM,25,168,74,9,7,2,-1
81,BSM,25,168,74,9,7,2,-1
89,BSM,25,168,74,9,7,2,-1
97,BSM,25,168,74,9,7,2,-1
93,BSM,25,168,74,9,7,2,-1
92,BSM,25,168,74,9,7,2,-1
98,BSM,25,168,74,9,7,2,-1
80,BSM,25,168,74,9,7,2,-1
104,BSM,25,168,74,9,7,2,-1
106,BSM,25,168,74,9,7,2,-1
105,BSM,25,168,74,9,7,2,-1
99,BSM,25,168,74,9,7,2,-1
91,BSM,25,168,74,9,7,2,-1
103,BSM,25,168,74,9,7,2,-1
107,BSM,25,168,74,9,7,2,-1
108,BSM,25,168,74,9,7,2,-1
102,BSM,25,168,74,9,7,2,-1
90,BSM,25,168,74,9,7,2,-1
101,BSM,25,168,74,9,7,2,-1
109,BSM,25,168,74,9,7,2,-1
114,BSM,25,168,74,9,7,2,-1
116,BSM,25,168,74,9,7,2,-1
115,BSM,25,168,74,9,7,2,-1
113,BSM,25,168,74,9,7,2,-1
117,BSM,25,168,74,9,7,2,-1
100,BSM,25,168,74,9,7,2,-1
112,BSM,25,168,74,9,7,2,-1
118,BSM,25,168,74,9,7,2,-1
111,BSM,25,168,74,9,7,2,-1
119,BSM,25,168,74,9,7,2,-1
126,BSM,25,168,74,9,7,2,-1
124,BSM,25,168,74,9,7,2,-1
125,BSM,25,168,74,9,7,2,-1
110,BSM,25,168,74,9,7,2,-1
127,BSM,25,168,74,9,7,2,-1
123,BSM,25,168,74,9,7,2,-1
122,BSM,25,168,74,9,7,2,-1
128,BSM,25,168,74,9,7,2,-1
129,BSM,25,168,74,9,7,2,-1
121,BSM,25,168,74,9,7,2,-1
120,BSM,25,168,74,9,7,2,-1
131,BSM,25,168,74,9,7,2,-1
130,BSM,25,168,74,9,7,2,-1
3,BSM,2002,110,38,10,6,3,-1
12,BSM,2002,110,38,10,6,3,-1
1,BSM,2002,110,38,10,6,3,-1
13,BSM,2002,110,38,10,6,3,-1
11,BSM,2002,110,38,10,6,3,-1
4,BSM,2002,110,38,10,6,3,-1
22,BSM,2002,110,38,10,6,3,-1
0,BSM,2002,110,38,10,6,3,-1
14,BSM,2002,110,38,10,6,3,-1
10,BSM,2002,110,38,10,6,3,-1
23,BSM,2002,110,38,10,6,3,-1
21,BSM,2002,110,38,10,6,3,-1
24,BSM,2002,110,38,10,6,3,-1
20,BSM,2002,110,38,10,6,3,-1
5,BSM,2002,110,38,10,6,3,-1
32,BSM,2002,110,38,10,6,3,-1
15,BSM,2002,110,38,10,6,3,-1
33,BSM,2002,110,38,10,6,3,-1
31,BSM,2002,110,38,10,6,3,-1
34,BSM,2002,110,38,10,6,3,-1
25,BSM,2002,110,38,10,6,3,-1
30,BSM,2002,110,38,10,6,3,-1
6,BSM,2002,110,38,10,6,3,-1
42,BSM,2002,110,38,10,6,3,-1
16,BSM,2002,110,38,10,6,3,-1
43,BSM,2002,110,38,10,6,3,-1
41,BSM,2002,110,38,10,6,3,-1
35,BSM,2002,110,38,10,6,3,-1
26,BSM,2002,110,38,10,6,3,-1
44,BSM,2002,110,38,10,6,3,-1
40,BSM,2002,110,38,10,6,3,-1
36,BSM,2002,110,38,10,6,3,-1
7,BSM,2002,110,38,10,6,3,-1
45,BSM,2002,110,38,10,6,3,-1
52,BSM,2002,110,38,10,6,3,-1
17,BSM,2002,110,38,10,6,3,-1
53,BSM,2002,110,38,10,6,3,-1
27,BSM,2002,110,38,10,6,3,-1
51,BSM,2002,110,38,10,6,3,-1
54,BSM,2002,110,38,10,6,3,-1
50,BSM,2002,110,38,10,6,3,-1
46,BSM,2002,110,38,10,6,3,-1
37,BSM,2002,110,38,10,6,3,-1
55,BSM,2002,110,38,10,6,3,-1
18,BSM,2002,110,38,10,6,3,-1
8,BSM,2002,110,38,10,6,3,-1
62,BSM,2002,110,38,10,6,3,-1
63,BSM,2002,110,38,10,6,3,-1
61,BSM,2002,110,38,10,6,3,-1
28,BSM,2002,110,38,10,6,3,-1
64,BSM,2002,110,38,10,6,3,-1
60,BSM,2002,110,38,10,6,3,-1
56,BSM,2002,110,38,10,6,3,-1
47,BSM,2002,110,38,10,6,3,-1
38,BSM,2002,110,38,10,6,3,-1
65,BSM,2002,110,38,10,6,3,-1
9,BSM,2002,110,38,10,6,3,-1
19,BSM,2002,110,38,10,6,3,-1
57,BSM,2002,110,38,10,6,3,-1
72,BSM,2002,110,38,10,6,3,-1
48,BSM,2002,110,38,10,6,3,-1
66,BSM,2002,110,38,10,6,3,-1
73,BSM,2002,110,38,10,6,3,-1
71,BSM,2002,110,38,10,6,3,-1
74,BSM,2002,110,38,10,6,3,-1
29,BSM,2002,110,38,10,6,3,-1
70,BSM,2002,110,38,10,6,3,-1
39,BSM,2002,110,38,10,6,3,-1
75,BSM,2002,110,38,10,6,3,-1
58,BSM,2002,110,38,10,6,3,-1
67,BSM,2002,110,38,10,6,3,-1
82,BSM,2002,110,38,10,6,3,-1
76,BSM,2002,110,38,10,6,3,-1
49,BSM,2002,110,38,10,6,3,-1
83,BSM,2002,110,38,10,6,3,-1
81,BSM,2002,110,38,10,6,3,-1
84,BSM,2002,110,38,10,6,3,-1
80,BSM,2002,110,38,10,6,3,-1
68,BSM,2002,110,38,10,6,3,-1
85,BSM,2002,110,38,10,6,3,-1
59,BSM,2002,110,38,10,6,3,-1
77,BSM,2002,110,38,10,6,3,-1
86,BSM,2002,110,38,10,6,3,-1
92,BSM,2002,110,38,10,6,3,-1
78,BSM,2002,110,38,10,6,3,-1
69,BSM,2002,110,38,10,6,3,-1
93,BSM,2002,110,38,10,6,3,-1
91,BSM,2002,110,38,10,6,3,-1
94,BSM,2002,110,38,10,6,3,-1
90,BSM,2002,110,38,10,6,3,-1
87,BSM,2002,110,38,10,6,3,-1
95,BSM,2002,110,38,10,6,3,-1
96,BSM,2002,110,38,10,6,3,-1
79,BSM,2002,110,38,10,6,3,-1
88,BSM,2002,110,38,10,6,3,-1
102,BSM,2002,110,38,10,6,3,-1
103,BSM,2002,110,38,10,6,3,-1
101,BSM,2002,110,38,10,6,3,-1
104,BSM,2002,110,38,10,6,3,-1
100,BSM,2002,110,38,10,6,3,-1
97,BSM,2002,110,38,10,6,3,-1
105,BSM,2002,110,38,10,6,3,-1
89,BSM,2002,110,38,10,6,3,-1
106,BSM,2002,110,38,10,6,3,-1
98,BSM,2002,110,38,10,6,3,-1
112,BSM,2002,110,38,10,6,3,-1
113,BSM,2002,110,38,10,6,3,-1
114,BSM,2002,110,38,10,6,3,-1
111,BSM,2002,110,38,10,6,3,-1
110,BSM,2002,110,38,10,6,3,-1
107,BSM,2002,110,38,10,6,3,-1
99,BSM,2002,110,38,10,6,3,-1
115,BSM,2002,110,38,10,6,3,-1
108,BSM,2002,110,38,10,6,3,-1
116,BSM,2002,110,38,10,6,3,-1
122,BSM,2002,110,38,10,6,3,-1
117,BSM,2002,110,38,10,6,3,-1
123,BSM,2002,110,38,10,6,3,-1
121,BSM,2002,110,38,10,6,3,-1
124,BSM,2002,110,38,10,6,3,-1
120,BSM,2002,110,38,10,6,3,-1
109,BSM,2002,110,38,10,6,3,-1
125,BSM,2002,110,38,10,6,3,-1
118,BSM,2002,110,38,10,6,3,-1
126,BSM,2002,110,38,10,6,3,-1
127,BSM,2002,110,38,10,6,3,-1
119,BSM,2002,110,38,10,6,3,-1
131,BSM,2002,110,38,10,6,3,-1
130,BSM,2002,110,38,10,6,3,-1
128,BSM,2002,110,38,10,6,3,-1
129,BSM,2002,110,38,10,6,3,-1
3,BSM,2003,120,48,10,6,3,-1
12,BSM,2003,120,48,10,6,3,-1
1,BSM,2003,120,48,10,6,3,-1
13,BSM,2003,120,48,10,6,3,-1
11,BSM,2003,120,48,10,6,3,-1
4,BSM,2003,120,48,10,6,3,-1
22,BSM,2003,120,48,10,6,3,-1
0,BSM,2003,120,48,10,6,3,-1
14,BSM,2003,120,48,10,6,3,-1
10,BSM,2003,120,48,10,6,3,-1
23,BSM,2003,120,48,10,6,3,-1
21,BSM,2003,120,48,10,6,3,-1
24,BSM,2003,120,48,10,6,3,-1
20,BSM,2003,120,48,10,6,3,-1
5,BSM,2003,120,48,10,6,3,-1
32,BSM,2003,120,48,10,6,3,-1
15,BSM,2003,120,48,10,6,3,-1
33,BSM,2003,120,48,10,6,3,-1
31,BSM,2003,120,48,10,6,3,-1
34,BSM,2003,120,48,10,6,3,-1
25,BSM,2003,120,48,10,6,3,-1
30,BSM,2003,120,48,10,6,3,-1
6,BSM,2003,120,48,10,6,3,-1
42,BSM,2003,120,48,10,6,3,-1
16,BSM,2003,120,48,10,6,3,-1
43,BSM,2003,120,48,10,6,3,-1
41,BSM,2003,120,48,10,6,3,-1
35,BSM,2003,120,48,10,6,3,-1
26,BSM,2003,120,48,10,6,3,-1
44,BSM,2003,120,48,10,6,3,-1
40,BSM,2003,120,48,10,6,3,-1
36,BSM,2003,120,48,10,6,3,-1
7,BSM,2003,120,48,10,6,3,-1
45,BSM,2003,120,48,10,6,3,-1
52,BSM,2003,120,48,10,6,3,-1
17,BSM,2003,120,48,10,6,3,-1
53,BSM,2003,120,48,10,6,3,-1
27,BSM,2003,120,48,10,6,3,-1
51,BSM,2003,120,48,10,6,3,-1
54,BSM,2003,120,48,10,6,3,-1
50,BSM,2003,120,48,10,6,3,-1
46,BSM,2003,120,48,10,6,3,-1
37,BSM,2003,120,48,10,6,3,-1
55,BSM,2003,120,48,10,6,3,-1
18,BSM,2003,120,48,10,6,3,-1
8,BSM,2003,120,48,10,6,3,-1
62,BSM,2003,120,48,10,6,3,-1
63,BSM,2003,120,48,10,6,3,-1
61,BSM,2003,120,48,10,6,3,-1
28,BSM,2003,120,48,10,6,3,-1
64,BSM,2003,120,48,10,6,3,-1
60,BSM,2003,120,48,10,6,3,-1
56,BSM,2003,120,48,10,6,3,-1
47,BSM,2003,120,48,10,6,3,-1
38,BSM,2003,120,48,10,6,3,-1
65,BSM,2003,120,48,10,6,3,-1
9,BSM,2003,120,48,10,6,3,-1
19,BSM,2003,120,48,10,6,3,-1
57,BSM,2003,120,48,10,6,3,-1
72,BSM,2003,120,48,10,6,3,-1
48,BSM,2003,120,48,10,6,3,-1
66,BSM,2003,120,48,10,6,3,-1
73,BSM,2003,120,48,10,6,3,-1
71,BSM,2003,120,48,10,6,3,-1
74,BSM,2003,120,48,10,6,3,-1
29,BSM,2003,120,48,10,6,3,-1
70,BSM,2003,120,48,10,6,3,-1
39,BSM,2003,120,48,10,6,3,-1
75,BSM,2003,120,48,10,6,3,-1
58,BSM,2003,120,48,10,6,3,-1
67,BSM,2003,120,48,10,6,3,-1
82,BSM,2003,120,48,10,6,3,-1
76,BSM,2003,120,48,10,6,3,-1
49,BSM,2003,120,48,10,6,3,-1
83,BSM,2003,120,48,10,6,3,-1
81,BSM,2003,120,48,10,6,3,-1
84,BSM,2003,120,48,10,6,3,-1
80,BSM,2003,120,48,10,6,3,-1
68,BSM,2003,120,48,10,6,3,-1
85,BSM,2003,120,48,10,6,3,-1
59,BSM,2003,120,48,10,6,3,-1
77,BSM,2003,120,48,10,6,3,-1
86,BSM,2003,120,48,10,6,3,-1
92,BSM,2003,120,48,10,6,3,-1
78,BSM,2003,120,48,10,6,3,-1
69,BSM,2003,120,48,10,6,3,-1
93,BSM,2003,120,48,10,6,3,-1
91,BSM,2003,120,48,10,6,3,-1
94,BSM,2003,120,48,10,6,3,-1
90,BSM,2003,120,48,10,6,3,-1
87,BSM,2003,120,48,10,6,3,-1
95,BSM,2003,120,48,10,6,3,-1
96,BSM,2003,120,48,10,6,3,-1
79,BSM,2003,120,48,10,6,3,-1
88,BSM,2003,120,48,10,6,3,-1
102,BSM,2003,120,48,10,6,3,-1
103,BSM,2003,120,48,10,6,3,-1
101,BSM,2003,120,48,10,6,3,-1
104,BSM,2003,120,48,10,6,3,-1
100,BSM,2003,120,48,10,6,3,-1
97,BSM,2003,120,48,10,6,3,-1
105,BSM,2003,120,48,10,6,3,-1
89,BSM,2003,120,48,10,6,3,-1
106,BSM,2003,120,48,10,6,3,-1
98,BSM,2003,120,48,10,6,3,-1
112,BSM,2003,120,48,10,6,3,-1
113,BSM,2003,120,48,10,6,3,-1
114,BSM,2003,120,48,10,6,3,-1
111,BSM,2003,120,48,10,6,3,-1
110,BSM,2003,120,48,10,6,3,-1
107,BSM,2003,120,48,10,6,3,-1
99,BSM,2003,120,48,10,6,3,-1
115,BSM,2003,120,48,10,6,3,-1
108,BSM,2003,120,48,10,6,3,-1
116,BSM,2003,120,48,10,6,3,-1
122,BSM,2003,120,48,10,6,3,-1
117,BSM,2003,120,48,10,6,3,-1
123,BSM,2003,120,48,10,6,3,-1
121,BSM,2003,120,48,10,6,3,-1
124,BSM,2003,120,48,10,6,3,-1
120,BSM,2003,120,48,10,6,3,-1
109,BSM,2003,120,48,10,6,3,-1
125,BSM,2003,120,48,10,6,3,-1
118,BSM,2003,120,48,10,6,3,-1
126,BSM,2003,120,48,10,6,3,-1
127,BSM,2003,120,48,10,6,3,-1
119,BSM,2003,120,48,10,6,3,-1
131,BSM,2003,120,48,10,6,3,-1
130,BSM,2003,120,48,10,6,3,-1
128,BSM,2003,120,48,10,6,3,-1
129,BSM,2003,120,48,10,6,3,-1
3,BSM,2004,130,58,10,6,3,-1
12,BSM,2004,130,58,10,6,3,-1
1,BSM,2004,130,58,10,6,3,-1
11,BSM,2004,130,58,10,6,3,-1
0,BSM,2004,130,58,10,6,3,-1
10,BSM,2004,130,58,10,6,3,-1
21,BSM,2004,130,58,10,6,3,-1
20,BSM,2004,130,58,10,6,3,-1
3,BSM,2005,140,68,10,6,3,-1
12,BSM,2005,140,68,10,6,3,-1
1,BSM,2005,140,68,10,6,3,-1
13,BSM,2005,140,68,10,6,3,-1
11,BSM,2005,140,68,10,6,3,-1
4,BSM,2005,140,68,10,6,3,-1
22,BSM,2005,140,68,10,6,3,-1
0,BSM,2005,140,68,10,6,3,-1
14,BSM,2005,140,68,10,6,3,-1
10,BSM,2005,140,68,10,6,3,-1
23,BSM,2005,140,68,10,6,3,-1
21,BSM,2005,140,68,10,6,3,-1
24,BSM,2005,140,68,10,6,3,-1
20,BSM,2005,140,68,10,6,3,-1
5,BSM,2005,140,68,10,6,3,-1
32,BSM,2005,140,68,10,6,3,-1
15,BSM,2005,140,68,10,6,3,-1
33,BSM,2005,140,68,10,6,3,-1
31,BSM,2005,140,68,10,6,3,-1
34,BSM,2005,140,68,10,6,3,-1
25,BSM,2005,140,68,10,6,3,-1
30,BSM,2005,140,68,10,6,3,-1
6,BSM,2005,140,68,10,6,3,-1
42,BSM,2005,140,68,10,6,3,-1
16,BSM,2005,140,68,10,6,3,-1
43,BSM,2005,140,68,10,6,3,-1
41,BSM,2005,140,68,10,6,3,-1
35,BSM,2005,140,68,10,6,3,-1
26,BSM,2005,140,68,10,6,3,-1
44,BSM,2005,140,68,10,6,3,-1
40,BSM,2005,140,68,10,6,3,-1
36,BSM,2005,140,68,10,6,3,-1
7,BSM,2005,140,68,10,6,3,-1
45,BSM,2005,140,68,10,6,3,-1
52,BSM,2005,140,68,10,6,3,-1
17,BSM,2005,140,68,10,6,3,-1
53,BSM,2005,140,68,10,6,3,-1
27,BSM,2005,140,68,10,6,3,-1
51,BSM,2005,140,68,10,6,3,-1
54,BSM,2005,140,68,10,6,3,-1
50,BSM,2005,140,68,10,6,3,-1
46,BSM,2005,140,68,10,6,3,-1
37,BSM,2005,140,68,10,6,3,-1
55,BSM,2005,140,68,10,6,3,-1
18,BSM,2005,140,68,10,6,3,-1
8,BSM,2005,140,68,10,6,3,-1
62,BSM,2005,140,68,10,6,3,-1
63,BSM,2005,140,68,10,6,3,-1
61,BSM,2005,140,68,10,6,3,-1
28,BSM,2005,140,68,10,6,3,-1
64,BSM,2005,140,68,10,6,3,-1
60,BSM,2005,140,68,10,6,3,-1
56,BSM,2005,140,68,10,6,3,-1
47,BSM,2005,140,68,10,6,3,-1
38,BSM,2005,140,68,10,6,3,-1
65,BSM,2005,140,68,10,6,3,-1
9,BSM,2005,140,68,10,6,3,-1
19,BSM,2005,140,68,10,6,3,-1
57,BSM,2005,140,68,10,6,3,-1
72,BSM,2005,140,68,10,6,3,-1
48,BSM,2005,140,68,10,6,3,-1
66,BSM,2005,140,68,10,6,3,-1
73,BSM,2005,140,68,10,6,3,-1
71,BSM,2005,140,68,10,6,3,-1
74,BSM,2005,140,68,10,6,3,-1
29,BSM,2005,140,68,10,6,3,-1
70,BSM,2005,140,68,10,6,3,-1
39,BSM,2005,140,68,10,6,3,-1
75,BSM,2005,140,68,10,6,3,-1
58,BSM,2005,140,68,10,6,3,-1
67,BSM,2005,140,68,10,6,3,-1
82,BSM,2005,140,68,10,6,3,-1
76,BSM,2005,140,68,10,6,3,-1
49,BSM,2005,140,68,10,6,3,-1
83,BSM,2005,140,68,10,6,3,-1
81,BSM,2005,140,68,10,6,3,-1
84,BSM,2005,140,68,10,6,3,-1
80,BSM,2005,140,68,10,6,3,-1
68,BSM,2005,140,68,10,6,3,-1
85,BSM,2005,140,68,10,6,3,-1
59,BSM,2005,140,68,10,6,3,-1
77,BSM,2005,140,68,10,6,3,-1
86,BSM,2005,140,68,10,6,3,-1
92,BSM,2005,140,68,10,6,3,-1
78,BSM,2005,140,68,10,6,3,-1
69,BSM,2005,140,68,10,6,3,-1
93,BSM,2005,140,68,10,6,3,-1
91,BSM,2005,140,68,10,6,3,-1
94,BSM,2005,140,68,10,6,3,-1
90,BSM,2005,140,68,10,6,3,-1
87,BSM,2005,140,68,10,6,3,-1
95,BSM,2005,140,68,10,6,3,-1
96,BSM,2005,140,68,10,6,3,-1
79,BSM,2005,140,68,10,6,3,-1
88,BSM,2005,140,68,10,6,3,-1
102,BSM,2005,140,68,10,6,3,-1
103,BSM,2005,140,68,10,6,3,-1
101,BSM,2005,140,68,10,6,3,-1
104,BSM,2005,140,68,10,6,3,-1
100,BSM,2005,140,68,10,6,3,-1
97,BSM,2005,140,68,10,6,3,-1
105,BSM,2005,140,68,10,6,3,-1
89,BSM,2005,140,68,10,6,3,-1
106,BSM,2005,140,68,10,6,3,-1
98,BSM,2005,140,68,10,6,3,-1
112,BSM,2005,140,68,10,6,3,-1
113,BSM,2005,140,68,10,6,3,-1
114,BSM,2005,140,68,10,6,3,-1
111,BSM,2005,140,68,10,6,3,-1
110,BSM,2005,140,68,10,6,3,-1
107,BSM,2005,140,68,10,6,3,-1
99,BSM,2005,140,68,10,6,3,-1
115,BSM,2005,140,68,10,6,3,-1
108,BSM,2005,140,68,10,6,3,-1
116,BSM,2005,140,68,10,6,3,-1
122,BSM,2005,140,68,10,6,3,-1
117,BSM,2005,140,68,10,6,3,-1
123,BSM,2005,140,68,10,6,3,-1
121,BSM,2005,140,68,10,6,3,-1
124,BSM,2005,140,68,10,6,3,-1
120,BSM,2005,140,68,10,6,3,-1
109,BSM,2005,140,68,10,6,3,-1
125,BSM,2005,140,68,10,6,3,-1
118,BSM,2005,140,68,10,6,3,-1
126,BSM,2005,140,68,10,6,3,-1
127,BSM,2005,140,68,10,6,3,-1
119,BSM,2005,140,68,10,6,3,-1
131,BSM,2005,140,68,10,6,3,-1
130,BSM,2005,140,68,10,6,3,-1
128,BSM,2005,140,68,10,6,3,-1
129,BSM,2005,140,68,10,6,3,-1
3,BSM,2002,111,38.6,10,6,3.1,-1
12,BSM,2002,111,38.6,10,6,3.1,-1
1,BSM,2002,111,38.6,10,6,3.1,-1
13,BSM,2002,111,38.6,10,6,3.1,-1
11,BSM,2002,111,38.6,10,6,3.1,-1
4,BSM,2002,111,38.6,10,6,3.1,-1
22,BSM,2002,111,38.6,10,6,3.1,-1
0,BSM,2002,111,38.6,10,6,3.1,-1
14,BSM,2002,111,38.6,10,6,3.1,-1
10,BSM,2002,111,38.6,10,6,3.1,-1
23,BSM,2002,111,38.6,10,6,3.1,-1
21,BSM,2002,111,38.6,10,6,3.1,-1
24,BSM,2002,111,38.6,10,6,3.1,-1
20,BSM,2002,111,38.6,10,6,3.1,-1
5,BSM,2002,111,38.6,10,6,3.1,-1
32,BSM,2002,111,38.6,10,6,3.1,-1
15,BSM,2002,111,38.6,10,6,3.1,-1
33,BSM,2002,111,38.6,10,6,3.1,-1
31,BSM,2002,111,38.6,10,6,3.1,-1
34,BSM,2002,111,38.6,10,6,3.1,-1
25,BSM,2002,111,38.6,10,6,3.1,-1
30,BSM,2002,111,38.6,10,6,3.1,-1
6,BSM,2002,111,38.6,10,6,3.1,-1
42,BSM,2002,111,38.6,10,6,3.1,-1
16,BSM,2002,111,38.6,10,6,3.1,-1
43,BSM,2002,111,38.6,10,6,3.1,-1
41,BSM,2002,111,38.6,10,6,3.1,-1
35,BSM,2002,111,38.6,10,6,3.1,-1
26,BSM,2002,111,38.6,10,6,3.1,-1
44,BSM,2002,111,38.6,10,6,3.1,-1
40,BSM,2002,111,38.6,10,6,3.1,-1
36,BSM,2002,111,38.6,10,6,3.1,-1
7,BSM,2002,111,38.6,10,6,3.1,-1
45,BSM,2002,111,38.6,10,6,3.1,-1
52,BSM,2002,111,38.6,10,6,3.1,-1
17,BSM,2002,111,38.6,10,6,3.1,-1
53,BSM,2002,111,38.6,10,6,3.1,-1
27,BSM,2002,111,38.6,10,6,3.1,-1
51,BSM,2002,111,38.6,10,6,3.1,-1
54,BSM,2002,111,38.6,10,6,3.1,-1
50,BSM,2002,111,38.6,10,6,3.1,-1
46,BSM,2002,111,38.6,10,6,3.1,-1
37,BSM,2002,111,38.6,10,6,3.1,-1
55,BSM,2002,111,38.6,10,6,3.1,-1
18,BSM,2002,111,38.6,10,6,3.1,-1
8,BSM,2002,111,38.6,10,6,3.1,-1
62,BSM,2002,111,38.6,10,6,3.1,-1
63,BSM,2002,111,38.6,10,6,3.1,-1
61,BSM,2002,111,38.6,10,6,3.1,-1
28,BSM,2002,111,38.6,10,6,3.1,-1
64,BSM,2002,111,38.6,10,6,3.1,-1
60,BSM,2002,111,38.6,10,6,3.1,-1
56,BSM,2002,111,38.6,10,6,3.1,-1
47,BSM,2002,111,38.6,10,6,3.1,-1
38,BSM,2002,111,38.6,10,6,3.1,-1
9,BSM,2002,111,38.6,10,6,3.1,-1
65,BSM,2002,111,38.6,10,6,3.1,-1
19,BSM,2002,111,38.6,10,6,3.1,-1
57,BSM,2002,111,38.6,10,6,3.1,-1
72,BSM,2002,111,38.6,10,6,3.1,-1
48,BSM,2002,111,38.6,10,6,3.1,-1
66,BSM,2002,111,38.6,10,6,3.1,-1
73,BSM,2002,111,38.6,10,6,3.1,-1
71,BSM,2002,111,38.6,10,6,3.1,-1
74,BSM,2002,111,38.6,10,6,3.1,-1
29,BSM,2002,111,38.6,10,6,3.1,-1
70,BSM,2002,111,38.6,10,6,3.1,-1
39,BSM,2002,111,38.6,10,6,3.1,-1
75,BSM,2002,111,38.6,10,6,3.1,-1
58,BSM,2002,111,38.6,10,6,3.1,-1
67,BSM,2002,111,38.6,10,6,3.1,-1
82,BSM,2002,111,38.6,10,6,3.1,-1
76,BSM,2002,111,38.6,10,6,3.1,-1
49,BSM,2002,111,38.6,10,6,3.1,-1
83,BSM,2002,111,38.6,10,6,3.1,-1
81,BSM,2002,111,38.6,10,6,3.1,-1
84,BSM,2002,111,38.6,10,6,3.1,-1
80,BSM,2002,111,38.6,10,6,3.1,-1
68,BSM,2002,111,38.6,10,6,3.1,-1
85,BSM,2002,111,38.6,10,6,3.1,-1
59,BSM,2002,111,38.6,10,6,3.1,-1
77,BSM,2002,111,38.6,10,6,3.1,-1
86,BSM,2002,111,38.6,10,6,3.1,-1
92,BSM,2002,111,38.6,10,6,3.1,-1
78,BSM,2002,111,38.6,10,6,3.1,-1
69,BSM,2002,111,38.6,10,6,3.1,-1
93,BSM,2002,111,38.6,10,6,3.1,-1
91,BSM,2002,111,38.6,10,6,3.1,-1
94,BSM,2002,111,38.6,10,6,3.1,-1
90,BSM,2002,111,38.6,10,6,3.1,-1
87,BSM,2002,111,38.6,10,6,3.1,-1
95,BSM,2002,111,38.6,10,6,3.1,-1
96,BSM,2002,111,38.6,10,6,3.1,-1
79,BSM,2002,111,38.6,10,6,3.1,-1
88,BSM,2002,111,38.6,10,6,3.1,-1
102,BSM,2002,111,38.6,10,6,3.1,-1
103,BSM,2002,111,38.6,10,6,3.1,-1
101,BSM,2002,111,38.6,10,6,3.1,-1
104,BSM,2002,111,38.6,10,6,3.1,-1
100,BSM,2002,111,38.6,10,6,3.1,-1
97,BSM,2002,111,38.6,10,6,3.1,-1
105,BSM,2002,111,38.6,10,6,3.1,-1
89,BSM,2002,111,38.6,10,6,3.1,-1
106,BSM,2002,111,38.6,10,6,3.1,-1
98,BSM,2002,111,38.6,10,6,3.1,-1
112,BSM,2002,111,38.6,10,6,3.1,-1
114,BSM,2002,111,38.6,10,6,3.1,-1
113,BSM,2002,111,38.6,10,6,3.1,-1
111,BSM,2002,111,38.6,10,6,3.1,-1
110,BSM,2002,111,38.6,10,6,3.1,-1
107,BSM,2002,111,38.6,10,6,3.1,-1
99,BSM,2002,111,38.6,10,6,3.1,-1
115,BSM,2002,111,38.6,10,6,3.1,-1
108,BSM,2002,111,38.6,10,6,3.1,-1
116,BSM,2002,111,38.6,10,6,3.1,-1
122,BSM,2002,111,38.6,10,6,3.1,-1
117,BSM,2002,111,38.6,10,6,3.1,-1
123,BSM,2002,111,38.6,10,6,3.1,-1
121,BSM,2002,111,38.6,10,6,3.1,-1
124,BSM,2002,111,38.6,10,6,3.1,-1
120,BSM,2002,111,38.6,10,6,3.1,-1
109,BSM,2002,111,38.6,10,6,3.1,-1
125,BSM,2002,111,38.6,10,6,3.1,-1
118,BSM,2002,111,38.6,10,6,3.1,-1
126,BSM,2002,111,38.6,10,6,3.1,-1
127,BSM,2002,111,38.6,10,6,3.1,-1
119,BSM,2002,111,38.6,10,6,3.1,-1
131,BSM,2002,111,38.6,10,6,3.1,-1
130,BSM,2002,111,38.6,10,6,3.1,-1
128,BSM,2002,111,38.6,10,6,3.1,-1
129,BSM,2002,111,38.6,10,6,3.1,-1
3,BSM,2003,121,48.6,10,6,3.1,-1
12,BSM,2003,121,48.6,10,6,3.1,-1
1,BSM,2003,121,48.6,10,6,3.1,-1
13,BSM,2003,121,48.6,10,6,3.1,-1
11,BSM,2003,121,48.6,10,6,3.1,-1
4,BSM,2003,121,48.6,10,6,3.1,-1
22,BSM,2003,121,48.6,10,6,3.1,-1
0,BSM,2003,121,48.6,10,6,3.1,-1
14,BSM,2003,121,48.6,10,6,3.1,-1
10,BSM,2003,121,48.6,10,6,3.1,-1
23,BSM,2003,121,48.6,10,6,3.1,-1
21,BSM,2003,121,48.6,10,6,3.1,-1
24,BSM,2003,121,48.6,10,6,3.1,-1
20,BSM,2003,121,48.6,10,6,3.1,-1
5,BSM,2003,121,48.6,10,6,3.1,-1
32,BSM,2003,121,48.6,10,6,3.1,-1
15,BSM,2003,121,48.6,10,6,3.1,-1
33,BSM,2003,121,48.6,10,6,3.1,-1
31,BSM,2003,121,48.6,10,6,3.1,-1
34,BSM,2003,121,48.6,10,6,3.1,-1
25,BSM,2003,121,48.6,10,6,3.1,-1
30,BSM,2003,121,48.6,10,6,3.1,-1
6,BSM,2003,121,48.6,10,6,3.1,-1
42,BSM,2003,121,48.6,10,6,3.1,-1
16,BSM,2003,121,48.6,10,6,3.1,-1
43,BSM,2003,121,48.6,10,6,3.1,-1
41,BSM,2003,121,48.6,10,6,3.1,-1
35,BSM,2003,121,48.6,10,6,3.1,-1
26,BSM,2003,121,48.6,10,6,3.1,-1
44,BSM,2003,121,48.6,10,6,3.1,-1
40,BSM,2003,121,48.6,10,6,3.1,-1
36,BSM,2003,121,48.6,10,6,3.1,-1
7,BSM,2003,121,48.6,10,6,3.1,-1
45,BSM,2003,121,48.6,10,6,3.1,-1
52,BSM,2003,121,48.6,10,6,3.1,-1
17,BSM,2003,121,48.6,10,6,3.1,-1
53,BSM,2003,121,48.6,10,6,3.1,-1
27,BSM,2003,121,48.6,10,6,3.1,-1
51,BSM,2003,121,48.6,10,6,3.1,-1
54,BSM,2003,121,48.6,10,6,3.1,-1
50,BSM,2003,121,48.6,10,6,3.1,-1
46,BSM,2003,121,48.6,10,6,3.1,-1
37,BSM,2003,121,48.6,10,6,3.1,-1
55,BSM,2003,121,48.6,10,6,3.1,-1
18,BSM,2003,121,48.6,10,6,3.1,-1
8,BSM,2003,121,48.6,10,6,3.1,-1
62,BSM,2003,121,48.6,10,6,3.1,-1
63,BSM,2003,121,48.6,10,6,3.1,-1
61,BSM,2003,121,48.6,10,6,3.1,-1
28,BSM,2003,121,48.6,10,6,3.1,-1
64,BSM,2003,121,48.6,10,6,3.1,-1
60,BSM,2003,121,48.6,10,6,3.1,-1
56,BSM,2003,121,48.6,10,6,3.1,-1
47,BSM,2003,121,48.6,10,6,3.1,-1
38,BSM,2003,121,48.6,10,6,3.1,-1
9,BSM,2003,121,48.6,10,6,3.1,-1
65,BSM,2003,121,48.6,10,6,3.1,-1
19,BSM,2003,121,48.6,10,6,3.1,-1
57,BSM,2003,121,48.6,10,6,3.1,-1
72,BSM,2003,121,48.6,10,6,3.1,-1
48,BSM,2003,121,48.6,10,6,3.1,-1
66,BSM,2003,121,48.6,10,6,3.1,-1
73,BSM,2003,121,48.6,10,6,3.1,-1
71,BSM,2003,121,48.6,10,6,3.1,-1
74,BSM,2003,121,48.6,10,6,3.1,-1
29,BSM,2003,121,48.6,10,6,3.1,-1
70,BSM,2003,121,48.6,10,6,3.1,-1
39,BSM,2003,121,48.6,10,6,3.1,-1
75,BSM,2003,121,48.6,10,6,3.1,-1
58,BSM,2003,121,48.6,10,6,3.1,-1
67,BSM,2003,121,48.6,10,6,3.1,-1
82,BSM,2003,121,48.6,10,6,3.1,-1
76,BSM,2003,121,48.6,10,6,3.1,-1
49,BSM,2003,121,48.6,10,6,3.1,-1
83,BSM,2003,121,48.6,10,6,3.1,-1
81,BSM,2003,121,48.6,10,6,3.1,-1
84,BSM,2003,121,48.6,10,6,3.1,-1
80,BSM,2003,121,48.6,10,6,3.1,-1
68,BSM,2003,121,48.6,10,6,3.1,-1
85,BSM,2003,121,48.6,10,6,3.1,-1
59,BSM,2003,121,48.6,10,6,3.1,-1
77,BSM,2003,121,48.6,10,6,3.1,-1
86,BSM,2003,121,48.6,10,6,3.1,-1
92,BSM,2003,121,48.6,10,6,3.1,-1
78,BSM,2003,121,48.6,10,6,3.1,-1
69,BSM,2003,121,48.6,10,6,3.1,-1
93,BSM,2003,121,48.6,10,6,3.1,-1
91,BSM,2003,121,48.6,10,6,3.1,-1
94,BSM,2003,121,48.6,10,6,3.1,-1
90,BSM,2003,121,48.6,10,6,3.1,-1
87,BSM,2003,121,48.6,10,6,3.1,-1
95,BSM,2003,121,48.6,10,6,3.1,-1
96,BSM,2003,121,48.6,10,6,3.1,-1
79,BSM,2003,121,48.6,10,6,3.1,-1
88,BSM,2003,121,48.6,10,6,3.1,-1
102,BSM,2003,121,48.6,10,6,3.1,-1
103,BSM,2003,121,48.6,10,6,3.1,-1
101,BSM,2003,121,48.6,10,6,3.1,-1
104,BSM,2003,121,48.6,10,6,3.1,-1
100,BSM,2003,121,48.6,10,6,3.1,-1
97,BSM,2003,121,48.6,10,6,3.1,-1
105,BSM,2003,121,48.6,10,6,3.1,-1
89,BSM,2003,121,48.6,10,6,3.1,-1
106,BSM,2003,121,48.6,10,6,3.1,-1
98,BSM,2003,121,48.6,10,6,3.1,-1
112,BSM,2003,121,48.6,10,6,3.1,-1
114,BSM,2003,121,48.6,10,6,3.1,-1
113,BSM,2003,121,48.6,10,6,3.1,-1
111,BSM,2003,121,48.6,10,6,3.1,-1
110,BSM,2003,121,48.6,10,6,3.1,-1
107,BSM,2003,121,48.6,10,6,3.1,-1
99,BSM,2003,121,48.6,10,6,3.1,-1
115,BSM,2003,121,48.6,10,6,3.1,-1
108,BSM,2003,121,48.6,10,6,3.1,-1
116,BSM,2003,121,48.6,10,6,3.1,-1
122,BSM,2003,121,48.6,10,6,3.1,-1
117,BSM,2003,121,48.6,10,6,3.1,-1
123,BSM,2003,121,48.6,10,6,3.1,-1
121,BSM,2003,121,48.6,10,6,3.1,-1
124,BSM,2003,121,48.6,10,6,3.1,-1
120,BSM,2003,121,48.6,10,6,3.1,-1
109,BSM,2003,121,48.6,10,6,3.1,-1
125,BSM,2003,121,48.6,10,6,3.1,-1
118,BSM,2003,121,48.6,10,6,3.1,-1
126,BSM,2003,121,48.6,10,6,3.1,-1
127,BSM,2003,121,48.6,10,6,3.1,-1
119,BSM,2003,121,48.6,10,6,3.1,-1
131,BSM,2003,121,48.6,10,6,3.1,-1
130,BSM,2003,121,48.6,10,6,3.1,-1
128,BSM,2003,121,48.6,10,6,3.1,-1
129,BSM,2003,121,48.6,10,6,3.1,-1
3,BSM,2004,131,58.6,10,6,3.1,-1
12,BSM,2004,131,58.6,10,6,3.1,-1
1,BSM,2004,131,58.6,10,6,3.1,-1
13,BSM,2004,131,58.6,10,6,3.1,-1
11,BSM,2004,131,58.6,10,6,3.1,-1
4,BSM,2004,131,58.6,10,6,3.1,-1
22,BSM,2004,131,58.6,10,6,3.1,-1
0,BSM,2004,131,58.6,10,6,3.1,-1
14,BSM,2004,131,58.6,10,6,3.1,-1
10,BSM,2004,131,58.6,10,6,3.1,-1
23,BSM,2004,131,58.6,10,6,3.1,-1
21,BSM,2004,131,58.6,10,6,3.1,-1
24,BSM,2004,131,58.6,10,6,3.1,-1
20,BSM,2004,131,58.6,10,6,3.1,-1
5,BSM,2004,131,58.6,10,6,3.1,-1
32,BSM,2004,131,58.6,10,6,3.1,-1
15,BSM,2004,131,58.6,10,6,3.1,-1
33,BSM,2004,131,58.6,10,6,3.1,-1
31,BSM,2004,131,58.6,10,6,3.1,-1
34,BSM,2004,131,58.6,10,6,3.1,-1
25,BSM,2004,131,58.6,10,6,3.1,-1
30,BSM,2004,131,58.6,10,6,3.1,-1
6,BSM,2004,131,58.6,10,6,3.1,-1
42,BSM,2004,131,58.6,10,6,3.1,-1
16,BSM,2004,131,58.6,10,6,3.1,-1
43,BSM,2004,131,58.6,10,6,3.1,-1
41,BSM,2004,131,58.6,10,6,3.1,-1
35,BSM,2004,131,58.6,10,6,3.1,-1
26,BSM,2004,131,58.6,10,6,3.1,-1
44,BSM,2004,131,58.6,10,6,3.1,-1
40,BSM,2004,131,58.6,10,6,3.1,-1
36,BSM,2004,131,58.6,10,6,3.1,-1
7,BSM,2004,131,58.6,10,6,3.1,-1
45,BSM,2004,131,58.6,10,6,3.1,-1
52,BSM,2004,131,58.6,10,6,3.1,-1
17,BSM,2004,131,58.6,10,6,3.1,-1
53,BSM,2004,131,58.6,10,6,3.1,-1
27,BSM,2004,131,58.6,10,6,3.1,-1
51,BSM,2004,131,58.6,10,6,3.1,-1
54,BSM,2004,131,58.6,10,6,3.1,-1
50,BSM,2004,131,58.6,10,6,3.1,-1
46,BSM,2004,131,58.6,10,6,3.1,-1
37,BSM,2004,131,58.6,10,6,3.1,-1
55,BSM,2004,131,58.6,10,6,3.1,-1
18,BSM,2004,131,58.6,10,6,3.1,-1
8,BSM,2004,131,58.6,10,6,3.1,-1
62,BSM,2004,131,58.6,10,6,3.1,-1
63,BSM,2004,131,58.6,10,6,3.1,-1
61,BSM,2004,131,58.6,10,6,3.1,-1
28,BSM,2004,131,58.6,10,6,3.1,-1
64,BSM,2004,131,58.6,10,6,3.1,-1
60,BSM,2004,131,58.6,10,6,3.1,-1
56,BSM,2004,131,58.6,10,6,3.1,-1
47,BSM,2004,131,58.6,10,6,3.1,-1
38,BSM,2004,131,58.6,10,6,3.1,-1
9,BSM,2004,131,58.6,10,6,3.1,-1
65,BSM,2004,131,58.6,10,6,3.1,-1
19,BSM,2004,131,58.6,10,6,3.1,-1
57,BSM,2004,131,58.6,10,6,3.1,-1
72,BSM,2004,131,58.6,10,6,3.1,-1
48,BSM,2004,131,58.6,10,6,3.1,-1
66,BSM,2004,131,58.6,10,6,3.1,-1
73,BSM,2004,131,58.6,10,6,3.1,-1
71,BSM,2004,131,58.6,10,6,3.1,-1
74,BSM,2004,131,58.6,10,6,3.1,-1
29,BSM,2004,131,58.6,10,6,3.1,-1
70,BSM,2004,131,58.6,10,6,3.1,-1
39,BSM,2004,131,58.6,10,6,3.1,-1
75,BSM,2004,131,58.6,10,6,3.1,-1
58,BSM,2004,131,58.6,10,6,3.1,-1
67,BSM,2004,131,58.6,10,6,3.1,-1
82,BSM,2004,131,58.6,10,6,3.1,-1
76,BSM,2004,131,58.6,10,6,3.1,-1
49,BSM,2004,131,58.6,10,6,3.1,-1
83,BSM,2004,131,58.6,10,6,3.1,-1
81,BSM,2004,131,58.6,10,6,3.1,-1
84,BSM,2004,131,58.6,10,6,3.1,-1
80,BSM,2004,131,58.6,10,6,3.1,-1
68,BSM,2004,131,58.6,10,6,3.1,-1
85,BSM,2004,131,58.6,10,6,3.1,-1
59,BSM,2004,131,58.6,10,6,3.1,-1
77,BSM,2004,131,58.6,10,6,3.1,-1
86,BSM,2004,131,58.6,10,6,3.1,-1
92,BSM,2004,131,58.6,10,6,3.1,-1
78,BSM,2004,131,58.6,10,6,3.1,-1
69,BSM,2004,131,58.6,10,6,3.1,-1
93,BSM,2004,131,58.6,10,6,3.1,-1
91,BSM,2004,131,58.6,10,6,3.1,-1
94,BSM,2004,131,58.6,10,6,3.1,-1
90,BSM,2004,131,58.6,10,6,3.1,-1
87,BSM,2004,131,58.6,10,6,3.1,-1
95,BSM,2004,131,58.6,10,6,3.1,-1
96,BSM,2004,131,58.6,10,6,3.1,-1
79,BSM,2004,131,58.6,10,6,3.1,-1
88,BSM,2004,131,58.6,10,6,3.1,-1
102,BSM,2004,131,58.6,10,6,3.1,-1
103,BSM,2004,131,58.6,10,6,3.1,-1
101,BSM,2004,131,58.6,10,6,3.1,-1
104,BSM,2004,131,58.6,10,6,3.1,-1
100,BSM,2004,131,58.6,10,6,3.1,-1
97,BSM,2004,131,58.6,10,6,3.1,-1
105,BSM,2004,131,58.6,10,6,3.1,-1
89,BSM,2004,131,58.6,10,6,3.1,-1
106,BSM,2004,131,58.6,10,6,3.1,-1
98,BSM,2004,131,58.6,10,6,3.1,-1
112,BSM,2004,131,58.6,10,6,3.1,-1
114,BSM,2004,131,58.6,10,6,3.1,-1
113,BSM,2004,131,58.6,10,6,3.1,-1
111,BSM,2004,131,58.6,10,6,3.1,-1
110,BSM,2004,131,58.6,10,6,3.1,-1
107,BSM,2004,131,58.6,10,6,3.1,-1
99,BSM,2004,131,58.6,10,6,3.1,-1
115,BSM,2004,131,58.6,10,6,3.1,-1
108,BSM,2004,131,58.6,10,6,3.1,-1
116,BSM,2004,131,58.6,10,6,3.1,-1
122,BSM,2004,131,58.6,10,6,3.1,-1
117,BSM,2004,131,58.6,10,6,3.1,-1
123,BSM,2004,131,58.6,10,6,3.1,-1
121,BSM,2004,131,58.6,10,6,3.1,-1
124,BSM,2004,131,58.6,10,6,3.1,-1
120,BSM,2004,131,58.6,10,6,3.1,-1
109,BSM,2004,131,58.6,10,6,3.1,-1
125,BSM,2004,131,58.6,10,6,3.1,-1
118,BSM,2004,131,58.6,10,6,3.1,-1
126,BSM,2004,131,58.6,10,6,3.1,-1
127,BSM,2004,131,58.6,10,6,3.1,-1
119,BSM,2004,131,58.6,10,6,3.1,-1
131,BSM,2004,131,58.6,10,6,3.1,-1
130,BSM,2004,131,58.6,10,6,3.1,-1
128,BSM,2004,131,58.6,10,6,3.1,-1
129,BSM,2004,131,58.6,10,6,3.1,-1
3,BSM,2005,141,68.6,10,6,3.1,-1
12,BSM,2005,141,68.6,10,6,3.1,-1
1,BSM,2005,141,68.6,10,6,3.1,-1
13,BSM,2005,141,68.6,10,6,3.1,-1
11,BSM,2005,141,68.6,10,6,3.1,-1
4,BSM,2005,141,68.6,10,6,3.1,-1
22,BSM,2005,141,68.6,10,6,3.1,-1
0,BSM,2005,141,68.6,10,6,3.1,-1
14,BSM,2005,141,68.6,10,6,3.1,-1
10,BSM,2005,141,68.6,10,6,3.1,-1
23,BSM,2005,141,68.6,10,6,3.1,-1
21,BSM,2005,141,68.6,10,6,3.1,-1
24,BSM,2005,141,68.6,10,6,3.1,-1
20,BSM,2005,141,68.6,10,6,3.1,-1
5,BSM,2005,141,68.6,10,6,3.1,-1
32,BSM,2005,141,68.6,10,6,3.1,-1
15,BSM,2005,141,68.6,10,6,3.1,-1
33,BSM,2005,141,68.6,10,6,3.1,-1
31,BSM,2005,141,68.6,10,6,3.1,-1
34,BSM,2005,141,68.6,10,6,3.1,-1
25,BSM,2005,141,68.6,10,6,3.1,-1
30,BSM,2005,141,68.6,10,6,3.1,-1
6,BSM,2005,141,68.6,10,6,3.1,-1
42,BSM,2005,141,68.6,10,6,3.1,-1
16,BSM,2005,141,68.6,10,6,3.1,-1
43,BSM,2005,141,68.6,10,6,3.1,-1
41,BSM,2005,141,68.6,10,6,3.1,-1
35,BSM,2005,141,68.6,10,6,3.1,-1
26,BSM,2005,141,68.6,10,6,3.1,-1
44,BSM,2005,141,68.6,10,6,3.1,-1
40,BSM,2005,141,68.6,10,6,3.1,-1
36,BSM,2005,141,68.6,10,6,3.1,-1
7,BSM,2005,141,68.6,10,6,3.1,-1
45,BSM,2005,141,68.6,10,6,3.1,-1
52,BSM,2005,141,68.6,10,6,3.1,-1
17,BSM,2005,141,68.6,10,6,3.1,-1
53,BSM,2005,141,68.6,10,6,3.1,-1
27,BSM,2005,141,68.6,10,6,3.1,-1
51,BSM,2005,141,68.6,10,6,3.1,-1
54,BSM,2005,141,68.6,10,6,3.1,-1
50,BSM,2005,141,68.6,10,6,3.1,-1
46,BSM,2005,141,68.6,10,6,3.1,-1
37,BSM,2005,141,68.6,10,6,3.1,-1
55,BSM,2005,141,68.6,10,6,3.1,-1
18,BSM,2005,141,68.6,10,6,3.1,-1
8,BSM,2005,141,68.6,10,6,3.1,-1
62,BSM,2005,141,68.6,10,6,3.1,-1
63,BSM,2005,141,68.6,10,6,3.1,-1
61,BSM,2005,141,68.6,10,6,3.1,-1
28,BSM,2005,141,68.6,10,6,3.1,-1
64,BSM,2005,141,68.6,10,6,3.1,-1
60,BSM,2005,141,68.6,10,6,3.1,-1
56,BSM,2005,141,68.6,10,6,3.1,-1
47,BSM,2005,141,68.6,10,6,3.1,-1
38,BSM,2005,141,68.6,10,6,3.1,-1
9,BSM,2005,141,68.6,10,6,3.1,-1
65,BSM,2005,141,68.6,10,6,3.1,-1
19,BSM,2005,141,68.6,10,6,3.1,-1
57,BSM,2005,141,68.6,10,6,3.1,-1
72,BSM,2005,141,68.6,10,6,3.1,-1
48,BSM,2005,141,68.6,10,6,3.1,-1
66,BSM,2005,141,68.6,10,6,3.1,-1
73,BSM,2005,141,68.6,10,6,3.1,-1
71,BSM,2005,141,68.6,10,6,3.1,-1
74,BSM,2005,141,68.6,10,6,3.1,-1
29,BSM,2005,141,68.6,10,6,3.1,-1
70,BSM,2005,141,68.6,10,6,3.1,-1
39,BSM,2005,141,68.6,10,6,3.1,-1
75,BSM,2005,141,68.6,10,6,3.1,-1
58,BSM,2005,141,68.6,10,6,3.1,-1
67,BSM,2005,141,68.6,10,6,3.1,-1
82,BSM,2005,141,68.6,10,6,3.1,-1
76,BSM,2005,141,68.6,10,6,3.1,-1
49,BSM,2005,141,68.6,10,6,3.1,-1
83,BSM,2005,141,68.6,10,6,3.1,-1
81,BSM,2005,141,68.6,10,6,3.1,-1
84,BSM,2005,141,68.6,10,6,3.1,-1
80,BSM,2005,141,68.6,10,6,3.1,-1
68,BSM,2005,141,68.6,10,6,3.1,-1
85,BSM,2005,141,68.6,10,6,3.1,-1
59,BSM,2005,141,68.6,10,6,3.1,-1
77,BSM,2005,141,68.6,10,6,3.1,-1
86,BSM,2005,141,68.6,10,6,3.1,-1
92,BSM,2005,141,68.6,10,6,3.1,-1
78,BSM,2005,141,68.6,10,6,3.1,-1
69,BSM,2005,141,68.6,10,6,3.1,-1
93,BSM,2005,141,68.6,10,6,3.1,-1
91,BSM,2005,141,68.6,10,6,3.1,-1
94,BSM,2005,141,68.6,10,6,3.1,-1
90,BSM,2005,141,68.6,10,6,3.1,-1
87,BSM,2005,141,68.6,10,6,3.1,-1
95,BSM,2005,141,68.6,10,6,3.1,-1
96,BSM,2005,141,68.6,10,6,3.1,-1
79,BSM,2005,141,68.6,10,6,3.1,-1
88,BSM,2005,141,68.6,10,6,3.1,-1
102,BSM,2005,141,68.6,10,6,3.1,-1
103,BSM,2005,141,68.6,10,6,3.1,-1
101,BSM,2005,141,68.6,10,6,3.1,-1
104,BSM,2005,141,68.6,10,6,3.1,-1
100,BSM,2005,141,68.6,10,6,3.1,-1
97,BSM,2005,141,68.6,10,6,3.1,-1
105,BSM,2005,141,68.6,10,6,3.1,-1
89,BSM,2005,141,68.6,10,6,3.1,-1
106,BSM,2005,141,68.6,10,6,3.1,-1
98,BSM,2005,141,68.6,10,6,3.1,-1
112,BSM,2005,141,68.6,10,6,3.1,-1
114,BSM,2005,141,68.6,10,6,3.1,-1
113,BSM,2005,141,68.6,10,6,3.1,-1
111,BSM,2005,141,68.6,10,6,3.1,-1
110,BSM,2005,141,68.6,10,6,3.1,-1
107,BSM,2005,141,68.6,10,6,3.1,-1
99,BSM,2005,141,68.6,10,6,3.1,-1
115,BSM,2005,141,68.6,10,6,3.1,-1
108,BSM,2005,141,68.6,10,6,3.1,-1
116,BSM,2005,141,68.6,10,6,3.1,-1
122,BSM,2005,141,68.6,10,6,3.1,-1
117,BSM,2005,141,68.6,10,6,3.1,-1
123,BSM,2005,141,68.6,10,6,3.1,-1
121,BSM,2005,141,68.6,10,6,3.1,-1
124,BSM,2005,141,68.6,10,6,3.1,-1
120,BSM,2005,141,68.6,10,6,3.1,-1
109,BSM,2005,141,68.6,10,6,3.1,-1
125,BSM,2005,141,68.6,10,6,3.1,-1
118,BSM,2005,141,68.6,10,6,3.1,-1
126,BSM,2005,141,68.6,10,6,3.1,-1
127,BSM,2005,141,68.6,10,6,3.1,-1
119,BSM,2005,141,68.6,10,6,3.1,-1
131,BSM,2005,141,68.6,10,6,3.1,-1
130,BSM,2005,141,68.6,10,6,3.1,-1
128,BSM,2005,141,68.6,10,6,3.1,-1
129,BSM,2005,141,68.6,10,6,3.1,-1
3,BSM,2002,112,39.2,10,6,3.2,-1
12,BSM,2002,112,39.2,10,6,3.2,-1
1,BSM,2002,112,39.2,10,6,3.2,-1
13,BSM,2002,112,39.2,10,6,3.2,-1
11,BSM,2002,112,39.2,10,6,3.2,-1
4,BSM,2002,112,39.2,10,6,3.2,-1
22,BSM,2002,112,39.2,10,6,3.2,-1
0,BSM,2002,112,39.2,10,6,3.2,-1
14,BSM,2002,112,39.2,10,6,3.2,-1
10,BSM,2002,112,39.2,10,6,3.2,-1
23,BSM,2002,112,39.2,10,6,3.2,-1
21,BSM,2002,112,39.2,10,6,3.2,-1
24,BSM,2002,112,39.2,10,6,3.2,-1
20,BSM,2002,112,39.2,10,6,3.2,-1
5,BSM,2002,112,39.2,10,6,3.2,-1
15,BSM,2002,112,39.2,10,6,3.2,-1
32,BSM,2002,112,39.2,10,6,3.2,-1
33,BSM,2002,112,39.2,10,6,3.2,-1
31,BSM,2002,112,39.2,10,6,3.2,-1
34,BSM,2002,112,39.2,10,6,3.2,-1
25,BSM,2002,112,39.2,10,6,3.2,-1
30,BSM,2002,112,39.2,10,6,3.2,-1
6,BSM,2002,112,39.2,10,6,3.2,-1
42,BSM,2002,112,39.2,10,6,3.2,-1
16,BSM,2002,112,39.2,10,6,3.2,-1
43,BSM,2002,112,39.2,10,6,3.2,-1
41,BSM,2002,112,39.2,10,6,3.2,-1
35,BSM,2002,112,39.2,10,6,3.2,-1
26,BSM,2002,112,39.2,10,6,3.2,-1
44,BSM,2002,112,39.2,10,6,3.2,-1
40,BSM,2002,112,39.2,10,6,3.2,-1
36,BSM,2002,112,39.2,10,6,3.2,-1
7,BSM,2002,112,39.2,10,6,3.2,-1
45,BSM,2002,112,39.2,10,6,3.2,-1
52,BSM,2002,112,39.2,10,6,3.2,-1
17,BSM,2002,112,39.2,10,6,3.2,-1
53,BSM,2002,112,39.2,10,6,3.2,-1
27,BSM,2002,112,39.2,10,6,3.2,-1
51,BSM,2002,112,39.2,10,6,3.2,-1
54,BSM,2002,112,39.2,10,6,3.2,-1
50,BSM,2002,112,39.2,10,6,3.2,-1
46,BSM,2002,112,39.2,10,6,3.2,-1
37,BSM,2002,112,39.2,10,6,3.2,-1
55,BSM,2002,112,39.2,10,6,3.2,-1
18,BSM,2002,112,39.2,10,6,3.2,-1
8,BSM,2002,112,39.2,10,6,3.2,-1
62,BSM,2002,112,39.2,10,6,3.2,-1
63,BSM,2002,112,39.2,10,6,3.2,-1
61,BSM,2002,112,39.2,10,6,3.2,-1
28,BSM,2002,112,39.2,10,6,3.2,-1
64,BSM,2002,112,39.2,10,6,3.2,-1
60,BSM,2002,112,39.2,10,6,3.2,-1
56,BSM,2002,112,39.2,10,6,3.2,-1
47,BSM,2002,112,39.2,10,6,3.2,-1
38,BSM,2002,112,39.2,10,6,3.2,-1
9,BSM,2002,112,39.2,10,6,3.2,-1
65,BSM,2002,112,39.2,10,6,3.2,-1
19,BSM,2002,112,39.2,10,6,3.2,-1
57,BSM,2002,112,39.2,10,6,3.2,-1
72,BSM,2002,112,39.2,10,6,3.2,-1
48,BSM,2002,112,39.2,10,6,3.2,-1
66,BSM,2002,112,39.2,10,6,3.2,-1
73,BSM,2002,112,39.2,10,6,3.2,-1
71,BSM,2002,112,39.2,10,6,3.2,-1
74,BSM,2002,112,39.2,10,6,3.2,-1
29,BSM,2002,112,39.2,10,6,3.2,-1
70,BSM,2002,112,39.2,10,6,3.2,-1
39,BSM,2002,112,39.2,10,6,3.2,-1
75,BSM,2002,112,39.2,10,6,3.2,-1
58,BSM,2002,112,39.2,10,6,3.2,-1
67,BSM,2002,112,39.2,10,6,3.2,-1
82,BSM,2002,112,39.2,10,6,3.2,-1
76,BSM,2002,112,39.2,10,6,3.2,-1
49,BSM,2002,112,39.2,10,6,3.2,-1
83,BSM,2002,112,39.2,10,6,3.2,-1
81,BSM,2002,112,39.2,10,6,3.2,-1
84,BSM,2002,112,39.2,10,6,3.2,-1
80,BSM,2002,112,39.2,10,6,3.2,-1
68,BSM,2002,112,39.2,10,6,3.2,-1
85,BSM,2002,112,39.2,10,6,3.2,-1
59,BSM,2002,112,39.2,10,6,3.2,-1
77,BSM,2002,112,39.2,10,6,3.2,-1
86,BSM,2002,112,39.2,10,6,3.2,-1
92,BSM,2002,112,39.2,10,6,3.2,-1
78,BSM,2002,112,39.2,10,6,3.2,-1
69,BSM,2002,112,39.2,10,6,3.2,-1
93,BSM,2002,112,39.2,10,6,3.2,-1
91,BSM,2002,112,39.2,10,6,3.2,-1
94,BSM,2002,112,39.2,10,6,3.2,-1
90,BSM,2002,112,39.2,10,6,3.2,-1
87,BSM,2002,112,39.2,10,6,3.2,-1
95,BSM,2002,112,39.2,10,6,3.2,-1
96,BSM,2002,112,39.2,10,6,3.2,-1
79,BSM,2002,112,39.2,10,6,3.2,-1
88,BSM,2002,112,39.2,10,6,3.2,-1
102,BSM,2002,112,39.2,10,6,3.2,-1
103,BSM,2002,112,39.2,10,6,3.2,-1
101,BSM,2002,112,39.2,10,6,3.2,-1
104,BSM,2002,112,39.2,10,6,3.2,-1
100,BSM,2002,112,39.2,10,6,3.2,-1
97,BSM,2002,112,39.2,10,6,3.2,-1
105,BSM,2002,112,39.2,10,6,3.2,-1
89,BSM,2002,112,39.2,10,6,3.2,-1
106,BSM,2002,112,39.2,10,6,3.2,-1
98,BSM,2002,112,39.2,10,6,3.2,-1
112,BSM,2002,112,39.2,10,6,3.2,-1
114,BSM,2002,112,39.2,10,6,3.2,-1
113,BSM,2002,112,39.2,10,6,3.2,-1
111,BSM,2002,112,39.2,10,6,3.2,-1
110,BSM,2002,112,39.2,10,6,3.2,-1
107,BSM,2002,112,39.2,10,6,3.2,-1
99,BSM,2002,112,39.2,10,6,3.2,-1
115,BSM,2002,112,39.2,10,6,3.2,-1
108,BSM,2002,112,39.2,10,6,3.2,-1
116,BSM,2002,112,39.2,10,6,3.2,-1
122,BSM,2002,112,39.2,10,6,3.2,-1
117,BSM,2002,112,39.2,10,6,3.2,-1
123,BSM,2002,112,39.2,10,6,3.2,-1
124,BSM,2002,112,39.2,10,6,3.2,-1
121,BSM,2002,112,39.2,10,6,3.2,-1
120,BSM,2002,112,39.2,10,6,3.2,-1
109,BSM,2002,112,39.2,10,6,3.2,-1
125,BSM,2002,112,39.2,10,6,3.2,-1
118,BSM,2002,112,39.2,10,6,3.2,-1
126,BSM,2002,112,39.2,10,6,3.2,-1
127,BSM,2002,112,39.2,10,6,3.2,-1
119,BSM,2002,112,39.2,10,6,3.2,-1
131,BSM,2002,112,39.2,10,6,3.2,-1
130,BSM,2002,112,39.2,10,6,3.2,-1
128,BSM,2002,112,39.2,10,6,3.2,-1
129,BSM,2002,112,39.2,10,6,3.2,-1
3,BSM,2003,122,49.2,10,6,3.2,-1
12,BSM,2003,122,49.2,10,6,3.2,-1
1,BSM,2003,122,49.2,10,6,3.2,-1
13,BSM,2003,122,49.2,10,6,3.2,-1
11,BSM,2003,122,49.2,10,6,3.2,-1
4,BSM,2003,122,49.2,10,6,3.2,-1
22,BSM,2003,122,49.2,10,6,3.2,-1
0,BSM,2003,122,49.2,10,6,3.2,-1
14,BSM,2003,122,49.2,10,6,3.2,-1
10,BSM,2003,122,49.2,10,6,3.2,-1
23,BSM,2003,122,49.2,10,6,3.2,-1
21,BSM,2003,122,49.2,10,6,3.2,-1
24,BSM,2003,122,49.2,10,6,3.2,-1
20,BSM,2003,122,49.2,10,6,3.2,-1
5,BSM,2003,122,49.2,10,6,3.2,-1
15,BSM,2003,122,49.2,10,6,3.2,-1
32,BSM,2003,122,49.2,10,6,3.2,-1
33,BSM,2003,122,49.2,10,6,3.2,-1
31,BSM,2003,122,49.2,10,6,3.2,-1
34,BSM,2003,122,49.2,10,6,3.2,-1
25,BSM,2003,122,49.2,10,6,3.2,-1
30,BSM,2003,122,49.2,10,6,3.2,-1
6,BSM,2003,122,49.2,10,6,3.2,-1
42,BSM,2003,122,49.2,10,6,3.2,-1
16,BSM,2003,122,49.2,10,6,3.2,-1
43,BSM,2003,122,49.2,10,6,3.2,-1
41,BSM,2003,122,49.2,10,6,3.2,-1
35,BSM,2003,122,49.2,10,6,3.2,-1
26,BSM,2003,122,49.2,10,6,3.2,-1
44,BSM,2003,122,49.2,10,6,3.2,-1
40,BSM,2003,122,49.2,10,6,3.2,-1
36,BSM,2003,122,49.2,10,6,3.2,-1
7,BSM,2003,122,49.2,10,6,3.2,-1
45,BSM,2003,122,49.2,10,6,3.2,-1
52,BSM,2003,122,49.2,10,6,3.2,-1
17,BSM,2003,122,49.2,10,6,3.2,-1
53,BSM,2003,122,49.2,10,6,3.2,-1
27,BSM,2003,122,49.2,10,6,3.2,-1
51,BSM,2003,122,49.2,10,6,3.2,-1
54,BSM,2003,122,49.2,10,6,3.2,-1
50,BSM,2003,122,49.2,10,6,3.2,-1
46,BSM,2003,122,49.2,10,6,3.2,-1
37,BSM,2003,122,49.2,10,6,3.2,-1
55,BSM,2003,122,49.2,10,6,3.2,-1
18,BSM,2003,122,49.2,10,6,3.2,-1
8,BSM,2003,122,49.2,10,6,3.2,-1
62,BSM,2003,122,49.2,10,6,3.2,-1
63,BSM,2003,122,49.2,10,6,3.2,-1
61,BSM,2003,122,49.2,10,6,3.2,-1
28,BSM,2003,122,49.2,10,6,3.2,-1
64,BSM,2003,122,49.2,10,6,3.2,-1
60,BSM,2003,122,49.2,10,6,3.2,-1
56,BSM,2003,122,49.2,10,6,3.2,-1
47,BSM,2003,122,49.2,10,6,3.2,-1
38,BSM,2003,122,49.2,10,6,3.2,-1
9,BSM,2003,122,49.2,10,6,3.2,-1
65,BSM,2003,122,49.2,10,6,3.2,-1
19,BSM,2003,122,49.2,10,6,3.2,-1
57,BSM,2003,122,49.2,10,6,3.2,-1
72,BSM,2003,122,49.2,10,6,3.2,-1
48,BSM,2003,122,49.2,10,6,3.2,-1
66,BSM,2003,122,49.2,10,6,3.2,-1
73,BSM,2003,122,49.2,10,6,3.2,-1
71,BSM,2003,122,49.2,10,6,3.2,-1
74,BSM,2003,122,49.2,10,6,3.2,-1
29,BSM,2003,122,49.2,10,6,3.2,-1
70,BSM,2003,122,49.2,10,6,3.2,-1
39,BSM,2003,122,49.2,10,6,3.2,-1
75,BSM,2003,122,49.2,10,6,3.2,-1
58,BSM,2003,122,49.2,10,6,3.2,-1
67,BSM,2003,122,49.2,10,6,3.2,-1
82,BSM,2003,122,49.2,10,6,3.2,-1
76,BSM,2003,122,49.2,10,6,3.2,-1
49,BSM,2003,122,49.2,10,6,3.2,-1
83,BSM,2003,122,49.2,10,6,3.2,-1
81,BSM,2003,122,49.2,10,6,3.2,-1
84,BSM,2003,122,49.2,10,6,3.2,-1
80,BSM,2003,122,49.2,10,6,3.2,-1
68,BSM,2003,122,49.2,10,6,3.2,-1
85,BSM,2003,122,49.2,10,6,3.2,-1
59,BSM,2003,122,49.2,10,6,3.2,-1
77,BSM,2003,122,49.2,10,6,3.2,-1
86,BSM,2003,122,49.2,10,6,3.2,-1
92,BSM,2003,122,49.2,10,6,3.2,-1
78,BSM,2003,122,49.2,10,6,3.2,-1
69,BSM,2003,122,49.2,10,6,3.2,-1
93,BSM,2003,122,49.2,10,6,3.2,-1
91,BSM,2003,122,49.2,10,6,3.2,-1
94,BSM,2003,122,49.2,10,6,3.2,-1
90,BSM,2003,122,49.2,10,6,3.2,-1
87,BSM,2003,122,49.2,10,6,3.2,-1
95,BSM,2003,122,49.2,10,6,3.2,-1
96,BSM,2003,122,49.2,10,6,3.2,-1
79,BSM,2003,122,49.2,10,6,3.2,-1
88,BSM,2003,122,49.2,10,6,3.2,-1
102,BSM,2003,122,49.2,10,6,3.2,-1
103,BSM,2003,122,49.2,10,6,3.2,-1
101,BSM,2003,122,49.2,10,6,3.2,-1
104,BSM,2003,122,49.2,10,6,3.2,-1
100,BSM,2003,122,49.2,10,6,3.2,-1
97,BSM,2003,122,49.2,10,6,3.2,-1
105,BSM,2003,122,49.2,10,6,3.2,-1
89,BSM,2003,122,49.2,10,6,3.2,-1
106,BSM,2003,122,49.2,10,6,3.2,-1
98,BSM,2003,122,49.2,10,6,3.2,-1
112,BSM,2003,122,49.2,10,6,3.2,-1
114,BSM,2003,122,49.2,10,6,3.2,-1
113,BSM,2003,122,49.2,10,6,3.2,-1
111,BSM,2003,122,49.2,10,6,3.2,-1
110,BSM,2003,122,49.2,10,6,3.2,-1
107,BSM,2003,122,49.2,10,6,3.2,-1
99,BSM,2003,122,49.2,10,6,3.2,-1
115,BSM,2003,122,49.2,10,6,3.2,-1
108,BSM,2003,122,49.2,10,6,3.2,-1
116,BSM,2003,122,49.2,10,6,3.2,-1
122,BSM,2003,122,49.2,10,6,3.2,-1
117,BSM,2003,122,49.2,10,6,3.2,-1
123,BSM,2003,122,49.2,10,6,3.2,-1
124,BSM,2003,122,49.2,10,6,3.2,-1
121,BSM,2003,122,49.2,10,6,3.2,-1
120,BSM,2003,122,49.2,10,6,3.2,-1
109,BSM,2003,122,49.2,10,6,3.2,-1
125,BSM,2003,122,49.2,10,6,3.2,-1
118,BSM,2003,122,49.2,10,6,3.2,-1
126,BSM,2003,122,49.2,10,6,3.2,-1
127,BSM,2003,122,49.2,10,6,3.2,-1
119,BSM,2003,122,49.2,10,6,3.2,-1
131,BSM,2003,122,49.2,10,6,3.2,-1
130,BSM,2003,122,49.2,10,6,3.2,-1
128,BSM,2003,122,49.2,10,6,3.2,-1
129,BSM,2003,122,49.2,10,6,3.2,-1
3,BSM,2004,132,59.2,10,6,3.2,-1
12,BSM,2004,132,59.2,10,6,3.2,-1
1,BSM,2004,132,59.2,10,6,3.2,-1
13,BSM,2004,132,59.2,10,6,3.2,-1
11,BSM,2004,132,59.2,10,6,3.2,-1
4,BSM,2004,132,59.2,10,6,3.2,-1
22,BSM,2004,132,59.2,10,6,3.2,-1
0,BSM,2004,132,59.2,10,6,3.2,-1
14,BSM,2004,132,59.2,10,6,3.2,-1
10,BSM,2004,132,59.2,10,6,3.2,-1
23,BSM,2004,132,59.2,10,6,3.2,-1
21,BSM,2004,132,59.2,10,6,3.2,-1
24,BSM,2004,132,59.2,10,6,3.2,-1
20,BSM,2004,132,59.2,10,6,3.2,-1
5,BSM,2004,132,59.2,10,6,3.2,-1
15,BSM,2004,132,59.2,10,6,3.2,-1
32,BSM,2004,132,59.2,10,6,3.2,-1
33,BSM,2004,132,59.2,10,6,3.2,-1
31,BSM,2004,132,59.2,10,6,3.2,-1
34,BSM,2004,132,59.2,10,6,3.2,-1
25,BSM,2004,132,59.2,10,6,3.2,-1
30,BSM,2004,132,59.2,10,6,3.2,-1
6,BSM,2004,132,59.2,10,6,3.2,-1
42,BSM,2004,132,59.2,10,6,3.2,-1
16,BSM,2004,132,59.2,10,6,3.2,-1
43,BSM,2004,132,59.2,10,6,3.2,-1
41,BSM,2004,132,59.2,10,6,3.2,-1
35,BSM,2004,132,59.2,10,6,3.2,-1
26,BSM,2004,132,59.2,10,6,3.2,-1
44,BSM,2004,132,59.2,10,6,3.2,-1
40,BSM,2004,132,59.2,10,6,3.2,-1
36,BSM,2004,132,59.2,10,6,3.2,-1
7,BSM,2004,132,59.2,10,6,3.2,-1
45,BSM,2004,132,59.2,10,6,3.2,-1
52,BSM,2004,132,59.2,10,6,3.2,-1
17,BSM,2004,132,59.2,10,6,3.2,-1
53,BSM,2004,132,59.2,10,6,3.2,-1
27,BSM,2004,132,59.2,10,6,3.2,-1
51,BSM,2004,132,59.2,10,6,3.2,-1
54,BSM,2004,132,59.2,10,6,3.2,-1
50,BSM,2004,132,59.2,10,6,3.2,-1
46,BSM,2004,132,59.2,10,6,3.2,-1
37,BSM,2004,132,59.2,10,6,3.2,-1
55,BSM,2004,132,59.2,10,6,3.2,-1
18,BSM,2004,132,59.2,10,6,3.2,-1
8,BSM,2004,132,59.2,10,6,3.2,-1
62,BSM,2004,132,59.2,10,6,3.2,-1
63,BSM,2004,132,59.2,10,6,3.2,-1
61,BSM,2004,132,59.2,10,6,3.2,-1
28,BSM,2004,132,59.2,10,6,3.2,-1
64,BSM,2004,132,59.2,10,6,3.2,-1
60,BSM,2004,132,59.2,10,6,3.2,-1
56,BSM,2004,132,59.2,10,6,3.2,-1
47,BSM,2004,132,59.2,10,6,3.2,-1
38,BSM,2004,132,59.2,10,6,3.2,-1
9,BSM,2004,132,59.2,10,6,3.2,-1
65,BSM,2004,132,59.2,10,6,3.2,-1
19,BSM,2004,132,59.2,10,6,3.2,-1
57,BSM,2004,132,59.2,10,6,3.2,-1
72,BSM,2004,132,59.2,10,6,3.2,-1
48,BSM,2004,132,59.2,10,6,3.2,-1
66,BSM,2004,132,59.2,10,6,3.2,-1
73,BSM,2004,132,59.2,10,6,3.2,-1
71,BSM,2004,132,59.2,10,6,3.2,-1
74,BSM,2004,132,59.2,10,6,3.2,-1
29,BSM,2004,132,59.2,10,6,3.2,-1
70,BSM,2004,132,59.2,10,6,3.2,-1
39,BSM,2004,132,59.2,10,6,3.2,-1
75,BSM,2004,132,59.2,10,6,3.2,-1
58,BSM,2004,132,59.2,10,6,3.2,-1
67,BSM,2004,132,59.2,10,6,3.2,-1
82,BSM,2004,132,59.2,10,6,3.2,-1
76,BSM,2004,132,59.2,10,6,3.2,-1
49,BSM,2004,132,59.2,10,6,3.2,-1
83,BSM,2004,132,59.2,10,6,3.2,-1
81,BSM,2004,132,59.2,10,6,3.2,-1
84,BSM,2004,132,59.2,10,6,3.2,-1
80,BSM,2004,132,59.2,10,6,3.2,-1
68,BSM,2004,132,59.2,10,6,3.2,-1
85,BSM,2004,132,59.2,10,6,3.2,-1
59,BSM,2004,132,59.2,10,6,3.2,-1
77,BSM,2004,132,59.2,10,6,3.2,-1
86,BSM,2004,132,59.2,10,6,3.2,-1
92,BSM,2004,132,59.2,10,6,3.2,-1
78,BSM,2004,132,59.2,10,6,3.2,-1
69,BSM,2004,132,59.2,10,6,3.2,-1
93,BSM,2004,132,59.2,10,6,3.2,-1
91,BSM,2004,132,59.2,10,6,3.2,-1
94,BSM,2004,132,59.2,10,6,3.2,-1
90,BSM,2004,132,59.2,10,6,3.2,-1
87,BSM,2004,132,59.2,10,6,3.2,-1
95,BSM,2004,132,59.2,10,6,3.2,-1
96,BSM,2004,132,59.2,10,6,3.2,-1
79,BSM,2004,132,59.2,10,6,3.2,-1
88,BSM,2004,132,59.2,10,6,3.2,-1
102,BSM,2004,132,59.2,10,6,3.2,-1
103,BSM,2004,132,59.2,10,6,3.2,-1
101,BSM,2004,132,59.2,10,6,3.2,-1
104,BSM,2004,132,59.2,10,6,3.2,-1
100,BSM,2004,132,59.2,10,6,3.2,-1
97,BSM,2004,132,59.2,10,6,3.2,-1
105,BSM,2004,132,59.2,10,6,3.2,-1
89,BSM,2004,132,59.2,10,6,3.2,-1
106,BSM,2004,132,59.2,10,6,3.2,-1
98,BSM,2004,132,59.2,10,6,3.2,-1
112,BSM,2004,132,59.2,10,6,3.2,-1
114,BSM,2004,132,59.2,10,6,3.2,-1
113,BSM,2004,132,59.2,10,6,3.2,-1
111,BSM,2004,132,59.2,10,6,3.2,-1
110,BSM,2004,132,59.2,10,6,3.2,-1
107,BSM,2004,132,59.2,10,6,3.2,-1
99,BSM,2004,132,59.2,10,6,3.2,-1
115,BSM,2004,132,59.2,10,6,3.2,-1
108,BSM,2004,132,59.2,10,6,3.2,-1
116,BSM,2004,132,59.2,10,6,3.2,-1
122,BSM,2004,132,59.2,10,6,3.2,-1
117,BSM,2004,132,59.2,10,6,3.2,-1
123,BSM,2004,132,59.2,10,6,3.2,-1
124,BSM,2004,132,59.2,10,6,3.2,-1
121,BSM,2004,132,59.2,10,6,3.2,-1
120,BSM,2004,132,59.2,10,6,3.2,-1
109,BSM,2004,132,59.2,10,6,3.2,-1
125,BSM,2004,132,59.2,10,6,3.2,-1
118,BSM,2004,132,59.2,10,6,3.2,-1
126,BSM,2004,132,59.2,10,6,3.2,-1
127,BSM,2004,132,59.2,10,6,3.2,-1
119,BSM,2004,132,59.2,10,6,3.2,-1
131,BSM,2004,132,59.2,10,6,3.2,-1
130,BSM,2004,132,59.2,10,6,3.2,-1
128,BSM,2004,132,59.2,10,6,3.2,-1
129,BSM,2004,132,59.2,10,6,3.2,-1
3,BSM,2005,142,69.2,10,6,3.2,-1
12,BSM,2005,142,69.2,10,6,3.2,-1
1,BSM,2005,142,69.2,10,6,3.2,-1
13,BSM,2005,142,69.2,10,6,3.2,-1
11,BSM,2005,142,69.2,10,6,3.2,-1
4,BSM,2005,142,69.2,10,6,3.2,-1
22,BSM,2005,142,69.2,10,6,3.2,-1
0,BSM,2005,142,69.2,10,6,3.2,-1
14,BSM,2005,142,69.2,10,6,3.2,-1
10,BSM,2005,142,69.2,10,6,3.2,-1
23,BSM,2005,142,69.2,10,6,3.2,-1
21,BSM,2005,142,69.2,10,6,3.2,-1
24,BSM,2005,142,69.2,10,6,3.2,-1
20,BSM,2005,142,69.2,10,6,3.2,-1
5,BSM,2005,142,69.2,10,6,3.2,-1
15,BSM,2005,142,69.2,10,6,3.2,-1
32,BSM,2005,142,69.2,10,6,3.2,-1
33,BSM,2005,142,69.2,10,6,3.2,-1
31,BSM,2005,142,69.2,10,6,3.2,-1
34,BSM,2005,142,69.2,10,6,3.2,-1
25,BSM,2005,142,69.2,10,6,3.2,-1
30,BSM,2005,142,69.2,10,6,3.2,-1
6,BSM,2005,142,69.2,10,6,3.2,-1
42,BSM,2005,142,69.2,10,6,3.2,-1
16,BSM,2005,142,69.2,10,6,3.2,-1
43,BSM,2005,142,69.2,10,6,3.2,-1
41,BSM,2005,142,69.2,10,6,3.2,-1
35,BSM,2005,142,69.2,10,6,3.2,-1
26,BSM,2005,142,69.2,10,6,3.2,-1
44,BSM,2005,142,69.2,10,6,3.2,-1
40,BSM,2005,142,69.2,10,6,3.2,-1
36,BSM,2005,142,69.2,10,6,3.2,-1
7,BSM,2005,142,69.2,10,6,3.2,-1
45,BSM,2005,142,69.2,10,6,3.2,-1
52,BSM,2005,142,69.2,10,6,3.2,-1
17,BSM,2005,142,69.2,10,6,3.2,-1
53,BSM,2005,142,69.2,10,6,3.2,-1
27,BSM,2005,142,69.2,10,6,3.2,-1
51,BSM,2005,142,69.2,10,6,3.2,-1
54,BSM,2005,142,69.2,10,6,3.2,-1
50,BSM,2005,142,69.2,10,6,3.2,-1
46,BSM,2005,142,69.2,10,6,3.2,-1
37,BSM,2005,142,69.2,10,6,3.2,-1
55,BSM,2005,142,69.2,10,6,3.2,-1
18,BSM,2005,142,69.2,10,6,3.2,-1
8,BSM,2005,142,69.2,10,6,3.2,-1
62,BSM,2005,142,69.2,10,6,3.2,-1
63,BSM,2005,142,69.2,10,6,3.2,-1
61,BSM,2005,142,69.2,10,6,3.2,-1
28,BSM,2005,142,69.2,10,6,3.2,-1
64,BSM,2005,142,69.2,10,6,3.2,-1
60,BSM,2005,142,69.2,10,6,3.2,-1
56,BSM,2005,142,69.2,10,6,3.2,-1
47,BSM,2005,142,69.2,10,6,3.2,-1
38,BSM,2005,142,69.2,10,6,3.2,-1
9,BSM,2005,142,69.2,10,6,3.2,-1
65,BSM,2005,142,69.2,10,6,3.2,-1
19,BSM,2005,142,69.2,10,6,3.2,-1
57,BSM,2005,142,69.2,10,6,3.2,-1
72,BSM,2005,142,69.2,10,6,3.2,-1
48,BSM,2005,142,69.2,10,6,3.2,-1
66,BSM,2005,142,69.2,10,6,3.2,-1
73,BSM,2005,142,69.2,10,6,3.2,-1
71,BSM,2005,142,69.2,10,6,3.2,-1
74,BSM,2005,142,69.2,10,6,3.2,-1
29,BSM,2005,142,69.2,10,6,3.2,-1
70,BSM,2005,142,69.2,10,6,3.2,-1
39,BSM,2005,142,69.2,10,6,3.2,-1
75,BSM,2005,142,69.2,10,6,3.2,-1
58,BSM,2005,142,69.2,10,6,3.2,-1
67,BSM,2005,142,69.2,10,6,3.2,-1
82,BSM,2005,142,69.2,10,6,3.2,-1
76,BSM,2005,142,69.2,10,6,3.2,-1
49,BSM,2005,142,69.2,10,6,3.2,-1
83,BSM,2005,142,69.2,10,6,3.2,-1
81,BSM,2005,142,69.2,10,6,3.2,-1
84,BSM,2005,142,69.2,10,6,3.2,-1
80,BSM,2005,142,69.2,10,6,3.2,-1
68,BSM,2005,142,69.2,10,6,3.2,-1
85,BSM,2005,142,69.2,10,6,3.2,-1
59,BSM,2005,142,69.2,10,6,3.2,-1
77,BSM,2005,142,69.2,10,6,3.2,-1
86,BSM,2005,142,69.2,10,6,3.2,-1
92,BSM,2005,142,69.2,10,6,3.2,-1
78,BSM,2005,142,69.2,10,6,3.2,-1
69,BSM,2005,142,69.2,10,6,3.2,-1
93,BSM,2005,142,69.2,10,6,3.2,-1
91,BSM,2005,142,69.2,10,6,3.2,-1
94,BSM,2005,142,69.2,10,6,3.2,-1
90,BSM,2005,142,69.2,10,6,3.2,-1
87,BSM,2005,142,69.2,10,6,3.2,-1
95,BSM,2005,142,69.2,10,6,3.2,-1
96,BSM,2005,142,69.2,10,6,3.2,-1
79,BSM,2005,142,69.2,10,6,3.2,-1
88,BSM,2005,142,69.2,10,6,3.2,-1
102,BSM,2005,142,69.2,10,6,3.2,-1
103,BSM,2005,142,69.2,10,6,3.2,-1
101,BSM,2005,142,69.2,10,6,3.2,-1
104,BSM,2005,142,69.2,10,6,3.2,-1
100,BSM,2005,142,69.2,10,6,3.2,-1
97,BSM,2005,142,69.2,10,6,3.2,-1
105,BSM,2005,142,69.2,10,6,3.2,-1
89,BSM,2005,142,69.2,10,6,3.2,-1
106,BSM,2005,142,69.2,10,6,3.2,-1
98,BSM,2005,142,69.2,10,6,3.2,-1
112,BSM,2005,142,69.2,10,6,3.2,-1
114,BSM,2005,142,69.2,10,6,3.2,-1
113,BSM,2005,142,69.2,10,6,3.2,-1
111,BSM,2005,142,69.2,10,6,3.2,-1
110,BSM,2005,142,69.2,10,6,3.2,-1
107,BSM,2005,142,69.2,10,6,3.2,-1
99,BSM,2005,142,69.2,10,6,3.2,-1
115,BSM,2005,142,69.2,10,6,3.2,-1
108,BSM,2005,142,69.2,10,6,3.2,-1
116,BSM,2005,142,69.2,10,6,3.2,-1
122,BSM,2005,142,69.2,10,6,3.2,-1
117,BSM,2005,142,69.2,10,6,3.2,-1
123,BSM,2005,142,69.2,10,6,3.2,-1
124,BSM,2005,142,69.2,10,6,3.2,-1
121,BSM,2005,142,69.2,10,6,3.2,-1
120,BSM,2005,142,69.2,10,6,3.2,-1
109,BSM,2005,142,69.2,10,6,3.2,-1
125,BSM,2005,142,69.2,10,6,3.2,-1
118,BSM,2005,142,69.2,10,6,3.2,-1
126,BSM,2005,142,69.2,10,6,3.2,-1
127,BSM,2005,142,69.2,10,6,3.2,-1
119,BSM,2005,142,69.2,10,6,3.2,-1
131,BSM,2005,142,69.2,10,6,3.2,-1
130,BSM,2005,142,69.2,10,6,3.2,-1
128,BSM,2005,142,69.2,10,6,3.2,-1
129,BSM,2005,142,69.2,10,6,3.2,-1
3,BSM,2002,113,39.8,10,6,3.3,-1
12,BSM,2002,113,39.8,10,6,3.3,-1
1,BSM,2002,113,39.8,10,6,3.3,-1
13,BSM,2002,113,39.8,10,6,3.3,-1
11,BSM,2002,113,39.8,10,6,3.3,-1
4,BSM,2002,113,39.8,10,6,3.3,-1
22,BSM,2002,113,39.8,10,6,3.3,-1
0,BSM,2002,113,39.8,10,6,3.3,-1
14,BSM,2002,113,39.8,10,6,3.3,-1
10,BSM,2002,113,39.8,10,6,3.3,-1
23,BSM,2002,113,39.8,10,6,3.3,-1
21,BSM,2002,113,39.8,10,6,3.3,-1
24,BSM,2002,113,39.8,10,6,3.3,-1
20,BSM,2002,113,39.8,10,6,3.3,-1
5,BSM,2002,113,39.8,10,6,3.3,-1
15,BSM,2002,113,39.8,10,6,3.3,-1
32,BSM,2002,113,39.8,10,6,3.3,-1
33,BSM,2002,113,39.8,10,6,3.3,-1
31,BSM,2002,113,39.8,10,6,3.3,-1
34,BSM,2002,113,39.8,10,6,3.3,-1
25,BSM,2002,113,39.8,10,6,3.3,-1
30,BSM,2002,113,39.8,10,6,3.3,-1
6,BSM,2002,113,39.8,10,6,3.3,-1
42,BSM,2002,113,39.8,10,6,3.3,-1
16,BSM,2002,113,39.8,10,6,3.3,-1
43,BSM,2002,113,39.8,10,6,3.3,-1
41,BSM,2002,113,39.8,10,6,3.3,-1
35,BSM,2002,113,39.8,10,6,3.3,-1
26,BSM,2002,113,39.8,10,6,3.3,-1
44,BSM,2002,113,39.8,10,6,3.3,-1
40,BSM,2002,113,39.8,10,6,3.3,-1
36,BSM,2002,113,39.8,10,6,3.3,-1
7,BSM,2002,113,39.8,10,6,3.3,-1
45,BSM,2002,113,39.8,10,6,3.3,-1
52,BSM,2002,113,39.8,10,6,3.3,-1
17,BSM,2002,113,39.8,10,6,3.3,-1
53,BSM,2002,113,39.8,10,6,3.3,-1
27,BSM,2002,113,39.8,10,6,3.3,-1
51,BSM,2002,113,39.8,10,6,3.3,-1
54,BSM,2002,113,39.8,10,6,3.3,-1
50,BSM,2002,113,39.8,10,6,3.3,-1
46,BSM,2002,113,39.8,10,6,3.3,-1
37,BSM,2002,113,39.8,10,6,3.3,-1
18,BSM,2002,113,39.8,10,6,3.3,-1
55,BSM,2002,113,39.8,10,6,3.3,-1
8,BSM,2002,113,39.8,10,6,3.3,-1
62,BSM,2002,113,39.8,10,6,3.3,-1
63,BSM,2002,113,39.8,10,6,3.3,-1
61,BSM,2002,113,39.8,10,6,3.3,-1
28,BSM,2002,113,39.8,10,6,3.3,-1
64,BSM,2002,113,39.8,10,6,3.3,-1
60,BSM,2002,113,39.8,10,6,3.3,-1
56,BSM,2002,113,39.8,10,6,3.3,-1
47,BSM,2002,113,39.8,10,6,3.3,-1
38,BSM,2002,113,39.8,10,6,3.3,-1
9,BSM,2002,113,39.8,10,6,3.3,-1
65,BSM,2002,113,39.8,10,6,3.3,-1
19,BSM,2002,113,39.8,10,6,3.3,-1
57,BSM,2002,113,39.8,10,6,3.3,-1
72,BSM,2002,113,39.8,10,6,3.3,-1
48,BSM,2002,113,39.8,10,6,3.3,-1
66,BSM,2002,113,39.8,10,6,3.3,-1
73,BSM,2002,113,39.8,10,6,3.3,-1
71,BSM,2002,113,39.8,10,6,3.3,-1
74,BSM,2002,113,39.8,10,6,3.3,-1
29,BSM,2002,113,39.8,10,6,3.3,-1
70,BSM,2002,113,39.8,10,6,3.3,-1
39,BSM,2002,113,39.8,10,6,3.3,-1
75,BSM,2002,113,39.8,10,6,3.3,-1
58,BSM,2002,113,39.8,10,6,3.3,-1
67,BSM,2002,113,39.8,10,6,3.3,-1
76,BSM,2002,113,39.8,10,6,3.3,-1
82,BSM,2002,113,39.8,10,6,3.3,-1
49,BSM,2002,113,39.8,10,6,3.3,-1
83,BSM,2002,113,39.8,10,6,3.3,-1
84,BSM,2002,113,39.8,10,6,3.3,-1
81,BSM,2002,113,39.8,10,6,3.3,-1
80,BSM,2002,113,39.8,10,6,3.3,-1
68,BSM,2002,113,39.8,10,6,3.3,-1
85,BSM,2002,113,39.8,10,6,3.3,-1
59,BSM,2002,113,39.8,10,6,3.3,-1
77,BSM,2002,113,39.8,10,6,3.3,-1
86,BSM,2002,113,39.8,10,6,3.3,-1
92,BSM,2002,113,39.8,10,6,3.3,-1
78,BSM,2002,113,39.8,10,6,3.3,-1
69,BSM,2002,113,39.8,10,6,3.3,-1
93,BSM,2002,113,39.8,10,6,3.3,-1
91,BSM,2002,113,39.8,10,6,3.3,-1
94,BSM,2002,113,39.8,10,6,3.3,-1
90,BSM,2002,113,39.8,10,6,3.3,-1
87,BSM,2002,113,39.8,10,6,3.3,-1
95,BSM,2002,113,39.8,10,6,3.3,-1
96,BSM,2002,113,39.8,10,6,3.3,-1
79,BSM,2002,113,39.8,10,6,3.3,-1
88,BSM,2002,113,39.8,10,6,3.3,-1
102,BSM,2002,113,39.8,10,6,3.3,-1
103,BSM,2002,113,39.8,10,6,3.3,-1
101,BSM,2002,113,39.8,10,6,3.3,-1
104,BSM,2002,113,39.8,10,6,3.3,-1
100,BSM,2002,113,39.8,10,6,3.3,-1
97,BSM,2002,113,39.8,10,6,3.3,-1
105,BSM,2002,113,39.8,10,6,3.3,-1
89,BSM,2002,113,39.8,10,6,3.3,-1
106,BSM,2002,113,39.8,10,6,3.3,-1
98,BSM,2002,113,39.8,10,6,3.3,-1
112,BSM,2002,113,39.8,10,6,3.3,-1
114,BSM,2002,113,39.8,10,6,3.3,-1
113,BSM,2002,113,39.8,10,6,3.3,-1
111,BSM,2002,113,39.8,10,6,3.3,-1
110,BSM,2002,113,39.8,10,6,3.3,-1
107,BSM,2002,113,39.8,10,6,3.3,-1
99,BSM,2002,113,39.8,10,6,3.3,-1
115,BSM,2002,113,39.8,10,6,3.3,-1
108,BSM,2002,113,39.8,10,6,3.3,-1
116,BSM,2002,113,39.8,10,6,3.3,-1
122,BSM,2002,113,39.8,10,6,3.3,-1
117,BSM,2002,113,39.8,10,6,3.3,-1
123,BSM,2002,113,39.8,10,6,3.3,-1
124,BSM,2002,113,39.8,10,6,3.3,-1
121,BSM,2002,113,39.8,10,6,3.3,-1
120,BSM,2002,113,39.8,10,6,3.3,-1
109,BSM,2002,113,39.8,10,6,3.3,-1
125,BSM,2002,113,39.8,10,6,3.3,-1
118,BSM,2002,113,39.8,10,6,3.3,-1
126,BSM,2002,113,39.8,10,6,3.3,-1
127,BSM,2002,113,39.8,10,6,3.3,-1
119,BSM,2002,113,39.8,10,6,3.3,-1
131,BSM,2002,113,39.8,10,6,3.3,-1
130,BSM,2002,113,39.8,10,6,3.3,-1
128,BSM,2002,113,39.8,10,6,3.3,-1
129,BSM,2002,113,39.8,10,6,3.3,-1
3,BSM,2003,123,49.8,10,6,3.3,-1
12,BSM,2003,123,49.8,10,6,3.3,-1
1,BSM,2003,123,49.8,10,6,3.3,-1
13,BSM,2003,123,49.8,10,6,3.3,-1
11,BSM,2003,123,49.8,10,6,3.3,-1
4,BSM,2003,123,49.8,10,6,3.3,-1
22,BSM,2003,123,49.8,10,6,3.3,-1
0,BSM,2003,123,49.8,10,6,3.3,-1
14,BSM,2003,123,49.8,10,6,3.3,-1
10,BSM,2003,123,49.8,10,6,3.3,-1
23,BSM,2003,123,49.8,10,6,3.3,-1
21,BSM,2003,123,49.8,10,6,3.3,-1
24,BSM,2003,123,49.8,10,6,3.3,-1
20,BSM,2003,123,49.8,10,6,3.3,-1
5,BSM,2003,123,49.8,10,6,3.3,-1
15,BSM,2003,123,49.8,10,6,3.3,-1
32,BSM,2003,123,49.8,10,6,3.3,-1
33,BSM,2003,123,49.8,10,6,3.3,-1
31,BSM,2003,123,49.8,10,6,3.3,-1
34,BSM,2003,123,49.8,10,6,3.3,-1
25,BSM,2003,123,49.8,10,6,3.3,-1
30,BSM,2003,123,49.8,10,6,3.3,-1
6,BSM,2003,123,49.8,10,6,3.3,-1
42,BSM,2003,123,49.8,10,6,3.3,-1
16,BSM,2003,123,49.8,10,6,3.3,-1
43,BSM,2003,123,49.8,10,6,3.3,-1
41,BSM,2003,123,49.8,10,6,3.3,-1
35,BSM,2003,123,49.8,10,6,3.3,-1
26,BSM,2003,123,49.8,10,6,3.3,-1
44,BSM,2003,123,49.8,10,6,3.3,-1
40,BSM,2003,123,49.8,10,6,3.3,-1
36,BSM,2003,123,49.8,10,6,3.3,-1
7,BSM,2003,123,49.8,10,6,3.3,-1
45,BSM,2003,123,49.8,10,6,3.3,-1
52,BSM,2003,123,49.8,10,6,3.3,-1
17,BSM,2003,123,49.8,10,6,3.3,-1
53,BSM,2003,123,49.8,10,6,3.3,-1
27,BSM,2003,123,49.8,10,6,3.3,-1
51,BSM,2003,123,49.8,10,6,3.3,-1
54,BSM,2003,123,49.8,10,6,3.3,-1
50,BSM,2003,123,49.8,10,6,3.3,-1
46,BSM,2003,123,49.8,10,6,3.3,-1
37,BSM,2003,123,49.8,10,6,3.3,-1
18,BSM,2003,123,49.8,10,6,3.3,-1
55,BSM,2003,123,49.8,10,6,3.3,-1
8,BSM,2003,123,49.8,10,6,3.3,-1
62,BSM,2003,123,49.8,10,6,3.3,-1
63,BSM,2003,123,49.8,10,6,3.3,-1
61,BSM,2003,123,49.8,10,6,3.3,-1
28,BSM,2003,123,49.8,10,6,3.3,-1
64,BSM,2003,123,49.8,10,6,3.3,-1
60,BSM,2003,123,49.8,10,6,3.3,-1
56,BSM,2003,123,49.8,10,6,3.3,-1
47,BSM,2003,123,49.8,10,6,3.3,-1
38,BSM,2003,123,49.8,10,6,3.3,-1
9,BSM,2003,123,49.8,10,6,3.3,-1
65,BSM,2003,123,49.8,10,6,3.3,-1
19,BSM,2003,123,49.8,10,6,3.3,-1
57,BSM,2003,123,49.8,10,6,3.3,-1
72,BSM,2003,123,49.8,10,6,3.3,-1
48,BSM,2003,123,49.8,10,6,3.3,-1
66,BSM,2003,123,49.8,10,6,3.3,-1
73,BSM,2003,123,49.8,10,6,3.3,-1
71,BSM,2003,123,49.8,10,6,3.3,-1
74,BSM,2003,123,49.8,10,6,3.3,-1
29,BSM,2003,123,49.8,10,6,3.3,-1
70,BSM,2003,123,49.8,10,6,3.3,-1
39,BSM,2003,123,49.8,10,6,3.3,-1
75,BSM,2003,123,49.8,10,6,3.3,-1
58,BSM,2003,123,49.8,10,6,3.3,-1
67,BSM,2003,123,49.8,10,6,3.3,-1
76,BSM,2003,123,49.8,10,6,3.3,-1
82,BSM,2003,123,49.8,10,6,3.3,-1
49,BSM,2003,123,49.8,10,6,3.3,-1
83,BSM,2003,123,49.8,10,6,3.3,-1
84,BSM,2003,123,49.8,10,6,3.3,-1
81,BSM,2003,123,49.8,10,6,3.3,-1
80,BSM,2003,123,49.8,10,6,3.3,-1
68,BSM,2003,123,49.8,10,6,3.3,-1
85,BSM,2003,123,49.8,10,6,3.3,-1
59,BSM,2003,123,49.8,10,6,3.3,-1
77,BSM,2003,123,49.8,10,6,3.3,-1
86,BSM,2003,123,49.8,10,6,3.3,-1
92,BSM,2003,123,49.8,10,6,3.3,-1
78,BSM,2003,123,49.8,10,6,3.3,-1
69,BSM,2003,123,49.8,10,6,3.3,-1
93,BSM,2003,123,49.8,10,6,3.3,-1
91,BSM,2003,123,49.8,10,6,3.3,-1
94,BSM,2003,123,49.8,10,6,3.3,-1
90,BSM,2003,123,49.8,10,6,3.3,-1
87,BSM,2003,123,49.8,10,6,3.3,-1
95,BSM,2003,123,49.8,10,6,3.3,-1
96,BSM,2003,123,49.8,10,6,3.3,-1
79,BSM,2003,123,49.8,10,6,3.3,-1
88,BSM,2003,123,49.8,10,6,3.3,-1
102,BSM,2003,123,49.8,10,6,3.3,-1
103,BSM,2003,123,49.8,10,6,3.3,-1
101,BSM,2003,123,49.8,10,6,3.3,-1
104,BSM,2003,123,49.8,10,6,3.3,-1
100,BSM,2003,123,49.8,10,6,3.3,-1
97,BSM,2003,123,49.8,10,6,3.3,-1
105,BSM,2003,123,49.8,10,6,3.3,-1
89,BSM,2003,123,49.8,10,6,3.3,-1
106,BSM,2003,123,49.8,10,6,3.3,-1
98,BSM,2003,123,49.8,10,6,3.3,-1
112,BSM,2003,123,49.8,10,6,3.3,-1
114,BSM,2003,123,49.8,10,6,3.3,-1
113,BSM,2003,123,49.8,10,6,3.3,-1
111,BSM,2003,123,49.8,10,6,3.3,-1
110,BSM,2003,123,49.8,10,6,3.3,-1
107,BSM,2003,123,49.8,10,6,3.3,-1
99,BSM,2003,123,49.8,10,6,3.3,-1
115,BSM,2003,123,49.8,10,6,3.3,-1
108,BSM,2003,123,49.8,10,6,3.3,-1
116,BSM,2003,123,49.8,10,6,3.3,-1
122,BSM,2003,123,49.8,10,6,3.3,-1
117,BSM,2003,123,49.8,10,6,3.3,-1
123,BSM,2003,123,49.8,10,6,3.3,-1
124,BSM,2003,123,49.8,10,6,3.3,-1
121,BSM,2003,123,49.8,10,6,3.3,-1
120,BSM,2003,123,49.8,10,6,3.3,-1
109,BSM,2003,123,49.8,10,6,3.3,-1
125,BSM,2003,123,49.8,10,6,3.3,-1
118,BSM,2003,123,49.8,10,6,3.3,-1
126,BSM,2003,123,49.8,10,6,3.3,-1
127,BSM,2003,123,49.8,10,6,3.3,-1
119,BSM,2003,123,49.8,10,6,3.3,-1
131,BSM,2003,123,49.8,10,6,3.3,-1
130,BSM,2003,123,49.8,10,6,3.3,-1
128,BSM,2003,123,49.8,10,6,3.3,-1
129,BSM,2003,123,49.8,10,6,3.3,-1
3,BSM,2004,133,59.8,10,6,3.3,-1
12,BSM,2004,133,59.8,10,6,3.3,-1
1,BSM,2004,133,59.8,10,6,3.3,-1
13,BSM,2004,133,59.8,10,6,3.3,-1
11,BSM,2004,133,59.8,10,6,3.3,-1
4,BSM,2004,133,59.8,10,6,3.3,-1
22,BSM,2004,133,59.8,10,6,3.3,-1
0,BSM,2004,133,59.8,10,6,3.3,-1
14,BSM,2004,133,59.8,10,6,3.3,-1
10,BSM,2004,133,59.8,10,6,3.3,-1
23,BSM,2004,133,59.8,10,6,3.3,-1
21,BSM,2004,133,59.8,10,6,3.3,-1
24,BSM,2004,133,59.8,10,6,3.3,-1
20,BSM,2004,133,59.8,10,6,3.3,-1
5,BSM,2004,133,59.8,10,6,3.3,-1
15,BSM,2004,133,59.8,10,6,3.3,-1
32,BSM,2004,133,59.8,10,6,3.3,-1
33,BSM,2004,133,59.8,10,6,3.3,-1
31,BSM,2004,133,59.8,10,6,3.3,-1
34,BSM,2004,133,59.8,10,6,3.3,-1
25,BSM,2004,133,59.8,10,6,3.3,-1
30,BSM,2004,133,59.8,10,6,3.3,-1
6,BSM,2004,133,59.8,10,6,3.3,-1
42,BSM,2004,133,59.8,10,6,3.3,-1
16,BSM,2004,133,59.8,10,6,3.3,-1
43,BSM,2004,133,59.8,10,6,3.3,-1
41,BSM,2004,133,59.8,10,6,3.3,-1
35,BSM,2004,133,59.8,10,6,3.3,-1
26,BSM,2004,133,59.8,10,6,3.3,-1
44,BSM,2004,133,59.8,10,6,3.3,-1
40,BSM,2004,133,59.8,10,6,3.3,-1
36,BSM,2004,133,59.8,10,6,3.3,-1
7,BSM,2004,133,59.8,10,6,3.3,-1
45,BSM,2004,133,59.8,10,6,3.3,-1
52,BSM,2004,133,59.8,10,6,3.3,-1
17,BSM,2004,133,59.8,10,6,3.3,-1
53,BSM,2004,133,59.8,10,6,3.3,-1
27,BSM,2004,133,59.8,10,6,3.3,-1
51,BSM,2004,133,59.8,10,6,3.3,-1
54,BSM,2004,133,59.8,10,6,3.3,-1
50,BSM,2004,133,59.8,10,6,3.3,-1
46,BSM,2004,133,59.8,10,6,3.3,-1
37,BSM,2004,133,59.8,10,6,3.3,-1
18,BSM,2004,133,59.8,10,6,3.3,-1
55,BSM,2004,133,59.8,10,6,3.3,-1
8,BSM,2004,133,59.8,10,6,3.3,-1
62,BSM,2004,133,59.8,10,6,3.3,-1
63,BSM,2004,133,59.8,10,6,3.3,-1
61,BSM,2004,133,59.8,10,6,3.3,-1
28,BSM,2004,133,59.8,10,6,3.3,-1
64,BSM,2004,133,59.8,10,6,3.3,-1
60,BSM,2004,133,59.8,10,6,3.3,-1
56,BSM,2004,133,59.8,10,6,3.3,-1
47,BSM,2004,133,59.8,10,6,3.3,-1
38,BSM,2004,133,59.8,10,6,3.3,-1
9,BSM,2004,133,59.8,10,6,3.3,-1
65,BSM,2004,133,59.8,10,6,3.3,-1
19,BSM,2004,133,59.8,10,6,3.3,-1
57,BSM,2004,133,59.8,10,6,3.3,-1
72,BSM,2004,133,59.8,10,6,3.3,-1
48,BSM,2004,133,59.8,10,6,3.3,-1
66,BSM,2004,133,59.8,10,6,3.3,-1
73,BSM,2004,133,59.8,10,6,3.3,-1
71,BSM,2004,133,59.8,10,6,3.3,-1
74,BSM,2004,133,59.8,10,6,3.3,-1
29,BSM,2004,133,59.8,10,6,3.3,-1
70,BSM,2004,133,59.8,10,6,3.3,-1
39,BSM,2004,133,59.8,10,6,3.3,-1
75,BSM,2004,133,59.8,10,6,3.3,-1
58,BSM,2004,133,59.8,10,6,3.3,-1
67,BSM,2004,133,59.8,10,6,3.3,-1
76,BSM,2004,133,59.8,10,6,3.3,-1
82,BSM,2004,133,59.8,10,6,3.3,-1
49,BSM,2004,133,59.8,10,6,3.3,-1
83,BSM,2004,133,59.8,10,6,3.3,-1
84,BSM,2004,133,59.8,10,6,3.3,-1
81,BSM,2004,133,59.8,10,6,3.3,-1
80,BSM,2004,133,59.8,10,6,3.3,-1
68,BSM,2004,133,59.8,10,6,3.3,-1
85,BSM,2004,133,59.8,10,6,3.3,-1
59,BSM,2004,133,59.8,10,6,3.3,-1
77,BSM,2004,133,59.8,10,6,3.3,-1
86,BSM,2004,133,59.8,10,6,3.3,-1
92,BSM,2004,133,59.8,10,6,3.3,-1
78,BSM,2004,133,59.8,10,6,3.3,-1
69,BSM,2004,133,59.8,10,6,3.3,-1
93,BSM,2004,133,59.8,10,6,3.3,-1
91,BSM,2004,133,59.8,10,6,3.3,-1
94,BSM,2004,133,59.8,10,6,3.3,-1
90,BSM,2004,133,59.8,10,6,3.3,-1
87,BSM,2004,133,59.8,10,6,3.3,-1
95,BSM,2004,133,59.8,10,6,3.3,-1
96,BSM,2004,133,59.8,10,6,3.3,-1
79,BSM,2004,133,59.8,10,6,3.3,-1
88,BSM,2004,133,59.8,10,6,3.3,-1
102,BSM,2004,133,59.8,10,6,3.3,-1
103,BSM,2004,133,59.8,10,6,3.3,-1
101,BSM,2004,133,59.8,10,6,3.3,-1
104,BSM,2004,133,59.8,10,6,3.3,-1
100,BSM,2004,133,59.8,10,6,3.3,-1
97,BSM,2004,133,59.8,10,6,3.3,-1
105,BSM,2004,133,59.8,10,6,3.3,-1
89,BSM,2004,133,59.8,10,6,3.3,-1
106,BSM,2004,133,59.8,10,6,3.3,-1
98,BSM,2004,133,59.8,10,6,3.3,-1
112,BSM,2004,133,59.8,10,6,3.3,-1
114,BSM,2004,133,59.8,10,6,3.3,-1
113,BSM,2004,133,59.8,10,6,3.3,-1
111,BSM,2004,133,59.8,10,6,3.3,-1
110,BSM,2004,133,59.8,10,6,3.3,-1
107,BSM,2004,133,59.8,10,6,3.3,-1
99,BSM,2004,133,59.8,10,6,3.3,-1
115,BSM,2004,133,59.8,10,6,3.3,-1
108,BSM,2004,133,59.8,10,6,3.3,-1
116,BSM,2004,133,59.8,10,6,3.3,-1
122,BSM,2004,133,59.8,10,6,3.3,-1
117,BSM,2004,133,59.8,10,6,3.3,-1
123,BSM,2004,133,59.8,10,6,3.3,-1
124,BSM,2004,133,59.8,10,6,3.3,-1
121,BSM,2004,133,59.8,10,6,3.3,-1
120,BSM,2004,133,59.8,10,6,3.3,-1
109,BSM,2004,133,59.8,10,6,3.3,-1
125,BSM,2004,133,59.8,10,6,3.3,-1
118,BSM,2004,133,59.8,10,6,3.3,-1
126,BSM,2004,133,59.8,10,6,3.3,-1
127,BSM,2004,133,59.8,10,6,3.3,-1
119,BSM,2004,133,59.8,10,6,3.3,-1
131,BSM,2004,133,59.8,10,6,3.3,-1
130,BSM,2004,133,59.8,10,6,3.3,-1
128,BSM,2004,133,59.8,10,6,3.3,-1
129,BSM,2004,133,59.8,10,6,3.3,-1
3,BSM,2005,143,69.8,10,6,3.3,-1
12,BSM,2005,143,69.8,10,6,3.3,-1
1,BSM,2005,143,69.8,10,6,3.3,-1
13,BSM,2005,143,69.8,10,6,3.3,-1
11,BSM,2005,143,69.8,10,6,3.3,-1
4,BSM,2005,143,69.8,10,6,3.3,-1
22,BSM,2005,143,69.8,10,6,3.3,-1
0,BSM,2005,143,69.8,10,6,3.3,-1
14,BSM,2005,143,69.8,10,6,3.3,-1
10,BSM,2005,143,69.8,10,6,3.3,-1
23,BSM,2005,143,69.8,10,6,3.3,-1
21,BSM,2005,143,69.8,10,6,3.3,-1
24,BSM,2005,143,69.8,10,6,3.3,-1
20,BSM,2005,143,69.8,10,6,3.3,-1
5,BSM,2005,143,69.8,10,6,3.3,-1
15,BSM,2005,143,69.8,10,6,3.3,-1
32,BSM,2005,143,69.8,10,6,3.3,-1
33,BSM,2005,143,69.8,10,6,3.3,-1
31,BSM,2005,143,69.8,10,6,3.3,-1
34,BSM,2005,143,69.8,10,6,3.3,-1
25,BSM,2005,143,69.8,10,6,3.3,-1
30,BSM,2005,143,69.8,10,6,3.3,-1
6,BSM,2005,143,69.8,10,6,3.3,-1
42,BSM,2005,143,69.8,10,6,3.3,-1
16,BSM,2005,143,69.8,10,6,3.3,-1
43,BSM,2005,143,69.8,10,6,3.3,-1
41,BSM,2005,143,69.8,10,6,3.3,-1
35,BSM,2005,143,69.8,10,6,3.3,-1
26,BSM,2005,143,69.8,10,6,3.3,-1
44,BSM,2005,143,69.8,10,6,3.3,-1
40,BSM,2005,143,69.8,10,6,3.3,-1
36,BSM,2005,143,69.8,10,6,3.3,-1
7,BSM,2005,143,69.8,10,6,3.3,-1
45,BSM,2005,143,69.8,10,6,3.3,-1
52,BSM,2005,143,69.8,10,6,3.3,-1
17,BSM,2005,143,69.8,10,6,3.3,-1
53,BSM,2005,143,69.8,10,6,3.3,-1
27,BSM,2005,143,69.8,10,6,3.3,-1
51,BSM,2005,143,69.8,10,6,3.3,-1
54,BSM,2005,143,69.8,10,6,3.3,-1
50,BSM,2005,143,69.8,10,6,3.3,-1
46,BSM,2005,143,69.8,10,6,3.3,-1
37,BSM,2005,143,69.8,10,6,3.3,-1
18,BSM,2005,143,69.8,10,6,3.3,-1
55,BSM,2005,143,69.8,10,6,3.3,-1
8,BSM,2005,143,69.8,10,6,3.3,-1
62,BSM,2005,143,69.8,10,6,3.3,-1
63,BSM,2005,143,69.8,10,6,3.3,-1
61,BSM,2005,143,69.8,10,6,3.3,-1
28,BSM,2005,143,69.8,10,6,3.3,-1
64,BSM,2005,143,69.8,10,6,3.3,-1
60,BSM,2005,143,69.8,10,6,3.3,-1
56,BSM,2005,143,69.8,10,6,3.3,-1
47,BSM,2005,143,69.8,10,6,3.3,-1
38,BSM,2005,143,69.8,10,6,3.3,-1
9,BSM,2005,143,69.8,10,6,3.3,-1
65,BSM,2005,143,69.8,10,6,3.3,-1
19,BSM,2005,143,69.8,10,6,3.3,-1
57,BSM,2005,143,69.8,10,6,3.3,-1
72,BSM,2005,143,69.8,10,6,3.3,-1
48,BSM,2005,143,69.8,10,6,3.3,-1
66,BSM,2005,143,69.8,10,6,3.3,-1
73,BSM,2005,143,69.8,10,6,3.3,-1
71,BSM,2005,143,69.8,10,6,3.3,-1
74,BSM,2005,143,69.8,10,6,3.3,-1
29,BSM,2005,143,69.8,10,6,3.3,-1
70,BSM,2005,143,69.8,10,6,3.3,-1
39,BSM,2005,143,69.8,10,6,3.3,-1
75,BSM,2005,143,69.8,10,6,3.3,-1
58,BSM,2005,143,69.8,10,6,3.3,-1
67,BSM,2005,143,69.8,10,6,3.3,-1
76,BSM,2005,143,69.8,10,6,3.3,-1
82,BSM,2005,143,69.8,10,6,3.3,-1
49,BSM,2005,143,69.8,10,6,3.3,-1
83,BSM,2005,143,69.8,10,6,3.3,-1
84,BSM,2005,143,69.8,10,6,3.3,-1
81,BSM,2005,143,69.8,10,6,3.3,-1
80,BSM,2005,143,69.8,10,6,3.3,-1
68,BSM,2005,143,69.8,10,6,3.3,-1
85,BSM,2005,143,69.8,10,6,3.3,-1
59,BSM,2005,143,69.8,10,6,3.3,-1
77,BSM,2005,143,69.8,10,6,3.3,-1
86,BSM,2005,143,69.8,10,6,3.3,-1
92,BSM,2005,143,69.8,10,6,3.3,-1
78,BSM,2005,143,69.8,10,6,3.3,-1
69,BSM,2005,143,69.8,10,6,3.3,-1
93,BSM,2005,143,69.8,10,6,3.3,-1
91,BSM,2005,143,69.8,10,6,3.3,-1
94,BSM,2005,143,69.8,10,6,3.3,-1
90,BSM,2005,143,69.8,10,6,3.3,-1
87,BSM,2005,143,69.8,10,6,3.3,-1
95,BSM,2005,143,69.8,10,6,3.3,-1
96,BSM,2005,143,69.8,10,6,3.3,-1
79,BSM,2005,143,69.8,10,6,3.3,-1
88,BSM,2005,143,69.8,10,6,3.3,-1
102,BSM,2005,143,69.8,10,6,3.3,-1
103,BSM,2005,143,69.8,10,6,3.3,-1
101,BSM,2005,143,69.8,10,6,3.3,-1
104,BSM,2005,143,69.8,10,6,3.3,-1
100,BSM,2005,143,69.8,10,6,3.3,-1
97,BSM,2005,143,69.8,10,6,3.3,-1
105,BSM,2005,143,69.8,10,6,3.3,-1
89,BSM,2005,143,69.8,10,6,3.3,-1
106,BSM,2005,143,69.8,10,6,3.3,-1
98,BSM,2005,143,69.8,10,6,3.3,-1
112,BSM,2005,143,69.8,10,6,3.3,-1
114,BSM,2005,143,69.8,10,6,3.3,-1
113,BSM,2005,143,69.8,10,6,3.3,-1
111,BSM,2005,143,69.8,10,6,3.3,-1
110,BSM,2005,143,69.8,10,6,3.3,-1
107,BSM,2005,143,69.8,10,6,3.3,-1
99,BSM,2005,143,69.8,10,6,3.3,-1
115,BSM,2005,143,69.8,10,6,3.3,-1
108,BSM,2005,143,69.8,10,6,3.3,-1
116,BSM,2005,143,69.8,10,6,3.3,-1
122,BSM,2005,143,69.8,10,6,3.3,-1
117,BSM,2005,143,69.8,10,6,3.3,-1
123,BSM,2005,143,69.8,10,6,3.3,-1
124,BSM,2005,143,69.8,10,6,3.3,-1
121,BSM,2005,143,69.8,10,6,3.3,-1
120,BSM,2005,143,69.8,10,6,3.3,-1
109,BSM,2005,143,69.8,10,6,3.3,-1
125,BSM,2005,143,69.8,10,6,3.3,-1
118,BSM,2005,143,69.8,10,6,3.3,-1
126,BSM,2005,143,69.8,10,6,3.3,-1
127,BSM,2005,143,69.8,10,6,3.3,-1
119,BSM,2005,143,69.8,10,6,3.3,-1
131,BSM,2005,143,69.8,10,6,3.3,-1
130,BSM,2005,143,69.8,10,6,3.3,-1
128,BSM,2005,143,69.8,10,6,3.3,-1
129,BSM,2005,143,69.8,10,6,3.3,-1
3,BSM,2002,114,40.4,10,6,3.4,-1
12,BSM,2002,114,40.4,10,6,3.4,-1
1,BSM,2002,114,40.4,10,6,3.4,-1
13,BSM,2002,114,40.4,10,6,3.4,-1
11,BSM,2002,114,40.4,10,6,3.4,-1
4,BSM,2002,114,40.4,10,6,3.4,-1
22,BSM,2002,114,40.4,10,6,3.4,-1
0,BSM,2002,114,40.4,10,6,3.4,-1
14,BSM,2002,114,40.4,10,6,3.4,-1
10,BSM,2002,114,40.4,10,6,3.4,-1
23,BSM,2002,114,40.4,10,6,3.4,-1
21,BSM,2002,114,40.4,10,6,3.4,-1
24,BSM,2002,114,40.4,10,6,3.4,-1
20,BSM,2002,114,40.4,10,6,3.4,-1
15,BSM,2002,114,40.4,10,6,3.4,-1
5,BSM,2002,114,40.4,10,6,3.4,-1
32,BSM,2002,114,40.4,10,6,3.4,-1
33,BSM,2002,114,40.4,10,6,3.4,-1
31,BSM,2002,114,40.4,10,6,3.4,-1
34,BSM,2002,114,40.4,10,6,3.4,-1
25,BSM,2002,114,40.4,10,6,3.4,-1
30,BSM,2002,114,40.4,10,6,3.4,-1
6,BSM,2002,114,40.4,10,6,3.4,-1
42,BSM,2002,114,40.4,10,6,3.4,-1
16,BSM,2002,114,40.4,10,6,3.4,-1
43,BSM,2002,114,40.4,10,6,3.4,-1
41,BSM,2002,114,40.4,10,6,3.4,-1
35,BSM,2002,114,40.4,10,6,3.4,-1
26,BSM,2002,114,40.4,10,6,3.4,-1
44,BSM,2002,114,40.4,10,6,3.4,-1
40,BSM,2002,114,40.4,10,6,3.4,-1
36,BSM,2002,114,40.4,10,6,3.4,-1
7,BSM,2002,114,40.4,10,6,3.4,-1
45,BSM,2002,114,40.4,10,6,3.4,-1
52,BSM,2002,114,40.4,10,6,3.4,-1
17,BSM,2002,114,40.4,10,6,3.4,-1
53,BSM,2002,114,40.4,10,6,3.4,-1
27,BSM,2002,114,40.4,10,6,3.4,-1
51,BSM,2002,114,40.4,10,6,3.4,-1
54,BSM,2002,114,40.4,10,6,3.4,-1
50,BSM,2002,114,40.4,10,6,3.4,-1
46,BSM,2002,114,40.4,10,6,3.4,-1
37,BSM,2002,114,40.4,10,6,3.4,-1
18,BSM,2002,114,40.4,10,6,3.4,-1
55,BSM,2002,114,40.4,10,6,3.4,-1
8,BSM,2002,114,40.4,10,6,3.4,-1
62,BSM,2002,114,40.4,10,6,3.4,-1
63,BSM,2002,114,40.4,10,6,3.4,-1
28,BSM,2002,114,40.4,10,6,3.4,-1
61,BSM,2002,114,40.4,10,6,3.4,-1
64,BSM,2002,114,40.4,10,6,3.4,-1
60,BSM,2002,114,40.4,10,6,3.4,-1
56,BSM,2002,114,40.4,10,6,3.4,-1
47,BSM,2002,114,40.4,10,6,3.4,-1
38,BSM,2002,114,40.4,10,6,3.4,-1
9,BSM,2002,114,40.4,10,6,3.4,-1
65,BSM,2002,114,40.4,10,6,3.4,-1
19,BSM,2002,114,40.4,10,6,3.4,-1
57,BSM,2002,114,40.4,10,6,3.4,-1
72,BSM,2002,114,40.4,10,6,3.4,-1
48,BSM,2002,114,40.4,10,6,3.4,-1
66,BSM,2002,114,40.4,10,6,3.4,-1
73,BSM,2002,114,40.4,10,6,3.4,-1
71,BSM,2002,114,40.4,10,6,3.4,-1
74,BSM,2002,114,40.4,10,6,3.4,-1
29,BSM,2002,114,40.4,10,6,3.4,-1
70,BSM,2002,114,40.4,10,6,3.4,-1
39,BSM,2002,114,40.4,10,6,3.4,-1
75,BSM,2002,114,40.4,10,6,3.4,-1
58,BSM,2002,114,40.4,10,6,3.4,-1
67,BSM,2002,114,40.4,10,6,3.4,-1
76,BSM,2002,114,40.4,10,6,3.4,-1
82,BSM,2002,114,40.4,10,6,3.4,-1
49,BSM,2002,114,40.4,10,6,3.4,-1
83,BSM,2002,114,40.4,10,6,3.4,-1
84,BSM,2002,114,40.4,10,6,3.4,-1
81,BSM,2002,114,40.4,10,6,3.4,-1
80,BSM,2002,114,40.4,10,6,3.4,-1
68,BSM,2002,114,40.4,10,6,3.4,-1
85,BSM,2002,114,40.4,10,6,3.4,-1
59,BSM,2002,114,40.4,10,6,3.4,-1
77,BSM,2002,114,40.4,10,6,3.4,-1
86,BSM,2002,114,40.4,10,6,3.4,-1
92,BSM,2002,114,40.4,10,6,3.4,-1
78,BSM,2002,114,40.4,10,6,3.4,-1
69,BSM,2002,114,40.4,10,6,3.4,-1
93,BSM,2002,114,40.4,10,6,3.4,-1
91,BSM,2002,114,40.4,10,6,3.4,-1
94,BSM,2002,114,40.4,10,6,3.4,-1
90,BSM,2002,114,40.4,10,6,3.4,-1
87,BSM,2002,114,40.4,10,6,3.4,-1
95,BSM,2002,114,40.4,10,6,3.4,-1
96,BSM,2002,114,40.4,10,6,3.4,-1
79,BSM,2002,114,40.4,10,6,3.4,-1
88,BSM,2002,114,40.4,10,6,3.4,-1
102,BSM,2002,114,40.4,10,6,3.4,-1
103,BSM,2002,114,40.4,10,6,3.4,-1
101,BSM,2002,114,40.4,10,6,3.4,-1
104,BSM,2002,114,40.4,10,6,3.4,-1
100,BSM,2002,114,40.4,10,6,3.4,-1
97,BSM,2002,114,40.4,10,6,3.4,-1
105,BSM,2002,114,40.4,10,6,3.4,-1
89,BSM,2002,114,40.4,10,6,3.4,-1
106,BSM,2002,114,40.4,10,6,3.4,-1
98,BSM,2002,114,40.4,10,6,3.4,-1
112,BSM,2002,114,40.4,10,6,3.4,-1
114,BSM,2002,114,40.4,10,6,3.4,-1
113,BSM,2002,114,40.4,10,6,3.4,-1
110,BSM,2002,114,40.4,10,6,3.4,-1
111,BSM,2002,114,40.4,10,6,3.4,-1
107,BSM,2002,114,40.4,10,6,3.4,-1
99,BSM,2002,114,40.4,10,6,3.4,-1
115,BSM,2002,114,40.4,10,6,3.4,-1
108,BSM,2002,114,40.4,10,6,3.4,-1
116,BSM,2002,114,40.4,10,6,3.4,-1
122,BSM,2002,114,40.4,10,6,3.4,-1
117,BSM,2002,114,40.4,10,6,3.4,-1
123,BSM,2002,114,40.4,10,6,3.4,-1
124,BSM,2002,114,40.4,10,6,3.4,-1
121,BSM,2002,114,40.4,10,6,3.4,-1
120,BSM,2002,114,40.4,10,6,3.4,-1
109,BSM,2002,114,40.4,10,6,3.4,-1
118,BSM,2002,114,40.4,10,6,3.4,-1
125,BSM,2002,114,40.4,10,6,3.4,-1
126,BSM,2002,114,40.4,10,6,3.4,-1
127,BSM,2002,114,40.4,10,6,3.4,-1
119,BSM,2002,114,40.4,10,6,3.4,-1
131,BSM,2002,114,40.4,10,6,3.4,-1
130,BSM,2002,114,40.4,10,6,3.4,-1
128,BSM,2002,114,40.4,10,6,3.4,-1
129,BSM,2002,114,40.4,10,6,3.4,-1
3,BSM,2003,124,50.4,10,6,3.4,-1
12,BSM,2003,124,50.4,10,6,3.4,-1
1,BSM,2003,124,50.4,10,6,3.4,-1
13,BSM,2003,124,50.4,10,6,3.4,-1
11,BSM,2003,124,50.4,10,6,3.4,-1
4,BSM,2003,124,50.4,10,6,3.4,-1
22,BSM,2003,124,50.4,10,6,3.4,-1
0,BSM,2003,124,50.4,10,6,3.4,-1
14,BSM,2003,124,50.4,10,6,3.4,-1
10,BSM,2003,124,50.4,10,6,3.4,-1
23,BSM,2003,124,50.4,10,6,3.4,-1
21,BSM,2003,124,50.4,10,6,3.4,-1
24,BSM,2003,124,50.4,10,6,3.4,-1
20,BSM,2003,124,50.4,10,6,3.4,-1
15,BSM,2003,124,50.4,10,6,3.4,-1
5,BSM,2003,124,50.4,10,6,3.4,-1
32,BSM,2003,124,50.4,10,6,3.4,-1
33,BSM,2003,124,50.4,10,6,3.4,-1
31,BSM,2003,124,50.4,10,6,3.4,-1
34,BSM,2003,124,50.4,10,6,3.4,-1
25,BSM,2003,124,50.4,10,6,3.4,-1
30,BSM,2003,124,50.4,10,6,3.4,-1
6,BSM,2003,124,50.4,10,6,3.4,-1
42,BSM,2003,124,50.4,10,6,3.4,-1
16,BSM,2003,124,50.4,10,6,3.4,-1
43,BSM,2003,124,50.4,10,6,3.4,-1
41,BSM,2003,124,50.4,10,6,3.4,-1
35,BSM,2003,124,50.4,10,6,3.4,-1
26,BSM,2003,124,50.4,10,6,3.4,-1
44,BSM,2003,124,50.4,10,6,3.4,-1
40,BSM,2003,124,50.4,10,6,3.4,-1
36,BSM,2003,124,50.4,10,6,3.4,-1
7,BSM,2003,124,50.4,10,6,3.4,-1
45,BSM,2003,124,50.4,10,6,3.4,-1
52,BSM,2003,124,50.4,10,6,3.4,-1
17,BSM,2003,124,50.4,10,6,3.4,-1
53,BSM,2003,124,50.4,10,6,3.4,-1
27,BSM,2003,124,50.4,10,6,3.4,-1
51,BSM,2003,124,50.4,10,6,3.4,-1
54,BSM,2003,124,50.4,10,6,3.4,-1
50,BSM,2003,124,50.4,10,6,3.4,-1
46,BSM,2003,124,50.4,10,6,3.4,-1
37,BSM,2003,124,50.4,10,6,3.4,-1
18,BSM,2003,124,50.4,10,6,3.4,-1
55,BSM,2003,124,50.4,10,6,3.4,-1
8,BSM,2003,124,50.4,10,6,3.4,-1
62,BSM,2003,124,50.4,10,6,3.4,-1
63,BSM,2003,124,50.4,10,6,3.4,-1
28,BSM,2003,124,50.4,10,6,3.4,-1
61,BSM,2003,124,50.4,10,6,3.4,-1
64,BSM,2003,124,50.4,10,6,3.4,-1
60,BSM,2003,124,50.4,10,6,3.4,-1
56,BSM,2003,124,50.4,10,6,3.4,-1
47,BSM,2003,124,50.4,10,6,3.4,-1
38,BSM,2003,124,50.4,10,6,3.4,-1
9,BSM,2003,124,50.4,10,6,3.4,-1
65,BSM,2003,124,50.4,10,6,3.4,-1
19,BSM,2003,124,50.4,10,6,3.4,-1
57,BSM,2003,124,50.4,10,6,3.4,-1
72,BSM,2003,124,50.4,10,6,3.4,-1
48,BSM,2003,124,50.4,10,6,3.4,-1
66,BSM,2003,124,50.4,10,6,3.4,-1
73,BSM,2003,124,50.4,10,6,3.4,-1
71,BSM,2003,124,50.4,10,6,3.4,-1
74,BSM,2003,124,50.4,10,6,3.4,-1
29,BSM,2003,124,50.4,10,6,3.4,-1
70,BSM,2003,124,50.4,10,6,3.4,-1
39,BSM,2003,124,50.4,10,6,3.4,-1
75,BSM,2003,124,50.4,10,6,3.4,-1
58,BSM,2003,124,50.4,10,6,3.4,-1
67,BSM,2003,124,50.4,10,6,3.4,-1
76,BSM,2003,124,50.4,10,6,3.4,-1
82,BSM,2003,124,50.4,10,6,3.4,-1
49,BSM,2003,124,50.4,10,6,3.4,-1
83,BSM,2003,124,50.4,10,6,3.4,-1
84,BSM,2003,124,50.4,10,6,3.4,-1
81,BSM,2003,124,50.4,10,6,3.4,-1
80,BSM,2003,124,50.4,10,6,3.4,-1
68,BSM,2003,124,50.4,10,6,3.4,-1
85,BSM,2003,124,50.4,10,6,3.4,-1
59,BSM,2003,124,50.4,10,6,3.4,-1
77,BSM,2003,124,50.4,10,6,3.4,-1
86,BSM,2003,124,50.4,10,6,3.4,-1
92,BSM,2003,124,50.4,10,6,3.4,-1
78,BSM,2003,124,50.4,10,6,3.4,-1
69,BSM,2003,124,50.4,10,6,3.4,-1
93,BSM,2003,124,50.4,10,6,3.4,-1
91,BSM,2003,124,50.4,10,6,3.4,-1
94,BSM,2003,124,50.4,10,6,3.4,-1
90,BSM,2003,124,50.4,10,6,3.4,-1
87,BSM,2003,124,50.4,10,6,3.4,-1
95,BSM,2003,124,50.4,10,6,3.4,-1
96,BSM,2003,124,50.4,10,6,3.4,-1
79,BSM,2003,124,50.4,10,6,3.4,-1
88,BSM,2003,124,50.4,10,6,3.4,-1
102,BSM,2003,124,50.4,10,6,3.4,-1
103,BSM,2003,124,50.4,10,6,3.4,-1
101,BSM,2003,124,50.4,10,6,3.4,-1
104,BSM,2003,124,50.4,10,6,3.4,-1
100,BSM,2003,124,50.4,10,6,3.4,-1
97,BSM,2003,124,50.4,10,6,3.4,-1
105,BSM,2003,124,50.4,10,6,3.4,-1
89,BSM,2003,124,50.4,10,6,3.4,-1
106,BSM,2003,124,50.4,10,6,3.4,-1
98,BSM,2003,124,50.4,10,6,3.4,-1
112,BSM,2003,124,50.4,10,6,3.4,-1
114,BSM,2003,124,50.4,10,6,3.4,-1
113,BSM,2003,124,50.4,10,6,3.4,-1
110,BSM,2003,124,50.4,10,6,3.4,-1
111,BSM,2003,124,50.4,10,6,3.4,-1
107,BSM,2003,124,50.4,10,6,3.4,-1
99,BSM,2003,124,50.4,10,6,3.4,-1
115,BSM,2003,124,50.4,10,6,3.4,-1
108,BSM,2003,124,50.4,10,6,3.4,-1
116,BSM,2003,124,50.4,10,6,3.4,-1
122,BSM,2003,124,50.4,10,6,3.4,-1
117,BSM,2003,124,50.4,10,6,3.4,-1
123,BSM,2003,124,50.4,10,6,3.4,-1
124,BSM,2003,124,50.4,10,6,3.4,-1
121,BSM,2003,124,50.4,10,6,3.4,-1
120,BSM,2003,124,50.4,10,6,3.4,-1
109,BSM,2003,124,50.4,10,6,3.4,-1
118,BSM,2003,124,50.4,10,6,3.4,-1
125,BSM,2003,124,50.4,10,6,3.4,-1
126,BSM,2003,124,50.4,10,6,3.4,-1
127,BSM,2003,124,50.4,10,6,3.4,-1
119,BSM,2003,124,50.4,10,6,3.4,-1
131,BSM,2003,124,50.4,10,6,3.4,-1
130,BSM,2003,124,50.4,10,6,3.4,-1
128,BSM,2003,124,50.4,10,6,3.4,-1
129,BSM,2003,124,50.4,10,6,3.4,-1
3,BSM,2004,134,60.4,10,6,3.4,-1
12,BSM,2004,134,60.4,10,6,3.4,-1
1,BSM,2004,134,60.4,10,6,3.4,-1
13,BSM,2004,134,60.4,10,6,3.4,-1
11,BSM,2004,134,60.4,10,6,3.4,-1
4,BSM,2004,134,60.4,10,6,3.4,-1
22,BSM,2004,134,60.4,10,6,3.4,-1
0,BSM,2004,134,60.4,10,6,3.4,-1
14,BSM,2004,134,60.4,10,6,3.4,-1
10,BSM,2004,134,60.4,10,6,3.4,-1
23,BSM,2004,134,60.4,10,6,3.4,-1
21,BSM,2004,134,60.4,10,6,3.4,-1
24,BSM,2004,134,60.4,10,6,3.4,-1
20,BSM,2004,134,60.4,10,6,3.4,-1
15,BSM,2004,134,60.4,10,6,3.4,-1
5,BSM,2004,134,60.4,10,6,3.4,-1
32,BSM,2004,134,60.4,10,6,3.4,-1
33,BSM,2004,134,60.4,10,6,3.4,-1
31,BSM,2004,134,60.4,10,6,3.4,-1
34,BSM,2004,134,60.4,10,6,3.4,-1
25,BSM,2004,134,60.4,10,6,3.4,-1
30,BSM,2004,134,60.4,10,6,3.4,-1
6,BSM,2004,134,60.4,10,6,3.4,-1
42,BSM,2004,134,60.4,10,6,3.4,-1
16,BSM,2004,134,60.4,10,6,3.4,-1
43,BSM,2004,134,60.4,10,6,3.4,-1
41,BSM,2004,134,60.4,10,6,3.4,-1
35,BSM,2004,134,60.4,10,6,3.4,-1
26,BSM,2004,134,60.4,10,6,3.4,-1
44,BSM,2004,134,60.4,10,6,3.4,-1
40,BSM,2004,134,60.4,10,6,3.4,-1
36,BSM,2004,134,60.4,10,6,3.4,-1
7,BSM,2004,134,60.4,10,6,3.4,-1
45,BSM,2004,134,60.4,10,6,3.4,-1
52,BSM,2004,134,60.4,10,6,3.4,-1
17,BSM,2004,134,60.4,10,6,3.4,-1
53,BSM,2004,134,60.4,10,6,3.4,-1
27,BSM,2004,134,60.4,10,6,3.4,-1
51,BSM,2004,134,60.4,10,6,3.4,-1
54,BSM,2004,134,60.4,10,6,3.4,-1
50,BSM,2004,134,60.4,10,6,3.4,-1
46,BSM,2004,134,60.4,10,6,3.4,-1
37,BSM,2004,134,60.4,10,6,3.4,-1
18,BSM,2004,134,60.4,10,6,3.4,-1
55,BSM,2004,134,60.4,10,6,3.4,-1
8,BSM,2004,134,60.4,10,6,3.4,-1
62,BSM,2004,134,60.4,10,6,3.4,-1
63,BSM,2004,134,60.4,10,6,3.4,-1
28,BSM,2004,134,60.4,10,6,3.4,-1
61,BSM,2004,134,60.4,10,6,3.4,-1
64,BSM,2004,134,60.4,10,6,3.4,-1
60,BSM,2004,134,60.4,10,6,3.4,-1
56,BSM,2004,134,60.4,10,6,3.4,-1
47,BSM,2004,134,60.4,10,6,3.4,-1
38,BSM,2004,134,60.4,10,6,3.4,-1
9,BSM,2004,134,60.4,10,6,3.4,-1
65,BSM,2004,134,60.4,10,6,3.4,-1
19,BSM,2004,134,60.4,10,6,3.4,-1
57,BSM,2004,134,60.4,10,6,3.4,-1
72,BSM,2004,134,60.4,10,6,3.4,-1
48,BSM,2004,134,60.4,10,6,3.4,-1
66,BSM,2004,134,60.4,10,6,3.4,-1
73,BSM,2004,134,60.4,10,6,3.4,-1
71,BSM,2004,134,60.4,10,6,3.4,-1
74,BSM,2004,134,60.4,10,6,3.4,-1
29,BSM,2004,134,60.4,10,6,3.4,-1
70,BSM,2004,134,60.4,10,6,3.4,-1
39,BSM,2004,134,60.4,10,6,3.4,-1
75,BSM,2004,134,60.4,10,6,3.4,-1
58,BSM,2004,134,60.4,10,6,3.4,-1
67,BSM,2004,134,60.4,10,6,3.4,-1
76,BSM,2004,134,60.4,10,6,3.4,-1
82,BSM,2004,134,60.4,10,6,3.4,-1
49,BSM,2004,134,60.4,10,6,3.4,-1
83,BSM,2004,134,60.4,10,6,3.4,-1
84,BSM,2004,134,60.4,10,6,3.4,-1
81,BSM,2004,134,60.4,10,6,3.4,-1
80,BSM,2004,134,60.4,10,6,3.4,-1
68,BSM,2004,134,60.4,10,6,3.4,-1
85,BSM,2004,134,60.4,10,6,3.4,-1
59,BSM,2004,134,60.4,10,6,3.4,-1
77,BSM,2004,134,60.4,10,6,3.4,-1
86,BSM,2004,134,60.4,10,6,3.4,-1
92,BSM,2004,134,60.4,10,6,3.4,-1
78,BSM,2004,134,60.4,10,6,3.4,-1
69,BSM,2004,134,60.4,10,6,3.4,-1
93,BSM,2004,134,60.4,10,6,3.4,-1
91,BSM,2004,134,60.4,10,6,3.4,-1
94,BSM,2004,134,60.4,10,6,3.4,-1
90,BSM,2004,134,60.4,10,6,3.4,-1
87,BSM,2004,134,60.4,10,6,3.4,-1
95,BSM,2004,134,60.4,10,6,3.4,-1
96,BSM,2004,134,60.4,10,6,3.4,-1
79,BSM,2004,134,60.4,10,6,3.4,-1
88,BSM,2004,134,60.4,10,6,3.4,-1
102,BSM,2004,134,60.4,10,6,3.4,-1
103,BSM,2004,134,60.4,10,6,3.4,-1
101,BSM,2004,134,60.4,10,6,3.4,-1
104,BSM,2004,134,60.4,10,6,3.4,-1
100,BSM,2004,134,60.4,10,6,3.4,-1
97,BSM,2004,134,60.4,10,6,3.4,-1
105,BSM,2004,134,60.4,10,6,3.4,-1
89,BSM,2004,134,60.4,10,6,3.4,-1
106,BSM,2004,134,60.4,10,6,3.4,-1
98,BSM,2004,134,60.4,10,6,3.4,-1
112,BSM,2004,134,60.4,10,6,3.4,-1
114,BSM,2004,134,60.4,10,6,3.4,-1
113,BSM,2004,134,60.4,10,6,3.4,-1
110,BSM,2004,134,60.4,10,6,3.4,-1
111,BSM,2004,134,60.4,10,6,3.4,-1
107,BSM,2004,134,60.4,10,6,3.4,-1
99,BSM,2004,134,60.4,10,6,3.4,-1
115,BSM,2004,134,60.4,10,6,3.4,-1
108,BSM,2004,134,60.4,10,6,3.4,-1
116,BSM,2004,134,60.4,10,6,3.4,-1
122,BSM,2004,134,60.4,10,6,3.4,-1
117,BSM,2004,134,60.4,10,6,3.4,-1
123,BSM,2004,134,60.4,10,6,3.4,-1
124,BSM,2004,134,60.4,10,6,3.4,-1
121,BSM,2004,134,60.4,10,6,3.4,-1
120,BSM,2004,134,60.4,10,6,3.4,-1
109,BSM,2004,134,60.4,10,6,3.4,-1
118,BSM,2004,134,60.4,10,6,3.4,-1
125,BSM,2004,134,60.4,10,6,3.4,-1
126,BSM,2004,134,60.4,10,6,3.4,-1
127,BSM,2004,134,60.4,10,6,3.4,-1
119,BSM,2004,134,60.4,10,6,3.4,-1
131,BSM,2004,134,60.4,10,6,3.4,-1
130,BSM,2004,134,60.4,10,6,3.4,-1
128,BSM,2004,134,60.4,10,6,3.4,-1
129,BSM,2004,134,60.4,10,6,3.4,-1
3,BSM,2005,144,70.4,10,6,3.4,-1
12,BSM,2005,144,70.4,10,6,3.4,-1
1,BSM,2005,144,70.4,10,6,3.4,-1
13,BSM,2005,144,70.4,10,6,3.4,-1
11,BSM,2005,144,70.4,10,6,3.4,-1
4,BSM,2005,144,70.4,10,6,3.4,-1
22,BSM,2005,144,70.4,10,6,3.4,-1
0,BSM,2005,144,70.4,10,6,3.4,-1
14,BSM,2005,144,70.4,10,6,3.4,-1
10,BSM,2005,144,70.4,10,6,3.4,-1
23,BSM,2005,144,70.4,10,6,3.4,-1
21,BSM,2005,144,70.4,10,6,3.4,-1
24,BSM,2005,144,70.4,10,6,3.4,-1
20,BSM,2005,144,70.4,10,6,3.4,-1
15,BSM,2005,144,70.4,10,6,3.4,-1
5,BSM,2005,144,70.4,10,6,3.4,-1
32,BSM,2005,144,70.4,10,6,3.4,-1
33,BSM,2005,144,70.4,10,6,3.4,-1
31,BSM,2005,144,70.4,10,6,3.4,-1
34,BSM,2005,144,70.4,10,6,3.4,-1
25,BSM,2005,144,70.4,10,6,3.4,-1
30,BSM,2005,144,70.4,10,6,3.4,-1
6,BSM,2005,144,70.4,10,6,3.4,-1
42,BSM,2005,144,70.4,10,6,3.4,-1
16,BSM,2005,144,70.4,10,6,3.4,-1
43,BSM,2005,144,70.4,10,6,3.4,-1
41,BSM,2005,144,70.4,10,6,3.4,-1
35,BSM,2005,144,70.4,10,6,3.4,-1
26,BSM,2005,144,70.4,10,6,3.4,-1
44,BSM,2005,144,70.4,10,6,3.4,-1
40,BSM,2005,144,70.4,10,6,3.4,-1
36,BSM,2005,144,70.4,10,6,3.4,-1
7,BSM,2005,144,70.4,10,6,3.4,-1
45,BSM,2005,144,70.4,10,6,3.4,-1
52,BSM,2005,144,70.4,10,6,3.4,-1
17,BSM,2005,144,70.4,10,6,3.4,-1
53,BSM,2005,144,70.4,10,6,3.4,-1
27,BSM,2005,144,70.4,10,6,3.4,-1
51,BSM,2005,144,70.4,10,6,3.4,-1
54,BSM,2005,144,70.4,10,6,3.4,-1
50,BSM,2005,144,70.4,10,6,3.4,-1
46,BSM,2005,144,70.4,10,6,3.4,-1
37,BSM,2005,144,70.4,10,6,3.4,-1
18,BSM,2005,144,70.4,10,6,3.4,-1
55,BSM,2005,144,70.4,10,6,3.4,-1
8,BSM,2005,144,70.4,10,6,3.4,-1
62,BSM,2005,144,70.4,10,6,3.4,-1
63,BSM,2005,144,70.4,10,6,3.4,-1
28,BSM,2005,144,70.4,10,6,3.4,-1
61,BSM,2005,144,70.4,10,6,3.4,-1
64,BSM,2005,144,70.4,10,6,3.4,-1
60,BSM,2005,144,70.4,10,6,3.4,-1
56,BSM,2005,144,70.4,10,6,3.4,-1
47,BSM,2005,144,70.4,10,6,3.4,-1
38,BSM,2005,144,70.4,10,6,3.4,-1
9,BSM,2005,144,70.4,10,6,3.4,-1
65,BSM,2005,144,70.4,10,6,3.4,-1
19,BSM,2005,144,70.4,10,6,3.4,-1
57,BSM,2005,144,70.4,10,6,3.4,-1
72,BSM,2005,144,70.4,10,6,3.4,-1
48,BSM,2005,144,70.4,10,6,3.4,-1
66,BSM,2005,144,70.4,10,6,3.4,-1
73,BSM,2005,144,70.4,10,6,3.4,-1
71,BSM,2005,144,70.4,10,6,3.4,-1
74,BSM,2005,144,70.4,10,6,3.4,-1
29,BSM,2005,144,70.4,10,6,3.4,-1
70,BSM,2005,144,70.4,10,6,3.4,-1
39,BSM,2005,144,70.4,10,6,3.4,-1
75,BSM,2005,144,70.4,10,6,3.4,-1
58,BSM,2005,144,70.4,10,6,3.4,-1
67,BSM,2005,144,70.4,10,6,3.4,-1
76,BSM,2005,144,70.4,10,6,3.4,-1
82,BSM,2005,144,70.4,10,6,3.4,-1
49,BSM,2005,144,70.4,10,6,3.4,-1
83,BSM,2005,144,70.4,10,6,3.4,-1
84,BSM,2005,144,70.4,10,6,3.4,-1
81,BSM,2005,144,70.4,10,6,3.4,-1
80,BSM,2005,144,70.4,10,6,3.4,-1
68,BSM,2005,144,70.4,10,6,3.4,-1
85,BSM,2005,144,70.4,10,6,3.4,-1
59,BSM,2005,144,70.4,10,6,3.4,-1
77,BSM,2005,144,70.4,10,6,3.4,-1
86,BSM,2005,144,70.4,10,6,3.4,-1
92,BSM,2005,144,70.4,10,6,3.4,-1
78,BSM,2005,144,70.4,10,6,3.4,-1
69,BSM,2005,144,70.4,10,6,3.4,-1
93,BSM,2005,144,70.4,10,6,3.4,-1
91,BSM,2005,144,70.4,10,6,3.4,-1
94,BSM,2005,144,70.4,10,6,3.4,-1
90,BSM,2005,144,70.4,10,6,3.4,-1
87,BSM,2005,144,70.4,10,6,3.4,-1
95,BSM,2005,144,70.4,10,6,3.4,-1
96,BSM,2005,144,70.4,10,6,3.4,-1
79,BSM,2005,144,70.4,10,6,3.4,-1
88,BSM,2005,144,70.4,10,6,3.4,-1
102,BSM,2005,144,70.4,10,6,3.4,-1
103,BSM,2005,144,70.4,10,6,3.4,-1
101,BSM,2005,144,70.4,10,6,3.4,-1
104,BSM,2005,144,70.4,10,6,3.4,-1
100,BSM,2005,144,70.4,10,6,3.4,-1
97,BSM,2005,144,70.4,10,6,3.4,-1
105,BSM,2005,144,70.4,10,6,3.4,-1
89,BSM,2005,144,70.4,10,6,3.4,-1
106,BSM,2005,144,70.4,10,6,3.4,-1
98,BSM,2005,144,70.4,10,6,3.4,-1
112,BSM,2005,144,70.4,10,6,3.4,-1
114,BSM,2005,144,70.4,10,6,3.4,-1
113,BSM,2005,144,70.4,10,6,3.4,-1
110,BSM,2005,144,70.4,10,6,3.4,-1
111,BSM,2005,144,70.4,10,6,3.4,-1
107,BSM,2005,144,70.4,10,6,3.4,-1
99,BSM,2005,144,70.4,10,6,3.4,-1
115,BSM,2005,144,70.4,10,6,3.4,-1
108,BSM,2005,144,70.4,10,6,3.4,-1
116,BSM,2005,144,70.4,10,6,3.4,-1
122,BSM,2005,144,70.4,10,6,3.4,-1
117,BSM,2005,144,70.4,10,6,3.4,-1
123,BSM,2005,144,70.4,10,6,3.4,-1
124,BSM,2005,144,70.4,10,6,3.4,-1
121,BSM,2005,144,70.4,10,6,3.4,-1
120,BSM,2005,144,70.4,10,6,3.4,-1
109,BSM,2005,144,70.4,10,6,3.4,-1
118,BSM,2005,144,70.4,10,6,3.4,-1
125,BSM,2005,144,70.4,10,6,3.4,-1
126,BSM,2005,144,70.4,10,6,3.4,-1
127,BSM,2005,144,70.4,10,6,3.4,-1
119,BSM,2005,144,70.4,10,6,3.4,-1
131,BSM,2005,144,70.4,10,6,3.4,-1
130,BSM,2005,144,70.4,10,6,3.4,-1
128,BSM,2005,144,70.4,10,6,3.4,-1
129,BSM,2005,144,70.4,10,6,3.4,-1
3,BSM,2002,115,41,10,6,3.5,-1
12,BSM,2002,115,41,10,6,3.5,-1
1,BSM,2002,115,41,10,6,3.5,-1
13,BSM,2002,115,41,10,6,3.5,-1
11,BSM,2002,115,41,10,6,3.5,-1
4,BSM,2002,115,41,10,6,3.5,-1
22,BSM,2002,115,41,10,6,3.5,-1
0,BSM,2002,115,41,10,6,3.5,-1
14,BSM,2002,115,41,10,6,3.5,-1
10,BSM,2002,115,41,10,6,3.5,-1
23,BSM,2002,115,41,10,6,3.5,-1
21,BSM,2002,115,41,10,6,3.5,-1
24,BSM,2002,115,41,10,6,3.5,-1
20,BSM,2002,115,41,10,6,3.5,-1
15,BSM,2002,115,41,10,6,3.5,-1
5,BSM,2002,115,41,10,6,3.5,-1
32,BSM,2002,115,41,10,6,3.5,-1
33,BSM,2002,115,41,10,6,3.5,-1
31,BSM,2002,115,41,10,6,3.5,-1
34,BSM,2002,115,41,10,6,3.5,-1
25,BSM,2002,115,41,10,6,3.5,-1
30,BSM,2002,115,41,10,6,3.5,-1
6,BSM,2002,115,41,10,6,3.5,-1
16,BSM,2002,115,41,10,6,3.5,-1
42,BSM,2002,115,41,10,6,3.5,-1
43,BSM,2002,115,41,10,6,3.5,-1
41,BSM,2002,115,41,10,6,3.5,-1
35,BSM,2002,115,41,10,6,3.5,-1
26,BSM,2002,115,41,10,6,3.5,-1
44,BSM,2002,115,41,10,6,3.5,-1
40,BSM,2002,115,41,10,6,3.5,-1
36,BSM,2002,115,41,10,6,3.5,-1
7,BSM,2002,115,41,10,6,3.5,-1
45,BSM,2002,115,41,10,6,3.5,-1
52,BSM,2002,115,41,10,6,3.5,-1
17,BSM,2002,115,41,10,6,3.5,-1
27,BSM,2002,115,41,10,6,3.5,-1
53,BSM,2002,115,41,10,6,3.5,-1
51,BSM,2002,115,41,10,6,3.5,-1
54,BSM,2002,115,41,10,6,3.5,-1
50,BSM,2002,115,41,10,6,3.5,-1
46,BSM,2002,115,41,10,6,3.5,-1
37,BSM,2002,115,41,10,6,3.5,-1
18,BSM,2002,115,41,10,6,3.5,-1
55,BSM,2002,115,41,10,6,3.5,-1
8,BSM,2002,115,41,10,6,3.5,-1
62,BSM,2002,115,41,10,6,3.5,-1
63,BSM,2002,115,41,10,6,3.5,-1
28,BSM,2002,115,41,10,6,3.5,-1
61,BSM,2002,115,41,10,6,3.5,-1
64,BSM,2002,115,41,10,6,3.5,-1
56,BSM,2002,115,41,10,6,3.5,-1
60,BSM,2002,115,41,10,6,3.5,-1
47,BSM,2002,115,41,10,6,3.5,-1
38,BSM,2002,115,41,10,6,3.5,-1
9,BSM,2002,115,41,10,6,3.5,-1
65,BSM,2002,115,41,10,6,3.5,-1
19,BSM,2002,115,41,10,6,3.5,-1
57,BSM,2002,115,41,10,6,3.5,-1
72,BSM,2002,115,41,10,6,3.5,-1
48,BSM,2002,115,41,10,6,3.5,-1
66,BSM,2002,115,41,10,6,3.5,-1
73,BSM,2002,115,41,10,6,3.5,-1
71,BSM,2002,115,41,10,6,3.5,-1
74,BSM,2002,115,41,10,6,3.5,-1
29,BSM,2002,115,41,10,6,3.5,-1
70,BSM,2002,115,41,10,6,3.5,-1
39,BSM,2002,115,41,10,6,3.5,-1
75,BSM,2002,115,41,10,6,3.5,-1
58,BSM,2002,115,41,10,6,3.5,-1
67,BSM,2002,115,41,10,6,3.5,-1
76,BSM,2002,115,41,10,6,3.5,-1
82,BSM,2002,115,41,10,6,3.5,-1
49,BSM,2002,115,41,10,6,3.5,-1
83,BSM,2002,115,41,10,6,3.5,-1
84,BSM,2002,115,41,10,6,3.5,-1
81,BSM,2002,115,41,10,6,3.5,-1
80,BSM,2002,115,41,10,6,3.5,-1
68,BSM,2002,115,41,10,6,3.5,-1
85,BSM,2002,115,41,10,6,3.5,-1
59,BSM,2002,115,41,10,6,3.5,-1
77,BSM,2002,115,41,10,6,3.5,-1
86,BSM,2002,115,41,10,6,3.5,-1
92,BSM,2002,115,41,10,6,3.5,-1
78,BSM,2002,115,41,10,6,3.5,-1
69,BSM,2002,115,41,10,6,3.5,-1
93,BSM,2002,115,41,10,6,3.5,-1
91,BSM,2002,115,41,10,6,3.5,-1
94,BSM,2002,115,41,10,6,3.5,-1
90,BSM,2002,115,41,10,6,3.5,-1
87,BSM,2002,115,41,10,6,3.5,-1
95,BSM,2002,115,41,10,6,3.5,-1
96,BSM,2002,115,41,10,6,3.5,-1
79,BSM,2002,115,41,10,6,3.5,-1
88,BSM,2002,115,41,10,6,3.5,-1
102,BSM,2002,115,41,10,6,3.5,-1
103,BSM,2002,115,41,10,6,3.5,-1
101,BSM,2002,115,41,10,6,3.5,-1
104,BSM,2002,115,41,10,6,3.5,-1
100,BSM,2002,115,41,10,6,3.5,-1
97,BSM,2002,115,41,10,6,3.5,-1
105,BSM,2002,115,41,10,6,3.5,-1
89,BSM,2002,115,41,10,6,3.5,-1
106,BSM,2002,115,41,10,6,3.5,-1
98,BSM,2002,115,41,10,6,3.5,-1
112,BSM,2002,115,41,10,6,3.5,-1
114,BSM,2002,115,41,10,6,3.5,-1
113,BSM,2002,115,41,10,6,3.5,-1
110,BSM,2002,115,41,10,6,3.5,-1
111,BSM,2002,115,41,10,6,3.5,-1
107,BSM,2002,115,41,10,6,3.5,-1
99,BSM,2002,115,41,10,6,3.5,-1
115,BSM,2002,115,41,10,6,3.5,-1
108,BSM,2002,115,41,10,6,3.5,-1
116,BSM,2002,115,41,10,6,3.5,-1
122,BSM,2002,115,41,10,6,3.5,-1
117,BSM,2002,115,41,10,6,3.5,-1
123,BSM,2002,115,41,10,6,3.5,-1
124,BSM,2002,115,41,10,6,3.5,-1
121,BSM,2002,115,41,10,6,3.5,-1
120,BSM,2002,115,41,10,6,3.5,-1
109,BSM,2002,115,41,10,6,3.5,-1
118,BSM,2002,115,41,10,6,3.5,-1
125,BSM,2002,115,41,10,6,3.5,-1
126,BSM,2002,115,41,10,6,3.5,-1
127,BSM,2002,115,41,10,6,3.5,-1
119,BSM,2002,115,41,10,6,3.5,-1
131,BSM,2002,115,41,10,6,3.5,-1
130,BSM,2002,115,41,10,6,3.5,-1
128,BSM,2002,115,41,10,6,3.5,-1
129,BSM,2002,115,41,10,6,3.5,-1
3,BSM,2003,125,51,10,6,3.5,-1
12,BSM,2003,125,51,10,6,3.5,-1
1,BSM,2003,125,51,10,6,3.5,-1
13,BSM,2003,125,51,10,6,3.5,-1
11,BSM,2003,125,51,10,6,3.5,-1
4,BSM,2003,125,51,10,6,3.5,-1
22,BSM,2003,125,51,10,6,3.5,-1
0,BSM,2003,125,51,10,6,3.5,-1
14,BSM,2003,125,51,10,6,3.5,-1
10,BSM,2003,125,51,10,6,3.5,-1
23,BSM,2003,125,51,10,6,3.5,-1
21,BSM,2003,125,51,10,6,3.5,-1
24,BSM,2003,125,51,10,6,3.5,-1
20,BSM,2003,125,51,10,6,3.5,-1
15,BSM,2003,125,51,10,6,3.5,-1
5,BSM,2003,125,51,10,6,3.5,-1
32,BSM,2003,125,51,10,6,3.5,-1
33,BSM,2003,125,51,10,6,3.5,-1
31,BSM,2003,125,51,10,6,3.5,-1
34,BSM,2003,125,51,10,6,3.5,-1
25,BSM,2003,125,51,10,6,3.5,-1
30,BSM,2003,125,51,10,6,3.5,-1
6,BSM,2003,125,51,10,6,3.5,-1
16,BSM,2003,125,51,10,6,3.5,-1
42,BSM,2003,125,51,10,6,3.5,-1
43,BSM,2003,125,51,10,6,3.5,-1
41,BSM,2003,125,51,10,6,3.5,-1
35,BSM,2003,125,51,10,6,3.5,-1
26,BSM,2003,125,51,10,6,3.5,-1
44,BSM,2003,125,51,10,6,3.5,-1
40,BSM,2003,125,51,10,6,3.5,-1
36,BSM,2003,125,51,10,6,3.5,-1
7,BSM,2003,125,51,10,6,3.5,-1
45,BSM,2003,125,51,10,6,3.5,-1
52,BSM,2003,125,51,10,6,3.5,-1
17,BSM,2003,125,51,10,6,3.5,-1
27,BSM,2003,125,51,10,6,3.5,-1
53,BSM,2003,125,51,10,6,3.5,-1
51,BSM,2003,125,51,10,6,3.5,-1
54,BSM,2003,125,51,10,6,3.5,-1
50,BSM,2003,125,51,10,6,3.5,-1
46,BSM,2003,125,51,10,6,3.5,-1
37,BSM,2003,125,51,10,6,3.5,-1
18,BSM,2003,125,51,10,6,3.5,-1
55,BSM,2003,125,51,10,6,3.5,-1
8,BSM,2003,125,51,10,6,3.5,-1
62,BSM,2003,125,51,10,6,3.5,-1
63,BSM,2003,125,51,10,6,3.5,-1
28,BSM,2003,125,51,10,6,3.5,-1
61,BSM,2003,125,51,10,6,3.5,-1
64,BSM,2003,125,51,10,6,3.5,-1
56,BSM,2003,125,51,10,6,3.5,-1
60,BSM,2003,125,51,10,6,3.5,-1
47,BSM,2003,125,51,10,6,3.5,-1
38,BSM,2003,125,51,10,6,3.5,-1
9,BSM,2003,125,51,10,6,3.5,-1
65,BSM,2003,125,51,10,6,3.5,-1
19,BSM,2003,125,51,10,6,3.5,-1
57,BSM,2003,125,51,10,6,3.5,-1
72,BSM,2003,125,51,10,6,3.5,-1
48,BSM,2003,125,51,10,6,3.5,-1
66,BSM,2003,125,51,10,6,3.5,-1
73,BSM,2003,125,51,10,6,3.5,-1
71,BSM,2003,125,51,10,6,3.5,-1
74,BSM,2003,125,51,10,6,3.5,-1
29,BSM,2003,125,51,10,6,3.5,-1
70,BSM,2003,125,51,10,6,3.5,-1
39,BSM,2003,125,51,10,6,3.5,-1
75,BSM,2003,125,51,10,6,3.5,-1
58,BSM,2003,125,51,10,6,3.5,-1
67,BSM,2003,125,51,10,6,3.5,-1
76,BSM,2003,125,51,10,6,3.5,-1
82,BSM,2003,125,51,10,6,3.5,-1
49,BSM,2003,125,51,10,6,3.5,-1
83,BSM,2003,125,51,10,6,3.5,-1
84,BSM,2003,125,51,10,6,3.5,-1
81,BSM,2003,125,51,10,6,3.5,-1
80,BSM,2003,125,51,10,6,3.5,-1
68,BSM,2003,125,51,10,6,3.5,-1
85,BSM,2003,125,51,10,6,3.5,-1
59,BSM,2003,125,51,10,6,3.5,-1
77,BSM,2003,125,51,10,6,3.5,-1
86,BSM,2003,125,51,10,6,3.5,-1
92,BSM,2003,125,51,10,6,3.5,-1
78,BSM,2003,125,51,10,6,3.5,-1
69,BSM,2003,125,51,10,6,3.5,-1
93,BSM,2003,125,51,10,6,3.5,-1
91,BSM,2003,125,51,10,6,3.5,-1
94,BSM,2003,125,51,10,6,3.5,-1
90,BSM,2003,125,51,10,6,3.5,-1
87,BSM,2003,125,51,10,6,3.5,-1
95,BSM,2003,125,51,10,6,3.5,-1
96,BSM,2003,125,51,10,6,3.5,-1
79,BSM,2003,125,51,10,6,3.5,-1
88,BSM,2003,125,51,10,6,3.5,-1
102,BSM,2003,125,51,10,6,3.5,-1
103,BSM,2003,125,51,10,6,3.5,-1
101,BSM,2003,125,51,10,6,3.5,-1
104,BSM,2003,125,51,10,6,3.5,-1
100,BSM,2003,125,51,10,6,3.5,-1
97,BSM,2003,125,51,10,6,3.5,-1
105,BSM,2003,125,51,10,6,3.5,-1
89,BSM,2003,125,51,10,6,3.5,-1
106,BSM,2003,125,51,10,6,3.5,-1
98,BSM,2003,125,51,10,6,3.5,-1
112,BSM,2003,125,51,10,6,3.5,-1
114,BSM,2003,125,51,10,6,3.5,-1
113,BSM,2003,125,51,10,6,3.5,-1
110,BSM,2003,125,51,10,6,3.5,-1
111,BSM,2003,125,51,10,6,3.5,-1
107,BSM,2003,125,51,10,6,3.5,-1
99,BSM,2003,125,51,10,6,3.5,-1
115,BSM,2003,125,51,10,6,3.5,-1
108,BSM,2003,125,51,10,6,3.5,-1
116,BSM,2003,125,51,10,6,3.5,-1
122,BSM,2003,125,51,10,6,3.5,-1
117,BSM,2003,125,51,10,6,3.5,-1
123,BSM,2003,125,51,10,6,3.5,-1
124,BSM,2003,125,51,10,6,3.5,-1
121,BSM,2003,125,51,10,6,3.5,-1
120,BSM,2003,125,51,10,6,3.5,-1
109,BSM,2003,125,51,10,6,3.5,-1
118,BSM,2003,125,51,10,6,3.5,-1
125,BSM,2003,125,51,10,6,3.5,-1
126,BSM,2003,125,51,10,6,3.5,-1
127,BSM,2003,125,51,10,6,3.5,-1
119,BSM,2003,125,51,10,6,3.5,-1
131,BSM,2003,125,51,10,6,3.5,-1
130,BSM,2003,125,51,10,6,3.5,-1
128,BSM,2003,125,51,10,6,3.5,-1
129,BSM,2003,125,51,10,6,3.5,-1
3,BSM,2004,135,61,10,6,3.5,-1
12,BSM,2004,135,61,10,6,3.5,-1
1,BSM,2004,135,61,10,6,3.5,-1
13,BSM,2004,135,61,10,6,3.5,-1
11,BSM,2004,135,61,10,6,3.5,-1
4,BSM,2004,135,61,10,6,3.5,-1
22,BSM,2004,135,61,10,6,3.5,-1
0,BSM,2004,135,61,10,6,3.5,-1
14,BSM,2004,135,61,10,6,3.5,-1
10,BSM,2004,135,61,10,6,3.5,-1
23,BSM,2004,135,61,10,6,3.5,-1
21,BSM,2004,135,61,10,6,3.5,-1
24,BSM,2004,135,61,10,6,3.5,-1
20,BSM,2004,135,61,10,6,3.5,-1
15,BSM,2004,135,61,10,6,3.5,-1
5,BSM,2004,135,61,10,6,3.5,-1
32,BSM,2004,135,61,10,6,3.5,-1
33,BSM,2004,135,61,10,6,3.5,-1
31,BSM,2004,135,61,10,6,3.5,-1
34,BSM,2004,135,61,10,6,3.5,-1
25,BSM,2004,135,61,10,6,3.5,-1
30,BSM,2004,135,61,10,6,3.5,-1
6,BSM,2004,135,61,10,6,3.5,-1
16,BSM,2004,135,61,10,6,3.5,-1
42,BSM,2004,135,61,10,6,3.5,-1
43,BSM,2004,135,61,10,6,3.5,-1
41,BSM,2004,135,61,10,6,3.5,-1
35,BSM,2004,135,61,10,6,3.5,-1
26,BSM,2004,135,61,10,6,3.5,-1
44,BSM,2004,135,61,10,6,3.5,-1
40,BSM,2004,135,61,10,6,3.5,-1
36,BSM,2004,135,61,10,6,3.5,-1
7,BSM,2004,135,61,10,6,3.5,-1
45,BSM,2004,135,61,10,6,3.5,-1
52,BSM,2004,135,61,10,6,3.5,-1
17,BSM,2004,135,61,10,6,3.5,-1
27,BSM,2004,135,61,10,6,3.5,-1
53,BSM,2004,135,61,10,6,3.5,-1
51,BSM,2004,135,61,10,6,3.5,-1
54,BSM,2004,135,61,10,6,3.5,-1
50,BSM,2004,135,61,10,6,3.5,-1
46,BSM,2004,135,61,10,6,3.5,-1
37,BSM,2004,135,61,10,6,3.5,-1
18,BSM,2004,135,61,10,6,3.5,-1
55,BSM,2004,135,61,10,6,3.5,-1
8,BSM,2004,135,61,10,6,3.5,-1
62,BSM,2004,135,61,10,6,3.5,-1
63,BSM,2004,135,61,10,6,3.5,-1
28,BSM,2004,135,61,10,6,3.5,-1
61,BSM,2004,135,61,10,6,3.5,-1
64,BSM,2004,135,61,10,6,3.5,-1
56,BSM,2004,135,61,10,6,3.5,-1
60,BSM,2004,135,61,10,6,3.5,-1
47,BSM,2004,135,61,10,6,3.5,-1
38,BSM,2004,135,61,10,6,3.5,-1
9,BSM,2004,135,61,10,6,3.5,-1
65,BSM,2004,135,61,10,6,3.5,-1
19,BSM,2004,135,61,10,6,3.5,-1
57,BSM,2004,135,61,10,6,3.5,-1
72,BSM,2004,135,61,10,6,3.5,-1
48,BSM,2004,135,61,10,6,3.5,-1
66,BSM,2004,135,61,10,6,3.5,-1
73,BSM,2004,135,61,10,6,3.5,-1
71,BSM,2004,135,61,10,6,3.5,-1
74,BSM,2004,135,61,10,6,3.5,-1
29,BSM,2004,135,61,10,6,3.5,-1
70,BSM,2004,135,61,10,6,3.5,-1
39,BSM,2004,135,61,10,6,3.5,-1
75,BSM,2004,135,61,10,6,3.5,-1
58,BSM,2004,135,61,10,6,3.5,-1
67,BSM,2004,135,61,10,6,3.5,-1
76,BSM,2004,135,61,10,6,3.5,-1
82,BSM,2004,135,61,10,6,3.5,-1
49,BSM,2004,135,61,10,6,3.5,-1
83,BSM,2004,135,61,10,6,3.5,-1
84,BSM,2004,135,61,10,6,3.5,-1
81,BSM,2004,135,61,10,6,3.5,-1
80,BSM,2004,135,61,10,6,3.5,-1
68,BSM,2004,135,61,10,6,3.5,-1
85,BSM,2004,135,61,10,6,3.5,-1
59,BSM,2004,135,61,10,6,3.5,-1
77,BSM,2004,135,61,10,6,3.5,-1
86,BSM,2004,135,61,10,6,3.5,-1
92,BSM,2004,135,61,10,6,3.5,-1
78,BSM,2004,135,61,10,6,3.5,-1
69,BSM,2004,135,61,10,6,3.5,-1
93,BSM,2004,135,61,10,6,3.5,-1
91,BSM,2004,135,61,10,6,3.5,-1
94,BSM,2004,135,61,10,6,3.5,-1
90,BSM,2004,135,61,10,6,3.5,-1
87,BSM,2004,135,61,10,6,3.5,-1
95,BSM,2004,135,61,10,6,3.5,-1
96,BSM,2004,135,61,10,6,3.5,-1
79,BSM,2004,135,61,10,6,3.5,-1
88,BSM,2004,135,61,10,6,3.5,-1
102,BSM,2004,135,61,10,6,3.5,-1
103,BSM,2004,135,61,10,6,3.5,-1
101,BSM,2004,135,61,10,6,3.5,-1
104,BSM,2004,135,61,10,6,3.5,-1
100,BSM,2004,135,61,10,6,3.5,-1
97,BSM,2004,135,61,10,6,3.5,-1
105,BSM,2004,135,61,10,6,3.5,-1
89,BSM,2004,135,61,10,6,3.5,-1
106,BSM,2004,135,61,10,6,3.5,-1
98,BSM,2004,135,61,10,6,3.5,-1
112,BSM,2004,135,61,10,6,3.5,-1
114,BSM,2004,135,61,10,6,3.5,-1
113,BSM,2004,135,61,10,6,3.5,-1
110,BSM,2004,135,61,10,6,3.5,-1
111,BSM,2004,135,61,10,6,3.5,-1
107,BSM,2004,135,61,10,6,3.5,-1
99,BSM,2004,135,61,10,6,3.5,-1
115,BSM,2004,135,61,10,6,3.5,-1
108,BSM,2004,135,61,10,6,3.5,-1
116,BSM,2004,135,61,10,6,3.5,-1
122,BSM,2004,135,61,10,6,3.5,-1
117,BSM,2004,135,61,10,6,3.5,-1
123,BSM,2004,135,61,10,6,3.5,-1
124,BSM,2004,135,61,10,6,3.5,-1
121,BSM,2004,135,61,10,6,3.5,-1
120,BSM,2004,135,61,10,6,3.5,-1
109,BSM,2004,135,61,10,6,3.5,-1
118,BSM,2004,135,61,10,6,3.5,-1
125,BSM,2004,135,61,10,6,3.5,-1
126,BSM,2004,135,61,10,6,3.5,-1
127,BSM,2004,135,61,10,6,3.5,-1
119,BSM,2004,135,61,10,6,3.5,-1
131,BSM,2004,135,61,10,6,3.5,-1
130,BSM,2004,135,61,10,6,3.5,-1
128,BSM,2004,135,61,10,6,3.5,-1
129,BSM,2004,135,61,10,6,3.5,-1
3,BSM,2005,145,71,10,6,3.5,-1
12,BSM,2005,145,71,10,6,3.5,-1
1,BSM,2005,145,71,10,6,3.5,-1
13,BSM,2005,145,71,10,6,3.5,-1
11,BSM,2005,145,71,10,6,3.5,-1
4,BSM,2005,145,71,10,6,3.5,-1
22,BSM,2005,145,71,10,6,3.5,-1
0,BSM,2005,145,71,10,6,3.5,-1
14,BSM,2005,145,71,10,6,3.5,-1
10,BSM,2005,145,71,10,6,3.5,-1
23,BSM,2005,145,71,10,6,3.5,-1
21,BSM,2005,145,71,10,6,3.5,-1
24,BSM,2005,145,71,10,6,3.5,-1
20,BSM,2005,145,71,10,6,3.5,-1
15,BSM,2005,145,71,10,6,3.5,-1
5,BSM,2005,145,71,10,6,3.5,-1
32,BSM,2005,145,71,10,6,3.5,-1
33,BSM,2005,145,71,10,6,3.5,-1
31,BSM,2005,145,71,10,6,3.5,-1
34,BSM,2005,145,71,10,6,3.5,-1
25,BSM,2005,145,71,10,6,3.5,-1
30,BSM,2005,145,71,10,6,3.5,-1
6,BSM,2005,145,71,10,6,3.5,-1
16,BSM,2005,145,71,10,6,3.5,-1
42,BSM,2005,145,71,10,6,3.5,-1
43,BSM,2005,145,71,10,6,3.5,-1
41,BSM,2005,145,71,10,6,3.5,-1
35,BSM,2005,145,71,10,6,3.5,-1
26,BSM,2005,145,71,10,6,3.5,-1
44,BSM,2005,145,71,10,6,3.5,-1
40,BSM,2005,145,71,10,6,3.5,-1
36,BSM,2005,145,71,10,6,3.5,-1
7,BSM,2005,145,71,10,6,3.5,-1
45,BSM,2005,145,71,10,6,3.5,-1
52,BSM,2005,145,71,10,6,3.5,-1
17,BSM,2005,145,71,10,6,3.5,-1
27,BSM,2005,145,71,10,6,3.5,-1
53,BSM,2005,145,71,10,6,3.5,-1
51,BSM,2005,145,71,10,6,3.5,-1
54,BSM,2005,145,71,10,6,3.5,-1
50,BSM,2005,145,71,10,6,3.5,-1
46,BSM,2005,145,71,10,6,3.5,-1
37,BSM,2005,145,71,10,6,3.5,-1
18,BSM,2005,145,71,10,6,3.5,-1
55,BSM,2005,145,71,10,6,3.5,-1
8,BSM,2005,145,71,10,6,3.5,-1
62,BSM,2005,145,71,10,6,3.5,-1
63,BSM,2005,145,71,10,6,3.5,-1
28,BSM,2005,145,71,10,6,3.5,-1
61,BSM,2005,145,71,10,6,3.5,-1
64,BSM,2005,145,71,10,6,3.5,-1
56,BSM,2005,145,71,10,6,3.5,-1
60,BSM,2005,145,71,10,6,3.5,-1
47,BSM,2005,145,71,10,6,3.5,-1
38,BSM,2005,145,71,10,6,3.5,-1
9,BSM,2005,145,71,10,6,3.5,-1
65,BSM,2005,145,71,10,6,3.5,-1
19,BSM,2005,145,71,10,6,3.5,-1
57,BSM,2005,145,71,10,6,3.5,-1
72,BSM,2005,145,71,10,6,3.5,-1
48,BSM,2005,145,71,10,6,3.5,-1
66,BSM,2005,145,71,10,6,3.5,-1
73,BSM,2005,145,71,10,6,3.5,-1
71,BSM,2005,145,71,10,6,3.5,-1
74,BSM,2005,145,71,10,6,3.5,-1
29,BSM,2005,145,71,10,6,3.5,-1
70,BSM,2005,145,71,10,6,3.5,-1
39,BSM,2005,145,71,10,6,3.5,-1
75,BSM,2005,145,71,10,6,3.5,-1
58,BSM,2005,145,71,10,6,3.5,-1
67,BSM,2005,145,71,10,6,3.5,-1
76,BSM,2005,145,71,10,6,3.5,-1
82,BSM,2005,145,71,10,6,3.5,-1
49,BSM,2005,145,71,10,6,3.5,-1
83,BSM,2005,145,71,10,6,3.5,-1
84,BSM,2005,145,71,10,6,3.5,-1
81,BSM,2005,145,71,10,6,3.5,-1
80,BSM,2005,145,71,10,6,3.5,-1
68,BSM,2005,145,71,10,6,3.5,-1
85,BSM,2005,145,71,10,6,3.5,-1
59,BSM,2005,145,71,10,6,3.5,-1
77,BSM,2005,145,71,10,6,3.5,-1
86,BSM,2005,145,71,10,6,3.5,-1
92,BSM,2005,145,71,10,6,3.5,-1
78,BSM,2005,145,71,10,6,3.5,-1
69,BSM,2005,145,71,10,6,3.5,-1
93,BSM,2005,145,71,10,6,3.5,-1
91,BSM,2005,145,71,10,6,3.5,-1
94,BSM,2005,145,71,10,6,3.5,-1
90,BSM,2005,145,71,10,6,3.5,-1
87,BSM,2005,145,71,10,6,3.5,-1
95,BSM,2005,145,71,10,6,3.5,-1
96,BSM,2005,145,71,10,6,3.5,-1
79,BSM,2005,145,71,10,6,3.5,-1
88,BSM,2005,145,71,10,6,3.5,-1
102,BSM,2005,145,71,10,6,3.5,-1
103,BSM,2005,145,71,10,6,3.5,-1
101,BSM,2005,145,71,10,6,3.5,-1
104,BSM,2005,145,71,10,6,3.5,-1
100,BSM,2005,145,71,10,6,3.5,-1
97,BSM,2005,145,71,10,6,3.5,-1
105,BSM,2005,145,71,10,6,3.5,-1
89,BSM,2005,145,71,10,6,3.5,-1
106,BSM,2005,145,71,10,6,3.5,-1
98,BSM,2005,145,71,10,6,3.5,-1
112,BSM,2005,145,71,10,6,3.5,-1
114,BSM,2005,145,71,10,6,3.5,-1
113,BSM,2005,145,71,10,6,3.5,-1
110,BSM,2005,145,71,10,6,3.5,-1
111,BSM,2005,145,71,10,6,3.5,-1
107,BSM,2005,145,71,10,6,3.5,-1
99,BSM,2005,145,71,10,6,3.5,-1
115,BSM,2005,145,71,10,6,3.5,-1
108,BSM,2005,145,71,10,6,3.5,-1
116,BSM,2005,145,71,10,6,3.5,-1
122,BSM,2005,145,71,10,6,3.5,-1
117,BSM,2005,145,71,10,6,3.5,-1
123,BSM,2005,145,71,10,6,3.5,-1
124,BSM,2005,145,71,10,6,3.5,-1
121,BSM,2005,145,71,10,6,3.5,-1
120,BSM,2005,145,71,10,6,3.5,-1
109,BSM,2005,145,71,10,6,3.5,-1
118,BSM,2005,145,71,10,6,3.5,-1
125,BSM,2005,145,71,10,6,3.5,-1
126,BSM,2005,145,71,10,6,3.5,-1
127,BSM,2005,145,71,10,6,3.5,-1
119,BSM,2005,145,71,10,6,3.5,-1
131,BSM,2005,145,71,10,6,3.5,-1
130,BSM,2005,145,71,10,6,3.5,-1
128,BSM,2005,145,71,10,6,3.5,-1
129,BSM,2005,145,71,10,6,3.5,-1
3,BSM,2002,116,41.6,10,6,3.6,-1
12,BSM,2002,116,41.6,10,6,3.6,-1
1,BSM,2002,116,41.6,10,6,3.6,-1
13,BSM,2002,116,41.6,10,6,3.6,-1
11,BSM,2002,116,41.6,10,6,3.6,-1
4,BSM,2002,116,41.6,10,6,3.6,-1
22,BSM,2002,116,41.6,10,6,3.6,-1
0,BSM,2002,116,41.6,10,6,3.6,-1
14,BSM,2002,116,41.6,10,6,3.6,-1
10,BSM,2002,116,41.6,10,6,3.6,-1
23,BSM,2002,116,41.6,10,6,3.6,-1
21,BSM,2002,116,41.6,10,6,3.6,-1
24,BSM,2002,116,41.6,10,6,3.6,-1
20,BSM,2002,116,41.6,10,6,3.6,-1
15,BSM,2002,116,41.6,10,6,3.6,-1
5,BSM,2002,116,41.6,10,6,3.6,-1
32,BSM,2002,116,41.6,10,6,3.6,-1
33,BSM,2002,116,41.6,10,6,3.6,-1
31,BSM,2002,116,41.6,10,6,3.6,-1
34,BSM,2002,116,41.6,10,6,3.6,-1
25,BSM,2002,116,41.6,10,6,3.6,-1
30,BSM,2002,116,41.6,10,6,3.6,-1
6,BSM,2002,116,41.6,10,6,3.6,-1
16,BSM,2002,116,41.6,10,6,3.6,-1
42,BSM,2002,116,41.6,10,6,3.6,-1
43,BSM,2002,116,41.6,10,6,3.6,-1
41,BSM,2002,116,41.6,10,6,3.6,-1
35,BSM,2002,116,41.6,10,6,3.6,-1
26,BSM,2002,116,41.6,10,6,3.6,-1
44,BSM,2002,116,41.6,10,6,3.6,-1
40,BSM,2002,116,41.6,10,6,3.6,-1
36,BSM,2002,116,41.6,10,6,3.6,-1
7,BSM,2002,116,41.6,10,6,3.6,-1
45,BSM,2002,116,41.6,10,6,3.6,-1
52,BSM,2002,116,41.6,10,6,3.6,-1
17,BSM,2002,116,41.6,10,6,3.6,-1
27,BSM,2002,116,41.6,10,6,3.6,-1
53,BSM,2002,116,41.6,10,6,3.6,-1
51,BSM,2002,116,41.6,10,6,3.6,-1
54,BSM,2002,116,41.6,10,6,3.6,-1
50,BSM,2002,116,41.6,10,6,3.6,-1
46,BSM,2002,116,41.6,10,6,3.6,-1
37,BSM,2002,116,41.6,10,6,3.6,-1
18,BSM,2002,116,41.6,10,6,3.6,-1
55,BSM,2002,116,41.6,10,6,3.6,-1
8,BSM,2002,116,41.6,10,6,3.6,-1
62,BSM,2002,116,41.6,10,6,3.6,-1
63,BSM,2002,116,41.6,10,6,3.6,-1
28,BSM,2002,116,41.6,10,6,3.6,-1
61,BSM,2002,116,41.6,10,6,3.6,-1
64,BSM,2002,116,41.6,10,6,3.6,-1
56,BSM,2002,116,41.6,10,6,3.6,-1
60,BSM,2002,116,41.6,10,6,3.6,-1
47,BSM,2002,116,41.6,10,6,3.6,-1
38,BSM,2002,116,41.6,10,6,3.6,-1
9,BSM,2002,116,41.6,10,6,3.6,-1
65,BSM,2002,116,41.6,10,6,3.6,-1
19,BSM,2002,116,41.6,10,6,3.6,-1
57,BSM,2002,116,41.6,10,6,3.6,-1
72,BSM,2002,116,41.6,10,6,3.6,-1
48,BSM,2002,116,41.6,10,6,3.6,-1
66,BSM,2002,116,41.6,10,6,3.6,-1
73,BSM,2002,116,41.6,10,6,3.6,-1
71,BSM,2002,116,41.6,10,6,3.6,-1
74,BSM,2002,116,41.6,10,6,3.6,-1
29,BSM,2002,116,41.6,10,6,3.6,-1
70,BSM,2002,116,41.6,10,6,3.6,-1
39,BSM,2002,116,41.6,10,6,3.6,-1
75,BSM,2002,116,41.6,10,6,3.6,-1
58,BSM,2002,116,41.6,10,6,3.6,-1
67,BSM,2002,116,41.6,10,6,3.6,-1
76,BSM,2002,116,41.6,10,6,3.6,-1
82,BSM,2002,116,41.6,10,6,3.6,-1
49,BSM,2002,116,41.6,10,6,3.6,-1
83,BSM,2002,116,41.6,10,6,3.6,-1
84,BSM,2002,116,41.6,10,6,3.6,-1
81,BSM,2002,116,41.6,10,6,3.6,-1
80,BSM,2002,116,41.6,10,6,3.6,-1
68,BSM,2002,116,41.6,10,6,3.6,-1
85,BSM,2002,116,41.6,10,6,3.6,-1
59,BSM,2002,116,41.6,10,6,3.6,-1
77,BSM,2002,116,41.6,10,6,3.6,-1
86,BSM,2002,116,41.6,10,6,3.6,-1
92,BSM,2002,116,41.6,10,6,3.6,-1
78,BSM,2002,116,41.6,10,6,3.6,-1
69,BSM,2002,116,41.6,10,6,3.6,-1
93,BSM,2002,116,41.6,10,6,3.6,-1
91,BSM,2002,116,41.6,10,6,3.6,-1
94,BSM,2002,116,41.6,10,6,3.6,-1
90,BSM,2002,116,41.6,10,6,3.6,-1
87,BSM,2002,116,41.6,10,6,3.6,-1
95,BSM,2002,116,41.6,10,6,3.6,-1
96,BSM,2002,116,41.6,10,6,3.6,-1
79,BSM,2002,116,41.6,10,6,3.6,-1
88,BSM,2002,116,41.6,10,6,3.6,-1
102,BSM,2002,116,41.6,10,6,3.6,-1
103,BSM,2002,116,41.6,10,6,3.6,-1
101,BSM,2002,116,41.6,10,6,3.6,-1
104,BSM,2002,116,41.6,10,6,3.6,-1
100,BSM,2002,116,41.6,10,6,3.6,-1
97,BSM,2002,116,41.6,10,6,3.6,-1
105,BSM,2002,116,41.6,10,6,3.6,-1
89,BSM,2002,116,41.6,10,6,3.6,-1
106,BSM,2002,116,41.6,10,6,3.6,-1
98,BSM,2002,116,41.6,10,6,3.6,-1
112,BSM,2002,116,41.6,10,6,3.6,-1
114,BSM,2002,116,41.6,10,6,3.6,-1
113,BSM,2002,116,41.6,10,6,3.6,-1
110,BSM,2002,116,41.6,10,6,3.6,-1
111,BSM,2002,116,41.6,10,6,3.6,-1
107,BSM,2002,116,41.6,10,6,3.6,-1
99,BSM,2002,116,41.6,10,6,3.6,-1
115,BSM,2002,116,41.6,10,6,3.6,-1
108,BSM,2002,116,41.6,10,6,3.6,-1
116,BSM,2002,116,41.6,10,6,3.6,-1
122,BSM,2002,116,41.6,10,6,3.6,-1
117,BSM,2002,116,41.6,10,6,3.6,-1
123,BSM,2002,116,41.6,10,6,3.6,-1
124,BSM,2002,116,41.6,10,6,3.6,-1
121,BSM,2002,116,41.6,10,6,3.6,-1
120,BSM,2002,116,41.6,10,6,3.6,-1
109,BSM,2002,116,41.6,10,6,3.6,-1
118,BSM,2002,116,41.6,10,6,3.6,-1
125,BSM,2002,116,41.6,10,6,3.6,-1
126,BSM,2002,116,41.6,10,6,3.6,-1
127,BSM,2002,116,41.6,10,6,3.6,-1
119,BSM,2002,116,41.6,10,6,3.6,-1
131,BSM,2002,116,41.6,10,6,3.6,-1
130,BSM,2002,116,41.6,10,6,3.6,-1
128,BSM,2002,116,41.6,10,6,3.6,-1
129,BSM,2002,116,41.6,10,6,3.6,-1
3,BSM,2003,126,51.6,10,6,3.6,-1
12,BSM,2003,126,51.6,10,6,3.6,-1
1,BSM,2003,126,51.6,10,6,3.6,-1
13,BSM,2003,126,51.6,10,6,3.6,-1
11,BSM,2003,126,51.6,10,6,3.6,-1
4,BSM,2003,126,51.6,10,6,3.6,-1
22,BSM,2003,126,51.6,10,6,3.6,-1
0,BSM,2003,126,51.6,10,6,3.6,-1
14,BSM,2003,126,51.6,10,6,3.6,-1
10,BSM,2003,126,51.6,10,6,3.6,-1
23,BSM,2003,126,51.6,10,6,3.6,-1
21,BSM,2003,126,51.6,10,6,3.6,-1
24,BSM,2003,126,51.6,10,6,3.6,-1
20,BSM,2003,126,51.6,10,6,3.6,-1
15,BSM,2003,126,51.6,10,6,3.6,-1
5,BSM,2003,126,51.6,10,6,3.6,-1
32,BSM,2003,126,51.6,10,6,3.6,-1
33,BSM,2003,126,51.6,10,6,3.6,-1
31,BSM,2003,126,51.6,10,6,3.6,-1
34,BSM,2003,126,51.6,10,6,3.6,-1
25,BSM,2003,126,51.6,10,6,3.6,-1
30,BSM,2003,126,51.6,10,6,3.6,-1
6,BSM,2003,126,51.6,10,6,3.6,-1
16,BSM,2003,126,51.6,10,6,3.6,-1
42,BSM,2003,126,51.6,10,6,3.6,-1
43,BSM,2003,126,51.6,10,6,3.6,-1
41,BSM,2003,126,51.6,10,6,3.6,-1
35,BSM,2003,126,51.6,10,6,3.6,-1
26,BSM,2003,126,51.6,10,6,3.6,-1
44,BSM,2003,126,51.6,10,6,3.6,-1
40,BSM,2003,126,51.6,10,6,3.6,-1
36,BSM,2003,126,51.6,10,6,3.6,-1
7,BSM,2003,126,51.6,10,6,3.6,-1
45,BSM,2003,126,51.6,10,6,3.6,-1
52,BSM,2003,126,51.6,10,6,3.6,-1
17,BSM,2003,126,51.6,10,6,3.6,-1
27,BSM,2003,126,51.6,10,6,3.6,-1
53,BSM,2003,126,51.6,10,6,3.6,-1
51,BSM,2003,126,51.6,10,6,3.6,-1
54,BSM,2003,126,51.6,10,6,3.6,-1
50,BSM,2003,126,51.6,10,6,3.6,-1
46,BSM,2003,126,51.6,10,6,3.6,-1
37,BSM,2003,126,51.6,10,6,3.6,-1
18,BSM,2003,126,51.6,10,6,3.6,-1
55,BSM,2003,126,51.6,10,6,3.6,-1
8,BSM,2003,126,51.6,10,6,3.6,-1
62,BSM,2003,126,51.6,10,6,3.6,-1
63,BSM,2003,126,51.6,10,6,3.6,-1
28,BSM,2003,126,51.6,10,6,3.6,-1
61,BSM,2003,126,51.6,10,6,3.6,-1
64,BSM,2003,126,51.6,10,6,3.6,-1
56,BSM,2003,126,51.6,10,6,3.6,-1
60,BSM,2003,126,51.6,10,6,3.6,-1
47,BSM,2003,126,51.6,10,6,3.6,-1
38,BSM,2003,126,51.6,10,6,3.6,-1
9,BSM,2003,126,51.6,10,6,3.6,-1
65,BSM,2003,126,51.6,10,6,3.6,-1
19,BSM,2003,126,51.6,10,6,3.6,-1
57,BSM,2003,126,51.6,10,6,3.6,-1
72,BSM,2003,126,51.6,10,6,3.6,-1
48,BSM,2003,126,51.6,10,6,3.6,-1
66,BSM,2003,126,51.6,10,6,3.6,-1
73,BSM,2003,126,51.6,10,6,3.6,-1
71,BSM,2003,126,51.6,10,6,3.6,-1
74,BSM,2003,126,51.6,10,6,3.6,-1
29,BSM,2003,126,51.6,10,6,3.6,-1
70,BSM,2003,126,51.6,10,6,3.6,-1
39,BSM,2003,126,51.6,10,6,3.6,-1
75,BSM,2003,126,51.6,10,6,3.6,-1
58,BSM,2003,126,51.6,10,6,3.6,-1
67,BSM,2003,126,51.6,10,6,3.6,-1
76,BSM,2003,126,51.6,10,6,3.6,-1
82,BSM,2003,126,51.6,10,6,3.6,-1
49,BSM,2003,126,51.6,10,6,3.6,-1
83,BSM,2003,126,51.6,10,6,3.6,-1
84,BSM,2003,126,51.6,10,6,3.6,-1
81,BSM,2003,126,51.6,10,6,3.6,-1
80,BSM,2003,126,51.6,10,6,3.6,-1
68,BSM,2003,126,51.6,10,6,3.6,-1
85,BSM,2003,126,51.6,10,6,3.6,-1
59,BSM,2003,126,51.6,10,6,3.6,-1
77,BSM,2003,126,51.6,10,6,3.6,-1
86,BSM,2003,126,51.6,10,6,3.6,-1
92,BSM,2003,126,51.6,10,6,3.6,-1
78,BSM,2003,126,51.6,10,6,3.6,-1
69,BSM,2003,126,51.6,10,6,3.6,-1
93,BSM,2003,126,51.6,10,6,3.6,-1
91,BSM,2003,126,51.6,10,6,3.6,-1
94,BSM,2003,126,51.6,10,6,3.6,-1
90,BSM,2003,126,51.6,10,6,3.6,-1
87,BSM,2003,126,51.6,10,6,3.6,-1
95,BSM,2003,126,51.6,10,6,3.6,-1
96,BSM,2003,126,51.6,10,6,3.6,-1
79,BSM,2003,126,51.6,10,6,3.6,-1
88,BSM,2003,126,51.6,10,6,3.6,-1
102,BSM,2003,126,51.6,10,6,3.6,-1
103,BSM,2003,126,51.6,10,6,3.6,-1
101,BSM,2003,126,51.6,10,6,3.6,-1
104,BSM,2003,126,51.6,10,6,3.6,-1
100,BSM,2003,126,51.6,10,6,3.6,-1
97,BSM,2003,126,51.6,10,6,3.6,-1
105,BSM,2003,126,51.6,10,6,3.6,-1
89,BSM,2003,126,51.6,10,6,3.6,-1
106,BSM,2003,126,51.6,10,6,3.6,-1
98,BSM,2003,126,51.6,10,6,3.6,-1
112,BSM,2003,126,51.6,10,6,3.6,-1
114,BSM,2003,126,51.6,10,6,3.6,-1
113,BSM,2003,126,51.6,10,6,3.6,-1
110,BSM,2003,126,51.6,10,6,3.6,-1
111,BSM,2003,126,51.6,10,6,3.6,-1
107,BSM,2003,126,51.6,10,6,3.6,-1
99,BSM,2003,126,51.6,10,6,3.6,-1
115,BSM,2003,126,51.6,10,6,3.6,-1
108,BSM,2003,126,51.6,10,6,3.6,-1
116,BSM,2003,126,51.6,10,6,3.6,-1
122,BSM,2003,126,51.6,10,6,3.6,-1
117,BSM,2003,126,51.6,10,6,3.6,-1
123,BSM,2003,126,51.6,10,6,3.6,-1
124,BSM,2003,126,51.6,10,6,3.6,-1
121,BSM,2003,126,51.6,10,6,3.6,-1
120,BSM,2003,126,51.6,10,6,3.6,-1
109,BSM,2003,126,51.6,10,6,3.6,-1
118,BSM,2003,126,51.6,10,6,3.6,-1
125,BSM,2003,126,51.6,10,6,3.6,-1
126,BSM,2003,126,51.6,10,6,3.6,-1
127,BSM,2003,126,51.6,10,6,3.6,-1
119,BSM,2003,126,51.6,10,6,3.6,-1
131,BSM,2003,126,51.6,10,6,3.6,-1
130,BSM,2003,126,51.6,10,6,3.6,-1
128,BSM,2003,126,51.6,10,6,3.6,-1
129,BSM,2003,126,51.6,10,6,3.6,-1
3,BSM,2004,136,61.6,10,6,3.6,-1
12,BSM,2004,136,61.6,10,6,3.6,-1
1,BSM,2004,136,61.6,10,6,3.6,-1
13,BSM,2004,136,61.6,10,6,3.6,-1
11,BSM,2004,136,61.6,10,6,3.6,-1
4,BSM,2004,136,61.6,10,6,3.6,-1
22,BSM,2004,136,61.6,10,6,3.6,-1
0,BSM,2004,136,61.6,10,6,3.6,-1
14,BSM,2004,136,61.6,10,6,3.6,-1
10,BSM,2004,136,61.6,10,6,3.6,-1
23,BSM,2004,136,61.6,10,6,3.6,-1
21,BSM,2004,136,61.6,10,6,3.6,-1
24,BSM,2004,136,61.6,10,6,3.6,-1
20,BSM,2004,136,61.6,10,6,3.6,-1
15,BSM,2004,136,61.6,10,6,3.6,-1
5,BSM,2004,136,61.6,10,6,3.6,-1
32,BSM,2004,136,61.6,10,6,3.6,-1
33,BSM,2004,136,61.6,10,6,3.6,-1
31,BSM,2004,136,61.6,10,6,3.6,-1
34,BSM,2004,136,61.6,10,6,3.6,-1
25,BSM,2004,136,61.6,10,6,3.6,-1
30,BSM,2004,136,61.6,10,6,3.6,-1
6,BSM,2004,136,61.6,10,6,3.6,-1
16,BSM,2004,136,61.6,10,6,3.6,-1
42,BSM,2004,136,61.6,10,6,3.6,-1
43,BSM,2004,136,61.6,10,6,3.6,-1
41,BSM,2004,136,61.6,10,6,3.6,-1
35,BSM,2004,136,61.6,10,6,3.6,-1
26,BSM,2004,136,61.6,10,6,3.6,-1
44,BSM,2004,136,61.6,10,6,3.6,-1
40,BSM,2004,136,61.6,10,6,3.6,-1
36,BSM,2004,136,61.6,10,6,3.6,-1
7,BSM,2004,136,61.6,10,6,3.6,-1
45,BSM,2004,136,61.6,10,6,3.6,-1
52,BSM,2004,136,61.6,10,6,3.6,-1
17,BSM,2004,136,61.6,10,6,3.6,-1
27,BSM,2004,136,61.6,10,6,3.6,-1
53,BSM,2004,136,61.6,10,6,3.6,-1
51,BSM,2004,136,61.6,10,6,3.6,-1
54,BSM,2004,136,61.6,10,6,3.6,-1
50,BSM,2004,136,61.6,10,6,3.6,-1
46,BSM,2004,136,61.6,10,6,3.6,-1
37,BSM,2004,136,61.6,10,6,3.6,-1
18,BSM,2004,136,61.6,10,6,3.6,-1
55,BSM,2004,136,61.6,10,6,3.6,-1
8,BSM,2004,136,61.6,10,6,3.6,-1
62,BSM,2004,136,61.6,10,6,3.6,-1
63,BSM,2004,136,61.6,10,6,3.6,-1
28,BSM,2004,136,61.6,10,6,3.6,-1
61,BSM,2004,136,61.6,10,6,3.6,-1
64,BSM,2004,136,61.6,10,6,3.6,-1
56,BSM,2004,136,61.6,10,6,3.6,-1
60,BSM,2004,136,61.6,10,6,3.6,-1
47,BSM,2004,136,61.6,10,6,3.6,-1
38,BSM,2004,136,61.6,10,6,3.6,-1
9,BSM,2004,136,61.6,10,6,3.6,-1
65,BSM,2004,136,61.6,10,6,3.6,-1
19,BSM,2004,136,61.6,10,6,3.6,-1
57,BSM,2004,136,61.6,10,6,3.6,-1
72,BSM,2004,136,61.6,10,6,3.6,-1
48,BSM,2004,136,61.6,10,6,3.6,-1
66,BSM,2004,136,61.6,10,6,3.6,-1
73,BSM,2004,136,61.6,10,6,3.6,-1
71,BSM,2004,136,61.6,10,6,3.6,-1
74,BSM,2004,136,61.6,10,6,3.6,-1
29,BSM,2004,136,61.6,10,6,3.6,-1
70,BSM,2004,136,61.6,10,6,3.6,-1
39,BSM,2004,136,61.6,10,6,3.6,-1
75,BSM,2004,136,61.6,10,6,3.6,-1
58,BSM,2004,136,61.6,10,6,3.6,-1
67,BSM,2004,136,61.6,10,6,3.6,-1
76,BSM,2004,136,61.6,10,6,3.6,-1
82,BSM,2004,136,61.6,10,6,3.6,-1
49,BSM,2004,136,61.6,10,6,3.6,-1
83,BSM,2004,136,61.6,10,6,3.6,-1
84,BSM,2004,136,61.6,10,6,3.6,-1
81,BSM,2004,136,61.6,10,6,3.6,-1
80,BSM,2004,136,61.6,10,6,3.6,-1
68,BSM,2004,136,61.6,10,6,3.6,-1
85,BSM,2004,136,61.6,10,6,3.6,-1
59,BSM,2004,136,61.6,10,6,3.6,-1
77,BSM,2004,136,61.6,10,6,3.6,-1
86,BSM,2004,136,61.6,10,6,3.6,-1
92,BSM,2004,136,61.6,10,6,3.6,-1
78,BSM,2004,136,61.6,10,6,3.6,-1
69,BSM,2004,136,61.6,10,6,3.6,-1
93,BSM,2004,136,61.6,10,6,3.6,-1
91,BSM,2004,136,61.6,10,6,3.6,-1
94,BSM,2004,136,61.6,10,6,3.6,-1
90,BSM,2004,136,61.6,10,6,3.6,-1
87,BSM,2004,136,61.6,10,6,3.6,-1
95,BSM,2004,136,61.6,10,6,3.6,-1
96,BSM,2004,136,61.6,10,6,3.6,-1
79,BSM,2004,136,61.6,10,6,3.6,-1
88,BSM,2004,136,61.6,10,6,3.6,-1
102,BSM,2004,136,61.6,10,6,3.6,-1
103,BSM,2004,136,61.6,10,6,3.6,-1
101,BSM,2004,136,61.6,10,6,3.6,-1
104,BSM,2004,136,61.6,10,6,3.6,-1
100,BSM,2004,136,61.6,10,6,3.6,-1
97,BSM,2004,136,61.6,10,6,3.6,-1
105,BSM,2004,136,61.6,10,6,3.6,-1
89,BSM,2004,136,61.6,10,6,3.6,-1
106,BSM,2004,136,61.6,10,6,3.6,-1
98,BSM,2004,136,61.6,10,6,3.6,-1
112,BSM,2004,136,61.6,10,6,3.6,-1
114,BSM,2004,136,61.6,10,6,3.6,-1
113,BSM,2004,136,61.6,10,6,3.6,-1
110,BSM,2004,136,61.6,10,6,3.6,-1
111,BSM,2004,136,61.6,10,6,3.6,-1
107,BSM,2004,136,61.6,10,6,3.6,-1
99,BSM,2004,136,61.6,10,6,3.6,-1
115,BSM,2004,136,61.6,10,6,3.6,-1
108,BSM,2004,136,61.6,10,6,3.6,-1
116,BSM,2004,136,61.6,10,6,3.6,-1
122,BSM,2004,136,61.6,10,6,3.6,-1
117,BSM,2004,136,61.6,10,6,3.6,-1
123,BSM,2004,136,61.6,10,6,3.6,-1
124,BSM,2004,136,61.6,10,6,3.6,-1
121,BSM,2004,136,61.6,10,6,3.6,-1
120,BSM,2004,136,61.6,10,6,3.6,-1
109,BSM,2004,136,61.6,10,6,3.6,-1
118,BSM,2004,136,61.6,10,6,3.6,-1
125,BSM,2004,136,61.6,10,6,3.6,-1
126,BSM,2004,136,61.6,10,6,3.6,-1
127,BSM,2004,136,61.6,10,6,3.6,-1
119,BSM,2004,136,61.6,10,6,3.6,-1
131,BSM,2004,136,61.6,10,6,3.6,-1
130,BSM,2004,136,61.6,10,6,3.6,-1
128,BSM,2004,136,61.6,10,6,3.6,-1
129,BSM,2004,136,61.6,10,6,3.6,-1
3,BSM,2005,146,71.6,10,6,3.6,-1
12,BSM,2005,146,71.6,10,6,3.6,-1
1,BSM,2005,146,71.6,10,6,3.6,-1
13,BSM,2005,146,71.6,10,6,3.6,-1
11,BSM,2005,146,71.6,10,6,3.6,-1
4,BSM,2005,146,71.6,10,6,3.6,-1
22,BSM,2005,146,71.6,10,6,3.6,-1
0,BSM,2005,146,71.6,10,6,3.6,-1
14,BSM,2005,146,71.6,10,6,3.6,-1
10,BSM,2005,146,71.6,10,6,3.6,-1
23,BSM,2005,146,71.6,10,6,3.6,-1
21,BSM,2005,146,71.6,10,6,3.6,-1
24,BSM,2005,146,71.6,10,6,3.6,-1
20,BSM,2005,146,71.6,10,6,3.6,-1
15,BSM,2005,146,71.6,10,6,3.6,-1
5,BSM,2005,146,71.6,10,6,3.6,-1
32,BSM,2005,146,71.6,10,6,3.6,-1
33,BSM,2005,146,71.6,10,6,3.6,-1
31,BSM,2005,146,71.6,10,6,3.6,-1
34,BSM,2005,146,71.6,10,6,3.6,-1
25,BSM,2005,146,71.6,10,6,3.6,-1
30,BSM,2005,146,71.6,10,6,3.6,-1
6,BSM,2005,146,71.6,10,6,3.6,-1
16,BSM,2005,146,71.6,10,6,3.6,-1
42,BSM,2005,146,71.6,10,6,3.6,-1
43,BSM,2005,146,71.6,10,6,3.6,-1
41,BSM,2005,146,71.6,10,6,3.6,-1
35,BSM,2005,146,71.6,10,6,3.6,-1
26,BSM,2005,146,71.6,10,6,3.6,-1
44,BSM,2005,146,71.6,10,6,3.6,-1
40,BSM,2005,146,71.6,10,6,3.6,-1
36,BSM,2005,146,71.6,10,6,3.6,-1
7,BSM,2005,146,71.6,10,6,3.6,-1
45,BSM,2005,146,71.6,10,6,3.6,-1
52,BSM,2005,146,71.6,10,6,3.6,-1
17,BSM,2005,146,71.6,10,6,3.6,-1
27,BSM,2005,146,71.6,10,6,3.6,-1
53,BSM,2005,146,71.6,10,6,3.6,-1
51,BSM,2005,146,71.6,10,6,3.6,-1
54,BSM,2005,146,71.6,10,6,3.6,-1
50,BSM,2005,146,71.6,10,6,3.6,-1
46,BSM,2005,146,71.6,10,6,3.6,-1
37,BSM,2005,146,71.6,10,6,3.6,-1
18,BSM,2005,146,71.6,10,6,3.6,-1
55,BSM,2005,146,71.6,10,6,3.6,-1
8,BSM,2005,146,71.6,10,6,3.6,-1
62,BSM,2005,146,71.6,10,6,3.6,-1
63,BSM,2005,146,71.6,10,6,3.6,-1
28,BSM,2005,146,71.6,10,6,3.6,-1
61,BSM,2005,146,71.6,10,6,3.6,-1
64,BSM,2005,146,71.6,10,6,3.6,-1
56,BSM,2005,146,71.6,10,6,3.6,-1
60,BSM,2005,146,71.6,10,6,3.6,-1
47,BSM,2005,146,71.6,10,6,3.6,-1
38,BSM,2005,146,71.6,10,6,3.6,-1
9,BSM,2005,146,71.6,10,6,3.6,-1
65,BSM,2005,146,71.6,10,6,3.6,-1
19,BSM,2005,146,71.6,10,6,3.6,-1
57,BSM,2005,146,71.6,10,6,3.6,-1
72,BSM,2005,146,71.6,10,6,3.6,-1
48,BSM,2005,146,71.6,10,6,3.6,-1
66,BSM,2005,146,71.6,10,6,3.6,-1
73,BSM,2005,146,71.6,10,6,3.6,-1
71,BSM,2005,146,71.6,10,6,3.6,-1
74,BSM,2005,146,71.6,10,6,3.6,-1
29,BSM,2005,146,71.6,10,6,3.6,-1
70,BSM,2005,146,71.6,10,6,3.6,-1
39,BSM,2005,146,71.6,10,6,3.6,-1
75,BSM,2005,146,71.6,10,6,3.6,-1
58,BSM,2005,146,71.6,10,6,3.6,-1
67,BSM,2005,146,71.6,10,6,3.6,-1
76,BSM,2005,146,71.6,10,6,3.6,-1
82,BSM,2005,146,71.6,10,6,3.6,-1
49,BSM,2005,146,71.6,10,6,3.6,-1
83,BSM,2005,146,71.6,10,6,3.6,-1
84,BSM,2005,146,71.6,10,6,3.6,-1
81,BSM,2005,146,71.6,10,6,3.6,-1
80,BSM,2005,146,71.6,10,6,3.6,-1
68,BSM,2005,146,71.6,10,6,3.6,-1
85,BSM,2005,146,71.6,10,6,3.6,-1
59,BSM,2005,146,71.6,10,6,3.6,-1
77,BSM,2005,146,71.6,10,6,3.6,-1
86,BSM,2005,146,71.6,10,6,3.6,-1
92,BSM,2005,146,71.6,10,6,3.6,-1
78,BSM,2005,146,71.6,10,6,3.6,-1
69,BSM,2005,146,71.6,10,6,3.6,-1
93,BSM,2005,146,71.6,10,6,3.6,-1
91,BSM,2005,146,71.6,10,6,3.6,-1
94,BSM,2005,146,71.6,10,6,3.6,-1
90,BSM,2005,146,71.6,10,6,3.6,-1
87,BSM,2005,146,71.6,10,6,3.6,-1
95,BSM,2005,146,71.6,10,6,3.6,-1
96,BSM,2005,146,71.6,10,6,3.6,-1
79,BSM,2005,146,71.6,10,6,3.6,-1
88,BSM,2005,146,71.6,10,6,3.6,-1
102,BSM,2005,146,71.6,10,6,3.6,-1
103,BSM,2005,146,71.6,10,6,3.6,-1
101,BSM,2005,146,71.6,10,6,3.6,-1
104,BSM,2005,146,71.6,10,6,3.6,-1
100,BSM,2005,146,71.6,10,6,3.6,-1
97,BSM,2005,146,71.6,10,6,3.6,-1
105,BSM,2005,146,71.6,10,6,3.6,-1
89,BSM,2005,146,71.6,10,6,3.6,-1
106,BSM,2005,146,71.6,10,6,3.6,-1
98,BSM,2005,146,71.6,10,6,3.6,-1
112,BSM,2005,146,71.6,10,6,3.6,-1
114,BSM,2005,146,71.6,10,6,3.6,-1
113,BSM,2005,146,71.6,10,6,3.6,-1
110,BSM,2005,146,71.6,10,6,3.6,-1
111,BSM,2005,146,71.6,10,6,3.6,-1
107,BSM,2005,146,71.6,10,6,3.6,-1
99,BSM,2005,146,71.6,10,6,3.6,-1
115,BSM,2005,146,71.6,10,6,3.6,-1
108,BSM,2005,146,71.6,10,6,3.6,-1
116,BSM,2005,146,71.6,10,6,3.6,-1
122,BSM,2005,146,71.6,10,6,3.6,-1
117,BSM,2005,146,71.6,10,6,3.6,-1
123,BSM,2005,146,71.6,10,6,3.6,-1
124,BSM,2005,146,71.6,10,6,3.6,-1
121,BSM,2005,146,71.6,10,6,3.6,-1
120,BSM,2005,146,71.6,10,6,3.6,-1
109,BSM,2005,146,71.6,10,6,3.6,-1
118,BSM,2005,146,71.6,10,6,3.6,-1
125,BSM,2005,146,71.6,10,6,3.6,-1
126,BSM,2005,146,71.6,10,6,3.6,-1
127,BSM,2005,146,71.6,10,6,3.6,-1
119,BSM,2005,146,71.6,10,6,3.6,-1
131,BSM,2005,146,71.6,10,6,3.6,-1
130,BSM,2005,146,71.6,10,6,3.6,-1
128,BSM,2005,146,71.6,10,6,3.6,-1
129,BSM,2005,146,71.6,10,6,3.6,-1
3,BSM,2002,117,42.2,10,6,3.7,-1
12,BSM,2002,117,42.2,10,6,3.7,-1
1,BSM,2002,117,42.2,10,6,3.7,-1
13,BSM,2002,117,42.2,10,6,3.7,-1
11,BSM,2002,117,42.2,10,6,3.7,-1
4,BSM,2002,117,42.2,10,6,3.7,-1
22,BSM,2002,117,42.2,10,6,3.7,-1
14,BSM,2002,117,42.2,10,6,3.7,-1
0,BSM,2002,117,42.2,10,6,3.7,-1
10,BSM,2002,117,42.2,10,6,3.7,-1
23,BSM,2002,117,42.2,10,6,3.7,-1
21,BSM,2002,117,42.2,10,6,3.7,-1
24,BSM,2002,117,42.2,10,6,3.7,-1
20,BSM,2002,117,42.2,10,6,3.7,-1
15,BSM,2002,117,42.2,10,6,3.7,-1
5,BSM,2002,117,42.2,10,6,3.7,-1
32,BSM,2002,117,42.2,10,6,3.7,-1
33,BSM,2002,117,42.2,10,6,3.7,-1
31,BSM,2002,117,42.2,10,6,3.7,-1
34,BSM,2002,117,42.2,10,6,3.7,-1
25,BSM,2002,117,42.2,10,6,3.7,-1
30,BSM,2002,117,42.2,10,6,3.7,-1
6,BSM,2002,117,42.2,10,6,3.7,-1
16,BSM,2002,117,42.2,10,6,3.7,-1
42,BSM,2002,117,42.2,10,6,3.7,-1
43,BSM,2002,117,42.2,10,6,3.7,-1
41,BSM,2002,117,42.2,10,6,3.7,-1
35,BSM,2002,117,42.2,10,6,3.7,-1
26,BSM,2002,117,42.2,10,6,3.7,-1
44,BSM,2002,117,42.2,10,6,3.7,-1
40,BSM,2002,117,42.2,10,6,3.7,-1
36,BSM,2002,117,42.2,10,6,3.7,-1
7,BSM,2002,117,42.2,10,6,3.7,-1
45,BSM,2002,117,42.2,10,6,3.7,-1
52,BSM,2002,117,42.2,10,6,3.7,-1
17,BSM,2002,117,42.2,10,6,3.7,-1
27,BSM,2002,117,42.2,10,6,3.7,-1
53,BSM,2002,117,42.2,10,6,3.7,-1
51,BSM,2002,117,42.2,10,6,3.7,-1
54,BSM,2002,117,42.2,10,6,3.7,-1
50,BSM,2002,117,42.2,10,6,3.7,-1
46,BSM,2002,117,42.2,10,6,3.7,-1
37,BSM,2002,117,42.2,10,6,3.7,-1
18,BSM,2002,117,42.2,10,6,3.7,-1
55,BSM,2002,117,42.2,10,6,3.7,-1
8,BSM,2002,117,42.2,10,6,3.7,-1
62,BSM,2002,117,42.2,10,6,3.7,-1
63,BSM,2002,117,42.2,10,6,3.7,-1
28,BSM,2002,117,42.2,10,6,3.7,-1
61,BSM,2002,117,42.2,10,6,3.7,-1
64,BSM,2002,117,42.2,10,6,3.7,-1
56,BSM,2002,117,42.2,10,6,3.7,-1
60,BSM,2002,117,42.2,10,6,3.7,-1
47,BSM,2002,117,42.2,10,6,3.7,-1
38,BSM,2002,117,42.2,10,6,3.7,-1
9,BSM,2002,117,42.2,10,6,3.7,-1
65,BSM,2002,117,42.2,10,6,3.7,-1
19,BSM,2002,117,42.2,10,6,3.7,-1
57,BSM,2002,117,42.2,10,6,3.7,-1
48,BSM,2002,117,42.2,10,6,3.7,-1
72,BSM,2002,117,42.2,10,6,3.7,-1
66,BSM,2002,117,42.2,10,6,3.7,-1
73,BSM,2002,117,42.2,10,6,3.7,-1
71,BSM,2002,117,42.2,10,6,3.7,-1
74,BSM,2002,117,42.2,10,6,3.7,-1
29,BSM,2002,117,42.2,10,6,3.7,-1
70,BSM,2002,117,42.2,10,6,3.7,-1
39,BSM,2002,117,42.2,10,6,3.7,-1
75,BSM,2002,117,42.2,10,6,3.7,-1
58,BSM,2002,117,42.2,10,6,3.7,-1
67,BSM,2002,117,42.2,10,6,3.7,-1
76,BSM,2002,117,42.2,10,6,3.7,-1
82,BSM,2002,117,42.2,10,6,3.7,-1
49,BSM,2002,117,42.2,10,6,3.7,-1
83,BSM,2002,117,42.2,10,6,3.7,-1
84,BSM,2002,117,42.2,10,6,3.7,-1
81,BSM,2002,117,42.2,10,6,3.7,-1
80,BSM,2002,117,42.2,10,6,3.7,-1
68,BSM,2002,117,42.2,10,6,3.7,-1
85,BSM,2002,117,42.2,10,6,3.7,-1
59,BSM,2002,117,42.2,10,6,3.7,-1
77,BSM,2002,117,42.2,10,6,3.7,-1
86,BSM,2002,117,42.2,10,6,3.7,-1
92,BSM,2002,117,42.2,10,6,3.7,-1
78,BSM,2002,117,42.2,10,6,3.7,-1
69,BSM,2002,117,42.2,10,6,3.7,-1
93,BSM,2002,117,42.2,10,6,3.7,-1
91,BSM,2002,117,42.2,10,6,3.7,-1
94,BSM,2002,117,42.2,10,6,3.7,-1
90,BSM,2002,117,42.2,10,6,3.7,-1
87,BSM,2002,117,42.2,10,6,3.7,-1
95,BSM,2002,117,42.2,10,6,3.7,-1
96,BSM,2002,117,42.2,10,6,3.7,-1
79,BSM,2002,117,42.2,10,6,3.7,-1
88,BSM,2002,117,42.2,10,6,3.7,-1
102,BSM,2002,117,42.2,10,6,3.7,-1
103,BSM,2002,117,42.2,10,6,3.7,-1
101,BSM,2002,117,42.2,10,6,3.7,-1
104,BSM,2002,117,42.2,10,6,3.7,-1
100,BSM,2002,117,42.2,10,6,3.7,-1
97,BSM,2002,117,42.2,10,6,3.7,-1
105,BSM,2002,117,42.2,10,6,3.7,-1
89,BSM,2002,117,42.2,10,6,3.7,-1
106,BSM,2002,117,42.2,10,6,3.7,-1
98,BSM,2002,117,42.2,10,6,3.7,-1
112,BSM,2002,117,42.2,10,6,3.7,-1
114,BSM,2002,117,42.2,10,6,3.7,-1
113,BSM,2002,117,42.2,10,6,3.7,-1
110,BSM,2002,117,42.2,10,6,3.7,-1
111,BSM,2002,117,42.2,10,6,3.7,-1
107,BSM,2002,117,42.2,10,6,3.7,-1
99,BSM,2002,117,42.2,10,6,3.7,-1
115,BSM,2002,117,42.2,10,6,3.7,-1
108,BSM,2002,117,42.2,10,6,3.7,-1
116,BSM,2002,117,42.2,10,6,3.7,-1
122,BSM,2002,117,42.2,10,6,3.7,-1
117,BSM,2002,117,42.2,10,6,3.7,-1
124,BSM,2002,117,42.2,10,6,3.7,-1
123,BSM,2002,117,42.2,10,6,3.7,-1
121,BSM,2002,117,42.2,10,6,3.7,-1
120,BSM,2002,117,42.2,10,6,3.7,-1
109,BSM,2002,117,42.2,10,6,3.7,-1
118,BSM,2002,117,42.2,10,6,3.7,-1
125,BSM,2002,117,42.2,10,6,3.7,-1
126,BSM,2002,117,42.2,10,6,3.7,-1
127,BSM,2002,117,42.2,10,6,3.7,-1
119,BSM,2002,117,42.2,10,6,3.7,-1
131,BSM,2002,117,42.2,10,6,3.7,-1
130,BSM,2002,117,42.2,10,6,3.7,-1
128,BSM,2002,117,42.2,10,6,3.7,-1
129,BSM,2002,117,42.2,10,6,3.7,-1
3,BSM,2003,127,52.2,10,6,3.7,-1
12,BSM,2003,127,52.2,10,6,3.7,-1
1,BSM,2003,127,52.2,10,6,3.7,-1
13,BSM,2003,127,52.2,10,6,3.7,-1
11,BSM,2003,127,52.2,10,6,3.7,-1
4,BSM,2003,127,52.2,10,6,3.7,-1
22,BSM,2003,127,52.2,10,6,3.7,-1
14,BSM,2003,127,52.2,10,6,3.7,-1
0,BSM,2003,127,52.2,10,6,3.7,-1
10,BSM,2003,127,52.2,10,6,3.7,-1
23,BSM,2003,127,52.2,10,6,3.7,-1
21,BSM,2003,127,52.2,10,6,3.7,-1
24,BSM,2003,127,52.2,10,6,3.7,-1
20,BSM,2003,127,52.2,10,6,3.7,-1
15,BSM,2003,127,52.2,10,6,3.7,-1
5,BSM,2003,127,52.2,10,6,3.7,-1
32,BSM,2003,127,52.2,10,6,3.7,-1
33,BSM,2003,127,52.2,10,6,3.7,-1
31,BSM,2003,127,52.2,10,6,3.7,-1
34,BSM,2003,127,52.2,10,6,3.7,-1
25,BSM,2003,127,52.2,10,6,3.7,-1
30,BSM,2003,127,52.2,10,6,3.7,-1
6,BSM,2003,127,52.2,10,6,3.7,-1
16,BSM,2003,127,52.2,10,6,3.7,-1
42,BSM,2003,127,52.2,10,6,3.7,-1
43,BSM,2003,127,52.2,10,6,3.7,-1
41,BSM,2003,127,52.2,10,6,3.7,-1
35,BSM,2003,127,52.2,10,6,3.7,-1
26,BSM,2003,127,52.2,10,6,3.7,-1
44,BSM,2003,127,52.2,10,6,3.7,-1
40,BSM,2003,127,52.2,10,6,3.7,-1
36,BSM,2003,127,52.2,10,6,3.7,-1
7,BSM,2003,127,52.2,10,6,3.7,-1
45,BSM,2003,127,52.2,10,6,3.7,-1
52,BSM,2003,127,52.2,10,6,3.7,-1
17,BSM,2003,127,52.2,10,6,3.7,-1
27,BSM,2003,127,52.2,10,6,3.7,-1
53,BSM,2003,127,52.2,10,6,3.7,-1
51,BSM,2003,127,52.2,10,6,3.7,-1
54,BSM,2003,127,52.2,10,6,3.7,-1
50,BSM,2003,127,52.2,10,6,3.7,-1
46,BSM,2003,127,52.2,10,6,3.7,-1
37,BSM,2003,127,52.2,10,6,3.7,-1
18,BSM,2003,127,52.2,10,6,3.7,-1
55,BSM,2003,127,52.2,10,6,3.7,-1
8,BSM,2003,127,52.2,10,6,3.7,-1
62,BSM,2003,127,52.2,10,6,3.7,-1
63,BSM,2003,127,52.2,10,6,3.7,-1
28,BSM,2003,127,52.2,10,6,3.7,-1
61,BSM,2003,127,52.2,10,6,3.7,-1
64,BSM,2003,127,52.2,10,6,3.7,-1
56,BSM,2003,127,52.2,10,6,3.7,-1
60,BSM,2003,127,52.2,10,6,3.7,-1
47,BSM,2003,127,52.2,10,6,3.7,-1
38,BSM,2003,127,52.2,10,6,3.7,-1
9,BSM,2003,127,52.2,10,6,3.7,-1
65,BSM,2003,127,52.2,10,6,3.7,-1
19,BSM,2003,127,52.2,10,6,3.7,-1
57,BSM,2003,127,52.2,10,6,3.7,-1
48,BSM,2003,127,52.2,10,6,3.7,-1
72,BSM,2003,127,52.2,10,6,3.7,-1
66,BSM,2003,127,52.2,10,6,3.7,-1
73,BSM,2003,127,52.2,10,6,3.7,-1
71,BSM,2003,127,52.2,10,6,3.7,-1
74,BSM,2003,127,52.2,10,6,3.7,-1
29,BSM,2003,127,52.2,10,6,3.7,-1
70,BSM,2003,127,52.2,10,6,3.7,-1
39,BSM,2003,127,52.2,10,6,3.7,-1
75,BSM,2003,127,52.2,10,6,3.7,-1
58,BSM,2003,127,52.2,10,6,3.7,-1
67,BSM,2003,127,52.2,10,6,3.7,-1
76,BSM,2003,127,52.2,10,6,3.7,-1
82,BSM,2003,127,52.2,10,6,3.7,-1
49,BSM,2003,127,52.2,10,6,3.7,-1
83,BSM,2003,127,52.2,10,6,3.7,-1
84,BSM,2003,127,52.2,10,6,3.7,-1
81,BSM,2003,127,52.2,10,6,3.7,-1
80,BSM,2003,127,52.2,10,6,3.7,-1
68,BSM,2003,127,52.2,10,6,3.7,-1
85,BSM,2003,127,52.2,10,6,3.7,-1
59,BSM,2003,127,52.2,10,6,3.7,-1
77,BSM,2003,127,52.2,10,6,3.7,-1
86,BSM,2003,127,52.2,10,6,3.7,-1
92,BSM,2003,127,52.2,10,6,3.7,-1
78,BSM,2003,127,52.2,10,6,3.7,-1
69,BSM,2003,127,52.2,10,6,3.7,-1
93,BSM,2003,127,52.2,10,6,3.7,-1
91,BSM,2003,127,52.2,10,6,3.7,-1
94,BSM,2003,127,52.2,10,6,3.7,-1
90,BSM,2003,127,52.2,10,6,3.7,-1
87,BSM,2003,127,52.2,10,6,3.7,-1
95,BSM,2003,127,52.2,10,6,3.7,-1
96,BSM,2003,127,52.2,10,6,3.7,-1
79,BSM,2003,127,52.2,10,6,3.7,-1
88,BSM,2003,127,52.2,10,6,3.7,-1
102,BSM,2003,127,52.2,10,6,3.7,-1
103,BSM,2003,127,52.2,10,6,3.7,-1
101,BSM,2003,127,52.2,10,6,3.7,-1
104,BSM,2003,127,52.2,10,6,3.7,-1
100,BSM,2003,127,52.2,10,6,3.7,-1
97,BSM,2003,127,52.2,10,6,3.7,-1
105,BSM,2003,127,52.2,10,6,3.7,-1
89,BSM,2003,127,52.2,10,6,3.7,-1
106,BSM,2003,127,52.2,10,6,3.7,-1
98,BSM,2003,127,52.2,10,6,3.7,-1
112,BSM,2003,127,52.2,10,6,3.7,-1
114,BSM,2003,127,52.2,10,6,3.7,-1
113,BSM,2003,127,52.2,10,6,3.7,-1
110,BSM,2003,127,52.2,10,6,3.7,-1
111,BSM,2003,127,52.2,10,6,3.7,-1
107,BSM,2003,127,52.2,10,6,3.7,-1
99,BSM,2003,127,52.2,10,6,3.7,-1
115,BSM,2003,127,52.2,10,6,3.7,-1
108,BSM,2003,127,52.2,10,6,3.7,-1
116,BSM,2003,127,52.2,10,6,3.7,-1
122,BSM,2003,127,52.2,10,6,3.7,-1
117,BSM,2003,127,52.2,10,6,3.7,-1
124,BSM,2003,127,52.2,10,6,3.7,-1
123,BSM,2003,127,52.2,10,6,3.7,-1
121,BSM,2003,127,52.2,10,6,3.7,-1
120,BSM,2003,127,52.2,10,6,3.7,-1
109,BSM,2003,127,52.2,10,6,3.7,-1
118,BSM,2003,127,52.2,10,6,3.7,-1
125,BSM,2003,127,52.2,10,6,3.7,-1
126,BSM,2003,127,52.2,10,6,3.7,-1
127,BSM,2003,127,52.2,10,6,3.7,-1
119,BSM,2003,127,52.2,10,6,3.7,-1
131,BSM,2003,127,52.2,10,6,3.7,-1
130,BSM,2003,127,52.2,10,6,3.7,-1
128,BSM,2003,127,52.2,10,6,3.7,-1
129,BSM,2003,127,52.2,10,6,3.7,-1
3,BSM,2004,137,62.2,10,6,3.7,-1
12,BSM,2004,137,62.2,10,6,3.7,-1
1,BSM,2004,137,62.2,10,6,3.7,-1
13,BSM,2004,137,62.2,10,6,3.7,-1
11,BSM,2004,137,62.2,10,6,3.7,-1
4,BSM,2004,137,62.2,10,6,3.7,-1
22,BSM,2004,137,62.2,10,6,3.7,-1
14,BSM,2004,137,62.2,10,6,3.7,-1
0,BSM,2004,137,62.2,10,6,3.7,-1
10,BSM,2004,137,62.2,10,6,3.7,-1
23,BSM,2004,137,62.2,10,6,3.7,-1
21,BSM,2004,137,62.2,10,6,3.7,-1
24,BSM,2004,137,62.2,10,6,3.7,-1
20,BSM,2004,137,62.2,10,6,3.7,-1
15,BSM,2004,137,62.2,10,6,3.7,-1
5,BSM,2004,137,62.2,10,6,3.7,-1
32,BSM,2004,137,62.2,10,6,3.7,-1
33,BSM,2004,137,62.2,10,6,3.7,-1
31,BSM,2004,137,62.2,10,6,3.7,-1
34,BSM,2004,137,62.2,10,6,3.7,-1
25,BSM,2004,137,62.2,10,6,3.7,-1
30,BSM,2004,137,62.2,10,6,3.7,-1
6,BSM,2004,137,62.2,10,6,3.7,-1
16,BSM,2004,137,62.2,10,6,3.7,-1
42,BSM,2004,137,62.2,10,6,3.7,-1
43,BSM,2004,137,62.2,10,6,3.7,-1
41,BSM,2004,137,62.2,10,6,3.7,-1
35,BSM,2004,137,62.2,10,6,3.7,-1
26,BSM,2004,137,62.2,10,6,3.7,-1
44,BSM,2004,137,62.2,10,6,3.7,-1
40,BSM,2004,137,62.2,10,6,3.7,-1
36,BSM,2004,137,62.2,10,6,3.7,-1
7,BSM,2004,137,62.2,10,6,3.7,-1
45,BSM,2004,137,62.2,10,6,3.7,-1
52,BSM,2004,137,62.2,10,6,3.7,-1
17,BSM,2004,137,62.2,10,6,3.7,-1
27,BSM,2004,137,62.2,10,6,3.7,-1
53,BSM,2004,137,62.2,10,6,3.7,-1
51,BSM,2004,137,62.2,10,6,3.7,-1
54,BSM,2004,137,62.2,10,6,3.7,-1
50,BSM,2004,137,62.2,10,6,3.7,-1
46,BSM,2004,137,62.2,10,6,3.7,-1
37,BSM,2004,137,62.2,10,6,3.7,-1
18,BSM,2004,137,62.2,10,6,3.7,-1
55,BSM,2004,137,62.2,10,6,3.7,-1
8,BSM,2004,137,62.2,10,6,3.7,-1
62,BSM,2004,137,62.2,10,6,3.7,-1
63,BSM,2004,137,62.2,10,6,3.7,-1
28,BSM,2004,137,62.2,10,6,3.7,-1
61,BSM,2004,137,62.2,10,6,3.7,-1
64,BSM,2004,137,62.2,10,6,3.7,-1
56,BSM,2004,137,62.2,10,6,3.7,-1
60,BSM,2004,137,62.2,10,6,3.7,-1
47,BSM,2004,137,62.2,10,6,3.7,-1
38,BSM,2004,137,62.2,10,6,3.7,-1
9,BSM,2004,137,62.2,10,6,3.7,-1
65,BSM,2004,137,62.2,10,6,3.7,-1
19,BSM,2004,137,62.2,10,6,3.7,-1
57,BSM,2004,137,62.2,10,6,3.7,-1
48,BSM,2004,137,62.2,10,6,3.7,-1
72,BSM,2004,137,62.2,10,6,3.7,-1
66,BSM,2004,137,62.2,10,6,3.7,-1
73,BSM,2004,137,62.2,10,6,3.7,-1
71,BSM,2004,137,62.2,10,6,3.7,-1
74,BSM,2004,137,62.2,10,6,3.7,-1
29,BSM,2004,137,62.2,10,6,3.7,-1
70,BSM,2004,137,62.2,10,6,3.7,-1
39,BSM,2004,137,62.2,10,6,3.7,-1
75,BSM,2004,137,62.2,10,6,3.7,-1
58,BSM,2004,137,62.2,10,6,3.7,-1
67,BSM,2004,137,62.2,10,6,3.7,-1
76,BSM,2004,137,62.2,10,6,3.7,-1
82,BSM,2004,137,62.2,10,6,3.7,-1
49,BSM,2004,137,62.2,10,6,3.7,-1
83,BSM,2004,137,62.2,10,6,3.7,-1
84,BSM,2004,137,62.2,10,6,3.7,-1
81,BSM,2004,137,62.2,10,6,3.7,-1
80,BSM,2004,137,62.2,10,6,3.7,-1
68,BSM,2004,137,62.2,10,6,3.7,-1
85,BSM,2004,137,62.2,10,6,3.7,-1
59,BSM,2004,137,62.2,10,6,3.7,-1
77,BSM,2004,137,62.2,10,6,3.7,-1
86,BSM,2004,137,62.2,10,6,3.7,-1
92,BSM,2004,137,62.2,10,6,3.7,-1
78,BSM,2004,137,62.2,10,6,3.7,-1
69,BSM,2004,137,62.2,10,6,3.7,-1
93,BSM,2004,137,62.2,10,6,3.7,-1
91,BSM,2004,137,62.2,10,6,3.7,-1
94,BSM,2004,137,62.2,10,6,3.7,-1
90,BSM,2004,137,62.2,10,6,3.7,-1
87,BSM,2004,137,62.2,10,6,3.7,-1
95,BSM,2004,137,62.2,10,6,3.7,-1
96,BSM,2004,137,62.2,10,6,3.7,-1
79,BSM,2004,137,62.2,10,6,3.7,-1
88,BSM,2004,137,62.2,10,6,3.7,-1
102,BSM,2004,137,62.2,10,6,3.7,-1
103,BSM,2004,137,62.2,10,6,3.7,-1
101,BSM,2004,137,62.2,10,6,3.7,-1
104,BSM,2004,137,62.2,10,6,3.7,-1
100,BSM,2004,137,62.2,10,6,3.7,-1
97,BSM,2004,137,62.2,10,6,3.7,-1
105,BSM,2004,137,62.2,10,6,3.7,-1
89,BSM,2004,137,62.2,10,6,3.7,-1
106,BSM,2004,137,62.2,10,6,3.7,-1
98,BSM,2004,137,62.2,10,6,3.7,-1
112,BSM,2004,137,62.2,10,6,3.7,-1
114,BSM,2004,137,62.2,10,6,3.7,-1
113,BSM,2004,137,62.2,10,6,3.7,-1
110,BSM,2004,137,62.2,10,6,3.7,-1
111,BSM,2004,137,62.2,10,6,3.7,-1
107,BSM,2004,137,62.2,10,6,3.7,-1
99,BSM,2004,137,62.2,10,6,3.7,-1
115,BSM,2004,137,62.2,10,6,3.7,-1
108,BSM,2004,137,62.2,10,6,3.7,-1
116,BSM,2004,137,62.2,10,6,3.7,-1
122,BSM,2004,137,62.2,10,6,3.7,-1
117,BSM,2004,137,62.2,10,6,3.7,-1
124,BSM,2004,137,62.2,10,6,3.7,-1
123,BSM,2004,137,62.2,10,6,3.7,-1
121,BSM,2004,137,62.2,10,6,3.7,-1
120,BSM,2004,137,62.2,10,6,3.7,-1
109,BSM,2004,137,62.2,10,6,3.7,-1
118,BSM,2004,137,62.2,10,6,3.7,-1
125,BSM,2004,137,62.2,10,6,3.7,-1
126,BSM,2004,137,62.2,10,6,3.7,-1
127,BSM,2004,137,62.2,10,6,3.7,-1
119,BSM,2004,137,62.2,10,6,3.7,-1
131,BSM,2004,137,62.2,10,6,3.7,-1
130,BSM,2004,137,62.2,10,6,3.7,-1
128,BSM,2004,137,62.2,10,6,3.7,-1
129,BSM,2004,137,62.2,10,6,3.7,-1
3,BSM,2005,147,72.2,10,6,3.7,-1
12,BSM,2005,147,72.2,10,6,3.7,-1
1,BSM,2005,147,72.2,10,6,3.7,-1
13,BSM,2005,147,72.2,10,6,3.7,-1
11,BSM,2005,147,72.2,10,6,3.7,-1
4,BSM,2005,147,72.2,10,6,3.7,-1
22,BSM,2005,147,72.2,10,6,3.7,-1
14,BSM,2005,147,72.2,10,6,3.7,-1
0,BSM,2005,147,72.2,10,6,3.7,-1
10,BSM,2005,147,72.2,10,6,3.7,-1
23,BSM,2005,147,72.2,10,6,3.7,-1
21,BSM,2005,147,72.2,10,6,3.7,-1
24,BSM,2005,147,72.2,10,6,3.7,-1
20,BSM,2005,147,72.2,10,6,3.7,-1
15,BSM,2005,147,72.2,10,6,3.7,-1
5,BSM,2005,147,72.2,10,6,3.7,-1
32,BSM,2005,147,72.2,10,6,3.7,-1
33,BSM,2005,147,72.2,10,6,3.7,-1
31,BSM,2005,147,72.2,10,6,3.7,-1
34,BSM,2005,147,72.2,10,6,3.7,-1
25,BSM,2005,147,72.2,10,6,3.7,-1
30,BSM,2005,147,72.2,10,6,3.7,-1
6,BSM,2005,147,72.2,10,6,3.7,-1
16,BSM,2005,147,72.2,10,6,3.7,-1
42,BSM,2005,147,72.2,10,6,3.7,-1
43,BSM,2005,147,72.2,10,6,3.7,-1
41,BSM,2005,147,72.2,10,6,3.7,-1
35,BSM,2005,147,72.2,10,6,3.7,-1
26,BSM,2005,147,72.2,10,6,3.7,-1
44,BSM,2005,147,72.2,10,6,3.7,-1
40,BSM,2005,147,72.2,10,6,3.7,-1
36,BSM,2005,147,72.2,10,6,3.7,-1
7,BSM,2005,147,72.2,10,6,3.7,-1
45,BSM,2005,147,72.2,10,6,3.7,-1
52,BSM,2005,147,72.2,10,6,3.7,-1
17,BSM,2005,147,72.2,10,6,3.7,-1
27,BSM,2005,147,72.2,10,6,3.7,-1
53,BSM,2005,147,72.2,10,6,3.7,-1
51,BSM,2005,147,72.2,10,6,3.7,-1
54,BSM,2005,147,72.2,10,6,3.7,-1
50,BSM,2005,147,72.2,10,6,3.7,-1
46,BSM,2005,147,72.2,10,6,3.7,-1
37,BSM,2005,147,72.2,10,6,3.7,-1
18,BSM,2005,147,72.2,10,6,3.7,-1
55,BSM,2005,147,72.2,10,6,3.7,-1
8,BSM,2005,147,72.2,10,6,3.7,-1
62,BSM,2005,147,72.2,10,6,3.7,-1
63,BSM,2005,147,72.2,10,6,3.7,-1
28,BSM,2005,147,72.2,10,6,3.7,-1
61,BSM,2005,147,72.2,10,6,3.7,-1
64,BSM,2005,147,72.2,10,6,3.7,-1
56,BSM,2005,147,72.2,10,6,3.7,-1
60,BSM,2005,147,72.2,10,6,3.7,-1
47,BSM,2005,147,72.2,10,6,3.7,-1
38,BSM,2005,147,72.2,10,6,3.7,-1
9,BSM,2005,147,72.2,10,6,3.7,-1
65,BSM,2005,147,72.2,10,6,3.7,-1
19,BSM,2005,147,72.2,10,6,3.7,-1
57,BSM,2005,147,72.2,10,6,3.7,-1
48,BSM,2005,147,72.2,10,6,3.7,-1
72,BSM,2005,147,72.2,10,6,3.7,-1
66,BSM,2005,147,72.2,10,6,3.7,-1
73,BSM,2005,147,72.2,10,6,3.7,-1
71,BSM,2005,147,72.2,10,6,3.7,-1
74,BSM,2005,147,72.2,10,6,3.7,-1
29,BSM,2005,147,72.2,10,6,3.7,-1
70,BSM,2005,147,72.2,10,6,3.7,-1
39,BSM,2005,147,72.2,10,6,3.7,-1
75,BSM,2005,147,72.2,10,6,3.7,-1
58,BSM,2005,147,72.2,10,6,3.7,-1
67,BSM,2005,147,72.2,10,6,3.7,-1
76,BSM,2005,147,72.2,10,6,3.7,-1
82,BSM,2005,147,72.2,10,6,3.7,-1
49,BSM,2005,147,72.2,10,6,3.7,-1
83,BSM,2005,147,72.2,10,6,3.7,-1
84,BSM,2005,147,72.2,10,6,3.7,-1
81,BSM,2005,147,72.2,10,6,3.7,-1
80,BSM,2005,147,72.2,10,6,3.7,-1
68,BSM,2005,147,72.2,10,6,3.7,-1
85,BSM,2005,147,72.2,10,6,3.7,-1
59,BSM,2005,147,72.2,10,6,3.7,-1
77,BSM,2005,147,72.2,10,6,3.7,-1
86,BSM,2005,147,72.2,10,6,3.7,-1
92,BSM,2005,147,72.2,10,6,3.7,-1
78,BSM,2005,147,72.2,10,6,3.7,-1
69,BSM,2005,147,72.2,10,6,3.7,-1
93,BSM,2005,147,72.2,10,6,3.7,-1
91,BSM,2005,147,72.2,10,6,3.7,-1
94,BSM,2005,147,72.2,10,6,3.7,-1
90,BSM,2005,147,72.2,10,6,3.7,-1
87,BSM,2005,147,72.2,10,6,3.7,-1
95,BSM,2005,147,72.2,10,6,3.7,-1
96,BSM,2005,147,72.2,10,6,3.7,-1
79,BSM,2005,147,72.2,10,6,3.7,-1
88,BSM,2005,147,72.2,10,6,3.7,-1
102,BSM,2005,147,72.2,10,6,3.7,-1
103,BSM,2005,147,72.2,10,6,3.7,-1
101,BSM,2005,147,72.2,10,6,3.7,-1
104,BSM,2005,147,72.2,10,6,3.7,-1
100,BSM,2005,147,72.2,10,6,3.7,-1
97,BSM,2005,147,72.2,10,6,3.7,-1
105,BSM,2005,147,72.2,10,6,3.7,-1
89,BSM,2005,147,72.2,10,6,3.7,-1
106,BSM,2005,147,72.2,10,6,3.7,-1
98,BSM,2005,147,72.2,10,6,3.7,-1
112,BSM,2005,147,72.2,10,6,3.7,-1
114,BSM,2005,147,72.2,10,6,3.7,-1
113,BSM,2005,147,72.2,10,6,3.7,-1
110,BSM,2005,147,72.2,10,6,3.7,-1
111,BSM,2005,147,72.2,10,6,3.7,-1
107,BSM,2005,147,72.2,10,6,3.7,-1
99,BSM,2005,147,72.2,10,6,3.7,-1
115,BSM,2005,147,72.2,10,6,3.7,-1
108,BSM,2005,147,72.2,10,6,3.7,-1
116,BSM,2005,147,72.2,10,6,3.7,-1
122,BSM,2005,147,72.2,10,6,3.7,-1
117,BSM,2005,147,72.2,10,6,3.7,-1
124,BSM,2005,147,72.2,10,6,3.7,-1
123,BSM,2005,147,72.2,10,6,3.7,-1
121,BSM,2005,147,72.2,10,6,3.7,-1
120,BSM,2005,147,72.2,10,6,3.7,-1
109,BSM,2005,147,72.2,10,6,3.7,-1
118,BSM,2005,147,72.2,10,6,3.7,-1
125,BSM,2005,147,72.2,10,6,3.7,-1
126,BSM,2005,147,72.2,10,6,3.7,-1
127,BSM,2005,147,72.2,10,6,3.7,-1
119,BSM,2005,147,72.2,10,6,3.7,-1
131,BSM,2005,147,72.2,10,6,3.7,-1
130,BSM,2005,147,72.2,10,6,3.7,-1
128,BSM,2005,147,72.2,10,6,3.7,-1
129,BSM,2005,147,72.2,10,6,3.7,-1
3,BSM,2002,118,42.8,10,6,3.8,-1
12,BSM,2002,118,42.8,10,6,3.8,-1
1,BSM,2002,118,42.8,10,6,3.8,-1
13,BSM,2002,118,42.8,10,6,3.8,-1
11,BSM,2002,118,42.8,10,6,3.8,-1
4,BSM,2002,118,42.8,10,6,3.8,-1
22,BSM,2002,118,42.8,10,6,3.8,-1
14,BSM,2002,118,42.8,10,6,3.8,-1
0,BSM,2002,118,42.8,10,6,3.8,-1
10,BSM,2002,118,42.8,10,6,3.8,-1
23,BSM,2002,118,42.8,10,6,3.8,-1
21,BSM,2002,118,42.8,10,6,3.8,-1
24,BSM,2002,118,42.8,10,6,3.8,-1
20,BSM,2002,118,42.8,10,6,3.8,-1
15,BSM,2002,118,42.8,10,6,3.8,-1
5,BSM,2002,118,42.8,10,6,3.8,-1
32,BSM,2002,118,42.8,10,6,3.8,-1
33,BSM,2002,118,42.8,10,6,3.8,-1
31,BSM,2002,118,42.8,10,6,3.8,-1
34,BSM,2002,118,42.8,10,6,3.8,-1
25,BSM,2002,118,42.8,10,6,3.8,-1
6,BSM,2002,118,42.8,10,6,3.8,-1
30,BSM,2002,118,42.8,10,6,3.8,-1
16,BSM,2002,118,42.8,10,6,3.8,-1
42,BSM,2002,118,42.8,10,6,3.8,-1
43,BSM,2002,118,42.8,10,6,3.8,-1
41,BSM,2002,118,42.8,10,6,3.8,-1
35,BSM,2002,118,42.8,10,6,3.8,-1
26,BSM,2002,118,42.8,10,6,3.8,-1
44,BSM,2002,118,42.8,10,6,3.8,-1
40,BSM,2002,118,42.8,10,6,3.8,-1
36,BSM,2002,118,42.8,10,6,3.8,-1
7,BSM,2002,118,42.8,10,6,3.8,-1
45,BSM,2002,118,42.8,10,6,3.8,-1
52,BSM,2002,118,42.8,10,6,3.8,-1
17,BSM,2002,118,42.8,10,6,3.8,-1
27,BSM,2002,118,42.8,10,6,3.8,-1
53,BSM,2002,118,42.8,10,6,3.8,-1
51,BSM,2002,118,42.8,10,6,3.8,-1
54,BSM,2002,118,42.8,10,6,3.8,-1
50,BSM,2002,118,42.8,10,6,3.8,-1
46,BSM,2002,118,42.8,10,6,3.8,-1
37,BSM,2002,118,42.8,10,6,3.8,-1
18,BSM,2002,118,42.8,10,6,3.8,-1
55,BSM,2002,118,42.8,10,6,3.8,-1
8,BSM,2002,118,42.8,10,6,3.8,-1
62,BSM,2002,118,42.8,10,6,3.8,-1
63,BSM,2002,118,42.8,10,6,3.8,-1
28,BSM,2002,118,42.8,10,6,3.8,-1
61,BSM,2002,118,42.8,10,6,3.8,-1
64,BSM,2002,118,42.8,10,6,3.8,-1
56,BSM,2002,118,42.8,10,6,3.8,-1
60,BSM,2002,118,42.8,10,6,3.8,-1
47,BSM,2002,118,42.8,10,6,3.8,-1
38,BSM,2002,118,42.8,10,6,3.8,-1
9,BSM,2002,118,42.8,10,6,3.8,-1
65,BSM,2002,118,42.8,10,6,3.8,-1
19,BSM,2002,118,42.8,10,6,3.8,-1
57,BSM,2002,118,42.8,10,6,3.8,-1
48,BSM,2002,118,42.8,10,6,3.8,-1
72,BSM,2002,118,42.8,10,6,3.8,-1
66,BSM,2002,118,42.8,10,6,3.8,-1
73,BSM,2002,118,42.8,10,6,3.8,-1
71,BSM,2002,118,42.8,10,6,3.8,-1
74,BSM,2002,118,42.8,10,6,3.8,-1
29,BSM,2002,118,42.8,10,6,3.8,-1
70,BSM,2002,118,42.8,10,6,3.8,-1
39,BSM,2002,118,42.8,10,6,3.8,-1
75,BSM,2002,118,42.8,10,6,3.8,-1
58,BSM,2002,118,42.8,10,6,3.8,-1
67,BSM,2002,118,42.8,10,6,3.8,-1
76,BSM,2002,118,42.8,10,6,3.8,-1
82,BSM,2002,118,42.8,10,6,3.8,-1
49,BSM,2002,118,42.8,10,6,3.8,-1
83,BSM,2002,118,42.8,10,6,3.8,-1
84,BSM,2002,118,42.8,10,6,3.8,-1
81,BSM,2002,118,42.8,10,6,3.8,-1
80,BSM,2002,118,42.8,10,6,3.8,-1
68,BSM,2002,118,42.8,10,6,3.8,-1
85,BSM,2002,118,42.8,10,6,3.8,-1
59,BSM,2002,118,42.8,10,6,3.8,-1
77,BSM,2002,118,42.8,10,6,3.8,-1
86,BSM,2002,118,42.8,10,6,3.8,-1
92,BSM,2002,118,42.8,10,6,3.8,-1
78,BSM,2002,118,42.8,10,6,3.8,-1
69,BSM,2002,118,42.8,10,6,3.8,-1
93,BSM,2002,118,42.8,10,6,3.8,-1
91,BSM,2002,118,42.8,10,6,3.8,-1
94,BSM,2002,118,42.8,10,6,3.8,-1
90,BSM,2002,118,42.8,10,6,3.8,-1
87,BSM,2002,118,42.8,10,6,3.8,-1
95,BSM,2002,118,42.8,10,6,3.8,-1
96,BSM,2002,118,42.8,10,6,3.8,-1
79,BSM,2002,118,42.8,10,6,3.8,-1
88,BSM,2002,118,42.8,10,6,3.8,-1
102,BSM,2002,118,42.8,10,6,3.8,-1
103,BSM,2002,118,42.8,10,6,3.8,-1
101,BSM,2002,118,42.8,10,6,3.8,-1
104,BSM,2002,118,42.8,10,6,3.8,-1
100,BSM,2002,118,42.8,10,6,3.8,-1
97,BSM,2002,118,42.8,10,6,3.8,-1
105,BSM,2002,118,42.8,10,6,3.8,-1
89,BSM,2002,118,42.8,10,6,3.8,-1
106,BSM,2002,118,42.8,10,6,3.8,-1
98,BSM,2002,118,42.8,10,6,3.8,-1
112,BSM,2002,118,42.8,10,6,3.8,-1
114,BSM,2002,118,42.8,10,6,3.8,-1
113,BSM,2002,118,42.8,10,6,3.8,-1
110,BSM,2002,118,42.8,10,6,3.8,-1
111,BSM,2002,118,42.8,10,6,3.8,-1
107,BSM,2002,118,42.8,10,6,3.8,-1
99,BSM,2002,118,42.8,10,6,3.8,-1
115,BSM,2002,118,42.8,10,6,3.8,-1
108,BSM,2002,118,42.8,10,6,3.8,-1
116,BSM,2002,118,42.8,10,6,3.8,-1
122,BSM,2002,118,42.8,10,6,3.8,-1
117,BSM,2002,118,42.8,10,6,3.8,-1
124,BSM,2002,118,42.8,10,6,3.8,-1
123,BSM,2002,118,42.8,10,6,3.8,-1
121,BSM,2002,118,42.8,10,6,3.8,-1
120,BSM,2002,118,42.8,10,6,3.8,-1
109,BSM,2002,118,42.8,10,6,3.8,-1
118,BSM,2002,118,42.8,10,6,3.8,-1
125,BSM,2002,118,42.8,10,6,3.8,-1
126,BSM,2002,118,42.8,10,6,3.8,-1
127,BSM,2002,118,42.8,10,6,3.8,-1
119,BSM,2002,118,42.8,10,6,3.8,-1
131,BSM,2002,118,42.8,10,6,3.8,-1
130,BSM,2002,118,42.8,10,6,3.8,-1
128,BSM,2002,118,42.8,10,6,3.8,-1
129,BSM,2002,118,42.8,10,6,3.8,-1
3,BSM,2003,128,52.8,10,6,3.8,-1
12,BSM,2003,128,52.8,10,6,3.8,-1
1,BSM,2003,128,52.8,10,6,3.8,-1
13,BSM,2003,128,52.8,10,6,3.8,-1
11,BSM,2003,128,52.8,10,6,3.8,-1
4,BSM,2003,128,52.8,10,6,3.8,-1
22,BSM,2003,128,52.8,10,6,3.8,-1
14,BSM,2003,128,52.8,10,6,3.8,-1
0,BSM,2003,128,52.8,10,6,3.8,-1
10,BSM,2003,128,52.8,10,6,3.8,-1
23,BSM,2003,128,52.8,10,6,3.8,-1
21,BSM,2003,128,52.8,10,6,3.8,-1
24,BSM,2003,128,52.8,10,6,3.8,-1
20,BSM,2003,128,52.8,10,6,3.8,-1
15,BSM,2003,128,52.8,10,6,3.8,-1
5,BSM,2003,128,52.8,10,6,3.8,-1
32,BSM,2003,128,52.8,10,6,3.8,-1
33,BSM,2003,128,52.8,10,6,3.8,-1
31,BSM,2003,128,52.8,10,6,3.8,-1
34,BSM,2003,128,52.8,10,6,3.8,-1
25,BSM,2003,128,52.8,10,6,3.8,-1
6,BSM,2003,128,52.8,10,6,3.8,-1
30,BSM,2003,128,52.8,10,6,3.8,-1
16,BSM,2003,128,52.8,10,6,3.8,-1
42,BSM,2003,128,52.8,10,6,3.8,-1
43,BSM,2003,128,52.8,10,6,3.8,-1
41,BSM,2003,128,52.8,10,6,3.8,-1
35,BSM,2003,128,52.8,10,6,3.8,-1
26,BSM,2003,128,52.8,10,6,3.8,-1
44,BSM,2003,128,52.8,10,6,3.8,-1
40,BSM,2003,128,52.8,10,6,3.8,-1
36,BSM,2003,128,52.8,10,6,3.8,-1
7,BSM,2003,128,52.8,10,6,3.8,-1
45,BSM,2003,128,52.8,10,6,3.8,-1
52,BSM,2003,128,52.8,10,6,3.8,-1
17,BSM,2003,128,52.8,10,6,3.8,-1
27,BSM,2003,128,52.8,10,6,3.8,-1
53,BSM,2003,128,52.8,10,6,3.8,-1
51,BSM,2003,128,52.8,10,6,3.8,-1
54,BSM,2003,128,52.8,10,6,3.8,-1
50,BSM,2003,128,52.8,10,6,3.8,-1
46,BSM,2003,128,52.8,10,6,3.8,-1
37,BSM,2003,128,52.8,10,6,3.8,-1
18,BSM,2003,128,52.8,10,6,3.8,-1
55,BSM,2003,128,52.8,10,6,3.8,-1
8,BSM,2003,128,52.8,10,6,3.8,-1
62,BSM,2003,128,52.8,10,6,3.8,-1
63,BSM,2003,128,52.8,10,6,3.8,-1
28,BSM,2003,128,52.8,10,6,3.8,-1
61,BSM,2003,128,52.8,10,6,3.8,-1
64,BSM,2003,128,52.8,10,6,3.8,-1
56,BSM,2003,128,52.8,10,6,3.8,-1
60,BSM,2003,128,52.8,10,6,3.8,-1
47,BSM,2003,128,52.8,10,6,3.8,-1
38,BSM,2003,128,52.8,10,6,3.8,-1
9,BSM,2003,128,52.8,10,6,3.8,-1
65,BSM,2003,128,52.8,10,6,3.8,-1
19,BSM,2003,128,52.8,10,6,3.8,-1
57,BSM,2003,128,52.8,10,6,3.8,-1
48,BSM,2003,128,52.8,10,6,3.8,-1
72,BSM,2003,128,52.8,10,6,3.8,-1
66,BSM,2003,128,52.8,10,6,3.8,-1
73,BSM,2003,128,52.8,10,6,3.8,-1
71,BSM,2003,128,52.8,10,6,3.8,-1
74,BSM,2003,128,52.8,10,6,3.8,-1
29,BSM,2003,128,52.8,10,6,3.8,-1
70,BSM,2003,128,52.8,10,6,3.8,-1
39,BSM,2003,128,52.8,10,6,3.8,-1
75,BSM,2003,128,52.8,10,6,3.8,-1
58,BSM,2003,128,52.8,10,6,3.8,-1
67,BSM,2003,128,52.8,10,6,3.8,-1
76,BSM,2003,128,52.8,10,6,3.8,-1
82,BSM,2003,128,52.8,10,6,3.8,-1
49,BSM,2003,128,52.8,10,6,3.8,-1
83,BSM,2003,128,52.8,10,6,3.8,-1
84,BSM,2003,128,52.8,10,6,3.8,-1
81,BSM,2003,128,52.8,10,6,3.8,-1
80,BSM,2003,128,52.8,10,6,3.8,-1
68,BSM,2003,128,52.8,10,6,3.8,-1
85,BSM,2003,128,52.8,10,6,3.8,-1
59,BSM,2003,128,52.8,10,6,3.8,-1
77,BSM,2003,128,52.8,10,6,3.8,-1
86,BSM,2003,128,52.8,10,6,3.8,-1
92,BSM,2003,128,52.8,10,6,3.8,-1
78,BSM,2003,128,52.8,10,6,3.8,-1
69,BSM,2003,128,52.8,10,6,3.8,-1
93,BSM,2003,128,52.8,10,6,3.8,-1
91,BSM,2003,128,52.8,10,6,3.8,-1
94,BSM,2003,128,52.8,10,6,3.8,-1
90,BSM,2003,128,52.8,10,6,3.8,-1
87,BSM,2003,128,52.8,10,6,3.8,-1
95,BSM,2003,128,52.8,10,6,3.8,-1
96,BSM,2003,128,52.8,10,6,3.8,-1
79,BSM,2003,128,52.8,10,6,3.8,-1
88,BSM,2003,128,52.8,10,6,3.8,-1
102,BSM,2003,128,52.8,10,6,3.8,-1
103,BSM,2003,128,52.8,10,6,3.8,-1
101,BSM,2003,128,52.8,10,6,3.8,-1
104,BSM,2003,128,52.8,10,6,3.8,-1
100,BSM,2003,128,52.8,10,6,3.8,-1
97,BSM,2003,128,52.8,10,6,3.8,-1
105,BSM,2003,128,52.8,10,6,3.8,-1
89,BSM,2003,128,52.8,10,6,3.8,-1
106,BSM,2003,128,52.8,10,6,3.8,-1
98,BSM,2003,128,52.8,10,6,3.8,-1
112,BSM,2003,128,52.8,10,6,3.8,-1
114,BSM,2003,128,52.8,10,6,3.8,-1
113,BSM,2003,128,52.8,10,6,3.8,-1
110,BSM,2003,128,52.8,10,6,3.8,-1
111,BSM,2003,128,52.8,10,6,3.8,-1
107,BSM,2003,128,52.8,10,6,3.8,-1
99,BSM,2003,128,52.8,10,6,3.8,-1
115,BSM,2003,128,52.8,10,6,3.8,-1
108,BSM,2003,128,52.8,10,6,3.8,-1
116,BSM,2003,128,52.8,10,6,3.8,-1
122,BSM,2003,128,52.8,10,6,3.8,-1
117,BSM,2003,128,52.8,10,6,3.8,-1
124,BSM,2003,128,52.8,10,6,3.8,-1
123,BSM,2003,128,52.8,10,6,3.8,-1
121,BSM,2003,128,52.8,10,6,3.8,-1
120,BSM,2003,128,52.8,10,6,3.8,-1
109,BSM,2003,128,52.8,10,6,3.8,-1
118,BSM,2003,128,52.8,10,6,3.8,-1
125,BSM,2003,128,52.8,10,6,3.8,-1
126,BSM,2003,128,52.8,10,6,3.8,-1
127,BSM,2003,128,52.8,10,6,3.8,-1
119,BSM,2003,128,52.8,10,6,3.8,-1
131,BSM,2003,128,52.8,10,6,3.8,-1
130,BSM,2003,128,52.8,10,6,3.8,-1
128,BSM,2003,128,52.8,10,6,3.8,-1
129,BSM,2003,128,52.8,10,6,3.8,-1
3,BSM,2004,138,62.8,10,6,3.8,-1
12,BSM,2004,138,62.8,10,6,3.8,-1
1,BSM,2004,138,62.8,10,6,3.8,-1
13,BSM,2004,138,62.8,10,6,3.8,-1
11,BSM,2004,138,62.8,10,6,3.8,-1
4,BSM,2004,138,62.8,10,6,3.8,-1
22,BSM,2004,138,62.8,10,6,3.8,-1
14,BSM,2004,138,62.8,10,6,3.8,-1
0,BSM,2004,138,62.8,10,6,3.8,-1
10,BSM,2004,138,62.8,10,6,3.8,-1
23,BSM,2004,138,62.8,10,6,3.8,-1
21,BSM,2004,138,62.8,10,6,3.8,-1
24,BSM,2004,138,62.8,10,6,3.8,-1
20,BSM,2004,138,62.8,10,6,3.8,-1
15,BSM,2004,138,62.8,10,6,3.8,-1
5,BSM,2004,138,62.8,10,6,3.8,-1
32,BSM,2004,138,62.8,10,6,3.8,-1
33,BSM,2004,138,62.8,10,6,3.8,-1
31,BSM,2004,138,62.8,10,6,3.8,-1
34,BSM,2004,138,62.8,10,6,3.8,-1
25,BSM,2004,138,62.8,10,6,3.8,-1
6,BSM,2004,138,62.8,10,6,3.8,-1
30,BSM,2004,138,62.8,10,6,3.8,-1
16,BSM,2004,138,62.8,10,6,3.8,-1
42,BSM,2004,138,62.8,10,6,3.8,-1
43,BSM,2004,138,62.8,10,6,3.8,-1
41,BSM,2004,138,62.8,10,6,3.8,-1
35,BSM,2004,138,62.8,10,6,3.8,-1
26,BSM,2004,138,62.8,10,6,3.8,-1
44,BSM,2004,138,62.8,10,6,3.8,-1
40,BSM,2004,138,62.8,10,6,3.8,-1
36,BSM,2004,138,62.8,10,6,3.8,-1
7,BSM,2004,138,62.8,10,6,3.8,-1
45,BSM,2004,138,62.8,10,6,3.8,-1
52,BSM,2004,138,62.8,10,6,3.8,-1
17,BSM,2004,138,62.8,10,6,3.8,-1
27,BSM,2004,138,62.8,10,6,3.8,-1
53,BSM,2004,138,62.8,10,6,3.8,-1
51,BSM,2004,138,62.8,10,6,3.8,-1
54,BSM,2004,138,62.8,10,6,3.8,-1
50,BSM,2004,138,62.8,10,6,3.8,-1
46,BSM,2004,138,62.8,10,6,3.8,-1
37,BSM,2004,138,62.8,10,6,3.8,-1
18,BSM,2004,138,62.8,10,6,3.8,-1
55,BSM,2004,138,62.8,10,6,3.8,-1
8,BSM,2004,138,62.8,10,6,3.8,-1
62,BSM,2004,138,62.8,10,6,3.8,-1
63,BSM,2004,138,62.8,10,6,3.8,-1
28,BSM,2004,138,62.8,10,6,3.8,-1
61,BSM,2004,138,62.8,10,6,3.8,-1
64,BSM,2004,138,62.8,10,6,3.8,-1
56,BSM,2004,138,62.8,10,6,3.8,-1
60,BSM,2004,138,62.8,10,6,3.8,-1
47,BSM,2004,138,62.8,10,6,3.8,-1
38,BSM,2004,138,62.8,10,6,3.8,-1
9,BSM,2004,138,62.8,10,6,3.8,-1
65,BSM,2004,138,62.8,10,6,3.8,-1
19,BSM,2004,138,62.8,10,6,3.8,-1
57,BSM,2004,138,62.8,10,6,3.8,-1
48,BSM,2004,138,62.8,10,6,3.8,-1
72,BSM,2004,138,62.8,10,6,3.8,-1
66,BSM,2004,138,62.8,10,6,3.8,-1
73,BSM,2004,138,62.8,10,6,3.8,-1
71,BSM,2004,138,62.8,10,6,3.8,-1
74,BSM,2004,138,62.8,10,6,3.8,-1
29,BSM,2004,138,62.8,10,6,3.8,-1
70,BSM,2004,138,62.8,10,6,3.8,-1
39,BSM,2004,138,62.8,10,6,3.8,-1
75,BSM,2004,138,62.8,10,6,3.8,-1
58,BSM,2004,138,62.8,10,6,3.8,-1
67,BSM,2004,138,62.8,10,6,3.8,-1
76,BSM,2004,138,62.8,10,6,3.8,-1
82,BSM,2004,138,62.8,10,6,3.8,-1
49,BSM,2004,138,62.8,10,6,3.8,-1
83,BSM,2004,138,62.8,10,6,3.8,-1
84,BSM,2004,138,62.8,10,6,3.8,-1
81,BSM,2004,138,62.8,10,6,3.8,-1
80,BSM,2004,138,62.8,10,6,3.8,-1
68,BSM,2004,138,62.8,10,6,3.8,-1
85,BSM,2004,138,62.8,10,6,3.8,-1
59,BSM,2004,138,62.8,10,6,3.8,-1
77,BSM,2004,138,62.8,10,6,3.8,-1
86,BSM,2004,138,62.8,10,6,3.8,-1
92,BSM,2004,138,62.8,10,6,3.8,-1
78,BSM,2004,138,62.8,10,6,3.8,-1
69,BSM,2004,138,62.8,10,6,3.8,-1
93,BSM,2004,138,62.8,10,6,3.8,-1
91,BSM,2004,138,62.8,10,6,3.8,-1
94,BSM,2004,138,62.8,10,6,3.8,-1
90,BSM,2004,138,62.8,10,6,3.8,-1
87,BSM,2004,138,62.8,10,6,3.8,-1
95,BSM,2004,138,62.8,10,6,3.8,-1
96,BSM,2004,138,62.8,10,6,3.8,-1
79,BSM,2004,138,62.8,10,6,3.8,-1
88,BSM,2004,138,62.8,10,6,3.8,-1
102,BSM,2004,138,62.8,10,6,3.8,-1
103,BSM,2004,138,62.8,10,6,3.8,-1
101,BSM,2004,138,62.8,10,6,3.8,-1
104,BSM,2004,138,62.8,10,6,3.8,-1
100,BSM,2004,138,62.8,10,6,3.8,-1
97,BSM,2004,138,62.8,10,6,3.8,-1
105,BSM,2004,138,62.8,10,6,3.8,-1
89,BSM,2004,138,62.8,10,6,3.8,-1
106,BSM,2004,138,62.8,10,6,3.8,-1
98,BSM,2004,138,62.8,10,6,3.8,-1
112,BSM,2004,138,62.8,10,6,3.8,-1
114,BSM,2004,138,62.8,10,6,3.8,-1
113,BSM,2004,138,62.8,10,6,3.8,-1
110,BSM,2004,138,62.8,10,6,3.8,-1
111,BSM,2004,138,62.8,10,6,3.8,-1
107,BSM,2004,138,62.8,10,6,3.8,-1
99,BSM,2004,138,62.8,10,6,3.8,-1
115,BSM,2004,138,62.8,10,6,3.8,-1
108,BSM,2004,138,62.8,10,6,3.8,-1
116,BSM,2004,138,62.8,10,6,3.8,-1
122,BSM,2004,138,62.8,10,6,3.8,-1
117,BSM,2004,138,62.8,10,6,3.8,-1
124,BSM,2004,138,62.8,10,6,3.8,-1
123,BSM,2004,138,62.8,10,6,3.8,-1
121,BSM,2004,138,62.8,10,6,3.8,-1
120,BSM,2004,138,62.8,10,6,3.8,-1
109,BSM,2004,138,62.8,10,6,3.8,-1
118,BSM,2004,138,62.8,10,6,3.8,-1
125,BSM,2004,138,62.8,10,6,3.8,-1
126,BSM,2004,138,62.8,10,6,3.8,-1
127,BSM,2004,138,62.8,10,6,3.8,-1
119,BSM,2004,138,62.8,10,6,3.8,-1
131,BSM,2004,138,62.8,10,6,3.8,-1
130,BSM,2004,138,62.8,10,6,3.8,-1
128,BSM,2004,138,62.8,10,6,3.8,-1
129,BSM,2004,138,62.8,10,6,3.8,-1
3,BSM,2005,148,72.8,10,6,3.8,-1
12,BSM,2005,148,72.8,10,6,3.8,-1
1,BSM,2005,148,72.8,10,6,3.8,-1
11,BSM,2005,148,72.8,10,6,3.8,-1
0,BSM,2005,148,72.8,10,6,3.8,-1
10,BSM,2005,148,72.8,10,6,3.8,-1
21,BSM,2005,148,72.8,10,6,3.8,-1
20,BSM,2005,148,72.8,10,6,3.8,-1
3,BSM,2002,119,43.4,10,6,3.9,-1
12,BSM,2002,119,43.4,10,6,3.9,-1
1,BSM,2002,119,43.4,10,6,3.9,-1
13,BSM,2002,119,43.4,10,6,3.9,-1
11,BSM,2002,119,43.4,10,6,3.9,-1
4,BSM,2002,119,43.4,10,6,3.9,-1
22,BSM,2002,119,43.4,10,6,3.9,-1
14,BSM,2002,119,43.4,10,6,3.9,-1
0,BSM,2002,119,43.4,10,6,3.9,-1
10,BSM,2002,119,43.4,10,6,3.9,-1
23,BSM,2002,119,43.4,10,6,3.9,-1
21,BSM,2002,119,43.4,10,6,3.9,-1
24,BSM,2002,119,43.4,10,6,3.9,-1
20,BSM,2002,119,43.4,10,6,3.9,-1
15,BSM,2002,119,43.4,10,6,3.9,-1
5,BSM,2002,119,43.4,10,6,3.9,-1
32,BSM,2002,119,43.4,10,6,3.9,-1
33,BSM,2002,119,43.4,10,6,3.9,-1
31,BSM,2002,119,43.4,10,6,3.9,-1
34,BSM,2002,119,43.4,10,6,3.9,-1
25,BSM,2002,119,43.4,10,6,3.9,-1
6,BSM,2002,119,43.4,10,6,3.9,-1
30,BSM,2002,119,43.4,10,6,3.9,-1
16,BSM,2002,119,43.4,10,6,3.9,-1
42,BSM,2002,119,43.4,10,6,3.9,-1
43,BSM,2002,119,43.4,10,6,3.9,-1
41,BSM,2002,119,43.4,10,6,3.9,-1
35,BSM,2002,119,43.4,10,6,3.9,-1
26,BSM,2002,119,43.4,10,6,3.9,-1
44,BSM,2002,119,43.4,10,6,3.9,-1
40,BSM,2002,119,43.4,10,6,3.9,-1
36,BSM,2002,119,43.4,10,6,3.9,-1
7,BSM,2002,119,43.4,10,6,3.9,-1
45,BSM,2002,119,43.4,10,6,3.9,-1
52,BSM,2002,119,43.4,10,6,3.9,-1
17,BSM,2002,119,43.4,10,6,3.9,-1
27,BSM,2002,119,43.4,10,6,3.9,-1
53,BSM,2002,119,43.4,10,6,3.9,-1
51,BSM,2002,119,43.4,10,6,3.9,-1
54,BSM,2002,119,43.4,10,6,3.9,-1
50,BSM,2002,119,43.4,10,6,3.9,-1
46,BSM,2002,119,43.4,10,6,3.9,-1
37,BSM,2002,119,43.4,10,6,3.9,-1
18,BSM,2002,119,43.4,10,6,3.9,-1
55,BSM,2002,119,43.4,10,6,3.9,-1
8,BSM,2002,119,43.4,10,6,3.9,-1
62,BSM,2002,119,43.4,10,6,3.9,-1
63,BSM,2002,119,43.4,10,6,3.9,-1
28,BSM,2002,119,43.4,10,6,3.9,-1
61,BSM,2002,119,43.4,10,6,3.9,-1
64,BSM,2002,119,43.4,10,6,3.9,-1
56,BSM,2002,119,43.4,10,6,3.9,-1
60,BSM,2002,119,43.4,10,6,3.9,-1
47,BSM,2002,119,43.4,10,6,3.9,-1
38,BSM,2002,119,43.4,10,6,3.9,-1
9,BSM,2002,119,43.4,10,6,3.9,-1
65,BSM,2002,119,43.4,10,6,3.9,-1
19,BSM,2002,119,43.4,10,6,3.9,-1
57,BSM,2002,119,43.4,10,6,3.9,-1
48,BSM,2002,119,43.4,10,6,3.9,-1
72,BSM,2002,119,43.4,10,6,3.9,-1
66,BSM,2002,119,43.4,10,6,3.9,-1
73,BSM,2002,119,43.4,10,6,3.9,-1
71,BSM,2002,119,43.4,10,6,3.9,-1
74,BSM,2002,119,43.4,10,6,3.9,-1
29,BSM,2002,119,43.4,10,6,3.9,-1
70,BSM,2002,119,43.4,10,6,3.9,-1
39,BSM,2002,119,43.4,10,6,3.9,-1
75,BSM,2002,119,43.4,10,6,3.9,-1
58,BSM,2002,119,43.4,10,6,3.9,-1
67,BSM,2002,119,43.4,10,6,3.9,-1
76,BSM,2002,119,43.4,10,6,3.9,-1
82,BSM,2002,119,43.4,10,6,3.9,-1
49,BSM,2002,119,43.4,10,6,3.9,-1
84,BSM,2002,119,43.4,10,6,3.9,-1
83,BSM,2002,119,43.4,10,6,3.9,-1
81,BSM,2002,119,43.4,10,6,3.9,-1
80,BSM,2002,119,43.4,10,6,3.9,-1
68,BSM,2002,119,43.4,10,6,3.9,-1
85,BSM,2002,119,43.4,10,6,3.9,-1
59,BSM,2002,119,43.4,10,6,3.9,-1
77,BSM,2002,119,43.4,10,6,3.9,-1
86,BSM,2002,119,43.4,10,6,3.9,-1
92,BSM,2002,119,43.4,10,6,3.9,-1
78,BSM,2002,119,43.4,10,6,3.9,-1
69,BSM,2002,119,43.4,10,6,3.9,-1
93,BSM,2002,119,43.4,10,6,3.9,-1
94,BSM,2002,119,43.4,10,6,3.9,-1
91,BSM,2002,119,43.4,10,6,3.9,-1
90,BSM,2002,119,43.4,10,6,3.9,-1
87,BSM,2002,119,43.4,10,6,3.9,-1
95,BSM,2002,119,43.4,10,6,3.9,-1
96,BSM,2002,119,43.4,10,6,3.9,-1
79,BSM,2002,119,43.4,10,6,3.9,-1
88,BSM,2002,119,43.4,10,6,3.9,-1
102,BSM,2002,119,43.4,10,6,3.9,-1
103,BSM,2002,119,43.4,10,6,3.9,-1
101,BSM,2002,119,43.4,10,6,3.9,-1
104,BSM,2002,119,43.4,10,6,3.9,-1
100,BSM,2002,119,43.4,10,6,3.9,-1
97,BSM,2002,119,43.4,10,6,3.9,-1
105,BSM,2002,119,43.4,10,6,3.9,-1
106,BSM,2002,119,43.4,10,6,3.9,-1
89,BSM,2002,119,43.4,10,6,3.9,-1
98,BSM,2002,119,43.4,10,6,3.9,-1
112,BSM,2002,119,43.4,10,6,3.9,-1
114,BSM,2002,119,43.4,10,6,3.9,-1
113,BSM,2002,119,43.4,10,6,3.9,-1
110,BSM,2002,119,43.4,10,6,3.9,-1
111,BSM,2002,119,43.4,10,6,3.9,-1
107,BSM,2002,119,43.4,10,6,3.9,-1
99,BSM,2002,119,43.4,10,6,3.9,-1
115,BSM,2002,119,43.4,10,6,3.9,-1
108,BSM,2002,119,43.4,10,6,3.9,-1
116,BSM,2002,119,43.4,10,6,3.9,-1
122,BSM,2002,119,43.4,10,6,3.9,-1
117,BSM,2002,119,43.4,10,6,3.9,-1
124,BSM,2002,119,43.4,10,6,3.9,-1
123,BSM,2002,119,43.4,10,6,3.9,-1
121,BSM,2002,119,43.4,10,6,3.9,-1
120,BSM,2002,119,43.4,10,6,3.9,-1
109,BSM,2002,119,43.4,10,6,3.9,-1
118,BSM,2002,119,43.4,10,6,3.9,-1
125,BSM,2002,119,43.4,10,6,3.9,-1
126,BSM,2002,119,43.4,10,6,3.9,-1
127,BSM,2002,119,43.4,10,6,3.9,-1
119,BSM,2002,119,43.4,10,6,3.9,-1
130,BSM,2002,119,43.4,10,6,3.9,-1
131,BSM,2002,119,43.4,10,6,3.9,-1
128,BSM,2002,119,43.4,10,6,3.9,-1
129,BSM,2002,119,43.4,10,6,3.9,-1
3,BSM,2003,129,53.4,10,6,3.9,-1
12,BSM,2003,129,53.4,10,6,3.9,-1
1,BSM,2003,129,53.4,10,6,3.9,-1
13,BSM,2003,129,53.4,10,6,3.9,-1
11,BSM,2003,129,53.4,10,6,3.9,-1
4,BSM,2003,129,53.4,10,6,3.9,-1
22,BSM,2003,129,53.4,10,6,3.9,-1
14,BSM,2003,129,53.4,10,6,3.9,-1
0,BSM,2003,129,53.4,10,6,3.9,-1
10,BSM,2003,129,53.4,10,6,3.9,-1
23,BSM,2003,129,53.4,10,6,3.9,-1
21,BSM,2003,129,53.4,10,6,3.9,-1
24,BSM,2003,129,53.4,10,6,3.9,-1
20,BSM,2003,129,53.4,10,6,3.9,-1
15,BSM,2003,129,53.4,10,6,3.9,-1
5,BSM,2003,129,53.4,10,6,3.9,-1
32,BSM,2003,129,53.4,10,6,3.9,-1
33,BSM,2003,129,53.4,10,6,3.9,-1
31,BSM,2003,129,53.4,10,6,3.9,-1
34,BSM,2003,129,53.4,10,6,3.9,-1
25,BSM,2003,129,53.4,10,6,3.9,-1
6,BSM,2003,129,53.4,10,6,3.9,-1
30,BSM,2003,129,53.4,10,6,3.9,-1
16,BSM,2003,129,53.4,10,6,3.9,-1
42,BSM,2003,129,53.4,10,6,3.9,-1
43,BSM,2003,129,53.4,10,6,3.9,-1
41,BSM,2003,129,53.4,10,6,3.9,-1
35,BSM,2003,129,53.4,10,6,3.9,-1
26,BSM,2003,129,53.4,10,6,3.9,-1
44,BSM,2003,129,53.4,10,6,3.9,-1
40,BSM,2003,129,53.4,10,6,3.9,-1
36,BSM,2003,129,53.4,10,6,3.9,-1
7,BSM,2003,129,53.4,10,6,3.9,-1
45,BSM,2003,129,53.4,10,6,3.9,-1
52,BSM,2003,129,53.4,10,6,3.9,-1
17,BSM,2003,129,53.4,10,6,3.9,-1
27,BSM,2003,129,53.4,10,6,3.9,-1
53,BSM,2003,129,53.4,10,6,3.9,-1
51,BSM,2003,129,53.4,10,6,3.9,-1
54,BSM,2003,129,53.4,10,6,3.9,-1
50,BSM,2003,129,53.4,10,6,3.9,-1
46,BSM,2003,129,53.4,10,6,3.9,-1
37,BSM,2003,129,53.4,10,6,3.9,-1
18,BSM,2003,129,53.4,10,6,3.9,-1
55,BSM,2003,129,53.4,10,6,3.9,-1
8,BSM,2003,129,53.4,10,6,3.9,-1
62,BSM,2003,129,53.4,10,6,3.9,-1
63,BSM,2003,129,53.4,10,6,3.9,-1
28,BSM,2003,129,53.4,10,6,3.9,-1
61,BSM,2003,129,53.4,10,6,3.9,-1
64,BSM,2003,129,53.4,10,6,3.9,-1
56,BSM,2003,129,53.4,10,6,3.9,-1
60,BSM,2003,129,53.4,10,6,3.9,-1
47,BSM,2003,129,53.4,10,6,3.9,-1
38,BSM,2003,129,53.4,10,6,3.9,-1
9,BSM,2003,129,53.4,10,6,3.9,-1
65,BSM,2003,129,53.4,10,6,3.9,-1
19,BSM,2003,129,53.4,10,6,3.9,-1
57,BSM,2003,129,53.4,10,6,3.9,-1
48,BSM,2003,129,53.4,10,6,3.9,-1
72,BSM,2003,129,53.4,10,6,3.9,-1
66,BSM,2003,129,53.4,10,6,3.9,-1
73,BSM,2003,129,53.4,10,6,3.9,-1
71,BSM,2003,129,53.4,10,6,3.9,-1
74,BSM,2003,129,53.4,10,6,3.9,-1
29,BSM,2003,129,53.4,10,6,3.9,-1
70,BSM,2003,129,53.4,10,6,3.9,-1
39,BSM,2003,129,53.4,10,6,3.9,-1
75,BSM,2003,129,53.4,10,6,3.9,-1
58,BSM,2003,129,53.4,10,6,3.9,-1
67,BSM,2003,129,53.4,10,6,3.9,-1
76,BSM,2003,129,53.4,10,6,3.9,-1
82,BSM,2003,129,53.4,10,6,3.9,-1
49,BSM,2003,129,53.4,10,6,3.9,-1
84,BSM,2003,129,53.4,10,6,3.9,-1
83,BSM,2003,129,53.4,10,6,3.9,-1
81,BSM,2003,129,53.4,10,6,3.9,-1
80,BSM,2003,129,53.4,10,6,3.9,-1
68,BSM,2003,129,53.4,10,6,3.9,-1
85,BSM,2003,129,53.4,10,6,3.9,-1
59,BSM,2003,129,53.4,10,6,3.9,-1
77,BSM,2003,129,53.4,10,6,3.9,-1
86,BSM,2003,129,53.4,10,6,3.9,-1
92,BSM,2003,129,53.4,10,6,3.9,-1
78,BSM,2003,129,53.4,10,6,3.9,-1
69,BSM,2003,129,53.4,10,6,3.9,-1
93,BSM,2003,129,53.4,10,6,3.9,-1
94,BSM,2003,129,53.4,10,6,3.9,-1
91,BSM,2003,129,53.4,10,6,3.9,-1
90,BSM,2003,129,53.4,10,6,3.9,-1
87,BSM,2003,129,53.4,10,6,3.9,-1
95,BSM,2003,129,53.4,10,6,3.9,-1
96,BSM,2003,129,53.4,10,6,3.9,-1
79,BSM,2003,129,53.4,10,6,3.9,-1
88,BSM,2003,129,53.4,10,6,3.9,-1
102,BSM,2003,129,53.4,10,6,3.9,-1
103,BSM,2003,129,53.4,10,6,3.9,-1
101,BSM,2003,129,53.4,10,6,3.9,-1
104,BSM,2003,129,53.4,10,6,3.9,-1
100,BSM,2003,129,53.4,10,6,3.9,-1
97,BSM,2003,129,53.4,10,6,3.9,-1
105,BSM,2003,129,53.4,10,6,3.9,-1
106,BSM,2003,129,53.4,10,6,3.9,-1
89,BSM,2003,129,53.4,10,6,3.9,-1
98,BSM,2003,129,53.4,10,6,3.9,-1
112,BSM,2003,129,53.4,10,6,3.9,-1
114,BSM,2003,129,53.4,10,6,3.9,-1
113,BSM,2003,129,53.4,10,6,3.9,-1
110,BSM,2003,129,53.4,10,6,3.9,-1
111,BSM,2003,129,53.4,10,6,3.9,-1
107,BSM,2003,129,53.4,10,6,3.9,-1
99,BSM,2003,129,53.4,10,6,3.9,-1
115,BSM,2003,129,53.4,10,6,3.9,-1
108,BSM,2003,129,53.4,10,6,3.9,-1
116,BSM,2003,129,53.4,10,6,3.9,-1
122,BSM,2003,129,53.4,10,6,3.9,-1
117,BSM,2003,129,53.4,10,6,3.9,-1
124,BSM,2003,129,53.4,10,6,3.9,-1
123,BSM,2003,129,53.4,10,6,3.9,-1
121,BSM,2003,129,53.4,10,6,3.9,-1
120,BSM,2003,129,53.4,10,6,3.9,-1
109,BSM,2003,129,53.4,10,6,3.9,-1
118,BSM,2003,129,53.4,10,6,3.9,-1
125,BSM,2003,129,53.4,10,6,3.9,-1
126,BSM,2003,129,53.4,10,6,3.9,-1
127,BSM,2003,129,53.4,10,6,3.9,-1
119,BSM,2003,129,53.4,10,6,3.9,-1
130,BSM,2003,129,53.4,10,6,3.9,-1
131,BSM,2003,129,53.4,10,6,3.9,-1
128,BSM,2003,129,53.4,10,6,3.9,-1
129,BSM,2003,129,53.4,10,6,3.9,-1
3,BSM,2004,139,63.4,10,6,3.9,-1
12,BSM,2004,139,63.4,10,6,3.9,-1
1,BSM,2004,139,63.4,10,6,3.9,-1
13,BSM,2004,139,63.4,10,6,3.9,-1
11,BSM,2004,139,63.4,10,6,3.9,-1
4,BSM,2004,139,63.4,10,6,3.9,-1
22,BSM,2004,139,63.4,10,6,3.9,-1
14,BSM,2004,139,63.4,10,6,3.9,-1
0,BSM,2004,139,63.4,10,6,3.9,-1
10,BSM,2004,139,63.4,10,6,3.9,-1
23,BSM,2004,139,63.4,10,6,3.9,-1
21,BSM,2004,139,63.4,10,6,3.9,-1
24,BSM,2004,139,63.4,10,6,3.9,-1
20,BSM,2004,139,63.4,10,6,3.9,-1
15,BSM,2004,139,63.4,10,6,3.9,-1
5,BSM,2004,139,63.4,10,6,3.9,-1
32,BSM,2004,139,63.4,10,6,3.9,-1
33,BSM,2004,139,63.4,10,6,3.9,-1
31,BSM,2004,139,63.4,10,6,3.9,-1
34,BSM,2004,139,63.4,10,6,3.9,-1
25,BSM,2004,139,63.4,10,6,3.9,-1
6,BSM,2004,139,63.4,10,6,3.9,-1
30,BSM,2004,139,63.4,10,6,3.9,-1
16,BSM,2004,139,63.4,10,6,3.9,-1
42,BSM,2004,139,63.4,10,6,3.9,-1
43,BSM,2004,139,63.4,10,6,3.9,-1
41,BSM,2004,139,63.4,10,6,3.9,-1
35,BSM,2004,139,63.4,10,6,3.9,-1
26,BSM,2004,139,63.4,10,6,3.9,-1
44,BSM,2004,139,63.4,10,6,3.9,-1
40,BSM,2004,139,63.4,10,6,3.9,-1
36,BSM,2004,139,63.4,10,6,3.9,-1
7,BSM,2004,139,63.4,10,6,3.9,-1
45,BSM,2004,139,63.4,10,6,3.9,-1
52,BSM,2004,139,63.4,10,6,3.9,-1
17,BSM,2004,139,63.4,10,6,3.9,-1
27,BSM,2004,139,63.4,10,6,3.9,-1
53,BSM,2004,139,63.4,10,6,3.9,-1
51,BSM,2004,139,63.4,10,6,3.9,-1
54,BSM,2004,139,63.4,10,6,3.9,-1
50,BSM,2004,139,63.4,10,6,3.9,-1
46,BSM,2004,139,63.4,10,6,3.9,-1
37,BSM,2004,139,63.4,10,6,3.9,-1
18,BSM,2004,139,63.4,10,6,3.9,-1
55,BSM,2004,139,63.4,10,6,3.9,-1
8,BSM,2004,139,63.4,10,6,3.9,-1
62,BSM,2004,139,63.4,10,6,3.9,-1
63,BSM,2004,139,63.4,10,6,3.9,-1
28,BSM,2004,139,63.4,10,6,3.9,-1
61,BSM,2004,139,63.4,10,6,3.9,-1
64,BSM,2004,139,63.4,10,6,3.9,-1
56,BSM,2004,139,63.4,10,6,3.9,-1
60,BSM,2004,139,63.4,10,6,3.9,-1
47,BSM,2004,139,63.4,10,6,3.9,-1
38,BSM,2004,139,63.4,10,6,3.9,-1
9,BSM,2004,139,63.4,10,6,3.9,-1
65,BSM,2004,139,63.4,10,6,3.9,-1
19,BSM,2004,139,63.4,10,6,3.9,-1
57,BSM,2004,139,63.4,10,6,3.9,-1
48,BSM,2004,139,63.4,10,6,3.9,-1
72,BSM,2004,139,63.4,10,6,3.9,-1
66,BSM,2004,139,63.4,10,6,3.9,-1
73,BSM,2004,139,63.4,10,6,3.9,-1
71,BSM,2004,139,63.4,10,6,3.9,-1
74,BSM,2004,139,63.4,10,6,3.9,-1
29,BSM,2004,139,63.4,10,6,3.9,-1
70,BSM,2004,139,63.4,10,6,3.9,-1
39,BSM,2004,139,63.4,10,6,3.9,-1
75,BSM,2004,139,63.4,10,6,3.9,-1
58,BSM,2004,139,63.4,10,6,3.9,-1
67,BSM,2004,139,63.4,10,6,3.9,-1
76,BSM,2004,139,63.4,10,6,3.9,-1
82,BSM,2004,139,63.4,10,6,3.9,-1
49,BSM,2004,139,63.4,10,6,3.9,-1
84,BSM,2004,139,63.4,10,6,3.9,-1
83,BSM,2004,139,63.4,10,6,3.9,-1
81,BSM,2004,139,63.4,10,6,3.9,-1
80,BSM,2004,139,63.4,10,6,3.9,-1
68,BSM,2004,139,63.4,10,6,3.9,-1
85,BSM,2004,139,63.4,10,6,3.9,-1
59,BSM,2004,139,63.4,10,6,3.9,-1
77,BSM,2004,139,63.4,10,6,3.9,-1
86,BSM,2004,139,63.4,10,6,3.9,-1
92,BSM,2004,139,63.4,10,6,3.9,-1
78,BSM,2004,139,63.4,10,6,3.9,-1
69,BSM,2004,139,63.4,10,6,3.9,-1
93,BSM,2004,139,63.4,10,6,3.9,-1
94,BSM,2004,139,63.4,10,6,3.9,-1
91,BSM,2004,139,63.4,10,6,3.9,-1
90,BSM,2004,139,63.4,10,6,3.9,-1
87,BSM,2004,139,63.4,10,6,3.9,-1
95,BSM,2004,139,63.4,10,6,3.9,-1
96,BSM,2004,139,63.4,10,6,3.9,-1
79,BSM,2004,139,63.4,10,6,3.9,-1
88,BSM,2004,139,63.4,10,6,3.9,-1
102,BSM,2004,139,63.4,10,6,3.9,-1
103,BSM,2004,139,63.4,10,6,3.9,-1
101,BSM,2004,139,63.4,10,6,3.9,-1
104,BSM,2004,139,63.4,10,6,3.9,-1
100,BSM,2004,139,63.4,10,6,3.9,-1
97,BSM,2004,139,63.4,10,6,3.9,-1
105,BSM,2004,139,63.4,10,6,3.9,-1
106,BSM,2004,139,63.4,10,6,3.9,-1
89,BSM,2004,139,63.4,10,6,3.9,-1
98,BSM,2004,139,63.4,10,6,3.9,-1
112,BSM,2004,139,63.4,10,6,3.9,-1
114,BSM,2004,139,63.4,10,6,3.9,-1
113,BSM,2004,139,63.4,10,6,3.9,-1
110,BSM,2004,139,63.4,10,6,3.9,-1
111,BSM,2004,139,63.4,10,6,3.9,-1
107,BSM,2004,139,63.4,10,6,3.9,-1
99,BSM,2004,139,63.4,10,6,3.9,-1
115,BSM,2004,139,63.4,10,6,3.9,-1
108,BSM,2004,139,63.4,10,6,3.9,-1
116,BSM,2004,139,63.4,10,6,3.9,-1
122,BSM,2004,139,63.4,10,6,3.9,-1
117,BSM,2004,139,63.4,10,6,3.9,-1
124,BSM,2004,139,63.4,10,6,3.9,-1
123,BSM,2004,139,63.4,10,6,3.9,-1
121,BSM,2004,139,63.4,10,6,3.9,-1
120,BSM,2004,139,63.4,10,6,3.9,-1
109,BSM,2004,139,63.4,10,6,3.9,-1
118,BSM,2004,139,63.4,10,6,3.9,-1
125,BSM,2004,139,63.4,10,6,3.9,-1
126,BSM,2004,139,63.4,10,6,3.9,-1
127,BSM,2004,139,63.4,10,6,3.9,-1
119,BSM,2004,139,63.4,10,6,3.9,-1
130,BSM,2004,139,63.4,10,6,3.9,-1
131,BSM,2004,139,63.4,10,6,3.9,-1
128,BSM,2004,139,63.4,10,6,3.9,-1
129,BSM,2004,139,63.4,10,6,3.9,-1
3,BSM,2005,149,73.4,10,6,3.9,-1
12,BSM,2005,149,73.4,10,6,3.9,-1
1,BSM,2005,149,73.4,10,6,3.9,-1
13,BSM,2005,149,73.4,10,6,3.9,-1
11,BSM,2005,149,73.4,10,6,3.9,-1
4,BSM,2005,149,73.4,10,6,3.9,-1
22,BSM,2005,149,73.4,10,6,3.9,-1
14,BSM,2005,149,73.4,10,6,3.9,-1
0,BSM,2005,149,73.4,10,6,3.9,-1
10,BSM,2005,149,73.4,10,6,3.9,-1
23,BSM,2005,149,73.4,10,6,3.9,-1
21,BSM,2005,149,73.4,10,6,3.9,-1
24,BSM,2005,149,73.4,10,6,3.9,-1
20,BSM,2005,149,73.4,10,6,3.9,-1
15,BSM,2005,149,73.4,10,6,3.9,-1
5,BSM,2005,149,73.4,10,6,3.9,-1
32,BSM,2005,149,73.4,10,6,3.9,-1
33,BSM,2005,149,73.4,10,6,3.9,-1
31,BSM,2005,149,73.4,10,6,3.9,-1
34,BSM,2005,149,73.4,10,6,3.9,-1
25,BSM,2005,149,73.4,10,6,3.9,-1
6,BSM,2005,149,73.4,10,6,3.9,-1
30,BSM,2005,149,73.4,10,6,3.9,-1
16,BSM,2005,149,73.4,10,6,3.9,-1
42,BSM,2005,149,73.4,10,6,3.9,-1
43,BSM,2005,149,73.4,10,6,3.9,-1
41,BSM,2005,149,73.4,10,6,3.9,-1
35,BSM,2005,149,73.4,10,6,3.9,-1
26,BSM,2005,149,73.4,10,6,3.9,-1
44,BSM,2005,149,73.4,10,6,3.9,-1
40,BSM,2005,149,73.4,10,6,3.9,-1
36,BSM,2005,149,73.4,10,6,3.9,-1
7,BSM,2005,149,73.4,10,6,3.9,-1
45,BSM,2005,149,73.4,10,6,3.9,-1
52,BSM,2005,149,73.4,10,6,3.9,-1
17,BSM,2005,149,73.4,10,6,3.9,-1
27,BSM,2005,149,73.4,10,6,3.9,-1
53,BSM,2005,149,73.4,10,6,3.9,-1
51,BSM,2005,149,73.4,10,6,3.9,-1
54,BSM,2005,149,73.4,10,6,3.9,-1
50,BSM,2005,149,73.4,10,6,3.9,-1
46,BSM,2005,149,73.4,10,6,3.9,-1
37,BSM,2005,149,73.4,10,6,3.9,-1
18,BSM,2005,149,73.4,10,6,3.9,-1
55,BSM,2005,149,73.4,10,6,3.9,-1
8,BSM,2005,149,73.4,10,6,3.9,-1
62,BSM,2005,149,73.4,10,6,3.9,-1
63,BSM,2005,149,73.4,10,6,3.9,-1
28,BSM,2005,149,73.4,10,6,3.9,-1
61,BSM,2005,149,73.4,10,6,3.9,-1
64,BSM,2005,149,73.4,10,6,3.9,-1
56,BSM,2005,149,73.4,10,6,3.9,-1
60,BSM,2005,149,73.4,10,6,3.9,-1
47,BSM,2005,149,73.4,10,6,3.9,-1
38,BSM,2005,149,73.4,10,6,3.9,-1
9,BSM,2005,149,73.4,10,6,3.9,-1
65,BSM,2005,149,73.4,10,6,3.9,-1
19,BSM,2005,149,73.4,10,6,3.9,-1
57,BSM,2005,149,73.4,10,6,3.9,-1
48,BSM,2005,149,73.4,10,6,3.9,-1
72,BSM,2005,149,73.4,10,6,3.9,-1
66,BSM,2005,149,73.4,10,6,3.9,-1
73,BSM,2005,149,73.4,10,6,3.9,-1
71,BSM,2005,149,73.4,10,6,3.9,-1
74,BSM,2005,149,73.4,10,6,3.9,-1
29,BSM,2005,149,73.4,10,6,3.9,-1
70,BSM,2005,149,73.4,10,6,3.9,-1
39,BSM,2005,149,73.4,10,6,3.9,-1
75,BSM,2005,149,73.4,10,6,3.9,-1
58,BSM,2005,149,73.4,10,6,3.9,-1
67,BSM,2005,149,73.4,10,6,3.9,-1
76,BSM,2005,149,73.4,10,6,3.9,-1
82,BSM,2005,149,73.4,10,6,3.9,-1
49,BSM,2005,149,73.4,10,6,3.9,-1
84,BSM,2005,149,73.4,10,6,3.9,-1
83,BSM,2005,149,73.4,10,6,3.9,-1
81,BSM,2005,149,73.4,10,6,3.9,-1
80,BSM,2005,149,73.4,10,6,3.9,-1
68,BSM,2005,149,73.4,10,6,3.9,-1
85,BSM,2005,149,73.4,10,6,3.9,-1
59,BSM,2005,149,73.4,10,6,3.9,-1
77,BSM,2005,149,73.4,10,6,3.9,-1
86,BSM,2005,149,73.4,10,6,3.9,-1
92,BSM,2005,149,73.4,10,6,3.9,-1
78,BSM,2005,149,73.4,10,6,3.9,-1
69,BSM,2005,149,73.4,10,6,3.9,-1
93,BSM,2005,149,73.4,10,6,3.9,-1
94,BSM,2005,149,73.4,10,6,3.9,-1
91,BSM,2005,149,73.4,10,6,3.9,-1
90,BSM,2005,149,73.4,10,6,3.9,-1
87,BSM,2005,149,73.4,10,6,3.9,-1
95,BSM,2005,149,73.4,10,6,3.9,-1
96,BSM,2005,149,73.4,10,6,3.9,-1
79,BSM,2005,149,73.4,10,6,3.9,-1
88,BSM,2005,149,73.4,10,6,3.9,-1
102,BSM,2005,149,73.4,10,6,3.9,-1
103,BSM,2005,149,73.4,10,6,3.9,-1
101,BSM,2005,149,73.4,10,6,3.9,-1
104,BSM,2005,149,73.4,10,6,3.9,-1
100,BSM,2005,149,73.4,10,6,3.9,-1
97,BSM,2005,149,73.4,10,6,3.9,-1
105,BSM,2005,149,73.4,10,6,3.9,-1
106,BSM,2005,149,73.4,10,6,3.9,-1
89,BSM,2005,149,73.4,10,6,3.9,-1
98,BSM,2005,149,73.4,10,6,3.9,-1
112,BSM,2005,149,73.4,10,6,3.9,-1
114,BSM,2005,149,73.4,10,6,3.9,-1
113,BSM,2005,149,73.4,10,6,3.9,-1
110,BSM,2005,149,73.4,10,6,3.9,-1
111,BSM,2005,149,73.4,10,6,3.9,-1
107,BSM,2005,149,73.4,10,6,3.9,-1
99,BSM,2005,149,73.4,10,6,3.9,-1
115,BSM,2005,149,73.4,10,6,3.9,-1
108,BSM,2005,149,73.4,10,6,3.9,-1
116,BSM,2005,149,73.4,10,6,3.9,-1
122,BSM,2005,149,73.4,10,6,3.9,-1
117,BSM,2005,149,73.4,10,6,3.9,-1
124,BSM,2005,149,73.4,10,6,3.9,-1
123,BSM,2005,149,73.4,10,6,3.9,-1
121,BSM,2005,149,73.4,10,6,3.9,-1
120,BSM,2005,149,73.4,10,6,3.9,-1
109,BSM,2005,149,73.4,10,6,3.9,-1
118,BSM,2005,149,73.4,10,6,3.9,-1
125,BSM,2005,149,73.4,10,6,3.9,-1
126,BSM,2005,149,73.4,10,6,3.9,-1
127,BSM,2005,149,73.4,10,6,3.9,-1
119,BSM,2005,149,73.4,10,6,3.9,-1
130,BSM,2005,149,73.4,10,6,3.9,-1
131,BSM,2005,149,73.4,10,6,3.9,-1
128,BSM,2005,149,73.4,10,6,3.9,-1
129,BSM,2005,149,73.4,10,6,3.9,-1
