timestamp,jammerId,eventType
2,25,jamming_active
2.001,25,jamming_active
2.002,25,jamming_active
2.003,25,jamming_active
2.004,25,jamming_active
2.005,25,jamming_active
2.006,25,jamming_active
2.007,25,jamming_active
2.008,25,jamming_active
2.009,25,jamming_active
2.01,25,jamming_active
2.011,25,jamming_active
2.012,25,jamming_active
2.013,25,jamming_active
2.014,25,jamming_active
2.015,25,jamming_active
2.016,25,jamming_active
2.017,25,jamming_active
2.018,25,jamming_active
2.019,25,jamming_active
2.02,25,jamming_active
2.021,25,jamming_active
2.022,25,jamming_active
2.023,25,jamming_active
2.024,25,jamming_active
2.025,25,jamming_active
2.026,25,jamming_active
2.027,25,jamming_active
2.028,25,jamming_active
2.029,25,jamming_active
2.03,25,jamming_active
2.031,25,jamming_active
2.032,25,jamming_active
2.033,25,jamming_active
2.034,25,jamming_active
2.035,25,jamming_active
2.036,25,jamming_active
2.037,25,jamming_active
2.038,25,jamming_active
2.039,25,jamming_active
2.04,25,jamming_active
2.041,25,jamming_active
2.042,25,jamming_active
2.043,25,jamming_active
2.044,25,jamming_active
2.045,25,jamming_active
2.046,25,jamming_active
2.047,25,jamming_active
2.048,25,jamming_active
2.049,25,jamming_active
2.05,25,jamming_active
2.051,25,jamming_active
2.052,25,jamming_active
2.053,25,jamming_active
2.054,25,jamming_active
2.055,25,jamming_active
2.056,25,jamming_active
2.057,25,jamming_active
2.058,25,jamming_active
2.059,25,jamming_active
2.06,25,jamming_active
2.061,25,jamming_active
2.062,25,jamming_active
2.063,25,jamming_active
2.064,25,jamming_active
2.065,25,jamming_active
2.066,25,jamming_active
2.067,25,jamming_active
2.068,25,jamming_active
2.069,25,jamming_active
2.07,25,jamming_active
2.071,25,jamming_active
2.072,25,jamming_active
2.073,25,jamming_active
2.074,25,jamming_active
2.075,25,jamming_active
2.076,25,jamming_active
2.077,25,jamming_active
2.078,25,jamming_active
2.079,25,jamming_active
2.08,25,jamming_active
2.081,25,jamming_active
2.082,25,jamming_active
2.083,25,jamming_active
2.084,25,jamming_active
2.085,25,jamming_active
2.086,25,jamming_active
2.087,25,jamming_active
2.088,25,jamming_active
2.089,25,jamming_active
2.09,25,jamming_active
2.091,25,jamming_active
2.092,25,jamming_active
2.093,25,jamming_active
2.094,25,jamming_active
2.095,25,jamming_active
2.096,25,jamming_active
2.097,25,jamming_active
2.098,25,jamming_active
2.099,25,jamming_active
2.1,25,jamming_active
2.101,25,jamming_active
2.102,25,jamming_active
2.103,25,jamming_active
2.104,25,jamming_active
2.105,25,jamming_active
2.106,25,jamming_active
2.107,25,jamming_active
2.108,25,jamming_active
2.109,25,jamming_active
2.11,25,jamming_active
2.111,25,jamming_active
2.112,25,jamming_active
2.113,25,jamming_active
2.114,25,jamming_active
2.115,25,jamming_active
2.116,25,jamming_active
2.117,25,jamming_active
2.118,25,jamming_active
2.119,25,jamming_active
2.12,25,jamming_active
2.121,25,jamming_active
2.122,25,jamming_active
2.123,25,jamming_active
2.124,25,jamming_active
2.125,25,jamming_active
2.126,25,jamming_active
2.127,25,jamming_active
2.128,25,jamming_active
2.129,25,jamming_active
2.13,25,jamming_active
2.131,25,jamming_active
2.132,25,jamming_active
2.133,25,jamming_active
2.134,25,jamming_active
2.135,25,jamming_active
2.136,25,jamming_active
2.137,25,jamming_active
2.138,25,jamming_active
2.139,25,jamming_active
2.14,25,jamming_active
2.141,25,jamming_active
2.142,25,jamming_active
2.143,25,jamming_active
2.144,25,jamming_active
2.145,25,jamming_active
2.146,25,jamming_active
2.147,25,jamming_active
2.148,25,jamming_active
2.149,25,jamming_active
2.15,25,jamming_active
2.151,25,jamming_active
2.152,25,jamming_active
2.153,25,jamming_active
2.154,25,jamming_active
2.155,25,jamming_active
2.156,25,jamming_active
2.157,25,jamming_active
2.158,25,jamming_active
2.159,25,jamming_active
2.16,25,jamming_active
2.161,25,jamming_active
2.162,25,jamming_active
2.163,25,jamming_active
2.164,25,jamming_active
2.165,25,jamming_active
2.166,25,jamming_active
2.167,25,jamming_active
2.168,25,jamming_active
2.169,25,jamming_active
2.17,25,jamming_active
2.171,25,jamming_active
2.172,25,jamming_active
2.173,25,jamming_active
2.174,25,jamming_active
2.175,25,jamming_active
2.176,25,jamming_active
2.177,25,jamming_active
2.178,25,jamming_active
2.179,25,jamming_active
2.18,25,jamming_active
2.181,25,jamming_active
2.182,25,jamming_active
2.183,25,jamming_active
2.184,25,jamming_active
2.185,25,jamming_active
2.186,25,jamming_active
2.187,25,jamming_active
2.188,25,jamming_active
2.189,25,jamming_active
2.19,25,jamming_active
2.191,25,jamming_active
2.192,25,jamming_active
2.193,25,jamming_active
2.194,25,jamming_active
2.195,25,jamming_active
2.196,25,jamming_active
2.197,25,jamming_active
2.198,25,jamming_active
2.199,25,jamming_active
2.2,25,jamming_active
2.201,25,jamming_active
2.202,25,jamming_active
2.203,25,jamming_active
2.204,25,jamming_active
2.205,25,jamming_active
2.206,25,jamming_active
2.207,25,jamming_active
2.208,25,jamming_active
2.209,25,jamming_active
2.21,25,jamming_active
2.211,25,jamming_active
2.212,25,jamming_active
2.213,25,jamming_active
2.214,25,jamming_active
2.215,25,jamming_active
2.216,25,jamming_active
2.217,25,jamming_active
2.218,25,jamming_active
2.219,25,jamming_active
2.22,25,jamming_active
2.221,25,jamming_active
2.222,25,jamming_active
2.223,25,jamming_active
2.224,25,jamming_active
2.225,25,jamming_active
2.226,25,jamming_active
2.227,25,jamming_active
2.228,25,jamming_active
2.229,25,jamming_active
2.23,25,jamming_active
2.231,25,jamming_active
2.232,25,jamming_active
2.233,25,jamming_active
2.234,25,jamming_active
2.235,25,jamming_active
2.236,25,jamming_active
2.237,25,jamming_active
2.238,25,jamming_active
2.239,25,jamming_active
2.24,25,jamming_active
2.241,25,jamming_active
2.242,25,jamming_active
2.243,25,jamming_active
2.244,25,jamming_active
2.245,25,jamming_active
2.246,25,jamming_active
2.247,25,jamming_active
2.248,25,jamming_active
2.249,25,jamming_active
2.25,25,jamming_active
2.251,25,jamming_active
2.252,25,jamming_active
2.253,25,jamming_active
2.254,25,jamming_active
2.255,25,jamming_active
2.256,25,jamming_active
2.257,25,jamming_active
2.258,25,jamming_active
2.259,25,jamming_active
2.26,25,jamming_active
2.261,25,jamming_active
2.262,25,jamming_active
2.263,25,jamming_active
2.264,25,jamming_active
2.265,25,jamming_active
2.266,25,jamming_active
2.267,25,jamming_active
2.268,25,jamming_active
2.269,25,jamming_active
2.27,25,jamming_active
2.271,25,jamming_active
2.272,25,jamming_active
2.273,25,jamming_active
2.274,25,jamming_active
2.275,25,jamming_active
2.276,25,jamming_active
2.277,25,jamming_active
2.278,25,jamming_active
2.279,25,jamming_active
2.28,25,jamming_active
2.281,25,jamming_active
2.282,25,jamming_active
2.283,25,jamming_active
2.284,25,jamming_active
2.285,25,jamming_active
2.286,25,jamming_active
2.287,25,jamming_active
2.288,25,jamming_active
2.289,25,jamming_active
2.29,25,jamming_active
2.291,25,jamming_active
2.292,25,jamming_active
2.293,25,jamming_active
2.294,25,jamming_active
2.295,25,jamming_active
2.296,25,jamming_active
2.297,25,jamming_active
2.298,25,jamming_active
2.299,25,jamming_active
2.3,25,jamming_active
2.301,25,jamming_active
2.302,25,jamming_active
2.303,25,jamming_active
2.304,25,jamming_active
2.305,25,jamming_active
2.306,25,jamming_active
2.307,25,jamming_active
2.308,25,jamming_active
2.309,25,jamming_active
2.31,25,jamming_active
2.311,25,jamming_active
2.312,25,jamming_active
2.313,25,jamming_active
2.314,25,jamming_active
2.315,25,jamming_active
2.316,25,jamming_active
2.317,25,jamming_active
2.318,25,jamming_active
2.319,25,jamming_active
2.32,25,jamming_active
2.321,25,jamming_active
2.322,25,jamming_active
2.323,25,jamming_active
2.324,25,jamming_active
2.325,25,jamming_active
2.326,25,jamming_active
2.327,25,jamming_active
2.328,25,jamming_active
2.329,25,jamming_active
2.33,25,jamming_active
2.331,25,jamming_active
2.332,25,jamming_active
2.333,25,jamming_active
2.334,25,jamming_active
2.335,25,jamming_active
2.336,25,jamming_active
2.337,25,jamming_active
2.338,25,jamming_active
2.339,25,jamming_active
2.34,25,jamming_active
2.341,25,jamming_active
2.342,25,jamming_active
2.343,25,jamming_active
2.344,25,jamming_active
2.345,25,jamming_active
2.346,25,jamming_active
2.347,25,jamming_active
2.348,25,jamming_active
2.349,25,jamming_active
2.35,25,jamming_active
2.351,25,jamming_active
2.352,25,jamming_active
2.353,25,jamming_active
2.354,25,jamming_active
2.355,25,jamming_active
2.356,25,jamming_active
2.357,25,jamming_active
2.358,25,jamming_active
2.359,25,jamming_active
2.36,25,jamming_active
2.361,25,jamming_active
2.362,25,jamming_active
2.363,25,jamming_active
2.364,25,jamming_active
2.365,25,jamming_active
2.366,25,jamming_active
2.367,25,jamming_active
2.368,25,jamming_active
2.369,25,jamming_active
2.37,25,jamming_active
2.371,25,jamming_active
2.372,25,jamming_active
2.373,25,jamming_active
2.374,25,jamming_active
2.375,25,jamming_active
2.376,25,jamming_active
2.377,25,jamming_active
2.378,25,jamming_active
2.379,25,jamming_active
2.38,25,jamming_active
2.381,25,jamming_active
2.382,25,jamming_active
2.383,25,jamming_active
2.384,25,jamming_active
2.385,25,jamming_active
2.386,25,jamming_active
2.387,25,jamming_active
2.388,25,jamming_active
2.389,25,jamming_active
2.39,25,jamming_active
2.391,25,jamming_active
2.392,25,jamming_active
2.393,25,jamming_active
2.394,25,jamming_active
2.395,25,jamming_active
2.396,25,jamming_active
2.397,25,jamming_active
2.398,25,jamming_active
2.399,25,jamming_active
2.4,25,jamming_active
2.401,25,jamming_active
2.402,25,jamming_active
2.403,25,jamming_active
2.404,25,jamming_active
2.405,25,jamming_active
2.406,25,jamming_active
2.407,25,jamming_active
2.408,25,jamming_active
2.409,25,jamming_active
2.41,25,jamming_active
2.411,25,jamming_active
2.412,25,jamming_active
2.413,25,jamming_active
2.414,25,jamming_active
2.415,25,jamming_active
2.416,25,jamming_active
2.417,25,jamming_active
2.418,25,jamming_active
2.419,25,jamming_active
2.42,25,jamming_active
2.421,25,jamming_active
2.422,25,jamming_active
2.423,25,jamming_active
2.424,25,jamming_active
2.425,25,jamming_active
2.426,25,jamming_active
2.427,25,jamming_active
2.428,25,jamming_active
2.429,25,jamming_active
2.43,25,jamming_active
2.431,25,jamming_active
2.432,25,jamming_active
2.433,25,jamming_active
2.434,25,jamming_active
2.435,25,jamming_active
2.436,25,jamming_active
2.437,25,jamming_active
2.438,25,jamming_active
2.439,25,jamming_active
2.44,25,jamming_active
2.441,25,jamming_active
2.442,25,jamming_active
2.443,25,jamming_active
2.444,25,jamming_active
2.445,25,jamming_active
2.446,25,jamming_active
2.447,25,jamming_active
2.448,25,jamming_active
2.449,25,jamming_active
2.45,25,jamming_active
2.451,25,jamming_active
2.452,25,jamming_active
2.453,25,jamming_active
2.454,25,jamming_active
2.455,25,jamming_active
2.456,25,jamming_active
2.457,25,jamming_active
2.458,25,jamming_active
2.459,25,jamming_active
2.46,25,jamming_active
2.461,25,jamming_active
2.462,25,jamming_active
2.463,25,jamming_active
2.464,25,jamming_active
2.465,25,jamming_active
2.466,25,jamming_active
2.467,25,jamming_active
2.468,25,jamming_active
2.469,25,jamming_active
2.47,25,jamming_active
2.471,25,jamming_active
2.472,25,jamming_active
2.473,25,jamming_active
2.474,25,jamming_active
2.475,25,jamming_active
2.476,25,jamming_active
2.477,25,jamming_active
2.478,25,jamming_active
2.479,25,jamming_active
2.48,25,jamming_active
2.481,25,jamming_active
2.482,25,jamming_active
2.483,25,jamming_active
2.484,25,jamming_active
2.485,25,jamming_active
2.486,25,jamming_active
2.487,25,jamming_active
2.488,25,jamming_active
2.489,25,jamming_active
2.49,25,jamming_active
2.491,25,jamming_active
2.492,25,jamming_active
2.493,25,jamming_active
2.494,25,jamming_active
2.495,25,jamming_active
2.496,25,jamming_active
2.497,25,jamming_active
2.498,25,jamming_active
2.499,25,jamming_active
2.5,25,jamming_active
2.501,25,jamming_active
2.502,25,jamming_active
2.503,25,jamming_active
2.504,25,jamming_active
2.505,25,jamming_active
2.506,25,jamming_active
2.507,25,jamming_active
2.508,25,jamming_active
2.509,25,jamming_active
2.51,25,jamming_active
2.511,25,jamming_active
2.512,25,jamming_active
2.513,25,jamming_active
2.514,25,jamming_active
2.515,25,jamming_active
2.516,25,jamming_active
2.517,25,jamming_active
2.518,25,jamming_active
2.519,25,jamming_active
2.52,25,jamming_active
2.521,25,jamming_active
2.522,25,jamming_active
2.523,25,jamming_active
2.524,25,jamming_active
2.525,25,jamming_active
2.526,25,jamming_active
2.527,25,jamming_active
2.528,25,jamming_active
2.529,25,jamming_active
2.53,25,jamming_active
2.531,25,jamming_active
2.532,25,jamming_active
2.533,25,jamming_active
2.534,25,jamming_active
2.535,25,jamming_active
2.536,25,jamming_active
2.537,25,jamming_active
2.538,25,jamming_active
2.539,25,jamming_active
2.54,25,jamming_active
2.541,25,jamming_active
2.542,25,jamming_active
2.543,25,jamming_active
2.544,25,jamming_active
2.545,25,jamming_active
2.546,25,jamming_active
2.547,25,jamming_active
2.548,25,jamming_active
2.549,25,jamming_active
2.55,25,jamming_active
2.551,25,jamming_active
2.552,25,jamming_active
2.553,25,jamming_active
2.554,25,jamming_active
2.555,25,jamming_active
2.556,25,jamming_active
2.557,25,jamming_active
2.558,25,jamming_active
2.559,25,jamming_active
2.56,25,jamming_active
2.561,25,jamming_active
2.562,25,jamming_active
2.563,25,jamming_active
2.564,25,jamming_active
2.565,25,jamming_active
2.566,25,jamming_active
2.567,25,jamming_active
2.568,25,jamming_active
2.569,25,jamming_active
2.57,25,jamming_active
2.571,25,jamming_active
2.572,25,jamming_active
2.573,25,jamming_active
2.574,25,jamming_active
2.575,25,jamming_active
2.576,25,jamming_active
2.577,25,jamming_active
2.578,25,jamming_active
2.579,25,jamming_active
2.58,25,jamming_active
2.581,25,jamming_active
2.582,25,jamming_active
2.583,25,jamming_active
2.584,25,jamming_active
2.585,25,jamming_active
2.586,25,jamming_active
2.587,25,jamming_active
2.588,25,jamming_active
2.589,25,jamming_active
2.59,25,jamming_active
2.591,25,jamming_active
2.592,25,jamming_active
2.593,25,jamming_active
2.594,25,jamming_active
2.595,25,jamming_active
2.596,25,jamming_active
2.597,25,jamming_active
2.598,25,jamming_active
2.599,25,jamming_active
2.6,25,jamming_active
2.601,25,jamming_active
2.602,25,jamming_active
2.603,25,jamming_active
2.604,25,jamming_active
2.605,25,jamming_active
2.606,25,jamming_active
2.607,25,jamming_active
2.608,25,jamming_active
2.609,25,jamming_active
2.61,25,jamming_active
2.611,25,jamming_active
2.612,25,jamming_active
2.613,25,jamming_active
2.614,25,jamming_active
2.615,25,jamming_active
2.616,25,jamming_active
2.617,25,jamming_active
2.618,25,jamming_active
2.619,25,jamming_active
2.62,25,jamming_active
2.621,25,jamming_active
2.622,25,jamming_active
2.623,25,jamming_active
2.624,25,jamming_active
2.625,25,jamming_active
2.626,25,jamming_active
2.627,25,jamming_active
2.628,25,jamming_active
2.629,25,jamming_active
2.63,25,jamming_active
2.631,25,jamming_active
2.632,25,jamming_active
2.633,25,jamming_active
2.634,25,jamming_active
2.635,25,jamming_active
2.636,25,jamming_active
2.637,25,jamming_active
2.638,25,jamming_active
2.639,25,jamming_active
2.64,25,jamming_active
2.641,25,jamming_active
2.642,25,jamming_active
2.643,25,jamming_active
2.644,25,jamming_active
2.645,25,jamming_active
2.646,25,jamming_active
2.647,25,jamming_active
2.648,25,jamming_active
2.649,25,jamming_active
2.65,25,jamming_active
2.651,25,jamming_active
2.652,25,jamming_active
2.653,25,jamming_active
2.654,25,jamming_active
2.655,25,jamming_active
2.656,25,jamming_active
2.657,25,jamming_active
2.658,25,jamming_active
2.659,25,jamming_active
2.66,25,jamming_active
2.661,25,jamming_active
2.662,25,jamming_active
2.663,25,jamming_active
2.664,25,jamming_active
2.665,25,jamming_active
2.666,25,jamming_active
2.667,25,jamming_active
2.668,25,jamming_active
2.669,25,jamming_active
2.67,25,jamming_active
2.671,25,jamming_active
2.672,25,jamming_active
2.673,25,jamming_active
2.674,25,jamming_active
2.675,25,jamming_active
2.676,25,jamming_active
2.677,25,jamming_active
2.678,25,jamming_active
2.679,25,jamming_active
2.68,25,jamming_active
2.681,25,jamming_active
2.682,25,jamming_active
2.683,25,jamming_active
2.684,25,jamming_active
2.685,25,jamming_active
2.686,25,jamming_active
2.687,25,jamming_active
2.688,25,jamming_active
2.689,25,jamming_active
2.69,25,jamming_active
2.691,25,jamming_active
2.692,25,jamming_active
2.693,25,jamming_active
2.694,25,jamming_active
2.695,25,jamming_active
2.696,25,jamming_active
2.697,25,jamming_active
2.698,25,jamming_active
2.699,25,jamming_active
2.7,25,jamming_active
2.701,25,jamming_active
2.702,25,jamming_active
2.703,25,jamming_active
2.704,25,jamming_active
2.705,25,jamming_active
2.706,25,jamming_active
2.707,25,jamming_active
2.708,25,jamming_active
2.709,25,jamming_active
2.71,25,jamming_active
2.711,25,jamming_active
2.712,25,jamming_active
2.713,25,jamming_active
2.714,25,jamming_active
2.715,25,jamming_active
2.716,25,jamming_active
2.717,25,jamming_active
2.718,25,jamming_active
2.719,25,jamming_active
2.72,25,jamming_active
2.721,25,jamming_active
2.722,25,jamming_active
2.723,25,jamming_active
2.724,25,jamming_active
2.725,25,jamming_active
2.726,25,jamming_active
2.727,25,jamming_active
2.728,25,jamming_active
2.729,25,jamming_active
2.73,25,jamming_active
2.731,25,jamming_active
2.732,25,jamming_active
2.733,25,jamming_active
2.734,25,jamming_active
2.735,25,jamming_active
2.736,25,jamming_active
2.737,25,jamming_active
2.738,25,jamming_active
2.739,25,jamming_active
2.74,25,jamming_active
2.741,25,jamming_active
2.742,25,jamming_active
2.743,25,jamming_active
2.744,25,jamming_active
2.745,25,jamming_active
2.746,25,jamming_active
2.747,25,jamming_active
2.748,25,jamming_active
2.749,25,jamming_active
2.75,25,jamming_active
2.751,25,jamming_active
2.752,25,jamming_active
2.753,25,jamming_active
2.754,25,jamming_active
2.755,25,jamming_active
2.756,25,jamming_active
2.757,25,jamming_active
2.758,25,jamming_active
2.759,25,jamming_active
2.76,25,jamming_active
2.761,25,jamming_active
2.762,25,jamming_active
2.763,25,jamming_active
2.764,25,jamming_active
2.765,25,jamming_active
2.766,25,jamming_active
2.767,25,jamming_active
2.768,25,jamming_active
2.769,25,jamming_active
2.77,25,jamming_active
2.771,25,jamming_active
2.772,25,jamming_active
2.773,25,jamming_active
2.774,25,jamming_active
2.775,25,jamming_active
2.776,25,jamming_active
2.777,25,jamming_active
2.778,25,jamming_active
2.779,25,jamming_active
2.78,25,jamming_active
2.781,25,jamming_active
2.782,25,jamming_active
2.783,25,jamming_active
2.784,25,jamming_active
2.785,25,jamming_active
2.786,25,jamming_active
2.787,25,jamming_active
2.788,25,jamming_active
2.789,25,jamming_active
2.79,25,jamming_active
2.791,25,jamming_active
2.792,25,jamming_active
2.793,25,jamming_active
2.794,25,jamming_active
2.795,25,jamming_active
2.796,25,jamming_active
2.797,25,jamming_active
2.798,25,jamming_active
2.799,25,jamming_active
2.8,25,jamming_active
2.801,25,jamming_active
2.802,25,jamming_active
2.803,25,jamming_active
2.804,25,jamming_active
2.805,25,jamming_active
2.806,25,jamming_active
2.807,25,jamming_active
2.808,25,jamming_active
2.809,25,jamming_active
2.81,25,jamming_active
2.811,25,jamming_active
2.812,25,jamming_active
2.813,25,jamming_active
2.814,25,jamming_active
2.815,25,jamming_active
2.816,25,jamming_active
2.817,25,jamming_active
2.818,25,jamming_active
2.819,25,jamming_active
2.82,25,jamming_active
2.821,25,jamming_active
2.822,25,jamming_active
2.823,25,jamming_active
2.824,25,jamming_active
2.825,25,jamming_active
2.826,25,jamming_active
2.827,25,jamming_active
2.828,25,jamming_active
2.829,25,jamming_active
2.83,25,jamming_active
2.831,25,jamming_active
2.832,25,jamming_active
2.833,25,jamming_active
2.834,25,jamming_active
2.835,25,jamming_active
2.836,25,jamming_active
2.837,25,jamming_active
2.838,25,jamming_active
2.839,25,jamming_active
2.84,25,jamming_active
2.841,25,jamming_active
2.842,25,jamming_active
2.843,25,jamming_active
2.844,25,jamming_active
2.845,25,jamming_active
2.846,25,jamming_active
2.847,25,jamming_active
2.848,25,jamming_active
2.849,25,jamming_active
2.85,25,jamming_active
2.851,25,jamming_active
2.852,25,jamming_active
2.853,25,jamming_active
2.854,25,jamming_active
2.855,25,jamming_active
2.856,25,jamming_active
2.857,25,jamming_active
2.858,25,jamming_active
2.859,25,jamming_active
2.86,25,jamming_active
2.861,25,jamming_active
2.862,25,jamming_active
2.863,25,jamming_active
2.864,25,jamming_active
2.865,25,jamming_active
2.866,25,jamming_active
2.867,25,jamming_active
2.868,25,jamming_active
2.869,25,jamming_active
2.87,25,jamming_active
2.871,25,jamming_active
2.872,25,jamming_active
2.873,25,jamming_active
2.874,25,jamming_active
2.875,25,jamming_active
2.876,25,jamming_active
2.877,25,jamming_active
2.878,25,jamming_active
2.879,25,jamming_active
2.88,25,jamming_active
2.881,25,jamming_active
2.882,25,jamming_active
2.883,25,jamming_active
2.884,25,jamming_active
2.885,25,jamming_active
2.886,25,jamming_active
2.887,25,jamming_active
2.888,25,jamming_active
2.889,25,jamming_active
2.89,25,jamming_active
2.891,25,jamming_active
2.892,25,jamming_active
2.893,25,jamming_active
2.894,25,jamming_active
2.895,25,jamming_active
2.896,25,jamming_active
2.897,25,jamming_active
2.898,25,jamming_active
2.899,25,jamming_active
2.9,25,jamming_active
2.901,25,jamming_active
2.902,25,jamming_active
2.903,25,jamming_active
2.904,25,jamming_active
2.905,25,jamming_active
2.906,25,jamming_active
2.907,25,jamming_active
2.908,25,jamming_active
2.909,25,jamming_active
2.91,25,jamming_active
2.911,25,jamming_active
2.912,25,jamming_active
2.913,25,jamming_active
2.914,25,jamming_active
2.915,25,jamming_active
2.916,25,jamming_active
2.917,25,jamming_active
2.918,25,jamming_active
2.919,25,jamming_active
2.92,25,jamming_active
2.921,25,jamming_active
2.922,25,jamming_active
2.923,25,jamming_active
2.924,25,jamming_active
2.925,25,jamming_active
2.926,25,jamming_active
2.927,25,jamming_active
2.928,25,jamming_active
2.929,25,jamming_active
2.93,25,jamming_active
2.931,25,jamming_active
2.932,25,jamming_active
2.933,25,jamming_active
2.934,25,jamming_active
2.935,25,jamming_active
2.936,25,jamming_active
2.937,25,jamming_active
2.938,25,jamming_active
2.939,25,jamming_active
2.94,25,jamming_active
2.941,25,jamming_active
2.942,25,jamming_active
2.943,25,jamming_active
2.944,25,jamming_active
2.945,25,jamming_active
2.946,25,jamming_active
2.947,25,jamming_active
2.948,25,jamming_active
2.949,25,jamming_active
2.95,25,jamming_active
2.951,25,jamming_active
2.952,25,jamming_active
2.953,25,jamming_active
2.954,25,jamming_active
2.955,25,jamming_active
2.956,25,jamming_active
2.957,25,jamming_active
2.958,25,jamming_active
2.959,25,jamming_active
2.96,25,jamming_active
2.961,25,jamming_active
2.962,25,jamming_active
2.963,25,jamming_active
2.964,25,jamming_active
2.965,25,jamming_active
2.966,25,jamming_active
2.967,25,jamming_active
2.968,25,jamming_active
2.969,25,jamming_active
2.97,25,jamming_active
2.971,25,jamming_active
2.972,25,jamming_active
2.973,25,jamming_active
2.974,25,jamming_active
2.975,25,jamming_active
2.976,25,jamming_active
2.977,25,jamming_active
2.978,25,jamming_active
2.979,25,jamming_active
2.98,25,jamming_active
2.981,25,jamming_active
2.982,25,jamming_active
2.983,25,jamming_active
2.984,25,jamming_active
2.985,25,jamming_active
2.986,25,jamming_active
2.987,25,jamming_active
2.988,25,jamming_active
2.989,25,jamming_active
2.99,25,jamming_active
2.991,25,jamming_active
2.992,25,jamming_active
2.993,25,jamming_active
2.994,25,jamming_active
2.995,25,jamming_active
2.996,25,jamming_active
2.997,25,jamming_active
2.998,25,jamming_active
2.999,25,jamming_active
3,25,jamming_active
3.001,25,jamming_active
3.002,25,jamming_active
3.003,25,jamming_active
3.004,25,jamming_active
3.005,25,jamming_active
3.006,25,jamming_active
3.007,25,jamming_active
3.008,25,jamming_active
3.009,25,jamming_active
3.01,25,jamming_active
3.011,25,jamming_active
3.012,25,jamming_active
3.013,25,jamming_active
3.014,25,jamming_active
3.015,25,jamming_active
3.016,25,jamming_active
3.017,25,jamming_active
3.018,25,jamming_active
3.019,25,jamming_active
3.02,25,jamming_active
3.021,25,jamming_active
3.022,25,jamming_active
3.023,25,jamming_active
3.024,25,jamming_active
3.025,25,jamming_active
3.026,25,jamming_active
3.027,25,jamming_active
3.028,25,jamming_active
3.029,25,jamming_active
3.03,25,jamming_active
3.031,25,jamming_active
3.032,25,jamming_active
3.033,25,jamming_active
3.034,25,jamming_active
3.035,25,jamming_active
3.036,25,jamming_active
3.037,25,jamming_active
3.038,25,jamming_active
3.039,25,jamming_active
3.04,25,jamming_active
3.041,25,jamming_active
3.042,25,jamming_active
3.043,25,jamming_active
3.044,25,jamming_active
3.045,25,jamming_active
3.046,25,jamming_active
3.047,25,jamming_active
3.048,25,jamming_active
3.049,25,jamming_active
3.05,25,jamming_active
3.051,25,jamming_active
3.052,25,jamming_active
3.053,25,jamming_active
3.054,25,jamming_active
3.055,25,jamming_active
3.056,25,jamming_active
3.057,25,jamming_active
3.058,25,jamming_active
3.059,25,jamming_active
3.06,25,jamming_active
3.061,25,jamming_active
3.062,25,jamming_active
3.063,25,jamming_active
3.064,25,jamming_active
3.065,25,jamming_active
3.066,25,jamming_active
3.067,25,jamming_active
3.068,25,jamming_active
3.069,25,jamming_active
3.07,25,jamming_active
3.071,25,jamming_active
3.072,25,jamming_active
3.073,25,jamming_active
3.074,25,jamming_active
3.075,25,jamming_active
3.076,25,jamming_active
3.077,25,jamming_active
3.078,25,jamming_active
3.079,25,jamming_active
3.08,25,jamming_active
3.081,25,jamming_active
3.082,25,jamming_active
3.083,25,jamming_active
3.084,25,jamming_active
3.085,25,jamming_active
3.086,25,jamming_active
3.087,25,jamming_active
3.088,25,jamming_active
3.089,25,jamming_active
3.09,25,jamming_active
3.091,25,jamming_active
3.092,25,jamming_active
3.093,25,jamming_active
3.094,25,jamming_active
3.095,25,jamming_active
3.096,25,jamming_active
3.097,25,jamming_active
3.098,25,jamming_active
3.099,25,jamming_active
3.1,25,jamming_active
3.101,25,jamming_active
3.102,25,jamming_active
3.103,25,jamming_active
3.104,25,jamming_active
3.105,25,jamming_active
3.106,25,jamming_active
3.107,25,jamming_active
3.108,25,jamming_active
3.109,25,jamming_active
3.11,25,jamming_active
3.111,25,jamming_active
3.112,25,jamming_active
3.113,25,jamming_active
3.114,25,jamming_active
3.115,25,jamming_active
3.116,25,jamming_active
3.117,25,jamming_active
3.118,25,jamming_active
3.119,25,jamming_active
3.12,25,jamming_active
3.121,25,jamming_active
3.122,25,jamming_active
3.123,25,jamming_active
3.124,25,jamming_active
3.125,25,jamming_active
3.126,25,jamming_active
3.127,25,jamming_active
3.128,25,jamming_active
3.129,25,jamming_active
3.13,25,jamming_active
3.131,25,jamming_active
3.132,25,jamming_active
3.133,25,jamming_active
3.134,25,jamming_active
3.135,25,jamming_active
3.136,25,jamming_active
3.137,25,jamming_active
3.138,25,jamming_active
3.139,25,jamming_active
3.14,25,jamming_active
3.141,25,jamming_active
3.142,25,jamming_active
3.143,25,jamming_active
3.144,25,jamming_active
3.145,25,jamming_active
3.146,25,jamming_active
3.147,25,jamming_active
3.148,25,jamming_active
3.149,25,jamming_active
3.15,25,jamming_active
3.151,25,jamming_active
3.152,25,jamming_active
3.153,25,jamming_active
3.154,25,jamming_active
3.155,25,jamming_active
3.156,25,jamming_active
3.157,25,jamming_active
3.158,25,jamming_active
3.159,25,jamming_active
3.16,25,jamming_active
3.161,25,jamming_active
3.162,25,jamming_active
3.163,25,jamming_active
3.164,25,jamming_active
3.165,25,jamming_active
3.166,25,jamming_active
3.167,25,jamming_active
3.168,25,jamming_active
3.169,25,jamming_active
3.17,25,jamming_active
3.171,25,jamming_active
3.172,25,jamming_active
3.173,25,jamming_active
3.174,25,jamming_active
3.175,25,jamming_active
3.176,25,jamming_active
3.177,25,jamming_active
3.178,25,jamming_active
3.179,25,jamming_active
3.18,25,jamming_active
3.181,25,jamming_active
3.182,25,jamming_active
3.183,25,jamming_active
3.184,25,jamming_active
3.185,25,jamming_active
3.186,25,jamming_active
3.187,25,jamming_active
3.188,25,jamming_active
3.189,25,jamming_active
3.19,25,jamming_active
3.191,25,jamming_active
3.192,25,jamming_active
3.193,25,jamming_active
3.194,25,jamming_active
3.195,25,jamming_active
3.196,25,jamming_active
3.197,25,jamming_active
3.198,25,jamming_active
3.199,25,jamming_active
3.2,25,jamming_active
3.201,25,jamming_active
3.202,25,jamming_active
3.203,25,jamming_active
3.204,25,jamming_active
3.205,25,jamming_active
3.206,25,jamming_active
3.207,25,jamming_active
3.208,25,jamming_active
3.209,25,jamming_active
3.21,25,jamming_active
3.211,25,jamming_active
3.212,25,jamming_active
3.213,25,jamming_active
3.214,25,jamming_active
3.215,25,jamming_active
3.216,25,jamming_active
3.217,25,jamming_active
3.218,25,jamming_active
3.219,25,jamming_active
3.22,25,jamming_active
3.221,25,jamming_active
3.222,25,jamming_active
3.223,25,jamming_active
3.224,25,jamming_active
3.225,25,jamming_active
3.226,25,jamming_active
3.227,25,jamming_active
3.228,25,jamming_active
3.229,25,jamming_active
3.23,25,jamming_active
3.231,25,jamming_active
3.232,25,jamming_active
3.233,25,jamming_active
3.234,25,jamming_active
3.235,25,jamming_active
3.236,25,jamming_active
3.237,25,jamming_active
3.238,25,jamming_active
3.239,25,jamming_active
3.24,25,jamming_active
3.241,25,jamming_active
3.242,25,jamming_active
3.243,25,jamming_active
3.244,25,jamming_active
3.245,25,jamming_active
3.246,25,jamming_active
3.247,25,jamming_active
3.248,25,jamming_active
3.249,25,jamming_active
3.25,25,jamming_active
3.251,25,jamming_active
3.252,25,jamming_active
3.253,25,jamming_active
3.254,25,jamming_active
3.255,25,jamming_active
3.256,25,jamming_active
3.257,25,jamming_active
3.258,25,jamming_active
3.259,25,jamming_active
3.26,25,jamming_active
3.261,25,jamming_active
3.262,25,jamming_active
3.263,25,jamming_active
3.264,25,jamming_active
3.265,25,jamming_active
3.266,25,jamming_active
3.267,25,jamming_active
3.268,25,jamming_active
3.269,25,jamming_active
3.27,25,jamming_active
3.271,25,jamming_active
3.272,25,jamming_active
3.273,25,jamming_active
3.274,25,jamming_active
3.275,25,jamming_active
3.276,25,jamming_active
3.277,25,jamming_active
3.278,25,jamming_active
3.279,25,jamming_active
3.28,25,jamming_active
3.281,25,jamming_active
3.282,25,jamming_active
3.283,25,jamming_active
3.284,25,jamming_active
3.285,25,jamming_active
3.286,25,jamming_active
3.287,25,jamming_active
3.288,25,jamming_active
3.289,25,jamming_active
3.29,25,jamming_active
3.291,25,jamming_active
3.292,25,jamming_active
3.293,25,jamming_active
3.294,25,jamming_active
3.295,25,jamming_active
3.296,25,jamming_active
3.297,25,jamming_active
3.298,25,jamming_active
3.299,25,jamming_active
3.3,25,jamming_active
3.301,25,jamming_active
3.302,25,jamming_active
3.303,25,jamming_active
3.304,25,jamming_active
3.305,25,jamming_active
3.306,25,jamming_active
3.307,25,jamming_active
3.308,25,jamming_active
3.309,25,jamming_active
3.31,25,jamming_active
3.311,25,jamming_active
3.312,25,jamming_active
3.313,25,jamming_active
3.314,25,jamming_active
3.315,25,jamming_active
3.316,25,jamming_active
3.317,25,jamming_active
3.318,25,jamming_active
3.319,25,jamming_active
3.32,25,jamming_active
3.321,25,jamming_active
3.322,25,jamming_active
3.323,25,jamming_active
3.324,25,jamming_active
3.325,25,jamming_active
3.326,25,jamming_active
3.327,25,jamming_active
3.328,25,jamming_active
3.329,25,jamming_active
3.33,25,jamming_active
3.331,25,jamming_active
3.332,25,jamming_active
3.333,25,jamming_active
3.334,25,jamming_active
3.335,25,jamming_active
3.336,25,jamming_active
3.337,25,jamming_active
3.338,25,jamming_active
3.339,25,jamming_active
3.34,25,jamming_active
3.341,25,jamming_active
3.342,25,jamming_active
3.343,25,jamming_active
3.344,25,jamming_active
3.345,25,jamming_active
3.346,25,jamming_active
3.347,25,jamming_active
3.348,25,jamming_active
3.349,25,jamming_active
3.35,25,jamming_active
3.351,25,jamming_active
3.352,25,jamming_active
3.353,25,jamming_active
3.354,25,jamming_active
3.355,25,jamming_active
3.356,25,jamming_active
3.357,25,jamming_active
3.358,25,jamming_active
3.359,25,jamming_active
3.36,25,jamming_active
3.361,25,jamming_active
3.362,25,jamming_active
3.363,25,jamming_active
3.364,25,jamming_active
3.365,25,jamming_active
3.366,25,jamming_active
3.367,25,jamming_active
3.368,25,jamming_active
3.369,25,jamming_active
3.37,25,jamming_active
3.371,25,jamming_active
3.372,25,jamming_active
3.373,25,jamming_active
3.374,25,jamming_active
3.375,25,jamming_active
3.376,25,jamming_active
3.377,25,jamming_active
3.378,25,jamming_active
3.379,25,jamming_active
3.38,25,jamming_active
3.381,25,jamming_active
3.382,25,jamming_active
3.383,25,jamming_active
3.384,25,jamming_active
3.385,25,jamming_active
3.386,25,jamming_active
3.387,25,jamming_active
3.388,25,jamming_active
3.389,25,jamming_active
3.39,25,jamming_active
3.391,25,jamming_active
3.392,25,jamming_active
3.393,25,jamming_active
3.394,25,jamming_active
3.395,25,jamming_active
3.396,25,jamming_active
3.397,25,jamming_active
3.398,25,jamming_active
3.399,25,jamming_active
3.4,25,jamming_active
3.401,25,jamming_active
3.402,25,jamming_active
3.403,25,jamming_active
3.404,25,jamming_active
3.405,25,jamming_active
3.406,25,jamming_active
3.407,25,jamming_active
3.408,25,jamming_active
3.409,25,jamming_active
3.41,25,jamming_active
3.411,25,jamming_active
3.412,25,jamming_active
3.413,25,jamming_active
3.414,25,jamming_active
3.415,25,jamming_active
3.416,25,jamming_active
3.417,25,jamming_active
3.418,25,jamming_active
3.419,25,jamming_active
3.42,25,jamming_active
3.421,25,jamming_active
3.422,25,jamming_active
3.423,25,jamming_active
3.424,25,jamming_active
3.425,25,jamming_active
3.426,25,jamming_active
3.427,25,jamming_active
3.428,25,jamming_active
3.429,25,jamming_active
3.43,25,jamming_active
3.431,25,jamming_active
3.432,25,jamming_active
3.433,25,jamming_active
3.434,25,jamming_active
3.435,25,jamming_active
3.436,25,jamming_active
3.437,25,jamming_active
3.438,25,jamming_active
3.439,25,jamming_active
3.44,25,jamming_active
3.441,25,jamming_active
3.442,25,jamming_active
3.443,25,jamming_active
3.444,25,jamming_active
3.445,25,jamming_active
3.446,25,jamming_active
3.447,25,jamming_active
3.448,25,jamming_active
3.449,25,jamming_active
3.45,25,jamming_active
3.451,25,jamming_active
3.452,25,jamming_active
3.453,25,jamming_active
3.454,25,jamming_active
3.455,25,jamming_active
3.456,25,jamming_active
3.457,25,jamming_active
3.458,25,jamming_active
3.459,25,jamming_active
3.46,25,jamming_active
3.461,25,jamming_active
3.462,25,jamming_active
3.463,25,jamming_active
3.464,25,jamming_active
3.465,25,jamming_active
3.466,25,jamming_active
3.467,25,jamming_active
3.468,25,jamming_active
3.469,25,jamming_active
3.47,25,jamming_active
3.471,25,jamming_active
3.472,25,jamming_active
3.473,25,jamming_active
3.474,25,jamming_active
3.475,25,jamming_active
3.476,25,jamming_active
3.477,25,jamming_active
3.478,25,jamming_active
3.479,25,jamming_active
3.48,25,jamming_active
3.481,25,jamming_active
3.482,25,jamming_active
3.483,25,jamming_active
3.484,25,jamming_active
3.485,25,jamming_active
3.486,25,jamming_active
3.487,25,jamming_active
3.488,25,jamming_active
3.489,25,jamming_active
3.49,25,jamming_active
3.491,25,jamming_active
3.492,25,jamming_active
3.493,25,jamming_active
3.494,25,jamming_active
3.495,25,jamming_active
3.496,25,jamming_active
3.497,25,jamming_active
3.498,25,jamming_active
3.499,25,jamming_active
3.5,25,jamming_active
3.501,25,jamming_active
3.502,25,jamming_active
3.503,25,jamming_active
3.504,25,jamming_active
3.505,25,jamming_active
3.506,25,jamming_active
3.507,25,jamming_active
3.508,25,jamming_active
3.509,25,jamming_active
3.51,25,jamming_active
3.511,25,jamming_active
3.512,25,jamming_active
3.513,25,jamming_active
3.514,25,jamming_active
3.515,25,jamming_active
3.516,25,jamming_active
3.517,25,jamming_active
3.518,25,jamming_active
3.519,25,jamming_active
3.52,25,jamming_active
3.521,25,jamming_active
3.522,25,jamming_active
3.523,25,jamming_active
3.524,25,jamming_active
3.525,25,jamming_active
3.526,25,jamming_active
3.527,25,jamming_active
3.528,25,jamming_active
3.529,25,jamming_active
3.53,25,jamming_active
3.531,25,jamming_active
3.532,25,jamming_active
3.533,25,jamming_active
3.534,25,jamming_active
3.535,25,jamming_active
3.536,25,jamming_active
3.537,25,jamming_active
3.538,25,jamming_active
3.539,25,jamming_active
3.54,25,jamming_active
3.541,25,jamming_active
3.542,25,jamming_active
3.543,25,jamming_active
3.544,25,jamming_active
3.545,25,jamming_active
3.546,25,jamming_active
3.547,25,jamming_active
3.548,25,jamming_active
3.549,25,jamming_active
3.55,25,jamming_active
3.551,25,jamming_active
3.552,25,jamming_active
3.553,25,jamming_active
3.554,25,jamming_active
3.555,25,jamming_active
3.556,25,jamming_active
3.557,25,jamming_active
3.558,25,jamming_active
3.559,25,jamming_active
3.56,25,jamming_active
3.561,25,jamming_active
3.562,25,jamming_active
3.563,25,jamming_active
3.564,25,jamming_active
3.565,25,jamming_active
3.566,25,jamming_active
3.567,25,jamming_active
3.568,25,jamming_active
3.569,25,jamming_active
3.57,25,jamming_active
3.571,25,jamming_active
3.572,25,jamming_active
3.573,25,jamming_active
3.574,25,jamming_active
3.575,25,jamming_active
3.576,25,jamming_active
3.577,25,jamming_active
3.578,25,jamming_active
3.579,25,jamming_active
3.58,25,jamming_active
3.581,25,jamming_active
3.582,25,jamming_active
3.583,25,jamming_active
3.584,25,jamming_active
3.585,25,jamming_active
3.586,25,jamming_active
3.587,25,jamming_active
3.588,25,jamming_active
3.589,25,jamming_active
3.59,25,jamming_active
3.591,25,jamming_active
3.592,25,jamming_active
3.593,25,jamming_active
3.594,25,jamming_active
3.595,25,jamming_active
3.596,25,jamming_active
3.597,25,jamming_active
3.598,25,jamming_active
3.599,25,jamming_active
3.6,25,jamming_active
3.601,25,jamming_active
3.602,25,jamming_active
3.603,25,jamming_active
3.604,25,jamming_active
3.605,25,jamming_active
3.606,25,jamming_active
3.607,25,jamming_active
3.608,25,jamming_active
3.609,25,jamming_active
3.61,25,jamming_active
3.611,25,jamming_active
3.612,25,jamming_active
3.613,25,jamming_active
3.614,25,jamming_active
3.615,25,jamming_active
3.616,25,jamming_active
3.617,25,jamming_active
3.618,25,jamming_active
3.619,25,jamming_active
3.62,25,jamming_active
3.621,25,jamming_active
3.622,25,jamming_active
3.623,25,jamming_active
3.624,25,jamming_active
3.625,25,jamming_active
3.626,25,jamming_active
3.627,25,jamming_active
3.628,25,jamming_active
3.629,25,jamming_active
3.63,25,jamming_active
3.631,25,jamming_active
3.632,25,jamming_active
3.633,25,jamming_active
3.634,25,jamming_active
3.635,25,jamming_active
3.636,25,jamming_active
3.637,25,jamming_active
3.638,25,jamming_active
3.639,25,jamming_active
3.64,25,jamming_active
3.641,25,jamming_active
3.642,25,jamming_active
3.643,25,jamming_active
3.644,25,jamming_active
3.645,25,jamming_active
3.646,25,jamming_active
3.647,25,jamming_active
3.648,25,jamming_active
3.649,25,jamming_active
3.65,25,jamming_active
3.651,25,jamming_active
3.652,25,jamming_active
3.653,25,jamming_active
3.654,25,jamming_active
3.655,25,jamming_active
3.656,25,jamming_active
3.657,25,jamming_active
3.658,25,jamming_active
3.659,25,jamming_active
3.66,25,jamming_active
3.661,25,jamming_active
3.662,25,jamming_active
3.663,25,jamming_active
3.664,25,jamming_active
3.665,25,jamming_active
3.666,25,jamming_active
3.667,25,jamming_active
3.668,25,jamming_active
3.669,25,jamming_active
3.67,25,jamming_active
3.671,25,jamming_active
3.672,25,jamming_active
3.673,25,jamming_active
3.674,25,jamming_active
3.675,25,jamming_active
3.676,25,jamming_active
3.677,25,jamming_active
3.678,25,jamming_active
3.679,25,jamming_active
3.68,25,jamming_active
3.681,25,jamming_active
3.682,25,jamming_active
3.683,25,jamming_active
3.684,25,jamming_active
3.685,25,jamming_active
3.686,25,jamming_active
3.687,25,jamming_active
3.688,25,jamming_active
3.689,25,jamming_active
3.69,25,jamming_active
3.691,25,jamming_active
3.692,25,jamming_active
3.693,25,jamming_active
3.694,25,jamming_active
3.695,25,jamming_active
3.696,25,jamming_active
3.697,25,jamming_active
3.698,25,jamming_active
3.699,25,jamming_active
3.7,25,jamming_active
3.701,25,jamming_active
3.702,25,jamming_active
3.703,25,jamming_active
3.704,25,jamming_active
3.705,25,jamming_active
3.706,25,jamming_active
3.707,25,jamming_active
3.708,25,jamming_active
3.709,25,jamming_active
3.71,25,jamming_active
3.711,25,jamming_active
3.712,25,jamming_active
3.713,25,jamming_active
3.714,25,jamming_active
3.715,25,jamming_active
3.716,25,jamming_active
3.717,25,jamming_active
3.718,25,jamming_active
3.719,25,jamming_active
3.72,25,jamming_active
3.721,25,jamming_active
3.722,25,jamming_active
3.723,25,jamming_active
3.724,25,jamming_active
3.725,25,jamming_active
3.726,25,jamming_active
3.727,25,jamming_active
3.728,25,jamming_active
3.729,25,jamming_active
3.73,25,jamming_active
3.731,25,jamming_active
3.732,25,jamming_active
3.733,25,jamming_active
3.734,25,jamming_active
3.735,25,jamming_active
3.736,25,jamming_active
3.737,25,jamming_active
3.738,25,jamming_active
3.739,25,jamming_active
3.74,25,jamming_active
3.741,25,jamming_active
3.742,25,jamming_active
3.743,25,jamming_active
3.744,25,jamming_active
3.745,25,jamming_active
3.746,25,jamming_active
3.747,25,jamming_active
3.748,25,jamming_active
3.749,25,jamming_active
3.75,25,jamming_active
3.751,25,jamming_active
3.752,25,jamming_active
3.753,25,jamming_active
3.754,25,jamming_active
3.755,25,jamming_active
3.756,25,jamming_active
3.757,25,jamming_active
3.758,25,jamming_active
3.759,25,jamming_active
3.76,25,jamming_active
3.761,25,jamming_active
3.762,25,jamming_active
3.763,25,jamming_active
3.764,25,jamming_active
3.765,25,jamming_active
3.766,25,jamming_active
3.767,25,jamming_active
3.768,25,jamming_active
3.769,25,jamming_active
3.77,25,jamming_active
3.771,25,jamming_active
3.772,25,jamming_active
3.773,25,jamming_active
3.774,25,jamming_active
3.775,25,jamming_active
3.776,25,jamming_active
3.777,25,jamming_active
3.778,25,jamming_active
3.779,25,jamming_active
3.78,25,jamming_active
3.781,25,jamming_active
3.782,25,jamming_active
3.783,25,jamming_active
3.784,25,jamming_active
3.785,25,jamming_active
3.786,25,jamming_active
3.787,25,jamming_active
3.788,25,jamming_active
3.789,25,jamming_active
3.79,25,jamming_active
3.791,25,jamming_active
3.792,25,jamming_active
3.793,25,jamming_active
3.794,25,jamming_active
3.795,25,jamming_active
3.796,25,jamming_active
3.797,25,jamming_active
3.798,25,jamming_active
3.799,25,jamming_active
3.8,25,jamming_active
3.801,25,jamming_active
3.802,25,jamming_active
3.803,25,jamming_active
3.804,25,jamming_active
3.805,25,jamming_active
3.806,25,jamming_active
3.807,25,jamming_active
3.808,25,jamming_active
3.809,25,jamming_active
3.81,25,jamming_active
3.811,25,jamming_active
3.812,25,jamming_active
3.813,25,jamming_active
3.814,25,jamming_active
3.815,25,jamming_active
3.816,25,jamming_active
3.817,25,jamming_active
3.818,25,jamming_active
3.819,25,jamming_active
3.82,25,jamming_active
3.821,25,jamming_active
3.822,25,jamming_active
3.823,25,jamming_active
3.824,25,jamming_active
3.825,25,jamming_active
3.826,25,jamming_active
3.827,25,jamming_active
3.828,25,jamming_active
3.829,25,jamming_active
3.83,25,jamming_active
3.831,25,jamming_active
3.832,25,jamming_active
3.833,25,jamming_active
3.834,25,jamming_active
3.835,25,jamming_active
3.836,25,jamming_active
3.837,25,jamming_active
3.838,25,jamming_active
3.839,25,jamming_active
3.84,25,jamming_active
3.841,25,jamming_active
3.842,25,jamming_active
3.843,25,jamming_active
3.844,25,jamming_active
3.845,25,jamming_active
3.846,25,jamming_active
3.847,25,jamming_active
3.848,25,jamming_active
3.849,25,jamming_active
3.85,25,jamming_active
3.851,25,jamming_active
3.852,25,jamming_active
3.853,25,jamming_active
3.854,25,jamming_active
3.855,25,jamming_active
3.856,25,jamming_active
3.857,25,jamming_active
3.858,25,jamming_active
3.859,25,jamming_active
3.86,25,jamming_active
3.861,25,jamming_active
3.862,25,jamming_active
3.863,25,jamming_active
3.864,25,jamming_active
3.865,25,jamming_active
3.866,25,jamming_active
3.867,25,jamming_active
3.868,25,jamming_active
3.869,25,jamming_active
3.87,25,jamming_active
3.871,25,jamming_active
3.872,25,jamming_active
3.873,25,jamming_active
3.874,25,jamming_active
3.875,25,jamming_active
3.876,25,jamming_active
3.877,25,jamming_active
3.878,25,jamming_active
3.879,25,jamming_active
3.88,25,jamming_active
3.881,25,jamming_active
3.882,25,jamming_active
3.883,25,jamming_active
3.884,25,jamming_active
3.885,25,jamming_active
3.886,25,jamming_active
3.887,25,jamming_active
3.888,25,jamming_active
3.889,25,jamming_active
3.89,25,jamming_active
3.891,25,jamming_active
3.892,25,jamming_active
3.893,25,jamming_active
3.894,25,jamming_active
3.895,25,jamming_active
3.896,25,jamming_active
3.897,25,jamming_active
3.898,25,jamming_active
3.899,25,jamming_active
3.9,25,jamming_active
3.901,25,jamming_active
3.902,25,jamming_active
3.903,25,jamming_active
3.904,25,jamming_active
3.905,25,jamming_active
3.906,25,jamming_active
3.907,25,jamming_active
3.908,25,jamming_active
3.909,25,jamming_active
3.91,25,jamming_active
3.911,25,jamming_active
3.912,25,jamming_active
3.913,25,jamming_active
3.914,25,jamming_active
3.915,25,jamming_active
3.916,25,jamming_active
3.917,25,jamming_active
3.918,25,jamming_active
3.919,25,jamming_active
3.92,25,jamming_active
3.921,25,jamming_active
3.922,25,jamming_active
3.923,25,jamming_active
3.924,25,jamming_active
3.925,25,jamming_active
3.926,25,jamming_active
3.927,25,jamming_active
3.928,25,jamming_active
3.929,25,jamming_active
3.93,25,jamming_active
3.931,25,jamming_active
3.932,25,jamming_active
3.933,25,jamming_active
3.934,25,jamming_active
3.935,25,jamming_active
3.936,25,jamming_active
3.937,25,jamming_active
3.938,25,jamming_active
3.939,25,jamming_active
3.94,25,jamming_active
3.941,25,jamming_active
3.942,25,jamming_active
3.943,25,jamming_active
3.944,25,jamming_active
3.945,25,jamming_active
3.946,25,jamming_active
3.947,25,jamming_active
3.948,25,jamming_active
3.949,25,jamming_active
3.95,25,jamming_active
3.951,25,jamming_active
3.952,25,jamming_active
3.953,25,jamming_active
3.954,25,jamming_active
3.955,25,jamming_active
3.956,25,jamming_active
3.957,25,jamming_active
3.958,25,jamming_active
3.959,25,jamming_active
3.96,25,jamming_active
3.961,25,jamming_active
3.962,25,jamming_active
3.963,25,jamming_active
3.964,25,jamming_active
3.965,25,jamming_active
3.966,25,jamming_active
3.967,25,jamming_active
3.968,25,jamming_active
3.969,25,jamming_active
3.97,25,jamming_active
3.971,25,jamming_active
3.972,25,jamming_active
3.973,25,jamming_active
3.974,25,jamming_active
3.975,25,jamming_active
3.976,25,jamming_active
3.977,25,jamming_active
3.978,25,jamming_active
3.979,25,jamming_active
3.98,25,jamming_active
3.981,25,jamming_active
3.982,25,jamming_active
3.983,25,jamming_active
3.984,25,jamming_active
3.985,25,jamming_active
3.986,25,jamming_active
3.987,25,jamming_active
3.988,25,jamming_active
3.989,25,jamming_active
3.99,25,jamming_active
3.991,25,jamming_active
3.992,25,jamming_active
3.993,25,jamming_active
3.994,25,jamming_active
3.995,25,jamming_active
3.996,25,jamming_active
3.997,25,jamming_active
3.998,25,jamming_active
3.999,25,jamming_active
4,25,jamming_active
4.001,25,jamming_active
4.002,25,jamming_active
4.003,25,jamming_active
4.004,25,jamming_active
4.005,25,jamming_active
4.006,25,jamming_active
4.007,25,jamming_active
4.008,25,jamming_active
4.009,25,jamming_active
4.01,25,jamming_active
4.011,25,jamming_active
4.012,25,jamming_active
4.013,25,jamming_active
4.014,25,jamming_active
4.015,25,jamming_active
4.016,25,jamming_active
4.017,25,jamming_active
4.018,25,jamming_active
4.019,25,jamming_active
4.02,25,jamming_active
4.021,25,jamming_active
4.022,25,jamming_active
4.023,25,jamming_active
4.024,25,jamming_active
4.025,25,jamming_active
4.026,25,jamming_active
4.027,25,jamming_active
4.028,25,jamming_active
4.029,25,jamming_active
4.03,25,jamming_active
4.031,25,jamming_active
4.032,25,jamming_active
4.033,25,jamming_active
4.034,25,jamming_active
4.035,25,jamming_active
4.036,25,jamming_active
4.037,25,jamming_active
4.038,25,jamming_active
4.039,25,jamming_active
4.04,25,jamming_active
4.041,25,jamming_active
4.042,25,jamming_active
4.043,25,jamming_active
4.044,25,jamming_active
4.045,25,jamming_active
4.046,25,jamming_active
4.047,25,jamming_active
4.048,25,jamming_active
4.049,25,jamming_active
4.05,25,jamming_active
4.051,25,jamming_active
4.052,25,jamming_active
4.053,25,jamming_active
4.054,25,jamming_active
4.055,25,jamming_active
4.056,25,jamming_active
4.057,25,jamming_active
4.058,25,jamming_active
4.059,25,jamming_active
4.06,25,jamming_active
4.061,25,jamming_active
4.062,25,jamming_active
4.063,25,jamming_active
4.064,25,jamming_active
4.065,25,jamming_active
4.066,25,jamming_active
4.067,25,jamming_active
4.068,25,jamming_active
4.069,25,jamming_active
4.07,25,jamming_active
4.071,25,jamming_active
4.072,25,jamming_active
4.073,25,jamming_active
4.074,25,jamming_active
4.075,25,jamming_active
4.076,25,jamming_active
4.077,25,jamming_active
4.078,25,jamming_active
4.079,25,jamming_active
4.08,25,jamming_active
4.081,25,jamming_active
4.082,25,jamming_active
4.083,25,jamming_active
4.084,25,jamming_active
4.085,25,jamming_active
4.086,25,jamming_active
4.087,25,jamming_active
4.088,25,jamming_active
4.089,25,jamming_active
4.09,25,jamming_active
4.091,25,jamming_active
4.092,25,jamming_active
4.093,25,jamming_active
4.094,25,jamming_active
4.095,25,jamming_active
4.096,25,jamming_active
4.097,25,jamming_active
4.098,25,jamming_active
4.099,25,jamming_active
4.1,25,jamming_active
4.101,25,jamming_active
4.102,25,jamming_active
4.103,25,jamming_active
4.104,25,jamming_active
4.105,25,jamming_active
4.106,25,jamming_active
4.107,25,jamming_active
4.108,25,jamming_active
4.109,25,jamming_active
4.11,25,jamming_active
4.111,25,jamming_active
4.112,25,jamming_active
4.113,25,jamming_active
4.114,25,jamming_active
4.115,25,jamming_active
4.116,25,jamming_active
4.117,25,jamming_active
4.118,25,jamming_active
4.119,25,jamming_active
4.12,25,jamming_active
4.121,25,jamming_active
4.122,25,jamming_active
4.123,25,jamming_active
4.124,25,jamming_active
4.125,25,jamming_active
4.126,25,jamming_active
4.127,25,jamming_active
4.128,25,jamming_active
4.129,25,jamming_active
4.13,25,jamming_active
4.131,25,jamming_active
4.132,25,jamming_active
4.133,25,jamming_active
4.134,25,jamming_active
4.135,25,jamming_active
4.136,25,jamming_active
4.137,25,jamming_active
4.138,25,jamming_active
4.139,25,jamming_active
4.14,25,jamming_active
4.141,25,jamming_active
4.142,25,jamming_active
4.143,25,jamming_active
4.144,25,jamming_active
4.145,25,jamming_active
4.146,25,jamming_active
4.147,25,jamming_active
4.148,25,jamming_active
4.149,25,jamming_active
4.15,25,jamming_active
4.151,25,jamming_active
4.152,25,jamming_active
4.153,25,jamming_active
4.154,25,jamming_active
4.155,25,jamming_active
4.156,25,jamming_active
4.157,25,jamming_active
4.158,25,jamming_active
4.159,25,jamming_active
4.16,25,jamming_active
4.161,25,jamming_active
4.162,25,jamming_active
4.163,25,jamming_active
4.164,25,jamming_active
4.165,25,jamming_active
4.166,25,jamming_active
4.167,25,jamming_active
4.168,25,jamming_active
4.169,25,jamming_active
4.17,25,jamming_active
4.171,25,jamming_active
4.172,25,jamming_active
4.173,25,jamming_active
4.174,25,jamming_active
4.175,25,jamming_active
4.176,25,jamming_active
4.177,25,jamming_active
4.178,25,jamming_active
4.179,25,jamming_active
4.18,25,jamming_active
4.181,25,jamming_active
4.182,25,jamming_active
4.183,25,jamming_active
4.184,25,jamming_active
4.185,25,jamming_active
4.186,25,jamming_active
4.187,25,jamming_active
4.188,25,jamming_active
4.189,25,jamming_active
4.19,25,jamming_active
4.191,25,jamming_active
4.192,25,jamming_active
4.193,25,jamming_active
4.194,25,jamming_active
4.195,25,jamming_active
4.196,25,jamming_active
4.197,25,jamming_active
4.198,25,jamming_active
4.199,25,jamming_active
4.2,25,jamming_active
4.201,25,jamming_active
4.202,25,jamming_active
4.203,25,jamming_active
4.204,25,jamming_active
4.205,25,jamming_active
4.206,25,jamming_active
4.207,25,jamming_active
4.208,25,jamming_active
4.209,25,jamming_active
4.21,25,jamming_active
4.211,25,jamming_active
4.212,25,jamming_active
4.213,25,jamming_active
4.214,25,jamming_active
4.215,25,jamming_active
4.216,25,jamming_active
4.217,25,jamming_active
4.218,25,jamming_active
4.219,25,jamming_active
4.22,25,jamming_active
4.221,25,jamming_active
4.222,25,jamming_active
4.223,25,jamming_active
4.224,25,jamming_active
4.225,25,jamming_active
4.226,25,jamming_active
4.227,25,jamming_active
4.228,25,jamming_active
4.229,25,jamming_active
4.23,25,jamming_active
4.231,25,jamming_active
4.232,25,jamming_active
4.233,25,jamming_active
4.234,25,jamming_active
4.235,25,jamming_active
4.236,25,jamming_active
4.237,25,jamming_active
4.238,25,jamming_active
4.239,25,jamming_active
4.24,25,jamming_active
4.241,25,jamming_active
4.242,25,jamming_active
4.243,25,jamming_active
4.244,25,jamming_active
4.245,25,jamming_active
4.246,25,jamming_active
4.247,25,jamming_active
4.248,25,jamming_active
4.249,25,jamming_active
4.25,25,jamming_active
4.251,25,jamming_active
4.252,25,jamming_active
4.253,25,jamming_active
4.254,25,jamming_active
4.255,25,jamming_active
4.256,25,jamming_active
4.257,25,jamming_active
4.258,25,jamming_active
4.259,25,jamming_active
4.26,25,jamming_active
4.261,25,jamming_active
4.262,25,jamming_active
4.263,25,jamming_active
4.264,25,jamming_active
4.265,25,jamming_active
4.266,25,jamming_active
4.267,25,jamming_active
4.268,25,jamming_active
4.269,25,jamming_active
4.27,25,jamming_active
4.271,25,jamming_active
4.272,25,jamming_active
4.273,25,jamming_active
4.274,25,jamming_active
4.275,25,jamming_active
4.276,25,jamming_active
4.277,25,jamming_active
4.278,25,jamming_active
4.279,25,jamming_active
4.28,25,jamming_active
4.281,25,jamming_active
4.282,25,jamming_active
4.283,25,jamming_active
4.284,25,jamming_active
4.285,25,jamming_active
4.286,25,jamming_active
4.287,25,jamming_active
4.288,25,jamming_active
4.289,25,jamming_active
4.29,25,jamming_active
4.291,25,jamming_active
4.292,25,jamming_active
4.293,25,jamming_active
4.294,25,jamming_active
4.295,25,jamming_active
4.296,25,jamming_active
4.297,25,jamming_active
4.298,25,jamming_active
4.299,25,jamming_active
4.3,25,jamming_active
4.301,25,jamming_active
4.302,25,jamming_active
4.303,25,jamming_active
4.304,25,jamming_active
4.305,25,jamming_active
4.306,25,jamming_active
4.307,25,jamming_active
4.308,25,jamming_active
4.309,25,jamming_active
4.31,25,jamming_active
4.311,25,jamming_active
4.312,25,jamming_active
4.313,25,jamming_active
4.314,25,jamming_active
4.315,25,jamming_active
4.316,25,jamming_active
4.317,25,jamming_active
4.318,25,jamming_active
4.319,25,jamming_active
4.32,25,jamming_active
4.321,25,jamming_active
4.322,25,jamming_active
4.323,25,jamming_active
4.324,25,jamming_active
4.325,25,jamming_active
4.326,25,jamming_active
4.327,25,jamming_active
4.328,25,jamming_active
4.329,25,jamming_active
4.33,25,jamming_active
4.331,25,jamming_active
4.332,25,jamming_active
4.333,25,jamming_active
4.334,25,jamming_active
4.335,25,jamming_active
4.336,25,jamming_active
4.337,25,jamming_active
4.338,25,jamming_active
4.339,25,jamming_active
4.34,25,jamming_active
4.341,25,jamming_active
4.342,25,jamming_active
4.343,25,jamming_active
4.344,25,jamming_active
4.345,25,jamming_active
4.346,25,jamming_active
4.347,25,jamming_active
4.348,25,jamming_active
4.349,25,jamming_active
4.35,25,jamming_active
4.351,25,jamming_active
4.352,25,jamming_active
4.353,25,jamming_active
4.354,25,jamming_active
4.355,25,jamming_active
4.356,25,jamming_active
4.357,25,jamming_active
4.358,25,jamming_active
4.359,25,jamming_active
4.36,25,jamming_active
4.361,25,jamming_active
4.362,25,jamming_active
4.363,25,jamming_active
4.364,25,jamming_active
4.365,25,jamming_active
4.366,25,jamming_active
4.367,25,jamming_active
4.368,25,jamming_active
4.369,25,jamming_active
4.37,25,jamming_active
4.371,25,jamming_active
4.372,25,jamming_active
4.373,25,jamming_active
4.374,25,jamming_active
4.375,25,jamming_active
4.376,25,jamming_active
4.377,25,jamming_active
4.378,25,jamming_active
4.379,25,jamming_active
4.38,25,jamming_active
4.381,25,jamming_active
4.382,25,jamming_active
4.383,25,jamming_active
4.384,25,jamming_active
4.385,25,jamming_active
4.386,25,jamming_active
4.387,25,jamming_active
4.388,25,jamming_active
4.389,25,jamming_active
4.39,25,jamming_active
4.391,25,jamming_active
4.392,25,jamming_active
4.393,25,jamming_active
4.394,25,jamming_active
4.395,25,jamming_active
4.396,25,jamming_active
4.397,25,jamming_active
4.398,25,jamming_active
4.399,25,jamming_active
4.4,25,jamming_active
4.401,25,jamming_active
4.402,25,jamming_active
4.403,25,jamming_active
4.404,25,jamming_active
4.405,25,jamming_active
4.406,25,jamming_active
4.407,25,jamming_active
4.408,25,jamming_active
4.409,25,jamming_active
4.41,25,jamming_active
4.411,25,jamming_active
4.412,25,jamming_active
4.413,25,jamming_active
4.414,25,jamming_active
4.415,25,jamming_active
4.416,25,jamming_active
4.417,25,jamming_active
4.418,25,jamming_active
4.419,25,jamming_active
4.42,25,jamming_active
4.421,25,jamming_active
4.422,25,jamming_active
4.423,25,jamming_active
4.424,25,jamming_active
4.425,25,jamming_active
4.426,25,jamming_active
4.427,25,jamming_active
4.428,25,jamming_active
4.429,25,jamming_active
4.43,25,jamming_active
4.431,25,jamming_active
4.432,25,jamming_active
4.433,25,jamming_active
4.434,25,jamming_active
4.435,25,jamming_active
4.436,25,jamming_active
4.437,25,jamming_active
4.438,25,jamming_active
4.439,25,jamming_active
4.44,25,jamming_active
4.441,25,jamming_active
4.442,25,jamming_active
4.443,25,jamming_active
4.444,25,jamming_active
4.445,25,jamming_active
4.446,25,jamming_active
4.447,25,jamming_active
4.448,25,jamming_active
4.449,25,jamming_active
4.45,25,jamming_active
4.451,25,jamming_active
4.452,25,jamming_active
4.453,25,jamming_active
4.454,25,jamming_active
4.455,25,jamming_active
4.456,25,jamming_active
4.457,25,jamming_active
4.458,25,jamming_active
4.459,25,jamming_active
4.46,25,jamming_active
4.461,25,jamming_active
4.462,25,jamming_active
4.463,25,jamming_active
4.464,25,jamming_active
4.465,25,jamming_active
4.466,25,jamming_active
4.467,25,jamming_active
4.468,25,jamming_active
4.469,25,jamming_active
4.47,25,jamming_active
4.471,25,jamming_active
4.472,25,jamming_active
4.473,25,jamming_active
4.474,25,jamming_active
4.475,25,jamming_active
4.476,25,jamming_active
4.477,25,jamming_active
4.478,25,jamming_active
4.479,25,jamming_active
4.48,25,jamming_active
4.481,25,jamming_active
4.482,25,jamming_active
4.483,25,jamming_active
4.484,25,jamming_active
4.485,25,jamming_active
4.486,25,jamming_active
4.487,25,jamming_active
4.488,25,jamming_active
4.489,25,jamming_active
4.49,25,jamming_active
4.491,25,jamming_active
4.492,25,jamming_active
4.493,25,jamming_active
4.494,25,jamming_active
4.495,25,jamming_active
4.496,25,jamming_active
4.497,25,jamming_active
4.498,25,jamming_active
4.499,25,jamming_active
4.5,25,jamming_active
4.501,25,jamming_active
4.502,25,jamming_active
4.503,25,jamming_active
4.504,25,jamming_active
4.505,25,jamming_active
4.506,25,jamming_active
4.507,25,jamming_active
4.508,25,jamming_active
4.509,25,jamming_active
4.51,25,jamming_active
4.511,25,jamming_active
4.512,25,jamming_active
4.513,25,jamming_active
4.514,25,jamming_active
4.515,25,jamming_active
4.516,25,jamming_active
4.517,25,jamming_active
4.518,25,jamming_active
4.519,25,jamming_active
4.52,25,jamming_active
4.521,25,jamming_active
4.522,25,jamming_active
4.523,25,jamming_active
4.524,25,jamming_active
4.525,25,jamming_active
4.526,25,jamming_active
4.527,25,jamming_active
4.528,25,jamming_active
4.529,25,jamming_active
4.53,25,jamming_active
4.531,25,jamming_active
4.532,25,jamming_active
4.533,25,jamming_active
4.534,25,jamming_active
4.535,25,jamming_active
4.536,25,jamming_active
4.537,25,jamming_active
4.538,25,jamming_active
4.539,25,jamming_active
4.54,25,jamming_active
4.541,25,jamming_active
4.542,25,jamming_active
4.543,25,jamming_active
4.544,25,jamming_active
4.545,25,jamming_active
4.546,25,jamming_active
4.547,25,jamming_active
4.548,25,jamming_active
4.549,25,jamming_active
4.55,25,jamming_active
4.551,25,jamming_active
4.552,25,jamming_active
4.553,25,jamming_active
4.554,25,jamming_active
4.555,25,jamming_active
4.556,25,jamming_active
4.557,25,jamming_active
4.558,25,jamming_active
4.559,25,jamming_active
4.56,25,jamming_active
4.561,25,jamming_active
4.562,25,jamming_active
4.563,25,jamming_active
4.564,25,jamming_active
4.565,25,jamming_active
4.566,25,jamming_active
4.567,25,jamming_active
4.568,25,jamming_active
4.569,25,jamming_active
4.57,25,jamming_active
4.571,25,jamming_active
4.572,25,jamming_active
4.573,25,jamming_active
4.574,25,jamming_active
4.575,25,jamming_active
4.576,25,jamming_active
4.577,25,jamming_active
4.578,25,jamming_active
4.579,25,jamming_active
4.58,25,jamming_active
4.581,25,jamming_active
4.582,25,jamming_active
4.583,25,jamming_active
4.584,25,jamming_active
4.585,25,jamming_active
4.586,25,jamming_active
4.587,25,jamming_active
4.588,25,jamming_active
4.589,25,jamming_active
4.59,25,jamming_active
4.591,25,jamming_active
4.592,25,jamming_active
4.593,25,jamming_active
4.594,25,jamming_active
4.595,25,jamming_active
4.596,25,jamming_active
4.597,25,jamming_active
4.598,25,jamming_active
4.599,25,jamming_active
4.6,25,jamming_active
4.601,25,jamming_active
4.602,25,jamming_active
4.603,25,jamming_active
4.604,25,jamming_active
4.605,25,jamming_active
4.606,25,jamming_active
4.607,25,jamming_active
4.608,25,jamming_active
4.609,25,jamming_active
4.61,25,jamming_active
4.611,25,jamming_active
4.612,25,jamming_active
4.613,25,jamming_active
4.614,25,jamming_active
4.615,25,jamming_active
4.616,25,jamming_active
4.617,25,jamming_active
4.618,25,jamming_active
4.619,25,jamming_active
4.62,25,jamming_active
4.621,25,jamming_active
4.622,25,jamming_active
4.623,25,jamming_active
4.624,25,jamming_active
4.625,25,jamming_active
4.626,25,jamming_active
4.627,25,jamming_active
4.628,25,jamming_active
4.629,25,jamming_active
4.63,25,jamming_active
4.631,25,jamming_active
4.632,25,jamming_active
4.633,25,jamming_active
4.634,25,jamming_active
4.635,25,jamming_active
4.636,25,jamming_active
4.637,25,jamming_active
4.638,25,jamming_active
4.639,25,jamming_active
4.64,25,jamming_active
4.641,25,jamming_active
4.642,25,jamming_active
4.643,25,jamming_active
4.644,25,jamming_active
4.645,25,jamming_active
4.646,25,jamming_active
4.647,25,jamming_active
4.648,25,jamming_active
4.649,25,jamming_active
4.65,25,jamming_active
4.651,25,jamming_active
4.652,25,jamming_active
4.653,25,jamming_active
4.654,25,jamming_active
4.655,25,jamming_active
4.656,25,jamming_active
4.657,25,jamming_active
4.658,25,jamming_active
4.659,25,jamming_active
4.66,25,jamming_active
4.661,25,jamming_active
4.662,25,jamming_active
4.663,25,jamming_active
4.664,25,jamming_active
4.665,25,jamming_active
4.666,25,jamming_active
4.667,25,jamming_active
4.668,25,jamming_active
4.669,25,jamming_active
4.67,25,jamming_active
4.671,25,jamming_active
4.672,25,jamming_active
4.673,25,jamming_active
4.674,25,jamming_active
4.675,25,jamming_active
4.676,25,jamming_active
4.677,25,jamming_active
4.678,25,jamming_active
4.679,25,jamming_active
4.68,25,jamming_active
4.681,25,jamming_active
4.682,25,jamming_active
4.683,25,jamming_active
4.684,25,jamming_active
4.685,25,jamming_active
4.686,25,jamming_active
4.687,25,jamming_active
4.688,25,jamming_active
4.689,25,jamming_active
4.69,25,jamming_active
4.691,25,jamming_active
4.692,25,jamming_active
4.693,25,jamming_active
4.694,25,jamming_active
4.695,25,jamming_active
4.696,25,jamming_active
4.697,25,jamming_active
4.698,25,jamming_active
4.699,25,jamming_active
4.7,25,jamming_active
4.701,25,jamming_active
4.702,25,jamming_active
4.703,25,jamming_active
4.704,25,jamming_active
4.705,25,jamming_active
4.706,25,jamming_active
4.707,25,jamming_active
4.708,25,jamming_active
4.709,25,jamming_active
4.71,25,jamming_active
4.711,25,jamming_active
4.712,25,jamming_active
4.713,25,jamming_active
4.714,25,jamming_active
4.715,25,jamming_active
4.716,25,jamming_active
4.717,25,jamming_active
4.718,25,jamming_active
4.719,25,jamming_active
4.72,25,jamming_active
4.721,25,jamming_active
4.722,25,jamming_active
4.723,25,jamming_active
4.724,25,jamming_active
4.725,25,jamming_active
4.726,25,jamming_active
4.727,25,jamming_active
4.728,25,jamming_active
4.729,25,jamming_active
4.73,25,jamming_active
4.731,25,jamming_active
4.732,25,jamming_active
4.733,25,jamming_active
4.734,25,jamming_active
4.735,25,jamming_active
4.736,25,jamming_active
4.737,25,jamming_active
4.738,25,jamming_active
4.739,25,jamming_active
4.74,25,jamming_active
4.741,25,jamming_active
4.742,25,jamming_active
4.743,25,jamming_active
4.744,25,jamming_active
4.745,25,jamming_active
4.746,25,jamming_active
4.747,25,jamming_active
4.748,25,jamming_active
4.749,25,jamming_active
4.75,25,jamming_active
4.751,25,jamming_active
4.752,25,jamming_active
4.753,25,jamming_active
4.754,25,jamming_active
4.755,25,jamming_active
4.756,25,jamming_active
4.757,25,jamming_active
4.758,25,jamming_active
4.759,25,jamming_active
4.76,25,jamming_active
4.761,25,jamming_active
4.762,25,jamming_active
4.763,25,jamming_active
4.764,25,jamming_active
4.765,25,jamming_active
4.766,25,jamming_active
4.767,25,jamming_active
4.768,25,jamming_active
4.769,25,jamming_active
4.77,25,jamming_active
4.771,25,jamming_active
4.772,25,jamming_active
4.773,25,jamming_active
4.774,25,jamming_active
4.775,25,jamming_active
4.776,25,jamming_active
4.777,25,jamming_active
4.778,25,jamming_active
4.779,25,jamming_active
4.78,25,jamming_active
4.781,25,jamming_active
4.782,25,jamming_active
4.783,25,jamming_active
4.784,25,jamming_active
4.785,25,jamming_active
4.786,25,jamming_active
4.787,25,jamming_active
4.788,25,jamming_active
4.789,25,jamming_active
4.79,25,jamming_active
4.791,25,jamming_active
4.792,25,jamming_active
4.793,25,jamming_active
4.794,25,jamming_active
4.795,25,jamming_active
4.796,25,jamming_active
4.797,25,jamming_active
4.798,25,jamming_active
4.799,25,jamming_active
4.8,25,jamming_active
4.801,25,jamming_active
4.802,25,jamming_active
4.803,25,jamming_active
4.804,25,jamming_active
4.805,25,jamming_active
4.806,25,jamming_active
4.807,25,jamming_active
4.808,25,jamming_active
4.809,25,jamming_active
4.81,25,jamming_active
4.811,25,jamming_active
4.812,25,jamming_active
4.813,25,jamming_active
4.814,25,jamming_active
4.815,25,jamming_active
4.816,25,jamming_active
4.817,25,jamming_active
4.818,25,jamming_active
4.819,25,jamming_active
4.82,25,jamming_active
4.821,25,jamming_active
4.822,25,jamming_active
4.823,25,jamming_active
4.824,25,jamming_active
4.825,25,jamming_active
4.826,25,jamming_active
4.827,25,jamming_active
4.828,25,jamming_active
4.829,25,jamming_active
4.83,25,jamming_active
4.831,25,jamming_active
4.832,25,jamming_active
4.833,25,jamming_active
4.834,25,jamming_active
4.835,25,jamming_active
4.836,25,jamming_active
4.837,25,jamming_active
4.838,25,jamming_active
4.839,25,jamming_active
4.84,25,jamming_active
4.841,25,jamming_active
4.842,25,jamming_active
4.843,25,jamming_active
4.844,25,jamming_active
4.845,25,jamming_active
4.846,25,jamming_active
4.847,25,jamming_active
4.848,25,jamming_active
4.849,25,jamming_active
4.85,25,jamming_active
4.851,25,jamming_active
4.852,25,jamming_active
4.853,25,jamming_active
4.854,25,jamming_active
4.855,25,jamming_active
4.856,25,jamming_active
4.857,25,jamming_active
4.858,25,jamming_active
4.859,25,jamming_active
4.86,25,jamming_active
4.861,25,jamming_active
4.862,25,jamming_active
4.863,25,jamming_active
4.864,25,jamming_active
4.865,25,jamming_active
4.866,25,jamming_active
4.867,25,jamming_active
4.868,25,jamming_active
4.869,25,jamming_active
4.87,25,jamming_active
4.871,25,jamming_active
4.872,25,jamming_active
4.873,25,jamming_active
4.874,25,jamming_active
4.875,25,jamming_active
4.876,25,jamming_active
4.877,25,jamming_active
4.878,25,jamming_active
4.879,25,jamming_active
4.88,25,jamming_active
4.881,25,jamming_active
4.882,25,jamming_active
4.883,25,jamming_active
4.884,25,jamming_active
4.885,25,jamming_active
4.886,25,jamming_active
4.887,25,jamming_active
4.888,25,jamming_active
4.889,25,jamming_active
4.89,25,jamming_active
4.891,25,jamming_active
4.892,25,jamming_active
4.893,25,jamming_active
4.894,25,jamming_active
4.895,25,jamming_active
4.896,25,jamming_active
4.897,25,jamming_active
4.898,25,jamming_active
4.899,25,jamming_active
4.9,25,jamming_active
4.901,25,jamming_active
4.902,25,jamming_active
4.903,25,jamming_active
4.904,25,jamming_active
4.905,25,jamming_active
4.906,25,jamming_active
4.907,25,jamming_active
4.908,25,jamming_active
4.909,25,jamming_active
4.91,25,jamming_active
4.911,25,jamming_active
4.912,25,jamming_active
4.913,25,jamming_active
4.914,25,jamming_active
4.915,25,jamming_active
4.916,25,jamming_active
4.917,25,jamming_active
4.918,25,jamming_active
4.919,25,jamming_active
4.92,25,jamming_active
4.921,25,jamming_active
4.922,25,jamming_active
4.923,25,jamming_active
4.924,25,jamming_active
4.925,25,jamming_active
4.926,25,jamming_active
4.927,25,jamming_active
4.928,25,jamming_active
4.929,25,jamming_active
4.93,25,jamming_active
4.931,25,jamming_active
4.932,25,jamming_active
4.933,25,jamming_active
4.934,25,jamming_active
4.935,25,jamming_active
4.936,25,jamming_active
4.937,25,jamming_active
4.938,25,jamming_active
4.939,25,jamming_active
4.94,25,jamming_active
4.941,25,jamming_active
4.942,25,jamming_active
4.943,25,jamming_active
4.944,25,jamming_active
4.945,25,jamming_active
4.946,25,jamming_active
4.947,25,jamming_active
4.948,25,jamming_active
4.949,25,jamming_active
4.95,25,jamming_active
4.951,25,jamming_active
4.952,25,jamming_active
4.953,25,jamming_active
4.954,25,jamming_active
4.955,25,jamming_active
4.956,25,jamming_active
4.957,25,jamming_active
4.958,25,jamming_active
4.959,25,jamming_active
4.96,25,jamming_active
4.961,25,jamming_active
4.962,25,jamming_active
4.963,25,jamming_active
4.964,25,jamming_active
4.965,25,jamming_active
4.966,25,jamming_active
4.967,25,jamming_active
4.968,25,jamming_active
4.969,25,jamming_active
4.97,25,jamming_active
4.971,25,jamming_active
4.972,25,jamming_active
4.973,25,jamming_active
4.974,25,jamming_active
4.975,25,jamming_active
4.976,25,jamming_active
4.977,25,jamming_active
4.978,25,jamming_active
4.979,25,jamming_active
4.98,25,jamming_active
4.981,25,jamming_active
4.982,25,jamming_active
4.983,25,jamming_active
4.984,25,jamming_active
4.985,25,jamming_active
4.986,25,jamming_active
4.987,25,jamming_active
4.988,25,jamming_active
4.989,25,jamming_active
4.99,25,jamming_active
4.991,25,jamming_active
4.992,25,jamming_active
4.993,25,jamming_active
4.994,25,jamming_active
4.995,25,jamming_active
4.996,25,jamming_active
4.997,25,jamming_active
4.998,25,jamming_active
4.999,25,jamming_active
5,25,jamming_active
5.001,25,jamming_active
5.002,25,jamming_active
5.003,25,jamming_active
5.004,25,jamming_active
5.005,25,jamming_active
5.006,25,jamming_active
5.007,25,jamming_active
5.008,25,jamming_active
5.009,25,jamming_active
5.01,25,jamming_active
5.011,25,jamming_active
5.012,25,jamming_active
5.013,25,jamming_active
5.014,25,jamming_active
5.015,25,jamming_active
5.016,25,jamming_active
5.017,25,jamming_active
5.018,25,jamming_active
5.019,25,jamming_active
5.02,25,jamming_active
5.021,25,jamming_active
5.022,25,jamming_active
5.023,25,jamming_active
5.024,25,jamming_active
5.025,25,jamming_active
5.026,25,jamming_active
5.027,25,jamming_active
5.028,25,jamming_active
5.029,25,jamming_active
5.03,25,jamming_active
5.031,25,jamming_active
5.032,25,jamming_active
5.033,25,jamming_active
5.034,25,jamming_active
5.035,25,jamming_active
5.036,25,jamming_active
5.037,25,jamming_active
5.038,25,jamming_active
5.039,25,jamming_active
5.04,25,jamming_active
5.041,25,jamming_active
5.042,25,jamming_active
5.043,25,jamming_active
5.044,25,jamming_active
5.045,25,jamming_active
5.046,25,jamming_active
5.047,25,jamming_active
5.048,25,jamming_active
5.049,25,jamming_active
5.05,25,jamming_active
5.051,25,jamming_active
5.052,25,jamming_active
5.053,25,jamming_active
5.054,25,jamming_active
5.055,25,jamming_active
5.056,25,jamming_active
5.057,25,jamming_active
5.058,25,jamming_active
5.059,25,jamming_active
5.06,25,jamming_active
5.061,25,jamming_active
5.062,25,jamming_active
5.063,25,jamming_active
5.064,25,jamming_active
5.065,25,jamming_active
5.066,25,jamming_active
5.067,25,jamming_active
5.068,25,jamming_active
5.069,25,jamming_active
5.07,25,jamming_active
5.071,25,jamming_active
5.072,25,jamming_active
5.073,25,jamming_active
5.074,25,jamming_active
5.075,25,jamming_active
5.076,25,jamming_active
5.077,25,jamming_active
5.078,25,jamming_active
5.079,25,jamming_active
5.08,25,jamming_active
5.081,25,jamming_active
5.082,25,jamming_active
5.083,25,jamming_active
5.084,25,jamming_active
5.085,25,jamming_active
5.086,25,jamming_active
5.087,25,jamming_active
5.088,25,jamming_active
5.089,25,jamming_active
5.09,25,jamming_active
5.091,25,jamming_active
5.092,25,jamming_active
5.093,25,jamming_active
5.094,25,jamming_active
5.095,25,jamming_active
5.096,25,jamming_active
5.097,25,jamming_active
5.098,25,jamming_active
5.099,25,jamming_active
5.1,25,jamming_active
5.101,25,jamming_active
5.102,25,jamming_active
5.103,25,jamming_active
5.104,25,jamming_active
5.105,25,jamming_active
5.106,25,jamming_active
5.107,25,jamming_active
5.108,25,jamming_active
5.109,25,jamming_active
5.11,25,jamming_active
5.111,25,jamming_active
5.112,25,jamming_active
5.113,25,jamming_active
5.114,25,jamming_active
5.115,25,jamming_active
5.116,25,jamming_active
5.117,25,jamming_active
5.118,25,jamming_active
5.119,25,jamming_active
5.12,25,jamming_active
5.121,25,jamming_active
5.122,25,jamming_active
5.123,25,jamming_active
5.124,25,jamming_active
5.125,25,jamming_active
5.126,25,jamming_active
5.127,25,jamming_active
5.128,25,jamming_active
5.129,25,jamming_active
5.13,25,jamming_active
5.131,25,jamming_active
5.132,25,jamming_active
5.133,25,jamming_active
5.134,25,jamming_active
5.135,25,jamming_active
5.136,25,jamming_active
5.137,25,jamming_active
5.138,25,jamming_active
5.139,25,jamming_active
5.14,25,jamming_active
5.141,25,jamming_active
5.142,25,jamming_active
5.143,25,jamming_active
5.144,25,jamming_active
5.145,25,jamming_active
5.146,25,jamming_active
5.147,25,jamming_active
5.148,25,jamming_active
5.149,25,jamming_active
5.15,25,jamming_active
5.151,25,jamming_active
5.152,25,jamming_active
5.153,25,jamming_active
5.154,25,jamming_active
5.155,25,jamming_active
5.156,25,jamming_active
5.157,25,jamming_active
5.158,25,jamming_active
5.159,25,jamming_active
5.16,25,jamming_active
5.161,25,jamming_active
5.162,25,jamming_active
5.163,25,jamming_active
5.164,25,jamming_active
5.165,25,jamming_active
5.166,25,jamming_active
5.167,25,jamming_active
5.168,25,jamming_active
5.169,25,jamming_active
5.17,25,jamming_active
5.171,25,jamming_active
5.172,25,jamming_active
5.173,25,jamming_active
5.174,25,jamming_active
5.175,25,jamming_active
5.176,25,jamming_active
5.177,25,jamming_active
5.178,25,jamming_active
5.179,25,jamming_active
5.18,25,jamming_active
5.181,25,jamming_active
5.182,25,jamming_active
5.183,25,jamming_active
5.184,25,jamming_active
5.185,25,jamming_active
5.186,25,jamming_active
5.187,25,jamming_active
5.188,25,jamming_active
5.189,25,jamming_active
5.19,25,jamming_active
5.191,25,jamming_active
5.192,25,jamming_active
5.193,25,jamming_active
5.194,25,jamming_active
5.195,25,jamming_active
5.196,25,jamming_active
5.197,25,jamming_active
5.198,25,jamming_active
5.199,25,jamming_active
5.2,25,jamming_active
5.201,25,jamming_active
5.202,25,jamming_active
5.203,25,jamming_active
5.204,25,jamming_active
5.205,25,jamming_active
5.206,25,jamming_active
5.207,25,jamming_active
5.208,25,jamming_active
5.209,25,jamming_active
5.21,25,jamming_active
5.211,25,jamming_active
5.212,25,jamming_active
5.213,25,jamming_active
5.214,25,jamming_active
5.215,25,jamming_active
5.216,25,jamming_active
5.217,25,jamming_active
5.218,25,jamming_active
5.219,25,jamming_active
5.22,25,jamming_active
5.221,25,jamming_active
5.222,25,jamming_active
5.223,25,jamming_active
5.224,25,jamming_active
5.225,25,jamming_active
5.226,25,jamming_active
5.227,25,jamming_active
5.228,25,jamming_active
5.229,25,jamming_active
5.23,25,jamming_active
5.231,25,jamming_active
5.232,25,jamming_active
5.233,25,jamming_active
5.234,25,jamming_active
5.235,25,jamming_active
5.236,25,jamming_active
5.237,25,jamming_active
5.238,25,jamming_active
5.239,25,jamming_active
5.24,25,jamming_active
5.241,25,jamming_active
5.242,25,jamming_active
5.243,25,jamming_active
5.244,25,jamming_active
5.245,25,jamming_active
5.246,25,jamming_active
5.247,25,jamming_active
5.248,25,jamming_active
5.249,25,jamming_active
5.25,25,jamming_active
5.251,25,jamming_active
5.252,25,jamming_active
5.253,25,jamming_active
5.254,25,jamming_active
5.255,25,jamming_active
5.256,25,jamming_active
5.257,25,jamming_active
5.258,25,jamming_active
5.259,25,jamming_active
5.26,25,jamming_active
5.261,25,jamming_active
5.262,25,jamming_active
5.263,25,jamming_active
5.264,25,jamming_active
5.265,25,jamming_active
5.266,25,jamming_active
5.267,25,jamming_active
5.268,25,jamming_active
5.269,25,jamming_active
5.27,25,jamming_active
5.271,25,jamming_active
5.272,25,jamming_active
5.273,25,jamming_active
5.274,25,jamming_active
5.275,25,jamming_active
5.276,25,jamming_active
5.277,25,jamming_active
5.278,25,jamming_active
5.279,25,jamming_active
5.28,25,jamming_active
5.281,25,jamming_active
5.282,25,jamming_active
5.283,25,jamming_active
5.284,25,jamming_active
5.285,25,jamming_active
5.286,25,jamming_active
5.287,25,jamming_active
5.288,25,jamming_active
5.289,25,jamming_active
5.29,25,jamming_active
5.291,25,jamming_active
5.292,25,jamming_active
5.293,25,jamming_active
5.294,25,jamming_active
5.295,25,jamming_active
5.296,25,jamming_active
5.297,25,jamming_active
5.298,25,jamming_active
5.299,25,jamming_active
5.3,25,jamming_active
5.301,25,jamming_active
5.302,25,jamming_active
5.303,25,jamming_active
5.304,25,jamming_active
5.305,25,jamming_active
5.306,25,jamming_active
5.307,25,jamming_active
5.308,25,jamming_active
5.309,25,jamming_active
5.31,25,jamming_active
5.311,25,jamming_active
5.312,25,jamming_active
5.313,25,jamming_active
5.314,25,jamming_active
5.315,25,jamming_active
5.316,25,jamming_active
5.317,25,jamming_active
5.318,25,jamming_active
5.319,25,jamming_active
5.32,25,jamming_active
5.321,25,jamming_active
5.322,25,jamming_active
5.323,25,jamming_active
5.324,25,jamming_active
5.325,25,jamming_active
5.326,25,jamming_active
5.327,25,jamming_active
5.328,25,jamming_active
5.329,25,jamming_active
5.33,25,jamming_active
5.331,25,jamming_active
5.332,25,jamming_active
5.333,25,jamming_active
5.334,25,jamming_active
5.335,25,jamming_active
5.336,25,jamming_active
5.337,25,jamming_active
5.338,25,jamming_active
5.339,25,jamming_active
5.34,25,jamming_active
5.341,25,jamming_active
5.342,25,jamming_active
5.343,25,jamming_active
5.344,25,jamming_active
5.345,25,jamming_active
5.346,25,jamming_active
5.347,25,jamming_active
5.348,25,jamming_active
5.349,25,jamming_active
5.35,25,jamming_active
5.351,25,jamming_active
5.352,25,jamming_active
5.353,25,jamming_active
5.354,25,jamming_active
5.355,25,jamming_active
5.356,25,jamming_active
5.357,25,jamming_active
5.358,25,jamming_active
5.359,25,jamming_active
5.36,25,jamming_active
5.361,25,jamming_active
5.362,25,jamming_active
5.363,25,jamming_active
5.364,25,jamming_active
5.365,25,jamming_active
5.366,25,jamming_active
5.367,25,jamming_active
5.368,25,jamming_active
5.369,25,jamming_active
5.37,25,jamming_active
5.371,25,jamming_active
5.372,25,jamming_active
5.373,25,jamming_active
5.374,25,jamming_active
5.375,25,jamming_active
5.376,25,jamming_active
5.377,25,jamming_active
5.378,25,jamming_active
5.379,25,jamming_active
5.38,25,jamming_active
5.381,25,jamming_active
5.382,25,jamming_active
5.383,25,jamming_active
5.384,25,jamming_active
5.385,25,jamming_active
5.386,25,jamming_active
5.387,25,jamming_active
5.388,25,jamming_active
5.389,25,jamming_active
5.39,25,jamming_active
5.391,25,jamming_active
5.392,25,jamming_active
5.393,25,jamming_active
5.394,25,jamming_active
5.395,25,jamming_active
5.396,25,jamming_active
5.397,25,jamming_active
5.398,25,jamming_active
5.399,25,jamming_active
5.4,25,jamming_active
5.401,25,jamming_active
5.402,25,jamming_active
5.403,25,jamming_active
5.404,25,jamming_active
5.405,25,jamming_active
5.406,25,jamming_active
5.407,25,jamming_active
5.408,25,jamming_active
5.409,25,jamming_active
5.41,25,jamming_active
5.411,25,jamming_active
5.412,25,jamming_active
5.413,25,jamming_active
5.414,25,jamming_active
5.415,25,jamming_active
5.416,25,jamming_active
5.417,25,jamming_active
5.418,25,jamming_active
5.419,25,jamming_active
5.42,25,jamming_active
5.421,25,jamming_active
5.422,25,jamming_active
5.423,25,jamming_active
5.424,25,jamming_active
5.425,25,jamming_active
5.426,25,jamming_active
5.427,25,jamming_active
5.428,25,jamming_active
5.429,25,jamming_active
5.43,25,jamming_active
5.431,25,jamming_active
5.432,25,jamming_active
5.433,25,jamming_active
5.434,25,jamming_active
5.435,25,jamming_active
5.436,25,jamming_active
5.437,25,jamming_active
5.438,25,jamming_active
5.439,25,jamming_active
5.44,25,jamming_active
5.441,25,jamming_active
5.442,25,jamming_active
5.443,25,jamming_active
5.444,25,jamming_active
5.445,25,jamming_active
5.446,25,jamming_active
5.447,25,jamming_active
5.448,25,jamming_active
5.449,25,jamming_active
5.45,25,jamming_active
5.451,25,jamming_active
5.452,25,jamming_active
5.453,25,jamming_active
5.454,25,jamming_active
5.455,25,jamming_active
5.456,25,jamming_active
5.457,25,jamming_active
5.458,25,jamming_active
5.459,25,jamming_active
5.46,25,jamming_active
5.461,25,jamming_active
5.462,25,jamming_active
5.463,25,jamming_active
5.464,25,jamming_active
5.465,25,jamming_active
5.466,25,jamming_active
5.467,25,jamming_active
5.468,25,jamming_active
5.469,25,jamming_active
5.47,25,jamming_active
5.471,25,jamming_active
5.472,25,jamming_active
5.473,25,jamming_active
5.474,25,jamming_active
5.475,25,jamming_active
5.476,25,jamming_active
5.477,25,jamming_active
5.478,25,jamming_active
5.479,25,jamming_active
5.48,25,jamming_active
5.481,25,jamming_active
5.482,25,jamming_active
5.483,25,jamming_active
5.484,25,jamming_active
5.485,25,jamming_active
5.486,25,jamming_active
5.487,25,jamming_active
5.488,25,jamming_active
5.489,25,jamming_active
5.49,25,jamming_active
5.491,25,jamming_active
5.492,25,jamming_active
5.493,25,jamming_active
5.494,25,jamming_active
5.495,25,jamming_active
5.496,25,jamming_active
5.497,25,jamming_active
5.498,25,jamming_active
5.499,25,jamming_active
5.5,25,jamming_active
5.501,25,jamming_active
5.502,25,jamming_active
5.503,25,jamming_active
5.504,25,jamming_active
5.505,25,jamming_active
5.506,25,jamming_active
5.507,25,jamming_active
5.508,25,jamming_active
5.509,25,jamming_active
5.51,25,jamming_active
5.511,25,jamming_active
5.512,25,jamming_active
5.513,25,jamming_active
5.514,25,jamming_active
5.515,25,jamming_active
5.516,25,jamming_active
5.517,25,jamming_active
5.518,25,jamming_active
5.519,25,jamming_active
5.52,25,jamming_active
5.521,25,jamming_active
5.522,25,jamming_active
5.523,25,jamming_active
5.524,25,jamming_active
5.525,25,jamming_active
5.526,25,jamming_active
5.527,25,jamming_active
5.528,25,jamming_active
5.529,25,jamming_active
5.53,25,jamming_active
5.531,25,jamming_active
5.532,25,jamming_active
5.533,25,jamming_active
5.534,25,jamming_active
5.535,25,jamming_active
5.536,25,jamming_active
5.537,25,jamming_active
5.538,25,jamming_active
5.539,25,jamming_active
5.54,25,jamming_active
5.541,25,jamming_active
5.542,25,jamming_active
5.543,25,jamming_active
5.544,25,jamming_active
5.545,25,jamming_active
5.546,25,jamming_active
5.547,25,jamming_active
5.548,25,jamming_active
5.549,25,jamming_active
5.55,25,jamming_active
5.551,25,jamming_active
5.552,25,jamming_active
5.553,25,jamming_active
5.554,25,jamming_active
5.555,25,jamming_active
5.556,25,jamming_active
5.557,25,jamming_active
5.558,25,jamming_active
5.559,25,jamming_active
5.56,25,jamming_active
5.561,25,jamming_active
5.562,25,jamming_active
5.563,25,jamming_active
5.564,25,jamming_active
5.565,25,jamming_active
5.566,25,jamming_active
5.567,25,jamming_active
5.568,25,jamming_active
5.569,25,jamming_active
5.57,25,jamming_active
5.571,25,jamming_active
5.572,25,jamming_active
5.573,25,jamming_active
5.574,25,jamming_active
5.575,25,jamming_active
5.576,25,jamming_active
5.577,25,jamming_active
5.578,25,jamming_active
5.579,25,jamming_active
5.58,25,jamming_active
5.581,25,jamming_active
5.582,25,jamming_active
5.583,25,jamming_active
5.584,25,jamming_active
5.585,25,jamming_active
5.586,25,jamming_active
5.587,25,jamming_active
5.588,25,jamming_active
5.589,25,jamming_active
5.59,25,jamming_active
5.591,25,jamming_active
5.592,25,jamming_active
5.593,25,jamming_active
5.594,25,jamming_active
5.595,25,jamming_active
5.596,25,jamming_active
5.597,25,jamming_active
5.598,25,jamming_active
5.599,25,jamming_active
5.6,25,jamming_active
5.601,25,jamming_active
5.602,25,jamming_active
5.603,25,jamming_active
5.604,25,jamming_active
5.605,25,jamming_active
5.606,25,jamming_active
5.607,25,jamming_active
5.608,25,jamming_active
5.609,25,jamming_active
5.61,25,jamming_active
5.611,25,jamming_active
5.612,25,jamming_active
5.613,25,jamming_active
5.614,25,jamming_active
5.615,25,jamming_active
5.616,25,jamming_active
5.617,25,jamming_active
5.618,25,jamming_active
5.619,25,jamming_active
5.62,25,jamming_active
5.621,25,jamming_active
5.622,25,jamming_active
5.623,25,jamming_active
5.624,25,jamming_active
5.625,25,jamming_active
5.626,25,jamming_active
5.627,25,jamming_active
5.628,25,jamming_active
5.629,25,jamming_active
5.63,25,jamming_active
5.631,25,jamming_active
5.632,25,jamming_active
5.633,25,jamming_active
5.634,25,jamming_active
5.635,25,jamming_active
5.636,25,jamming_active
5.637,25,jamming_active
5.638,25,jamming_active
5.639,25,jamming_active
5.64,25,jamming_active
5.641,25,jamming_active
5.642,25,jamming_active
5.643,25,jamming_active
5.644,25,jamming_active
5.645,25,jamming_active
5.646,25,jamming_active
5.647,25,jamming_active
5.648,25,jamming_active
5.649,25,jamming_active
5.65,25,jamming_active
5.651,25,jamming_active
5.652,25,jamming_active
5.653,25,jamming_active
5.654,25,jamming_active
5.655,25,jamming_active
5.656,25,jamming_active
5.657,25,jamming_active
5.658,25,jamming_active
5.659,25,jamming_active
5.66,25,jamming_active
5.661,25,jamming_active
5.662,25,jamming_active
5.663,25,jamming_active
5.664,25,jamming_active
5.665,25,jamming_active
5.666,25,jamming_active
5.667,25,jamming_active
5.668,25,jamming_active
5.669,25,jamming_active
5.67,25,jamming_active
5.671,25,jamming_active
5.672,25,jamming_active
5.673,25,jamming_active
5.674,25,jamming_active
5.675,25,jamming_active
5.676,25,jamming_active
5.677,25,jamming_active
5.678,25,jamming_active
5.679,25,jamming_active
5.68,25,jamming_active
5.681,25,jamming_active
5.682,25,jamming_active
5.683,25,jamming_active
5.684,25,jamming_active
5.685,25,jamming_active
5.686,25,jamming_active
5.687,25,jamming_active
5.688,25,jamming_active
5.689,25,jamming_active
5.69,25,jamming_active
5.691,25,jamming_active
5.692,25,jamming_active
5.693,25,jamming_active
5.694,25,jamming_active
5.695,25,jamming_active
5.696,25,jamming_active
5.697,25,jamming_active
5.698,25,jamming_active
5.699,25,jamming_active
5.7,25,jamming_active
5.701,25,jamming_active
5.702,25,jamming_active
5.703,25,jamming_active
5.704,25,jamming_active
5.705,25,jamming_active
5.706,25,jamming_active
5.707,25,jamming_active
5.708,25,jamming_active
5.709,25,jamming_active
5.71,25,jamming_active
5.711,25,jamming_active
5.712,25,jamming_active
5.713,25,jamming_active
5.714,25,jamming_active
5.715,25,jamming_active
5.716,25,jamming_active
5.717,25,jamming_active
5.718,25,jamming_active
5.719,25,jamming_active
5.72,25,jamming_active
5.721,25,jamming_active
5.722,25,jamming_active
5.723,25,jamming_active
5.724,25,jamming_active
5.725,25,jamming_active
5.726,25,jamming_active
5.727,25,jamming_active
5.728,25,jamming_active
5.729,25,jamming_active
5.73,25,jamming_active
5.731,25,jamming_active
5.732,25,jamming_active
5.733,25,jamming_active
5.734,25,jamming_active
5.735,25,jamming_active
5.736,25,jamming_active
5.737,25,jamming_active
5.738,25,jamming_active
5.739,25,jamming_active
5.74,25,jamming_active
5.741,25,jamming_active
5.742,25,jamming_active
5.743,25,jamming_active
5.744,25,jamming_active
5.745,25,jamming_active
5.746,25,jamming_active
5.747,25,jamming_active
5.748,25,jamming_active
5.749,25,jamming_active
5.75,25,jamming_active
5.751,25,jamming_active
5.752,25,jamming_active
5.753,25,jamming_active
5.754,25,jamming_active
5.755,25,jamming_active
5.756,25,jamming_active
5.757,25,jamming_active
5.758,25,jamming_active
5.759,25,jamming_active
5.76,25,jamming_active
5.761,25,jamming_active
5.762,25,jamming_active
5.763,25,jamming_active
5.764,25,jamming_active
5.765,25,jamming_active
5.766,25,jamming_active
5.767,25,jamming_active
5.768,25,jamming_active
5.769,25,jamming_active
5.77,25,jamming_active
5.771,25,jamming_active
5.772,25,jamming_active
5.773,25,jamming_active
5.774,25,jamming_active
5.775,25,jamming_active
5.776,25,jamming_active
5.777,25,jamming_active
5.778,25,jamming_active
5.779,25,jamming_active
5.78,25,jamming_active
5.781,25,jamming_active
5.782,25,jamming_active
5.783,25,jamming_active
5.784,25,jamming_active
5.785,25,jamming_active
5.786,25,jamming_active
5.787,25,jamming_active
5.788,25,jamming_active
5.789,25,jamming_active
5.79,25,jamming_active
5.791,25,jamming_active
5.792,25,jamming_active
5.793,25,jamming_active
5.794,25,jamming_active
5.795,25,jamming_active
5.796,25,jamming_active
5.797,25,jamming_active
5.798,25,jamming_active
5.799,25,jamming_active
5.8,25,jamming_active
5.801,25,jamming_active
5.802,25,jamming_active
5.803,25,jamming_active
5.804,25,jamming_active
5.805,25,jamming_active
5.806,25,jamming_active
5.807,25,jamming_active
5.808,25,jamming_active
5.809,25,jamming_active
5.81,25,jamming_active
5.811,25,jamming_active
5.812,25,jamming_active
5.813,25,jamming_active
5.814,25,jamming_active
5.815,25,jamming_active
5.816,25,jamming_active
5.817,25,jamming_active
5.818,25,jamming_active
5.819,25,jamming_active
5.82,25,jamming_active
5.821,25,jamming_active
5.822,25,jamming_active
5.823,25,jamming_active
5.824,25,jamming_active
5.825,25,jamming_active
5.826,25,jamming_active
5.827,25,jamming_active
5.828,25,jamming_active
5.829,25,jamming_active
5.83,25,jamming_active
5.831,25,jamming_active
5.832,25,jamming_active
5.833,25,jamming_active
5.834,25,jamming_active
5.835,25,jamming_active
5.836,25,jamming_active
5.837,25,jamming_active
5.838,25,jamming_active
5.839,25,jamming_active
5.84,25,jamming_active
5.841,25,jamming_active
5.842,25,jamming_active
5.843,25,jamming_active
5.844,25,jamming_active
5.845,25,jamming_active
5.846,25,jamming_active
5.847,25,jamming_active
5.848,25,jamming_active
5.849,25,jamming_active
5.85,25,jamming_active
5.851,25,jamming_active
5.852,25,jamming_active
5.853,25,jamming_active
5.854,25,jamming_active
5.855,25,jamming_active
5.856,25,jamming_active
5.857,25,jamming_active
5.858,25,jamming_active
5.859,25,jamming_active
5.86,25,jamming_active
5.861,25,jamming_active
5.862,25,jamming_active
5.863,25,jamming_active
5.864,25,jamming_active
5.865,25,jamming_active
5.866,25,jamming_active
5.867,25,jamming_active
5.868,25,jamming_active
5.869,25,jamming_active
5.87,25,jamming_active
5.871,25,jamming_active
5.872,25,jamming_active
5.873,25,jamming_active
5.874,25,jamming_active
5.875,25,jamming_active
5.876,25,jamming_active
5.877,25,jamming_active
5.878,25,jamming_active
5.879,25,jamming_active
5.88,25,jamming_active
5.881,25,jamming_active
5.882,25,jamming_active
5.883,25,jamming_active
5.884,25,jamming_active
5.885,25,jamming_active
5.886,25,jamming_active
5.887,25,jamming_active
5.888,25,jamming_active
5.889,25,jamming_active
5.89,25,jamming_active
5.891,25,jamming_active
5.892,25,jamming_active
5.893,25,jamming_active
5.894,25,jamming_active
5.895,25,jamming_active
5.896,25,jamming_active
5.897,25,jamming_active
5.898,25,jamming_active
5.899,25,jamming_active
5.9,25,jamming_active
5.901,25,jamming_active
5.902,25,jamming_active
5.903,25,jamming_active
5.904,25,jamming_active
5.905,25,jamming_active
5.906,25,jamming_active
5.907,25,jamming_active
5.908,25,jamming_active
5.909,25,jamming_active
5.91,25,jamming_active
5.911,25,jamming_active
5.912,25,jamming_active
5.913,25,jamming_active
5.914,25,jamming_active
5.915,25,jamming_active
5.916,25,jamming_active
5.917,25,jamming_active
5.918,25,jamming_active
5.919,25,jamming_active
5.92,25,jamming_active
5.921,25,jamming_active
5.922,25,jamming_active
5.923,25,jamming_active
5.924,25,jamming_active
5.925,25,jamming_active
5.926,25,jamming_active
5.927,25,jamming_active
5.928,25,jamming_active
5.929,25,jamming_active
5.93,25,jamming_active
5.931,25,jamming_active
5.932,25,jamming_active
5.933,25,jamming_active
5.934,25,jamming_active
5.935,25,jamming_active
5.936,25,jamming_active
5.937,25,jamming_active
5.938,25,jamming_active
5.939,25,jamming_active
5.94,25,jamming_active
5.941,25,jamming_active
5.942,25,jamming_active
5.943,25,jamming_active
5.944,25,jamming_active
5.945,25,jamming_active
5.946,25,jamming_active
5.947,25,jamming_active
5.948,25,jamming_active
5.949,25,jamming_active
5.95,25,jamming_active
5.951,25,jamming_active
5.952,25,jamming_active
5.953,25,jamming_active
5.954,25,jamming_active
5.955,25,jamming_active
5.956,25,jamming_active
5.957,25,jamming_active
5.958,25,jamming_active
5.959,25,jamming_active
5.96,25,jamming_active
5.961,25,jamming_active
5.962,25,jamming_active
5.963,25,jamming_active
5.964,25,jamming_active
5.965,25,jamming_active
5.966,25,jamming_active
5.967,25,jamming_active
5.968,25,jamming_active
5.969,25,jamming_active
5.97,25,jamming_active
5.971,25,jamming_active
5.972,25,jamming_active
5.973,25,jamming_active
5.974,25,jamming_active
5.975,25,jamming_active
5.976,25,jamming_active
5.977,25,jamming_active
5.978,25,jamming_active
5.979,25,jamming_active
5.98,25,jamming_active
5.981,25,jamming_active
5.982,25,jamming_active
5.983,25,jamming_active
5.984,25,jamming_active
5.985,25,jamming_active
5.986,25,jamming_active
5.987,25,jamming_active
5.988,25,jamming_active
5.989,25,jamming_active
5.99,25,jamming_active
5.991,25,jamming_active
5.992,25,jamming_active
5.993,25,jamming_active
5.994,25,jamming_active
5.995,25,jamming_active
5.996,25,jamming_active
5.997,25,jamming_active
5.998,25,jamming_active
5.999,25,jamming_active
6,25,jamming_active
6.001,25,jamming_active
6.002,25,jamming_active
6.003,25,jamming_active
6.004,25,jamming_active
6.005,25,jamming_active
6.006,25,jamming_active
6.007,25,jamming_active
6.008,25,jamming_active
6.009,25,jamming_active
6.01,25,jamming_active
6.011,25,jamming_active
6.012,25,jamming_active
6.013,25,jamming_active
6.014,25,jamming_active
6.015,25,jamming_active
6.016,25,jamming_active
6.017,25,jamming_active
6.018,25,jamming_active
6.019,25,jamming_active
6.02,25,jamming_active
6.021,25,jamming_active
6.022,25,jamming_active
6.023,25,jamming_active
6.024,25,jamming_active
6.025,25,jamming_active
6.026,25,jamming_active
6.027,25,jamming_active
6.028,25,jamming_active
6.029,25,jamming_active
6.03,25,jamming_active
6.031,25,jamming_active
6.032,25,jamming_active
6.033,25,jamming_active
6.034,25,jamming_active
6.035,25,jamming_active
6.036,25,jamming_active
6.037,25,jamming_active
6.038,25,jamming_active
6.039,25,jamming_active
6.04,25,jamming_active
6.041,25,jamming_active
6.042,25,jamming_active
6.043,25,jamming_active
6.044,25,jamming_active
6.045,25,jamming_active
6.046,25,jamming_active
6.047,25,jamming_active
6.048,25,jamming_active
6.049,25,jamming_active
6.05,25,jamming_active
6.051,25,jamming_active
6.052,25,jamming_active
6.053,25,jamming_active
6.054,25,jamming_active
6.055,25,jamming_active
6.056,25,jamming_active
6.057,25,jamming_active
6.058,25,jamming_active
6.059,25,jamming_active
6.06,25,jamming_active
6.061,25,jamming_active
6.062,25,jamming_active
6.063,25,jamming_active
6.064,25,jamming_active
6.065,25,jamming_active
6.066,25,jamming_active
6.067,25,jamming_active
6.068,25,jamming_active
6.069,25,jamming_active
6.07,25,jamming_active
6.071,25,jamming_active
6.072,25,jamming_active
6.073,25,jamming_active
6.074,25,jamming_active
6.075,25,jamming_active
6.076,25,jamming_active
6.077,25,jamming_active
6.078,25,jamming_active
6.079,25,jamming_active
6.08,25,jamming_active
6.081,25,jamming_active
6.082,25,jamming_active
6.083,25,jamming_active
6.084,25,jamming_active
6.085,25,jamming_active
6.086,25,jamming_active
6.087,25,jamming_active
6.088,25,jamming_active
6.089,25,jamming_active
6.09,25,jamming_active
6.091,25,jamming_active
6.092,25,jamming_active
6.093,25,jamming_active
6.094,25,jamming_active
6.095,25,jamming_active
6.096,25,jamming_active
6.097,25,jamming_active
6.098,25,jamming_active
6.099,25,jamming_active
6.1,25,jamming_active
6.101,25,jamming_active
6.102,25,jamming_active
6.103,25,jamming_active
6.104,25,jamming_active
6.105,25,jamming_active
6.106,25,jamming_active
6.107,25,jamming_active
6.108,25,jamming_active
6.109,25,jamming_active
6.11,25,jamming_active
6.111,25,jamming_active
6.112,25,jamming_active
6.113,25,jamming_active
6.114,25,jamming_active
6.115,25,jamming_active
6.116,25,jamming_active
6.117,25,jamming_active
6.118,25,jamming_active
6.119,25,jamming_active
6.12,25,jamming_active
6.121,25,jamming_active
6.122,25,jamming_active
6.123,25,jamming_active
6.124,25,jamming_active
6.125,25,jamming_active
6.126,25,jamming_active
6.127,25,jamming_active
6.128,25,jamming_active
6.129,25,jamming_active
6.13,25,jamming_active
6.131,25,jamming_active
6.132,25,jamming_active
6.133,25,jamming_active
6.134,25,jamming_active
6.135,25,jamming_active
6.136,25,jamming_active
6.137,25,jamming_active
6.138,25,jamming_active
6.139,25,jamming_active
6.14,25,jamming_active
6.141,25,jamming_active
6.142,25,jamming_active
6.143,25,jamming_active
6.144,25,jamming_active
6.145,25,jamming_active
6.146,25,jamming_active
6.147,25,jamming_active
6.148,25,jamming_active
6.149,25,jamming_active
6.15,25,jamming_active
6.151,25,jamming_active
6.152,25,jamming_active
6.153,25,jamming_active
6.154,25,jamming_active
6.155,25,jamming_active
6.156,25,jamming_active
6.157,25,jamming_active
6.158,25,jamming_active
6.159,25,jamming_active
6.16,25,jamming_active
6.161,25,jamming_active
6.162,25,jamming_active
6.163,25,jamming_active
6.164,25,jamming_active
6.165,25,jamming_active
6.166,25,jamming_active
6.167,25,jamming_active
6.168,25,jamming_active
6.169,25,jamming_active
6.17,25,jamming_active
6.171,25,jamming_active
6.172,25,jamming_active
6.173,25,jamming_active
6.174,25,jamming_active
6.175,25,jamming_active
6.176,25,jamming_active
6.177,25,jamming_active
6.178,25,jamming_active
6.179,25,jamming_active
6.18,25,jamming_active
6.181,25,jamming_active
6.182,25,jamming_active
6.183,25,jamming_active
6.184,25,jamming_active
6.185,25,jamming_active
6.186,25,jamming_active
6.187,25,jamming_active
6.188,25,jamming_active
6.189,25,jamming_active
6.19,25,jamming_active
6.191,25,jamming_active
6.192,25,jamming_active
6.193,25,jamming_active
6.194,25,jamming_active
6.195,25,jamming_active
6.196,25,jamming_active
6.197,25,jamming_active
6.198,25,jamming_active
6.199,25,jamming_active
6.2,25,jamming_active
6.201,25,jamming_active
6.202,25,jamming_active
6.203,25,jamming_active
6.204,25,jamming_active
6.205,25,jamming_active
6.206,25,jamming_active
6.207,25,jamming_active
6.208,25,jamming_active
6.209,25,jamming_active
6.21,25,jamming_active
6.211,25,jamming_active
6.212,25,jamming_active
6.213,25,jamming_active
6.214,25,jamming_active
6.215,25,jamming_active
6.216,25,jamming_active
6.217,25,jamming_active
6.218,25,jamming_active
6.219,25,jamming_active
6.22,25,jamming_active
6.221,25,jamming_active
6.222,25,jamming_active
6.223,25,jamming_active
6.224,25,jamming_active
6.225,25,jamming_active
6.226,25,jamming_active
6.227,25,jamming_active
6.228,25,jamming_active
6.229,25,jamming_active
6.23,25,jamming_active
6.231,25,jamming_active
6.232,25,jamming_active
6.233,25,jamming_active
6.234,25,jamming_active
6.235,25,jamming_active
6.236,25,jamming_active
6.237,25,jamming_active
6.238,25,jamming_active
6.239,25,jamming_active
6.24,25,jamming_active
6.241,25,jamming_active
6.242,25,jamming_active
6.243,25,jamming_active
6.244,25,jamming_active
6.245,25,jamming_active
6.246,25,jamming_active
6.247,25,jamming_active
6.248,25,jamming_active
6.249,25,jamming_active
6.25,25,jamming_active
6.251,25,jamming_active
6.252,25,jamming_active
6.253,25,jamming_active
6.254,25,jamming_active
6.255,25,jamming_active
6.256,25,jamming_active
6.257,25,jamming_active
6.258,25,jamming_active
6.259,25,jamming_active
6.26,25,jamming_active
6.261,25,jamming_active
6.262,25,jamming_active
6.263,25,jamming_active
6.264,25,jamming_active
6.265,25,jamming_active
6.266,25,jamming_active
6.267,25,jamming_active
6.268,25,jamming_active
6.269,25,jamming_active
6.27,25,jamming_active
6.271,25,jamming_active
6.272,25,jamming_active
6.273,25,jamming_active
6.274,25,jamming_active
6.275,25,jamming_active
6.276,25,jamming_active
6.277,25,jamming_active
6.278,25,jamming_active
6.279,25,jamming_active
6.28,25,jamming_active
6.281,25,jamming_active
6.282,25,jamming_active
6.283,25,jamming_active
6.284,25,jamming_active
6.285,25,jamming_active
6.286,25,jamming_active
6.287,25,jamming_active
6.288,25,jamming_active
6.289,25,jamming_active
6.29,25,jamming_active
6.291,25,jamming_active
6.292,25,jamming_active
6.293,25,jamming_active
6.294,25,jamming_active
6.295,25,jamming_active
6.296,25,jamming_active
6.297,25,jamming_active
6.298,25,jamming_active
6.299,25,jamming_active
6.3,25,jamming_active
6.301,25,jamming_active
6.302,25,jamming_active
6.303,25,jamming_active
6.304,25,jamming_active
6.305,25,jamming_active
6.306,25,jamming_active
6.307,25,jamming_active
6.308,25,jamming_active
6.309,25,jamming_active
6.31,25,jamming_active
6.311,25,jamming_active
6.312,25,jamming_active
6.313,25,jamming_active
6.314,25,jamming_active
6.315,25,jamming_active
6.316,25,jamming_active
6.317,25,jamming_active
6.318,25,jamming_active
6.319,25,jamming_active
6.32,25,jamming_active
6.321,25,jamming_active
6.322,25,jamming_active
6.323,25,jamming_active
6.324,25,jamming_active
6.325,25,jamming_active
6.326,25,jamming_active
6.327,25,jamming_active
6.328,25,jamming_active
6.329,25,jamming_active
6.33,25,jamming_active
6.331,25,jamming_active
6.332,25,jamming_active
6.333,25,jamming_active
6.334,25,jamming_active
6.335,25,jamming_active
6.336,25,jamming_active
6.337,25,jamming_active
6.338,25,jamming_active
6.339,25,jamming_active
6.34,25,jamming_active
6.341,25,jamming_active
6.342,25,jamming_active
6.343,25,jamming_active
6.344,25,jamming_active
6.345,25,jamming_active
6.346,25,jamming_active
6.347,25,jamming_active
6.348,25,jamming_active
6.349,25,jamming_active
6.35,25,jamming_active
6.351,25,jamming_active
6.352,25,jamming_active
6.353,25,jamming_active
6.354,25,jamming_active
6.355,25,jamming_active
6.356,25,jamming_active
6.357,25,jamming_active
6.358,25,jamming_active
6.359,25,jamming_active
6.36,25,jamming_active
6.361,25,jamming_active
6.362,25,jamming_active
6.363,25,jamming_active
6.364,25,jamming_active
6.365,25,jamming_active
6.366,25,jamming_active
6.367,25,jamming_active
6.368,25,jamming_active
6.369,25,jamming_active
6.37,25,jamming_active
6.371,25,jamming_active
6.372,25,jamming_active
6.373,25,jamming_active
6.374,25,jamming_active
6.375,25,jamming_active
6.376,25,jamming_active
6.377,25,jamming_active
6.378,25,jamming_active
6.379,25,jamming_active
6.38,25,jamming_active
6.381,25,jamming_active
6.382,25,jamming_active
6.383,25,jamming_active
6.384,25,jamming_active
6.385,25,jamming_active
6.386,25,jamming_active
6.387,25,jamming_active
6.388,25,jamming_active
6.389,25,jamming_active
6.39,25,jamming_active
6.391,25,jamming_active
6.392,25,jamming_active
6.393,25,jamming_active
6.394,25,jamming_active
6.395,25,jamming_active
6.396,25,jamming_active
6.397,25,jamming_active
6.398,25,jamming_active
6.399,25,jamming_active
6.4,25,jamming_active
6.401,25,jamming_active
6.402,25,jamming_active
6.403,25,jamming_active
6.404,25,jamming_active
6.405,25,jamming_active
6.406,25,jamming_active
6.407,25,jamming_active
6.408,25,jamming_active
6.409,25,jamming_active
6.41,25,jamming_active
6.411,25,jamming_active
6.412,25,jamming_active
6.413,25,jamming_active
6.414,25,jamming_active
6.415,25,jamming_active
6.416,25,jamming_active
6.417,25,jamming_active
6.418,25,jamming_active
6.419,25,jamming_active
6.42,25,jamming_active
6.421,25,jamming_active
6.422,25,jamming_active
6.423,25,jamming_active
6.424,25,jamming_active
6.425,25,jamming_active
6.426,25,jamming_active
6.427,25,jamming_active
6.428,25,jamming_active
6.429,25,jamming_active
6.43,25,jamming_active
6.431,25,jamming_active
6.432,25,jamming_active
6.433,25,jamming_active
6.434,25,jamming_active
6.435,25,jamming_active
6.436,25,jamming_active
6.437,25,jamming_active
6.438,25,jamming_active
6.439,25,jamming_active
6.44,25,jamming_active
6.441,25,jamming_active
6.442,25,jamming_active
6.443,25,jamming_active
6.444,25,jamming_active
6.445,25,jamming_active
6.446,25,jamming_active
6.447,25,jamming_active
6.448,25,jamming_active
6.449,25,jamming_active
6.45,25,jamming_active
6.451,25,jamming_active
6.452,25,jamming_active
6.453,25,jamming_active
6.454,25,jamming_active
6.455,25,jamming_active
6.456,25,jamming_active
6.457,25,jamming_active
6.458,25,jamming_active
6.459,25,jamming_active
6.46,25,jamming_active
6.461,25,jamming_active
6.462,25,jamming_active
6.463,25,jamming_active
6.464,25,jamming_active
6.465,25,jamming_active
6.466,25,jamming_active
6.467,25,jamming_active
6.468,25,jamming_active
6.469,25,jamming_active
6.47,25,jamming_active
6.471,25,jamming_active
6.472,25,jamming_active
6.473,25,jamming_active
6.474,25,jamming_active
6.475,25,jamming_active
6.476,25,jamming_active
6.477,25,jamming_active
6.478,25,jamming_active
6.479,25,jamming_active
6.48,25,jamming_active
6.481,25,jamming_active
6.482,25,jamming_active
6.483,25,jamming_active
6.484,25,jamming_active
6.485,25,jamming_active
6.486,25,jamming_active
6.487,25,jamming_active
6.488,25,jamming_active
6.489,25,jamming_active
6.49,25,jamming_active
6.491,25,jamming_active
6.492,25,jamming_active
6.493,25,jamming_active
6.494,25,jamming_active
6.495,25,jamming_active
6.496,25,jamming_active
6.497,25,jamming_active
6.498,25,jamming_active
6.499,25,jamming_active
6.5,25,jamming_active
6.501,25,jamming_active
6.502,25,jamming_active
6.503,25,jamming_active
6.504,25,jamming_active
6.505,25,jamming_active
6.506,25,jamming_active
6.507,25,jamming_active
6.508,25,jamming_active
6.509,25,jamming_active
6.51,25,jamming_active
6.511,25,jamming_active
6.512,25,jamming_active
6.513,25,jamming_active
6.514,25,jamming_active
6.515,25,jamming_active
6.516,25,jamming_active
6.517,25,jamming_active
6.518,25,jamming_active
6.519,25,jamming_active
6.52,25,jamming_active
6.521,25,jamming_active
6.522,25,jamming_active
6.523,25,jamming_active
6.524,25,jamming_active
6.525,25,jamming_active
6.526,25,jamming_active
6.527,25,jamming_active
6.528,25,jamming_active
6.529,25,jamming_active
6.53,25,jamming_active
6.531,25,jamming_active
6.532,25,jamming_active
6.533,25,jamming_active
6.534,25,jamming_active
6.535,25,jamming_active
6.536,25,jamming_active
6.537,25,jamming_active
6.538,25,jamming_active
6.539,25,jamming_active
6.54,25,jamming_active
6.541,25,jamming_active
6.542,25,jamming_active
6.543,25,jamming_active
6.544,25,jamming_active
6.545,25,jamming_active
6.546,25,jamming_active
6.547,25,jamming_active
6.548,25,jamming_active
6.549,25,jamming_active
6.55,25,jamming_active
6.551,25,jamming_active
6.552,25,jamming_active
6.553,25,jamming_active
6.554,25,jamming_active
6.555,25,jamming_active
6.556,25,jamming_active
6.557,25,jamming_active
6.558,25,jamming_active
6.559,25,jamming_active
6.56,25,jamming_active
6.561,25,jamming_active
6.562,25,jamming_active
6.563,25,jamming_active
6.564,25,jamming_active
6.565,25,jamming_active
6.566,25,jamming_active
6.567,25,jamming_active
6.568,25,jamming_active
6.569,25,jamming_active
6.57,25,jamming_active
6.571,25,jamming_active
6.572,25,jamming_active
6.573,25,jamming_active
6.574,25,jamming_active
6.575,25,jamming_active
6.576,25,jamming_active
6.577,25,jamming_active
6.578,25,jamming_active
6.579,25,jamming_active
6.58,25,jamming_active
6.581,25,jamming_active
6.582,25,jamming_active
6.583,25,jamming_active
6.584,25,jamming_active
6.585,25,jamming_active
6.586,25,jamming_active
6.587,25,jamming_active
6.588,25,jamming_active
6.589,25,jamming_active
6.59,25,jamming_active
6.591,25,jamming_active
6.592,25,jamming_active
6.593,25,jamming_active
6.594,25,jamming_active
6.595,25,jamming_active
6.596,25,jamming_active
6.597,25,jamming_active
6.598,25,jamming_active
6.599,25,jamming_active
6.6,25,jamming_active
6.601,25,jamming_active
6.602,25,jamming_active
6.603,25,jamming_active
6.604,25,jamming_active
6.605,25,jamming_active
6.606,25,jamming_active
6.607,25,jamming_active
6.608,25,jamming_active
6.609,25,jamming_active
6.61,25,jamming_active
6.611,25,jamming_active
6.612,25,jamming_active
6.613,25,jamming_active
6.614,25,jamming_active
6.615,25,jamming_active
6.616,25,jamming_active
6.617,25,jamming_active
6.618,25,jamming_active
6.619,25,jamming_active
6.62,25,jamming_active
6.621,25,jamming_active
6.622,25,jamming_active
6.623,25,jamming_active
6.624,25,jamming_active
6.625,25,jamming_active
6.626,25,jamming_active
6.627,25,jamming_active
6.628,25,jamming_active
6.629,25,jamming_active
6.63,25,jamming_active
6.631,25,jamming_active
6.632,25,jamming_active
6.633,25,jamming_active
6.634,25,jamming_active
6.635,25,jamming_active
6.636,25,jamming_active
6.637,25,jamming_active
6.638,25,jamming_active
6.639,25,jamming_active
6.64,25,jamming_active
6.641,25,jamming_active
6.642,25,jamming_active
6.643,25,jamming_active
6.644,25,jamming_active
6.645,25,jamming_active
6.646,25,jamming_active
6.647,25,jamming_active
6.648,25,jamming_active
6.649,25,jamming_active
6.65,25,jamming_active
6.651,25,jamming_active
6.652,25,jamming_active
6.653,25,jamming_active
6.654,25,jamming_active
6.655,25,jamming_active
6.656,25,jamming_active
6.657,25,jamming_active
6.658,25,jamming_active
6.659,25,jamming_active
6.66,25,jamming_active
6.661,25,jamming_active
6.662,25,jamming_active
6.663,25,jamming_active
6.664,25,jamming_active
6.665,25,jamming_active
6.666,25,jamming_active
6.667,25,jamming_active
6.668,25,jamming_active
6.669,25,jamming_active
6.67,25,jamming_active
6.671,25,jamming_active
6.672,25,jamming_active
6.673,25,jamming_active
6.674,25,jamming_active
6.675,25,jamming_active
6.676,25,jamming_active
6.677,25,jamming_active
6.678,25,jamming_active
6.679,25,jamming_active
6.68,25,jamming_active
6.681,25,jamming_active
6.682,25,jamming_active
6.683,25,jamming_active
6.684,25,jamming_active
6.685,25,jamming_active
6.686,25,jamming_active
6.687,25,jamming_active
6.688,25,jamming_active
6.689,25,jamming_active
6.69,25,jamming_active
6.691,25,jamming_active
6.692,25,jamming_active
6.693,25,jamming_active
6.694,25,jamming_active
6.695,25,jamming_active
6.696,25,jamming_active
6.697,25,jamming_active
6.698,25,jamming_active
6.699,25,jamming_active
6.7,25,jamming_active
6.701,25,jamming_active
6.702,25,jamming_active
6.703,25,jamming_active
6.704,25,jamming_active
6.705,25,jamming_active
6.706,25,jamming_active
6.707,25,jamming_active
6.708,25,jamming_active
6.709,25,jamming_active
6.71,25,jamming_active
6.711,25,jamming_active
6.712,25,jamming_active
6.713,25,jamming_active
6.714,25,jamming_active
6.715,25,jamming_active
6.716,25,jamming_active
6.717,25,jamming_active
6.718,25,jamming_active
6.719,25,jamming_active
6.72,25,jamming_active
6.721,25,jamming_active
6.722,25,jamming_active
6.723,25,jamming_active
6.724,25,jamming_active
6.725,25,jamming_active
6.726,25,jamming_active
6.727,25,jamming_active
6.728,25,jamming_active
6.729,25,jamming_active
6.73,25,jamming_active
6.731,25,jamming_active
6.732,25,jamming_active
6.733,25,jamming_active
6.734,25,jamming_active
6.735,25,jamming_active
6.736,25,jamming_active
6.737,25,jamming_active
6.738,25,jamming_active
6.739,25,jamming_active
6.74,25,jamming_active
6.741,25,jamming_active
6.742,25,jamming_active
6.743,25,jamming_active
6.744,25,jamming_active
6.745,25,jamming_active
6.746,25,jamming_active
6.747,25,jamming_active
6.748,25,jamming_active
6.749,25,jamming_active
6.75,25,jamming_active
6.751,25,jamming_active
6.752,25,jamming_active
6.753,25,jamming_active
6.754,25,jamming_active
6.755,25,jamming_active
6.756,25,jamming_active
6.757,25,jamming_active
6.758,25,jamming_active
6.759,25,jamming_active
6.76,25,jamming_active
6.761,25,jamming_active
6.762,25,jamming_active
6.763,25,jamming_active
6.764,25,jamming_active
6.765,25,jamming_active
6.766,25,jamming_active
6.767,25,jamming_active
6.768,25,jamming_active
6.769,25,jamming_active
6.77,25,jamming_active
6.771,25,jamming_active
6.772,25,jamming_active
6.773,25,jamming_active
6.774,25,jamming_active
6.775,25,jamming_active
6.776,25,jamming_active
6.777,25,jamming_active
6.778,25,jamming_active
6.779,25,jamming_active
6.78,25,jamming_active
6.781,25,jamming_active
6.782,25,jamming_active
6.783,25,jamming_active
6.784,25,jamming_active
6.785,25,jamming_active
6.786,25,jamming_active
6.787,25,jamming_active
6.788,25,jamming_active
6.789,25,jamming_active
6.79,25,jamming_active
6.791,25,jamming_active
6.792,25,jamming_active
6.793,25,jamming_active
6.794,25,jamming_active
6.795,25,jamming_active
6.796,25,jamming_active
6.797,25,jamming_active
6.798,25,jamming_active
6.799,25,jamming_active
6.8,25,jamming_active
6.801,25,jamming_active
6.802,25,jamming_active
6.803,25,jamming_active
6.804,25,jamming_active
6.805,25,jamming_active
6.806,25,jamming_active
6.807,25,jamming_active
6.808,25,jamming_active
6.809,25,jamming_active
6.81,25,jamming_active
6.811,25,jamming_active
6.812,25,jamming_active
6.813,25,jamming_active
6.814,25,jamming_active
6.815,25,jamming_active
6.816,25,jamming_active
6.817,25,jamming_active
6.818,25,jamming_active
6.819,25,jamming_active
6.82,25,jamming_active
6.821,25,jamming_active
6.822,25,jamming_active
6.823,25,jamming_active
6.824,25,jamming_active
6.825,25,jamming_active
6.826,25,jamming_active
6.827,25,jamming_active
6.828,25,jamming_active
6.829,25,jamming_active
6.83,25,jamming_active
6.831,25,jamming_active
6.832,25,jamming_active
6.833,25,jamming_active
6.834,25,jamming_active
6.835,25,jamming_active
6.836,25,jamming_active
6.837,25,jamming_active
6.838,25,jamming_active
6.839,25,jamming_active
6.84,25,jamming_active
6.841,25,jamming_active
6.842,25,jamming_active
6.843,25,jamming_active
6.844,25,jamming_active
6.845,25,jamming_active
6.846,25,jamming_active
6.847,25,jamming_active
6.848,25,jamming_active
6.849,25,jamming_active
6.85,25,jamming_active
6.851,25,jamming_active
6.852,25,jamming_active
6.853,25,jamming_active
6.854,25,jamming_active
6.855,25,jamming_active
6.856,25,jamming_active
6.857,25,jamming_active
6.858,25,jamming_active
6.859,25,jamming_active
6.86,25,jamming_active
6.861,25,jamming_active
6.862,25,jamming_active
6.863,25,jamming_active
6.864,25,jamming_active
6.865,25,jamming_active
6.866,25,jamming_active
6.867,25,jamming_active
6.868,25,jamming_active
6.869,25,jamming_active
6.87,25,jamming_active
6.871,25,jamming_active
6.872,25,jamming_active
6.873,25,jamming_active
6.874,25,jamming_active
6.875,25,jamming_active
6.876,25,jamming_active
6.877,25,jamming_active
6.878,25,jamming_active
6.879,25,jamming_active
6.88,25,jamming_active
6.881,25,jamming_active
6.882,25,jamming_active
6.883,25,jamming_active
6.884,25,jamming_active
6.885,25,jamming_active
6.886,25,jamming_active
6.887,25,jamming_active
6.888,25,jamming_active
6.889,25,jamming_active
6.89,25,jamming_active
6.891,25,jamming_active
6.892,25,jamming_active
6.893,25,jamming_active
6.894,25,jamming_active
6.895,25,jamming_active
6.896,25,jamming_active
6.897,25,jamming_active
6.898,25,jamming_active
6.899,25,jamming_active
6.9,25,jamming_active
6.901,25,jamming_active
6.902,25,jamming_active
6.903,25,jamming_active
6.904,25,jamming_active
6.905,25,jamming_active
6.906,25,jamming_active
6.907,25,jamming_active
6.908,25,jamming_active
6.909,25,jamming_active
6.91,25,jamming_active
6.911,25,jamming_active
6.912,25,jamming_active
6.913,25,jamming_active
6.914,25,jamming_active
6.915,25,jamming_active
6.916,25,jamming_active
6.917,25,jamming_active
6.918,25,jamming_active
6.919,25,jamming_active
6.92,25,jamming_active
6.921,25,jamming_active
6.922,25,jamming_active
6.923,25,jamming_active
6.924,25,jamming_active
6.925,25,jamming_active
6.926,25,jamming_active
6.927,25,jamming_active
6.928,25,jamming_active
6.929,25,jamming_active
6.93,25,jamming_active
6.931,25,jamming_active
6.932,25,jamming_active
6.933,25,jamming_active
6.934,25,jamming_active
6.935,25,jamming_active
6.936,25,jamming_active
6.937,25,jamming_active
6.938,25,jamming_active
6.939,25,jamming_active
6.94,25,jamming_active
6.941,25,jamming_active
6.942,25,jamming_active
6.943,25,jamming_active
6.944,25,jamming_active
6.945,25,jamming_active
6.946,25,jamming_active
6.947,25,jamming_active
6.948,25,jamming_active
6.949,25,jamming_active
6.95,25,jamming_active
6.951,25,jamming_active
6.952,25,jamming_active
6.953,25,jamming_active
6.954,25,jamming_active
6.955,25,jamming_active
6.956,25,jamming_active
6.957,25,jamming_active
6.958,25,jamming_active
6.959,25,jamming_active
6.96,25,jamming_active
6.961,25,jamming_active
6.962,25,jamming_active
6.963,25,jamming_active
6.964,25,jamming_active
6.965,25,jamming_active
6.966,25,jamming_active
6.967,25,jamming_active
6.968,25,jamming_active
6.969,25,jamming_active
6.97,25,jamming_active
6.971,25,jamming_active
6.972,25,jamming_active
6.973,25,jamming_active
6.974,25,jamming_active
6.975,25,jamming_active
6.976,25,jamming_active
6.977,25,jamming_active
6.978,25,jamming_active
6.979,25,jamming_active
6.98,25,jamming_active
6.981,25,jamming_active
6.982,25,jamming_active
6.983,25,jamming_active
6.984,25,jamming_active
6.985,25,jamming_active
6.986,25,jamming_active
6.987,25,jamming_active
6.988,25,jamming_active
6.989,25,jamming_active
6.99,25,jamming_active
6.991,25,jamming_active
6.992,25,jamming_active
6.993,25,jamming_active
6.994,25,jamming_active
6.995,25,jamming_active
6.996,25,jamming_active
6.997,25,jamming_active
6.998,25,jamming_active
6.999,25,jamming_active
7,25,jamming_active
7.001,25,jamming_active
7.002,25,jamming_active
7.003,25,jamming_active
7.004,25,jamming_active
7.005,25,jamming_active
7.006,25,jamming_active
7.007,25,jamming_active
7.008,25,jamming_active
7.009,25,jamming_active
7.01,25,jamming_active
7.011,25,jamming_active
7.012,25,jamming_active
7.013,25,jamming_active
7.014,25,jamming_active
7.015,25,jamming_active
7.016,25,jamming_active
7.017,25,jamming_active
7.018,25,jamming_active
7.019,25,jamming_active
7.02,25,jamming_active
7.021,25,jamming_active
7.022,25,jamming_active
7.023,25,jamming_active
7.024,25,jamming_active
7.025,25,jamming_active
7.026,25,jamming_active
7.027,25,jamming_active
7.028,25,jamming_active
7.029,25,jamming_active
7.03,25,jamming_active
7.031,25,jamming_active
7.032,25,jamming_active
7.033,25,jamming_active
7.034,25,jamming_active
7.035,25,jamming_active
7.036,25,jamming_active
7.037,25,jamming_active
7.038,25,jamming_active
7.039,25,jamming_active
7.04,25,jamming_active
7.041,25,jamming_active
7.042,25,jamming_active
7.043,25,jamming_active
7.044,25,jamming_active
7.045,25,jamming_active
7.046,25,jamming_active
7.047,25,jamming_active
7.048,25,jamming_active
7.049,25,jamming_active
7.05,25,jamming_active
7.051,25,jamming_active
7.052,25,jamming_active
7.053,25,jamming_active
7.054,25,jamming_active
7.055,25,jamming_active
7.056,25,jamming_active
7.057,25,jamming_active
7.058,25,jamming_active
7.059,25,jamming_active
7.06,25,jamming_active
7.061,25,jamming_active
7.062,25,jamming_active
7.063,25,jamming_active
7.064,25,jamming_active
7.065,25,jamming_active
7.066,25,jamming_active
7.067,25,jamming_active
7.068,25,jamming_active
7.069,25,jamming_active
7.07,25,jamming_active
7.071,25,jamming_active
7.072,25,jamming_active
7.073,25,jamming_active
7.074,25,jamming_active
7.075,25,jamming_active
7.076,25,jamming_active
7.077,25,jamming_active
7.078,25,jamming_active
7.079,25,jamming_active
7.08,25,jamming_active
7.081,25,jamming_active
7.082,25,jamming_active
7.083,25,jamming_active
7.084,25,jamming_active
7.085,25,jamming_active
7.086,25,jamming_active
7.087,25,jamming_active
7.088,25,jamming_active
7.089,25,jamming_active
7.09,25,jamming_active
7.091,25,jamming_active
7.092,25,jamming_active
7.093,25,jamming_active
7.094,25,jamming_active
7.095,25,jamming_active
7.096,25,jamming_active
7.097,25,jamming_active
7.098,25,jamming_active
7.099,25,jamming_active
7.1,25,jamming_active
7.101,25,jamming_active
7.102,25,jamming_active
7.103,25,jamming_active
7.104,25,jamming_active
7.105,25,jamming_active
7.106,25,jamming_active
7.107,25,jamming_active
7.108,25,jamming_active
7.109,25,jamming_active
7.11,25,jamming_active
7.111,25,jamming_active
7.112,25,jamming_active
7.113,25,jamming_active
7.114,25,jamming_active
7.115,25,jamming_active
7.116,25,jamming_active
7.117,25,jamming_active
7.118,25,jamming_active
7.119,25,jamming_active
7.12,25,jamming_active
7.121,25,jamming_active
7.122,25,jamming_active
7.123,25,jamming_active
7.124,25,jamming_active
7.125,25,jamming_active
7.126,25,jamming_active
7.127,25,jamming_active
7.128,25,jamming_active
7.129,25,jamming_active
7.13,25,jamming_active
7.131,25,jamming_active
7.132,25,jamming_active
7.133,25,jamming_active
7.134,25,jamming_active
7.135,25,jamming_active
7.136,25,jamming_active
7.137,25,jamming_active
7.138,25,jamming_active
7.139,25,jamming_active
7.14,25,jamming_active
7.141,25,jamming_active
7.142,25,jamming_active
7.143,25,jamming_active
7.144,25,jamming_active
7.145,25,jamming_active
7.146,25,jamming_active
7.147,25,jamming_active
7.148,25,jamming_active
7.149,25,jamming_active
7.15,25,jamming_active
7.151,25,jamming_active
7.152,25,jamming_active
7.153,25,jamming_active
7.154,25,jamming_active
7.155,25,jamming_active
7.156,25,jamming_active
7.157,25,jamming_active
7.158,25,jamming_active
7.159,25,jamming_active
7.16,25,jamming_active
7.161,25,jamming_active
7.162,25,jamming_active
7.163,25,jamming_active
7.164,25,jamming_active
7.165,25,jamming_active
7.166,25,jamming_active
7.167,25,jamming_active
7.168,25,jamming_active
7.169,25,jamming_active
7.17,25,jamming_active
7.171,25,jamming_active
7.172,25,jamming_active
7.173,25,jamming_active
7.174,25,jamming_active
7.175,25,jamming_active
7.176,25,jamming_active
7.177,25,jamming_active
7.178,25,jamming_active
7.179,25,jamming_active
7.18,25,jamming_active
7.181,25,jamming_active
7.182,25,jamming_active
7.183,25,jamming_active
7.184,25,jamming_active
7.185,25,jamming_active
7.186,25,jamming_active
7.187,25,jamming_active
7.188,25,jamming_active
7.189,25,jamming_active
7.19,25,jamming_active
7.191,25,jamming_active
7.192,25,jamming_active
7.193,25,jamming_active
7.194,25,jamming_active
7.195,25,jamming_active
7.196,25,jamming_active
7.197,25,jamming_active
7.198,25,jamming_active
7.199,25,jamming_active
7.2,25,jamming_active
7.201,25,jamming_active
7.202,25,jamming_active
7.203,25,jamming_active
7.204,25,jamming_active
7.205,25,jamming_active
7.206,25,jamming_active
7.207,25,jamming_active
7.208,25,jamming_active
7.209,25,jamming_active
7.21,25,jamming_active
7.211,25,jamming_active
7.212,25,jamming_active
7.213,25,jamming_active
7.214,25,jamming_active
7.215,25,jamming_active
7.216,25,jamming_active
7.217,25,jamming_active
7.218,25,jamming_active
7.219,25,jamming_active
7.22,25,jamming_active
7.221,25,jamming_active
7.222,25,jamming_active
7.223,25,jamming_active
7.224,25,jamming_active
7.225,25,jamming_active
7.226,25,jamming_active
7.227,25,jamming_active
7.228,25,jamming_active
7.229,25,jamming_active
7.23,25,jamming_active
7.231,25,jamming_active
7.232,25,jamming_active
7.233,25,jamming_active
7.234,25,jamming_active
7.235,25,jamming_active
7.236,25,jamming_active
7.237,25,jamming_active
7.238,25,jamming_active
7.239,25,jamming_active
7.24,25,jamming_active
7.241,25,jamming_active
7.242,25,jamming_active
7.243,25,jamming_active
7.244,25,jamming_active
7.245,25,jamming_active
7.246,25,jamming_active
7.247,25,jamming_active
7.248,25,jamming_active
7.249,25,jamming_active
7.25,25,jamming_active
7.251,25,jamming_active
7.252,25,jamming_active
7.253,25,jamming_active
7.254,25,jamming_active
7.255,25,jamming_active
7.256,25,jamming_active
7.257,25,jamming_active
7.258,25,jamming_active
7.259,25,jamming_active
7.26,25,jamming_active
7.261,25,jamming_active
7.262,25,jamming_active
7.263,25,jamming_active
7.264,25,jamming_active
7.265,25,jamming_active
7.266,25,jamming_active
7.267,25,jamming_active
7.268,25,jamming_active
7.269,25,jamming_active
7.27,25,jamming_active
7.271,25,jamming_active
7.272,25,jamming_active
7.273,25,jamming_active
7.274,25,jamming_active
7.275,25,jamming_active
7.276,25,jamming_active
7.277,25,jamming_active
7.278,25,jamming_active
7.279,25,jamming_active
7.28,25,jamming_active
7.281,25,jamming_active
7.282,25,jamming_active
7.283,25,jamming_active
7.284,25,jamming_active
7.285,25,jamming_active
7.286,25,jamming_active
7.287,25,jamming_active
7.288,25,jamming_active
7.289,25,jamming_active
7.29,25,jamming_active
7.291,25,jamming_active
7.292,25,jamming_active
7.293,25,jamming_active
7.294,25,jamming_active
7.295,25,jamming_active
7.296,25,jamming_active
7.297,25,jamming_active
7.298,25,jamming_active
7.299,25,jamming_active
7.3,25,jamming_active
7.301,25,jamming_active
7.302,25,jamming_active
7.303,25,jamming_active
7.304,25,jamming_active
7.305,25,jamming_active
7.306,25,jamming_active
7.307,25,jamming_active
7.308,25,jamming_active
7.309,25,jamming_active
7.31,25,jamming_active
7.311,25,jamming_active
7.312,25,jamming_active
7.313,25,jamming_active
7.314,25,jamming_active
7.315,25,jamming_active
7.316,25,jamming_active
7.317,25,jamming_active
7.318,25,jamming_active
7.319,25,jamming_active
7.32,25,jamming_active
7.321,25,jamming_active
7.322,25,jamming_active
7.323,25,jamming_active
7.324,25,jamming_active
7.325,25,jamming_active
7.326,25,jamming_active
7.327,25,jamming_active
7.328,25,jamming_active
7.329,25,jamming_active
7.33,25,jamming_active
7.331,25,jamming_active
7.332,25,jamming_active
7.333,25,jamming_active
7.334,25,jamming_active
7.335,25,jamming_active
7.336,25,jamming_active
7.337,25,jamming_active
7.338,25,jamming_active
7.339,25,jamming_active
7.34,25,jamming_active
7.341,25,jamming_active
7.342,25,jamming_active
7.343,25,jamming_active
7.344,25,jamming_active
7.345,25,jamming_active
7.346,25,jamming_active
7.347,25,jamming_active
7.348,25,jamming_active
7.349,25,jamming_active
7.35,25,jamming_active
7.351,25,jamming_active
7.352,25,jamming_active
7.353,25,jamming_active
7.354,25,jamming_active
7.355,25,jamming_active
7.356,25,jamming_active
7.357,25,jamming_active
7.358,25,jamming_active
7.359,25,jamming_active
7.36,25,jamming_active
7.361,25,jamming_active
7.362,25,jamming_active
7.363,25,jamming_active
7.364,25,jamming_active
7.365,25,jamming_active
7.366,25,jamming_active
7.367,25,jamming_active
7.368,25,jamming_active
7.369,25,jamming_active
7.37,25,jamming_active
7.371,25,jamming_active
7.372,25,jamming_active
7.373,25,jamming_active
7.374,25,jamming_active
7.375,25,jamming_active
7.376,25,jamming_active
7.377,25,jamming_active
7.378,25,jamming_active
7.379,25,jamming_active
7.38,25,jamming_active
7.381,25,jamming_active
7.382,25,jamming_active
7.383,25,jamming_active
7.384,25,jamming_active
7.385,25,jamming_active
7.386,25,jamming_active
7.387,25,jamming_active
7.388,25,jamming_active
7.389,25,jamming_active
7.39,25,jamming_active
7.391,25,jamming_active
7.392,25,jamming_active
7.393,25,jamming_active
7.394,25,jamming_active
7.395,25,jamming_active
7.396,25,jamming_active
7.397,25,jamming_active
7.398,25,jamming_active
7.399,25,jamming_active
7.4,25,jamming_active
7.401,25,jamming_active
7.402,25,jamming_active
7.403,25,jamming_active
7.404,25,jamming_active
7.405,25,jamming_active
7.406,25,jamming_active
7.407,25,jamming_active
7.408,25,jamming_active
7.409,25,jamming_active
7.41,25,jamming_active
7.411,25,jamming_active
7.412,25,jamming_active
7.413,25,jamming_active
7.414,25,jamming_active
7.415,25,jamming_active
7.416,25,jamming_active
7.417,25,jamming_active
7.418,25,jamming_active
7.419,25,jamming_active
7.42,25,jamming_active
7.421,25,jamming_active
7.422,25,jamming_active
7.423,25,jamming_active
7.424,25,jamming_active
7.425,25,jamming_active
7.426,25,jamming_active
7.427,25,jamming_active
7.428,25,jamming_active
7.429,25,jamming_active
7.43,25,jamming_active
7.431,25,jamming_active
7.432,25,jamming_active
7.433,25,jamming_active
7.434,25,jamming_active
7.435,25,jamming_active
7.436,25,jamming_active
7.437,25,jamming_active
7.438,25,jamming_active
7.439,25,jamming_active
7.44,25,jamming_active
7.441,25,jamming_active
7.442,25,jamming_active
7.443,25,jamming_active
7.444,25,jamming_active
7.445,25,jamming_active
7.446,25,jamming_active
7.447,25,jamming_active
7.448,25,jamming_active
7.449,25,jamming_active
7.45,25,jamming_active
7.451,25,jamming_active
7.452,25,jamming_active
7.453,25,jamming_active
7.454,25,jamming_active
7.455,25,jamming_active
7.456,25,jamming_active
7.457,25,jamming_active
7.458,25,jamming_active
7.459,25,jamming_active
7.46,25,jamming_active
7.461,25,jamming_active
7.462,25,jamming_active
7.463,25,jamming_active
7.464,25,jamming_active
7.465,25,jamming_active
7.466,25,jamming_active
7.467,25,jamming_active
7.468,25,jamming_active
7.469,25,jamming_active
7.47,25,jamming_active
7.471,25,jamming_active
7.472,25,jamming_active
7.473,25,jamming_active
7.474,25,jamming_active
7.475,25,jamming_active
7.476,25,jamming_active
7.477,25,jamming_active
7.478,25,jamming_active
7.479,25,jamming_active
7.48,25,jamming_active
7.481,25,jamming_active
7.482,25,jamming_active
7.483,25,jamming_active
7.484,25,jamming_active
7.485,25,jamming_active
7.486,25,jamming_active
7.487,25,jamming_active
7.488,25,jamming_active
7.489,25,jamming_active
7.49,25,jamming_active
7.491,25,jamming_active
7.492,25,jamming_active
7.493,25,jamming_active
7.494,25,jamming_active
7.495,25,jamming_active
7.496,25,jamming_active
7.497,25,jamming_active
7.498,25,jamming_active
7.499,25,jamming_active
7.5,25,jamming_active
7.501,25,jamming_active
7.502,25,jamming_active
7.503,25,jamming_active
7.504,25,jamming_active
7.505,25,jamming_active
7.506,25,jamming_active
7.507,25,jamming_active
7.508,25,jamming_active
7.509,25,jamming_active
7.51,25,jamming_active
7.511,25,jamming_active
7.512,25,jamming_active
7.513,25,jamming_active
7.514,25,jamming_active
7.515,25,jamming_active
7.516,25,jamming_active
7.517,25,jamming_active
7.518,25,jamming_active
7.519,25,jamming_active
7.52,25,jamming_active
7.521,25,jamming_active
7.522,25,jamming_active
7.523,25,jamming_active
7.524,25,jamming_active
7.525,25,jamming_active
7.526,25,jamming_active
7.527,25,jamming_active
7.528,25,jamming_active
7.529,25,jamming_active
7.53,25,jamming_active
7.531,25,jamming_active
7.532,25,jamming_active
7.533,25,jamming_active
7.534,25,jamming_active
7.535,25,jamming_active
7.536,25,jamming_active
7.537,25,jamming_active
7.538,25,jamming_active
7.539,25,jamming_active
7.54,25,jamming_active
7.541,25,jamming_active
7.542,25,jamming_active
7.543,25,jamming_active
7.544,25,jamming_active
7.545,25,jamming_active
7.546,25,jamming_active
7.547,25,jamming_active
7.548,25,jamming_active
7.549,25,jamming_active
7.55,25,jamming_active
7.551,25,jamming_active
7.552,25,jamming_active
7.553,25,jamming_active
7.554,25,jamming_active
7.555,25,jamming_active
7.556,25,jamming_active
7.557,25,jamming_active
7.558,25,jamming_active
7.559,25,jamming_active
7.56,25,jamming_active
7.561,25,jamming_active
7.562,25,jamming_active
7.563,25,jamming_active
7.564,25,jamming_active
7.565,25,jamming_active
7.566,25,jamming_active
7.567,25,jamming_active
7.568,25,jamming_active
7.569,25,jamming_active
7.57,25,jamming_active
7.571,25,jamming_active
7.572,25,jamming_active
7.573,25,jamming_active
7.574,25,jamming_active
7.575,25,jamming_active
7.576,25,jamming_active
7.577,25,jamming_active
7.578,25,jamming_active
7.579,25,jamming_active
7.58,25,jamming_active
7.581,25,jamming_active
7.582,25,jamming_active
7.583,25,jamming_active
7.584,25,jamming_active
7.585,25,jamming_active
7.586,25,jamming_active
7.587,25,jamming_active
7.588,25,jamming_active
7.589,25,jamming_active
7.59,25,jamming_active
7.591,25,jamming_active
7.592,25,jamming_active
7.593,25,jamming_active
7.594,25,jamming_active
7.595,25,jamming_active
7.596,25,jamming_active
7.597,25,jamming_active
7.598,25,jamming_active
7.599,25,jamming_active
7.6,25,jamming_active
7.601,25,jamming_active
7.602,25,jamming_active
7.603,25,jamming_active
7.604,25,jamming_active
7.605,25,jamming_active
7.606,25,jamming_active
7.607,25,jamming_active
7.608,25,jamming_active
7.609,25,jamming_active
7.61,25,jamming_active
7.611,25,jamming_active
7.612,25,jamming_active
7.613,25,jamming_active
7.614,25,jamming_active
7.615,25,jamming_active
7.616,25,jamming_active
7.617,25,jamming_active
7.618,25,jamming_active
7.619,25,jamming_active
7.62,25,jamming_active
7.621,25,jamming_active
7.622,25,jamming_active
7.623,25,jamming_active
7.624,25,jamming_active
7.625,25,jamming_active
7.626,25,jamming_active
7.627,25,jamming_active
7.628,25,jamming_active
7.629,25,jamming_active
7.63,25,jamming_active
7.631,25,jamming_active
7.632,25,jamming_active
7.633,25,jamming_active
7.634,25,jamming_active
7.635,25,jamming_active
7.636,25,jamming_active
7.637,25,jamming_active
7.638,25,jamming_active
7.639,25,jamming_active
7.64,25,jamming_active
7.641,25,jamming_active
7.642,25,jamming_active
7.643,25,jamming_active
7.644,25,jamming_active
7.645,25,jamming_active
7.646,25,jamming_active
7.647,25,jamming_active
7.648,25,jamming_active
7.649,25,jamming_active
7.65,25,jamming_active
7.651,25,jamming_active
7.652,25,jamming_active
7.653,25,jamming_active
7.654,25,jamming_active
7.655,25,jamming_active
7.656,25,jamming_active
7.657,25,jamming_active
7.658,25,jamming_active
7.659,25,jamming_active
7.66,25,jamming_active
7.661,25,jamming_active
7.662,25,jamming_active
7.663,25,jamming_active
7.664,25,jamming_active
7.665,25,jamming_active
7.666,25,jamming_active
7.667,25,jamming_active
7.668,25,jamming_active
7.669,25,jamming_active
7.67,25,jamming_active
7.671,25,jamming_active
7.672,25,jamming_active
7.673,25,jamming_active
7.674,25,jamming_active
7.675,25,jamming_active
7.676,25,jamming_active
7.677,25,jamming_active
7.678,25,jamming_active
7.679,25,jamming_active
7.68,25,jamming_active
7.681,25,jamming_active
7.682,25,jamming_active
7.683,25,jamming_active
7.684,25,jamming_active
7.685,25,jamming_active
7.686,25,jamming_active
7.687,25,jamming_active
7.688,25,jamming_active
7.689,25,jamming_active
7.69,25,jamming_active
7.691,25,jamming_active
7.692,25,jamming_active
7.693,25,jamming_active
7.694,25,jamming_active
7.695,25,jamming_active
7.696,25,jamming_active
7.697,25,jamming_active
7.698,25,jamming_active
7.699,25,jamming_active
7.7,25,jamming_active
7.701,25,jamming_active
7.702,25,jamming_active
7.703,25,jamming_active
7.704,25,jamming_active
7.705,25,jamming_active
7.706,25,jamming_active
7.707,25,jamming_active
7.708,25,jamming_active
7.709,25,jamming_active
7.71,25,jamming_active
7.711,25,jamming_active
7.712,25,jamming_active
7.713,25,jamming_active
7.714,25,jamming_active
7.715,25,jamming_active
7.716,25,jamming_active
7.717,25,jamming_active
7.718,25,jamming_active
7.719,25,jamming_active
7.72,25,jamming_active
7.721,25,jamming_active
7.722,25,jamming_active
7.723,25,jamming_active
7.724,25,jamming_active
7.725,25,jamming_active
7.726,25,jamming_active
7.727,25,jamming_active
7.728,25,jamming_active
7.729,25,jamming_active
7.73,25,jamming_active
7.731,25,jamming_active
7.732,25,jamming_active
7.733,25,jamming_active
7.734,25,jamming_active
7.735,25,jamming_active
7.736,25,jamming_active
7.737,25,jamming_active
7.738,25,jamming_active
7.739,25,jamming_active
7.74,25,jamming_active
7.741,25,jamming_active
7.742,25,jamming_active
7.743,25,jamming_active
7.744,25,jamming_active
7.745,25,jamming_active
7.746,25,jamming_active
7.747,25,jamming_active
7.748,25,jamming_active
7.749,25,jamming_active
7.75,25,jamming_active
7.751,25,jamming_active
7.752,25,jamming_active
7.753,25,jamming_active
7.754,25,jamming_active
7.755,25,jamming_active
7.756,25,jamming_active
7.757,25,jamming_active
7.758,25,jamming_active
7.759,25,jamming_active
7.76,25,jamming_active
7.761,25,jamming_active
7.762,25,jamming_active
7.763,25,jamming_active
7.764,25,jamming_active
7.765,25,jamming_active
7.766,25,jamming_active
7.767,25,jamming_active
7.768,25,jamming_active
7.769,25,jamming_active
7.77,25,jamming_active
7.771,25,jamming_active
7.772,25,jamming_active
7.773,25,jamming_active
7.774,25,jamming_active
7.775,25,jamming_active
7.776,25,jamming_active
7.777,25,jamming_active
7.778,25,jamming_active
7.779,25,jamming_active
7.78,25,jamming_active
7.781,25,jamming_active
7.782,25,jamming_active
7.783,25,jamming_active
7.784,25,jamming_active
7.785,25,jamming_active
7.786,25,jamming_active
7.787,25,jamming_active
7.788,25,jamming_active
7.789,25,jamming_active
7.79,25,jamming_active
7.791,25,jamming_active
7.792,25,jamming_active
7.793,25,jamming_active
7.794,25,jamming_active
7.795,25,jamming_active
7.796,25,jamming_active
7.797,25,jamming_active
7.798,25,jamming_active
7.799,25,jamming_active
7.8,25,jamming_active
7.801,25,jamming_active
7.802,25,jamming_active
7.803,25,jamming_active
7.804,25,jamming_active
7.805,25,jamming_active
7.806,25,jamming_active
7.807,25,jamming_active
7.808,25,jamming_active
7.809,25,jamming_active
7.81,25,jamming_active
7.811,25,jamming_active
7.812,25,jamming_active
7.813,25,jamming_active
7.814,25,jamming_active
7.815,25,jamming_active
7.816,25,jamming_active
7.817,25,jamming_active
7.818,25,jamming_active
7.819,25,jamming_active
7.82,25,jamming_active
7.821,25,jamming_active
7.822,25,jamming_active
7.823,25,jamming_active
7.824,25,jamming_active
7.825,25,jamming_active
7.826,25,jamming_active
7.827,25,jamming_active
7.828,25,jamming_active
7.829,25,jamming_active
7.83,25,jamming_active
7.831,25,jamming_active
7.832,25,jamming_active
7.833,25,jamming_active
7.834,25,jamming_active
7.835,25,jamming_active
7.836,25,jamming_active
7.837,25,jamming_active
7.838,25,jamming_active
7.839,25,jamming_active
7.84,25,jamming_active
7.841,25,jamming_active
7.842,25,jamming_active
7.843,25,jamming_active
7.844,25,jamming_active
7.845,25,jamming_active
7.846,25,jamming_active
7.847,25,jamming_active
7.848,25,jamming_active
7.849,25,jamming_active
7.85,25,jamming_active
7.851,25,jamming_active
7.852,25,jamming_active
7.853,25,jamming_active
7.854,25,jamming_active
7.855,25,jamming_active
7.856,25,jamming_active
7.857,25,jamming_active
7.858,25,jamming_active
7.859,25,jamming_active
7.86,25,jamming_active
7.861,25,jamming_active
7.862,25,jamming_active
7.863,25,jamming_active
7.864,25,jamming_active
7.865,25,jamming_active
7.866,25,jamming_active
7.867,25,jamming_active
7.868,25,jamming_active
7.869,25,jamming_active
7.87,25,jamming_active
7.871,25,jamming_active
7.872,25,jamming_active
7.873,25,jamming_active
7.874,25,jamming_active
7.875,25,jamming_active
7.876,25,jamming_active
7.877,25,jamming_active
7.878,25,jamming_active
7.879,25,jamming_active
7.88,25,jamming_active
7.881,25,jamming_active
7.882,25,jamming_active
7.883,25,jamming_active
7.884,25,jamming_active
7.885,25,jamming_active
7.886,25,jamming_active
7.887,25,jamming_active
7.888,25,jamming_active
7.889,25,jamming_active
7.89,25,jamming_active
7.891,25,jamming_active
7.892,25,jamming_active
7.893,25,jamming_active
7.894,25,jamming_active
7.895,25,jamming_active
7.896,25,jamming_active
7.897,25,jamming_active
7.898,25,jamming_active
7.899,25,jamming_active
7.9,25,jamming_active
7.901,25,jamming_active
7.902,25,jamming_active
7.903,25,jamming_active
7.904,25,jamming_active
7.905,25,jamming_active
7.906,25,jamming_active
7.907,25,jamming_active
7.908,25,jamming_active
7.909,25,jamming_active
7.91,25,jamming_active
7.911,25,jamming_active
7.912,25,jamming_active
7.913,25,jamming_active
7.914,25,jamming_active
7.915,25,jamming_active
7.916,25,jamming_active
7.917,25,jamming_active
7.918,25,jamming_active
7.919,25,jamming_active
7.92,25,jamming_active
7.921,25,jamming_active
7.922,25,jamming_active
7.923,25,jamming_active
7.924,25,jamming_active
7.925,25,jamming_active
7.926,25,jamming_active
7.927,25,jamming_active
7.928,25,jamming_active
7.929,25,jamming_active
7.93,25,jamming_active
7.931,25,jamming_active
7.932,25,jamming_active
7.933,25,jamming_active
7.934,25,jamming_active
7.935,25,jamming_active
7.936,25,jamming_active
7.937,25,jamming_active
7.938,25,jamming_active
7.939,25,jamming_active
7.94,25,jamming_active
7.941,25,jamming_active
7.942,25,jamming_active
7.943,25,jamming_active
7.944,25,jamming_active
7.945,25,jamming_active
7.946,25,jamming_active
7.947,25,jamming_active
7.948,25,jamming_active
7.949,25,jamming_active
7.95,25,jamming_active
7.951,25,jamming_active
7.952,25,jamming_active
7.953,25,jamming_active
7.954,25,jamming_active
7.955,25,jamming_active
7.956,25,jamming_active
7.957,25,jamming_active
7.958,25,jamming_active
7.959,25,jamming_active
7.96,25,jamming_active
7.961,25,jamming_active
7.962,25,jamming_active
7.963,25,jamming_active
7.964,25,jamming_active
7.965,25,jamming_active
7.966,25,jamming_active
7.967,25,jamming_active
7.968,25,jamming_active
7.969,25,jamming_active
7.97,25,jamming_active
7.971,25,jamming_active
7.972,25,jamming_active
7.973,25,jamming_active
7.974,25,jamming_active
7.975,25,jamming_active
7.976,25,jamming_active
7.977,25,jamming_active
7.978,25,jamming_active
7.979,25,jamming_active
7.98,25,jamming_active
7.981,25,jamming_active
7.982,25,jamming_active
7.983,25,jamming_active
7.984,25,jamming_active
7.985,25,jamming_active
7.986,25,jamming_active
7.987,25,jamming_active
7.988,25,jamming_active
7.989,25,jamming_active
7.99,25,jamming_active
7.991,25,jamming_active
7.992,25,jamming_active
7.993,25,jamming_active
7.994,25,jamming_active
7.995,25,jamming_active
7.996,25,jamming_active
7.997,25,jamming_active
7.998,25,jamming_active
7.999,25,jamming_active
8,25,jamming_active
8.001,25,jamming_active
8.002,25,jamming_active
8.003,25,jamming_active
8.004,25,jamming_active
8.005,25,jamming_active
8.006,25,jamming_active
8.007,25,jamming_active
8.008,25,jamming_active
8.009,25,jamming_active
8.01,25,jamming_active
8.011,25,jamming_active
8.012,25,jamming_active
8.013,25,jamming_active
8.014,25,jamming_active
8.015,25,jamming_active
8.016,25,jamming_active
8.017,25,jamming_active
8.018,25,jamming_active
8.019,25,jamming_active
8.02,25,jamming_active
8.021,25,jamming_active
8.022,25,jamming_active
8.023,25,jamming_active
8.024,25,jamming_active
8.025,25,jamming_active
8.026,25,jamming_active
8.027,25,jamming_active
8.028,25,jamming_active
8.029,25,jamming_active
8.03,25,jamming_active
8.031,25,jamming_active
8.032,25,jamming_active
8.033,25,jamming_active
8.034,25,jamming_active
8.035,25,jamming_active
8.036,25,jamming_active
8.037,25,jamming_active
8.038,25,jamming_active
8.039,25,jamming_active
8.04,25,jamming_active
8.041,25,jamming_active
8.042,25,jamming_active
8.043,25,jamming_active
8.044,25,jamming_active
8.045,25,jamming_active
8.046,25,jamming_active
8.047,25,jamming_active
8.048,25,jamming_active
8.049,25,jamming_active
8.05,25,jamming_active
8.051,25,jamming_active
8.052,25,jamming_active
8.053,25,jamming_active
8.054,25,jamming_active
8.055,25,jamming_active
8.056,25,jamming_active
8.057,25,jamming_active
8.058,25,jamming_active
8.059,25,jamming_active
8.06,25,jamming_active
8.061,25,jamming_active
8.062,25,jamming_active
8.063,25,jamming_active
8.064,25,jamming_active
8.065,25,jamming_active
8.066,25,jamming_active
8.067,25,jamming_active
8.068,25,jamming_active
8.069,25,jamming_active
8.07,25,jamming_active
8.071,25,jamming_active
8.072,25,jamming_active
8.073,25,jamming_active
8.074,25,jamming_active
8.075,25,jamming_active
8.076,25,jamming_active
8.077,25,jamming_active
8.078,25,jamming_active
8.079,25,jamming_active
8.08,25,jamming_active
8.081,25,jamming_active
8.082,25,jamming_active
8.083,25,jamming_active
8.084,25,jamming_active
8.085,25,jamming_active
8.086,25,jamming_active
8.087,25,jamming_active
8.088,25,jamming_active
8.089,25,jamming_active
8.09,25,jamming_active
8.091,25,jamming_active
8.092,25,jamming_active
8.093,25,jamming_active
8.094,25,jamming_active
8.095,25,jamming_active
8.096,25,jamming_active
8.097,25,jamming_active
8.098,25,jamming_active
8.099,25,jamming_active
8.1,25,jamming_active
8.101,25,jamming_active
8.102,25,jamming_active
8.103,25,jamming_active
8.104,25,jamming_active
8.105,25,jamming_active
8.106,25,jamming_active
8.107,25,jamming_active
8.108,25,jamming_active
8.109,25,jamming_active
8.11,25,jamming_active
8.111,25,jamming_active
8.112,25,jamming_active
8.113,25,jamming_active
8.114,25,jamming_active
8.115,25,jamming_active
8.116,25,jamming_active
8.117,25,jamming_active
8.118,25,jamming_active
8.119,25,jamming_active
8.12,25,jamming_active
8.121,25,jamming_active
8.122,25,jamming_active
8.123,25,jamming_active
8.124,25,jamming_active
8.125,25,jamming_active
8.126,25,jamming_active
8.127,25,jamming_active
8.128,25,jamming_active
8.129,25,jamming_active
8.13,25,jamming_active
8.131,25,jamming_active
8.132,25,jamming_active
8.133,25,jamming_active
8.134,25,jamming_active
8.135,25,jamming_active
8.136,25,jamming_active
8.137,25,jamming_active
8.138,25,jamming_active
8.139,25,jamming_active
8.14,25,jamming_active
8.141,25,jamming_active
8.142,25,jamming_active
8.143,25,jamming_active
8.144,25,jamming_active
8.145,25,jamming_active
8.146,25,jamming_active
8.147,25,jamming_active
8.148,25,jamming_active
8.149,25,jamming_active
8.15,25,jamming_active
8.151,25,jamming_active
8.152,25,jamming_active
8.153,25,jamming_active
8.154,25,jamming_active
8.155,25,jamming_active
8.156,25,jamming_active
8.157,25,jamming_active
8.158,25,jamming_active
8.159,25,jamming_active
8.16,25,jamming_active
8.161,25,jamming_active
8.162,25,jamming_active
8.163,25,jamming_active
8.164,25,jamming_active
8.165,25,jamming_active
8.166,25,jamming_active
8.167,25,jamming_active
8.168,25,jamming_active
8.169,25,jamming_active
8.17,25,jamming_active
8.171,25,jamming_active
8.172,25,jamming_active
8.173,25,jamming_active
8.174,25,jamming_active
8.175,25,jamming_active
8.176,25,jamming_active
8.177,25,jamming_active
8.178,25,jamming_active
8.179,25,jamming_active
8.18,25,jamming_active
8.181,25,jamming_active
8.182,25,jamming_active
8.183,25,jamming_active
8.184,25,jamming_active
8.185,25,jamming_active
8.186,25,jamming_active
8.187,25,jamming_active
8.188,25,jamming_active
8.189,25,jamming_active
8.19,25,jamming_active
8.191,25,jamming_active
8.192,25,jamming_active
8.193,25,jamming_active
8.194,25,jamming_active
8.195,25,jamming_active
8.196,25,jamming_active
8.197,25,jamming_active
8.198,25,jamming_active
8.199,25,jamming_active
8.2,25,jamming_active
8.201,25,jamming_active
8.202,25,jamming_active
8.203,25,jamming_active
8.204,25,jamming_active
8.205,25,jamming_active
8.206,25,jamming_active
8.207,25,jamming_active
8.208,25,jamming_active
8.209,25,jamming_active
8.21,25,jamming_active
8.211,25,jamming_active
8.212,25,jamming_active
8.213,25,jamming_active
8.214,25,jamming_active
8.215,25,jamming_active
8.216,25,jamming_active
8.217,25,jamming_active
8.218,25,jamming_active
8.219,25,jamming_active
8.22,25,jamming_active
8.221,25,jamming_active
8.222,25,jamming_active
8.223,25,jamming_active
8.224,25,jamming_active
8.225,25,jamming_active
8.226,25,jamming_active
8.227,25,jamming_active
8.228,25,jamming_active
8.229,25,jamming_active
8.23,25,jamming_active
8.231,25,jamming_active
8.232,25,jamming_active
8.233,25,jamming_active
8.234,25,jamming_active
8.235,25,jamming_active
8.236,25,jamming_active
8.237,25,jamming_active
8.238,25,jamming_active
8.239,25,jamming_active
8.24,25,jamming_active
8.241,25,jamming_active
8.242,25,jamming_active
8.243,25,jamming_active
8.244,25,jamming_active
8.245,25,jamming_active
8.246,25,jamming_active
8.247,25,jamming_active
8.248,25,jamming_active
8.249,25,jamming_active
8.25,25,jamming_active
8.251,25,jamming_active
8.252,25,jamming_active
8.253,25,jamming_active
8.254,25,jamming_active
8.255,25,jamming_active
8.256,25,jamming_active
8.257,25,jamming_active
8.258,25,jamming_active
8.259,25,jamming_active
8.26,25,jamming_active
8.261,25,jamming_active
8.262,25,jamming_active
8.263,25,jamming_active
8.264,25,jamming_active
8.265,25,jamming_active
8.266,25,jamming_active
8.267,25,jamming_active
8.268,25,jamming_active
8.269,25,jamming_active
8.27,25,jamming_active
8.271,25,jamming_active
8.272,25,jamming_active
8.273,25,jamming_active
8.274,25,jamming_active
8.275,25,jamming_active
8.276,25,jamming_active
8.277,25,jamming_active
8.278,25,jamming_active
8.279,25,jamming_active
8.28,25,jamming_active
8.281,25,jamming_active
8.282,25,jamming_active
8.283,25,jamming_active
8.284,25,jamming_active
8.285,25,jamming_active
8.286,25,jamming_active
8.287,25,jamming_active
8.288,25,jamming_active
8.289,25,jamming_active
8.29,25,jamming_active
8.291,25,jamming_active
8.292,25,jamming_active
8.293,25,jamming_active
8.294,25,jamming_active
8.295,25,jamming_active
8.296,25,jamming_active
8.297,25,jamming_active
8.298,25,jamming_active
8.299,25,jamming_active
8.3,25,jamming_active
8.301,25,jamming_active
8.302,25,jamming_active
8.303,25,jamming_active
8.304,25,jamming_active
8.305,25,jamming_active
8.306,25,jamming_active
8.307,25,jamming_active
8.308,25,jamming_active
8.309,25,jamming_active
8.31,25,jamming_active
8.311,25,jamming_active
8.312,25,jamming_active
8.313,25,jamming_active
8.314,25,jamming_active
8.315,25,jamming_active
8.316,25,jamming_active
8.317,25,jamming_active
8.318,25,jamming_active
8.319,25,jamming_active
8.32,25,jamming_active
8.321,25,jamming_active
8.322,25,jamming_active
8.323,25,jamming_active
8.324,25,jamming_active
8.325,25,jamming_active
8.326,25,jamming_active
8.327,25,jamming_active
8.328,25,jamming_active
8.329,25,jamming_active
8.33,25,jamming_active
8.331,25,jamming_active
8.332,25,jamming_active
8.333,25,jamming_active
8.334,25,jamming_active
8.335,25,jamming_active
8.336,25,jamming_active
8.337,25,jamming_active
8.338,25,jamming_active
8.339,25,jamming_active
8.34,25,jamming_active
8.341,25,jamming_active
8.342,25,jamming_active
8.343,25,jamming_active
8.344,25,jamming_active
8.345,25,jamming_active
8.346,25,jamming_active
8.347,25,jamming_active
8.348,25,jamming_active
8.349,25,jamming_active
8.35,25,jamming_active
8.351,25,jamming_active
8.352,25,jamming_active
8.353,25,jamming_active
8.354,25,jamming_active
8.355,25,jamming_active
8.356,25,jamming_active
8.357,25,jamming_active
8.358,25,jamming_active
8.359,25,jamming_active
8.36,25,jamming_active
8.361,25,jamming_active
8.362,25,jamming_active
8.363,25,jamming_active
8.364,25,jamming_active
8.365,25,jamming_active
8.366,25,jamming_active
8.367,25,jamming_active
8.368,25,jamming_active
8.369,25,jamming_active
8.37,25,jamming_active
8.371,25,jamming_active
8.372,25,jamming_active
8.373,25,jamming_active
8.374,25,jamming_active
8.375,25,jamming_active
8.376,25,jamming_active
8.377,25,jamming_active
8.378,25,jamming_active
8.379,25,jamming_active
8.38,25,jamming_active
8.381,25,jamming_active
8.382,25,jamming_active
8.383,25,jamming_active
8.384,25,jamming_active
8.385,25,jamming_active
8.386,25,jamming_active
8.387,25,jamming_active
8.388,25,jamming_active
8.389,25,jamming_active
8.39,25,jamming_active
8.391,25,jamming_active
8.392,25,jamming_active
8.393,25,jamming_active
8.394,25,jamming_active
8.395,25,jamming_active
8.396,25,jamming_active
8.397,25,jamming_active
8.398,25,jamming_active
8.399,25,jamming_active
8.4,25,jamming_active
8.401,25,jamming_active
8.402,25,jamming_active
8.403,25,jamming_active
8.404,25,jamming_active
8.405,25,jamming_active
8.406,25,jamming_active
8.407,25,jamming_active
8.408,25,jamming_active
8.409,25,jamming_active
8.41,25,jamming_active
8.411,25,jamming_active
8.412,25,jamming_active
8.413,25,jamming_active
8.414,25,jamming_active
8.415,25,jamming_active
8.416,25,jamming_active
8.417,25,jamming_active
8.418,25,jamming_active
8.419,25,jamming_active
8.42,25,jamming_active
8.421,25,jamming_active
8.422,25,jamming_active
8.423,25,jamming_active
8.424,25,jamming_active
8.425,25,jamming_active
8.426,25,jamming_active
8.427,25,jamming_active
8.428,25,jamming_active
8.429,25,jamming_active
8.43,25,jamming_active
8.431,25,jamming_active
8.432,25,jamming_active
8.433,25,jamming_active
8.434,25,jamming_active
8.435,25,jamming_active
8.436,25,jamming_active
8.437,25,jamming_active
8.438,25,jamming_active
8.439,25,jamming_active
8.44,25,jamming_active
8.441,25,jamming_active
8.442,25,jamming_active
8.443,25,jamming_active
8.444,25,jamming_active
8.445,25,jamming_active
8.446,25,jamming_active
8.447,25,jamming_active
8.448,25,jamming_active
8.449,25,jamming_active
8.45,25,jamming_active
8.451,25,jamming_active
8.452,25,jamming_active
8.453,25,jamming_active
8.454,25,jamming_active
8.455,25,jamming_active
8.456,25,jamming_active
8.457,25,jamming_active
8.458,25,jamming_active
8.459,25,jamming_active
8.46,25,jamming_active
8.461,25,jamming_active
8.462,25,jamming_active
8.463,25,jamming_active
8.464,25,jamming_active
8.465,25,jamming_active
8.466,25,jamming_active
8.467,25,jamming_active
8.468,25,jamming_active
8.469,25,jamming_active
8.47,25,jamming_active
8.471,25,jamming_active
8.472,25,jamming_active
8.473,25,jamming_active
8.474,25,jamming_active
8.475,25,jamming_active
8.476,25,jamming_active
8.477,25,jamming_active
8.478,25,jamming_active
8.479,25,jamming_active
8.48,25,jamming_active
8.481,25,jamming_active
8.482,25,jamming_active
8.483,25,jamming_active
8.484,25,jamming_active
8.485,25,jamming_active
8.486,25,jamming_active
8.487,25,jamming_active
8.488,25,jamming_active
8.489,25,jamming_active
8.49,25,jamming_active
8.491,25,jamming_active
8.492,25,jamming_active
8.493,25,jamming_active
8.494,25,jamming_active
8.495,25,jamming_active
8.496,25,jamming_active
8.497,25,jamming_active
8.498,25,jamming_active
8.499,25,jamming_active
8.5,25,jamming_active
8.501,25,jamming_active
8.502,25,jamming_active
8.503,25,jamming_active
8.504,25,jamming_active
8.505,25,jamming_active
8.506,25,jamming_active
8.507,25,jamming_active
8.508,25,jamming_active
8.509,25,jamming_active
8.51,25,jamming_active
8.511,25,jamming_active
8.512,25,jamming_active
8.513,25,jamming_active
8.514,25,jamming_active
8.515,25,jamming_active
8.516,25,jamming_active
8.517,25,jamming_active
8.518,25,jamming_active
8.519,25,jamming_active
8.52,25,jamming_active
8.521,25,jamming_active
8.522,25,jamming_active
8.523,25,jamming_active
8.524,25,jamming_active
8.525,25,jamming_active
8.526,25,jamming_active
8.527,25,jamming_active
8.528,25,jamming_active
8.529,25,jamming_active
8.53,25,jamming_active
8.531,25,jamming_active
8.532,25,jamming_active
8.533,25,jamming_active
8.534,25,jamming_active
8.535,25,jamming_active
8.536,25,jamming_active
8.537,25,jamming_active
8.538,25,jamming_active
8.539,25,jamming_active
8.54,25,jamming_active
8.541,25,jamming_active
8.542,25,jamming_active
8.543,25,jamming_active
8.544,25,jamming_active
8.545,25,jamming_active
8.546,25,jamming_active
8.547,25,jamming_active
8.548,25,jamming_active
8.549,25,jamming_active
8.55,25,jamming_active
8.551,25,jamming_active
8.552,25,jamming_active
8.553,25,jamming_active
8.554,25,jamming_active
8.555,25,jamming_active
8.556,25,jamming_active
8.557,25,jamming_active
8.558,25,jamming_active
8.559,25,jamming_active
8.56,25,jamming_active
8.561,25,jamming_active
8.562,25,jamming_active
8.563,25,jamming_active
8.564,25,jamming_active
8.565,25,jamming_active
8.566,25,jamming_active
8.567,25,jamming_active
8.568,25,jamming_active
8.569,25,jamming_active
8.57,25,jamming_active
8.571,25,jamming_active
8.572,25,jamming_active
8.573,25,jamming_active
8.574,25,jamming_active
8.575,25,jamming_active
8.576,25,jamming_active
8.577,25,jamming_active
8.578,25,jamming_active
8.579,25,jamming_active
8.58,25,jamming_active
8.581,25,jamming_active
8.582,25,jamming_active
8.583,25,jamming_active
8.584,25,jamming_active
8.585,25,jamming_active
8.586,25,jamming_active
8.587,25,jamming_active
8.588,25,jamming_active
8.589,25,jamming_active
8.59,25,jamming_active
8.591,25,jamming_active
8.592,25,jamming_active
8.593,25,jamming_active
8.594,25,jamming_active
8.595,25,jamming_active
8.596,25,jamming_active
8.597,25,jamming_active
8.598,25,jamming_active
8.599,25,jamming_active
8.6,25,jamming_active
8.601,25,jamming_active
8.602,25,jamming_active
8.603,25,jamming_active
8.604,25,jamming_active
8.605,25,jamming_active
8.606,25,jamming_active
8.607,25,jamming_active
8.608,25,jamming_active
8.609,25,jamming_active
8.61,25,jamming_active
8.611,25,jamming_active
8.612,25,jamming_active
8.613,25,jamming_active
8.614,25,jamming_active
8.615,25,jamming_active
8.616,25,jamming_active
8.617,25,jamming_active
8.618,25,jamming_active
8.619,25,jamming_active
8.62,25,jamming_active
8.621,25,jamming_active
8.622,25,jamming_active
8.623,25,jamming_active
8.624,25,jamming_active
8.625,25,jamming_active
8.626,25,jamming_active
8.627,25,jamming_active
8.628,25,jamming_active
8.629,25,jamming_active
8.63,25,jamming_active
8.631,25,jamming_active
8.632,25,jamming_active
8.633,25,jamming_active
8.634,25,jamming_active
8.635,25,jamming_active
8.636,25,jamming_active
8.637,25,jamming_active
8.638,25,jamming_active
8.639,25,jamming_active
8.64,25,jamming_active
8.641,25,jamming_active
8.642,25,jamming_active
8.643,25,jamming_active
8.644,25,jamming_active
8.645,25,jamming_active
8.646,25,jamming_active
8.647,25,jamming_active
8.648,25,jamming_active
8.649,25,jamming_active
8.65,25,jamming_active
8.651,25,jamming_active
8.652,25,jamming_active
8.653,25,jamming_active
8.654,25,jamming_active
8.655,25,jamming_active
8.656,25,jamming_active
8.657,25,jamming_active
8.658,25,jamming_active
8.659,25,jamming_active
8.66,25,jamming_active
8.661,25,jamming_active
8.662,25,jamming_active
8.663,25,jamming_active
8.664,25,jamming_active
8.665,25,jamming_active
8.666,25,jamming_active
8.667,25,jamming_active
8.668,25,jamming_active
8.669,25,jamming_active
8.67,25,jamming_active
8.671,25,jamming_active
8.672,25,jamming_active
8.673,25,jamming_active
8.674,25,jamming_active
8.675,25,jamming_active
8.676,25,jamming_active
8.677,25,jamming_active
8.678,25,jamming_active
8.679,25,jamming_active
8.68,25,jamming_active
8.681,25,jamming_active
8.682,25,jamming_active
8.683,25,jamming_active
8.684,25,jamming_active
8.685,25,jamming_active
8.686,25,jamming_active
8.687,25,jamming_active
8.688,25,jamming_active
8.689,25,jamming_active
8.69,25,jamming_active
8.691,25,jamming_active
8.692,25,jamming_active
8.693,25,jamming_active
8.694,25,jamming_active
8.695,25,jamming_active
8.696,25,jamming_active
8.697,25,jamming_active
8.698,25,jamming_active
8.699,25,jamming_active
8.7,25,jamming_active
8.701,25,jamming_active
8.702,25,jamming_active
8.703,25,jamming_active
8.704,25,jamming_active
8.705,25,jamming_active
8.706,25,jamming_active
8.707,25,jamming_active
8.708,25,jamming_active
8.709,25,jamming_active
8.71,25,jamming_active
8.711,25,jamming_active
8.712,25,jamming_active
8.713,25,jamming_active
8.714,25,jamming_active
8.715,25,jamming_active
8.716,25,jamming_active
8.717,25,jamming_active
8.718,25,jamming_active
8.719,25,jamming_active
8.72,25,jamming_active
8.721,25,jamming_active
8.722,25,jamming_active
8.723,25,jamming_active
8.724,25,jamming_active
8.725,25,jamming_active
8.726,25,jamming_active
8.727,25,jamming_active
8.728,25,jamming_active
8.729,25,jamming_active
8.73,25,jamming_active
8.731,25,jamming_active
8.732,25,jamming_active
8.733,25,jamming_active
8.734,25,jamming_active
8.735,25,jamming_active
8.736,25,jamming_active
8.737,25,jamming_active
8.738,25,jamming_active
8.739,25,jamming_active
8.74,25,jamming_active
8.741,25,jamming_active
8.742,25,jamming_active
8.743,25,jamming_active
8.744,25,jamming_active
8.745,25,jamming_active
8.746,25,jamming_active
8.747,25,jamming_active
8.748,25,jamming_active
8.749,25,jamming_active
8.75,25,jamming_active
8.751,25,jamming_active
8.752,25,jamming_active
8.753,25,jamming_active
8.754,25,jamming_active
8.755,25,jamming_active
8.756,25,jamming_active
8.757,25,jamming_active
8.758,25,jamming_active
8.759,25,jamming_active
8.76,25,jamming_active
8.761,25,jamming_active
8.762,25,jamming_active
8.763,25,jamming_active
8.764,25,jamming_active
8.765,25,jamming_active
8.766,25,jamming_active
8.767,25,jamming_active
8.768,25,jamming_active
8.769,25,jamming_active
8.77,25,jamming_active
8.771,25,jamming_active
8.772,25,jamming_active
8.773,25,jamming_active
8.774,25,jamming_active
8.775,25,jamming_active
8.776,25,jamming_active
8.777,25,jamming_active
8.778,25,jamming_active
8.779,25,jamming_active
8.78,25,jamming_active
8.781,25,jamming_active
8.782,25,jamming_active
8.783,25,jamming_active
8.784,25,jamming_active
8.785,25,jamming_active
8.786,25,jamming_active
8.787,25,jamming_active
8.788,25,jamming_active
8.789,25,jamming_active
8.79,25,jamming_active
8.791,25,jamming_active
8.792,25,jamming_active
8.793,25,jamming_active
8.794,25,jamming_active
8.795,25,jamming_active
8.796,25,jamming_active
8.797,25,jamming_active
8.798,25,jamming_active
8.799,25,jamming_active
8.8,25,jamming_active
8.801,25,jamming_active
8.802,25,jamming_active
8.803,25,jamming_active
8.804,25,jamming_active
8.805,25,jamming_active
8.806,25,jamming_active
8.807,25,jamming_active
8.808,25,jamming_active
8.809,25,jamming_active
8.81,25,jamming_active
8.811,25,jamming_active
8.812,25,jamming_active
8.813,25,jamming_active
8.814,25,jamming_active
8.815,25,jamming_active
8.816,25,jamming_active
8.817,25,jamming_active
8.818,25,jamming_active
8.819,25,jamming_active
8.82,25,jamming_active
8.821,25,jamming_active
8.822,25,jamming_active
8.823,25,jamming_active
8.824,25,jamming_active
8.825,25,jamming_active
8.826,25,jamming_active
8.827,25,jamming_active
8.828,25,jamming_active
8.829,25,jamming_active
8.83,25,jamming_active
8.831,25,jamming_active
8.832,25,jamming_active
8.833,25,jamming_active
8.834,25,jamming_active
8.835,25,jamming_active
8.836,25,jamming_active
8.837,25,jamming_active
8.838,25,jamming_active
8.839,25,jamming_active
8.84,25,jamming_active
8.841,25,jamming_active
8.842,25,jamming_active
8.843,25,jamming_active
8.844,25,jamming_active
8.845,25,jamming_active
8.846,25,jamming_active
8.847,25,jamming_active
8.848,25,jamming_active
8.849,25,jamming_active
8.85,25,jamming_active
8.851,25,jamming_active
8.852,25,jamming_active
8.853,25,jamming_active
8.854,25,jamming_active
8.855,25,jamming_active
8.856,25,jamming_active
8.857,25,jamming_active
8.858,25,jamming_active
8.859,25,jamming_active
8.86,25,jamming_active
8.861,25,jamming_active
8.862,25,jamming_active
8.863,25,jamming_active
8.864,25,jamming_active
8.865,25,jamming_active
8.866,25,jamming_active
8.867,25,jamming_active
8.868,25,jamming_active
8.869,25,jamming_active
8.87,25,jamming_active
8.871,25,jamming_active
8.872,25,jamming_active
8.873,25,jamming_active
8.874,25,jamming_active
8.875,25,jamming_active
8.876,25,jamming_active
8.877,25,jamming_active
8.878,25,jamming_active
8.879,25,jamming_active
8.88,25,jamming_active
8.881,25,jamming_active
8.882,25,jamming_active
8.883,25,jamming_active
8.884,25,jamming_active
8.885,25,jamming_active
8.886,25,jamming_active
8.887,25,jamming_active
8.888,25,jamming_active
8.889,25,jamming_active
8.89,25,jamming_active
8.891,25,jamming_active
8.892,25,jamming_active
8.893,25,jamming_active
8.894,25,jamming_active
8.895,25,jamming_active
8.896,25,jamming_active
8.897,25,jamming_active
8.898,25,jamming_active
8.899,25,jamming_active
8.9,25,jamming_active
8.901,25,jamming_active
8.902,25,jamming_active
8.903,25,jamming_active
8.904,25,jamming_active
8.905,25,jamming_active
8.906,25,jamming_active
8.907,25,jamming_active
8.908,25,jamming_active
8.909,25,jamming_active
8.91,25,jamming_active
8.911,25,jamming_active
8.912,25,jamming_active
8.913,25,jamming_active
8.914,25,jamming_active
8.915,25,jamming_active
8.916,25,jamming_active
8.917,25,jamming_active
8.918,25,jamming_active
8.919,25,jamming_active
8.92,25,jamming_active
8.921,25,jamming_active
8.922,25,jamming_active
8.923,25,jamming_active
8.924,25,jamming_active
8.925,25,jamming_active
8.926,25,jamming_active
8.927,25,jamming_active
8.928,25,jamming_active
8.929,25,jamming_active
8.93,25,jamming_active
8.931,25,jamming_active
8.932,25,jamming_active
8.933,25,jamming_active
8.934,25,jamming_active
8.935,25,jamming_active
8.936,25,jamming_active
8.937,25,jamming_active
8.938,25,jamming_active
8.939,25,jamming_active
8.94,25,jamming_active
8.941,25,jamming_active
8.942,25,jamming_active
8.943,25,jamming_active
8.944,25,jamming_active
8.945,25,jamming_active
8.946,25,jamming_active
8.947,25,jamming_active
8.948,25,jamming_active
8.949,25,jamming_active
8.95,25,jamming_active
8.951,25,jamming_active
8.952,25,jamming_active
8.953,25,jamming_active
8.954,25,jamming_active
8.955,25,jamming_active
8.956,25,jamming_active
8.957,25,jamming_active
8.958,25,jamming_active
8.959,25,jamming_active
8.96,25,jamming_active
8.961,25,jamming_active
8.962,25,jamming_active
8.963,25,jamming_active
8.964,25,jamming_active
8.965,25,jamming_active
8.966,25,jamming_active
8.967,25,jamming_active
8.968,25,jamming_active
8.969,25,jamming_active
8.97,25,jamming_active
8.971,25,jamming_active
8.972,25,jamming_active
8.973,25,jamming_active
8.974,25,jamming_active
8.975,25,jamming_active
8.976,25,jamming_active
8.977,25,jamming_active
8.978,25,jamming_active
8.979,25,jamming_active
8.98,25,jamming_active
8.981,25,jamming_active
8.982,25,jamming_active
8.983,25,jamming_active
8.984,25,jamming_active
8.985,25,jamming_active
8.986,25,jamming_active
8.987,25,jamming_active
8.988,25,jamming_active
8.989,25,jamming_active
8.99,25,jamming_active
8.991,25,jamming_active
8.992,25,jamming_active
8.993,25,jamming_active
8.994,25,jamming_active
8.995,25,jamming_active
8.996,25,jamming_active
8.997,25,jamming_active
8.998,25,jamming_active
8.999,25,jamming_active
9,25,jamming_active
9.001,25,jamming_active
9.002,25,jamming_active
9.003,25,jamming_active
9.004,25,jamming_active
9.005,25,jamming_active
9.006,25,jamming_active
9.007,25,jamming_active
9.008,25,jamming_active
9.009,25,jamming_active
9.01,25,jamming_active
9.011,25,jamming_active
9.012,25,jamming_active
9.013,25,jamming_active
9.014,25,jamming_active
9.015,25,jamming_active
9.016,25,jamming_active
9.017,25,jamming_active
9.018,25,jamming_active
9.019,25,jamming_active
9.02,25,jamming_active
9.021,25,jamming_active
9.022,25,jamming_active
9.023,25,jamming_active
9.024,25,jamming_active
9.025,25,jamming_active
9.026,25,jamming_active
9.027,25,jamming_active
9.028,25,jamming_active
9.029,25,jamming_active
9.03,25,jamming_active
9.031,25,jamming_active
9.032,25,jamming_active
9.033,25,jamming_active
9.034,25,jamming_active
9.035,25,jamming_active
9.036,25,jamming_active
9.037,25,jamming_active
9.038,25,jamming_active
9.039,25,jamming_active
9.04,25,jamming_active
9.041,25,jamming_active
9.042,25,jamming_active
9.043,25,jamming_active
9.044,25,jamming_active
9.045,25,jamming_active
9.046,25,jamming_active
9.047,25,jamming_active
9.048,25,jamming_active
9.049,25,jamming_active
9.05,25,jamming_active
9.051,25,jamming_active
9.052,25,jamming_active
9.053,25,jamming_active
9.054,25,jamming_active
9.055,25,jamming_active
9.056,25,jamming_active
9.057,25,jamming_active
9.058,25,jamming_active
9.059,25,jamming_active
9.06,25,jamming_active
9.061,25,jamming_active
9.062,25,jamming_active
9.063,25,jamming_active
9.064,25,jamming_active
9.065,25,jamming_active
9.066,25,jamming_active
9.067,25,jamming_active
9.068,25,jamming_active
9.069,25,jamming_active
9.07,25,jamming_active
9.071,25,jamming_active
9.072,25,jamming_active
9.073,25,jamming_active
9.074,25,jamming_active
9.075,25,jamming_active
9.076,25,jamming_active
9.077,25,jamming_active
9.078,25,jamming_active
9.079,25,jamming_active
9.08,25,jamming_active
9.081,25,jamming_active
9.082,25,jamming_active
9.083,25,jamming_active
9.084,25,jamming_active
9.085,25,jamming_active
9.086,25,jamming_active
9.087,25,jamming_active
9.088,25,jamming_active
9.089,25,jamming_active
9.09,25,jamming_active
9.091,25,jamming_active
9.092,25,jamming_active
9.093,25,jamming_active
9.094,25,jamming_active
9.095,25,jamming_active
9.096,25,jamming_active
9.097,25,jamming_active
9.098,25,jamming_active
9.099,25,jamming_active
9.1,25,jamming_active
9.101,25,jamming_active
9.102,25,jamming_active
9.103,25,jamming_active
9.104,25,jamming_active
9.105,25,jamming_active
9.106,25,jamming_active
9.107,25,jamming_active
9.108,25,jamming_active
9.109,25,jamming_active
9.11,25,jamming_active
9.111,25,jamming_active
9.112,25,jamming_active
9.113,25,jamming_active
9.114,25,jamming_active
9.115,25,jamming_active
9.116,25,jamming_active
9.117,25,jamming_active
9.118,25,jamming_active
9.119,25,jamming_active
9.12,25,jamming_active
9.121,25,jamming_active
9.122,25,jamming_active
9.123,25,jamming_active
9.124,25,jamming_active
9.125,25,jamming_active
9.126,25,jamming_active
9.127,25,jamming_active
9.128,25,jamming_active
9.129,25,jamming_active
9.13,25,jamming_active
9.131,25,jamming_active
9.132,25,jamming_active
9.133,25,jamming_active
9.134,25,jamming_active
9.135,25,jamming_active
9.136,25,jamming_active
9.137,25,jamming_active
9.138,25,jamming_active
9.139,25,jamming_active
9.14,25,jamming_active
9.141,25,jamming_active
9.142,25,jamming_active
9.143,25,jamming_active
9.144,25,jamming_active
9.145,25,jamming_active
9.146,25,jamming_active
9.147,25,jamming_active
9.148,25,jamming_active
9.149,25,jamming_active
9.15,25,jamming_active
9.151,25,jamming_active
9.152,25,jamming_active
9.153,25,jamming_active
9.154,25,jamming_active
9.155,25,jamming_active
9.156,25,jamming_active
9.157,25,jamming_active
9.158,25,jamming_active
9.159,25,jamming_active
9.16,25,jamming_active
9.161,25,jamming_active
9.162,25,jamming_active
9.163,25,jamming_active
9.164,25,jamming_active
9.165,25,jamming_active
9.166,25,jamming_active
9.167,25,jamming_active
9.168,25,jamming_active
9.169,25,jamming_active
9.17,25,jamming_active
9.171,25,jamming_active
9.172,25,jamming_active
9.173,25,jamming_active
9.174,25,jamming_active
9.175,25,jamming_active
9.176,25,jamming_active
9.177,25,jamming_active
9.178,25,jamming_active
9.179,25,jamming_active
9.18,25,jamming_active
9.181,25,jamming_active
9.182,25,jamming_active
9.183,25,jamming_active
9.184,25,jamming_active
9.185,25,jamming_active
9.186,25,jamming_active
9.187,25,jamming_active
9.188,25,jamming_active
9.189,25,jamming_active
9.19,25,jamming_active
9.191,25,jamming_active
9.192,25,jamming_active
9.193,25,jamming_active
9.194,25,jamming_active
9.195,25,jamming_active
9.196,25,jamming_active
9.197,25,jamming_active
9.198,25,jamming_active
9.199,25,jamming_active
9.2,25,jamming_active
9.201,25,jamming_active
9.202,25,jamming_active
9.203,25,jamming_active
9.204,25,jamming_active
9.205,25,jamming_active
9.206,25,jamming_active
9.207,25,jamming_active
9.208,25,jamming_active
9.209,25,jamming_active
9.21,25,jamming_active
9.211,25,jamming_active
9.212,25,jamming_active
9.213,25,jamming_active
9.214,25,jamming_active
9.215,25,jamming_active
9.216,25,jamming_active
9.217,25,jamming_active
9.218,25,jamming_active
9.219,25,jamming_active
9.22,25,jamming_active
9.221,25,jamming_active
9.222,25,jamming_active
9.223,25,jamming_active
9.224,25,jamming_active
9.225,25,jamming_active
9.226,25,jamming_active
9.227,25,jamming_active
9.228,25,jamming_active
9.229,25,jamming_active
9.23,25,jamming_active
9.231,25,jamming_active
9.232,25,jamming_active
9.233,25,jamming_active
9.234,25,jamming_active
9.235,25,jamming_active
9.236,25,jamming_active
9.237,25,jamming_active
9.238,25,jamming_active
9.239,25,jamming_active
9.24,25,jamming_active
9.241,25,jamming_active
9.242,25,jamming_active
9.243,25,jamming_active
9.244,25,jamming_active
9.245,25,jamming_active
9.246,25,jamming_active
9.247,25,jamming_active
9.248,25,jamming_active
9.249,25,jamming_active
9.25,25,jamming_active
9.251,25,jamming_active
9.252,25,jamming_active
9.253,25,jamming_active
9.254,25,jamming_active
9.255,25,jamming_active
9.256,25,jamming_active
9.257,25,jamming_active
9.258,25,jamming_active
9.259,25,jamming_active
9.26,25,jamming_active
9.261,25,jamming_active
9.262,25,jamming_active
9.263,25,jamming_active
9.264,25,jamming_active
9.265,25,jamming_active
9.266,25,jamming_active
9.267,25,jamming_active
9.268,25,jamming_active
9.269,25,jamming_active
9.27,25,jamming_active
9.271,25,jamming_active
9.272,25,jamming_active
9.273,25,jamming_active
9.274,25,jamming_active
9.275,25,jamming_active
9.276,25,jamming_active
9.277,25,jamming_active
9.278,25,jamming_active
9.279,25,jamming_active
9.28,25,jamming_active
9.281,25,jamming_active
9.282,25,jamming_active
9.283,25,jamming_active
9.284,25,jamming_active
9.285,25,jamming_active
9.286,25,jamming_active
9.287,25,jamming_active
9.288,25,jamming_active
9.289,25,jamming_active
9.29,25,jamming_active
9.291,25,jamming_active
9.292,25,jamming_active
9.293,25,jamming_active
9.294,25,jamming_active
9.295,25,jamming_active
9.296,25,jamming_active
9.297,25,jamming_active
9.298,25,jamming_active
9.299,25,jamming_active
9.3,25,jamming_active
9.301,25,jamming_active
9.302,25,jamming_active
9.303,25,jamming_active
9.304,25,jamming_active
9.305,25,jamming_active
9.306,25,jamming_active
9.307,25,jamming_active
9.308,25,jamming_active
9.309,25,jamming_active
9.31,25,jamming_active
9.311,25,jamming_active
9.312,25,jamming_active
9.313,25,jamming_active
9.314,25,jamming_active
9.315,25,jamming_active
9.316,25,jamming_active
9.317,25,jamming_active
9.318,25,jamming_active
9.319,25,jamming_active
9.32,25,jamming_active
9.321,25,jamming_active
9.322,25,jamming_active
9.323,25,jamming_active
9.324,25,jamming_active
9.325,25,jamming_active
9.326,25,jamming_active
9.327,25,jamming_active
9.328,25,jamming_active
9.329,25,jamming_active
9.33,25,jamming_active
9.331,25,jamming_active
9.332,25,jamming_active
9.333,25,jamming_active
9.334,25,jamming_active
9.335,25,jamming_active
9.336,25,jamming_active
9.337,25,jamming_active
9.338,25,jamming_active
9.339,25,jamming_active
9.34,25,jamming_active
9.341,25,jamming_active
9.342,25,jamming_active
9.343,25,jamming_active
9.344,25,jamming_active
9.345,25,jamming_active
9.346,25,jamming_active
9.347,25,jamming_active
9.348,25,jamming_active
9.349,25,jamming_active
9.35,25,jamming_active
9.351,25,jamming_active
9.352,25,jamming_active
9.353,25,jamming_active
9.354,25,jamming_active
9.355,25,jamming_active
9.356,25,jamming_active
9.357,25,jamming_active
9.358,25,jamming_active
9.359,25,jamming_active
9.36,25,jamming_active
9.361,25,jamming_active
9.362,25,jamming_active
9.363,25,jamming_active
9.364,25,jamming_active
9.365,25,jamming_active
9.366,25,jamming_active
9.367,25,jamming_active
9.368,25,jamming_active
9.369,25,jamming_active
9.37,25,jamming_active
9.371,25,jamming_active
9.372,25,jamming_active
9.373,25,jamming_active
9.374,25,jamming_active
9.375,25,jamming_active
9.376,25,jamming_active
9.377,25,jamming_active
9.378,25,jamming_active
9.379,25,jamming_active
9.38,25,jamming_active
9.381,25,jamming_active
9.382,25,jamming_active
9.383,25,jamming_active
9.384,25,jamming_active
9.385,25,jamming_active
9.386,25,jamming_active
9.387,25,jamming_active
9.388,25,jamming_active
9.389,25,jamming_active
9.39,25,jamming_active
9.391,25,jamming_active
9.392,25,jamming_active
9.393,25,jamming_active
9.394,25,jamming_active
9.395,25,jamming_active
9.396,25,jamming_active
9.397,25,jamming_active
9.398,25,jamming_active
9.399,25,jamming_active
9.4,25,jamming_active
9.401,25,jamming_active
9.402,25,jamming_active
9.403,25,jamming_active
9.404,25,jamming_active
9.405,25,jamming_active
9.406,25,jamming_active
9.407,25,jamming_active
9.408,25,jamming_active
9.409,25,jamming_active
9.41,25,jamming_active
9.411,25,jamming_active
9.412,25,jamming_active
9.413,25,jamming_active
9.414,25,jamming_active
9.415,25,jamming_active
9.416,25,jamming_active
9.417,25,jamming_active
9.418,25,jamming_active
9.419,25,jamming_active
9.42,25,jamming_active
9.421,25,jamming_active
9.422,25,jamming_active
9.423,25,jamming_active
9.424,25,jamming_active
9.425,25,jamming_active
9.426,25,jamming_active
9.427,25,jamming_active
9.428,25,jamming_active
9.429,25,jamming_active
9.43,25,jamming_active
9.431,25,jamming_active
9.432,25,jamming_active
9.433,25,jamming_active
9.434,25,jamming_active
9.435,25,jamming_active
9.436,25,jamming_active
9.437,25,jamming_active
9.438,25,jamming_active
9.439,25,jamming_active
9.44,25,jamming_active
9.441,25,jamming_active
9.442,25,jamming_active
9.443,25,jamming_active
9.444,25,jamming_active
9.445,25,jamming_active
9.446,25,jamming_active
9.447,25,jamming_active
9.448,25,jamming_active
9.449,25,jamming_active
9.45,25,jamming_active
9.451,25,jamming_active
9.452,25,jamming_active
9.453,25,jamming_active
9.454,25,jamming_active
9.455,25,jamming_active
9.456,25,jamming_active
9.457,25,jamming_active
9.458,25,jamming_active
9.459,25,jamming_active
9.46,25,jamming_active
9.461,25,jamming_active
9.462,25,jamming_active
9.463,25,jamming_active
9.464,25,jamming_active
9.465,25,jamming_active
9.466,25,jamming_active
9.467,25,jamming_active
9.468,25,jamming_active
9.469,25,jamming_active
9.47,25,jamming_active
9.471,25,jamming_active
9.472,25,jamming_active
9.473,25,jamming_active
9.474,25,jamming_active
9.475,25,jamming_active
9.476,25,jamming_active
9.477,25,jamming_active
9.478,25,jamming_active
9.479,25,jamming_active
9.48,25,jamming_active
9.481,25,jamming_active
9.482,25,jamming_active
9.483,25,jamming_active
9.484,25,jamming_active
9.485,25,jamming_active
9.486,25,jamming_active
9.487,25,jamming_active
9.488,25,jamming_active
9.489,25,jamming_active
9.49,25,jamming_active
9.491,25,jamming_active
9.492,25,jamming_active
9.493,25,jamming_active
9.494,25,jamming_active
9.495,25,jamming_active
9.496,25,jamming_active
9.497,25,jamming_active
9.498,25,jamming_active
9.499,25,jamming_active
9.5,25,jamming_active
9.501,25,jamming_active
9.502,25,jamming_active
9.503,25,jamming_active
9.504,25,jamming_active
9.505,25,jamming_active
9.506,25,jamming_active
9.507,25,jamming_active
9.508,25,jamming_active
9.509,25,jamming_active
9.51,25,jamming_active
9.511,25,jamming_active
9.512,25,jamming_active
9.513,25,jamming_active
9.514,25,jamming_active
9.515,25,jamming_active
9.516,25,jamming_active
9.517,25,jamming_active
9.518,25,jamming_active
9.519,25,jamming_active
9.52,25,jamming_active
9.521,25,jamming_active
9.522,25,jamming_active
9.523,25,jamming_active
9.524,25,jamming_active
9.525,25,jamming_active
9.526,25,jamming_active
9.527,25,jamming_active
9.528,25,jamming_active
9.529,25,jamming_active
9.53,25,jamming_active
9.531,25,jamming_active
9.532,25,jamming_active
9.533,25,jamming_active
9.534,25,jamming_active
9.535,25,jamming_active
9.536,25,jamming_active
9.537,25,jamming_active
9.538,25,jamming_active
9.539,25,jamming_active
9.54,25,jamming_active
9.541,25,jamming_active
9.542,25,jamming_active
9.543,25,jamming_active
9.544,25,jamming_active
9.545,25,jamming_active
9.546,25,jamming_active
9.547,25,jamming_active
9.548,25,jamming_active
9.549,25,jamming_active
9.55,25,jamming_active
9.551,25,jamming_active
9.552,25,jamming_active
9.553,25,jamming_active
9.554,25,jamming_active
9.555,25,jamming_active
9.556,25,jamming_active
9.557,25,jamming_active
9.558,25,jamming_active
9.559,25,jamming_active
9.56,25,jamming_active
9.561,25,jamming_active
9.562,25,jamming_active
9.563,25,jamming_active
9.564,25,jamming_active
9.565,25,jamming_active
9.566,25,jamming_active
9.567,25,jamming_active
9.568,25,jamming_active
9.569,25,jamming_active
9.57,25,jamming_active
9.571,25,jamming_active
9.572,25,jamming_active
9.573,25,jamming_active
9.574,25,jamming_active
9.575,25,jamming_active
9.576,25,jamming_active
9.577,25,jamming_active
9.578,25,jamming_active
9.579,25,jamming_active
9.58,25,jamming_active
9.581,25,jamming_active
9.582,25,jamming_active
9.583,25,jamming_active
9.584,25,jamming_active
9.585,25,jamming_active
9.586,25,jamming_active
9.587,25,jamming_active
9.588,25,jamming_active
9.589,25,jamming_active
9.59,25,jamming_active
9.591,25,jamming_active
9.592,25,jamming_active
9.593,25,jamming_active
9.594,25,jamming_active
9.595,25,jamming_active
9.596,25,jamming_active
9.597,25,jamming_active
9.598,25,jamming_active
9.599,25,jamming_active
9.6,25,jamming_active
9.601,25,jamming_active
9.602,25,jamming_active
9.603,25,jamming_active
9.604,25,jamming_active
9.605,25,jamming_active
9.606,25,jamming_active
9.607,25,jamming_active
9.608,25,jamming_active
9.609,25,jamming_active
9.61,25,jamming_active
9.611,25,jamming_active
9.612,25,jamming_active
9.613,25,jamming_active
9.614,25,jamming_active
9.615,25,jamming_active
9.616,25,jamming_active
9.617,25,jamming_active
9.618,25,jamming_active
9.619,25,jamming_active
9.62,25,jamming_active
9.621,25,jamming_active
9.622,25,jamming_active
9.623,25,jamming_active
9.624,25,jamming_active
9.625,25,jamming_active
9.626,25,jamming_active
9.627,25,jamming_active
9.628,25,jamming_active
9.629,25,jamming_active
9.63,25,jamming_active
9.631,25,jamming_active
9.632,25,jamming_active
9.633,25,jamming_active
9.634,25,jamming_active
9.635,25,jamming_active
9.636,25,jamming_active
9.637,25,jamming_active
9.638,25,jamming_active
9.639,25,jamming_active
9.64,25,jamming_active
9.641,25,jamming_active
9.642,25,jamming_active
9.643,25,jamming_active
9.644,25,jamming_active
9.645,25,jamming_active
9.646,25,jamming_active
9.647,25,jamming_active
9.648,25,jamming_active
9.649,25,jamming_active
9.65,25,jamming_active
9.651,25,jamming_active
9.652,25,jamming_active
9.653,25,jamming_active
9.654,25,jamming_active
9.655,25,jamming_active
9.656,25,jamming_active
9.657,25,jamming_active
9.658,25,jamming_active
9.659,25,jamming_active
9.66,25,jamming_active
9.661,25,jamming_active
9.662,25,jamming_active
9.663,25,jamming_active
9.664,25,jamming_active
9.665,25,jamming_active
9.666,25,jamming_active
9.667,25,jamming_active
9.668,25,jamming_active
9.669,25,jamming_active
9.67,25,jamming_active
9.671,25,jamming_active
9.672,25,jamming_active
9.673,25,jamming_active
9.674,25,jamming_active
9.675,25,jamming_active
9.676,25,jamming_active
9.677,25,jamming_active
9.678,25,jamming_active
9.679,25,jamming_active
9.68,25,jamming_active
9.681,25,jamming_active
9.682,25,jamming_active
9.683,25,jamming_active
9.684,25,jamming_active
9.685,25,jamming_active
9.686,25,jamming_active
9.687,25,jamming_active
9.688,25,jamming_active
9.689,25,jamming_active
9.69,25,jamming_active
9.691,25,jamming_active
9.692,25,jamming_active
9.693,25,jamming_active
9.694,25,jamming_active
9.695,25,jamming_active
9.696,25,jamming_active
9.697,25,jamming_active
9.698,25,jamming_active
9.699,25,jamming_active
9.7,25,jamming_active
9.701,25,jamming_active
9.702,25,jamming_active
9.703,25,jamming_active
9.704,25,jamming_active
9.705,25,jamming_active
9.706,25,jamming_active
9.707,25,jamming_active
9.708,25,jamming_active
9.709,25,jamming_active
9.71,25,jamming_active
9.711,25,jamming_active
9.712,25,jamming_active
9.713,25,jamming_active
9.714,25,jamming_active
9.715,25,jamming_active
9.716,25,jamming_active
9.717,25,jamming_active
9.718,25,jamming_active
9.719,25,jamming_active
9.72,25,jamming_active
9.721,25,jamming_active
9.722,25,jamming_active
9.723,25,jamming_active
9.724,25,jamming_active
9.725,25,jamming_active
9.726,25,jamming_active
9.727,25,jamming_active
9.728,25,jamming_active
9.729,25,jamming_active
9.73,25,jamming_active
9.731,25,jamming_active
9.732,25,jamming_active
9.733,25,jamming_active
9.734,25,jamming_active
9.735,25,jamming_active
9.736,25,jamming_active
9.737,25,jamming_active
9.738,25,jamming_active
9.739,25,jamming_active
9.74,25,jamming_active
9.741,25,jamming_active
9.742,25,jamming_active
9.743,25,jamming_active
9.744,25,jamming_active
9.745,25,jamming_active
9.746,25,jamming_active
9.747,25,jamming_active
9.748,25,jamming_active
9.749,25,jamming_active
9.75,25,jamming_active
9.751,25,jamming_active
9.752,25,jamming_active
9.753,25,jamming_active
9.754,25,jamming_active
9.755,25,jamming_active
9.756,25,jamming_active
9.757,25,jamming_active
9.758,25,jamming_active
9.759,25,jamming_active
9.76,25,jamming_active
9.761,25,jamming_active
9.762,25,jamming_active
9.763,25,jamming_active
9.764,25,jamming_active
9.765,25,jamming_active
9.766,25,jamming_active
9.767,25,jamming_active
9.768,25,jamming_active
9.769,25,jamming_active
9.77,25,jamming_active
9.771,25,jamming_active
9.772,25,jamming_active
9.773,25,jamming_active
9.774,25,jamming_active
9.775,25,jamming_active
9.776,25,jamming_active
9.777,25,jamming_active
9.778,25,jamming_active
9.779,25,jamming_active
9.78,25,jamming_active
9.781,25,jamming_active
9.782,25,jamming_active
9.783,25,jamming_active
9.784,25,jamming_active
9.785,25,jamming_active
9.786,25,jamming_active
9.787,25,jamming_active
9.788,25,jamming_active
9.789,25,jamming_active
9.79,25,jamming_active
9.791,25,jamming_active
9.792,25,jamming_active
9.793,25,jamming_active
9.794,25,jamming_active
9.795,25,jamming_active
9.796,25,jamming_active
9.797,25,jamming_active
9.798,25,jamming_active
9.799,25,jamming_active
9.8,25,jamming_active
9.801,25,jamming_active
9.802,25,jamming_active
9.803,25,jamming_active
9.804,25,jamming_active
9.805,25,jamming_active
9.806,25,jamming_active
9.807,25,jamming_active
9.808,25,jamming_active
9.809,25,jamming_active
9.81,25,jamming_active
9.811,25,jamming_active
9.812,25,jamming_active
9.813,25,jamming_active
9.814,25,jamming_active
9.815,25,jamming_active
9.816,25,jamming_active
9.817,25,jamming_active
9.818,25,jamming_active
9.819,25,jamming_active
9.82,25,jamming_active
9.821,25,jamming_active
9.822,25,jamming_active
9.823,25,jamming_active
9.824,25,jamming_active
9.825,25,jamming_active
9.826,25,jamming_active
9.827,25,jamming_active
9.828,25,jamming_active
9.829,25,jamming_active
9.83,25,jamming_active
9.831,25,jamming_active
9.832,25,jamming_active
9.833,25,jamming_active
9.834,25,jamming_active
9.835,25,jamming_active
9.836,25,jamming_active
9.837,25,jamming_active
9.838,25,jamming_active
9.839,25,jamming_active
9.84,25,jamming_active
9.841,25,jamming_active
9.842,25,jamming_active
9.843,25,jamming_active
9.844,25,jamming_active
9.845,25,jamming_active
9.846,25,jamming_active
9.847,25,jamming_active
9.848,25,jamming_active
9.849,25,jamming_active
9.85,25,jamming_active
9.851,25,jamming_active
9.852,25,jamming_active
9.853,25,jamming_active
9.854,25,jamming_active
9.855,25,jamming_active
9.856,25,jamming_active
9.857,25,jamming_active
9.858,25,jamming_active
9.859,25,jamming_active
9.86,25,jamming_active
9.861,25,jamming_active
9.862,25,jamming_active
9.863,25,jamming_active
9.864,25,jamming_active
9.865,25,jamming_active
9.866,25,jamming_active
9.867,25,jamming_active
9.868,25,jamming_active
9.869,25,jamming_active
9.87,25,jamming_active
9.871,25,jamming_active
9.872,25,jamming_active
9.873,25,jamming_active
9.874,25,jamming_active
9.875,25,jamming_active
9.876,25,jamming_active
9.877,25,jamming_active
9.878,25,jamming_active
9.879,25,jamming_active
9.88,25,jamming_active
9.881,25,jamming_active
9.882,25,jamming_active
9.883,25,jamming_active
9.884,25,jamming_active
9.885,25,jamming_active
9.886,25,jamming_active
9.887,25,jamming_active
9.888,25,jamming_active
9.889,25,jamming_active
9.89,25,jamming_active
9.891,25,jamming_active
9.892,25,jamming_active
9.893,25,jamming_active
9.894,25,jamming_active
9.895,25,jamming_active
9.896,25,jamming_active
9.897,25,jamming_active
9.898,25,jamming_active
9.899,25,jamming_active
9.9,25,jamming_active
9.901,25,jamming_active
9.902,25,jamming_active
9.903,25,jamming_active
9.904,25,jamming_active
9.905,25,jamming_active
9.906,25,jamming_active
9.907,25,jamming_active
9.908,25,jamming_active
9.909,25,jamming_active
9.91,25,jamming_active
9.911,25,jamming_active
9.912,25,jamming_active
9.913,25,jamming_active
9.914,25,jamming_active
9.915,25,jamming_active
9.916,25,jamming_active
9.917,25,jamming_active
9.918,25,jamming_active
9.919,25,jamming_active
9.92,25,jamming_active
9.921,25,jamming_active
9.922,25,jamming_active
9.923,25,jamming_active
9.924,25,jamming_active
9.925,25,jamming_active
9.926,25,jamming_active
9.927,25,jamming_active
9.928,25,jamming_active
9.929,25,jamming_active
9.93,25,jamming_active
9.931,25,jamming_active
9.932,25,jamming_active
9.933,25,jamming_active
9.934,25,jamming_active
9.935,25,jamming_active
9.936,25,jamming_active
9.937,25,jamming_active
9.938,25,jamming_active
9.939,25,jamming_active
9.94,25,jamming_active
9.941,25,jamming_active
9.942,25,jamming_active
9.943,25,jamming_active
9.944,25,jamming_active
9.945,25,jamming_active
9.946,25,jamming_active
9.947,25,jamming_active
9.948,25,jamming_active
9.949,25,jamming_active
9.95,25,jamming_active
9.951,25,jamming_active
9.952,25,jamming_active
9.953,25,jamming_active
9.954,25,jamming_active
9.955,25,jamming_active
9.956,25,jamming_active
9.957,25,jamming_active
9.958,25,jamming_active
9.959,25,jamming_active
9.96,25,jamming_active
9.961,25,jamming_active
9.962,25,jamming_active
9.963,25,jamming_active
9.964,25,jamming_active
9.965,25,jamming_active
9.966,25,jamming_active
9.967,25,jamming_active
9.968,25,jamming_active
9.969,25,jamming_active
9.97,25,jamming_active
9.971,25,jamming_active
9.972,25,jamming_active
9.973,25,jamming_active
9.974,25,jamming_active
9.975,25,jamming_active
9.976,25,jamming_active
9.977,25,jamming_active
9.978,25,jamming_active
9.979,25,jamming_active
9.98,25,jamming_active
9.981,25,jamming_active
9.982,25,jamming_active
9.983,25,jamming_active
9.984,25,jamming_active
9.985,25,jamming_active
9.986,25,jamming_active
9.987,25,jamming_active
9.988,25,jamming_active
9.989,25,jamming_active
9.99,25,jamming_active
9.991,25,jamming_active
9.992,25,jamming_active
9.993,25,jamming_active
9.994,25,jamming_active
9.995,25,jamming_active
9.996,25,jamming_active
9.997,25,jamming_active
9.998,25,jamming_active
9.999,25,jamming_active
10,25,jamming_active
10.001,25,jamming_active
10.002,25,jamming_active
10.003,25,jamming_active
10.004,25,jamming_active
10.005,25,jamming_active
10.006,25,jamming_active
10.007,25,jamming_active
10.008,25,jamming_active
10.009,25,jamming_active
10.01,25,jamming_active
10.011,25,jamming_active
10.012,25,jamming_active
10.013,25,jamming_active
10.014,25,jamming_active
10.015,25,jamming_active
10.016,25,jamming_active
10.017,25,jamming_active
10.018,25,jamming_active
10.019,25,jamming_active
10.02,25,jamming_active
10.021,25,jamming_active
10.022,25,jamming_active
10.023,25,jamming_active
10.024,25,jamming_active
10.025,25,jamming_active
10.026,25,jamming_active
10.027,25,jamming_active
10.028,25,jamming_active
10.029,25,jamming_active
10.03,25,jamming_active
10.031,25,jamming_active
10.032,25,jamming_active
10.033,25,jamming_active
10.034,25,jamming_active
10.035,25,jamming_active
10.036,25,jamming_active
10.037,25,jamming_active
10.038,25,jamming_active
10.039,25,jamming_active
10.04,25,jamming_active
10.041,25,jamming_active
10.042,25,jamming_active
10.043,25,jamming_active
10.044,25,jamming_active
10.045,25,jamming_active
10.046,25,jamming_active
10.047,25,jamming_active
10.048,25,jamming_active
10.049,25,jamming_active
10.05,25,jamming_active
10.051,25,jamming_active
10.052,25,jamming_active
10.053,25,jamming_active
10.054,25,jamming_active
10.055,25,jamming_active
10.056,25,jamming_active
10.057,25,jamming_active
10.058,25,jamming_active
10.059,25,jamming_active
10.06,25,jamming_active
10.061,25,jamming_active
10.062,25,jamming_active
10.063,25,jamming_active
10.064,25,jamming_active
10.065,25,jamming_active
10.066,25,jamming_active
10.067,25,jamming_active
10.068,25,jamming_active
10.069,25,jamming_active
10.07,25,jamming_active
10.071,25,jamming_active
10.072,25,jamming_active
10.073,25,jamming_active
10.074,25,jamming_active
10.075,25,jamming_active
10.076,25,jamming_active
10.077,25,jamming_active
10.078,25,jamming_active
10.079,25,jamming_active
10.08,25,jamming_active
10.081,25,jamming_active
10.082,25,jamming_active
10.083,25,jamming_active
10.084,25,jamming_active
10.085,25,jamming_active
10.086,25,jamming_active
10.087,25,jamming_active
10.088,25,jamming_active
10.089,25,jamming_active
10.09,25,jamming_active
10.091,25,jamming_active
10.092,25,jamming_active
10.093,25,jamming_active
10.094,25,jamming_active
10.095,25,jamming_active
10.096,25,jamming_active
10.097,25,jamming_active
10.098,25,jamming_active
10.099,25,jamming_active
10.1,25,jamming_active
10.101,25,jamming_active
10.102,25,jamming_active
10.103,25,jamming_active
10.104,25,jamming_active
10.105,25,jamming_active
10.106,25,jamming_active
10.107,25,jamming_active
10.108,25,jamming_active
10.109,25,jamming_active
10.11,25,jamming_active
10.111,25,jamming_active
10.112,25,jamming_active
10.113,25,jamming_active
10.114,25,jamming_active
10.115,25,jamming_active
10.116,25,jamming_active
10.117,25,jamming_active
10.118,25,jamming_active
10.119,25,jamming_active
10.12,25,jamming_active
10.121,25,jamming_active
10.122,25,jamming_active
10.123,25,jamming_active
10.124,25,jamming_active
10.125,25,jamming_active
10.126,25,jamming_active
10.127,25,jamming_active
10.128,25,jamming_active
10.129,25,jamming_active
10.13,25,jamming_active
10.131,25,jamming_active
10.132,25,jamming_active
10.133,25,jamming_active
10.134,25,jamming_active
10.135,25,jamming_active
10.136,25,jamming_active
10.137,25,jamming_active
10.138,25,jamming_active
10.139,25,jamming_active
10.14,25,jamming_active
10.141,25,jamming_active
10.142,25,jamming_active
10.143,25,jamming_active
10.144,25,jamming_active
10.145,25,jamming_active
10.146,25,jamming_active
10.147,25,jamming_active
10.148,25,jamming_active
10.149,25,jamming_active
10.15,25,jamming_active
10.151,25,jamming_active
10.152,25,jamming_active
10.153,25,jamming_active
10.154,25,jamming_active
10.155,25,jamming_active
10.156,25,jamming_active
10.157,25,jamming_active
10.158,25,jamming_active
10.159,25,jamming_active
10.16,25,jamming_active
10.161,25,jamming_active
10.162,25,jamming_active
10.163,25,jamming_active
10.164,25,jamming_active
10.165,25,jamming_active
10.166,25,jamming_active
10.167,25,jamming_active
10.168,25,jamming_active
10.169,25,jamming_active
10.17,25,jamming_active
10.171,25,jamming_active
10.172,25,jamming_active
10.173,25,jamming_active
10.174,25,jamming_active
10.175,25,jamming_active
10.176,25,jamming_active
10.177,25,jamming_active
10.178,25,jamming_active
10.179,25,jamming_active
10.18,25,jamming_active
10.181,25,jamming_active
10.182,25,jamming_active
10.183,25,jamming_active
10.184,25,jamming_active
10.185,25,jamming_active
10.186,25,jamming_active
10.187,25,jamming_active
10.188,25,jamming_active
10.189,25,jamming_active
10.19,25,jamming_active
10.191,25,jamming_active
10.192,25,jamming_active
10.193,25,jamming_active
10.194,25,jamming_active
10.195,25,jamming_active
10.196,25,jamming_active
10.197,25,jamming_active
10.198,25,jamming_active
10.199,25,jamming_active
10.2,25,jamming_active
10.201,25,jamming_active
10.202,25,jamming_active
10.203,25,jamming_active
10.204,25,jamming_active
10.205,25,jamming_active
10.206,25,jamming_active
10.207,25,jamming_active
10.208,25,jamming_active
10.209,25,jamming_active
10.21,25,jamming_active
10.211,25,jamming_active
10.212,25,jamming_active
10.213,25,jamming_active
10.214,25,jamming_active
10.215,25,jamming_active
10.216,25,jamming_active
10.217,25,jamming_active
10.218,25,jamming_active
10.219,25,jamming_active
10.22,25,jamming_active
10.221,25,jamming_active
10.222,25,jamming_active
10.223,25,jamming_active
10.224,25,jamming_active
10.225,25,jamming_active
10.226,25,jamming_active
10.227,25,jamming_active
10.228,25,jamming_active
10.229,25,jamming_active
10.23,25,jamming_active
10.231,25,jamming_active
10.232,25,jamming_active
10.233,25,jamming_active
10.234,25,jamming_active
10.235,25,jamming_active
10.236,25,jamming_active
10.237,25,jamming_active
10.238,25,jamming_active
10.239,25,jamming_active
10.24,25,jamming_active
10.241,25,jamming_active
10.242,25,jamming_active
10.243,25,jamming_active
10.244,25,jamming_active
10.245,25,jamming_active
10.246,25,jamming_active
10.247,25,jamming_active
10.248,25,jamming_active
10.249,25,jamming_active
10.25,25,jamming_active
10.251,25,jamming_active
10.252,25,jamming_active
10.253,25,jamming_active
10.254,25,jamming_active
10.255,25,jamming_active
10.256,25,jamming_active
10.257,25,jamming_active
10.258,25,jamming_active
10.259,25,jamming_active
10.26,25,jamming_active
10.261,25,jamming_active
10.262,25,jamming_active
10.263,25,jamming_active
10.264,25,jamming_active
10.265,25,jamming_active
10.266,25,jamming_active
10.267,25,jamming_active
10.268,25,jamming_active
10.269,25,jamming_active
10.27,25,jamming_active
10.271,25,jamming_active
10.272,25,jamming_active
10.273,25,jamming_active
10.274,25,jamming_active
10.275,25,jamming_active
10.276,25,jamming_active
10.277,25,jamming_active
10.278,25,jamming_active
10.279,25,jamming_active
10.28,25,jamming_active
10.281,25,jamming_active
10.282,25,jamming_active
10.283,25,jamming_active
10.284,25,jamming_active
10.285,25,jamming_active
10.286,25,jamming_active
10.287,25,jamming_active
10.288,25,jamming_active
10.289,25,jamming_active
10.29,25,jamming_active
10.291,25,jamming_active
10.292,25,jamming_active
10.293,25,jamming_active
10.294,25,jamming_active
10.295,25,jamming_active
10.296,25,jamming_active
10.297,25,jamming_active
10.298,25,jamming_active
10.299,25,jamming_active
10.3,25,jamming_active
10.301,25,jamming_active
10.302,25,jamming_active
10.303,25,jamming_active
10.304,25,jamming_active
10.305,25,jamming_active
10.306,25,jamming_active
10.307,25,jamming_active
10.308,25,jamming_active
10.309,25,jamming_active
10.31,25,jamming_active
10.311,25,jamming_active
10.312,25,jamming_active
10.313,25,jamming_active
10.314,25,jamming_active
10.315,25,jamming_active
10.316,25,jamming_active
10.317,25,jamming_active
10.318,25,jamming_active
10.319,25,jamming_active
10.32,25,jamming_active
10.321,25,jamming_active
10.322,25,jamming_active
10.323,25,jamming_active
10.324,25,jamming_active
10.325,25,jamming_active
10.326,25,jamming_active
10.327,25,jamming_active
10.328,25,jamming_active
10.329,25,jamming_active
10.33,25,jamming_active
10.331,25,jamming_active
10.332,25,jamming_active
10.333,25,jamming_active
10.334,25,jamming_active
10.335,25,jamming_active
10.336,25,jamming_active
10.337,25,jamming_active
10.338,25,jamming_active
10.339,25,jamming_active
10.34,25,jamming_active
10.341,25,jamming_active
10.342,25,jamming_active
10.343,25,jamming_active
10.344,25,jamming_active
10.345,25,jamming_active
10.346,25,jamming_active
10.347,25,jamming_active
10.348,25,jamming_active
10.349,25,jamming_active
10.35,25,jamming_active
10.351,25,jamming_active
10.352,25,jamming_active
10.353,25,jamming_active
10.354,25,jamming_active
10.355,25,jamming_active
10.356,25,jamming_active
10.357,25,jamming_active
10.358,25,jamming_active
10.359,25,jamming_active
10.36,25,jamming_active
10.361,25,jamming_active
10.362,25,jamming_active
10.363,25,jamming_active
10.364,25,jamming_active
10.365,25,jamming_active
10.366,25,jamming_active
10.367,25,jamming_active
10.368,25,jamming_active
10.369,25,jamming_active
10.37,25,jamming_active
10.371,25,jamming_active
10.372,25,jamming_active
10.373,25,jamming_active
10.374,25,jamming_active
10.375,25,jamming_active
10.376,25,jamming_active
10.377,25,jamming_active
10.378,25,jamming_active
10.379,25,jamming_active
10.38,25,jamming_active
10.381,25,jamming_active
10.382,25,jamming_active
10.383,25,jamming_active
10.384,25,jamming_active
10.385,25,jamming_active
10.386,25,jamming_active
10.387,25,jamming_active
10.388,25,jamming_active
10.389,25,jamming_active
10.39,25,jamming_active
10.391,25,jamming_active
10.392,25,jamming_active
10.393,25,jamming_active
10.394,25,jamming_active
10.395,25,jamming_active
10.396,25,jamming_active
10.397,25,jamming_active
10.398,25,jamming_active
10.399,25,jamming_active
10.4,25,jamming_active
10.401,25,jamming_active
10.402,25,jamming_active
10.403,25,jamming_active
10.404,25,jamming_active
10.405,25,jamming_active
10.406,25,jamming_active
10.407,25,jamming_active
10.408,25,jamming_active
10.409,25,jamming_active
10.41,25,jamming_active
10.411,25,jamming_active
10.412,25,jamming_active
10.413,25,jamming_active
10.414,25,jamming_active
10.415,25,jamming_active
10.416,25,jamming_active
10.417,25,jamming_active
10.418,25,jamming_active
10.419,25,jamming_active
10.42,25,jamming_active
10.421,25,jamming_active
10.422,25,jamming_active
10.423,25,jamming_active
10.424,25,jamming_active
10.425,25,jamming_active
10.426,25,jamming_active
10.427,25,jamming_active
10.428,25,jamming_active
10.429,25,jamming_active
10.43,25,jamming_active
10.431,25,jamming_active
10.432,25,jamming_active
10.433,25,jamming_active
10.434,25,jamming_active
10.435,25,jamming_active
10.436,25,jamming_active
10.437,25,jamming_active
10.438,25,jamming_active
10.439,25,jamming_active
10.44,25,jamming_active
10.441,25,jamming_active
10.442,25,jamming_active
10.443,25,jamming_active
10.444,25,jamming_active
10.445,25,jamming_active
10.446,25,jamming_active
10.447,25,jamming_active
10.448,25,jamming_active
10.449,25,jamming_active
10.45,25,jamming_active
10.451,25,jamming_active
10.452,25,jamming_active
10.453,25,jamming_active
10.454,25,jamming_active
10.455,25,jamming_active
10.456,25,jamming_active
10.457,25,jamming_active
10.458,25,jamming_active
10.459,25,jamming_active
10.46,25,jamming_active
10.461,25,jamming_active
10.462,25,jamming_active
10.463,25,jamming_active
10.464,25,jamming_active
10.465,25,jamming_active
10.466,25,jamming_active
10.467,25,jamming_active
10.468,25,jamming_active
10.469,25,jamming_active
10.47,25,jamming_active
10.471,25,jamming_active
10.472,25,jamming_active
10.473,25,jamming_active
10.474,25,jamming_active
10.475,25,jamming_active
10.476,25,jamming_active
10.477,25,jamming_active
10.478,25,jamming_active
10.479,25,jamming_active
10.48,25,jamming_active
10.481,25,jamming_active
10.482,25,jamming_active
10.483,25,jamming_active
10.484,25,jamming_active
10.485,25,jamming_active
10.486,25,jamming_active
10.487,25,jamming_active
10.488,25,jamming_active
10.489,25,jamming_active
10.49,25,jamming_active
10.491,25,jamming_active
10.492,25,jamming_active
10.493,25,jamming_active
10.494,25,jamming_active
10.495,25,jamming_active
10.496,25,jamming_active
10.497,25,jamming_active
10.498,25,jamming_active
10.499,25,jamming_active
10.5,25,jamming_active
10.501,25,jamming_active
10.502,25,jamming_active
10.503,25,jamming_active
10.504,25,jamming_active
10.505,25,jamming_active
10.506,25,jamming_active
10.507,25,jamming_active
10.508,25,jamming_active
10.509,25,jamming_active
10.51,25,jamming_active
10.511,25,jamming_active
10.512,25,jamming_active
10.513,25,jamming_active
10.514,25,jamming_active
10.515,25,jamming_active
10.516,25,jamming_active
10.517,25,jamming_active
10.518,25,jamming_active
10.519,25,jamming_active
10.52,25,jamming_active
10.521,25,jamming_active
10.522,25,jamming_active
10.523,25,jamming_active
10.524,25,jamming_active
10.525,25,jamming_active
10.526,25,jamming_active
10.527,25,jamming_active
10.528,25,jamming_active
10.529,25,jamming_active
10.53,25,jamming_active
10.531,25,jamming_active
10.532,25,jamming_active
10.533,25,jamming_active
10.534,25,jamming_active
10.535,25,jamming_active
10.536,25,jamming_active
10.537,25,jamming_active
10.538,25,jamming_active
10.539,25,jamming_active
10.54,25,jamming_active
10.541,25,jamming_active
10.542,25,jamming_active
10.543,25,jamming_active
10.544,25,jamming_active
10.545,25,jamming_active
10.546,25,jamming_active
10.547,25,jamming_active
10.548,25,jamming_active
10.549,25,jamming_active
10.55,25,jamming_active
10.551,25,jamming_active
10.552,25,jamming_active
10.553,25,jamming_active
10.554,25,jamming_active
10.555,25,jamming_active
10.556,25,jamming_active
10.557,25,jamming_active
10.558,25,jamming_active
10.559,25,jamming_active
10.56,25,jamming_active
10.561,25,jamming_active
10.562,25,jamming_active
10.563,25,jamming_active
10.564,25,jamming_active
10.565,25,jamming_active
10.566,25,jamming_active
10.567,25,jamming_active
10.568,25,jamming_active
10.569,25,jamming_active
10.57,25,jamming_active
10.571,25,jamming_active
10.572,25,jamming_active
10.573,25,jamming_active
10.574,25,jamming_active
10.575,25,jamming_active
10.576,25,jamming_active
10.577,25,jamming_active
10.578,25,jamming_active
10.579,25,jamming_active
10.58,25,jamming_active
10.581,25,jamming_active
10.582,25,jamming_active
10.583,25,jamming_active
10.584,25,jamming_active
10.585,25,jamming_active
10.586,25,jamming_active
10.587,25,jamming_active
10.588,25,jamming_active
10.589,25,jamming_active
10.59,25,jamming_active
10.591,25,jamming_active
10.592,25,jamming_active
10.593,25,jamming_active
10.594,25,jamming_active
10.595,25,jamming_active
10.596,25,jamming_active
10.597,25,jamming_active
10.598,25,jamming_active
10.599,25,jamming_active
10.6,25,jamming_active
10.601,25,jamming_active
10.602,25,jamming_active
10.603,25,jamming_active
10.604,25,jamming_active
10.605,25,jamming_active
10.606,25,jamming_active
10.607,25,jamming_active
10.608,25,jamming_active
10.609,25,jamming_active
10.61,25,jamming_active
10.611,25,jamming_active
10.612,25,jamming_active
10.613,25,jamming_active
10.614,25,jamming_active
10.615,25,jamming_active
10.616,25,jamming_active
10.617,25,jamming_active
10.618,25,jamming_active
10.619,25,jamming_active
10.62,25,jamming_active
10.621,25,jamming_active
10.622,25,jamming_active
10.623,25,jamming_active
10.624,25,jamming_active
10.625,25,jamming_active
10.626,25,jamming_active
10.627,25,jamming_active
10.628,25,jamming_active
10.629,25,jamming_active
10.63,25,jamming_active
10.631,25,jamming_active
10.632,25,jamming_active
10.633,25,jamming_active
10.634,25,jamming_active
10.635,25,jamming_active
10.636,25,jamming_active
10.637,25,jamming_active
10.638,25,jamming_active
10.639,25,jamming_active
10.64,25,jamming_active
10.641,25,jamming_active
10.642,25,jamming_active
10.643,25,jamming_active
10.644,25,jamming_active
10.645,25,jamming_active
10.646,25,jamming_active
10.647,25,jamming_active
10.648,25,jamming_active
10.649,25,jamming_active
10.65,25,jamming_active
10.651,25,jamming_active
10.652,25,jamming_active
10.653,25,jamming_active
10.654,25,jamming_active
10.655,25,jamming_active
10.656,25,jamming_active
10.657,25,jamming_active
10.658,25,jamming_active
10.659,25,jamming_active
10.66,25,jamming_active
10.661,25,jamming_active
10.662,25,jamming_active
10.663,25,jamming_active
10.664,25,jamming_active
10.665,25,jamming_active
10.666,25,jamming_active
10.667,25,jamming_active
10.668,25,jamming_active
10.669,25,jamming_active
10.67,25,jamming_active
10.671,25,jamming_active
10.672,25,jamming_active
10.673,25,jamming_active
10.674,25,jamming_active
10.675,25,jamming_active
10.676,25,jamming_active
10.677,25,jamming_active
10.678,25,jamming_active
10.679,25,jamming_active
10.68,25,jamming_active
10.681,25,jamming_active
10.682,25,jamming_active
10.683,25,jamming_active
10.684,25,jamming_active
10.685,25,jamming_active
10.686,25,jamming_active
10.687,25,jamming_active
10.688,25,jamming_active
10.689,25,jamming_active
10.69,25,jamming_active
10.691,25,jamming_active
10.692,25,jamming_active
10.693,25,jamming_active
10.694,25,jamming_active
10.695,25,jamming_active
10.696,25,jamming_active
10.697,25,jamming_active
10.698,25,jamming_active
10.699,25,jamming_active
10.7,25,jamming_active
10.701,25,jamming_active
10.702,25,jamming_active
10.703,25,jamming_active
10.704,25,jamming_active
10.705,25,jamming_active
10.706,25,jamming_active
10.707,25,jamming_active
10.708,25,jamming_active
10.709,25,jamming_active
10.71,25,jamming_active
10.711,25,jamming_active
10.712,25,jamming_active
10.713,25,jamming_active
10.714,25,jamming_active
10.715,25,jamming_active
10.716,25,jamming_active
10.717,25,jamming_active
10.718,25,jamming_active
10.719,25,jamming_active
10.72,25,jamming_active
10.721,25,jamming_active
10.722,25,jamming_active
10.723,25,jamming_active
10.724,25,jamming_active
10.725,25,jamming_active
10.726,25,jamming_active
10.727,25,jamming_active
10.728,25,jamming_active
10.729,25,jamming_active
10.73,25,jamming_active
10.731,25,jamming_active
10.732,25,jamming_active
10.733,25,jamming_active
10.734,25,jamming_active
10.735,25,jamming_active
10.736,25,jamming_active
10.737,25,jamming_active
10.738,25,jamming_active
10.739,25,jamming_active
10.74,25,jamming_active
10.741,25,jamming_active
10.742,25,jamming_active
10.743,25,jamming_active
10.744,25,jamming_active
10.745,25,jamming_active
10.746,25,jamming_active
10.747,25,jamming_active
10.748,25,jamming_active
10.749,25,jamming_active
10.75,25,jamming_active
10.751,25,jamming_active
10.752,25,jamming_active
10.753,25,jamming_active
10.754,25,jamming_active
10.755,25,jamming_active
10.756,25,jamming_active
10.757,25,jamming_active
10.758,25,jamming_active
10.759,25,jamming_active
10.76,25,jamming_active
10.761,25,jamming_active
10.762,25,jamming_active
10.763,25,jamming_active
10.764,25,jamming_active
10.765,25,jamming_active
10.766,25,jamming_active
10.767,25,jamming_active
10.768,25,jamming_active
10.769,25,jamming_active
10.77,25,jamming_active
10.771,25,jamming_active
10.772,25,jamming_active
10.773,25,jamming_active
10.774,25,jamming_active
10.775,25,jamming_active
10.776,25,jamming_active
10.777,25,jamming_active
10.778,25,jamming_active
10.779,25,jamming_active
10.78,25,jamming_active
10.781,25,jamming_active
10.782,25,jamming_active
10.783,25,jamming_active
10.784,25,jamming_active
10.785,25,jamming_active
10.786,25,jamming_active
10.787,25,jamming_active
10.788,25,jamming_active
10.789,25,jamming_active
10.79,25,jamming_active
10.791,25,jamming_active
10.792,25,jamming_active
10.793,25,jamming_active
10.794,25,jamming_active
10.795,25,jamming_active
10.796,25,jamming_active
10.797,25,jamming_active
10.798,25,jamming_active
10.799,25,jamming_active
10.8,25,jamming_active
10.801,25,jamming_active
10.802,25,jamming_active
10.803,25,jamming_active
10.804,25,jamming_active
10.805,25,jamming_active
10.806,25,jamming_active
10.807,25,jamming_active
10.808,25,jamming_active
10.809,25,jamming_active
10.81,25,jamming_active
10.811,25,jamming_active
10.812,25,jamming_active
10.813,25,jamming_active
10.814,25,jamming_active
10.815,25,jamming_active
10.816,25,jamming_active
10.817,25,jamming_active
10.818,25,jamming_active
10.819,25,jamming_active
10.82,25,jamming_active
10.821,25,jamming_active
10.822,25,jamming_active
10.823,25,jamming_active
10.824,25,jamming_active
10.825,25,jamming_active
10.826,25,jamming_active
10.827,25,jamming_active
10.828,25,jamming_active
10.829,25,jamming_active
10.83,25,jamming_active
10.831,25,jamming_active
10.832,25,jamming_active
10.833,25,jamming_active
10.834,25,jamming_active
10.835,25,jamming_active
10.836,25,jamming_active
10.837,25,jamming_active
10.838,25,jamming_active
10.839,25,jamming_active
10.84,25,jamming_active
10.841,25,jamming_active
10.842,25,jamming_active
10.843,25,jamming_active
10.844,25,jamming_active
10.845,25,jamming_active
10.846,25,jamming_active
10.847,25,jamming_active
10.848,25,jamming_active
10.849,25,jamming_active
10.85,25,jamming_active
10.851,25,jamming_active
10.852,25,jamming_active
10.853,25,jamming_active
10.854,25,jamming_active
10.855,25,jamming_active
10.856,25,jamming_active
10.857,25,jamming_active
10.858,25,jamming_active
10.859,25,jamming_active
10.86,25,jamming_active
10.861,25,jamming_active
10.862,25,jamming_active
10.863,25,jamming_active
10.864,25,jamming_active
10.865,25,jamming_active
10.866,25,jamming_active
10.867,25,jamming_active
10.868,25,jamming_active
10.869,25,jamming_active
10.87,25,jamming_active
10.871,25,jamming_active
10.872,25,jamming_active
10.873,25,jamming_active
10.874,25,jamming_active
10.875,25,jamming_active
10.876,25,jamming_active
10.877,25,jamming_active
10.878,25,jamming_active
10.879,25,jamming_active
10.88,25,jamming_active
10.881,25,jamming_active
10.882,25,jamming_active
10.883,25,jamming_active
10.884,25,jamming_active
10.885,25,jamming_active
10.886,25,jamming_active
10.887,25,jamming_active
10.888,25,jamming_active
10.889,25,jamming_active
10.89,25,jamming_active
10.891,25,jamming_active
10.892,25,jamming_active
10.893,25,jamming_active
10.894,25,jamming_active
10.895,25,jamming_active
10.896,25,jamming_active
10.897,25,jamming_active
10.898,25,jamming_active
10.899,25,jamming_active
10.9,25,jamming_active
10.901,25,jamming_active
10.902,25,jamming_active
10.903,25,jamming_active
10.904,25,jamming_active
10.905,25,jamming_active
10.906,25,jamming_active
10.907,25,jamming_active
10.908,25,jamming_active
10.909,25,jamming_active
10.91,25,jamming_active
10.911,25,jamming_active
10.912,25,jamming_active
10.913,25,jamming_active
10.914,25,jamming_active
10.915,25,jamming_active
10.916,25,jamming_active
10.917,25,jamming_active
10.918,25,jamming_active
10.919,25,jamming_active
10.92,25,jamming_active
10.921,25,jamming_active
10.922,25,jamming_active
10.923,25,jamming_active
10.924,25,jamming_active
10.925,25,jamming_active
10.926,25,jamming_active
10.927,25,jamming_active
10.928,25,jamming_active
10.929,25,jamming_active
10.93,25,jamming_active
10.931,25,jamming_active
10.932,25,jamming_active
10.933,25,jamming_active
10.934,25,jamming_active
10.935,25,jamming_active
10.936,25,jamming_active
10.937,25,jamming_active
10.938,25,jamming_active
10.939,25,jamming_active
10.94,25,jamming_active
10.941,25,jamming_active
10.942,25,jamming_active
10.943,25,jamming_active
10.944,25,jamming_active
10.945,25,jamming_active
10.946,25,jamming_active
10.947,25,jamming_active
10.948,25,jamming_active
10.949,25,jamming_active
10.95,25,jamming_active
10.951,25,jamming_active
10.952,25,jamming_active
10.953,25,jamming_active
10.954,25,jamming_active
10.955,25,jamming_active
10.956,25,jamming_active
10.957,25,jamming_active
10.958,25,jamming_active
10.959,25,jamming_active
10.96,25,jamming_active
10.961,25,jamming_active
10.962,25,jamming_active
10.963,25,jamming_active
10.964,25,jamming_active
10.965,25,jamming_active
10.966,25,jamming_active
10.967,25,jamming_active
10.968,25,jamming_active
10.969,25,jamming_active
10.97,25,jamming_active
10.971,25,jamming_active
10.972,25,jamming_active
10.973,25,jamming_active
10.974,25,jamming_active
10.975,25,jamming_active
10.976,25,jamming_active
10.977,25,jamming_active
10.978,25,jamming_active
10.979,25,jamming_active
10.98,25,jamming_active
10.981,25,jamming_active
10.982,25,jamming_active
10.983,25,jamming_active
10.984,25,jamming_active
10.985,25,jamming_active
10.986,25,jamming_active
10.987,25,jamming_active
10.988,25,jamming_active
10.989,25,jamming_active
10.99,25,jamming_active
10.991,25,jamming_active
10.992,25,jamming_active
10.993,25,jamming_active
10.994,25,jamming_active
10.995,25,jamming_active
10.996,25,jamming_active
10.997,25,jamming_active
10.998,25,jamming_active
10.999,25,jamming_active
11,25,jamming_active
11.001,25,jamming_active
11.002,25,jamming_active
11.003,25,jamming_active
11.004,25,jamming_active
11.005,25,jamming_active
11.006,25,jamming_active
11.007,25,jamming_active
11.008,25,jamming_active
11.009,25,jamming_active
11.01,25,jamming_active
11.011,25,jamming_active
11.012,25,jamming_active
11.013,25,jamming_active
11.014,25,jamming_active
11.015,25,jamming_active
11.016,25,jamming_active
11.017,25,jamming_active
11.018,25,jamming_active
11.019,25,jamming_active
11.02,25,jamming_active
11.021,25,jamming_active
11.022,25,jamming_active
11.023,25,jamming_active
11.024,25,jamming_active
11.025,25,jamming_active
11.026,25,jamming_active
11.027,25,jamming_active
11.028,25,jamming_active
11.029,25,jamming_active
11.03,25,jamming_active
11.031,25,jamming_active
11.032,25,jamming_active
11.033,25,jamming_active
11.034,25,jamming_active
11.035,25,jamming_active
11.036,25,jamming_active
11.037,25,jamming_active
11.038,25,jamming_active
11.039,25,jamming_active
11.04,25,jamming_active
11.041,25,jamming_active
11.042,25,jamming_active
11.043,25,jamming_active
11.044,25,jamming_active
11.045,25,jamming_active
11.046,25,jamming_active
11.047,25,jamming_active
11.048,25,jamming_active
11.049,25,jamming_active
11.05,25,jamming_active
11.051,25,jamming_active
11.052,25,jamming_active
11.053,25,jamming_active
11.054,25,jamming_active
11.055,25,jamming_active
11.056,25,jamming_active
11.057,25,jamming_active
11.058,25,jamming_active
11.059,25,jamming_active
11.06,25,jamming_active
11.061,25,jamming_active
11.062,25,jamming_active
11.063,25,jamming_active
11.064,25,jamming_active
11.065,25,jamming_active
11.066,25,jamming_active
11.067,25,jamming_active
11.068,25,jamming_active
11.069,25,jamming_active
11.07,25,jamming_active
11.071,25,jamming_active
11.072,25,jamming_active
11.073,25,jamming_active
11.074,25,jamming_active
11.075,25,jamming_active
11.076,25,jamming_active
11.077,25,jamming_active
11.078,25,jamming_active
11.079,25,jamming_active
11.08,25,jamming_active
11.081,25,jamming_active
11.082,25,jamming_active
11.083,25,jamming_active
11.084,25,jamming_active
11.085,25,jamming_active
11.086,25,jamming_active
11.087,25,jamming_active
11.088,25,jamming_active
11.089,25,jamming_active
11.09,25,jamming_active
11.091,25,jamming_active
11.092,25,jamming_active
11.093,25,jamming_active
11.094,25,jamming_active
11.095,25,jamming_active
11.096,25,jamming_active
11.097,25,jamming_active
11.098,25,jamming_active
11.099,25,jamming_active
11.1,25,jamming_active
11.101,25,jamming_active
11.102,25,jamming_active
11.103,25,jamming_active
11.104,25,jamming_active
11.105,25,jamming_active
11.106,25,jamming_active
11.107,25,jamming_active
11.108,25,jamming_active
11.109,25,jamming_active
11.11,25,jamming_active
11.111,25,jamming_active
11.112,25,jamming_active
11.113,25,jamming_active
11.114,25,jamming_active
11.115,25,jamming_active
11.116,25,jamming_active
11.117,25,jamming_active
11.118,25,jamming_active
11.119,25,jamming_active
11.12,25,jamming_active
11.121,25,jamming_active
11.122,25,jamming_active
11.123,25,jamming_active
11.124,25,jamming_active
11.125,25,jamming_active
11.126,25,jamming_active
11.127,25,jamming_active
11.128,25,jamming_active
11.129,25,jamming_active
11.13,25,jamming_active
11.131,25,jamming_active
11.132,25,jamming_active
11.133,25,jamming_active
11.134,25,jamming_active
11.135,25,jamming_active
11.136,25,jamming_active
11.137,25,jamming_active
11.138,25,jamming_active
11.139,25,jamming_active
11.14,25,jamming_active
11.141,25,jamming_active
11.142,25,jamming_active
11.143,25,jamming_active
11.144,25,jamming_active
11.145,25,jamming_active
11.146,25,jamming_active
11.147,25,jamming_active
11.148,25,jamming_active
11.149,25,jamming_active
11.15,25,jamming_active
11.151,25,jamming_active
11.152,25,jamming_active
11.153,25,jamming_active
11.154,25,jamming_active
11.155,25,jamming_active
11.156,25,jamming_active
11.157,25,jamming_active
11.158,25,jamming_active
11.159,25,jamming_active
11.16,25,jamming_active
11.161,25,jamming_active
11.162,25,jamming_active
11.163,25,jamming_active
11.164,25,jamming_active
11.165,25,jamming_active
11.166,25,jamming_active
11.167,25,jamming_active
11.168,25,jamming_active
11.169,25,jamming_active
11.17,25,jamming_active
11.171,25,jamming_active
11.172,25,jamming_active
11.173,25,jamming_active
11.174,25,jamming_active
11.175,25,jamming_active
11.176,25,jamming_active
11.177,25,jamming_active
11.178,25,jamming_active
11.179,25,jamming_active
11.18,25,jamming_active
11.181,25,jamming_active
11.182,25,jamming_active
11.183,25,jamming_active
11.184,25,jamming_active
11.185,25,jamming_active
11.186,25,jamming_active
11.187,25,jamming_active
11.188,25,jamming_active
11.189,25,jamming_active
11.19,25,jamming_active
11.191,25,jamming_active
11.192,25,jamming_active
11.193,25,jamming_active
11.194,25,jamming_active
11.195,25,jamming_active
11.196,25,jamming_active
11.197,25,jamming_active
11.198,25,jamming_active
11.199,25,jamming_active
11.2,25,jamming_active
11.201,25,jamming_active
11.202,25,jamming_active
11.203,25,jamming_active
11.204,25,jamming_active
11.205,25,jamming_active
11.206,25,jamming_active
11.207,25,jamming_active
11.208,25,jamming_active
11.209,25,jamming_active
11.21,25,jamming_active
11.211,25,jamming_active
11.212,25,jamming_active
11.213,25,jamming_active
11.214,25,jamming_active
11.215,25,jamming_active
11.216,25,jamming_active
11.217,25,jamming_active
11.218,25,jamming_active
11.219,25,jamming_active
11.22,25,jamming_active
11.221,25,jamming_active
11.222,25,jamming_active
11.223,25,jamming_active
11.224,25,jamming_active
11.225,25,jamming_active
11.226,25,jamming_active
11.227,25,jamming_active
11.228,25,jamming_active
11.229,25,jamming_active
11.23,25,jamming_active
11.231,25,jamming_active
11.232,25,jamming_active
11.233,25,jamming_active
11.234,25,jamming_active
11.235,25,jamming_active
11.236,25,jamming_active
11.237,25,jamming_active
11.238,25,jamming_active
11.239,25,jamming_active
11.24,25,jamming_active
11.241,25,jamming_active
11.242,25,jamming_active
11.243,25,jamming_active
11.244,25,jamming_active
11.245,25,jamming_active
11.246,25,jamming_active
11.247,25,jamming_active
11.248,25,jamming_active
11.249,25,jamming_active
11.25,25,jamming_active
11.251,25,jamming_active
11.252,25,jamming_active
11.253,25,jamming_active
11.254,25,jamming_active
11.255,25,jamming_active
11.256,25,jamming_active
11.257,25,jamming_active
11.258,25,jamming_active
11.259,25,jamming_active
11.26,25,jamming_active
11.261,25,jamming_active
11.262,25,jamming_active
11.263,25,jamming_active
11.264,25,jamming_active
11.265,25,jamming_active
11.266,25,jamming_active
11.267,25,jamming_active
11.268,25,jamming_active
11.269,25,jamming_active
11.27,25,jamming_active
11.271,25,jamming_active
11.272,25,jamming_active
11.273,25,jamming_active
11.274,25,jamming_active
11.275,25,jamming_active
11.276,25,jamming_active
11.277,25,jamming_active
11.278,25,jamming_active
11.279,25,jamming_active
11.28,25,jamming_active
11.281,25,jamming_active
11.282,25,jamming_active
11.283,25,jamming_active
11.284,25,jamming_active
11.285,25,jamming_active
11.286,25,jamming_active
11.287,25,jamming_active
11.288,25,jamming_active
11.289,25,jamming_active
11.29,25,jamming_active
11.291,25,jamming_active
11.292,25,jamming_active
11.293,25,jamming_active
11.294,25,jamming_active
11.295,25,jamming_active
11.296,25,jamming_active
11.297,25,jamming_active
11.298,25,jamming_active
11.299,25,jamming_active
11.3,25,jamming_active
11.301,25,jamming_active
11.302,25,jamming_active
11.303,25,jamming_active
11.304,25,jamming_active
11.305,25,jamming_active
11.306,25,jamming_active
11.307,25,jamming_active
11.308,25,jamming_active
11.309,25,jamming_active
11.31,25,jamming_active
11.311,25,jamming_active
11.312,25,jamming_active
11.313,25,jamming_active
11.314,25,jamming_active
11.315,25,jamming_active
11.316,25,jamming_active
11.317,25,jamming_active
11.318,25,jamming_active
11.319,25,jamming_active
11.32,25,jamming_active
11.321,25,jamming_active
11.322,25,jamming_active
11.323,25,jamming_active
11.324,25,jamming_active
11.325,25,jamming_active
11.326,25,jamming_active
11.327,25,jamming_active
11.328,25,jamming_active
11.329,25,jamming_active
11.33,25,jamming_active
11.331,25,jamming_active
11.332,25,jamming_active
11.333,25,jamming_active
11.334,25,jamming_active
11.335,25,jamming_active
11.336,25,jamming_active
11.337,25,jamming_active
11.338,25,jamming_active
11.339,25,jamming_active
11.34,25,jamming_active
11.341,25,jamming_active
11.342,25,jamming_active
11.343,25,jamming_active
11.344,25,jamming_active
11.345,25,jamming_active
11.346,25,jamming_active
11.347,25,jamming_active
11.348,25,jamming_active
11.349,25,jamming_active
11.35,25,jamming_active
11.351,25,jamming_active
11.352,25,jamming_active
11.353,25,jamming_active
11.354,25,jamming_active
11.355,25,jamming_active
11.356,25,jamming_active
11.357,25,jamming_active
11.358,25,jamming_active
11.359,25,jamming_active
11.36,25,jamming_active
11.361,25,jamming_active
11.362,25,jamming_active
11.363,25,jamming_active
11.364,25,jamming_active
11.365,25,jamming_active
11.366,25,jamming_active
11.367,25,jamming_active
11.368,25,jamming_active
11.369,25,jamming_active
11.37,25,jamming_active
11.371,25,jamming_active
11.372,25,jamming_active
11.373,25,jamming_active
11.374,25,jamming_active
11.375,25,jamming_active
11.376,25,jamming_active
11.377,25,jamming_active
11.378,25,jamming_active
11.379,25,jamming_active
11.38,25,jamming_active
11.381,25,jamming_active
11.382,25,jamming_active
11.383,25,jamming_active
11.384,25,jamming_active
11.385,25,jamming_active
11.386,25,jamming_active
11.387,25,jamming_active
11.388,25,jamming_active
11.389,25,jamming_active
11.39,25,jamming_active
11.391,25,jamming_active
11.392,25,jamming_active
11.393,25,jamming_active
11.394,25,jamming_active
11.395,25,jamming_active
11.396,25,jamming_active
11.397,25,jamming_active
11.398,25,jamming_active
11.399,25,jamming_active
11.4,25,jamming_active
11.401,25,jamming_active
11.402,25,jamming_active
11.403,25,jamming_active
11.404,25,jamming_active
11.405,25,jamming_active
11.406,25,jamming_active
11.407,25,jamming_active
11.408,25,jamming_active
11.409,25,jamming_active
11.41,25,jamming_active
11.411,25,jamming_active
11.412,25,jamming_active
11.413,25,jamming_active
11.414,25,jamming_active
11.415,25,jamming_active
11.416,25,jamming_active
11.417,25,jamming_active
11.418,25,jamming_active
11.419,25,jamming_active
11.42,25,jamming_active
11.421,25,jamming_active
11.422,25,jamming_active
11.423,25,jamming_active
11.424,25,jamming_active
11.425,25,jamming_active
11.426,25,jamming_active
11.427,25,jamming_active
11.428,25,jamming_active
11.429,25,jamming_active
11.43,25,jamming_active
11.431,25,jamming_active
11.432,25,jamming_active
11.433,25,jamming_active
11.434,25,jamming_active
11.435,25,jamming_active
11.436,25,jamming_active
11.437,25,jamming_active
11.438,25,jamming_active
11.439,25,jamming_active
11.44,25,jamming_active
11.441,25,jamming_active
11.442,25,jamming_active
11.443,25,jamming_active
11.444,25,jamming_active
11.445,25,jamming_active
11.446,25,jamming_active
11.447,25,jamming_active
11.448,25,jamming_active
11.449,25,jamming_active
11.45,25,jamming_active
11.451,25,jamming_active
11.452,25,jamming_active
11.453,25,jamming_active
11.454,25,jamming_active
11.455,25,jamming_active
11.456,25,jamming_active
11.457,25,jamming_active
11.458,25,jamming_active
11.459,25,jamming_active
11.46,25,jamming_active
11.461,25,jamming_active
11.462,25,jamming_active
11.463,25,jamming_active
11.464,25,jamming_active
11.465,25,jamming_active
11.466,25,jamming_active
11.467,25,jamming_active
11.468,25,jamming_active
11.469,25,jamming_active
11.47,25,jamming_active
11.471,25,jamming_active
11.472,25,jamming_active
11.473,25,jamming_active
11.474,25,jamming_active
11.475,25,jamming_active
11.476,25,jamming_active
11.477,25,jamming_active
11.478,25,jamming_active
11.479,25,jamming_active
11.48,25,jamming_active
11.481,25,jamming_active
11.482,25,jamming_active
11.483,25,jamming_active
11.484,25,jamming_active
11.485,25,jamming_active
11.486,25,jamming_active
11.487,25,jamming_active
11.488,25,jamming_active
11.489,25,jamming_active
11.49,25,jamming_active
11.491,25,jamming_active
11.492,25,jamming_active
11.493,25,jamming_active
11.494,25,jamming_active
11.495,25,jamming_active
11.496,25,jamming_active
11.497,25,jamming_active
11.498,25,jamming_active
11.499,25,jamming_active
11.5,25,jamming_active
11.501,25,jamming_active
11.502,25,jamming_active
11.503,25,jamming_active
11.504,25,jamming_active
11.505,25,jamming_active
11.506,25,jamming_active
11.507,25,jamming_active
11.508,25,jamming_active
11.509,25,jamming_active
11.51,25,jamming_active
11.511,25,jamming_active
11.512,25,jamming_active
11.513,25,jamming_active
11.514,25,jamming_active
11.515,25,jamming_active
11.516,25,jamming_active
11.517,25,jamming_active
11.518,25,jamming_active
11.519,25,jamming_active
11.52,25,jamming_active
11.521,25,jamming_active
11.522,25,jamming_active
11.523,25,jamming_active
11.524,25,jamming_active
11.525,25,jamming_active
11.526,25,jamming_active
11.527,25,jamming_active
11.528,25,jamming_active
11.529,25,jamming_active
11.53,25,jamming_active
11.531,25,jamming_active
11.532,25,jamming_active
11.533,25,jamming_active
11.534,25,jamming_active
11.535,25,jamming_active
11.536,25,jamming_active
11.537,25,jamming_active
11.538,25,jamming_active
11.539,25,jamming_active
11.54,25,jamming_active
11.541,25,jamming_active
11.542,25,jamming_active
11.543,25,jamming_active
11.544,25,jamming_active
11.545,25,jamming_active
11.546,25,jamming_active
11.547,25,jamming_active
11.548,25,jamming_active
11.549,25,jamming_active
11.55,25,jamming_active
11.551,25,jamming_active
11.552,25,jamming_active
11.553,25,jamming_active
11.554,25,jamming_active
11.555,25,jamming_active
11.556,25,jamming_active
11.557,25,jamming_active
11.558,25,jamming_active
11.559,25,jamming_active
11.56,25,jamming_active
11.561,25,jamming_active
11.562,25,jamming_active
11.563,25,jamming_active
11.564,25,jamming_active
11.565,25,jamming_active
11.566,25,jamming_active
11.567,25,jamming_active
11.568,25,jamming_active
11.569,25,jamming_active
11.57,25,jamming_active
11.571,25,jamming_active
11.572,25,jamming_active
11.573,25,jamming_active
11.574,25,jamming_active
11.575,25,jamming_active
11.576,25,jamming_active
11.577,25,jamming_active
11.578,25,jamming_active
11.579,25,jamming_active
11.58,25,jamming_active
11.581,25,jamming_active
11.582,25,jamming_active
11.583,25,jamming_active
11.584,25,jamming_active
11.585,25,jamming_active
11.586,25,jamming_active
11.587,25,jamming_active
11.588,25,jamming_active
11.589,25,jamming_active
11.59,25,jamming_active
11.591,25,jamming_active
11.592,25,jamming_active
11.593,25,jamming_active
11.594,25,jamming_active
11.595,25,jamming_active
11.596,25,jamming_active
11.597,25,jamming_active
11.598,25,jamming_active
11.599,25,jamming_active
11.6,25,jamming_active
11.601,25,jamming_active
11.602,25,jamming_active
11.603,25,jamming_active
11.604,25,jamming_active
11.605,25,jamming_active
11.606,25,jamming_active
11.607,25,jamming_active
11.608,25,jamming_active
11.609,25,jamming_active
11.61,25,jamming_active
11.611,25,jamming_active
11.612,25,jamming_active
11.613,25,jamming_active
11.614,25,jamming_active
11.615,25,jamming_active
11.616,25,jamming_active
11.617,25,jamming_active
11.618,25,jamming_active
11.619,25,jamming_active
11.62,25,jamming_active
11.621,25,jamming_active
11.622,25,jamming_active
11.623,25,jamming_active
11.624,25,jamming_active
11.625,25,jamming_active
11.626,25,jamming_active
11.627,25,jamming_active
11.628,25,jamming_active
11.629,25,jamming_active
11.63,25,jamming_active
11.631,25,jamming_active
11.632,25,jamming_active
11.633,25,jamming_active
11.634,25,jamming_active
11.635,25,jamming_active
11.636,25,jamming_active
11.637,25,jamming_active
11.638,25,jamming_active
11.639,25,jamming_active
11.64,25,jamming_active
11.641,25,jamming_active
11.642,25,jamming_active
11.643,25,jamming_active
11.644,25,jamming_active
11.645,25,jamming_active
11.646,25,jamming_active
11.647,25,jamming_active
11.648,25,jamming_active
11.649,25,jamming_active
11.65,25,jamming_active
11.651,25,jamming_active
11.652,25,jamming_active
11.653,25,jamming_active
11.654,25,jamming_active
11.655,25,jamming_active
11.656,25,jamming_active
11.657,25,jamming_active
11.658,25,jamming_active
11.659,25,jamming_active
11.66,25,jamming_active
11.661,25,jamming_active
11.662,25,jamming_active
11.663,25,jamming_active
11.664,25,jamming_active
11.665,25,jamming_active
11.666,25,jamming_active
11.667,25,jamming_active
11.668,25,jamming_active
11.669,25,jamming_active
11.67,25,jamming_active
11.671,25,jamming_active
11.672,25,jamming_active
11.673,25,jamming_active
11.674,25,jamming_active
11.675,25,jamming_active
11.676,25,jamming_active
11.677,25,jamming_active
11.678,25,jamming_active
11.679,25,jamming_active
11.68,25,jamming_active
11.681,25,jamming_active
11.682,25,jamming_active
11.683,25,jamming_active
11.684,25,jamming_active
11.685,25,jamming_active
11.686,25,jamming_active
11.687,25,jamming_active
11.688,25,jamming_active
11.689,25,jamming_active
11.69,25,jamming_active
11.691,25,jamming_active
11.692,25,jamming_active
11.693,25,jamming_active
11.694,25,jamming_active
11.695,25,jamming_active
11.696,25,jamming_active
11.697,25,jamming_active
11.698,25,jamming_active
11.699,25,jamming_active
11.7,25,jamming_active
11.701,25,jamming_active
11.702,25,jamming_active
11.703,25,jamming_active
11.704,25,jamming_active
11.705,25,jamming_active
11.706,25,jamming_active
11.707,25,jamming_active
11.708,25,jamming_active
11.709,25,jamming_active
11.71,25,jamming_active
11.711,25,jamming_active
11.712,25,jamming_active
11.713,25,jamming_active
11.714,25,jamming_active
11.715,25,jamming_active
11.716,25,jamming_active
11.717,25,jamming_active
11.718,25,jamming_active
11.719,25,jamming_active
11.72,25,jamming_active
11.721,25,jamming_active
11.722,25,jamming_active
11.723,25,jamming_active
11.724,25,jamming_active
11.725,25,jamming_active
11.726,25,jamming_active
11.727,25,jamming_active
11.728,25,jamming_active
11.729,25,jamming_active
11.73,25,jamming_active
11.731,25,jamming_active
11.732,25,jamming_active
11.733,25,jamming_active
11.734,25,jamming_active
11.735,25,jamming_active
11.736,25,jamming_active
11.737,25,jamming_active
11.738,25,jamming_active
11.739,25,jamming_active
11.74,25,jamming_active
11.741,25,jamming_active
11.742,25,jamming_active
11.743,25,jamming_active
11.744,25,jamming_active
11.745,25,jamming_active
11.746,25,jamming_active
11.747,25,jamming_active
11.748,25,jamming_active
11.749,25,jamming_active
11.75,25,jamming_active
11.751,25,jamming_active
11.752,25,jamming_active
11.753,25,jamming_active
11.754,25,jamming_active
11.755,25,jamming_active
11.756,25,jamming_active
11.757,25,jamming_active
11.758,25,jamming_active
11.759,25,jamming_active
11.76,25,jamming_active
11.761,25,jamming_active
11.762,25,jamming_active
11.763,25,jamming_active
11.764,25,jamming_active
11.765,25,jamming_active
11.766,25,jamming_active
11.767,25,jamming_active
11.768,25,jamming_active
11.769,25,jamming_active
11.77,25,jamming_active
11.771,25,jamming_active
11.772,25,jamming_active
11.773,25,jamming_active
11.774,25,jamming_active
11.775,25,jamming_active
11.776,25,jamming_active
11.777,25,jamming_active
11.778,25,jamming_active
11.779,25,jamming_active
11.78,25,jamming_active
11.781,25,jamming_active
11.782,25,jamming_active
11.783,25,jamming_active
11.784,25,jamming_active
11.785,25,jamming_active
11.786,25,jamming_active
11.787,25,jamming_active
11.788,25,jamming_active
11.789,25,jamming_active
11.79,25,jamming_active
11.791,25,jamming_active
11.792,25,jamming_active
11.793,25,jamming_active
11.794,25,jamming_active
11.795,25,jamming_active
11.796,25,jamming_active
11.797,25,jamming_active
11.798,25,jamming_active
11.799,25,jamming_active
11.8,25,jamming_active
11.801,25,jamming_active
11.802,25,jamming_active
11.803,25,jamming_active
11.804,25,jamming_active
11.805,25,jamming_active
11.806,25,jamming_active
11.807,25,jamming_active
11.808,25,jamming_active
11.809,25,jamming_active
11.81,25,jamming_active
11.811,25,jamming_active
11.812,25,jamming_active
11.813,25,jamming_active
11.814,25,jamming_active
11.815,25,jamming_active
11.816,25,jamming_active
11.817,25,jamming_active
11.818,25,jamming_active
11.819,25,jamming_active
11.82,25,jamming_active
11.821,25,jamming_active
11.822,25,jamming_active
11.823,25,jamming_active
11.824,25,jamming_active
11.825,25,jamming_active
11.826,25,jamming_active
11.827,25,jamming_active
11.828,25,jamming_active
11.829,25,jamming_active
11.83,25,jamming_active
11.831,25,jamming_active
11.832,25,jamming_active
11.833,25,jamming_active
11.834,25,jamming_active
11.835,25,jamming_active
11.836,25,jamming_active
11.837,25,jamming_active
11.838,25,jamming_active
11.839,25,jamming_active
11.84,25,jamming_active
11.841,25,jamming_active
11.842,25,jamming_active
11.843,25,jamming_active
11.844,25,jamming_active
11.845,25,jamming_active
11.846,25,jamming_active
11.847,25,jamming_active
11.848,25,jamming_active
11.849,25,jamming_active
11.85,25,jamming_active
11.851,25,jamming_active
11.852,25,jamming_active
11.853,25,jamming_active
11.854,25,jamming_active
11.855,25,jamming_active
11.856,25,jamming_active
11.857,25,jamming_active
11.858,25,jamming_active
11.859,25,jamming_active
11.86,25,jamming_active
11.861,25,jamming_active
11.862,25,jamming_active
11.863,25,jamming_active
11.864,25,jamming_active
11.865,25,jamming_active
11.866,25,jamming_active
11.867,25,jamming_active
11.868,25,jamming_active
11.869,25,jamming_active
11.87,25,jamming_active
11.871,25,jamming_active
11.872,25,jamming_active
11.873,25,jamming_active
11.874,25,jamming_active
11.875,25,jamming_active
11.876,25,jamming_active
11.877,25,jamming_active
11.878,25,jamming_active
11.879,25,jamming_active
11.88,25,jamming_active
11.881,25,jamming_active
11.882,25,jamming_active
11.883,25,jamming_active
11.884,25,jamming_active
11.885,25,jamming_active
11.886,25,jamming_active
11.887,25,jamming_active
11.888,25,jamming_active
11.889,25,jamming_active
11.89,25,jamming_active
11.891,25,jamming_active
11.892,25,jamming_active
11.893,25,jamming_active
11.894,25,jamming_active
11.895,25,jamming_active
11.896,25,jamming_active
11.897,25,jamming_active
11.898,25,jamming_active
11.899,25,jamming_active
11.9,25,jamming_active
11.901,25,jamming_active
11.902,25,jamming_active
11.903,25,jamming_active
11.904,25,jamming_active
11.905,25,jamming_active
11.906,25,jamming_active
11.907,25,jamming_active
11.908,25,jamming_active
11.909,25,jamming_active
11.91,25,jamming_active
11.911,25,jamming_active
11.912,25,jamming_active
11.913,25,jamming_active
11.914,25,jamming_active
11.915,25,jamming_active
11.916,25,jamming_active
11.917,25,jamming_active
11.918,25,jamming_active
11.919,25,jamming_active
11.92,25,jamming_active
11.921,25,jamming_active
11.922,25,jamming_active
11.923,25,jamming_active
11.924,25,jamming_active
11.925,25,jamming_active
11.926,25,jamming_active
11.927,25,jamming_active
11.928,25,jamming_active
11.929,25,jamming_active
11.93,25,jamming_active
11.931,25,jamming_active
11.932,25,jamming_active
11.933,25,jamming_active
11.934,25,jamming_active
11.935,25,jamming_active
11.936,25,jamming_active
11.937,25,jamming_active
11.938,25,jamming_active
11.939,25,jamming_active
11.94,25,jamming_active
11.941,25,jamming_active
11.942,25,jamming_active
11.943,25,jamming_active
11.944,25,jamming_active
11.945,25,jamming_active
11.946,25,jamming_active
11.947,25,jamming_active
11.948,25,jamming_active
11.949,25,jamming_active
11.95,25,jamming_active
11.951,25,jamming_active
11.952,25,jamming_active
11.953,25,jamming_active
11.954,25,jamming_active
11.955,25,jamming_active
11.956,25,jamming_active
11.957,25,jamming_active
11.958,25,jamming_active
11.959,25,jamming_active
11.96,25,jamming_active
11.961,25,jamming_active
11.962,25,jamming_active
11.963,25,jamming_active
11.964,25,jamming_active
11.965,25,jamming_active
11.966,25,jamming_active
11.967,25,jamming_active
11.968,25,jamming_active
11.969,25,jamming_active
11.97,25,jamming_active
11.971,25,jamming_active
11.972,25,jamming_active
11.973,25,jamming_active
11.974,25,jamming_active
11.975,25,jamming_active
11.976,25,jamming_active
11.977,25,jamming_active
11.978,25,jamming_active
11.979,25,jamming_active
11.98,25,jamming_active
11.981,25,jamming_active
11.982,25,jamming_active
11.983,25,jamming_active
11.984,25,jamming_active
11.985,25,jamming_active
11.986,25,jamming_active
11.987,25,jamming_active
11.988,25,jamming_active
11.989,25,jamming_active
11.99,25,jamming_active
11.991,25,jamming_active
11.992,25,jamming_active
11.993,25,jamming_active
11.994,25,jamming_active
11.995,25,jamming_active
11.996,25,jamming_active
11.997,25,jamming_active
11.998,25,jamming_active
11.999,25,jamming_active
12,25,jamming_active
12.001,25,jamming_active
12.002,25,jamming_active
12.003,25,jamming_active
12.004,25,jamming_active
12.005,25,jamming_active
12.006,25,jamming_active
12.007,25,jamming_active
12.008,25,jamming_active
12.009,25,jamming_active
12.01,25,jamming_active
12.011,25,jamming_active
12.012,25,jamming_active
12.013,25,jamming_active
12.014,25,jamming_active
12.015,25,jamming_active
12.016,25,jamming_active
12.017,25,jamming_active
12.018,25,jamming_active
12.019,25,jamming_active
12.02,25,jamming_active
12.021,25,jamming_active
12.022,25,jamming_active
12.023,25,jamming_active
12.024,25,jamming_active
12.025,25,jamming_active
12.026,25,jamming_active
12.027,25,jamming_active
12.028,25,jamming_active
12.029,25,jamming_active
12.03,25,jamming_active
12.031,25,jamming_active
12.032,25,jamming_active
12.033,25,jamming_active
12.034,25,jamming_active
12.035,25,jamming_active
12.036,25,jamming_active
12.037,25,jamming_active
12.038,25,jamming_active
12.039,25,jamming_active
12.04,25,jamming_active
12.041,25,jamming_active
12.042,25,jamming_active
12.043,25,jamming_active
12.044,25,jamming_active
12.045,25,jamming_active
12.046,25,jamming_active
12.047,25,jamming_active
12.048,25,jamming_active
12.049,25,jamming_active
12.05,25,jamming_active
12.051,25,jamming_active
12.052,25,jamming_active
12.053,25,jamming_active
12.054,25,jamming_active
12.055,25,jamming_active
12.056,25,jamming_active
12.057,25,jamming_active
12.058,25,jamming_active
12.059,25,jamming_active
12.06,25,jamming_active
12.061,25,jamming_active
12.062,25,jamming_active
12.063,25,jamming_active
12.064,25,jamming_active
12.065,25,jamming_active
12.066,25,jamming_active
12.067,25,jamming_active
12.068,25,jamming_active
12.069,25,jamming_active
12.07,25,jamming_active
12.071,25,jamming_active
12.072,25,jamming_active
12.073,25,jamming_active
12.074,25,jamming_active
12.075,25,jamming_active
12.076,25,jamming_active
12.077,25,jamming_active
12.078,25,jamming_active
12.079,25,jamming_active
12.08,25,jamming_active
12.081,25,jamming_active
12.082,25,jamming_active
12.083,25,jamming_active
12.084,25,jamming_active
12.085,25,jamming_active
12.086,25,jamming_active
12.087,25,jamming_active
12.088,25,jamming_active
12.089,25,jamming_active
12.09,25,jamming_active
12.091,25,jamming_active
12.092,25,jamming_active
12.093,25,jamming_active
12.094,25,jamming_active
12.095,25,jamming_active
12.096,25,jamming_active
12.097,25,jamming_active
12.098,25,jamming_active
12.099,25,jamming_active
12.1,25,jamming_active
12.101,25,jamming_active
12.102,25,jamming_active
12.103,25,jamming_active
12.104,25,jamming_active
12.105,25,jamming_active
12.106,25,jamming_active
12.107,25,jamming_active
12.108,25,jamming_active
12.109,25,jamming_active
12.11,25,jamming_active
12.111,25,jamming_active
12.112,25,jamming_active
12.113,25,jamming_active
12.114,25,jamming_active
12.115,25,jamming_active
12.116,25,jamming_active
12.117,25,jamming_active
12.118,25,jamming_active
12.119,25,jamming_active
12.12,25,jamming_active
12.121,25,jamming_active
12.122,25,jamming_active
12.123,25,jamming_active
12.124,25,jamming_active
12.125,25,jamming_active
12.126,25,jamming_active
12.127,25,jamming_active
12.128,25,jamming_active
12.129,25,jamming_active
12.13,25,jamming_active
12.131,25,jamming_active
12.132,25,jamming_active
12.133,25,jamming_active
12.134,25,jamming_active
12.135,25,jamming_active
12.136,25,jamming_active
12.137,25,jamming_active
12.138,25,jamming_active
12.139,25,jamming_active
12.14,25,jamming_active
12.141,25,jamming_active
12.142,25,jamming_active
12.143,25,jamming_active
12.144,25,jamming_active
12.145,25,jamming_active
12.146,25,jamming_active
12.147,25,jamming_active
12.148,25,jamming_active
12.149,25,jamming_active
12.15,25,jamming_active
12.151,25,jamming_active
12.152,25,jamming_active
12.153,25,jamming_active
12.154,25,jamming_active
12.155,25,jamming_active
12.156,25,jamming_active
12.157,25,jamming_active
12.158,25,jamming_active
12.159,25,jamming_active
12.16,25,jamming_active
12.161,25,jamming_active
12.162,25,jamming_active
12.163,25,jamming_active
12.164,25,jamming_active
12.165,25,jamming_active
12.166,25,jamming_active
12.167,25,jamming_active
12.168,25,jamming_active
12.169,25,jamming_active
12.17,25,jamming_active
12.171,25,jamming_active
12.172,25,jamming_active
12.173,25,jamming_active
12.174,25,jamming_active
12.175,25,jamming_active
12.176,25,jamming_active
12.177,25,jamming_active
12.178,25,jamming_active
12.179,25,jamming_active
12.18,25,jamming_active
12.181,25,jamming_active
12.182,25,jamming_active
12.183,25,jamming_active
12.184,25,jamming_active
12.185,25,jamming_active
12.186,25,jamming_active
12.187,25,jamming_active
12.188,25,jamming_active
12.189,25,jamming_active
12.19,25,jamming_active
12.191,25,jamming_active
12.192,25,jamming_active
12.193,25,jamming_active
12.194,25,jamming_active
12.195,25,jamming_active
12.196,25,jamming_active
12.197,25,jamming_active
12.198,25,jamming_active
12.199,25,jamming_active
12.2,25,jamming_active
12.201,25,jamming_active
12.202,25,jamming_active
12.203,25,jamming_active
12.204,25,jamming_active
12.205,25,jamming_active
12.206,25,jamming_active
12.207,25,jamming_active
12.208,25,jamming_active
12.209,25,jamming_active
12.21,25,jamming_active
12.211,25,jamming_active
12.212,25,jamming_active
12.213,25,jamming_active
12.214,25,jamming_active
12.215,25,jamming_active
12.216,25,jamming_active
12.217,25,jamming_active
12.218,25,jamming_active
12.219,25,jamming_active
12.22,25,jamming_active
12.221,25,jamming_active
12.222,25,jamming_active
12.223,25,jamming_active
12.224,25,jamming_active
12.225,25,jamming_active
12.226,25,jamming_active
12.227,25,jamming_active
12.228,25,jamming_active
12.229,25,jamming_active
12.23,25,jamming_active
12.231,25,jamming_active
12.232,25,jamming_active
12.233,25,jamming_active
12.234,25,jamming_active
12.235,25,jamming_active
12.236,25,jamming_active
12.237,25,jamming_active
12.238,25,jamming_active
12.239,25,jamming_active
12.24,25,jamming_active
12.241,25,jamming_active
12.242,25,jamming_active
12.243,25,jamming_active
12.244,25,jamming_active
12.245,25,jamming_active
12.246,25,jamming_active
12.247,25,jamming_active
12.248,25,jamming_active
12.249,25,jamming_active
12.25,25,jamming_active
12.251,25,jamming_active
12.252,25,jamming_active
12.253,25,jamming_active
12.254,25,jamming_active
12.255,25,jamming_active
12.256,25,jamming_active
12.257,25,jamming_active
12.258,25,jamming_active
12.259,25,jamming_active
12.26,25,jamming_active
12.261,25,jamming_active
12.262,25,jamming_active
12.263,25,jamming_active
12.264,25,jamming_active
12.265,25,jamming_active
12.266,25,jamming_active
12.267,25,jamming_active
12.268,25,jamming_active
12.269,25,jamming_active
12.27,25,jamming_active
12.271,25,jamming_active
12.272,25,jamming_active
12.273,25,jamming_active
12.274,25,jamming_active
12.275,25,jamming_active
12.276,25,jamming_active
12.277,25,jamming_active
12.278,25,jamming_active
12.279,25,jamming_active
12.28,25,jamming_active
12.281,25,jamming_active
12.282,25,jamming_active
12.283,25,jamming_active
12.284,25,jamming_active
12.285,25,jamming_active
12.286,25,jamming_active
12.287,25,jamming_active
12.288,25,jamming_active
12.289,25,jamming_active
12.29,25,jamming_active
12.291,25,jamming_active
12.292,25,jamming_active
12.293,25,jamming_active
12.294,25,jamming_active
12.295,25,jamming_active
12.296,25,jamming_active
12.297,25,jamming_active
12.298,25,jamming_active
12.299,25,jamming_active
12.3,25,jamming_active
12.301,25,jamming_active
12.302,25,jamming_active
12.303,25,jamming_active
12.304,25,jamming_active
12.305,25,jamming_active
12.306,25,jamming_active
12.307,25,jamming_active
12.308,25,jamming_active
12.309,25,jamming_active
12.31,25,jamming_active
12.311,25,jamming_active
12.312,25,jamming_active
12.313,25,jamming_active
12.314,25,jamming_active
12.315,25,jamming_active
12.316,25,jamming_active
12.317,25,jamming_active
12.318,25,jamming_active
12.319,25,jamming_active
12.32,25,jamming_active
12.321,25,jamming_active
12.322,25,jamming_active
12.323,25,jamming_active
12.324,25,jamming_active
12.325,25,jamming_active
12.326,25,jamming_active
12.327,25,jamming_active
12.328,25,jamming_active
12.329,25,jamming_active
12.33,25,jamming_active
12.331,25,jamming_active
12.332,25,jamming_active
12.333,25,jamming_active
12.334,25,jamming_active
12.335,25,jamming_active
12.336,25,jamming_active
12.337,25,jamming_active
12.338,25,jamming_active
12.339,25,jamming_active
12.34,25,jamming_active
12.341,25,jamming_active
12.342,25,jamming_active
12.343,25,jamming_active
12.344,25,jamming_active
12.345,25,jamming_active
12.346,25,jamming_active
12.347,25,jamming_active
12.348,25,jamming_active
12.349,25,jamming_active
12.35,25,jamming_active
12.351,25,jamming_active
12.352,25,jamming_active
12.353,25,jamming_active
12.354,25,jamming_active
12.355,25,jamming_active
12.356,25,jamming_active
12.357,25,jamming_active
12.358,25,jamming_active
12.359,25,jamming_active
12.36,25,jamming_active
12.361,25,jamming_active
12.362,25,jamming_active
12.363,25,jamming_active
12.364,25,jamming_active
12.365,25,jamming_active
12.366,25,jamming_active
12.367,25,jamming_active
12.368,25,jamming_active
12.369,25,jamming_active
12.37,25,jamming_active
12.371,25,jamming_active
12.372,25,jamming_active
12.373,25,jamming_active
12.374,25,jamming_active
12.375,25,jamming_active
12.376,25,jamming_active
12.377,25,jamming_active
12.378,25,jamming_active
12.379,25,jamming_active
12.38,25,jamming_active
12.381,25,jamming_active
12.382,25,jamming_active
12.383,25,jamming_active
12.384,25,jamming_active
12.385,25,jamming_active
12.386,25,jamming_active
12.387,25,jamming_active
12.388,25,jamming_active
12.389,25,jamming_active
12.39,25,jamming_active
12.391,25,jamming_active
12.392,25,jamming_active
12.393,25,jamming_active
12.394,25,jamming_active
12.395,25,jamming_active
12.396,25,jamming_active
12.397,25,jamming_active
12.398,25,jamming_active
12.399,25,jamming_active
12.4,25,jamming_active
12.401,25,jamming_active
12.402,25,jamming_active
12.403,25,jamming_active
12.404,25,jamming_active
12.405,25,jamming_active
12.406,25,jamming_active
12.407,25,jamming_active
12.408,25,jamming_active
12.409,25,jamming_active
12.41,25,jamming_active
12.411,25,jamming_active
12.412,25,jamming_active
12.413,25,jamming_active
12.414,25,jamming_active
12.415,25,jamming_active
12.416,25,jamming_active
12.417,25,jamming_active
12.418,25,jamming_active
12.419,25,jamming_active
12.42,25,jamming_active
12.421,25,jamming_active
12.422,25,jamming_active
12.423,25,jamming_active
12.424,25,jamming_active
12.425,25,jamming_active
12.426,25,jamming_active
12.427,25,jamming_active
12.428,25,jamming_active
12.429,25,jamming_active
12.43,25,jamming_active
12.431,25,jamming_active
12.432,25,jamming_active
12.433,25,jamming_active
12.434,25,jamming_active
12.435,25,jamming_active
12.436,25,jamming_active
12.437,25,jamming_active
12.438,25,jamming_active
12.439,25,jamming_active
12.44,25,jamming_active
12.441,25,jamming_active
12.442,25,jamming_active
12.443,25,jamming_active
12.444,25,jamming_active
12.445,25,jamming_active
12.446,25,jamming_active
12.447,25,jamming_active
12.448,25,jamming_active
12.449,25,jamming_active
12.45,25,jamming_active
12.451,25,jamming_active
12.452,25,jamming_active
12.453,25,jamming_active
12.454,25,jamming_active
12.455,25,jamming_active
12.456,25,jamming_active
12.457,25,jamming_active
12.458,25,jamming_active
12.459,25,jamming_active
12.46,25,jamming_active
12.461,25,jamming_active
12.462,25,jamming_active
12.463,25,jamming_active
12.464,25,jamming_active
12.465,25,jamming_active
12.466,25,jamming_active
12.467,25,jamming_active
12.468,25,jamming_active
12.469,25,jamming_active
12.47,25,jamming_active
12.471,25,jamming_active
12.472,25,jamming_active
12.473,25,jamming_active
12.474,25,jamming_active
12.475,25,jamming_active
12.476,25,jamming_active
12.477,25,jamming_active
12.478,25,jamming_active
12.479,25,jamming_active
12.48,25,jamming_active
12.481,25,jamming_active
12.482,25,jamming_active
12.483,25,jamming_active
12.484,25,jamming_active
12.485,25,jamming_active
12.486,25,jamming_active
12.487,25,jamming_active
12.488,25,jamming_active
12.489,25,jamming_active
12.49,25,jamming_active
12.491,25,jamming_active
12.492,25,jamming_active
12.493,25,jamming_active
12.494,25,jamming_active
12.495,25,jamming_active
12.496,25,jamming_active
12.497,25,jamming_active
12.498,25,jamming_active
12.499,25,jamming_active
12.5,25,jamming_active
12.501,25,jamming_active
12.502,25,jamming_active
12.503,25,jamming_active
12.504,25,jamming_active
12.505,25,jamming_active
12.506,25,jamming_active
12.507,25,jamming_active
12.508,25,jamming_active
12.509,25,jamming_active
12.51,25,jamming_active
12.511,25,jamming_active
12.512,25,jamming_active
12.513,25,jamming_active
12.514,25,jamming_active
12.515,25,jamming_active
12.516,25,jamming_active
12.517,25,jamming_active
12.518,25,jamming_active
12.519,25,jamming_active
12.52,25,jamming_active
12.521,25,jamming_active
12.522,25,jamming_active
12.523,25,jamming_active
12.524,25,jamming_active
12.525,25,jamming_active
12.526,25,jamming_active
12.527,25,jamming_active
12.528,25,jamming_active
12.529,25,jamming_active
12.53,25,jamming_active
12.531,25,jamming_active
12.532,25,jamming_active
12.533,25,jamming_active
12.534,25,jamming_active
12.535,25,jamming_active
12.536,25,jamming_active
12.537,25,jamming_active
12.538,25,jamming_active
12.539,25,jamming_active
12.54,25,jamming_active
12.541,25,jamming_active
12.542,25,jamming_active
12.543,25,jamming_active
12.544,25,jamming_active
12.545,25,jamming_active
12.546,25,jamming_active
12.547,25,jamming_active
12.548,25,jamming_active
12.549,25,jamming_active
12.55,25,jamming_active
12.551,25,jamming_active
12.552,25,jamming_active
12.553,25,jamming_active
12.554,25,jamming_active
12.555,25,jamming_active
12.556,25,jamming_active
12.557,25,jamming_active
12.558,25,jamming_active
12.559,25,jamming_active
12.56,25,jamming_active
12.561,25,jamming_active
12.562,25,jamming_active
12.563,25,jamming_active
12.564,25,jamming_active
12.565,25,jamming_active
12.566,25,jamming_active
12.567,25,jamming_active
12.568,25,jamming_active
12.569,25,jamming_active
12.57,25,jamming_active
12.571,25,jamming_active
12.572,25,jamming_active
12.573,25,jamming_active
12.574,25,jamming_active
12.575,25,jamming_active
12.576,25,jamming_active
12.577,25,jamming_active
12.578,25,jamming_active
12.579,25,jamming_active
12.58,25,jamming_active
12.581,25,jamming_active
12.582,25,jamming_active
12.583,25,jamming_active
12.584,25,jamming_active
12.585,25,jamming_active
12.586,25,jamming_active
12.587,25,jamming_active
12.588,25,jamming_active
12.589,25,jamming_active
12.59,25,jamming_active
12.591,25,jamming_active
12.592,25,jamming_active
12.593,25,jamming_active
12.594,25,jamming_active
12.595,25,jamming_active
12.596,25,jamming_active
12.597,25,jamming_active
12.598,25,jamming_active
12.599,25,jamming_active
12.6,25,jamming_active
12.601,25,jamming_active
12.602,25,jamming_active
12.603,25,jamming_active
12.604,25,jamming_active
12.605,25,jamming_active
12.606,25,jamming_active
12.607,25,jamming_active
12.608,25,jamming_active
12.609,25,jamming_active
12.61,25,jamming_active
12.611,25,jamming_active
12.612,25,jamming_active
12.613,25,jamming_active
12.614,25,jamming_active
12.615,25,jamming_active
12.616,25,jamming_active
12.617,25,jamming_active
12.618,25,jamming_active
12.619,25,jamming_active
12.62,25,jamming_active
12.621,25,jamming_active
12.622,25,jamming_active
12.623,25,jamming_active
12.624,25,jamming_active
12.625,25,jamming_active
12.626,25,jamming_active
12.627,25,jamming_active
12.628,25,jamming_active
12.629,25,jamming_active
12.63,25,jamming_active
12.631,25,jamming_active
12.632,25,jamming_active
12.633,25,jamming_active
12.634,25,jamming_active
12.635,25,jamming_active
12.636,25,jamming_active
12.637,25,jamming_active
12.638,25,jamming_active
12.639,25,jamming_active
12.64,25,jamming_active
12.641,25,jamming_active
12.642,25,jamming_active
12.643,25,jamming_active
12.644,25,jamming_active
12.645,25,jamming_active
12.646,25,jamming_active
12.647,25,jamming_active
12.648,25,jamming_active
12.649,25,jamming_active
12.65,25,jamming_active
12.651,25,jamming_active
12.652,25,jamming_active
12.653,25,jamming_active
12.654,25,jamming_active
12.655,25,jamming_active
12.656,25,jamming_active
12.657,25,jamming_active
12.658,25,jamming_active
12.659,25,jamming_active
12.66,25,jamming_active
12.661,25,jamming_active
12.662,25,jamming_active
12.663,25,jamming_active
12.664,25,jamming_active
12.665,25,jamming_active
12.666,25,jamming_active
12.667,25,jamming_active
12.668,25,jamming_active
12.669,25,jamming_active
12.67,25,jamming_active
12.671,25,jamming_active
12.672,25,jamming_active
12.673,25,jamming_active
12.674,25,jamming_active
12.675,25,jamming_active
12.676,25,jamming_active
12.677,25,jamming_active
12.678,25,jamming_active
12.679,25,jamming_active
12.68,25,jamming_active
12.681,25,jamming_active
12.682,25,jamming_active
12.683,25,jamming_active
12.684,25,jamming_active
12.685,25,jamming_active
12.686,25,jamming_active
12.687,25,jamming_active
12.688,25,jamming_active
12.689,25,jamming_active
12.69,25,jamming_active
12.691,25,jamming_active
12.692,25,jamming_active
12.693,25,jamming_active
12.694,25,jamming_active
12.695,25,jamming_active
12.696,25,jamming_active
12.697,25,jamming_active
12.698,25,jamming_active
12.699,25,jamming_active
12.7,25,jamming_active
12.701,25,jamming_active
12.702,25,jamming_active
12.703,25,jamming_active
12.704,25,jamming_active
12.705,25,jamming_active
12.706,25,jamming_active
12.707,25,jamming_active
12.708,25,jamming_active
12.709,25,jamming_active
12.71,25,jamming_active
12.711,25,jamming_active
12.712,25,jamming_active
12.713,25,jamming_active
12.714,25,jamming_active
12.715,25,jamming_active
12.716,25,jamming_active
12.717,25,jamming_active
12.718,25,jamming_active
12.719,25,jamming_active
12.72,25,jamming_active
12.721,25,jamming_active
12.722,25,jamming_active
12.723,25,jamming_active
12.724,25,jamming_active
12.725,25,jamming_active
12.726,25,jamming_active
12.727,25,jamming_active
12.728,25,jamming_active
12.729,25,jamming_active
12.73,25,jamming_active
12.731,25,jamming_active
12.732,25,jamming_active
12.733,25,jamming_active
12.734,25,jamming_active
12.735,25,jamming_active
12.736,25,jamming_active
12.737,25,jamming_active
12.738,25,jamming_active
12.739,25,jamming_active
12.74,25,jamming_active
12.741,25,jamming_active
12.742,25,jamming_active
12.743,25,jamming_active
12.744,25,jamming_active
12.745,25,jamming_active
12.746,25,jamming_active
12.747,25,jamming_active
12.748,25,jamming_active
12.749,25,jamming_active
12.75,25,jamming_active
12.751,25,jamming_active
12.752,25,jamming_active
12.753,25,jamming_active
12.754,25,jamming_active
12.755,25,jamming_active
12.756,25,jamming_active
12.757,25,jamming_active
12.758,25,jamming_active
12.759,25,jamming_active
12.76,25,jamming_active
12.761,25,jamming_active
12.762,25,jamming_active
12.763,25,jamming_active
12.764,25,jamming_active
12.765,25,jamming_active
12.766,25,jamming_active
12.767,25,jamming_active
12.768,25,jamming_active
12.769,25,jamming_active
12.77,25,jamming_active
12.771,25,jamming_active
12.772,25,jamming_active
12.773,25,jamming_active
12.774,25,jamming_active
12.775,25,jamming_active
12.776,25,jamming_active
12.777,25,jamming_active
12.778,25,jamming_active
12.779,25,jamming_active
12.78,25,jamming_active
12.781,25,jamming_active
12.782,25,jamming_active
12.783,25,jamming_active
12.784,25,jamming_active
12.785,25,jamming_active
12.786,25,jamming_active
12.787,25,jamming_active
12.788,25,jamming_active
12.789,25,jamming_active
12.79,25,jamming_active
12.791,25,jamming_active
12.792,25,jamming_active
12.793,25,jamming_active
12.794,25,jamming_active
12.795,25,jamming_active
12.796,25,jamming_active
12.797,25,jamming_active
12.798,25,jamming_active
12.799,25,jamming_active
12.8,25,jamming_active
12.801,25,jamming_active
12.802,25,jamming_active
12.803,25,jamming_active
12.804,25,jamming_active
12.805,25,jamming_active
12.806,25,jamming_active
12.807,25,jamming_active
12.808,25,jamming_active
12.809,25,jamming_active
12.81,25,jamming_active
12.811,25,jamming_active
12.812,25,jamming_active
12.813,25,jamming_active
12.814,25,jamming_active
12.815,25,jamming_active
12.816,25,jamming_active
12.817,25,jamming_active
12.818,25,jamming_active
12.819,25,jamming_active
12.82,25,jamming_active
12.821,25,jamming_active
12.822,25,jamming_active
12.823,25,jamming_active
12.824,25,jamming_active
12.825,25,jamming_active
12.826,25,jamming_active
12.827,25,jamming_active
12.828,25,jamming_active
12.829,25,jamming_active
12.83,25,jamming_active
12.831,25,jamming_active
12.832,25,jamming_active
12.833,25,jamming_active
12.834,25,jamming_active
12.835,25,jamming_active
12.836,25,jamming_active
12.837,25,jamming_active
12.838,25,jamming_active
12.839,25,jamming_active
12.84,25,jamming_active
12.841,25,jamming_active
12.842,25,jamming_active
12.843,25,jamming_active
12.844,25,jamming_active
12.845,25,jamming_active
12.846,25,jamming_active
12.847,25,jamming_active
12.848,25,jamming_active
12.849,25,jamming_active
12.85,25,jamming_active
12.851,25,jamming_active
12.852,25,jamming_active
12.853,25,jamming_active
12.854,25,jamming_active
12.855,25,jamming_active
12.856,25,jamming_active
12.857,25,jamming_active
12.858,25,jamming_active
12.859,25,jamming_active
12.86,25,jamming_active
12.861,25,jamming_active
12.862,25,jamming_active
12.863,25,jamming_active
12.864,25,jamming_active
12.865,25,jamming_active
12.866,25,jamming_active
12.867,25,jamming_active
12.868,25,jamming_active
12.869,25,jamming_active
12.87,25,jamming_active
12.871,25,jamming_active
12.872,25,jamming_active
12.873,25,jamming_active
12.874,25,jamming_active
12.875,25,jamming_active
12.876,25,jamming_active
12.877,25,jamming_active
12.878,25,jamming_active
12.879,25,jamming_active
12.88,25,jamming_active
12.881,25,jamming_active
12.882,25,jamming_active
12.883,25,jamming_active
12.884,25,jamming_active
12.885,25,jamming_active
12.886,25,jamming_active
12.887,25,jamming_active
12.888,25,jamming_active
12.889,25,jamming_active
12.89,25,jamming_active
12.891,25,jamming_active
12.892,25,jamming_active
12.893,25,jamming_active
12.894,25,jamming_active
12.895,25,jamming_active
12.896,25,jamming_active
12.897,25,jamming_active
12.898,25,jamming_active
12.899,25,jamming_active
12.9,25,jamming_active
12.901,25,jamming_active
12.902,25,jamming_active
12.903,25,jamming_active
12.904,25,jamming_active
12.905,25,jamming_active
12.906,25,jamming_active
12.907,25,jamming_active
12.908,25,jamming_active
12.909,25,jamming_active
12.91,25,jamming_active
12.911,25,jamming_active
12.912,25,jamming_active
12.913,25,jamming_active
12.914,25,jamming_active
12.915,25,jamming_active
12.916,25,jamming_active
12.917,25,jamming_active
12.918,25,jamming_active
12.919,25,jamming_active
12.92,25,jamming_active
12.921,25,jamming_active
12.922,25,jamming_active
12.923,25,jamming_active
12.924,25,jamming_active
12.925,25,jamming_active
12.926,25,jamming_active
12.927,25,jamming_active
12.928,25,jamming_active
12.929,25,jamming_active
12.93,25,jamming_active
12.931,25,jamming_active
12.932,25,jamming_active
12.933,25,jamming_active
12.934,25,jamming_active
12.935,25,jamming_active
12.936,25,jamming_active
12.937,25,jamming_active
12.938,25,jamming_active
12.939,25,jamming_active
12.94,25,jamming_active
12.941,25,jamming_active
12.942,25,jamming_active
12.943,25,jamming_active
12.944,25,jamming_active
12.945,25,jamming_active
12.946,25,jamming_active
12.947,25,jamming_active
12.948,25,jamming_active
12.949,25,jamming_active
12.95,25,jamming_active
12.951,25,jamming_active
12.952,25,jamming_active
12.953,25,jamming_active
12.954,25,jamming_active
12.955,25,jamming_active
12.956,25,jamming_active
12.957,25,jamming_active
12.958,25,jamming_active
12.959,25,jamming_active
12.96,25,jamming_active
12.961,25,jamming_active
12.962,25,jamming_active
12.963,25,jamming_active
12.964,25,jamming_active
12.965,25,jamming_active
12.966,25,jamming_active
12.967,25,jamming_active
12.968,25,jamming_active
12.969,25,jamming_active
12.97,25,jamming_active
12.971,25,jamming_active
12.972,25,jamming_active
12.973,25,jamming_active
12.974,25,jamming_active
12.975,25,jamming_active
12.976,25,jamming_active
12.977,25,jamming_active
12.978,25,jamming_active
12.979,25,jamming_active
12.98,25,jamming_active
12.981,25,jamming_active
12.982,25,jamming_active
12.983,25,jamming_active
12.984,25,jamming_active
12.985,25,jamming_active
12.986,25,jamming_active
12.987,25,jamming_active
12.988,25,jamming_active
12.989,25,jamming_active
12.99,25,jamming_active
12.991,25,jamming_active
12.992,25,jamming_active
12.993,25,jamming_active
12.994,25,jamming_active
12.995,25,jamming_active
12.996,25,jamming_active
12.997,25,jamming_active
12.998,25,jamming_active
12.999,25,jamming_active
13,25,jamming_active
13.001,25,jamming_active
13.002,25,jamming_active
13.003,25,jamming_active
13.004,25,jamming_active
13.005,25,jamming_active
13.006,25,jamming_active
13.007,25,jamming_active
13.008,25,jamming_active
13.009,25,jamming_active
13.01,25,jamming_active
13.011,25,jamming_active
13.012,25,jamming_active
13.013,25,jamming_active
13.014,25,jamming_active
13.015,25,jamming_active
13.016,25,jamming_active
13.017,25,jamming_active
13.018,25,jamming_active
13.019,25,jamming_active
13.02,25,jamming_active
13.021,25,jamming_active
13.022,25,jamming_active
13.023,25,jamming_active
13.024,25,jamming_active
13.025,25,jamming_active
13.026,25,jamming_active
13.027,25,jamming_active
13.028,25,jamming_active
13.029,25,jamming_active
13.03,25,jamming_active
13.031,25,jamming_active
13.032,25,jamming_active
13.033,25,jamming_active
13.034,25,jamming_active
13.035,25,jamming_active
13.036,25,jamming_active
13.037,25,jamming_active
13.038,25,jamming_active
13.039,25,jamming_active
13.04,25,jamming_active
13.041,25,jamming_active
13.042,25,jamming_active
13.043,25,jamming_active
13.044,25,jamming_active
13.045,25,jamming_active
13.046,25,jamming_active
13.047,25,jamming_active
13.048,25,jamming_active
13.049,25,jamming_active
13.05,25,jamming_active
13.051,25,jamming_active
13.052,25,jamming_active
13.053,25,jamming_active
13.054,25,jamming_active
13.055,25,jamming_active
13.056,25,jamming_active
13.057,25,jamming_active
13.058,25,jamming_active
13.059,25,jamming_active
13.06,25,jamming_active
13.061,25,jamming_active
13.062,25,jamming_active
13.063,25,jamming_active
13.064,25,jamming_active
13.065,25,jamming_active
13.066,25,jamming_active
13.067,25,jamming_active
13.068,25,jamming_active
13.069,25,jamming_active
13.07,25,jamming_active
13.071,25,jamming_active
13.072,25,jamming_active
13.073,25,jamming_active
13.074,25,jamming_active
13.075,25,jamming_active
13.076,25,jamming_active
13.077,25,jamming_active
13.078,25,jamming_active
13.079,25,jamming_active
13.08,25,jamming_active
13.081,25,jamming_active
13.082,25,jamming_active
13.083,25,jamming_active
13.084,25,jamming_active
13.085,25,jamming_active
13.086,25,jamming_active
13.087,25,jamming_active
13.088,25,jamming_active
13.089,25,jamming_active
13.09,25,jamming_active
13.091,25,jamming_active
13.092,25,jamming_active
13.093,25,jamming_active
13.094,25,jamming_active
13.095,25,jamming_active
13.096,25,jamming_active
13.097,25,jamming_active
13.098,25,jamming_active
13.099,25,jamming_active
13.1,25,jamming_active
13.101,25,jamming_active
13.102,25,jamming_active
13.103,25,jamming_active
13.104,25,jamming_active
13.105,25,jamming_active
13.106,25,jamming_active
13.107,25,jamming_active
13.108,25,jamming_active
13.109,25,jamming_active
13.11,25,jamming_active
13.111,25,jamming_active
13.112,25,jamming_active
13.113,25,jamming_active
13.114,25,jamming_active
13.115,25,jamming_active
13.116,25,jamming_active
13.117,25,jamming_active
13.118,25,jamming_active
13.119,25,jamming_active
13.12,25,jamming_active
13.121,25,jamming_active
13.122,25,jamming_active
13.123,25,jamming_active
13.124,25,jamming_active
13.125,25,jamming_active
13.126,25,jamming_active
13.127,25,jamming_active
13.128,25,jamming_active
13.129,25,jamming_active
13.13,25,jamming_active
13.131,25,jamming_active
13.132,25,jamming_active
13.133,25,jamming_active
13.134,25,jamming_active
13.135,25,jamming_active
13.136,25,jamming_active
13.137,25,jamming_active
13.138,25,jamming_active
13.139,25,jamming_active
13.14,25,jamming_active
13.141,25,jamming_active
13.142,25,jamming_active
13.143,25,jamming_active
13.144,25,jamming_active
13.145,25,jamming_active
13.146,25,jamming_active
13.147,25,jamming_active
13.148,25,jamming_active
13.149,25,jamming_active
13.15,25,jamming_active
13.151,25,jamming_active
13.152,25,jamming_active
13.153,25,jamming_active
13.154,25,jamming_active
13.155,25,jamming_active
13.156,25,jamming_active
13.157,25,jamming_active
13.158,25,jamming_active
13.159,25,jamming_active
13.16,25,jamming_active
13.161,25,jamming_active
13.162,25,jamming_active
13.163,25,jamming_active
13.164,25,jamming_active
13.165,25,jamming_active
13.166,25,jamming_active
13.167,25,jamming_active
13.168,25,jamming_active
13.169,25,jamming_active
13.17,25,jamming_active
13.171,25,jamming_active
13.172,25,jamming_active
13.173,25,jamming_active
13.174,25,jamming_active
13.175,25,jamming_active
13.176,25,jamming_active
13.177,25,jamming_active
13.178,25,jamming_active
13.179,25,jamming_active
13.18,25,jamming_active
13.181,25,jamming_active
13.182,25,jamming_active
13.183,25,jamming_active
13.184,25,jamming_active
13.185,25,jamming_active
13.186,25,jamming_active
13.187,25,jamming_active
13.188,25,jamming_active
13.189,25,jamming_active
13.19,25,jamming_active
13.191,25,jamming_active
13.192,25,jamming_active
13.193,25,jamming_active
13.194,25,jamming_active
13.195,25,jamming_active
13.196,25,jamming_active
13.197,25,jamming_active
13.198,25,jamming_active
13.199,25,jamming_active
13.2,25,jamming_active
13.201,25,jamming_active
13.202,25,jamming_active
13.203,25,jamming_active
13.204,25,jamming_active
13.205,25,jamming_active
13.206,25,jamming_active
13.207,25,jamming_active
13.208,25,jamming_active
13.209,25,jamming_active
13.21,25,jamming_active
13.211,25,jamming_active
13.212,25,jamming_active
13.213,25,jamming_active
13.214,25,jamming_active
13.215,25,jamming_active
13.216,25,jamming_active
13.217,25,jamming_active
13.218,25,jamming_active
13.219,25,jamming_active
13.22,25,jamming_active
13.221,25,jamming_active
13.222,25,jamming_active
13.223,25,jamming_active
13.224,25,jamming_active
13.225,25,jamming_active
13.226,25,jamming_active
13.227,25,jamming_active
13.228,25,jamming_active
13.229,25,jamming_active
13.23,25,jamming_active
13.231,25,jamming_active
13.232,25,jamming_active
13.233,25,jamming_active
13.234,25,jamming_active
13.235,25,jamming_active
13.236,25,jamming_active
13.237,25,jamming_active
13.238,25,jamming_active
13.239,25,jamming_active
13.24,25,jamming_active
13.241,25,jamming_active
13.242,25,jamming_active
13.243,25,jamming_active
13.244,25,jamming_active
13.245,25,jamming_active
13.246,25,jamming_active
13.247,25,jamming_active
13.248,25,jamming_active
13.249,25,jamming_active
13.25,25,jamming_active
13.251,25,jamming_active
13.252,25,jamming_active
13.253,25,jamming_active
13.254,25,jamming_active
13.255,25,jamming_active
13.256,25,jamming_active
13.257,25,jamming_active
13.258,25,jamming_active
13.259,25,jamming_active
13.26,25,jamming_active
13.261,25,jamming_active
13.262,25,jamming_active
13.263,25,jamming_active
13.264,25,jamming_active
13.265,25,jamming_active
13.266,25,jamming_active
13.267,25,jamming_active
13.268,25,jamming_active
13.269,25,jamming_active
13.27,25,jamming_active
13.271,25,jamming_active
13.272,25,jamming_active
13.273,25,jamming_active
13.274,25,jamming_active
13.275,25,jamming_active
13.276,25,jamming_active
13.277,25,jamming_active
13.278,25,jamming_active
13.279,25,jamming_active
13.28,25,jamming_active
13.281,25,jamming_active
13.282,25,jamming_active
13.283,25,jamming_active
13.284,25,jamming_active
13.285,25,jamming_active
13.286,25,jamming_active
13.287,25,jamming_active
13.288,25,jamming_active
13.289,25,jamming_active
13.29,25,jamming_active
13.291,25,jamming_active
13.292,25,jamming_active
13.293,25,jamming_active
13.294,25,jamming_active
13.295,25,jamming_active
13.296,25,jamming_active
13.297,25,jamming_active
13.298,25,jamming_active
13.299,25,jamming_active
13.3,25,jamming_active
13.301,25,jamming_active
13.302,25,jamming_active
13.303,25,jamming_active
13.304,25,jamming_active
13.305,25,jamming_active
13.306,25,jamming_active
13.307,25,jamming_active
13.308,25,jamming_active
13.309,25,jamming_active
13.31,25,jamming_active
13.311,25,jamming_active
13.312,25,jamming_active
13.313,25,jamming_active
13.314,25,jamming_active
13.315,25,jamming_active
13.316,25,jamming_active
13.317,25,jamming_active
13.318,25,jamming_active
13.319,25,jamming_active
13.32,25,jamming_active
13.321,25,jamming_active
13.322,25,jamming_active
13.323,25,jamming_active
13.324,25,jamming_active
13.325,25,jamming_active
13.326,25,jamming_active
13.327,25,jamming_active
13.328,25,jamming_active
13.329,25,jamming_active
13.33,25,jamming_active
13.331,25,jamming_active
13.332,25,jamming_active
13.333,25,jamming_active
13.334,25,jamming_active
13.335,25,jamming_active
13.336,25,jamming_active
13.337,25,jamming_active
13.338,25,jamming_active
13.339,25,jamming_active
13.34,25,jamming_active
13.341,25,jamming_active
13.342,25,jamming_active
13.343,25,jamming_active
13.344,25,jamming_active
13.345,25,jamming_active
13.346,25,jamming_active
13.347,25,jamming_active
13.348,25,jamming_active
13.349,25,jamming_active
13.35,25,jamming_active
13.351,25,jamming_active
13.352,25,jamming_active
13.353,25,jamming_active
13.354,25,jamming_active
13.355,25,jamming_active
13.356,25,jamming_active
13.357,25,jamming_active
13.358,25,jamming_active
13.359,25,jamming_active
13.36,25,jamming_active
13.361,25,jamming_active
13.362,25,jamming_active
13.363,25,jamming_active
13.364,25,jamming_active
13.365,25,jamming_active
13.366,25,jamming_active
13.367,25,jamming_active
13.368,25,jamming_active
13.369,25,jamming_active
13.37,25,jamming_active
13.371,25,jamming_active
13.372,25,jamming_active
13.373,25,jamming_active
13.374,25,jamming_active
13.375,25,jamming_active
13.376,25,jamming_active
13.377,25,jamming_active
13.378,25,jamming_active
13.379,25,jamming_active
13.38,25,jamming_active
13.381,25,jamming_active
13.382,25,jamming_active
13.383,25,jamming_active
13.384,25,jamming_active
13.385,25,jamming_active
13.386,25,jamming_active
13.387,25,jamming_active
13.388,25,jamming_active
13.389,25,jamming_active
13.39,25,jamming_active
13.391,25,jamming_active
13.392,25,jamming_active
13.393,25,jamming_active
13.394,25,jamming_active
13.395,25,jamming_active
13.396,25,jamming_active
13.397,25,jamming_active
13.398,25,jamming_active
13.399,25,jamming_active
13.4,25,jamming_active
13.401,25,jamming_active
13.402,25,jamming_active
13.403,25,jamming_active
13.404,25,jamming_active
13.405,25,jamming_active
13.406,25,jamming_active
13.407,25,jamming_active
13.408,25,jamming_active
13.409,25,jamming_active
13.41,25,jamming_active
13.411,25,jamming_active
13.412,25,jamming_active
13.413,25,jamming_active
13.414,25,jamming_active
13.415,25,jamming_active
13.416,25,jamming_active
13.417,25,jamming_active
13.418,25,jamming_active
13.419,25,jamming_active
13.42,25,jamming_active
13.421,25,jamming_active
13.422,25,jamming_active
13.423,25,jamming_active
13.424,25,jamming_active
13.425,25,jamming_active
13.426,25,jamming_active
13.427,25,jamming_active
13.428,25,jamming_active
13.429,25,jamming_active
13.43,25,jamming_active
13.431,25,jamming_active
13.432,25,jamming_active
13.433,25,jamming_active
13.434,25,jamming_active
13.435,25,jamming_active
13.436,25,jamming_active
13.437,25,jamming_active
13.438,25,jamming_active
13.439,25,jamming_active
13.44,25,jamming_active
13.441,25,jamming_active
13.442,25,jamming_active
13.443,25,jamming_active
13.444,25,jamming_active
13.445,25,jamming_active
13.446,25,jamming_active
13.447,25,jamming_active
13.448,25,jamming_active
13.449,25,jamming_active
13.45,25,jamming_active
13.451,25,jamming_active
13.452,25,jamming_active
13.453,25,jamming_active
13.454,25,jamming_active
13.455,25,jamming_active
13.456,25,jamming_active
13.457,25,jamming_active
13.458,25,jamming_active
13.459,25,jamming_active
13.46,25,jamming_active
13.461,25,jamming_active
13.462,25,jamming_active
13.463,25,jamming_active
13.464,25,jamming_active
13.465,25,jamming_active
13.466,25,jamming_active
13.467,25,jamming_active
13.468,25,jamming_active
13.469,25,jamming_active
13.47,25,jamming_active
13.471,25,jamming_active
13.472,25,jamming_active
13.473,25,jamming_active
13.474,25,jamming_active
13.475,25,jamming_active
13.476,25,jamming_active
13.477,25,jamming_active
13.478,25,jamming_active
13.479,25,jamming_active
13.48,25,jamming_active
13.481,25,jamming_active
13.482,25,jamming_active
13.483,25,jamming_active
13.484,25,jamming_active
13.485,25,jamming_active
13.486,25,jamming_active
13.487,25,jamming_active
13.488,25,jamming_active
13.489,25,jamming_active
13.49,25,jamming_active
13.491,25,jamming_active
13.492,25,jamming_active
13.493,25,jamming_active
13.494,25,jamming_active
13.495,25,jamming_active
13.496,25,jamming_active
13.497,25,jamming_active
13.498,25,jamming_active
13.499,25,jamming_active
13.5,25,jamming_active
13.501,25,jamming_active
13.502,25,jamming_active
13.503,25,jamming_active
13.504,25,jamming_active
13.505,25,jamming_active
13.506,25,jamming_active
13.507,25,jamming_active
13.508,25,jamming_active
13.509,25,jamming_active
13.51,25,jamming_active
13.511,25,jamming_active
13.512,25,jamming_active
13.513,25,jamming_active
13.514,25,jamming_active
13.515,25,jamming_active
13.516,25,jamming_active
13.517,25,jamming_active
13.518,25,jamming_active
13.519,25,jamming_active
13.52,25,jamming_active
13.521,25,jamming_active
13.522,25,jamming_active
13.523,25,jamming_active
13.524,25,jamming_active
13.525,25,jamming_active
13.526,25,jamming_active
13.527,25,jamming_active
13.528,25,jamming_active
13.529,25,jamming_active
13.53,25,jamming_active
13.531,25,jamming_active
13.532,25,jamming_active
13.533,25,jamming_active
13.534,25,jamming_active
13.535,25,jamming_active
13.536,25,jamming_active
13.537,25,jamming_active
13.538,25,jamming_active
13.539,25,jamming_active
13.54,25,jamming_active
13.541,25,jamming_active
13.542,25,jamming_active
13.543,25,jamming_active
13.544,25,jamming_active
13.545,25,jamming_active
13.546,25,jamming_active
13.547,25,jamming_active
13.548,25,jamming_active
13.549,25,jamming_active
13.55,25,jamming_active
13.551,25,jamming_active
13.552,25,jamming_active
13.553,25,jamming_active
13.554,25,jamming_active
13.555,25,jamming_active
13.556,25,jamming_active
13.557,25,jamming_active
13.558,25,jamming_active
13.559,25,jamming_active
13.56,25,jamming_active
13.561,25,jamming_active
13.562,25,jamming_active
13.563,25,jamming_active
13.564,25,jamming_active
13.565,25,jamming_active
13.566,25,jamming_active
13.567,25,jamming_active
13.568,25,jamming_active
13.569,25,jamming_active
13.57,25,jamming_active
13.571,25,jamming_active
13.572,25,jamming_active
13.573,25,jamming_active
13.574,25,jamming_active
13.575,25,jamming_active
13.576,25,jamming_active
13.577,25,jamming_active
13.578,25,jamming_active
13.579,25,jamming_active
13.58,25,jamming_active
13.581,25,jamming_active
13.582,25,jamming_active
13.583,25,jamming_active
13.584,25,jamming_active
13.585,25,jamming_active
13.586,25,jamming_active
13.587,25,jamming_active
13.588,25,jamming_active
13.589,25,jamming_active
13.59,25,jamming_active
13.591,25,jamming_active
13.592,25,jamming_active
13.593,25,jamming_active
13.594,25,jamming_active
13.595,25,jamming_active
13.596,25,jamming_active
13.597,25,jamming_active
13.598,25,jamming_active
13.599,25,jamming_active
13.6,25,jamming_active
13.601,25,jamming_active
13.602,25,jamming_active
13.603,25,jamming_active
13.604,25,jamming_active
13.605,25,jamming_active
13.606,25,jamming_active
13.607,25,jamming_active
13.608,25,jamming_active
13.609,25,jamming_active
13.61,25,jamming_active
13.611,25,jamming_active
13.612,25,jamming_active
13.613,25,jamming_active
13.614,25,jamming_active
13.615,25,jamming_active
13.616,25,jamming_active
13.617,25,jamming_active
13.618,25,jamming_active
13.619,25,jamming_active
13.62,25,jamming_active
13.621,25,jamming_active
13.622,25,jamming_active
13.623,25,jamming_active
13.624,25,jamming_active
13.625,25,jamming_active
13.626,25,jamming_active
13.627,25,jamming_active
13.628,25,jamming_active
13.629,25,jamming_active
13.63,25,jamming_active
13.631,25,jamming_active
13.632,25,jamming_active
13.633,25,jamming_active
13.634,25,jamming_active
13.635,25,jamming_active
13.636,25,jamming_active
13.637,25,jamming_active
13.638,25,jamming_active
13.639,25,jamming_active
13.64,25,jamming_active
13.641,25,jamming_active
13.642,25,jamming_active
13.643,25,jamming_active
13.644,25,jamming_active
13.645,25,jamming_active
13.646,25,jamming_active
13.647,25,jamming_active
13.648,25,jamming_active
13.649,25,jamming_active
13.65,25,jamming_active
13.651,25,jamming_active
13.652,25,jamming_active
13.653,25,jamming_active
13.654,25,jamming_active
13.655,25,jamming_active
13.656,25,jamming_active
13.657,25,jamming_active
13.658,25,jamming_active
13.659,25,jamming_active
13.66,25,jamming_active
13.661,25,jamming_active
13.662,25,jamming_active
13.663,25,jamming_active
13.664,25,jamming_active
13.665,25,jamming_active
13.666,25,jamming_active
13.667,25,jamming_active
13.668,25,jamming_active
13.669,25,jamming_active
13.67,25,jamming_active
13.671,25,jamming_active
13.672,25,jamming_active
13.673,25,jamming_active
13.674,25,jamming_active
13.675,25,jamming_active
13.676,25,jamming_active
13.677,25,jamming_active
13.678,25,jamming_active
13.679,25,jamming_active
13.68,25,jamming_active
13.681,25,jamming_active
13.682,25,jamming_active
13.683,25,jamming_active
13.684,25,jamming_active
13.685,25,jamming_active
13.686,25,jamming_active
13.687,25,jamming_active
13.688,25,jamming_active
13.689,25,jamming_active
13.69,25,jamming_active
13.691,25,jamming_active
13.692,25,jamming_active
13.693,25,jamming_active
13.694,25,jamming_active
13.695,25,jamming_active
13.696,25,jamming_active
13.697,25,jamming_active
13.698,25,jamming_active
13.699,25,jamming_active
13.7,25,jamming_active
13.701,25,jamming_active
13.702,25,jamming_active
13.703,25,jamming_active
13.704,25,jamming_active
13.705,25,jamming_active
13.706,25,jamming_active
13.707,25,jamming_active
13.708,25,jamming_active
13.709,25,jamming_active
13.71,25,jamming_active
13.711,25,jamming_active
13.712,25,jamming_active
13.713,25,jamming_active
13.714,25,jamming_active
13.715,25,jamming_active
13.716,25,jamming_active
13.717,25,jamming_active
13.718,25,jamming_active
13.719,25,jamming_active
13.72,25,jamming_active
13.721,25,jamming_active
13.722,25,jamming_active
13.723,25,jamming_active
13.724,25,jamming_active
13.725,25,jamming_active
13.726,25,jamming_active
13.727,25,jamming_active
13.728,25,jamming_active
13.729,25,jamming_active
13.73,25,jamming_active
13.731,25,jamming_active
13.732,25,jamming_active
13.733,25,jamming_active
13.734,25,jamming_active
13.735,25,jamming_active
13.736,25,jamming_active
13.737,25,jamming_active
13.738,25,jamming_active
13.739,25,jamming_active
13.74,25,jamming_active
13.741,25,jamming_active
13.742,25,jamming_active
13.743,25,jamming_active
13.744,25,jamming_active
13.745,25,jamming_active
13.746,25,jamming_active
13.747,25,jamming_active
13.748,25,jamming_active
13.749,25,jamming_active
13.75,25,jamming_active
13.751,25,jamming_active
13.752,25,jamming_active
13.753,25,jamming_active
13.754,25,jamming_active
13.755,25,jamming_active
13.756,25,jamming_active
13.757,25,jamming_active
13.758,25,jamming_active
13.759,25,jamming_active
13.76,25,jamming_active
13.761,25,jamming_active
13.762,25,jamming_active
13.763,25,jamming_active
13.764,25,jamming_active
13.765,25,jamming_active
13.766,25,jamming_active
13.767,25,jamming_active
13.768,25,jamming_active
13.769,25,jamming_active
13.77,25,jamming_active
13.771,25,jamming_active
13.772,25,jamming_active
13.773,25,jamming_active
13.774,25,jamming_active
13.775,25,jamming_active
13.776,25,jamming_active
13.777,25,jamming_active
13.778,25,jamming_active
13.779,25,jamming_active
13.78,25,jamming_active
13.781,25,jamming_active
13.782,25,jamming_active
13.783,25,jamming_active
13.784,25,jamming_active
13.785,25,jamming_active
13.786,25,jamming_active
13.787,25,jamming_active
13.788,25,jamming_active
13.789,25,jamming_active
13.79,25,jamming_active
13.791,25,jamming_active
13.792,25,jamming_active
13.793,25,jamming_active
13.794,25,jamming_active
13.795,25,jamming_active
13.796,25,jamming_active
13.797,25,jamming_active
13.798,25,jamming_active
13.799,25,jamming_active
13.8,25,jamming_active
13.801,25,jamming_active
13.802,25,jamming_active
13.803,25,jamming_active
13.804,25,jamming_active
13.805,25,jamming_active
13.806,25,jamming_active
13.807,25,jamming_active
13.808,25,jamming_active
13.809,25,jamming_active
13.81,25,jamming_active
13.811,25,jamming_active
13.812,25,jamming_active
13.813,25,jamming_active
13.814,25,jamming_active
13.815,25,jamming_active
13.816,25,jamming_active
13.817,25,jamming_active
13.818,25,jamming_active
13.819,25,jamming_active
13.82,25,jamming_active
13.821,25,jamming_active
13.822,25,jamming_active
13.823,25,jamming_active
13.824,25,jamming_active
13.825,25,jamming_active
13.826,25,jamming_active
13.827,25,jamming_active
13.828,25,jamming_active
13.829,25,jamming_active
13.83,25,jamming_active
13.831,25,jamming_active
13.832,25,jamming_active
13.833,25,jamming_active
13.834,25,jamming_active
13.835,25,jamming_active
13.836,25,jamming_active
13.837,25,jamming_active
13.838,25,jamming_active
13.839,25,jamming_active
13.84,25,jamming_active
13.841,25,jamming_active
13.842,25,jamming_active
13.843,25,jamming_active
13.844,25,jamming_active
13.845,25,jamming_active
13.846,25,jamming_active
13.847,25,jamming_active
13.848,25,jamming_active
13.849,25,jamming_active
13.85,25,jamming_active
13.851,25,jamming_active
13.852,25,jamming_active
13.853,25,jamming_active
13.854,25,jamming_active
13.855,25,jamming_active
13.856,25,jamming_active
13.857,25,jamming_active
13.858,25,jamming_active
13.859,25,jamming_active
13.86,25,jamming_active
13.861,25,jamming_active
13.862,25,jamming_active
13.863,25,jamming_active
13.864,25,jamming_active
13.865,25,jamming_active
13.866,25,jamming_active
13.867,25,jamming_active
13.868,25,jamming_active
13.869,25,jamming_active
13.87,25,jamming_active
13.871,25,jamming_active
13.872,25,jamming_active
13.873,25,jamming_active
13.874,25,jamming_active
13.875,25,jamming_active
13.876,25,jamming_active
13.877,25,jamming_active
13.878,25,jamming_active
13.879,25,jamming_active
13.88,25,jamming_active
13.881,25,jamming_active
13.882,25,jamming_active
13.883,25,jamming_active
13.884,25,jamming_active
13.885,25,jamming_active
13.886,25,jamming_active
13.887,25,jamming_active
13.888,25,jamming_active
13.889,25,jamming_active
13.89,25,jamming_active
13.891,25,jamming_active
13.892,25,jamming_active
13.893,25,jamming_active
13.894,25,jamming_active
13.895,25,jamming_active
13.896,25,jamming_active
13.897,25,jamming_active
13.898,25,jamming_active
13.899,25,jamming_active
13.9,25,jamming_active
13.901,25,jamming_active
13.902,25,jamming_active
13.903,25,jamming_active
13.904,25,jamming_active
13.905,25,jamming_active
13.906,25,jamming_active
13.907,25,jamming_active
13.908,25,jamming_active
13.909,25,jamming_active
13.91,25,jamming_active
13.911,25,jamming_active
13.912,25,jamming_active
13.913,25,jamming_active
13.914,25,jamming_active
13.915,25,jamming_active
13.916,25,jamming_active
13.917,25,jamming_active
13.918,25,jamming_active
13.919,25,jamming_active
13.92,25,jamming_active
13.921,25,jamming_active
13.922,25,jamming_active
13.923,25,jamming_active
13.924,25,jamming_active
13.925,25,jamming_active
13.926,25,jamming_active
13.927,25,jamming_active
13.928,25,jamming_active
13.929,25,jamming_active
13.93,25,jamming_active
13.931,25,jamming_active
13.932,25,jamming_active
13.933,25,jamming_active
13.934,25,jamming_active
13.935,25,jamming_active
13.936,25,jamming_active
13.937,25,jamming_active
13.938,25,jamming_active
13.939,25,jamming_active
13.94,25,jamming_active
13.941,25,jamming_active
13.942,25,jamming_active
13.943,25,jamming_active
13.944,25,jamming_active
13.945,25,jamming_active
13.946,25,jamming_active
13.947,25,jamming_active
13.948,25,jamming_active
13.949,25,jamming_active
13.95,25,jamming_active
13.951,25,jamming_active
13.952,25,jamming_active
13.953,25,jamming_active
13.954,25,jamming_active
13.955,25,jamming_active
13.956,25,jamming_active
13.957,25,jamming_active
13.958,25,jamming_active
13.959,25,jamming_active
13.96,25,jamming_active
13.961,25,jamming_active
13.962,25,jamming_active
13.963,25,jamming_active
13.964,25,jamming_active
13.965,25,jamming_active
13.966,25,jamming_active
13.967,25,jamming_active
13.968,25,jamming_active
13.969,25,jamming_active
13.97,25,jamming_active
13.971,25,jamming_active
13.972,25,jamming_active
13.973,25,jamming_active
13.974,25,jamming_active
13.975,25,jamming_active
13.976,25,jamming_active
13.977,25,jamming_active
13.978,25,jamming_active
13.979,25,jamming_active
13.98,25,jamming_active
13.981,25,jamming_active
13.982,25,jamming_active
13.983,25,jamming_active
13.984,25,jamming_active
13.985,25,jamming_active
13.986,25,jamming_active
13.987,25,jamming_active
13.988,25,jamming_active
13.989,25,jamming_active
13.99,25,jamming_active
13.991,25,jamming_active
13.992,25,jamming_active
13.993,25,jamming_active
13.994,25,jamming_active
13.995,25,jamming_active
13.996,25,jamming_active
13.997,25,jamming_active
13.998,25,jamming_active
13.999,25,jamming_active
14,25,jamming_active
14.001,25,jamming_active
14.002,25,jamming_active
14.003,25,jamming_active
14.004,25,jamming_active
14.005,25,jamming_active
14.006,25,jamming_active
14.007,25,jamming_active
14.008,25,jamming_active
14.009,25,jamming_active
14.01,25,jamming_active
14.011,25,jamming_active
14.012,25,jamming_active
14.013,25,jamming_active
14.014,25,jamming_active
14.015,25,jamming_active
14.016,25,jamming_active
14.017,25,jamming_active
14.018,25,jamming_active
14.019,25,jamming_active
14.02,25,jamming_active
14.021,25,jamming_active
14.022,25,jamming_active
14.023,25,jamming_active
14.024,25,jamming_active
14.025,25,jamming_active
14.026,25,jamming_active
14.027,25,jamming_active
14.028,25,jamming_active
14.029,25,jamming_active
14.03,25,jamming_active
14.031,25,jamming_active
14.032,25,jamming_active
14.033,25,jamming_active
14.034,25,jamming_active
14.035,25,jamming_active
14.036,25,jamming_active
14.037,25,jamming_active
14.038,25,jamming_active
14.039,25,jamming_active
14.04,25,jamming_active
14.041,25,jamming_active
14.042,25,jamming_active
14.043,25,jamming_active
14.044,25,jamming_active
14.045,25,jamming_active
14.046,25,jamming_active
14.047,25,jamming_active
14.048,25,jamming_active
14.049,25,jamming_active
14.05,25,jamming_active
14.051,25,jamming_active
14.052,25,jamming_active
14.053,25,jamming_active
14.054,25,jamming_active
14.055,25,jamming_active
14.056,25,jamming_active
14.057,25,jamming_active
14.058,25,jamming_active
14.059,25,jamming_active
14.06,25,jamming_active
14.061,25,jamming_active
14.062,25,jamming_active
14.063,25,jamming_active
14.064,25,jamming_active
14.065,25,jamming_active
14.066,25,jamming_active
14.067,25,jamming_active
14.068,25,jamming_active
14.069,25,jamming_active
14.07,25,jamming_active
14.071,25,jamming_active
14.072,25,jamming_active
14.073,25,jamming_active
14.074,25,jamming_active
14.075,25,jamming_active
14.076,25,jamming_active
14.077,25,jamming_active
14.078,25,jamming_active
14.079,25,jamming_active
14.08,25,jamming_active
14.081,25,jamming_active
14.082,25,jamming_active
14.083,25,jamming_active
14.084,25,jamming_active
14.085,25,jamming_active
14.086,25,jamming_active
14.087,25,jamming_active
14.088,25,jamming_active
14.089,25,jamming_active
14.09,25,jamming_active
14.091,25,jamming_active
14.092,25,jamming_active
14.093,25,jamming_active
14.094,25,jamming_active
14.095,25,jamming_active
14.096,25,jamming_active
14.097,25,jamming_active
14.098,25,jamming_active
14.099,25,jamming_active
14.1,25,jamming_active
14.101,25,jamming_active
14.102,25,jamming_active
14.103,25,jamming_active
14.104,25,jamming_active
14.105,25,jamming_active
14.106,25,jamming_active
14.107,25,jamming_active
14.108,25,jamming_active
14.109,25,jamming_active
14.11,25,jamming_active
14.111,25,jamming_active
14.112,25,jamming_active
14.113,25,jamming_active
14.114,25,jamming_active
14.115,25,jamming_active
14.116,25,jamming_active
14.117,25,jamming_active
14.118,25,jamming_active
14.119,25,jamming_active
14.12,25,jamming_active
14.121,25,jamming_active
14.122,25,jamming_active
14.123,25,jamming_active
14.124,25,jamming_active
14.125,25,jamming_active
14.126,25,jamming_active
14.127,25,jamming_active
14.128,25,jamming_active
14.129,25,jamming_active
14.13,25,jamming_active
14.131,25,jamming_active
14.132,25,jamming_active
14.133,25,jamming_active
14.134,25,jamming_active
14.135,25,jamming_active
14.136,25,jamming_active
14.137,25,jamming_active
14.138,25,jamming_active
14.139,25,jamming_active
14.14,25,jamming_active
14.141,25,jamming_active
14.142,25,jamming_active
14.143,25,jamming_active
14.144,25,jamming_active
14.145,25,jamming_active
14.146,25,jamming_active
14.147,25,jamming_active
14.148,25,jamming_active
14.149,25,jamming_active
14.15,25,jamming_active
14.151,25,jamming_active
14.152,25,jamming_active
14.153,25,jamming_active
14.154,25,jamming_active
14.155,25,jamming_active
14.156,25,jamming_active
14.157,25,jamming_active
14.158,25,jamming_active
14.159,25,jamming_active
14.16,25,jamming_active
14.161,25,jamming_active
14.162,25,jamming_active
14.163,25,jamming_active
14.164,25,jamming_active
14.165,25,jamming_active
14.166,25,jamming_active
14.167,25,jamming_active
14.168,25,jamming_active
14.169,25,jamming_active
14.17,25,jamming_active
14.171,25,jamming_active
14.172,25,jamming_active
14.173,25,jamming_active
14.174,25,jamming_active
14.175,25,jamming_active
14.176,25,jamming_active
14.177,25,jamming_active
14.178,25,jamming_active
14.179,25,jamming_active
14.18,25,jamming_active
14.181,25,jamming_active
14.182,25,jamming_active
14.183,25,jamming_active
14.184,25,jamming_active
14.185,25,jamming_active
14.186,25,jamming_active
14.187,25,jamming_active
14.188,25,jamming_active
14.189,25,jamming_active
14.19,25,jamming_active
14.191,25,jamming_active
14.192,25,jamming_active
14.193,25,jamming_active
14.194,25,jamming_active
14.195,25,jamming_active
14.196,25,jamming_active
14.197,25,jamming_active
14.198,25,jamming_active
14.199,25,jamming_active
14.2,25,jamming_active
14.201,25,jamming_active
14.202,25,jamming_active
14.203,25,jamming_active
14.204,25,jamming_active
14.205,25,jamming_active
14.206,25,jamming_active
14.207,25,jamming_active
14.208,25,jamming_active
14.209,25,jamming_active
14.21,25,jamming_active
14.211,25,jamming_active
14.212,25,jamming_active
14.213,25,jamming_active
14.214,25,jamming_active
14.215,25,jamming_active
14.216,25,jamming_active
14.217,25,jamming_active
14.218,25,jamming_active
14.219,25,jamming_active
14.22,25,jamming_active
14.221,25,jamming_active
14.222,25,jamming_active
14.223,25,jamming_active
14.224,25,jamming_active
14.225,25,jamming_active
14.226,25,jamming_active
14.227,25,jamming_active
14.228,25,jamming_active
14.229,25,jamming_active
14.23,25,jamming_active
14.231,25,jamming_active
14.232,25,jamming_active
14.233,25,jamming_active
14.234,25,jamming_active
14.235,25,jamming_active
14.236,25,jamming_active
14.237,25,jamming_active
14.238,25,jamming_active
14.239,25,jamming_active
14.24,25,jamming_active
14.241,25,jamming_active
14.242,25,jamming_active
14.243,25,jamming_active
14.244,25,jamming_active
14.245,25,jamming_active
14.246,25,jamming_active
14.247,25,jamming_active
14.248,25,jamming_active
14.249,25,jamming_active
14.25,25,jamming_active
14.251,25,jamming_active
14.252,25,jamming_active
14.253,25,jamming_active
14.254,25,jamming_active
14.255,25,jamming_active
14.256,25,jamming_active
14.257,25,jamming_active
14.258,25,jamming_active
14.259,25,jamming_active
14.26,25,jamming_active
14.261,25,jamming_active
14.262,25,jamming_active
14.263,25,jamming_active
14.264,25,jamming_active
14.265,25,jamming_active
14.266,25,jamming_active
14.267,25,jamming_active
14.268,25,jamming_active
14.269,25,jamming_active
14.27,25,jamming_active
14.271,25,jamming_active
14.272,25,jamming_active
14.273,25,jamming_active
14.274,25,jamming_active
14.275,25,jamming_active
14.276,25,jamming_active
14.277,25,jamming_active
14.278,25,jamming_active
14.279,25,jamming_active
14.28,25,jamming_active
14.281,25,jamming_active
14.282,25,jamming_active
14.283,25,jamming_active
14.284,25,jamming_active
14.285,25,jamming_active
14.286,25,jamming_active
14.287,25,jamming_active
14.288,25,jamming_active
14.289,25,jamming_active
14.29,25,jamming_active
14.291,25,jamming_active
14.292,25,jamming_active
14.293,25,jamming_active
14.294,25,jamming_active
14.295,25,jamming_active
14.296,25,jamming_active
14.297,25,jamming_active
14.298,25,jamming_active
14.299,25,jamming_active
14.3,25,jamming_active
14.301,25,jamming_active
14.302,25,jamming_active
14.303,25,jamming_active
14.304,25,jamming_active
14.305,25,jamming_active
14.306,25,jamming_active
14.307,25,jamming_active
14.308,25,jamming_active
14.309,25,jamming_active
14.31,25,jamming_active
14.311,25,jamming_active
14.312,25,jamming_active
14.313,25,jamming_active
14.314,25,jamming_active
14.315,25,jamming_active
14.316,25,jamming_active
14.317,25,jamming_active
14.318,25,jamming_active
14.319,25,jamming_active
14.32,25,jamming_active
14.321,25,jamming_active
14.322,25,jamming_active
14.323,25,jamming_active
14.324,25,jamming_active
14.325,25,jamming_active
14.326,25,jamming_active
14.327,25,jamming_active
14.328,25,jamming_active
14.329,25,jamming_active
14.33,25,jamming_active
14.331,25,jamming_active
14.332,25,jamming_active
14.333,25,jamming_active
14.334,25,jamming_active
14.335,25,jamming_active
14.336,25,jamming_active
14.337,25,jamming_active
14.338,25,jamming_active
14.339,25,jamming_active
14.34,25,jamming_active
14.341,25,jamming_active
14.342,25,jamming_active
14.343,25,jamming_active
14.344,25,jamming_active
14.345,25,jamming_active
14.346,25,jamming_active
14.347,25,jamming_active
14.348,25,jamming_active
14.349,25,jamming_active
14.35,25,jamming_active
14.351,25,jamming_active
14.352,25,jamming_active
14.353,25,jamming_active
14.354,25,jamming_active
14.355,25,jamming_active
14.356,25,jamming_active
14.357,25,jamming_active
14.358,25,jamming_active
14.359,25,jamming_active
14.36,25,jamming_active
14.361,25,jamming_active
14.362,25,jamming_active
14.363,25,jamming_active
14.364,25,jamming_active
14.365,25,jamming_active
14.366,25,jamming_active
14.367,25,jamming_active
14.368,25,jamming_active
14.369,25,jamming_active
14.37,25,jamming_active
14.371,25,jamming_active
14.372,25,jamming_active
14.373,25,jamming_active
14.374,25,jamming_active
14.375,25,jamming_active
14.376,25,jamming_active
14.377,25,jamming_active
14.378,25,jamming_active
14.379,25,jamming_active
14.38,25,jamming_active
14.381,25,jamming_active
14.382,25,jamming_active
14.383,25,jamming_active
14.384,25,jamming_active
14.385,25,jamming_active
14.386,25,jamming_active
14.387,25,jamming_active
14.388,25,jamming_active
14.389,25,jamming_active
14.39,25,jamming_active
14.391,25,jamming_active
14.392,25,jamming_active
14.393,25,jamming_active
14.394,25,jamming_active
14.395,25,jamming_active
14.396,25,jamming_active
14.397,25,jamming_active
14.398,25,jamming_active
14.399,25,jamming_active
14.4,25,jamming_active
14.401,25,jamming_active
14.402,25,jamming_active
14.403,25,jamming_active
14.404,25,jamming_active
14.405,25,jamming_active
14.406,25,jamming_active
14.407,25,jamming_active
14.408,25,jamming_active
14.409,25,jamming_active
14.41,25,jamming_active
14.411,25,jamming_active
14.412,25,jamming_active
14.413,25,jamming_active
14.414,25,jamming_active
14.415,25,jamming_active
14.416,25,jamming_active
14.417,25,jamming_active
14.418,25,jamming_active
14.419,25,jamming_active
14.42,25,jamming_active
14.421,25,jamming_active
14.422,25,jamming_active
14.423,25,jamming_active
14.424,25,jamming_active
14.425,25,jamming_active
14.426,25,jamming_active
14.427,25,jamming_active
14.428,25,jamming_active
14.429,25,jamming_active
14.43,25,jamming_active
14.431,25,jamming_active
14.432,25,jamming_active
14.433,25,jamming_active
14.434,25,jamming_active
14.435,25,jamming_active
14.436,25,jamming_active
14.437,25,jamming_active
14.438,25,jamming_active
14.439,25,jamming_active
14.44,25,jamming_active
14.441,25,jamming_active
14.442,25,jamming_active
14.443,25,jamming_active
14.444,25,jamming_active
14.445,25,jamming_active
14.446,25,jamming_active
14.447,25,jamming_active
14.448,25,jamming_active
14.449,25,jamming_active
14.45,25,jamming_active
14.451,25,jamming_active
14.452,25,jamming_active
14.453,25,jamming_active
14.454,25,jamming_active
14.455,25,jamming_active
14.456,25,jamming_active
14.457,25,jamming_active
14.458,25,jamming_active
14.459,25,jamming_active
14.46,25,jamming_active
14.461,25,jamming_active
14.462,25,jamming_active
14.463,25,jamming_active
14.464,25,jamming_active
14.465,25,jamming_active
14.466,25,jamming_active
14.467,25,jamming_active
14.468,25,jamming_active
14.469,25,jamming_active
14.47,25,jamming_active
14.471,25,jamming_active
14.472,25,jamming_active
14.473,25,jamming_active
14.474,25,jamming_active
14.475,25,jamming_active
14.476,25,jamming_active
14.477,25,jamming_active
14.478,25,jamming_active
14.479,25,jamming_active
14.48,25,jamming_active
14.481,25,jamming_active
14.482,25,jamming_active
14.483,25,jamming_active
14.484,25,jamming_active
14.485,25,jamming_active
14.486,25,jamming_active
14.487,25,jamming_active
14.488,25,jamming_active
14.489,25,jamming_active
14.49,25,jamming_active
14.491,25,jamming_active
14.492,25,jamming_active
14.493,25,jamming_active
14.494,25,jamming_active
14.495,25,jamming_active
14.496,25,jamming_active
14.497,25,jamming_active
14.498,25,jamming_active
14.499,25,jamming_active
14.5,25,jamming_active
14.501,25,jamming_active
14.502,25,jamming_active
14.503,25,jamming_active
14.504,25,jamming_active
14.505,25,jamming_active
14.506,25,jamming_active
14.507,25,jamming_active
14.508,25,jamming_active
14.509,25,jamming_active
14.51,25,jamming_active
14.511,25,jamming_active
14.512,25,jamming_active
14.513,25,jamming_active
14.514,25,jamming_active
14.515,25,jamming_active
14.516,25,jamming_active
14.517,25,jamming_active
14.518,25,jamming_active
14.519,25,jamming_active
14.52,25,jamming_active
14.521,25,jamming_active
14.522,25,jamming_active
14.523,25,jamming_active
14.524,25,jamming_active
14.525,25,jamming_active
14.526,25,jamming_active
14.527,25,jamming_active
14.528,25,jamming_active
14.529,25,jamming_active
14.53,25,jamming_active
14.531,25,jamming_active
14.532,25,jamming_active
14.533,25,jamming_active
14.534,25,jamming_active
14.535,25,jamming_active
14.536,25,jamming_active
14.537,25,jamming_active
14.538,25,jamming_active
14.539,25,jamming_active
14.54,25,jamming_active
14.541,25,jamming_active
14.542,25,jamming_active
14.543,25,jamming_active
14.544,25,jamming_active
14.545,25,jamming_active
14.546,25,jamming_active
14.547,25,jamming_active
14.548,25,jamming_active
14.549,25,jamming_active
14.55,25,jamming_active
14.551,25,jamming_active
14.552,25,jamming_active
14.553,25,jamming_active
14.554,25,jamming_active
14.555,25,jamming_active
14.556,25,jamming_active
14.557,25,jamming_active
14.558,25,jamming_active
14.559,25,jamming_active
14.56,25,jamming_active
14.561,25,jamming_active
14.562,25,jamming_active
14.563,25,jamming_active
14.564,25,jamming_active
14.565,25,jamming_active
14.566,25,jamming_active
14.567,25,jamming_active
14.568,25,jamming_active
14.569,25,jamming_active
14.57,25,jamming_active
14.571,25,jamming_active
14.572,25,jamming_active
14.573,25,jamming_active
14.574,25,jamming_active
14.575,25,jamming_active
14.576,25,jamming_active
14.577,25,jamming_active
14.578,25,jamming_active
14.579,25,jamming_active
14.58,25,jamming_active
14.581,25,jamming_active
14.582,25,jamming_active
14.583,25,jamming_active
14.584,25,jamming_active
14.585,25,jamming_active
14.586,25,jamming_active
14.587,25,jamming_active
14.588,25,jamming_active
14.589,25,jamming_active
14.59,25,jamming_active
14.591,25,jamming_active
14.592,25,jamming_active
14.593,25,jamming_active
14.594,25,jamming_active
14.595,25,jamming_active
14.596,25,jamming_active
14.597,25,jamming_active
14.598,25,jamming_active
14.599,25,jamming_active
14.6,25,jamming_active
14.601,25,jamming_active
14.602,25,jamming_active
14.603,25,jamming_active
14.604,25,jamming_active
14.605,25,jamming_active
14.606,25,jamming_active
14.607,25,jamming_active
14.608,25,jamming_active
14.609,25,jamming_active
14.61,25,jamming_active
14.611,25,jamming_active
14.612,25,jamming_active
14.613,25,jamming_active
14.614,25,jamming_active
14.615,25,jamming_active
14.616,25,jamming_active
14.617,25,jamming_active
14.618,25,jamming_active
14.619,25,jamming_active
14.62,25,jamming_active
14.621,25,jamming_active
14.622,25,jamming_active
14.623,25,jamming_active
14.624,25,jamming_active
14.625,25,jamming_active
14.626,25,jamming_active
14.627,25,jamming_active
14.628,25,jamming_active
14.629,25,jamming_active
14.63,25,jamming_active
14.631,25,jamming_active
14.632,25,jamming_active
14.633,25,jamming_active
14.634,25,jamming_active
14.635,25,jamming_active
14.636,25,jamming_active
14.637,25,jamming_active
14.638,25,jamming_active
14.639,25,jamming_active
14.64,25,jamming_active
14.641,25,jamming_active
14.642,25,jamming_active
14.643,25,jamming_active
14.644,25,jamming_active
14.645,25,jamming_active
14.646,25,jamming_active
14.647,25,jamming_active
14.648,25,jamming_active
14.649,25,jamming_active
14.65,25,jamming_active
14.651,25,jamming_active
14.652,25,jamming_active
14.653,25,jamming_active
14.654,25,jamming_active
14.655,25,jamming_active
14.656,25,jamming_active
14.657,25,jamming_active
14.658,25,jamming_active
14.659,25,jamming_active
14.66,25,jamming_active
14.661,25,jamming_active
14.662,25,jamming_active
14.663,25,jamming_active
14.664,25,jamming_active
14.665,25,jamming_active
14.666,25,jamming_active
14.667,25,jamming_active
14.668,25,jamming_active
14.669,25,jamming_active
14.67,25,jamming_active
14.671,25,jamming_active
14.672,25,jamming_active
14.673,25,jamming_active
14.674,25,jamming_active
14.675,25,jamming_active
14.676,25,jamming_active
14.677,25,jamming_active
14.678,25,jamming_active
14.679,25,jamming_active
14.68,25,jamming_active
14.681,25,jamming_active
14.682,25,jamming_active
14.683,25,jamming_active
14.684,25,jamming_active
14.685,25,jamming_active
14.686,25,jamming_active
14.687,25,jamming_active
14.688,25,jamming_active
14.689,25,jamming_active
14.69,25,jamming_active
14.691,25,jamming_active
14.692,25,jamming_active
14.693,25,jamming_active
14.694,25,jamming_active
14.695,25,jamming_active
14.696,25,jamming_active
14.697,25,jamming_active
14.698,25,jamming_active
14.699,25,jamming_active
14.7,25,jamming_active
14.701,25,jamming_active
14.702,25,jamming_active
14.703,25,jamming_active
14.704,25,jamming_active
14.705,25,jamming_active
14.706,25,jamming_active
14.707,25,jamming_active
14.708,25,jamming_active
14.709,25,jamming_active
14.71,25,jamming_active
14.711,25,jamming_active
14.712,25,jamming_active
14.713,25,jamming_active
14.714,25,jamming_active
14.715,25,jamming_active
14.716,25,jamming_active
14.717,25,jamming_active
14.718,25,jamming_active
14.719,25,jamming_active
14.72,25,jamming_active
14.721,25,jamming_active
14.722,25,jamming_active
14.723,25,jamming_active
14.724,25,jamming_active
14.725,25,jamming_active
14.726,25,jamming_active
14.727,25,jamming_active
14.728,25,jamming_active
14.729,25,jamming_active
14.73,25,jamming_active
14.731,25,jamming_active
14.732,25,jamming_active
14.733,25,jamming_active
14.734,25,jamming_active
14.735,25,jamming_active
14.736,25,jamming_active
14.737,25,jamming_active
14.738,25,jamming_active
14.739,25,jamming_active
14.74,25,jamming_active
14.741,25,jamming_active
14.742,25,jamming_active
14.743,25,jamming_active
14.744,25,jamming_active
14.745,25,jamming_active
14.746,25,jamming_active
14.747,25,jamming_active
14.748,25,jamming_active
14.749,25,jamming_active
14.75,25,jamming_active
14.751,25,jamming_active
14.752,25,jamming_active
14.753,25,jamming_active
14.754,25,jamming_active
14.755,25,jamming_active
14.756,25,jamming_active
14.757,25,jamming_active
14.758,25,jamming_active
14.759,25,jamming_active
14.76,25,jamming_active
14.761,25,jamming_active
14.762,25,jamming_active
14.763,25,jamming_active
14.764,25,jamming_active
14.765,25,jamming_active
14.766,25,jamming_active
14.767,25,jamming_active
14.768,25,jamming_active
14.769,25,jamming_active
14.77,25,jamming_active
14.771,25,jamming_active
14.772,25,jamming_active
14.773,25,jamming_active
14.774,25,jamming_active
14.775,25,jamming_active
14.776,25,jamming_active
14.777,25,jamming_active
14.778,25,jamming_active
14.779,25,jamming_active
14.78,25,jamming_active
14.781,25,jamming_active
14.782,25,jamming_active
14.783,25,jamming_active
14.784,25,jamming_active
14.785,25,jamming_active
14.786,25,jamming_active
14.787,25,jamming_active
14.788,25,jamming_active
14.789,25,jamming_active
14.79,25,jamming_active
14.791,25,jamming_active
14.792,25,jamming_active
14.793,25,jamming_active
14.794,25,jamming_active
14.795,25,jamming_active
14.796,25,jamming_active
14.797,25,jamming_active
14.798,25,jamming_active
14.799,25,jamming_active
14.8,25,jamming_active
14.801,25,jamming_active
14.802,25,jamming_active
14.803,25,jamming_active
14.804,25,jamming_active
14.805,25,jamming_active
14.806,25,jamming_active
14.807,25,jamming_active
14.808,25,jamming_active
14.809,25,jamming_active
14.81,25,jamming_active
14.811,25,jamming_active
14.812,25,jamming_active
14.813,25,jamming_active
14.814,25,jamming_active
14.815,25,jamming_active
14.816,25,jamming_active
14.817,25,jamming_active
14.818,25,jamming_active
14.819,25,jamming_active
14.82,25,jamming_active
14.821,25,jamming_active
14.822,25,jamming_active
14.823,25,jamming_active
14.824,25,jamming_active
14.825,25,jamming_active
14.826,25,jamming_active
14.827,25,jamming_active
14.828,25,jamming_active
14.829,25,jamming_active
14.83,25,jamming_active
14.831,25,jamming_active
14.832,25,jamming_active
14.833,25,jamming_active
14.834,25,jamming_active
14.835,25,jamming_active
14.836,25,jamming_active
14.837,25,jamming_active
14.838,25,jamming_active
14.839,25,jamming_active
14.84,25,jamming_active
14.841,25,jamming_active
14.842,25,jamming_active
14.843,25,jamming_active
14.844,25,jamming_active
14.845,25,jamming_active
14.846,25,jamming_active
14.847,25,jamming_active
14.848,25,jamming_active
14.849,25,jamming_active
14.85,25,jamming_active
14.851,25,jamming_active
14.852,25,jamming_active
14.853,25,jamming_active
14.854,25,jamming_active
14.855,25,jamming_active
14.856,25,jamming_active
14.857,25,jamming_active
14.858,25,jamming_active
14.859,25,jamming_active
14.86,25,jamming_active
14.861,25,jamming_active
14.862,25,jamming_active
14.863,25,jamming_active
14.864,25,jamming_active
14.865,25,jamming_active
14.866,25,jamming_active
14.867,25,jamming_active
14.868,25,jamming_active
14.869,25,jamming_active
14.87,25,jamming_active
14.871,25,jamming_active
14.872,25,jamming_active
14.873,25,jamming_active
14.874,25,jamming_active
14.875,25,jamming_active
14.876,25,jamming_active
14.877,25,jamming_active
14.878,25,jamming_active
14.879,25,jamming_active
14.88,25,jamming_active
14.881,25,jamming_active
14.882,25,jamming_active
14.883,25,jamming_active
14.884,25,jamming_active
14.885,25,jamming_active
14.886,25,jamming_active
14.887,25,jamming_active
14.888,25,jamming_active
14.889,25,jamming_active
14.89,25,jamming_active
14.891,25,jamming_active
14.892,25,jamming_active
14.893,25,jamming_active
14.894,25,jamming_active
14.895,25,jamming_active
14.896,25,jamming_active
14.897,25,jamming_active
14.898,25,jamming_active
14.899,25,jamming_active
14.9,25,jamming_active
14.901,25,jamming_active
14.902,25,jamming_active
14.903,25,jamming_active
14.904,25,jamming_active
14.905,25,jamming_active
14.906,25,jamming_active
14.907,25,jamming_active
14.908,25,jamming_active
14.909,25,jamming_active
14.91,25,jamming_active
14.911,25,jamming_active
14.912,25,jamming_active
14.913,25,jamming_active
14.914,25,jamming_active
14.915,25,jamming_active
14.916,25,jamming_active
14.917,25,jamming_active
14.918,25,jamming_active
14.919,25,jamming_active
14.92,25,jamming_active
14.921,25,jamming_active
14.922,25,jamming_active
14.923,25,jamming_active
14.924,25,jamming_active
14.925,25,jamming_active
14.926,25,jamming_active
14.927,25,jamming_active
14.928,25,jamming_active
14.929,25,jamming_active
14.93,25,jamming_active
14.931,25,jamming_active
14.932,25,jamming_active
14.933,25,jamming_active
14.934,25,jamming_active
14.935,25,jamming_active
14.936,25,jamming_active
14.937,25,jamming_active
14.938,25,jamming_active
14.939,25,jamming_active
14.94,25,jamming_active
14.941,25,jamming_active
14.942,25,jamming_active
14.943,25,jamming_active
14.944,25,jamming_active
14.945,25,jamming_active
14.946,25,jamming_active
14.947,25,jamming_active
14.948,25,jamming_active
14.949,25,jamming_active
14.95,25,jamming_active
14.951,25,jamming_active
14.952,25,jamming_active
14.953,25,jamming_active
14.954,25,jamming_active
14.955,25,jamming_active
14.956,25,jamming_active
14.957,25,jamming_active
14.958,25,jamming_active
14.959,25,jamming_active
14.96,25,jamming_active
14.961,25,jamming_active
14.962,25,jamming_active
14.963,25,jamming_active
14.964,25,jamming_active
14.965,25,jamming_active
14.966,25,jamming_active
14.967,25,jamming_active
14.968,25,jamming_active
14.969,25,jamming_active
14.97,25,jamming_active
14.971,25,jamming_active
14.972,25,jamming_active
14.973,25,jamming_active
14.974,25,jamming_active
14.975,25,jamming_active
14.976,25,jamming_active
14.977,25,jamming_active
14.978,25,jamming_active
14.979,25,jamming_active
14.98,25,jamming_active
14.981,25,jamming_active
14.982,25,jamming_active
14.983,25,jamming_active
14.984,25,jamming_active
14.985,25,jamming_active
14.986,25,jamming_active
14.987,25,jamming_active
14.988,25,jamming_active
14.989,25,jamming_active
14.99,25,jamming_active
14.991,25,jamming_active
14.992,25,jamming_active
14.993,25,jamming_active
14.994,25,jamming_active
14.995,25,jamming_active
14.996,25,jamming_active
14.997,25,jamming_active
14.998,25,jamming_active
14.999,25,jamming_active
15,25,jamming_active
15.001,25,jamming_active
15.002,25,jamming_active
15.003,25,jamming_active
15.004,25,jamming_active
15.005,25,jamming_active
15.006,25,jamming_active
15.007,25,jamming_active
15.008,25,jamming_active
15.009,25,jamming_active
15.01,25,jamming_active
15.011,25,jamming_active
15.012,25,jamming_active
15.013,25,jamming_active
15.014,25,jamming_active
15.015,25,jamming_active
15.016,25,jamming_active
15.017,25,jamming_active
15.018,25,jamming_active
15.019,25,jamming_active
15.02,25,jamming_active
15.021,25,jamming_active
15.022,25,jamming_active
15.023,25,jamming_active
15.024,25,jamming_active
15.025,25,jamming_active
15.026,25,jamming_active
15.027,25,jamming_active
15.028,25,jamming_active
15.029,25,jamming_active
15.03,25,jamming_active
15.031,25,jamming_active
15.032,25,jamming_active
15.033,25,jamming_active
15.034,25,jamming_active
15.035,25,jamming_active
15.036,25,jamming_active
15.037,25,jamming_active
15.038,25,jamming_active
15.039,25,jamming_active
15.04,25,jamming_active
15.041,25,jamming_active
15.042,25,jamming_active
15.043,25,jamming_active
15.044,25,jamming_active
15.045,25,jamming_active
15.046,25,jamming_active
15.047,25,jamming_active
15.048,25,jamming_active
15.049,25,jamming_active
15.05,25,jamming_active
15.051,25,jamming_active
15.052,25,jamming_active
15.053,25,jamming_active
15.054,25,jamming_active
15.055,25,jamming_active
15.056,25,jamming_active
15.057,25,jamming_active
15.058,25,jamming_active
15.059,25,jamming_active
15.06,25,jamming_active
15.061,25,jamming_active
15.062,25,jamming_active
15.063,25,jamming_active
15.064,25,jamming_active
15.065,25,jamming_active
15.066,25,jamming_active
15.067,25,jamming_active
15.068,25,jamming_active
15.069,25,jamming_active
15.07,25,jamming_active
15.071,25,jamming_active
15.072,25,jamming_active
15.073,25,jamming_active
15.074,25,jamming_active
15.075,25,jamming_active
15.076,25,jamming_active
15.077,25,jamming_active
15.078,25,jamming_active
15.079,25,jamming_active
15.08,25,jamming_active
15.081,25,jamming_active
15.082,25,jamming_active
15.083,25,jamming_active
15.084,25,jamming_active
15.085,25,jamming_active
15.086,25,jamming_active
15.087,25,jamming_active
15.088,25,jamming_active
15.089,25,jamming_active
15.09,25,jamming_active
15.091,25,jamming_active
15.092,25,jamming_active
15.093,25,jamming_active
15.094,25,jamming_active
15.095,25,jamming_active
15.096,25,jamming_active
15.097,25,jamming_active
15.098,25,jamming_active
15.099,25,jamming_active
15.1,25,jamming_active
15.101,25,jamming_active
15.102,25,jamming_active
15.103,25,jamming_active
15.104,25,jamming_active
15.105,25,jamming_active
15.106,25,jamming_active
15.107,25,jamming_active
15.108,25,jamming_active
15.109,25,jamming_active
15.11,25,jamming_active
15.111,25,jamming_active
15.112,25,jamming_active
15.113,25,jamming_active
15.114,25,jamming_active
15.115,25,jamming_active
15.116,25,jamming_active
15.117,25,jamming_active
15.118,25,jamming_active
15.119,25,jamming_active
15.12,25,jamming_active
15.121,25,jamming_active
15.122,25,jamming_active
15.123,25,jamming_active
15.124,25,jamming_active
15.125,25,jamming_active
15.126,25,jamming_active
15.127,25,jamming_active
15.128,25,jamming_active
15.129,25,jamming_active
15.13,25,jamming_active
15.131,25,jamming_active
15.132,25,jamming_active
15.133,25,jamming_active
15.134,25,jamming_active
15.135,25,jamming_active
15.136,25,jamming_active
15.137,25,jamming_active
15.138,25,jamming_active
15.139,25,jamming_active
15.14,25,jamming_active
15.141,25,jamming_active
15.142,25,jamming_active
15.143,25,jamming_active
15.144,25,jamming_active
15.145,25,jamming_active
15.146,25,jamming_active
15.147,25,jamming_active
15.148,25,jamming_active
15.149,25,jamming_active
15.15,25,jamming_active
15.151,25,jamming_active
15.152,25,jamming_active
15.153,25,jamming_active
15.154,25,jamming_active
15.155,25,jamming_active
15.156,25,jamming_active
15.157,25,jamming_active
15.158,25,jamming_active
15.159,25,jamming_active
15.16,25,jamming_active
15.161,25,jamming_active
15.162,25,jamming_active
15.163,25,jamming_active
15.164,25,jamming_active
15.165,25,jamming_active
15.166,25,jamming_active
15.167,25,jamming_active
15.168,25,jamming_active
15.169,25,jamming_active
15.17,25,jamming_active
15.171,25,jamming_active
15.172,25,jamming_active
15.173,25,jamming_active
15.174,25,jamming_active
15.175,25,jamming_active
15.176,25,jamming_active
15.177,25,jamming_active
15.178,25,jamming_active
15.179,25,jamming_active
15.18,25,jamming_active
15.181,25,jamming_active
15.182,25,jamming_active
15.183,25,jamming_active
15.184,25,jamming_active
15.185,25,jamming_active
15.186,25,jamming_active
15.187,25,jamming_active
15.188,25,jamming_active
15.189,25,jamming_active
15.19,25,jamming_active
15.191,25,jamming_active
15.192,25,jamming_active
15.193,25,jamming_active
15.194,25,jamming_active
15.195,25,jamming_active
15.196,25,jamming_active
15.197,25,jamming_active
15.198,25,jamming_active
15.199,25,jamming_active
15.2,25,jamming_active
15.201,25,jamming_active
15.202,25,jamming_active
15.203,25,jamming_active
15.204,25,jamming_active
15.205,25,jamming_active
15.206,25,jamming_active
15.207,25,jamming_active
15.208,25,jamming_active
15.209,25,jamming_active
15.21,25,jamming_active
15.211,25,jamming_active
15.212,25,jamming_active
15.213,25,jamming_active
15.214,25,jamming_active
15.215,25,jamming_active
15.216,25,jamming_active
15.217,25,jamming_active
15.218,25,jamming_active
15.219,25,jamming_active
15.22,25,jamming_active
15.221,25,jamming_active
15.222,25,jamming_active
15.223,25,jamming_active
15.224,25,jamming_active
15.225,25,jamming_active
15.226,25,jamming_active
15.227,25,jamming_active
15.228,25,jamming_active
15.229,25,jamming_active
15.23,25,jamming_active
15.231,25,jamming_active
15.232,25,jamming_active
15.233,25,jamming_active
15.234,25,jamming_active
15.235,25,jamming_active
15.236,25,jamming_active
15.237,25,jamming_active
15.238,25,jamming_active
15.239,25,jamming_active
15.24,25,jamming_active
15.241,25,jamming_active
15.242,25,jamming_active
15.243,25,jamming_active
15.244,25,jamming_active
15.245,25,jamming_active
15.246,25,jamming_active
15.247,25,jamming_active
15.248,25,jamming_active
15.249,25,jamming_active
15.25,25,jamming_active
15.251,25,jamming_active
15.252,25,jamming_active
15.253,25,jamming_active
15.254,25,jamming_active
15.255,25,jamming_active
15.256,25,jamming_active
15.257,25,jamming_active
15.258,25,jamming_active
15.259,25,jamming_active
15.26,25,jamming_active
15.261,25,jamming_active
15.262,25,jamming_active
15.263,25,jamming_active
15.264,25,jamming_active
15.265,25,jamming_active
15.266,25,jamming_active
15.267,25,jamming_active
15.268,25,jamming_active
15.269,25,jamming_active
15.27,25,jamming_active
15.271,25,jamming_active
15.272,25,jamming_active
15.273,25,jamming_active
15.274,25,jamming_active
15.275,25,jamming_active
15.276,25,jamming_active
15.277,25,jamming_active
15.278,25,jamming_active
15.279,25,jamming_active
15.28,25,jamming_active
15.281,25,jamming_active
15.282,25,jamming_active
15.283,25,jamming_active
15.284,25,jamming_active
15.285,25,jamming_active
15.286,25,jamming_active
15.287,25,jamming_active
15.288,25,jamming_active
15.289,25,jamming_active
15.29,25,jamming_active
15.291,25,jamming_active
15.292,25,jamming_active
15.293,25,jamming_active
15.294,25,jamming_active
15.295,25,jamming_active
15.296,25,jamming_active
15.297,25,jamming_active
15.298,25,jamming_active
15.299,25,jamming_active
15.3,25,jamming_active
15.301,25,jamming_active
15.302,25,jamming_active
15.303,25,jamming_active
15.304,25,jamming_active
15.305,25,jamming_active
15.306,25,jamming_active
15.307,25,jamming_active
15.308,25,jamming_active
15.309,25,jamming_active
15.31,25,jamming_active
15.311,25,jamming_active
15.312,25,jamming_active
15.313,25,jamming_active
15.314,25,jamming_active
15.315,25,jamming_active
15.316,25,jamming_active
15.317,25,jamming_active
15.318,25,jamming_active
15.319,25,jamming_active
15.32,25,jamming_active
15.321,25,jamming_active
15.322,25,jamming_active
15.323,25,jamming_active
15.324,25,jamming_active
15.325,25,jamming_active
15.326,25,jamming_active
15.327,25,jamming_active
15.328,25,jamming_active
15.329,25,jamming_active
15.33,25,jamming_active
15.331,25,jamming_active
15.332,25,jamming_active
15.333,25,jamming_active
15.334,25,jamming_active
15.335,25,jamming_active
15.336,25,jamming_active
15.337,25,jamming_active
15.338,25,jamming_active
15.339,25,jamming_active
15.34,25,jamming_active
15.341,25,jamming_active
15.342,25,jamming_active
15.343,25,jamming_active
15.344,25,jamming_active
15.345,25,jamming_active
15.346,25,jamming_active
15.347,25,jamming_active
15.348,25,jamming_active
15.349,25,jamming_active
15.35,25,jamming_active
15.351,25,jamming_active
15.352,25,jamming_active
15.353,25,jamming_active
15.354,25,jamming_active
15.355,25,jamming_active
15.356,25,jamming_active
15.357,25,jamming_active
15.358,25,jamming_active
15.359,25,jamming_active
15.36,25,jamming_active
15.361,25,jamming_active
15.362,25,jamming_active
15.363,25,jamming_active
15.364,25,jamming_active
15.365,25,jamming_active
15.366,25,jamming_active
15.367,25,jamming_active
15.368,25,jamming_active
15.369,25,jamming_active
15.37,25,jamming_active
15.371,25,jamming_active
15.372,25,jamming_active
15.373,25,jamming_active
15.374,25,jamming_active
15.375,25,jamming_active
15.376,25,jamming_active
15.377,25,jamming_active
15.378,25,jamming_active
15.379,25,jamming_active
15.38,25,jamming_active
15.381,25,jamming_active
15.382,25,jamming_active
15.383,25,jamming_active
15.384,25,jamming_active
15.385,25,jamming_active
15.386,25,jamming_active
15.387,25,jamming_active
15.388,25,jamming_active
15.389,25,jamming_active
15.39,25,jamming_active
15.391,25,jamming_active
15.392,25,jamming_active
15.393,25,jamming_active
15.394,25,jamming_active
15.395,25,jamming_active
15.396,25,jamming_active
15.397,25,jamming_active
15.398,25,jamming_active
15.399,25,jamming_active
15.4,25,jamming_active
15.401,25,jamming_active
15.402,25,jamming_active
15.403,25,jamming_active
15.404,25,jamming_active
15.405,25,jamming_active
15.406,25,jamming_active
15.407,25,jamming_active
15.408,25,jamming_active
15.409,25,jamming_active
15.41,25,jamming_active
15.411,25,jamming_active
15.412,25,jamming_active
15.413,25,jamming_active
15.414,25,jamming_active
15.415,25,jamming_active
15.416,25,jamming_active
15.417,25,jamming_active
15.418,25,jamming_active
15.419,25,jamming_active
15.42,25,jamming_active
15.421,25,jamming_active
15.422,25,jamming_active
15.423,25,jamming_active
15.424,25,jamming_active
15.425,25,jamming_active
15.426,25,jamming_active
15.427,25,jamming_active
15.428,25,jamming_active
15.429,25,jamming_active
15.43,25,jamming_active
15.431,25,jamming_active
15.432,25,jamming_active
15.433,25,jamming_active
15.434,25,jamming_active
15.435,25,jamming_active
15.436,25,jamming_active
15.437,25,jamming_active
15.438,25,jamming_active
15.439,25,jamming_active
15.44,25,jamming_active
15.441,25,jamming_active
15.442,25,jamming_active
15.443,25,jamming_active
15.444,25,jamming_active
15.445,25,jamming_active
15.446,25,jamming_active
15.447,25,jamming_active
15.448,25,jamming_active
15.449,25,jamming_active
15.45,25,jamming_active
15.451,25,jamming_active
15.452,25,jamming_active
15.453,25,jamming_active
15.454,25,jamming_active
15.455,25,jamming_active
15.456,25,jamming_active
15.457,25,jamming_active
15.458,25,jamming_active
15.459,25,jamming_active
15.46,25,jamming_active
15.461,25,jamming_active
15.462,25,jamming_active
15.463,25,jamming_active
15.464,25,jamming_active
15.465,25,jamming_active
15.466,25,jamming_active
15.467,25,jamming_active
15.468,25,jamming_active
15.469,25,jamming_active
15.47,25,jamming_active
15.471,25,jamming_active
15.472,25,jamming_active
15.473,25,jamming_active
15.474,25,jamming_active
15.475,25,jamming_active
15.476,25,jamming_active
15.477,25,jamming_active
15.478,25,jamming_active
15.479,25,jamming_active
15.48,25,jamming_active
15.481,25,jamming_active
15.482,25,jamming_active
15.483,25,jamming_active
15.484,25,jamming_active
15.485,25,jamming_active
15.486,25,jamming_active
15.487,25,jamming_active
15.488,25,jamming_active
15.489,25,jamming_active
15.49,25,jamming_active
15.491,25,jamming_active
15.492,25,jamming_active
15.493,25,jamming_active
15.494,25,jamming_active
15.495,25,jamming_active
15.496,25,jamming_active
15.497,25,jamming_active
15.498,25,jamming_active
15.499,25,jamming_active
15.5,25,jamming_active
15.501,25,jamming_active
15.502,25,jamming_active
15.503,25,jamming_active
15.504,25,jamming_active
15.505,25,jamming_active
15.506,25,jamming_active
15.507,25,jamming_active
15.508,25,jamming_active
15.509,25,jamming_active
15.51,25,jamming_active
15.511,25,jamming_active
15.512,25,jamming_active
15.513,25,jamming_active
15.514,25,jamming_active
15.515,25,jamming_active
15.516,25,jamming_active
15.517,25,jamming_active
15.518,25,jamming_active
15.519,25,jamming_active
15.52,25,jamming_active
15.521,25,jamming_active
15.522,25,jamming_active
15.523,25,jamming_active
15.524,25,jamming_active
15.525,25,jamming_active
15.526,25,jamming_active
15.527,25,jamming_active
15.528,25,jamming_active
15.529,25,jamming_active
15.53,25,jamming_active
15.531,25,jamming_active
15.532,25,jamming_active
15.533,25,jamming_active
15.534,25,jamming_active
15.535,25,jamming_active
15.536,25,jamming_active
15.537,25,jamming_active
15.538,25,jamming_active
15.539,25,jamming_active
15.54,25,jamming_active
15.541,25,jamming_active
15.542,25,jamming_active
15.543,25,jamming_active
15.544,25,jamming_active
15.545,25,jamming_active
15.546,25,jamming_active
15.547,25,jamming_active
15.548,25,jamming_active
15.549,25,jamming_active
15.55,25,jamming_active
15.551,25,jamming_active
15.552,25,jamming_active
15.553,25,jamming_active
15.554,25,jamming_active
15.555,25,jamming_active
15.556,25,jamming_active
15.557,25,jamming_active
15.558,25,jamming_active
15.559,25,jamming_active
15.56,25,jamming_active
15.561,25,jamming_active
15.562,25,jamming_active
15.563,25,jamming_active
15.564,25,jamming_active
15.565,25,jamming_active
15.566,25,jamming_active
15.567,25,jamming_active
15.568,25,jamming_active
15.569,25,jamming_active
15.57,25,jamming_active
15.571,25,jamming_active
15.572,25,jamming_active
15.573,25,jamming_active
15.574,25,jamming_active
15.575,25,jamming_active
15.576,25,jamming_active
15.577,25,jamming_active
15.578,25,jamming_active
15.579,25,jamming_active
15.58,25,jamming_active
15.581,25,jamming_active
15.582,25,jamming_active
15.583,25,jamming_active
15.584,25,jamming_active
15.585,25,jamming_active
15.586,25,jamming_active
15.587,25,jamming_active
15.588,25,jamming_active
15.589,25,jamming_active
15.59,25,jamming_active
15.591,25,jamming_active
15.592,25,jamming_active
15.593,25,jamming_active
15.594,25,jamming_active
15.595,25,jamming_active
15.596,25,jamming_active
15.597,25,jamming_active
15.598,25,jamming_active
15.599,25,jamming_active
15.6,25,jamming_active
15.601,25,jamming_active
15.602,25,jamming_active
15.603,25,jamming_active
15.604,25,jamming_active
15.605,25,jamming_active
15.606,25,jamming_active
15.607,25,jamming_active
15.608,25,jamming_active
15.609,25,jamming_active
15.61,25,jamming_active
15.611,25,jamming_active
15.612,25,jamming_active
15.613,25,jamming_active
15.614,25,jamming_active
15.615,25,jamming_active
15.616,25,jamming_active
15.617,25,jamming_active
15.618,25,jamming_active
15.619,25,jamming_active
15.62,25,jamming_active
15.621,25,jamming_active
15.622,25,jamming_active
15.623,25,jamming_active
15.624,25,jamming_active
15.625,25,jamming_active
15.626,25,jamming_active
15.627,25,jamming_active
15.628,25,jamming_active
15.629,25,jamming_active
15.63,25,jamming_active
15.631,25,jamming_active
15.632,25,jamming_active
15.633,25,jamming_active
15.634,25,jamming_active
15.635,25,jamming_active
15.636,25,jamming_active
15.637,25,jamming_active
15.638,25,jamming_active
15.639,25,jamming_active
15.64,25,jamming_active
15.641,25,jamming_active
15.642,25,jamming_active
15.643,25,jamming_active
15.644,25,jamming_active
15.645,25,jamming_active
15.646,25,jamming_active
15.647,25,jamming_active
15.648,25,jamming_active
15.649,25,jamming_active
15.65,25,jamming_active
15.651,25,jamming_active
15.652,25,jamming_active
15.653,25,jamming_active
15.654,25,jamming_active
15.655,25,jamming_active
15.656,25,jamming_active
15.657,25,jamming_active
15.658,25,jamming_active
15.659,25,jamming_active
15.66,25,jamming_active
15.661,25,jamming_active
15.662,25,jamming_active
15.663,25,jamming_active
15.664,25,jamming_active
15.665,25,jamming_active
15.666,25,jamming_active
15.667,25,jamming_active
15.668,25,jamming_active
15.669,25,jamming_active
15.67,25,jamming_active
15.671,25,jamming_active
15.672,25,jamming_active
15.673,25,jamming_active
15.674,25,jamming_active
15.675,25,jamming_active
15.676,25,jamming_active
15.677,25,jamming_active
15.678,25,jamming_active
15.679,25,jamming_active
15.68,25,jamming_active
15.681,25,jamming_active
15.682,25,jamming_active
15.683,25,jamming_active
15.684,25,jamming_active
15.685,25,jamming_active
15.686,25,jamming_active
15.687,25,jamming_active
15.688,25,jamming_active
15.689,25,jamming_active
15.69,25,jamming_active
15.691,25,jamming_active
15.692,25,jamming_active
15.693,25,jamming_active
15.694,25,jamming_active
15.695,25,jamming_active
15.696,25,jamming_active
15.697,25,jamming_active
15.698,25,jamming_active
15.699,25,jamming_active
15.7,25,jamming_active
15.701,25,jamming_active
15.702,25,jamming_active
15.703,25,jamming_active
15.704,25,jamming_active
15.705,25,jamming_active
15.706,25,jamming_active
15.707,25,jamming_active
15.708,25,jamming_active
15.709,25,jamming_active
15.71,25,jamming_active
15.711,25,jamming_active
15.712,25,jamming_active
15.713,25,jamming_active
15.714,25,jamming_active
15.715,25,jamming_active
15.716,25,jamming_active
15.717,25,jamming_active
15.718,25,jamming_active
15.719,25,jamming_active
15.72,25,jamming_active
15.721,25,jamming_active
15.722,25,jamming_active
15.723,25,jamming_active
15.724,25,jamming_active
15.725,25,jamming_active
15.726,25,jamming_active
15.727,25,jamming_active
15.728,25,jamming_active
15.729,25,jamming_active
15.73,25,jamming_active
15.731,25,jamming_active
15.732,25,jamming_active
15.733,25,jamming_active
15.734,25,jamming_active
15.735,25,jamming_active
15.736,25,jamming_active
15.737,25,jamming_active
15.738,25,jamming_active
15.739,25,jamming_active
15.74,25,jamming_active
15.741,25,jamming_active
15.742,25,jamming_active
15.743,25,jamming_active
15.744,25,jamming_active
15.745,25,jamming_active
15.746,25,jamming_active
15.747,25,jamming_active
15.748,25,jamming_active
15.749,25,jamming_active
15.75,25,jamming_active
15.751,25,jamming_active
15.752,25,jamming_active
15.753,25,jamming_active
15.754,25,jamming_active
15.755,25,jamming_active
15.756,25,jamming_active
15.757,25,jamming_active
15.758,25,jamming_active
15.759,25,jamming_active
15.76,25,jamming_active
15.761,25,jamming_active
15.762,25,jamming_active
15.763,25,jamming_active
15.764,25,jamming_active
15.765,25,jamming_active
15.766,25,jamming_active
15.767,25,jamming_active
15.768,25,jamming_active
15.769,25,jamming_active
15.77,25,jamming_active
15.771,25,jamming_active
15.772,25,jamming_active
15.773,25,jamming_active
15.774,25,jamming_active
15.775,25,jamming_active
15.776,25,jamming_active
15.777,25,jamming_active
15.778,25,jamming_active
15.779,25,jamming_active
15.78,25,jamming_active
15.781,25,jamming_active
15.782,25,jamming_active
15.783,25,jamming_active
15.784,25,jamming_active
15.785,25,jamming_active
15.786,25,jamming_active
15.787,25,jamming_active
15.788,25,jamming_active
15.789,25,jamming_active
15.79,25,jamming_active
15.791,25,jamming_active
15.792,25,jamming_active
15.793,25,jamming_active
15.794,25,jamming_active
15.795,25,jamming_active
15.796,25,jamming_active
15.797,25,jamming_active
15.798,25,jamming_active
15.799,25,jamming_active
15.8,25,jamming_active
15.801,25,jamming_active
15.802,25,jamming_active
15.803,25,jamming_active
15.804,25,jamming_active
15.805,25,jamming_active
15.806,25,jamming_active
15.807,25,jamming_active
15.808,25,jamming_active
15.809,25,jamming_active
15.81,25,jamming_active
15.811,25,jamming_active
15.812,25,jamming_active
15.813,25,jamming_active
15.814,25,jamming_active
15.815,25,jamming_active
15.816,25,jamming_active
15.817,25,jamming_active
15.818,25,jamming_active
15.819,25,jamming_active
15.82,25,jamming_active
15.821,25,jamming_active
15.822,25,jamming_active
15.823,25,jamming_active
15.824,25,jamming_active
15.825,25,jamming_active
15.826,25,jamming_active
15.827,25,jamming_active
15.828,25,jamming_active
15.829,25,jamming_active
15.83,25,jamming_active
15.831,25,jamming_active
15.832,25,jamming_active
15.833,25,jamming_active
15.834,25,jamming_active
15.835,25,jamming_active
15.836,25,jamming_active
15.837,25,jamming_active
15.838,25,jamming_active
15.839,25,jamming_active
15.84,25,jamming_active
15.841,25,jamming_active
15.842,25,jamming_active
15.843,25,jamming_active
15.844,25,jamming_active
15.845,25,jamming_active
15.846,25,jamming_active
15.847,25,jamming_active
15.848,25,jamming_active
15.849,25,jamming_active
15.85,25,jamming_active
15.851,25,jamming_active
15.852,25,jamming_active
15.853,25,jamming_active
15.854,25,jamming_active
15.855,25,jamming_active
15.856,25,jamming_active
15.857,25,jamming_active
15.858,25,jamming_active
15.859,25,jamming_active
15.86,25,jamming_active
15.861,25,jamming_active
15.862,25,jamming_active
15.863,25,jamming_active
15.864,25,jamming_active
15.865,25,jamming_active
15.866,25,jamming_active
15.867,25,jamming_active
15.868,25,jamming_active
15.869,25,jamming_active
15.87,25,jamming_active
15.871,25,jamming_active
15.872,25,jamming_active
15.873,25,jamming_active
15.874,25,jamming_active
15.875,25,jamming_active
15.876,25,jamming_active
15.877,25,jamming_active
15.878,25,jamming_active
15.879,25,jamming_active
15.88,25,jamming_active
15.881,25,jamming_active
15.882,25,jamming_active
15.883,25,jamming_active
15.884,25,jamming_active
15.885,25,jamming_active
15.886,25,jamming_active
15.887,25,jamming_active
15.888,25,jamming_active
15.889,25,jamming_active
15.89,25,jamming_active
15.891,25,jamming_active
15.892,25,jamming_active
15.893,25,jamming_active
15.894,25,jamming_active
15.895,25,jamming_active
15.896,25,jamming_active
15.897,25,jamming_active
15.898,25,jamming_active
15.899,25,jamming_active
15.9,25,jamming_active
15.901,25,jamming_active
15.902,25,jamming_active
15.903,25,jamming_active
15.904,25,jamming_active
15.905,25,jamming_active
15.906,25,jamming_active
15.907,25,jamming_active
15.908,25,jamming_active
15.909,25,jamming_active
15.91,25,jamming_active
15.911,25,jamming_active
15.912,25,jamming_active
15.913,25,jamming_active
15.914,25,jamming_active
15.915,25,jamming_active
15.916,25,jamming_active
15.917,25,jamming_active
15.918,25,jamming_active
15.919,25,jamming_active
15.92,25,jamming_active
15.921,25,jamming_active
15.922,25,jamming_active
15.923,25,jamming_active
15.924,25,jamming_active
15.925,25,jamming_active
15.926,25,jamming_active
15.927,25,jamming_active
15.928,25,jamming_active
15.929,25,jamming_active
15.93,25,jamming_active
15.931,25,jamming_active
15.932,25,jamming_active
15.933,25,jamming_active
15.934,25,jamming_active
15.935,25,jamming_active
15.936,25,jamming_active
15.937,25,jamming_active
15.938,25,jamming_active
15.939,25,jamming_active
15.94,25,jamming_active
15.941,25,jamming_active
15.942,25,jamming_active
15.943,25,jamming_active
15.944,25,jamming_active
15.945,25,jamming_active
15.946,25,jamming_active
15.947,25,jamming_active
15.948,25,jamming_active
15.949,25,jamming_active
15.95,25,jamming_active
15.951,25,jamming_active
15.952,25,jamming_active
15.953,25,jamming_active
15.954,25,jamming_active
15.955,25,jamming_active
15.956,25,jamming_active
15.957,25,jamming_active
15.958,25,jamming_active
15.959,25,jamming_active
15.96,25,jamming_active
15.961,25,jamming_active
15.962,25,jamming_active
15.963,25,jamming_active
15.964,25,jamming_active
15.965,25,jamming_active
15.966,25,jamming_active
15.967,25,jamming_active
15.968,25,jamming_active
15.969,25,jamming_active
15.97,25,jamming_active
15.971,25,jamming_active
15.972,25,jamming_active
15.973,25,jamming_active
15.974,25,jamming_active
15.975,25,jamming_active
15.976,25,jamming_active
15.977,25,jamming_active
15.978,25,jamming_active
15.979,25,jamming_active
15.98,25,jamming_active
15.981,25,jamming_active
15.982,25,jamming_active
15.983,25,jamming_active
15.984,25,jamming_active
15.985,25,jamming_active
15.986,25,jamming_active
15.987,25,jamming_active
15.988,25,jamming_active
15.989,25,jamming_active
15.99,25,jamming_active
15.991,25,jamming_active
15.992,25,jamming_active
15.993,25,jamming_active
15.994,25,jamming_active
15.995,25,jamming_active
15.996,25,jamming_active
15.997,25,jamming_active
15.998,25,jamming_active
15.999,25,jamming_active
16,25,jamming_active
16.001,25,jamming_active
16.002,25,jamming_active
16.003,25,jamming_active
16.004,25,jamming_active
16.005,25,jamming_active
16.006,25,jamming_active
16.007,25,jamming_active
16.008,25,jamming_active
16.009,25,jamming_active
16.01,25,jamming_active
16.011,25,jamming_active
16.012,25,jamming_active
16.013,25,jamming_active
16.014,25,jamming_active
16.015,25,jamming_active
16.016,25,jamming_active
16.017,25,jamming_active
16.018,25,jamming_active
16.019,25,jamming_active
16.02,25,jamming_active
16.021,25,jamming_active
16.022,25,jamming_active
16.023,25,jamming_active
16.024,25,jamming_active
16.025,25,jamming_active
16.026,25,jamming_active
16.027,25,jamming_active
16.028,25,jamming_active
16.029,25,jamming_active
16.03,25,jamming_active
16.031,25,jamming_active
16.032,25,jamming_active
16.033,25,jamming_active
16.034,25,jamming_active
16.035,25,jamming_active
16.036,25,jamming_active
16.037,25,jamming_active
16.038,25,jamming_active
16.039,25,jamming_active
16.04,25,jamming_active
16.041,25,jamming_active
16.042,25,jamming_active
16.043,25,jamming_active
16.044,25,jamming_active
16.045,25,jamming_active
16.046,25,jamming_active
16.047,25,jamming_active
16.048,25,jamming_active
16.049,25,jamming_active
16.05,25,jamming_active
16.051,25,jamming_active
16.052,25,jamming_active
16.053,25,jamming_active
16.054,25,jamming_active
16.055,25,jamming_active
16.056,25,jamming_active
16.057,25,jamming_active
16.058,25,jamming_active
16.059,25,jamming_active
16.06,25,jamming_active
16.061,25,jamming_active
16.062,25,jamming_active
16.063,25,jamming_active
16.064,25,jamming_active
16.065,25,jamming_active
16.066,25,jamming_active
16.067,25,jamming_active
16.068,25,jamming_active
16.069,25,jamming_active
16.07,25,jamming_active
16.071,25,jamming_active
16.072,25,jamming_active
16.073,25,jamming_active
16.074,25,jamming_active
16.075,25,jamming_active
16.076,25,jamming_active
16.077,25,jamming_active
16.078,25,jamming_active
16.079,25,jamming_active
16.08,25,jamming_active
16.081,25,jamming_active
16.082,25,jamming_active
16.083,25,jamming_active
16.084,25,jamming_active
16.085,25,jamming_active
16.086,25,jamming_active
16.087,25,jamming_active
16.088,25,jamming_active
16.089,25,jamming_active
16.09,25,jamming_active
16.091,25,jamming_active
16.092,25,jamming_active
16.093,25,jamming_active
16.094,25,jamming_active
16.095,25,jamming_active
16.096,25,jamming_active
16.097,25,jamming_active
16.098,25,jamming_active
16.099,25,jamming_active
16.1,25,jamming_active
16.101,25,jamming_active
16.102,25,jamming_active
16.103,25,jamming_active
16.104,25,jamming_active
16.105,25,jamming_active
16.106,25,jamming_active
16.107,25,jamming_active
16.108,25,jamming_active
16.109,25,jamming_active
16.11,25,jamming_active
16.111,25,jamming_active
16.112,25,jamming_active
16.113,25,jamming_active
16.114,25,jamming_active
16.115,25,jamming_active
16.116,25,jamming_active
16.117,25,jamming_active
16.118,25,jamming_active
16.119,25,jamming_active
16.12,25,jamming_active
16.121,25,jamming_active
16.122,25,jamming_active
16.123,25,jamming_active
16.124,25,jamming_active
16.125,25,jamming_active
16.126,25,jamming_active
16.127,25,jamming_active
16.128,25,jamming_active
16.129,25,jamming_active
16.13,25,jamming_active
16.131,25,jamming_active
16.132,25,jamming_active
16.133,25,jamming_active
16.134,25,jamming_active
16.135,25,jamming_active
16.136,25,jamming_active
16.137,25,jamming_active
16.138,25,jamming_active
16.139,25,jamming_active
16.14,25,jamming_active
16.141,25,jamming_active
16.142,25,jamming_active
16.143,25,jamming_active
16.144,25,jamming_active
16.145,25,jamming_active
16.146,25,jamming_active
16.147,25,jamming_active
16.148,25,jamming_active
16.149,25,jamming_active
16.15,25,jamming_active
16.151,25,jamming_active
16.152,25,jamming_active
16.153,25,jamming_active
16.154,25,jamming_active
16.155,25,jamming_active
16.156,25,jamming_active
16.157,25,jamming_active
16.158,25,jamming_active
16.159,25,jamming_active
16.16,25,jamming_active
16.161,25,jamming_active
16.162,25,jamming_active
16.163,25,jamming_active
16.164,25,jamming_active
16.165,25,jamming_active
16.166,25,jamming_active
16.167,25,jamming_active
16.168,25,jamming_active
16.169,25,jamming_active
16.17,25,jamming_active
16.171,25,jamming_active
16.172,25,jamming_active
16.173,25,jamming_active
16.174,25,jamming_active
16.175,25,jamming_active
16.176,25,jamming_active
16.177,25,jamming_active
16.178,25,jamming_active
16.179,25,jamming_active
16.18,25,jamming_active
16.181,25,jamming_active
16.182,25,jamming_active
16.183,25,jamming_active
16.184,25,jamming_active
16.185,25,jamming_active
16.186,25,jamming_active
16.187,25,jamming_active
16.188,25,jamming_active
16.189,25,jamming_active
16.19,25,jamming_active
16.191,25,jamming_active
16.192,25,jamming_active
16.193,25,jamming_active
16.194,25,jamming_active
16.195,25,jamming_active
16.196,25,jamming_active
16.197,25,jamming_active
16.198,25,jamming_active
16.199,25,jamming_active
16.2,25,jamming_active
16.201,25,jamming_active
16.202,25,jamming_active
16.203,25,jamming_active
16.204,25,jamming_active
16.205,25,jamming_active
16.206,25,jamming_active
16.207,25,jamming_active
16.208,25,jamming_active
16.209,25,jamming_active
16.21,25,jamming_active
16.211,25,jamming_active
16.212,25,jamming_active
16.213,25,jamming_active
16.214,25,jamming_active
16.215,25,jamming_active
16.216,25,jamming_active
16.217,25,jamming_active
16.218,25,jamming_active
16.219,25,jamming_active
16.22,25,jamming_active
16.221,25,jamming_active
16.222,25,jamming_active
16.223,25,jamming_active
16.224,25,jamming_active
16.225,25,jamming_active
16.226,25,jamming_active
16.227,25,jamming_active
16.228,25,jamming_active
16.229,25,jamming_active
16.23,25,jamming_active
16.231,25,jamming_active
16.232,25,jamming_active
16.233,25,jamming_active
16.234,25,jamming_active
16.235,25,jamming_active
16.236,25,jamming_active
16.237,25,jamming_active
16.238,25,jamming_active
16.239,25,jamming_active
16.24,25,jamming_active
16.241,25,jamming_active
16.242,25,jamming_active
16.243,25,jamming_active
16.244,25,jamming_active
16.245,25,jamming_active
16.246,25,jamming_active
16.247,25,jamming_active
16.248,25,jamming_active
16.249,25,jamming_active
16.25,25,jamming_active
16.251,25,jamming_active
16.252,25,jamming_active
16.253,25,jamming_active
16.254,25,jamming_active
16.255,25,jamming_active
16.256,25,jamming_active
16.257,25,jamming_active
16.258,25,jamming_active
16.259,25,jamming_active
16.26,25,jamming_active
16.261,25,jamming_active
16.262,25,jamming_active
16.263,25,jamming_active
16.264,25,jamming_active
16.265,25,jamming_active
16.266,25,jamming_active
16.267,25,jamming_active
16.268,25,jamming_active
16.269,25,jamming_active
16.27,25,jamming_active
16.271,25,jamming_active
16.272,25,jamming_active
16.273,25,jamming_active
16.274,25,jamming_active
16.275,25,jamming_active
16.276,25,jamming_active
16.277,25,jamming_active
16.278,25,jamming_active
16.279,25,jamming_active
16.28,25,jamming_active
16.281,25,jamming_active
16.282,25,jamming_active
16.283,25,jamming_active
16.284,25,jamming_active
16.285,25,jamming_active
16.286,25,jamming_active
16.287,25,jamming_active
16.288,25,jamming_active
16.289,25,jamming_active
16.29,25,jamming_active
16.291,25,jamming_active
16.292,25,jamming_active
16.293,25,jamming_active
16.294,25,jamming_active
16.295,25,jamming_active
16.296,25,jamming_active
16.297,25,jamming_active
16.298,25,jamming_active
16.299,25,jamming_active
16.3,25,jamming_active
16.301,25,jamming_active
16.302,25,jamming_active
16.303,25,jamming_active
16.304,25,jamming_active
16.305,25,jamming_active
16.306,25,jamming_active
16.307,25,jamming_active
16.308,25,jamming_active
16.309,25,jamming_active
16.31,25,jamming_active
16.311,25,jamming_active
16.312,25,jamming_active
16.313,25,jamming_active
16.314,25,jamming_active
16.315,25,jamming_active
16.316,25,jamming_active
16.317,25,jamming_active
16.318,25,jamming_active
16.319,25,jamming_active
16.32,25,jamming_active
16.321,25,jamming_active
16.322,25,jamming_active
16.323,25,jamming_active
16.324,25,jamming_active
16.325,25,jamming_active
16.326,25,jamming_active
16.327,25,jamming_active
16.328,25,jamming_active
16.329,25,jamming_active
16.33,25,jamming_active
16.331,25,jamming_active
16.332,25,jamming_active
16.333,25,jamming_active
16.334,25,jamming_active
16.335,25,jamming_active
16.336,25,jamming_active
16.337,25,jamming_active
16.338,25,jamming_active
16.339,25,jamming_active
16.34,25,jamming_active
16.341,25,jamming_active
16.342,25,jamming_active
16.343,25,jamming_active
16.344,25,jamming_active
16.345,25,jamming_active
16.346,25,jamming_active
16.347,25,jamming_active
16.348,25,jamming_active
16.349,25,jamming_active
16.35,25,jamming_active
16.351,25,jamming_active
16.352,25,jamming_active
16.353,25,jamming_active
16.354,25,jamming_active
16.355,25,jamming_active
16.356,25,jamming_active
16.357,25,jamming_active
16.358,25,jamming_active
16.359,25,jamming_active
16.36,25,jamming_active
16.361,25,jamming_active
16.362,25,jamming_active
16.363,25,jamming_active
16.364,25,jamming_active
16.365,25,jamming_active
16.366,25,jamming_active
16.367,25,jamming_active
16.368,25,jamming_active
16.369,25,jamming_active
16.37,25,jamming_active
16.371,25,jamming_active
16.372,25,jamming_active
16.373,25,jamming_active
16.374,25,jamming_active
16.375,25,jamming_active
16.376,25,jamming_active
16.377,25,jamming_active
16.378,25,jamming_active
16.379,25,jamming_active
16.38,25,jamming_active
16.381,25,jamming_active
16.382,25,jamming_active
16.383,25,jamming_active
16.384,25,jamming_active
16.385,25,jamming_active
16.386,25,jamming_active
16.387,25,jamming_active
16.388,25,jamming_active
16.389,25,jamming_active
16.39,25,jamming_active
16.391,25,jamming_active
16.392,25,jamming_active
16.393,25,jamming_active
16.394,25,jamming_active
16.395,25,jamming_active
16.396,25,jamming_active
16.397,25,jamming_active
16.398,25,jamming_active
16.399,25,jamming_active
16.4,25,jamming_active
16.401,25,jamming_active
16.402,25,jamming_active
16.403,25,jamming_active
16.404,25,jamming_active
16.405,25,jamming_active
16.406,25,jamming_active
16.407,25,jamming_active
16.408,25,jamming_active
16.409,25,jamming_active
16.41,25,jamming_active
16.411,25,jamming_active
16.412,25,jamming_active
16.413,25,jamming_active
16.414,25,jamming_active
16.415,25,jamming_active
16.416,25,jamming_active
16.417,25,jamming_active
16.418,25,jamming_active
16.419,25,jamming_active
16.42,25,jamming_active
16.421,25,jamming_active
16.422,25,jamming_active
16.423,25,jamming_active
16.424,25,jamming_active
16.425,25,jamming_active
16.426,25,jamming_active
16.427,25,jamming_active
16.428,25,jamming_active
16.429,25,jamming_active
16.43,25,jamming_active
16.431,25,jamming_active
16.432,25,jamming_active
16.433,25,jamming_active
16.434,25,jamming_active
16.435,25,jamming_active
16.436,25,jamming_active
16.437,25,jamming_active
16.438,25,jamming_active
16.439,25,jamming_active
16.44,25,jamming_active
16.441,25,jamming_active
16.442,25,jamming_active
16.443,25,jamming_active
16.444,25,jamming_active
16.445,25,jamming_active
16.446,25,jamming_active
16.447,25,jamming_active
16.448,25,jamming_active
16.449,25,jamming_active
16.45,25,jamming_active
16.451,25,jamming_active
16.452,25,jamming_active
16.453,25,jamming_active
16.454,25,jamming_active
16.455,25,jamming_active
16.456,25,jamming_active
16.457,25,jamming_active
16.458,25,jamming_active
16.459,25,jamming_active
16.46,25,jamming_active
16.461,25,jamming_active
16.462,25,jamming_active
16.463,25,jamming_active
16.464,25,jamming_active
16.465,25,jamming_active
16.466,25,jamming_active
16.467,25,jamming_active
16.468,25,jamming_active
16.469,25,jamming_active
16.47,25,jamming_active
16.471,25,jamming_active
16.472,25,jamming_active
16.473,25,jamming_active
16.474,25,jamming_active
16.475,25,jamming_active
16.476,25,jamming_active
16.477,25,jamming_active
16.478,25,jamming_active
16.479,25,jamming_active
16.48,25,jamming_active
16.481,25,jamming_active
16.482,25,jamming_active
16.483,25,jamming_active
16.484,25,jamming_active
16.485,25,jamming_active
16.486,25,jamming_active
16.487,25,jamming_active
16.488,25,jamming_active
16.489,25,jamming_active
16.49,25,jamming_active
16.491,25,jamming_active
16.492,25,jamming_active
16.493,25,jamming_active
16.494,25,jamming_active
16.495,25,jamming_active
16.496,25,jamming_active
16.497,25,jamming_active
16.498,25,jamming_active
16.499,25,jamming_active
16.5,25,jamming_active
16.501,25,jamming_active
16.502,25,jamming_active
16.503,25,jamming_active
16.504,25,jamming_active
16.505,25,jamming_active
16.506,25,jamming_active
16.507,25,jamming_active
16.508,25,jamming_active
16.509,25,jamming_active
16.51,25,jamming_active
16.511,25,jamming_active
16.512,25,jamming_active
16.513,25,jamming_active
16.514,25,jamming_active
16.515,25,jamming_active
16.516,25,jamming_active
16.517,25,jamming_active
16.518,25,jamming_active
16.519,25,jamming_active
16.52,25,jamming_active
16.521,25,jamming_active
16.522,25,jamming_active
16.523,25,jamming_active
16.524,25,jamming_active
16.525,25,jamming_active
16.526,25,jamming_active
16.527,25,jamming_active
16.528,25,jamming_active
16.529,25,jamming_active
16.53,25,jamming_active
16.531,25,jamming_active
16.532,25,jamming_active
16.533,25,jamming_active
16.534,25,jamming_active
16.535,25,jamming_active
16.536,25,jamming_active
16.537,25,jamming_active
16.538,25,jamming_active
16.539,25,jamming_active
16.54,25,jamming_active
16.541,25,jamming_active
16.542,25,jamming_active
16.543,25,jamming_active
16.544,25,jamming_active
16.545,25,jamming_active
16.546,25,jamming_active
16.547,25,jamming_active
16.548,25,jamming_active
16.549,25,jamming_active
16.55,25,jamming_active
16.551,25,jamming_active
16.552,25,jamming_active
16.553,25,jamming_active
16.554,25,jamming_active
16.555,25,jamming_active
16.556,25,jamming_active
16.557,25,jamming_active
16.558,25,jamming_active
16.559,25,jamming_active
16.56,25,jamming_active
16.561,25,jamming_active
16.562,25,jamming_active
16.563,25,jamming_active
16.564,25,jamming_active
16.565,25,jamming_active
16.566,25,jamming_active
16.567,25,jamming_active
16.568,25,jamming_active
16.569,25,jamming_active
16.57,25,jamming_active
16.571,25,jamming_active
16.572,25,jamming_active
16.573,25,jamming_active
16.574,25,jamming_active
16.575,25,jamming_active
16.576,25,jamming_active
16.577,25,jamming_active
16.578,25,jamming_active
16.579,25,jamming_active
16.58,25,jamming_active
16.581,25,jamming_active
16.582,25,jamming_active
16.583,25,jamming_active
16.584,25,jamming_active
16.585,25,jamming_active
16.586,25,jamming_active
16.587,25,jamming_active
16.588,25,jamming_active
16.589,25,jamming_active
16.59,25,jamming_active
16.591,25,jamming_active
16.592,25,jamming_active
16.593,25,jamming_active
16.594,25,jamming_active
16.595,25,jamming_active
16.596,25,jamming_active
16.597,25,jamming_active
16.598,25,jamming_active
16.599,25,jamming_active
16.6,25,jamming_active
16.601,25,jamming_active
16.602,25,jamming_active
16.603,25,jamming_active
16.604,25,jamming_active
16.605,25,jamming_active
16.606,25,jamming_active
16.607,25,jamming_active
16.608,25,jamming_active
16.609,25,jamming_active
16.61,25,jamming_active
16.611,25,jamming_active
16.612,25,jamming_active
16.613,25,jamming_active
16.614,25,jamming_active
16.615,25,jamming_active
16.616,25,jamming_active
16.617,25,jamming_active
16.618,25,jamming_active
16.619,25,jamming_active
16.62,25,jamming_active
16.621,25,jamming_active
16.622,25,jamming_active
16.623,25,jamming_active
16.624,25,jamming_active
16.625,25,jamming_active
16.626,25,jamming_active
16.627,25,jamming_active
16.628,25,jamming_active
16.629,25,jamming_active
16.63,25,jamming_active
16.631,25,jamming_active
16.632,25,jamming_active
16.633,25,jamming_active
16.634,25,jamming_active
16.635,25,jamming_active
16.636,25,jamming_active
16.637,25,jamming_active
16.638,25,jamming_active
16.639,25,jamming_active
16.64,25,jamming_active
16.641,25,jamming_active
16.642,25,jamming_active
16.643,25,jamming_active
16.644,25,jamming_active
16.645,25,jamming_active
16.646,25,jamming_active
16.647,25,jamming_active
16.648,25,jamming_active
16.649,25,jamming_active
16.65,25,jamming_active
16.651,25,jamming_active
16.652,25,jamming_active
16.653,25,jamming_active
16.654,25,jamming_active
16.655,25,jamming_active
16.656,25,jamming_active
16.657,25,jamming_active
16.658,25,jamming_active
16.659,25,jamming_active
16.66,25,jamming_active
16.661,25,jamming_active
16.662,25,jamming_active
16.663,25,jamming_active
16.664,25,jamming_active
16.665,25,jamming_active
16.666,25,jamming_active
16.667,25,jamming_active
16.668,25,jamming_active
16.669,25,jamming_active
16.67,25,jamming_active
16.671,25,jamming_active
16.672,25,jamming_active
16.673,25,jamming_active
16.674,25,jamming_active
16.675,25,jamming_active
16.676,25,jamming_active
16.677,25,jamming_active
16.678,25,jamming_active
16.679,25,jamming_active
16.68,25,jamming_active
16.681,25,jamming_active
16.682,25,jamming_active
16.683,25,jamming_active
16.684,25,jamming_active
16.685,25,jamming_active
16.686,25,jamming_active
16.687,25,jamming_active
16.688,25,jamming_active
16.689,25,jamming_active
16.69,25,jamming_active
16.691,25,jamming_active
16.692,25,jamming_active
16.693,25,jamming_active
16.694,25,jamming_active
16.695,25,jamming_active
16.696,25,jamming_active
16.697,25,jamming_active
16.698,25,jamming_active
16.699,25,jamming_active
16.7,25,jamming_active
16.701,25,jamming_active
16.702,25,jamming_active
16.703,25,jamming_active
16.704,25,jamming_active
16.705,25,jamming_active
16.706,25,jamming_active
16.707,25,jamming_active
16.708,25,jamming_active
16.709,25,jamming_active
16.71,25,jamming_active
16.711,25,jamming_active
16.712,25,jamming_active
16.713,25,jamming_active
16.714,25,jamming_active
16.715,25,jamming_active
16.716,25,jamming_active
16.717,25,jamming_active
16.718,25,jamming_active
16.719,25,jamming_active
16.72,25,jamming_active
16.721,25,jamming_active
16.722,25,jamming_active
16.723,25,jamming_active
16.724,25,jamming_active
16.725,25,jamming_active
16.726,25,jamming_active
16.727,25,jamming_active
16.728,25,jamming_active
16.729,25,jamming_active
16.73,25,jamming_active
16.731,25,jamming_active
16.732,25,jamming_active
16.733,25,jamming_active
16.734,25,jamming_active
16.735,25,jamming_active
16.736,25,jamming_active
16.737,25,jamming_active
16.738,25,jamming_active
16.739,25,jamming_active
16.74,25,jamming_active
16.741,25,jamming_active
16.742,25,jamming_active
16.743,25,jamming_active
16.744,25,jamming_active
16.745,25,jamming_active
16.746,25,jamming_active
16.747,25,jamming_active
16.748,25,jamming_active
16.749,25,jamming_active
16.75,25,jamming_active
16.751,25,jamming_active
16.752,25,jamming_active
16.753,25,jamming_active
16.754,25,jamming_active
16.755,25,jamming_active
16.756,25,jamming_active
16.757,25,jamming_active
16.758,25,jamming_active
16.759,25,jamming_active
16.76,25,jamming_active
16.761,25,jamming_active
16.762,25,jamming_active
16.763,25,jamming_active
16.764,25,jamming_active
16.765,25,jamming_active
16.766,25,jamming_active
16.767,25,jamming_active
16.768,25,jamming_active
16.769,25,jamming_active
16.77,25,jamming_active
16.771,25,jamming_active
16.772,25,jamming_active
16.773,25,jamming_active
16.774,25,jamming_active
16.775,25,jamming_active
16.776,25,jamming_active
16.777,25,jamming_active
16.778,25,jamming_active
16.779,25,jamming_active
16.78,25,jamming_active
16.781,25,jamming_active
16.782,25,jamming_active
16.783,25,jamming_active
16.784,25,jamming_active
16.785,25,jamming_active
16.786,25,jamming_active
16.787,25,jamming_active
16.788,25,jamming_active
16.789,25,jamming_active
16.79,25,jamming_active
16.791,25,jamming_active
16.792,25,jamming_active
16.793,25,jamming_active
16.794,25,jamming_active
16.795,25,jamming_active
16.796,25,jamming_active
16.797,25,jamming_active
16.798,25,jamming_active
16.799,25,jamming_active
16.8,25,jamming_active
16.801,25,jamming_active
16.802,25,jamming_active
16.803,25,jamming_active
16.804,25,jamming_active
16.805,25,jamming_active
16.806,25,jamming_active
16.807,25,jamming_active
16.808,25,jamming_active
16.809,25,jamming_active
16.81,25,jamming_active
16.811,25,jamming_active
16.812,25,jamming_active
16.813,25,jamming_active
16.814,25,jamming_active
16.815,25,jamming_active
16.816,25,jamming_active
16.817,25,jamming_active
16.818,25,jamming_active
16.819,25,jamming_active
16.82,25,jamming_active
16.821,25,jamming_active
16.822,25,jamming_active
16.823,25,jamming_active
16.824,25,jamming_active
16.825,25,jamming_active
16.826,25,jamming_active
16.827,25,jamming_active
16.828,25,jamming_active
16.829,25,jamming_active
16.83,25,jamming_active
16.831,25,jamming_active
16.832,25,jamming_active
16.833,25,jamming_active
16.834,25,jamming_active
16.835,25,jamming_active
16.836,25,jamming_active
16.837,25,jamming_active
16.838,25,jamming_active
16.839,25,jamming_active
16.84,25,jamming_active
16.841,25,jamming_active
16.842,25,jamming_active
16.843,25,jamming_active
16.844,25,jamming_active
16.845,25,jamming_active
16.846,25,jamming_active
16.847,25,jamming_active
16.848,25,jamming_active
16.849,25,jamming_active
16.85,25,jamming_active
16.851,25,jamming_active
16.852,25,jamming_active
16.853,25,jamming_active
16.854,25,jamming_active
16.855,25,jamming_active
16.856,25,jamming_active
16.857,25,jamming_active
16.858,25,jamming_active
16.859,25,jamming_active
16.86,25,jamming_active
16.861,25,jamming_active
16.862,25,jamming_active
16.863,25,jamming_active
16.864,25,jamming_active
16.865,25,jamming_active
16.866,25,jamming_active
16.867,25,jamming_active
16.868,25,jamming_active
16.869,25,jamming_active
16.87,25,jamming_active
16.871,25,jamming_active
16.872,25,jamming_active
16.873,25,jamming_active
16.874,25,jamming_active
16.875,25,jamming_active
16.876,25,jamming_active
16.877,25,jamming_active
16.878,25,jamming_active
16.879,25,jamming_active
16.88,25,jamming_active
16.881,25,jamming_active
16.882,25,jamming_active
16.883,25,jamming_active
16.884,25,jamming_active
16.885,25,jamming_active
16.886,25,jamming_active
16.887,25,jamming_active
16.888,25,jamming_active
16.889,25,jamming_active
16.89,25,jamming_active
16.891,25,jamming_active
16.892,25,jamming_active
16.893,25,jamming_active
16.894,25,jamming_active
16.895,25,jamming_active
16.896,25,jamming_active
16.897,25,jamming_active
16.898,25,jamming_active
16.899,25,jamming_active
16.9,25,jamming_active
16.901,25,jamming_active
16.902,25,jamming_active
16.903,25,jamming_active
16.904,25,jamming_active
16.905,25,jamming_active
16.906,25,jamming_active
16.907,25,jamming_active
16.908,25,jamming_active
16.909,25,jamming_active
16.91,25,jamming_active
16.911,25,jamming_active
16.912,25,jamming_active
16.913,25,jamming_active
16.914,25,jamming_active
16.915,25,jamming_active
16.916,25,jamming_active
16.917,25,jamming_active
16.918,25,jamming_active
16.919,25,jamming_active
16.92,25,jamming_active
16.921,25,jamming_active
16.922,25,jamming_active
16.923,25,jamming_active
16.924,25,jamming_active
16.925,25,jamming_active
16.926,25,jamming_active
16.927,25,jamming_active
16.928,25,jamming_active
16.929,25,jamming_active
16.93,25,jamming_active
16.931,25,jamming_active
16.932,25,jamming_active
16.933,25,jamming_active
16.934,25,jamming_active
16.935,25,jamming_active
16.936,25,jamming_active
16.937,25,jamming_active
16.938,25,jamming_active
16.939,25,jamming_active
16.94,25,jamming_active
16.941,25,jamming_active
16.942,25,jamming_active
16.943,25,jamming_active
16.944,25,jamming_active
16.945,25,jamming_active
16.946,25,jamming_active
16.947,25,jamming_active
16.948,25,jamming_active
16.949,25,jamming_active
16.95,25,jamming_active
16.951,25,jamming_active
16.952,25,jamming_active
16.953,25,jamming_active
16.954,25,jamming_active
16.955,25,jamming_active
16.956,25,jamming_active
16.957,25,jamming_active
16.958,25,jamming_active
16.959,25,jamming_active
16.96,25,jamming_active
16.961,25,jamming_active
16.962,25,jamming_active
16.963,25,jamming_active
16.964,25,jamming_active
16.965,25,jamming_active
16.966,25,jamming_active
16.967,25,jamming_active
16.968,25,jamming_active
16.969,25,jamming_active
16.97,25,jamming_active
16.971,25,jamming_active
16.972,25,jamming_active
16.973,25,jamming_active
16.974,25,jamming_active
16.975,25,jamming_active
16.976,25,jamming_active
16.977,25,jamming_active
16.978,25,jamming_active
16.979,25,jamming_active
16.98,25,jamming_active
16.981,25,jamming_active
16.982,25,jamming_active
16.983,25,jamming_active
16.984,25,jamming_active
16.985,25,jamming_active
16.986,25,jamming_active
16.987,25,jamming_active
16.988,25,jamming_active
16.989,25,jamming_active
16.99,25,jamming_active
16.991,25,jamming_active
16.992,25,jamming_active
16.993,25,jamming_active
16.994,25,jamming_active
16.995,25,jamming_active
16.996,25,jamming_active
16.997,25,jamming_active
16.998,25,jamming_active
16.999,25,jamming_active
17,25,jamming_active
17.001,25,jamming_active
17.002,25,jamming_active
17.003,25,jamming_active
17.004,25,jamming_active
17.005,25,jamming_active
17.006,25,jamming_active
17.007,25,jamming_active
17.008,25,jamming_active
17.009,25,jamming_active
17.01,25,jamming_active
17.011,25,jamming_active
17.012,25,jamming_active
17.013,25,jamming_active
17.014,25,jamming_active
17.015,25,jamming_active
17.016,25,jamming_active
17.017,25,jamming_active
17.018,25,jamming_active
17.019,25,jamming_active
17.02,25,jamming_active
17.021,25,jamming_active
17.022,25,jamming_active
17.023,25,jamming_active
17.024,25,jamming_active
17.025,25,jamming_active
17.026,25,jamming_active
17.027,25,jamming_active
17.028,25,jamming_active
17.029,25,jamming_active
17.03,25,jamming_active
17.031,25,jamming_active
17.032,25,jamming_active
17.033,25,jamming_active
17.034,25,jamming_active
17.035,25,jamming_active
17.036,25,jamming_active
17.037,25,jamming_active
17.038,25,jamming_active
17.039,25,jamming_active
17.04,25,jamming_active
17.041,25,jamming_active
17.042,25,jamming_active
17.043,25,jamming_active
17.044,25,jamming_active
17.045,25,jamming_active
17.046,25,jamming_active
17.047,25,jamming_active
17.048,25,jamming_active
17.049,25,jamming_active
17.05,25,jamming_active
17.051,25,jamming_active
17.052,25,jamming_active
17.053,25,jamming_active
17.054,25,jamming_active
17.055,25,jamming_active
17.056,25,jamming_active
17.057,25,jamming_active
17.058,25,jamming_active
17.059,25,jamming_active
17.06,25,jamming_active
17.061,25,jamming_active
17.062,25,jamming_active
17.063,25,jamming_active
17.064,25,jamming_active
17.065,25,jamming_active
17.066,25,jamming_active
17.067,25,jamming_active
17.068,25,jamming_active
17.069,25,jamming_active
17.07,25,jamming_active
17.071,25,jamming_active
17.072,25,jamming_active
17.073,25,jamming_active
17.074,25,jamming_active
17.075,25,jamming_active
17.076,25,jamming_active
17.077,25,jamming_active
17.078,25,jamming_active
17.079,25,jamming_active
17.08,25,jamming_active
17.081,25,jamming_active
17.082,25,jamming_active
17.083,25,jamming_active
17.084,25,jamming_active
17.085,25,jamming_active
17.086,25,jamming_active
17.087,25,jamming_active
17.088,25,jamming_active
17.089,25,jamming_active
17.09,25,jamming_active
17.091,25,jamming_active
17.092,25,jamming_active
17.093,25,jamming_active
17.094,25,jamming_active
17.095,25,jamming_active
17.096,25,jamming_active
17.097,25,jamming_active
17.098,25,jamming_active
17.099,25,jamming_active
17.1,25,jamming_active
17.101,25,jamming_active
17.102,25,jamming_active
17.103,25,jamming_active
17.104,25,jamming_active
17.105,25,jamming_active
17.106,25,jamming_active
17.107,25,jamming_active
17.108,25,jamming_active
17.109,25,jamming_active
17.11,25,jamming_active
17.111,25,jamming_active
17.112,25,jamming_active
17.113,25,jamming_active
17.114,25,jamming_active
17.115,25,jamming_active
17.116,25,jamming_active
17.117,25,jamming_active
17.118,25,jamming_active
17.119,25,jamming_active
17.12,25,jamming_active
17.121,25,jamming_active
17.122,25,jamming_active
17.123,25,jamming_active
17.124,25,jamming_active
17.125,25,jamming_active
17.126,25,jamming_active
17.127,25,jamming_active
17.128,25,jamming_active
17.129,25,jamming_active
17.13,25,jamming_active
17.131,25,jamming_active
17.132,25,jamming_active
17.133,25,jamming_active
17.134,25,jamming_active
17.135,25,jamming_active
17.136,25,jamming_active
17.137,25,jamming_active
17.138,25,jamming_active
17.139,25,jamming_active
17.14,25,jamming_active
17.141,25,jamming_active
17.142,25,jamming_active
17.143,25,jamming_active
17.144,25,jamming_active
17.145,25,jamming_active
17.146,25,jamming_active
17.147,25,jamming_active
17.148,25,jamming_active
17.149,25,jamming_active
17.15,25,jamming_active
17.151,25,jamming_active
17.152,25,jamming_active
17.153,25,jamming_active
17.154,25,jamming_active
17.155,25,jamming_active
17.156,25,jamming_active
17.157,25,jamming_active
17.158,25,jamming_active
17.159,25,jamming_active
17.16,25,jamming_active
17.161,25,jamming_active
17.162,25,jamming_active
17.163,25,jamming_active
17.164,25,jamming_active
17.165,25,jamming_active
17.166,25,jamming_active
17.167,25,jamming_active
17.168,25,jamming_active
17.169,25,jamming_active
17.17,25,jamming_active
17.171,25,jamming_active
17.172,25,jamming_active
17.173,25,jamming_active
17.174,25,jamming_active
17.175,25,jamming_active
17.176,25,jamming_active
17.177,25,jamming_active
17.178,25,jamming_active
17.179,25,jamming_active
17.18,25,jamming_active
17.181,25,jamming_active
17.182,25,jamming_active
17.183,25,jamming_active
17.184,25,jamming_active
17.185,25,jamming_active
17.186,25,jamming_active
17.187,25,jamming_active
17.188,25,jamming_active
17.189,25,jamming_active
17.19,25,jamming_active
17.191,25,jamming_active
17.192,25,jamming_active
17.193,25,jamming_active
17.194,25,jamming_active
17.195,25,jamming_active
17.196,25,jamming_active
17.197,25,jamming_active
17.198,25,jamming_active
17.199,25,jamming_active
17.2,25,jamming_active
17.201,25,jamming_active
17.202,25,jamming_active
17.203,25,jamming_active
17.204,25,jamming_active
17.205,25,jamming_active
17.206,25,jamming_active
17.207,25,jamming_active
17.208,25,jamming_active
17.209,25,jamming_active
17.21,25,jamming_active
17.211,25,jamming_active
17.212,25,jamming_active
17.213,25,jamming_active
17.214,25,jamming_active
17.215,25,jamming_active
17.216,25,jamming_active
17.217,25,jamming_active
17.218,25,jamming_active
17.219,25,jamming_active
17.22,25,jamming_active
17.221,25,jamming_active
17.222,25,jamming_active
17.223,25,jamming_active
17.224,25,jamming_active
17.225,25,jamming_active
17.226,25,jamming_active
17.227,25,jamming_active
17.228,25,jamming_active
17.229,25,jamming_active
17.23,25,jamming_active
17.231,25,jamming_active
17.232,25,jamming_active
17.233,25,jamming_active
17.234,25,jamming_active
17.235,25,jamming_active
17.236,25,jamming_active
17.237,25,jamming_active
17.238,25,jamming_active
17.239,25,jamming_active
17.24,25,jamming_active
17.241,25,jamming_active
17.242,25,jamming_active
17.243,25,jamming_active
17.244,25,jamming_active
17.245,25,jamming_active
17.246,25,jamming_active
17.247,25,jamming_active
17.248,25,jamming_active
17.249,25,jamming_active
17.25,25,jamming_active
17.251,25,jamming_active
17.252,25,jamming_active
17.253,25,jamming_active
17.254,25,jamming_active
17.255,25,jamming_active
17.256,25,jamming_active
17.257,25,jamming_active
17.258,25,jamming_active
17.259,25,jamming_active
17.26,25,jamming_active
17.261,25,jamming_active
17.262,25,jamming_active
17.263,25,jamming_active
17.264,25,jamming_active
17.265,25,jamming_active
17.266,25,jamming_active
17.267,25,jamming_active
17.268,25,jamming_active
17.269,25,jamming_active
17.27,25,jamming_active
17.271,25,jamming_active
17.272,25,jamming_active
17.273,25,jamming_active
17.274,25,jamming_active
17.275,25,jamming_active
17.276,25,jamming_active
17.277,25,jamming_active
17.278,25,jamming_active
17.279,25,jamming_active
17.28,25,jamming_active
17.281,25,jamming_active
17.282,25,jamming_active
17.283,25,jamming_active
17.284,25,jamming_active
17.285,25,jamming_active
17.286,25,jamming_active
17.287,25,jamming_active
17.288,25,jamming_active
17.289,25,jamming_active
17.29,25,jamming_active
17.291,25,jamming_active
17.292,25,jamming_active
17.293,25,jamming_active
17.294,25,jamming_active
17.295,25,jamming_active
17.296,25,jamming_active
17.297,25,jamming_active
17.298,25,jamming_active
17.299,25,jamming_active
17.3,25,jamming_active
17.301,25,jamming_active
17.302,25,jamming_active
17.303,25,jamming_active
17.304,25,jamming_active
17.305,25,jamming_active
17.306,25,jamming_active
17.307,25,jamming_active
17.308,25,jamming_active
17.309,25,jamming_active
17.31,25,jamming_active
17.311,25,jamming_active
17.312,25,jamming_active
17.313,25,jamming_active
17.314,25,jamming_active
17.315,25,jamming_active
17.316,25,jamming_active
17.317,25,jamming_active
17.318,25,jamming_active
17.319,25,jamming_active
17.32,25,jamming_active
17.321,25,jamming_active
17.322,25,jamming_active
17.323,25,jamming_active
17.324,25,jamming_active
17.325,25,jamming_active
17.326,25,jamming_active
17.327,25,jamming_active
17.328,25,jamming_active
17.329,25,jamming_active
17.33,25,jamming_active
17.331,25,jamming_active
17.332,25,jamming_active
17.333,25,jamming_active
17.334,25,jamming_active
17.335,25,jamming_active
17.336,25,jamming_active
17.337,25,jamming_active
17.338,25,jamming_active
17.339,25,jamming_active
17.34,25,jamming_active
17.341,25,jamming_active
17.342,25,jamming_active
17.343,25,jamming_active
17.344,25,jamming_active
17.345,25,jamming_active
17.346,25,jamming_active
17.347,25,jamming_active
17.348,25,jamming_active
17.349,25,jamming_active
17.35,25,jamming_active
17.351,25,jamming_active
17.352,25,jamming_active
17.353,25,jamming_active
17.354,25,jamming_active
17.355,25,jamming_active
17.356,25,jamming_active
17.357,25,jamming_active
17.358,25,jamming_active
17.359,25,jamming_active
17.36,25,jamming_active
17.361,25,jamming_active
17.362,25,jamming_active
17.363,25,jamming_active
17.364,25,jamming_active
17.365,25,jamming_active
17.366,25,jamming_active
17.367,25,jamming_active
17.368,25,jamming_active
17.369,25,jamming_active
17.37,25,jamming_active
17.371,25,jamming_active
17.372,25,jamming_active
17.373,25,jamming_active
17.374,25,jamming_active
17.375,25,jamming_active
17.376,25,jamming_active
17.377,25,jamming_active
17.378,25,jamming_active
17.379,25,jamming_active
17.38,25,jamming_active
17.381,25,jamming_active
17.382,25,jamming_active
17.383,25,jamming_active
17.384,25,jamming_active
17.385,25,jamming_active
17.386,25,jamming_active
17.387,25,jamming_active
17.388,25,jamming_active
17.389,25,jamming_active
17.39,25,jamming_active
17.391,25,jamming_active
17.392,25,jamming_active
17.393,25,jamming_active
17.394,25,jamming_active
17.395,25,jamming_active
17.396,25,jamming_active
17.397,25,jamming_active
17.398,25,jamming_active
17.399,25,jamming_active
17.4,25,jamming_active
17.401,25,jamming_active
17.402,25,jamming_active
17.403,25,jamming_active
17.404,25,jamming_active
17.405,25,jamming_active
17.406,25,jamming_active
17.407,25,jamming_active
17.408,25,jamming_active
17.409,25,jamming_active
17.41,25,jamming_active
17.411,25,jamming_active
17.412,25,jamming_active
17.413,25,jamming_active
17.414,25,jamming_active
17.415,25,jamming_active
17.416,25,jamming_active
17.417,25,jamming_active
17.418,25,jamming_active
17.419,25,jamming_active
17.42,25,jamming_active
17.421,25,jamming_active
17.422,25,jamming_active
17.423,25,jamming_active
17.424,25,jamming_active
17.425,25,jamming_active
17.426,25,jamming_active
17.427,25,jamming_active
17.428,25,jamming_active
17.429,25,jamming_active
17.43,25,jamming_active
17.431,25,jamming_active
17.432,25,jamming_active
17.433,25,jamming_active
17.434,25,jamming_active
17.435,25,jamming_active
17.436,25,jamming_active
17.437,25,jamming_active
17.438,25,jamming_active
17.439,25,jamming_active
17.44,25,jamming_active
17.441,25,jamming_active
17.442,25,jamming_active
17.443,25,jamming_active
17.444,25,jamming_active
17.445,25,jamming_active
17.446,25,jamming_active
17.447,25,jamming_active
17.448,25,jamming_active
17.449,25,jamming_active
17.45,25,jamming_active
17.451,25,jamming_active
17.452,25,jamming_active
17.453,25,jamming_active
17.454,25,jamming_active
17.455,25,jamming_active
17.456,25,jamming_active
17.457,25,jamming_active
17.458,25,jamming_active
17.459,25,jamming_active
17.46,25,jamming_active
17.461,25,jamming_active
17.462,25,jamming_active
17.463,25,jamming_active
17.464,25,jamming_active
17.465,25,jamming_active
17.466,25,jamming_active
17.467,25,jamming_active
17.468,25,jamming_active
17.469,25,jamming_active
17.47,25,jamming_active
17.471,25,jamming_active
17.472,25,jamming_active
17.473,25,jamming_active
17.474,25,jamming_active
17.475,25,jamming_active
17.476,25,jamming_active
17.477,25,jamming_active
17.478,25,jamming_active
17.479,25,jamming_active
17.48,25,jamming_active
17.481,25,jamming_active
17.482,25,jamming_active
17.483,25,jamming_active
17.484,25,jamming_active
17.485,25,jamming_active
17.486,25,jamming_active
17.487,25,jamming_active
17.488,25,jamming_active
17.489,25,jamming_active
17.49,25,jamming_active
17.491,25,jamming_active
17.492,25,jamming_active
17.493,25,jamming_active
17.494,25,jamming_active
17.495,25,jamming_active
17.496,25,jamming_active
17.497,25,jamming_active
17.498,25,jamming_active
17.499,25,jamming_active
17.5,25,jamming_active
17.501,25,jamming_active
17.502,25,jamming_active
17.503,25,jamming_active
17.504,25,jamming_active
17.505,25,jamming_active
17.506,25,jamming_active
17.507,25,jamming_active
17.508,25,jamming_active
17.509,25,jamming_active
17.51,25,jamming_active
17.511,25,jamming_active
17.512,25,jamming_active
17.513,25,jamming_active
17.514,25,jamming_active
17.515,25,jamming_active
17.516,25,jamming_active
17.517,25,jamming_active
17.518,25,jamming_active
17.519,25,jamming_active
17.52,25,jamming_active
17.521,25,jamming_active
17.522,25,jamming_active
17.523,25,jamming_active
17.524,25,jamming_active
17.525,25,jamming_active
17.526,25,jamming_active
17.527,25,jamming_active
17.528,25,jamming_active
17.529,25,jamming_active
17.53,25,jamming_active
17.531,25,jamming_active
17.532,25,jamming_active
17.533,25,jamming_active
17.534,25,jamming_active
17.535,25,jamming_active
17.536,25,jamming_active
17.537,25,jamming_active
17.538,25,jamming_active
17.539,25,jamming_active
17.54,25,jamming_active
17.541,25,jamming_active
17.542,25,jamming_active
17.543,25,jamming_active
17.544,25,jamming_active
17.545,25,jamming_active
17.546,25,jamming_active
17.547,25,jamming_active
17.548,25,jamming_active
17.549,25,jamming_active
17.55,25,jamming_active
17.551,25,jamming_active
17.552,25,jamming_active
17.553,25,jamming_active
17.554,25,jamming_active
17.555,25,jamming_active
17.556,25,jamming_active
17.557,25,jamming_active
17.558,25,jamming_active
17.559,25,jamming_active
17.56,25,jamming_active
17.561,25,jamming_active
17.562,25,jamming_active
17.563,25,jamming_active
17.564,25,jamming_active
17.565,25,jamming_active
17.566,25,jamming_active
17.567,25,jamming_active
17.568,25,jamming_active
17.569,25,jamming_active
17.57,25,jamming_active
17.571,25,jamming_active
17.572,25,jamming_active
17.573,25,jamming_active
17.574,25,jamming_active
17.575,25,jamming_active
17.576,25,jamming_active
17.577,25,jamming_active
17.578,25,jamming_active
17.579,25,jamming_active
17.58,25,jamming_active
17.581,25,jamming_active
17.582,25,jamming_active
17.583,25,jamming_active
17.584,25,jamming_active
17.585,25,jamming_active
17.586,25,jamming_active
17.587,25,jamming_active
17.588,25,jamming_active
17.589,25,jamming_active
17.59,25,jamming_active
17.591,25,jamming_active
17.592,25,jamming_active
17.593,25,jamming_active
17.594,25,jamming_active
17.595,25,jamming_active
17.596,25,jamming_active
17.597,25,jamming_active
17.598,25,jamming_active
17.599,25,jamming_active
17.6,25,jamming_active
17.601,25,jamming_active
17.602,25,jamming_active
17.603,25,jamming_active
17.604,25,jamming_active
17.605,25,jamming_active
17.606,25,jamming_active
17.607,25,jamming_active
17.608,25,jamming_active
17.609,25,jamming_active
17.61,25,jamming_active
17.611,25,jamming_active
17.612,25,jamming_active
17.613,25,jamming_active
17.614,25,jamming_active
17.615,25,jamming_active
17.616,25,jamming_active
17.617,25,jamming_active
17.618,25,jamming_active
17.619,25,jamming_active
17.62,25,jamming_active
17.621,25,jamming_active
17.622,25,jamming_active
17.623,25,jamming_active
17.624,25,jamming_active
17.625,25,jamming_active
17.626,25,jamming_active
17.627,25,jamming_active
17.628,25,jamming_active
17.629,25,jamming_active
17.63,25,jamming_active
17.631,25,jamming_active
17.632,25,jamming_active
17.633,25,jamming_active
17.634,25,jamming_active
17.635,25,jamming_active
17.636,25,jamming_active
17.637,25,jamming_active
17.638,25,jamming_active
17.639,25,jamming_active
17.64,25,jamming_active
17.641,25,jamming_active
17.642,25,jamming_active
17.643,25,jamming_active
17.644,25,jamming_active
17.645,25,jamming_active
17.646,25,jamming_active
17.647,25,jamming_active
17.648,25,jamming_active
17.649,25,jamming_active
17.65,25,jamming_active
17.651,25,jamming_active
17.652,25,jamming_active
17.653,25,jamming_active
17.654,25,jamming_active
17.655,25,jamming_active
17.656,25,jamming_active
17.657,25,jamming_active
17.658,25,jamming_active
17.659,25,jamming_active
17.66,25,jamming_active
17.661,25,jamming_active
17.662,25,jamming_active
17.663,25,jamming_active
17.664,25,jamming_active
17.665,25,jamming_active
17.666,25,jamming_active
17.667,25,jamming_active
17.668,25,jamming_active
17.669,25,jamming_active
17.67,25,jamming_active
17.671,25,jamming_active
17.672,25,jamming_active
17.673,25,jamming_active
17.674,25,jamming_active
17.675,25,jamming_active
17.676,25,jamming_active
17.677,25,jamming_active
17.678,25,jamming_active
17.679,25,jamming_active
17.68,25,jamming_active
17.681,25,jamming_active
17.682,25,jamming_active
17.683,25,jamming_active
17.684,25,jamming_active
17.685,25,jamming_active
17.686,25,jamming_active
17.687,25,jamming_active
17.688,25,jamming_active
17.689,25,jamming_active
17.69,25,jamming_active
17.691,25,jamming_active
17.692,25,jamming_active
17.693,25,jamming_active
17.694,25,jamming_active
17.695,25,jamming_active
17.696,25,jamming_active
17.697,25,jamming_active
17.698,25,jamming_active
17.699,25,jamming_active
17.7,25,jamming_active
17.701,25,jamming_active
17.702,25,jamming_active
17.703,25,jamming_active
17.704,25,jamming_active
17.705,25,jamming_active
17.706,25,jamming_active
17.707,25,jamming_active
17.708,25,jamming_active
17.709,25,jamming_active
17.71,25,jamming_active
17.711,25,jamming_active
17.712,25,jamming_active
17.713,25,jamming_active
17.714,25,jamming_active
17.715,25,jamming_active
17.716,25,jamming_active
17.717,25,jamming_active
17.718,25,jamming_active
17.719,25,jamming_active
17.72,25,jamming_active
17.721,25,jamming_active
17.722,25,jamming_active
17.723,25,jamming_active
17.724,25,jamming_active
17.725,25,jamming_active
17.726,25,jamming_active
17.727,25,jamming_active
17.728,25,jamming_active
17.729,25,jamming_active
17.73,25,jamming_active
17.731,25,jamming_active
17.732,25,jamming_active
17.733,25,jamming_active
17.734,25,jamming_active
17.735,25,jamming_active
17.736,25,jamming_active
17.737,25,jamming_active
17.738,25,jamming_active
17.739,25,jamming_active
17.74,25,jamming_active
17.741,25,jamming_active
17.742,25,jamming_active
17.743,25,jamming_active
17.744,25,jamming_active
17.745,25,jamming_active
17.746,25,jamming_active
17.747,25,jamming_active
17.748,25,jamming_active
17.749,25,jamming_active
17.75,25,jamming_active
17.751,25,jamming_active
17.752,25,jamming_active
17.753,25,jamming_active
17.754,25,jamming_active
17.755,25,jamming_active
17.756,25,jamming_active
17.757,25,jamming_active
17.758,25,jamming_active
17.759,25,jamming_active
17.76,25,jamming_active
17.761,25,jamming_active
17.762,25,jamming_active
17.763,25,jamming_active
17.764,25,jamming_active
17.765,25,jamming_active
17.766,25,jamming_active
17.767,25,jamming_active
17.768,25,jamming_active
17.769,25,jamming_active
17.77,25,jamming_active
17.771,25,jamming_active
17.772,25,jamming_active
17.773,25,jamming_active
17.774,25,jamming_active
17.775,25,jamming_active
17.776,25,jamming_active
17.777,25,jamming_active
17.778,25,jamming_active
17.779,25,jamming_active
17.78,25,jamming_active
17.781,25,jamming_active
17.782,25,jamming_active
17.783,25,jamming_active
17.784,25,jamming_active
17.785,25,jamming_active
17.786,25,jamming_active
17.787,25,jamming_active
17.788,25,jamming_active
17.789,25,jamming_active
17.79,25,jamming_active
17.791,25,jamming_active
17.792,25,jamming_active
17.793,25,jamming_active
17.794,25,jamming_active
17.795,25,jamming_active
17.796,25,jamming_active
17.797,25,jamming_active
17.798,25,jamming_active
17.799,25,jamming_active
17.8,25,jamming_active
17.801,25,jamming_active
17.802,25,jamming_active
17.803,25,jamming_active
17.804,25,jamming_active
17.805,25,jamming_active
17.806,25,jamming_active
17.807,25,jamming_active
17.808,25,jamming_active
17.809,25,jamming_active
17.81,25,jamming_active
17.811,25,jamming_active
17.812,25,jamming_active
17.813,25,jamming_active
17.814,25,jamming_active
17.815,25,jamming_active
17.816,25,jamming_active
17.817,25,jamming_active
17.818,25,jamming_active
17.819,25,jamming_active
17.82,25,jamming_active
17.821,25,jamming_active
17.822,25,jamming_active
17.823,25,jamming_active
17.824,25,jamming_active
17.825,25,jamming_active
17.826,25,jamming_active
17.827,25,jamming_active
17.828,25,jamming_active
17.829,25,jamming_active
17.83,25,jamming_active
17.831,25,jamming_active
17.832,25,jamming_active
17.833,25,jamming_active
17.834,25,jamming_active
17.835,25,jamming_active
17.836,25,jamming_active
17.837,25,jamming_active
17.838,25,jamming_active
17.839,25,jamming_active
17.84,25,jamming_active
17.841,25,jamming_active
17.842,25,jamming_active
17.843,25,jamming_active
17.844,25,jamming_active
17.845,25,jamming_active
17.846,25,jamming_active
17.847,25,jamming_active
17.848,25,jamming_active
17.849,25,jamming_active
17.85,25,jamming_active
17.851,25,jamming_active
17.852,25,jamming_active
17.853,25,jamming_active
17.854,25,jamming_active
17.855,25,jamming_active
17.856,25,jamming_active
17.857,25,jamming_active
17.858,25,jamming_active
17.859,25,jamming_active
17.86,25,jamming_active
17.861,25,jamming_active
17.862,25,jamming_active
17.863,25,jamming_active
17.864,25,jamming_active
17.865,25,jamming_active
17.866,25,jamming_active
17.867,25,jamming_active
17.868,25,jamming_active
17.869,25,jamming_active
17.87,25,jamming_active
17.871,25,jamming_active
17.872,25,jamming_active
17.873,25,jamming_active
17.874,25,jamming_active
17.875,25,jamming_active
17.876,25,jamming_active
17.877,25,jamming_active
17.878,25,jamming_active
17.879,25,jamming_active
17.88,25,jamming_active
17.881,25,jamming_active
17.882,25,jamming_active
17.883,25,jamming_active
17.884,25,jamming_active
17.885,25,jamming_active
17.886,25,jamming_active
17.887,25,jamming_active
17.888,25,jamming_active
17.889,25,jamming_active
17.89,25,jamming_active
17.891,25,jamming_active
17.892,25,jamming_active
17.893,25,jamming_active
17.894,25,jamming_active
17.895,25,jamming_active
17.896,25,jamming_active
17.897,25,jamming_active
17.898,25,jamming_active
17.899,25,jamming_active
17.9,25,jamming_active
17.901,25,jamming_active
17.902,25,jamming_active
17.903,25,jamming_active
17.904,25,jamming_active
17.905,25,jamming_active
17.906,25,jamming_active
17.907,25,jamming_active
17.908,25,jamming_active
17.909,25,jamming_active
17.91,25,jamming_active
17.911,25,jamming_active
17.912,25,jamming_active
17.913,25,jamming_active
17.914,25,jamming_active
17.915,25,jamming_active
17.916,25,jamming_active
17.917,25,jamming_active
17.918,25,jamming_active
17.919,25,jamming_active
17.92,25,jamming_active
17.921,25,jamming_active
17.922,25,jamming_active
17.923,25,jamming_active
17.924,25,jamming_active
17.925,25,jamming_active
17.926,25,jamming_active
17.927,25,jamming_active
17.928,25,jamming_active
17.929,25,jamming_active
17.93,25,jamming_active
17.931,25,jamming_active
17.932,25,jamming_active
17.933,25,jamming_active
17.934,25,jamming_active
17.935,25,jamming_active
17.936,25,jamming_active
17.937,25,jamming_active
17.938,25,jamming_active
17.939,25,jamming_active
17.94,25,jamming_active
17.941,25,jamming_active
17.942,25,jamming_active
17.943,25,jamming_active
17.944,25,jamming_active
17.945,25,jamming_active
17.946,25,jamming_active
17.947,25,jamming_active
17.948,25,jamming_active
17.949,25,jamming_active
17.95,25,jamming_active
17.951,25,jamming_active
17.952,25,jamming_active
17.953,25,jamming_active
17.954,25,jamming_active
17.955,25,jamming_active
17.956,25,jamming_active
17.957,25,jamming_active
17.958,25,jamming_active
17.959,25,jamming_active
17.96,25,jamming_active
17.961,25,jamming_active
17.962,25,jamming_active
17.963,25,jamming_active
17.964,25,jamming_active
17.965,25,jamming_active
17.966,25,jamming_active
17.967,25,jamming_active
17.968,25,jamming_active
17.969,25,jamming_active
17.97,25,jamming_active
17.971,25,jamming_active
17.972,25,jamming_active
17.973,25,jamming_active
17.974,25,jamming_active
17.975,25,jamming_active
17.976,25,jamming_active
17.977,25,jamming_active
17.978,25,jamming_active
17.979,25,jamming_active
17.98,25,jamming_active
17.981,25,jamming_active
17.982,25,jamming_active
17.983,25,jamming_active
17.984,25,jamming_active
17.985,25,jamming_active
17.986,25,jamming_active
17.987,25,jamming_active
17.988,25,jamming_active
17.989,25,jamming_active
17.99,25,jamming_active
17.991,25,jamming_active
17.992,25,jamming_active
17.993,25,jamming_active
17.994,25,jamming_active
17.995,25,jamming_active
17.996,25,jamming_active
17.997,25,jamming_active
17.998,25,jamming_active
17.999,25,jamming_active
18,25,jamming_active
18.001,25,jamming_active
18.002,25,jamming_active
18.003,25,jamming_active
18.004,25,jamming_active
18.005,25,jamming_active
18.006,25,jamming_active
18.007,25,jamming_active
18.008,25,jamming_active
18.009,25,jamming_active
18.01,25,jamming_active
18.011,25,jamming_active
18.012,25,jamming_active
18.013,25,jamming_active
18.014,25,jamming_active
18.015,25,jamming_active
18.016,25,jamming_active
18.017,25,jamming_active
18.018,25,jamming_active
18.019,25,jamming_active
18.02,25,jamming_active
18.021,25,jamming_active
18.022,25,jamming_active
18.023,25,jamming_active
18.024,25,jamming_active
18.025,25,jamming_active
18.026,25,jamming_active
18.027,25,jamming_active
18.028,25,jamming_active
18.029,25,jamming_active
18.03,25,jamming_active
18.031,25,jamming_active
18.032,25,jamming_active
18.033,25,jamming_active
18.034,25,jamming_active
18.035,25,jamming_active
18.036,25,jamming_active
18.037,25,jamming_active
18.038,25,jamming_active
18.039,25,jamming_active
18.04,25,jamming_active
18.041,25,jamming_active
18.042,25,jamming_active
18.043,25,jamming_active
18.044,25,jamming_active
18.045,25,jamming_active
18.046,25,jamming_active
18.047,25,jamming_active
18.048,25,jamming_active
18.049,25,jamming_active
18.05,25,jamming_active
18.051,25,jamming_active
18.052,25,jamming_active
18.053,25,jamming_active
18.054,25,jamming_active
18.055,25,jamming_active
18.056,25,jamming_active
18.057,25,jamming_active
18.058,25,jamming_active
18.059,25,jamming_active
18.06,25,jamming_active
18.061,25,jamming_active
18.062,25,jamming_active
18.063,25,jamming_active
18.064,25,jamming_active
18.065,25,jamming_active
18.066,25,jamming_active
18.067,25,jamming_active
18.068,25,jamming_active
18.069,25,jamming_active
18.07,25,jamming_active
18.071,25,jamming_active
18.072,25,jamming_active
18.073,25,jamming_active
18.074,25,jamming_active
18.075,25,jamming_active
18.076,25,jamming_active
18.077,25,jamming_active
18.078,25,jamming_active
18.079,25,jamming_active
18.08,25,jamming_active
18.081,25,jamming_active
18.082,25,jamming_active
18.083,25,jamming_active
18.084,25,jamming_active
18.085,25,jamming_active
18.086,25,jamming_active
18.087,25,jamming_active
18.088,25,jamming_active
18.089,25,jamming_active
18.09,25,jamming_active
18.091,25,jamming_active
18.092,25,jamming_active
18.093,25,jamming_active
18.094,25,jamming_active
18.095,25,jamming_active
18.096,25,jamming_active
18.097,25,jamming_active
18.098,25,jamming_active
18.099,25,jamming_active
18.1,25,jamming_active
18.101,25,jamming_active
18.102,25,jamming_active
18.103,25,jamming_active
18.104,25,jamming_active
18.105,25,jamming_active
18.106,25,jamming_active
18.107,25,jamming_active
18.108,25,jamming_active
18.109,25,jamming_active
18.11,25,jamming_active
18.111,25,jamming_active
18.112,25,jamming_active
18.113,25,jamming_active
18.114,25,jamming_active
18.115,25,jamming_active
18.116,25,jamming_active
18.117,25,jamming_active
18.118,25,jamming_active
18.119,25,jamming_active
18.12,25,jamming_active
18.121,25,jamming_active
18.122,25,jamming_active
18.123,25,jamming_active
18.124,25,jamming_active
18.125,25,jamming_active
18.126,25,jamming_active
18.127,25,jamming_active
18.128,25,jamming_active
18.129,25,jamming_active
18.13,25,jamming_active
18.131,25,jamming_active
18.132,25,jamming_active
18.133,25,jamming_active
18.134,25,jamming_active
18.135,25,jamming_active
18.136,25,jamming_active
18.137,25,jamming_active
18.138,25,jamming_active
18.139,25,jamming_active
18.14,25,jamming_active
18.141,25,jamming_active
18.142,25,jamming_active
18.143,25,jamming_active
18.144,25,jamming_active
18.145,25,jamming_active
18.146,25,jamming_active
18.147,25,jamming_active
18.148,25,jamming_active
18.149,25,jamming_active
18.15,25,jamming_active
18.151,25,jamming_active
18.152,25,jamming_active
18.153,25,jamming_active
18.154,25,jamming_active
18.155,25,jamming_active
18.156,25,jamming_active
18.157,25,jamming_active
18.158,25,jamming_active
18.159,25,jamming_active
18.16,25,jamming_active
18.161,25,jamming_active
18.162,25,jamming_active
18.163,25,jamming_active
18.164,25,jamming_active
18.165,25,jamming_active
18.166,25,jamming_active
18.167,25,jamming_active
18.168,25,jamming_active
18.169,25,jamming_active
18.17,25,jamming_active
18.171,25,jamming_active
18.172,25,jamming_active
18.173,25,jamming_active
18.174,25,jamming_active
18.175,25,jamming_active
18.176,25,jamming_active
18.177,25,jamming_active
18.178,25,jamming_active
18.179,25,jamming_active
18.18,25,jamming_active
18.181,25,jamming_active
18.182,25,jamming_active
18.183,25,jamming_active
18.184,25,jamming_active
18.185,25,jamming_active
18.186,25,jamming_active
18.187,25,jamming_active
18.188,25,jamming_active
18.189,25,jamming_active
18.19,25,jamming_active
18.191,25,jamming_active
18.192,25,jamming_active
18.193,25,jamming_active
18.194,25,jamming_active
18.195,25,jamming_active
18.196,25,jamming_active
18.197,25,jamming_active
18.198,25,jamming_active
18.199,25,jamming_active
18.2,25,jamming_active
18.201,25,jamming_active
18.202,25,jamming_active
18.203,25,jamming_active
18.204,25,jamming_active
18.205,25,jamming_active
18.206,25,jamming_active
18.207,25,jamming_active
18.208,25,jamming_active
18.209,25,jamming_active
18.21,25,jamming_active
18.211,25,jamming_active
18.212,25,jamming_active
18.213,25,jamming_active
18.214,25,jamming_active
18.215,25,jamming_active
18.216,25,jamming_active
18.217,25,jamming_active
18.218,25,jamming_active
18.219,25,jamming_active
18.22,25,jamming_active
18.221,25,jamming_active
18.222,25,jamming_active
18.223,25,jamming_active
18.224,25,jamming_active
18.225,25,jamming_active
18.226,25,jamming_active
18.227,25,jamming_active
18.228,25,jamming_active
18.229,25,jamming_active
18.23,25,jamming_active
18.231,25,jamming_active
18.232,25,jamming_active
18.233,25,jamming_active
18.234,25,jamming_active
18.235,25,jamming_active
18.236,25,jamming_active
18.237,25,jamming_active
18.238,25,jamming_active
18.239,25,jamming_active
18.24,25,jamming_active
18.241,25,jamming_active
18.242,25,jamming_active
18.243,25,jamming_active
18.244,25,jamming_active
18.245,25,jamming_active
18.246,25,jamming_active
18.247,25,jamming_active
18.248,25,jamming_active
18.249,25,jamming_active
18.25,25,jamming_active
18.251,25,jamming_active
18.252,25,jamming_active
18.253,25,jamming_active
18.254,25,jamming_active
18.255,25,jamming_active
18.256,25,jamming_active
18.257,25,jamming_active
18.258,25,jamming_active
18.259,25,jamming_active
18.26,25,jamming_active
18.261,25,jamming_active
18.262,25,jamming_active
18.263,25,jamming_active
18.264,25,jamming_active
18.265,25,jamming_active
18.266,25,jamming_active
18.267,25,jamming_active
18.268,25,jamming_active
18.269,25,jamming_active
18.27,25,jamming_active
18.271,25,jamming_active
18.272,25,jamming_active
18.273,25,jamming_active
18.274,25,jamming_active
18.275,25,jamming_active
18.276,25,jamming_active
18.277,25,jamming_active
18.278,25,jamming_active
18.279,25,jamming_active
18.28,25,jamming_active
18.281,25,jamming_active
18.282,25,jamming_active
18.283,25,jamming_active
18.284,25,jamming_active
18.285,25,jamming_active
18.286,25,jamming_active
18.287,25,jamming_active
18.288,25,jamming_active
18.289,25,jamming_active
18.29,25,jamming_active
18.291,25,jamming_active
18.292,25,jamming_active
18.293,25,jamming_active
18.294,25,jamming_active
18.295,25,jamming_active
18.296,25,jamming_active
18.297,25,jamming_active
18.298,25,jamming_active
18.299,25,jamming_active
18.3,25,jamming_active
18.301,25,jamming_active
18.302,25,jamming_active
18.303,25,jamming_active
18.304,25,jamming_active
18.305,25,jamming_active
18.306,25,jamming_active
18.307,25,jamming_active
18.308,25,jamming_active
18.309,25,jamming_active
18.31,25,jamming_active
18.311,25,jamming_active
18.312,25,jamming_active
18.313,25,jamming_active
18.314,25,jamming_active
18.315,25,jamming_active
18.316,25,jamming_active
18.317,25,jamming_active
18.318,25,jamming_active
18.319,25,jamming_active
18.32,25,jamming_active
18.321,25,jamming_active
18.322,25,jamming_active
18.323,25,jamming_active
18.324,25,jamming_active
18.325,25,jamming_active
18.326,25,jamming_active
18.327,25,jamming_active
18.328,25,jamming_active
18.329,25,jamming_active
18.33,25,jamming_active
18.331,25,jamming_active
18.332,25,jamming_active
18.333,25,jamming_active
18.334,25,jamming_active
18.335,25,jamming_active
18.336,25,jamming_active
18.337,25,jamming_active
18.338,25,jamming_active
18.339,25,jamming_active
18.34,25,jamming_active
18.341,25,jamming_active
18.342,25,jamming_active
18.343,25,jamming_active
18.344,25,jamming_active
18.345,25,jamming_active
18.346,25,jamming_active
18.347,25,jamming_active
18.348,25,jamming_active
18.349,25,jamming_active
18.35,25,jamming_active
18.351,25,jamming_active
18.352,25,jamming_active
18.353,25,jamming_active
18.354,25,jamming_active
18.355,25,jamming_active
18.356,25,jamming_active
18.357,25,jamming_active
18.358,25,jamming_active
18.359,25,jamming_active
18.36,25,jamming_active
18.361,25,jamming_active
18.362,25,jamming_active
18.363,25,jamming_active
18.364,25,jamming_active
18.365,25,jamming_active
18.366,25,jamming_active
18.367,25,jamming_active
18.368,25,jamming_active
18.369,25,jamming_active
18.37,25,jamming_active
18.371,25,jamming_active
18.372,25,jamming_active
18.373,25,jamming_active
18.374,25,jamming_active
18.375,25,jamming_active
18.376,25,jamming_active
18.377,25,jamming_active
18.378,25,jamming_active
18.379,25,jamming_active
18.38,25,jamming_active
18.381,25,jamming_active
18.382,25,jamming_active
18.383,25,jamming_active
18.384,25,jamming_active
18.385,25,jamming_active
18.386,25,jamming_active
18.387,25,jamming_active
18.388,25,jamming_active
18.389,25,jamming_active
18.39,25,jamming_active
18.391,25,jamming_active
18.392,25,jamming_active
18.393,25,jamming_active
18.394,25,jamming_active
18.395,25,jamming_active
18.396,25,jamming_active
18.397,25,jamming_active
18.398,25,jamming_active
18.399,25,jamming_active
18.4,25,jamming_active
18.401,25,jamming_active
18.402,25,jamming_active
18.403,25,jamming_active
18.404,25,jamming_active
18.405,25,jamming_active
18.406,25,jamming_active
18.407,25,jamming_active
18.408,25,jamming_active
18.409,25,jamming_active
18.41,25,jamming_active
18.411,25,jamming_active
18.412,25,jamming_active
18.413,25,jamming_active
18.414,25,jamming_active
18.415,25,jamming_active
18.416,25,jamming_active
18.417,25,jamming_active
18.418,25,jamming_active
18.419,25,jamming_active
18.42,25,jamming_active
18.421,25,jamming_active
18.422,25,jamming_active
18.423,25,jamming_active
18.424,25,jamming_active
18.425,25,jamming_active
18.426,25,jamming_active
18.427,25,jamming_active
18.428,25,jamming_active
18.429,25,jamming_active
18.43,25,jamming_active
18.431,25,jamming_active
18.432,25,jamming_active
18.433,25,jamming_active
18.434,25,jamming_active
18.435,25,jamming_active
18.436,25,jamming_active
18.437,25,jamming_active
18.438,25,jamming_active
18.439,25,jamming_active
18.44,25,jamming_active
18.441,25,jamming_active
18.442,25,jamming_active
18.443,25,jamming_active
18.444,25,jamming_active
18.445,25,jamming_active
18.446,25,jamming_active
18.447,25,jamming_active
18.448,25,jamming_active
18.449,25,jamming_active
18.45,25,jamming_active
18.451,25,jamming_active
18.452,25,jamming_active
18.453,25,jamming_active
18.454,25,jamming_active
18.455,25,jamming_active
18.456,25,jamming_active
18.457,25,jamming_active
18.458,25,jamming_active
18.459,25,jamming_active
18.46,25,jamming_active
18.461,25,jamming_active
18.462,25,jamming_active
18.463,25,jamming_active
18.464,25,jamming_active
18.465,25,jamming_active
18.466,25,jamming_active
18.467,25,jamming_active
18.468,25,jamming_active
18.469,25,jamming_active
18.47,25,jamming_active
18.471,25,jamming_active
18.472,25,jamming_active
18.473,25,jamming_active
18.474,25,jamming_active
18.475,25,jamming_active
18.476,25,jamming_active
18.477,25,jamming_active
18.478,25,jamming_active
18.479,25,jamming_active
18.48,25,jamming_active
18.481,25,jamming_active
18.482,25,jamming_active
18.483,25,jamming_active
18.484,25,jamming_active
18.485,25,jamming_active
18.486,25,jamming_active
18.487,25,jamming_active
18.488,25,jamming_active
18.489,25,jamming_active
18.49,25,jamming_active
18.491,25,jamming_active
18.492,25,jamming_active
18.493,25,jamming_active
18.494,25,jamming_active
18.495,25,jamming_active
18.496,25,jamming_active
18.497,25,jamming_active
18.498,25,jamming_active
18.499,25,jamming_active
18.5,25,jamming_active
18.501,25,jamming_active
18.502,25,jamming_active
18.503,25,jamming_active
18.504,25,jamming_active
18.505,25,jamming_active
18.506,25,jamming_active
18.507,25,jamming_active
18.508,25,jamming_active
18.509,25,jamming_active
18.51,25,jamming_active
18.511,25,jamming_active
18.512,25,jamming_active
18.513,25,jamming_active
18.514,25,jamming_active
18.515,25,jamming_active
18.516,25,jamming_active
18.517,25,jamming_active
18.518,25,jamming_active
18.519,25,jamming_active
18.52,25,jamming_active
18.521,25,jamming_active
18.522,25,jamming_active
18.523,25,jamming_active
18.524,25,jamming_active
18.525,25,jamming_active
18.526,25,jamming_active
18.527,25,jamming_active
18.528,25,jamming_active
18.529,25,jamming_active
18.53,25,jamming_active
18.531,25,jamming_active
18.532,25,jamming_active
18.533,25,jamming_active
18.534,25,jamming_active
18.535,25,jamming_active
18.536,25,jamming_active
18.537,25,jamming_active
18.538,25,jamming_active
18.539,25,jamming_active
18.54,25,jamming_active
18.541,25,jamming_active
18.542,25,jamming_active
18.543,25,jamming_active
18.544,25,jamming_active
18.545,25,jamming_active
18.546,25,jamming_active
18.547,25,jamming_active
18.548,25,jamming_active
18.549,25,jamming_active
18.55,25,jamming_active
18.551,25,jamming_active
18.552,25,jamming_active
18.553,25,jamming_active
18.554,25,jamming_active
18.555,25,jamming_active
18.556,25,jamming_active
18.557,25,jamming_active
18.558,25,jamming_active
18.559,25,jamming_active
18.56,25,jamming_active
18.561,25,jamming_active
18.562,25,jamming_active
18.563,25,jamming_active
18.564,25,jamming_active
18.565,25,jamming_active
18.566,25,jamming_active
18.567,25,jamming_active
18.568,25,jamming_active
18.569,25,jamming_active
18.57,25,jamming_active
18.571,25,jamming_active
18.572,25,jamming_active
18.573,25,jamming_active
18.574,25,jamming_active
18.575,25,jamming_active
18.576,25,jamming_active
18.577,25,jamming_active
18.578,25,jamming_active
18.579,25,jamming_active
18.58,25,jamming_active
18.581,25,jamming_active
18.582,25,jamming_active
18.583,25,jamming_active
18.584,25,jamming_active
18.585,25,jamming_active
18.586,25,jamming_active
18.587,25,jamming_active
18.588,25,jamming_active
18.589,25,jamming_active
18.59,25,jamming_active
18.591,25,jamming_active
18.592,25,jamming_active
18.593,25,jamming_active
18.594,25,jamming_active
18.595,25,jamming_active
18.596,25,jamming_active
18.597,25,jamming_active
18.598,25,jamming_active
18.599,25,jamming_active
18.6,25,jamming_active
18.601,25,jamming_active
18.602,25,jamming_active
18.603,25,jamming_active
18.604,25,jamming_active
18.605,25,jamming_active
18.606,25,jamming_active
18.607,25,jamming_active
18.608,25,jamming_active
18.609,25,jamming_active
18.61,25,jamming_active
18.611,25,jamming_active
18.612,25,jamming_active
18.613,25,jamming_active
18.614,25,jamming_active
18.615,25,jamming_active
18.616,25,jamming_active
18.617,25,jamming_active
18.618,25,jamming_active
18.619,25,jamming_active
18.62,25,jamming_active
18.621,25,jamming_active
18.622,25,jamming_active
18.623,25,jamming_active
18.624,25,jamming_active
18.625,25,jamming_active
18.626,25,jamming_active
18.627,25,jamming_active
18.628,25,jamming_active
18.629,25,jamming_active
18.63,25,jamming_active
18.631,25,jamming_active
18.632,25,jamming_active
18.633,25,jamming_active
18.634,25,jamming_active
18.635,25,jamming_active
18.636,25,jamming_active
18.637,25,jamming_active
18.638,25,jamming_active
18.639,25,jamming_active
18.64,25,jamming_active
18.641,25,jamming_active
18.642,25,jamming_active
18.643,25,jamming_active
18.644,25,jamming_active
18.645,25,jamming_active
18.646,25,jamming_active
18.647,25,jamming_active
18.648,25,jamming_active
18.649,25,jamming_active
18.65,25,jamming_active
18.651,25,jamming_active
18.652,25,jamming_active
18.653,25,jamming_active
18.654,25,jamming_active
18.655,25,jamming_active
18.656,25,jamming_active
18.657,25,jamming_active
18.658,25,jamming_active
18.659,25,jamming_active
18.66,25,jamming_active
18.661,25,jamming_active
18.662,25,jamming_active
18.663,25,jamming_active
18.664,25,jamming_active
18.665,25,jamming_active
18.666,25,jamming_active
18.667,25,jamming_active
18.668,25,jamming_active
18.669,25,jamming_active
18.67,25,jamming_active
18.671,25,jamming_active
18.672,25,jamming_active
18.673,25,jamming_active
18.674,25,jamming_active
18.675,25,jamming_active
18.676,25,jamming_active
18.677,25,jamming_active
18.678,25,jamming_active
18.679,25,jamming_active
18.68,25,jamming_active
18.681,25,jamming_active
18.682,25,jamming_active
18.683,25,jamming_active
18.684,25,jamming_active
18.685,25,jamming_active
18.686,25,jamming_active
18.687,25,jamming_active
18.688,25,jamming_active
18.689,25,jamming_active
18.69,25,jamming_active
18.691,25,jamming_active
18.692,25,jamming_active
18.693,25,jamming_active
18.694,25,jamming_active
18.695,25,jamming_active
18.696,25,jamming_active
18.697,25,jamming_active
18.698,25,jamming_active
18.699,25,jamming_active
18.7,25,jamming_active
18.701,25,jamming_active
18.702,25,jamming_active
18.703,25,jamming_active
18.704,25,jamming_active
18.705,25,jamming_active
18.706,25,jamming_active
18.707,25,jamming_active
18.708,25,jamming_active
18.709,25,jamming_active
18.71,25,jamming_active
18.711,25,jamming_active
18.712,25,jamming_active
18.713,25,jamming_active
18.714,25,jamming_active
18.715,25,jamming_active
18.716,25,jamming_active
18.717,25,jamming_active
18.718,25,jamming_active
18.719,25,jamming_active
18.72,25,jamming_active
18.721,25,jamming_active
18.722,25,jamming_active
18.723,25,jamming_active
18.724,25,jamming_active
18.725,25,jamming_active
18.726,25,jamming_active
18.727,25,jamming_active
18.728,25,jamming_active
18.729,25,jamming_active
18.73,25,jamming_active
18.731,25,jamming_active
18.732,25,jamming_active
18.733,25,jamming_active
18.734,25,jamming_active
18.735,25,jamming_active
18.736,25,jamming_active
18.737,25,jamming_active
18.738,25,jamming_active
18.739,25,jamming_active
18.74,25,jamming_active
18.741,25,jamming_active
18.742,25,jamming_active
18.743,25,jamming_active
18.744,25,jamming_active
18.745,25,jamming_active
18.746,25,jamming_active
18.747,25,jamming_active
18.748,25,jamming_active
18.749,25,jamming_active
18.75,25,jamming_active
18.751,25,jamming_active
18.752,25,jamming_active
18.753,25,jamming_active
18.754,25,jamming_active
18.755,25,jamming_active
18.756,25,jamming_active
18.757,25,jamming_active
18.758,25,jamming_active
18.759,25,jamming_active
18.76,25,jamming_active
18.761,25,jamming_active
18.762,25,jamming_active
18.763,25,jamming_active
18.764,25,jamming_active
18.765,25,jamming_active
18.766,25,jamming_active
18.767,25,jamming_active
18.768,25,jamming_active
18.769,25,jamming_active
18.77,25,jamming_active
18.771,25,jamming_active
18.772,25,jamming_active
18.773,25,jamming_active
18.774,25,jamming_active
18.775,25,jamming_active
18.776,25,jamming_active
18.777,25,jamming_active
18.778,25,jamming_active
18.779,25,jamming_active
18.78,25,jamming_active
18.781,25,jamming_active
18.782,25,jamming_active
18.783,25,jamming_active
18.784,25,jamming_active
18.785,25,jamming_active
18.786,25,jamming_active
18.787,25,jamming_active
18.788,25,jamming_active
18.789,25,jamming_active
18.79,25,jamming_active
18.791,25,jamming_active
18.792,25,jamming_active
18.793,25,jamming_active
18.794,25,jamming_active
18.795,25,jamming_active
18.796,25,jamming_active
18.797,25,jamming_active
18.798,25,jamming_active
18.799,25,jamming_active
18.8,25,jamming_active
18.801,25,jamming_active
18.802,25,jamming_active
18.803,25,jamming_active
18.804,25,jamming_active
18.805,25,jamming_active
18.806,25,jamming_active
18.807,25,jamming_active
18.808,25,jamming_active
18.809,25,jamming_active
18.81,25,jamming_active
18.811,25,jamming_active
18.812,25,jamming_active
18.813,25,jamming_active
18.814,25,jamming_active
18.815,25,jamming_active
18.816,25,jamming_active
18.817,25,jamming_active
18.818,25,jamming_active
18.819,25,jamming_active
18.82,25,jamming_active
18.821,25,jamming_active
18.822,25,jamming_active
18.823,25,jamming_active
18.824,25,jamming_active
18.825,25,jamming_active
18.826,25,jamming_active
18.827,25,jamming_active
18.828,25,jamming_active
18.829,25,jamming_active
18.83,25,jamming_active
18.831,25,jamming_active
18.832,25,jamming_active
18.833,25,jamming_active
18.834,25,jamming_active
18.835,25,jamming_active
18.836,25,jamming_active
18.837,25,jamming_active
18.838,25,jamming_active
18.839,25,jamming_active
18.84,25,jamming_active
18.841,25,jamming_active
18.842,25,jamming_active
18.843,25,jamming_active
18.844,25,jamming_active
18.845,25,jamming_active
18.846,25,jamming_active
18.847,25,jamming_active
18.848,25,jamming_active
18.849,25,jamming_active
18.85,25,jamming_active
18.851,25,jamming_active
18.852,25,jamming_active
18.853,25,jamming_active
18.854,25,jamming_active
18.855,25,jamming_active
18.856,25,jamming_active
18.857,25,jamming_active
18.858,25,jamming_active
18.859,25,jamming_active
18.86,25,jamming_active
18.861,25,jamming_active
18.862,25,jamming_active
18.863,25,jamming_active
18.864,25,jamming_active
18.865,25,jamming_active
18.866,25,jamming_active
18.867,25,jamming_active
18.868,25,jamming_active
18.869,25,jamming_active
18.87,25,jamming_active
18.871,25,jamming_active
18.872,25,jamming_active
18.873,25,jamming_active
18.874,25,jamming_active
18.875,25,jamming_active
18.876,25,jamming_active
18.877,25,jamming_active
18.878,25,jamming_active
18.879,25,jamming_active
18.88,25,jamming_active
18.881,25,jamming_active
18.882,25,jamming_active
18.883,25,jamming_active
18.884,25,jamming_active
18.885,25,jamming_active
18.886,25,jamming_active
18.887,25,jamming_active
18.888,25,jamming_active
18.889,25,jamming_active
18.89,25,jamming_active
18.891,25,jamming_active
18.892,25,jamming_active
18.893,25,jamming_active
18.894,25,jamming_active
18.895,25,jamming_active
18.896,25,jamming_active
18.897,25,jamming_active
18.898,25,jamming_active
18.899,25,jamming_active
18.9,25,jamming_active
18.901,25,jamming_active
18.902,25,jamming_active
18.903,25,jamming_active
18.904,25,jamming_active
18.905,25,jamming_active
18.906,25,jamming_active
18.907,25,jamming_active
18.908,25,jamming_active
18.909,25,jamming_active
18.91,25,jamming_active
18.911,25,jamming_active
18.912,25,jamming_active
18.913,25,jamming_active
18.914,25,jamming_active
18.915,25,jamming_active
18.916,25,jamming_active
18.917,25,jamming_active
18.918,25,jamming_active
18.919,25,jamming_active
18.92,25,jamming_active
18.921,25,jamming_active
18.922,25,jamming_active
18.923,25,jamming_active
18.924,25,jamming_active
18.925,25,jamming_active
18.926,25,jamming_active
18.927,25,jamming_active
18.928,25,jamming_active
18.929,25,jamming_active
18.93,25,jamming_active
18.931,25,jamming_active
18.932,25,jamming_active
18.933,25,jamming_active
18.934,25,jamming_active
18.935,25,jamming_active
18.936,25,jamming_active
18.937,25,jamming_active
18.938,25,jamming_active
18.939,25,jamming_active
18.94,25,jamming_active
18.941,25,jamming_active
18.942,25,jamming_active
18.943,25,jamming_active
18.944,25,jamming_active
18.945,25,jamming_active
18.946,25,jamming_active
18.947,25,jamming_active
18.948,25,jamming_active
18.949,25,jamming_active
18.95,25,jamming_active
18.951,25,jamming_active
18.952,25,jamming_active
18.953,25,jamming_active
18.954,25,jamming_active
18.955,25,jamming_active
18.956,25,jamming_active
18.957,25,jamming_active
18.958,25,jamming_active
18.959,25,jamming_active
18.96,25,jamming_active
18.961,25,jamming_active
18.962,25,jamming_active
18.963,25,jamming_active
18.964,25,jamming_active
18.965,25,jamming_active
18.966,25,jamming_active
18.967,25,jamming_active
18.968,25,jamming_active
18.969,25,jamming_active
18.97,25,jamming_active
18.971,25,jamming_active
18.972,25,jamming_active
18.973,25,jamming_active
18.974,25,jamming_active
18.975,25,jamming_active
18.976,25,jamming_active
18.977,25,jamming_active
18.978,25,jamming_active
18.979,25,jamming_active
18.98,25,jamming_active
18.981,25,jamming_active
18.982,25,jamming_active
18.983,25,jamming_active
18.984,25,jamming_active
18.985,25,jamming_active
18.986,25,jamming_active
18.987,25,jamming_active
18.988,25,jamming_active
18.989,25,jamming_active
18.99,25,jamming_active
18.991,25,jamming_active
18.992,25,jamming_active
18.993,25,jamming_active
18.994,25,jamming_active
18.995,25,jamming_active
18.996,25,jamming_active
18.997,25,jamming_active
18.998,25,jamming_active
18.999,25,jamming_active
19,25,jamming_active
19.001,25,jamming_active
19.002,25,jamming_active
19.003,25,jamming_active
19.004,25,jamming_active
19.005,25,jamming_active
19.006,25,jamming_active
19.007,25,jamming_active
19.008,25,jamming_active
19.009,25,jamming_active
19.01,25,jamming_active
19.011,25,jamming_active
19.012,25,jamming_active
19.013,25,jamming_active
19.014,25,jamming_active
19.015,25,jamming_active
19.016,25,jamming_active
19.017,25,jamming_active
19.018,25,jamming_active
19.019,25,jamming_active
19.02,25,jamming_active
19.021,25,jamming_active
19.022,25,jamming_active
19.023,25,jamming_active
19.024,25,jamming_active
19.025,25,jamming_active
19.026,25,jamming_active
19.027,25,jamming_active
19.028,25,jamming_active
19.029,25,jamming_active
19.03,25,jamming_active
19.031,25,jamming_active
19.032,25,jamming_active
19.033,25,jamming_active
19.034,25,jamming_active
19.035,25,jamming_active
19.036,25,jamming_active
19.037,25,jamming_active
19.038,25,jamming_active
19.039,25,jamming_active
19.04,25,jamming_active
19.041,25,jamming_active
19.042,25,jamming_active
19.043,25,jamming_active
19.044,25,jamming_active
19.045,25,jamming_active
19.046,25,jamming_active
19.047,25,jamming_active
19.048,25,jamming_active
19.049,25,jamming_active
19.05,25,jamming_active
19.051,25,jamming_active
19.052,25,jamming_active
19.053,25,jamming_active
19.054,25,jamming_active
19.055,25,jamming_active
19.056,25,jamming_active
19.057,25,jamming_active
19.058,25,jamming_active
19.059,25,jamming_active
19.06,25,jamming_active
19.061,25,jamming_active
19.062,25,jamming_active
19.063,25,jamming_active
19.064,25,jamming_active
19.065,25,jamming_active
19.066,25,jamming_active
19.067,25,jamming_active
19.068,25,jamming_active
19.069,25,jamming_active
19.07,25,jamming_active
19.071,25,jamming_active
19.072,25,jamming_active
19.073,25,jamming_active
19.074,25,jamming_active
19.075,25,jamming_active
19.076,25,jamming_active
19.077,25,jamming_active
19.078,25,jamming_active
19.079,25,jamming_active
19.08,25,jamming_active
19.081,25,jamming_active
19.082,25,jamming_active
19.083,25,jamming_active
19.084,25,jamming_active
19.085,25,jamming_active
19.086,25,jamming_active
19.087,25,jamming_active
19.088,25,jamming_active
19.089,25,jamming_active
19.09,25,jamming_active
19.091,25,jamming_active
19.092,25,jamming_active
19.093,25,jamming_active
19.094,25,jamming_active
19.095,25,jamming_active
19.096,25,jamming_active
19.097,25,jamming_active
19.098,25,jamming_active
19.099,25,jamming_active
19.1,25,jamming_active
19.101,25,jamming_active
19.102,25,jamming_active
19.103,25,jamming_active
19.104,25,jamming_active
19.105,25,jamming_active
19.106,25,jamming_active
19.107,25,jamming_active
19.108,25,jamming_active
19.109,25,jamming_active
19.11,25,jamming_active
19.111,25,jamming_active
19.112,25,jamming_active
19.113,25,jamming_active
19.114,25,jamming_active
19.115,25,jamming_active
19.116,25,jamming_active
19.117,25,jamming_active
19.118,25,jamming_active
19.119,25,jamming_active
19.12,25,jamming_active
19.121,25,jamming_active
19.122,25,jamming_active
19.123,25,jamming_active
19.124,25,jamming_active
19.125,25,jamming_active
19.126,25,jamming_active
19.127,25,jamming_active
19.128,25,jamming_active
19.129,25,jamming_active
19.13,25,jamming_active
19.131,25,jamming_active
19.132,25,jamming_active
19.133,25,jamming_active
19.134,25,jamming_active
19.135,25,jamming_active
19.136,25,jamming_active
19.137,25,jamming_active
19.138,25,jamming_active
19.139,25,jamming_active
19.14,25,jamming_active
19.141,25,jamming_active
19.142,25,jamming_active
19.143,25,jamming_active
19.144,25,jamming_active
19.145,25,jamming_active
19.146,25,jamming_active
19.147,25,jamming_active
19.148,25,jamming_active
19.149,25,jamming_active
19.15,25,jamming_active
19.151,25,jamming_active
19.152,25,jamming_active
19.153,25,jamming_active
19.154,25,jamming_active
19.155,25,jamming_active
19.156,25,jamming_active
19.157,25,jamming_active
19.158,25,jamming_active
19.159,25,jamming_active
19.16,25,jamming_active
19.161,25,jamming_active
19.162,25,jamming_active
19.163,25,jamming_active
19.164,25,jamming_active
19.165,25,jamming_active
19.166,25,jamming_active
19.167,25,jamming_active
19.168,25,jamming_active
19.169,25,jamming_active
19.17,25,jamming_active
19.171,25,jamming_active
19.172,25,jamming_active
19.173,25,jamming_active
19.174,25,jamming_active
19.175,25,jamming_active
19.176,25,jamming_active
19.177,25,jamming_active
19.178,25,jamming_active
19.179,25,jamming_active
19.18,25,jamming_active
19.181,25,jamming_active
19.182,25,jamming_active
19.183,25,jamming_active
19.184,25,jamming_active
19.185,25,jamming_active
19.186,25,jamming_active
19.187,25,jamming_active
19.188,25,jamming_active
19.189,25,jamming_active
19.19,25,jamming_active
19.191,25,jamming_active
19.192,25,jamming_active
19.193,25,jamming_active
19.194,25,jamming_active
19.195,25,jamming_active
19.196,25,jamming_active
19.197,25,jamming_active
19.198,25,jamming_active
19.199,25,jamming_active
19.2,25,jamming_active
19.201,25,jamming_active
19.202,25,jamming_active
19.203,25,jamming_active
19.204,25,jamming_active
19.205,25,jamming_active
19.206,25,jamming_active
19.207,25,jamming_active
19.208,25,jamming_active
19.209,25,jamming_active
19.21,25,jamming_active
19.211,25,jamming_active
19.212,25,jamming_active
19.213,25,jamming_active
19.214,25,jamming_active
19.215,25,jamming_active
19.216,25,jamming_active
19.217,25,jamming_active
19.218,25,jamming_active
19.219,25,jamming_active
19.22,25,jamming_active
19.221,25,jamming_active
19.222,25,jamming_active
19.223,25,jamming_active
19.224,25,jamming_active
19.225,25,jamming_active
19.226,25,jamming_active
19.227,25,jamming_active
19.228,25,jamming_active
19.229,25,jamming_active
19.23,25,jamming_active
19.231,25,jamming_active
19.232,25,jamming_active
19.233,25,jamming_active
19.234,25,jamming_active
19.235,25,jamming_active
19.236,25,jamming_active
19.237,25,jamming_active
19.238,25,jamming_active
19.239,25,jamming_active
19.24,25,jamming_active
19.241,25,jamming_active
19.242,25,jamming_active
19.243,25,jamming_active
19.244,25,jamming_active
19.245,25,jamming_active
19.246,25,jamming_active
19.247,25,jamming_active
19.248,25,jamming_active
19.249,25,jamming_active
19.25,25,jamming_active
19.251,25,jamming_active
19.252,25,jamming_active
19.253,25,jamming_active
19.254,25,jamming_active
19.255,25,jamming_active
19.256,25,jamming_active
19.257,25,jamming_active
19.258,25,jamming_active
19.259,25,jamming_active
19.26,25,jamming_active
19.261,25,jamming_active
19.262,25,jamming_active
19.263,25,jamming_active
19.264,25,jamming_active
19.265,25,jamming_active
19.266,25,jamming_active
19.267,25,jamming_active
19.268,25,jamming_active
19.269,25,jamming_active
19.27,25,jamming_active
19.271,25,jamming_active
19.272,25,jamming_active
19.273,25,jamming_active
19.274,25,jamming_active
19.275,25,jamming_active
19.276,25,jamming_active
19.277,25,jamming_active
19.278,25,jamming_active
19.279,25,jamming_active
19.28,25,jamming_active
19.281,25,jamming_active
19.282,25,jamming_active
19.283,25,jamming_active
19.284,25,jamming_active
19.285,25,jamming_active
19.286,25,jamming_active
19.287,25,jamming_active
19.288,25,jamming_active
19.289,25,jamming_active
19.29,25,jamming_active
19.291,25,jamming_active
19.292,25,jamming_active
19.293,25,jamming_active
19.294,25,jamming_active
19.295,25,jamming_active
19.296,25,jamming_active
19.297,25,jamming_active
19.298,25,jamming_active
19.299,25,jamming_active
19.3,25,jamming_active
19.301,25,jamming_active
19.302,25,jamming_active
19.303,25,jamming_active
19.304,25,jamming_active
19.305,25,jamming_active
19.306,25,jamming_active
19.307,25,jamming_active
19.308,25,jamming_active
19.309,25,jamming_active
19.31,25,jamming_active
19.311,25,jamming_active
19.312,25,jamming_active
19.313,25,jamming_active
19.314,25,jamming_active
19.315,25,jamming_active
19.316,25,jamming_active
19.317,25,jamming_active
19.318,25,jamming_active
19.319,25,jamming_active
19.32,25,jamming_active
19.321,25,jamming_active
19.322,25,jamming_active
19.323,25,jamming_active
19.324,25,jamming_active
19.325,25,jamming_active
19.326,25,jamming_active
19.327,25,jamming_active
19.328,25,jamming_active
19.329,25,jamming_active
19.33,25,jamming_active
19.331,25,jamming_active
19.332,25,jamming_active
19.333,25,jamming_active
19.334,25,jamming_active
19.335,25,jamming_active
19.336,25,jamming_active
19.337,25,jamming_active
19.338,25,jamming_active
19.339,25,jamming_active
19.34,25,jamming_active
19.341,25,jamming_active
19.342,25,jamming_active
19.343,25,jamming_active
19.344,25,jamming_active
19.345,25,jamming_active
19.346,25,jamming_active
19.347,25,jamming_active
19.348,25,jamming_active
19.349,25,jamming_active
19.35,25,jamming_active
19.351,25,jamming_active
19.352,25,jamming_active
19.353,25,jamming_active
19.354,25,jamming_active
19.355,25,jamming_active
19.356,25,jamming_active
19.357,25,jamming_active
19.358,25,jamming_active
19.359,25,jamming_active
19.36,25,jamming_active
19.361,25,jamming_active
19.362,25,jamming_active
19.363,25,jamming_active
19.364,25,jamming_active
19.365,25,jamming_active
19.366,25,jamming_active
19.367,25,jamming_active
19.368,25,jamming_active
19.369,25,jamming_active
19.37,25,jamming_active
19.371,25,jamming_active
19.372,25,jamming_active
19.373,25,jamming_active
19.374,25,jamming_active
19.375,25,jamming_active
19.376,25,jamming_active
19.377,25,jamming_active
19.378,25,jamming_active
19.379,25,jamming_active
19.38,25,jamming_active
19.381,25,jamming_active
19.382,25,jamming_active
19.383,25,jamming_active
19.384,25,jamming_active
19.385,25,jamming_active
19.386,25,jamming_active
19.387,25,jamming_active
19.388,25,jamming_active
19.389,25,jamming_active
19.39,25,jamming_active
19.391,25,jamming_active
19.392,25,jamming_active
19.393,25,jamming_active
19.394,25,jamming_active
19.395,25,jamming_active
19.396,25,jamming_active
19.397,25,jamming_active
19.398,25,jamming_active
19.399,25,jamming_active
19.4,25,jamming_active
19.401,25,jamming_active
19.402,25,jamming_active
19.403,25,jamming_active
19.404,25,jamming_active
19.405,25,jamming_active
19.406,25,jamming_active
19.407,25,jamming_active
19.408,25,jamming_active
19.409,25,jamming_active
19.41,25,jamming_active
19.411,25,jamming_active
19.412,25,jamming_active
19.413,25,jamming_active
19.414,25,jamming_active
19.415,25,jamming_active
19.416,25,jamming_active
19.417,25,jamming_active
19.418,25,jamming_active
19.419,25,jamming_active
19.42,25,jamming_active
19.421,25,jamming_active
19.422,25,jamming_active
19.423,25,jamming_active
19.424,25,jamming_active
19.425,25,jamming_active
19.426,25,jamming_active
19.427,25,jamming_active
19.428,25,jamming_active
19.429,25,jamming_active
19.43,25,jamming_active
19.431,25,jamming_active
19.432,25,jamming_active
19.433,25,jamming_active
19.434,25,jamming_active
19.435,25,jamming_active
19.436,25,jamming_active
19.437,25,jamming_active
19.438,25,jamming_active
19.439,25,jamming_active
19.44,25,jamming_active
19.441,25,jamming_active
19.442,25,jamming_active
19.443,25,jamming_active
19.444,25,jamming_active
19.445,25,jamming_active
19.446,25,jamming_active
19.447,25,jamming_active
19.448,25,jamming_active
19.449,25,jamming_active
19.45,25,jamming_active
19.451,25,jamming_active
19.452,25,jamming_active
19.453,25,jamming_active
19.454,25,jamming_active
19.455,25,jamming_active
19.456,25,jamming_active
19.457,25,jamming_active
19.458,25,jamming_active
19.459,25,jamming_active
19.46,25,jamming_active
19.461,25,jamming_active
19.462,25,jamming_active
19.463,25,jamming_active
19.464,25,jamming_active
19.465,25,jamming_active
19.466,25,jamming_active
19.467,25,jamming_active
19.468,25,jamming_active
19.469,25,jamming_active
19.47,25,jamming_active
19.471,25,jamming_active
19.472,25,jamming_active
19.473,25,jamming_active
19.474,25,jamming_active
19.475,25,jamming_active
19.476,25,jamming_active
19.477,25,jamming_active
19.478,25,jamming_active
19.479,25,jamming_active
19.48,25,jamming_active
19.481,25,jamming_active
19.482,25,jamming_active
19.483,25,jamming_active
19.484,25,jamming_active
19.485,25,jamming_active
19.486,25,jamming_active
19.487,25,jamming_active
19.488,25,jamming_active
19.489,25,jamming_active
19.49,25,jamming_active
19.491,25,jamming_active
19.492,25,jamming_active
19.493,25,jamming_active
19.494,25,jamming_active
19.495,25,jamming_active
19.496,25,jamming_active
19.497,25,jamming_active
19.498,25,jamming_active
19.499,25,jamming_active
19.5,25,jamming_active
19.501,25,jamming_active
19.502,25,jamming_active
19.503,25,jamming_active
19.504,25,jamming_active
19.505,25,jamming_active
19.506,25,jamming_active
19.507,25,jamming_active
19.508,25,jamming_active
19.509,25,jamming_active
19.51,25,jamming_active
19.511,25,jamming_active
19.512,25,jamming_active
19.513,25,jamming_active
19.514,25,jamming_active
19.515,25,jamming_active
19.516,25,jamming_active
19.517,25,jamming_active
19.518,25,jamming_active
19.519,25,jamming_active
19.52,25,jamming_active
19.521,25,jamming_active
19.522,25,jamming_active
19.523,25,jamming_active
19.524,25,jamming_active
19.525,25,jamming_active
19.526,25,jamming_active
19.527,25,jamming_active
19.528,25,jamming_active
19.529,25,jamming_active
19.53,25,jamming_active
19.531,25,jamming_active
19.532,25,jamming_active
19.533,25,jamming_active
19.534,25,jamming_active
19.535,25,jamming_active
19.536,25,jamming_active
19.537,25,jamming_active
19.538,25,jamming_active
19.539,25,jamming_active
19.54,25,jamming_active
19.541,25,jamming_active
19.542,25,jamming_active
19.543,25,jamming_active
19.544,25,jamming_active
19.545,25,jamming_active
19.546,25,jamming_active
19.547,25,jamming_active
19.548,25,jamming_active
19.549,25,jamming_active
19.55,25,jamming_active
19.551,25,jamming_active
19.552,25,jamming_active
19.553,25,jamming_active
19.554,25,jamming_active
19.555,25,jamming_active
19.556,25,jamming_active
19.557,25,jamming_active
19.558,25,jamming_active
19.559,25,jamming_active
19.56,25,jamming_active
19.561,25,jamming_active
19.562,25,jamming_active
19.563,25,jamming_active
19.564,25,jamming_active
19.565,25,jamming_active
19.566,25,jamming_active
19.567,25,jamming_active
19.568,25,jamming_active
19.569,25,jamming_active
19.57,25,jamming_active
19.571,25,jamming_active
19.572,25,jamming_active
19.573,25,jamming_active
19.574,25,jamming_active
19.575,25,jamming_active
19.576,25,jamming_active
19.577,25,jamming_active
19.578,25,jamming_active
19.579,25,jamming_active
19.58,25,jamming_active
19.581,25,jamming_active
19.582,25,jamming_active
19.583,25,jamming_active
19.584,25,jamming_active
19.585,25,jamming_active
19.586,25,jamming_active
19.587,25,jamming_active
19.588,25,jamming_active
19.589,25,jamming_active
19.59,25,jamming_active
19.591,25,jamming_active
19.592,25,jamming_active
19.593,25,jamming_active
19.594,25,jamming_active
19.595,25,jamming_active
19.596,25,jamming_active
19.597,25,jamming_active
19.598,25,jamming_active
19.599,25,jamming_active
19.6,25,jamming_active
19.601,25,jamming_active
19.602,25,jamming_active
19.603,25,jamming_active
19.604,25,jamming_active
19.605,25,jamming_active
19.606,25,jamming_active
19.607,25,jamming_active
19.608,25,jamming_active
19.609,25,jamming_active
19.61,25,jamming_active
19.611,25,jamming_active
19.612,25,jamming_active
19.613,25,jamming_active
19.614,25,jamming_active
19.615,25,jamming_active
19.616,25,jamming_active
19.617,25,jamming_active
19.618,25,jamming_active
19.619,25,jamming_active
19.62,25,jamming_active
19.621,25,jamming_active
19.622,25,jamming_active
19.623,25,jamming_active
19.624,25,jamming_active
19.625,25,jamming_active
19.626,25,jamming_active
19.627,25,jamming_active
19.628,25,jamming_active
19.629,25,jamming_active
19.63,25,jamming_active
19.631,25,jamming_active
19.632,25,jamming_active
19.633,25,jamming_active
19.634,25,jamming_active
19.635,25,jamming_active
19.636,25,jamming_active
19.637,25,jamming_active
19.638,25,jamming_active
19.639,25,jamming_active
19.64,25,jamming_active
19.641,25,jamming_active
19.642,25,jamming_active
19.643,25,jamming_active
19.644,25,jamming_active
19.645,25,jamming_active
19.646,25,jamming_active
19.647,25,jamming_active
19.648,25,jamming_active
19.649,25,jamming_active
19.65,25,jamming_active
19.651,25,jamming_active
19.652,25,jamming_active
19.653,25,jamming_active
19.654,25,jamming_active
19.655,25,jamming_active
19.656,25,jamming_active
19.657,25,jamming_active
19.658,25,jamming_active
19.659,25,jamming_active
19.66,25,jamming_active
19.661,25,jamming_active
19.662,25,jamming_active
19.663,25,jamming_active
19.664,25,jamming_active
19.665,25,jamming_active
19.666,25,jamming_active
19.667,25,jamming_active
19.668,25,jamming_active
19.669,25,jamming_active
19.67,25,jamming_active
19.671,25,jamming_active
19.672,25,jamming_active
19.673,25,jamming_active
19.674,25,jamming_active
19.675,25,jamming_active
19.676,25,jamming_active
19.677,25,jamming_active
19.678,25,jamming_active
19.679,25,jamming_active
19.68,25,jamming_active
19.681,25,jamming_active
19.682,25,jamming_active
19.683,25,jamming_active
19.684,25,jamming_active
19.685,25,jamming_active
19.686,25,jamming_active
19.687,25,jamming_active
19.688,25,jamming_active
19.689,25,jamming_active
19.69,25,jamming_active
19.691,25,jamming_active
19.692,25,jamming_active
19.693,25,jamming_active
19.694,25,jamming_active
19.695,25,jamming_active
19.696,25,jamming_active
19.697,25,jamming_active
19.698,25,jamming_active
19.699,25,jamming_active
19.7,25,jamming_active
19.701,25,jamming_active
19.702,25,jamming_active
19.703,25,jamming_active
19.704,25,jamming_active
19.705,25,jamming_active
19.706,25,jamming_active
19.707,25,jamming_active
19.708,25,jamming_active
19.709,25,jamming_active
19.71,25,jamming_active
19.711,25,jamming_active
19.712,25,jamming_active
19.713,25,jamming_active
19.714,25,jamming_active
19.715,25,jamming_active
19.716,25,jamming_active
19.717,25,jamming_active
19.718,25,jamming_active
19.719,25,jamming_active
19.72,25,jamming_active
19.721,25,jamming_active
19.722,25,jamming_active
19.723,25,jamming_active
19.724,25,jamming_active
19.725,25,jamming_active
19.726,25,jamming_active
19.727,25,jamming_active
19.728,25,jamming_active
19.729,25,jamming_active
19.73,25,jamming_active
19.731,25,jamming_active
19.732,25,jamming_active
19.733,25,jamming_active
19.734,25,jamming_active
19.735,25,jamming_active
19.736,25,jamming_active
19.737,25,jamming_active
19.738,25,jamming_active
19.739,25,jamming_active
19.74,25,jamming_active
19.741,25,jamming_active
19.742,25,jamming_active
19.743,25,jamming_active
19.744,25,jamming_active
19.745,25,jamming_active
19.746,25,jamming_active
19.747,25,jamming_active
19.748,25,jamming_active
19.749,25,jamming_active
19.75,25,jamming_active
19.751,25,jamming_active
19.752,25,jamming_active
19.753,25,jamming_active
19.754,25,jamming_active
19.755,25,jamming_active
19.756,25,jamming_active
19.757,25,jamming_active
19.758,25,jamming_active
19.759,25,jamming_active
19.76,25,jamming_active
19.761,25,jamming_active
19.762,25,jamming_active
19.763,25,jamming_active
19.764,25,jamming_active
19.765,25,jamming_active
19.766,25,jamming_active
19.767,25,jamming_active
19.768,25,jamming_active
19.769,25,jamming_active
19.77,25,jamming_active
19.771,25,jamming_active
19.772,25,jamming_active
19.773,25,jamming_active
19.774,25,jamming_active
19.775,25,jamming_active
19.776,25,jamming_active
19.777,25,jamming_active
19.778,25,jamming_active
19.779,25,jamming_active
19.78,25,jamming_active
19.781,25,jamming_active
19.782,25,jamming_active
19.783,25,jamming_active
19.784,25,jamming_active
19.785,25,jamming_active
19.786,25,jamming_active
19.787,25,jamming_active
19.788,25,jamming_active
19.789,25,jamming_active
19.79,25,jamming_active
19.791,25,jamming_active
19.792,25,jamming_active
19.793,25,jamming_active
19.794,25,jamming_active
19.795,25,jamming_active
19.796,25,jamming_active
19.797,25,jamming_active
19.798,25,jamming_active
19.799,25,jamming_active
19.8,25,jamming_active
19.801,25,jamming_active
19.802,25,jamming_active
19.803,25,jamming_active
19.804,25,jamming_active
19.805,25,jamming_active
19.806,25,jamming_active
19.807,25,jamming_active
19.808,25,jamming_active
19.809,25,jamming_active
19.81,25,jamming_active
19.811,25,jamming_active
19.812,25,jamming_active
19.813,25,jamming_active
19.814,25,jamming_active
19.815,25,jamming_active
19.816,25,jamming_active
19.817,25,jamming_active
19.818,25,jamming_active
19.819,25,jamming_active
19.82,25,jamming_active
19.821,25,jamming_active
19.822,25,jamming_active
19.823,25,jamming_active
19.824,25,jamming_active
19.825,25,jamming_active
19.826,25,jamming_active
19.827,25,jamming_active
19.828,25,jamming_active
19.829,25,jamming_active
19.83,25,jamming_active
19.831,25,jamming_active
19.832,25,jamming_active
19.833,25,jamming_active
19.834,25,jamming_active
19.835,25,jamming_active
19.836,25,jamming_active
19.837,25,jamming_active
19.838,25,jamming_active
19.839,25,jamming_active
19.84,25,jamming_active
19.841,25,jamming_active
19.842,25,jamming_active
19.843,25,jamming_active
19.844,25,jamming_active
19.845,25,jamming_active
19.846,25,jamming_active
19.847,25,jamming_active
19.848,25,jamming_active
19.849,25,jamming_active
19.85,25,jamming_active
19.851,25,jamming_active
19.852,25,jamming_active
19.853,25,jamming_active
19.854,25,jamming_active
19.855,25,jamming_active
19.856,25,jamming_active
19.857,25,jamming_active
19.858,25,jamming_active
19.859,25,jamming_active
19.86,25,jamming_active
19.861,25,jamming_active
19.862,25,jamming_active
19.863,25,jamming_active
19.864,25,jamming_active
19.865,25,jamming_active
19.866,25,jamming_active
19.867,25,jamming_active
19.868,25,jamming_active
19.869,25,jamming_active
19.87,25,jamming_active
19.871,25,jamming_active
19.872,25,jamming_active
19.873,25,jamming_active
19.874,25,jamming_active
19.875,25,jamming_active
19.876,25,jamming_active
19.877,25,jamming_active
19.878,25,jamming_active
19.879,25,jamming_active
19.88,25,jamming_active
19.881,25,jamming_active
19.882,25,jamming_active
19.883,25,jamming_active
19.884,25,jamming_active
19.885,25,jamming_active
19.886,25,jamming_active
19.887,25,jamming_active
19.888,25,jamming_active
19.889,25,jamming_active
19.89,25,jamming_active
19.891,25,jamming_active
19.892,25,jamming_active
19.893,25,jamming_active
19.894,25,jamming_active
19.895,25,jamming_active
19.896,25,jamming_active
19.897,25,jamming_active
19.898,25,jamming_active
19.899,25,jamming_active
19.9,25,jamming_active
19.901,25,jamming_active
19.902,25,jamming_active
19.903,25,jamming_active
19.904,25,jamming_active
19.905,25,jamming_active
19.906,25,jamming_active
19.907,25,jamming_active
19.908,25,jamming_active
19.909,25,jamming_active
19.91,25,jamming_active
19.911,25,jamming_active
19.912,25,jamming_active
19.913,25,jamming_active
19.914,25,jamming_active
19.915,25,jamming_active
19.916,25,jamming_active
19.917,25,jamming_active
19.918,25,jamming_active
19.919,25,jamming_active
19.92,25,jamming_active
19.921,25,jamming_active
19.922,25,jamming_active
19.923,25,jamming_active
19.924,25,jamming_active
19.925,25,jamming_active
19.926,25,jamming_active
19.927,25,jamming_active
19.928,25,jamming_active
19.929,25,jamming_active
19.93,25,jamming_active
19.931,25,jamming_active
19.932,25,jamming_active
19.933,25,jamming_active
19.934,25,jamming_active
19.935,25,jamming_active
19.936,25,jamming_active
19.937,25,jamming_active
19.938,25,jamming_active
19.939,25,jamming_active
19.94,25,jamming_active
19.941,25,jamming_active
19.942,25,jamming_active
19.943,25,jamming_active
19.944,25,jamming_active
19.945,25,jamming_active
19.946,25,jamming_active
19.947,25,jamming_active
19.948,25,jamming_active
19.949,25,jamming_active
19.95,25,jamming_active
19.951,25,jamming_active
19.952,25,jamming_active
19.953,25,jamming_active
19.954,25,jamming_active
19.955,25,jamming_active
19.956,25,jamming_active
19.957,25,jamming_active
19.958,25,jamming_active
19.959,25,jamming_active
19.96,25,jamming_active
19.961,25,jamming_active
19.962,25,jamming_active
19.963,25,jamming_active
19.964,25,jamming_active
19.965,25,jamming_active
19.966,25,jamming_active
19.967,25,jamming_active
19.968,25,jamming_active
19.969,25,jamming_active
19.97,25,jamming_active
19.971,25,jamming_active
19.972,25,jamming_active
19.973,25,jamming_active
19.974,25,jamming_active
19.975,25,jamming_active
19.976,25,jamming_active
19.977,25,jamming_active
19.978,25,jamming_active
19.979,25,jamming_active
19.98,25,jamming_active
19.981,25,jamming_active
19.982,25,jamming_active
19.983,25,jamming_active
19.984,25,jamming_active
19.985,25,jamming_active
19.986,25,jamming_active
19.987,25,jamming_active
19.988,25,jamming_active
19.989,25,jamming_active
19.99,25,jamming_active
19.991,25,jamming_active
19.992,25,jamming_active
19.993,25,jamming_active
19.994,25,jamming_active
19.995,25,jamming_active
19.996,25,jamming_active
19.997,25,jamming_active
19.998,25,jamming_active
19.999,25,jamming_active
20,25,jamming_active
20.001,25,jamming_active
20.002,25,jamming_active
20.003,25,jamming_active
20.004,25,jamming_active
20.005,25,jamming_active
20.006,25,jamming_active
20.007,25,jamming_active
20.008,25,jamming_active
20.009,25,jamming_active
20.01,25,jamming_active
20.011,25,jamming_active
20.012,25,jamming_active
20.013,25,jamming_active
20.014,25,jamming_active
20.015,25,jamming_active
20.016,25,jamming_active
20.017,25,jamming_active
20.018,25,jamming_active
20.019,25,jamming_active
20.02,25,jamming_active
20.021,25,jamming_active
20.022,25,jamming_active
20.023,25,jamming_active
20.024,25,jamming_active
20.025,25,jamming_active
20.026,25,jamming_active
20.027,25,jamming_active
20.028,25,jamming_active
20.029,25,jamming_active
20.03,25,jamming_active
20.031,25,jamming_active
20.032,25,jamming_active
20.033,25,jamming_active
20.034,25,jamming_active
20.035,25,jamming_active
20.036,25,jamming_active
20.037,25,jamming_active
20.038,25,jamming_active
20.039,25,jamming_active
20.04,25,jamming_active
20.041,25,jamming_active
20.042,25,jamming_active
20.043,25,jamming_active
20.044,25,jamming_active
20.045,25,jamming_active
20.046,25,jamming_active
20.047,25,jamming_active
20.048,25,jamming_active
20.049,25,jamming_active
20.05,25,jamming_active
20.051,25,jamming_active
20.052,25,jamming_active
20.053,25,jamming_active
20.054,25,jamming_active
20.055,25,jamming_active
20.056,25,jamming_active
20.057,25,jamming_active
20.058,25,jamming_active
20.059,25,jamming_active
20.06,25,jamming_active
20.061,25,jamming_active
20.062,25,jamming_active
20.063,25,jamming_active
20.064,25,jamming_active
20.065,25,jamming_active
20.066,25,jamming_active
20.067,25,jamming_active
20.068,25,jamming_active
20.069,25,jamming_active
20.07,25,jamming_active
20.071,25,jamming_active
20.072,25,jamming_active
20.073,25,jamming_active
20.074,25,jamming_active
20.075,25,jamming_active
20.076,25,jamming_active
20.077,25,jamming_active
20.078,25,jamming_active
20.079,25,jamming_active
20.08,25,jamming_active
20.081,25,jamming_active
20.082,25,jamming_active
20.083,25,jamming_active
20.084,25,jamming_active
20.085,25,jamming_active
20.086,25,jamming_active
20.087,25,jamming_active
20.088,25,jamming_active
20.089,25,jamming_active
20.09,25,jamming_active
20.091,25,jamming_active
20.092,25,jamming_active
20.093,25,jamming_active
20.094,25,jamming_active
20.095,25,jamming_active
20.096,25,jamming_active
20.097,25,jamming_active
20.098,25,jamming_active
20.099,25,jamming_active
20.1,25,jamming_active
20.101,25,jamming_active
20.102,25,jamming_active
20.103,25,jamming_active
20.104,25,jamming_active
20.105,25,jamming_active
20.106,25,jamming_active
20.107,25,jamming_active
20.108,25,jamming_active
20.109,25,jamming_active
20.11,25,jamming_active
20.111,25,jamming_active
20.112,25,jamming_active
20.113,25,jamming_active
20.114,25,jamming_active
20.115,25,jamming_active
20.116,25,jamming_active
20.117,25,jamming_active
20.118,25,jamming_active
20.119,25,jamming_active
20.12,25,jamming_active
20.121,25,jamming_active
20.122,25,jamming_active
20.123,25,jamming_active
20.124,25,jamming_active
20.125,25,jamming_active
20.126,25,jamming_active
20.127,25,jamming_active
20.128,25,jamming_active
20.129,25,jamming_active
20.13,25,jamming_active
20.131,25,jamming_active
20.132,25,jamming_active
20.133,25,jamming_active
20.134,25,jamming_active
20.135,25,jamming_active
20.136,25,jamming_active
20.137,25,jamming_active
20.138,25,jamming_active
20.139,25,jamming_active
20.14,25,jamming_active
20.141,25,jamming_active
20.142,25,jamming_active
20.143,25,jamming_active
20.144,25,jamming_active
20.145,25,jamming_active
20.146,25,jamming_active
20.147,25,jamming_active
20.148,25,jamming_active
20.149,25,jamming_active
20.15,25,jamming_active
20.151,25,jamming_active
20.152,25,jamming_active
20.153,25,jamming_active
20.154,25,jamming_active
20.155,25,jamming_active
20.156,25,jamming_active
20.157,25,jamming_active
20.158,25,jamming_active
20.159,25,jamming_active
20.16,25,jamming_active
20.161,25,jamming_active
20.162,25,jamming_active
20.163,25,jamming_active
20.164,25,jamming_active
20.165,25,jamming_active
20.166,25,jamming_active
20.167,25,jamming_active
20.168,25,jamming_active
20.169,25,jamming_active
20.17,25,jamming_active
20.171,25,jamming_active
20.172,25,jamming_active
20.173,25,jamming_active
20.174,25,jamming_active
20.175,25,jamming_active
20.176,25,jamming_active
20.177,25,jamming_active
20.178,25,jamming_active
20.179,25,jamming_active
20.18,25,jamming_active
20.181,25,jamming_active
20.182,25,jamming_active
20.183,25,jamming_active
20.184,25,jamming_active
20.185,25,jamming_active
20.186,25,jamming_active
20.187,25,jamming_active
20.188,25,jamming_active
20.189,25,jamming_active
20.19,25,jamming_active
20.191,25,jamming_active
20.192,25,jamming_active
20.193,25,jamming_active
20.194,25,jamming_active
20.195,25,jamming_active
20.196,25,jamming_active
20.197,25,jamming_active
20.198,25,jamming_active
20.199,25,jamming_active
20.2,25,jamming_active
20.201,25,jamming_active
20.202,25,jamming_active
20.203,25,jamming_active
20.204,25,jamming_active
20.205,25,jamming_active
20.206,25,jamming_active
20.207,25,jamming_active
20.208,25,jamming_active
20.209,25,jamming_active
20.21,25,jamming_active
20.211,25,jamming_active
20.212,25,jamming_active
20.213,25,jamming_active
20.214,25,jamming_active
20.215,25,jamming_active
20.216,25,jamming_active
20.217,25,jamming_active
20.218,25,jamming_active
20.219,25,jamming_active
20.22,25,jamming_active
20.221,25,jamming_active
20.222,25,jamming_active
20.223,25,jamming_active
20.224,25,jamming_active
20.225,25,jamming_active
20.226,25,jamming_active
20.227,25,jamming_active
20.228,25,jamming_active
20.229,25,jamming_active
20.23,25,jamming_active
20.231,25,jamming_active
20.232,25,jamming_active
20.233,25,jamming_active
20.234,25,jamming_active
20.235,25,jamming_active
20.236,25,jamming_active
20.237,25,jamming_active
20.238,25,jamming_active
20.239,25,jamming_active
20.24,25,jamming_active
20.241,25,jamming_active
20.242,25,jamming_active
20.243,25,jamming_active
20.244,25,jamming_active
20.245,25,jamming_active
20.246,25,jamming_active
20.247,25,jamming_active
20.248,25,jamming_active
20.249,25,jamming_active
20.25,25,jamming_active
20.251,25,jamming_active
20.252,25,jamming_active
20.253,25,jamming_active
20.254,25,jamming_active
20.255,25,jamming_active
20.256,25,jamming_active
20.257,25,jamming_active
20.258,25,jamming_active
20.259,25,jamming_active
20.26,25,jamming_active
20.261,25,jamming_active
20.262,25,jamming_active
20.263,25,jamming_active
20.264,25,jamming_active
20.265,25,jamming_active
20.266,25,jamming_active
20.267,25,jamming_active
20.268,25,jamming_active
20.269,25,jamming_active
20.27,25,jamming_active
20.271,25,jamming_active
20.272,25,jamming_active
20.273,25,jamming_active
20.274,25,jamming_active
20.275,25,jamming_active
20.276,25,jamming_active
20.277,25,jamming_active
20.278,25,jamming_active
20.279,25,jamming_active
20.28,25,jamming_active
20.281,25,jamming_active
20.282,25,jamming_active
20.283,25,jamming_active
20.284,25,jamming_active
20.285,25,jamming_active
20.286,25,jamming_active
20.287,25,jamming_active
20.288,25,jamming_active
20.289,25,jamming_active
20.29,25,jamming_active
20.291,25,jamming_active
20.292,25,jamming_active
20.293,25,jamming_active
20.294,25,jamming_active
20.295,25,jamming_active
20.296,25,jamming_active
20.297,25,jamming_active
20.298,25,jamming_active
20.299,25,jamming_active
20.3,25,jamming_active
20.301,25,jamming_active
20.302,25,jamming_active
20.303,25,jamming_active
20.304,25,jamming_active
20.305,25,jamming_active
20.306,25,jamming_active
20.307,25,jamming_active
20.308,25,jamming_active
20.309,25,jamming_active
20.31,25,jamming_active
20.311,25,jamming_active
20.312,25,jamming_active
20.313,25,jamming_active
20.314,25,jamming_active
20.315,25,jamming_active
20.316,25,jamming_active
20.317,25,jamming_active
20.318,25,jamming_active
20.319,25,jamming_active
20.32,25,jamming_active
20.321,25,jamming_active
20.322,25,jamming_active
20.323,25,jamming_active
20.324,25,jamming_active
20.325,25,jamming_active
20.326,25,jamming_active
20.327,25,jamming_active
20.328,25,jamming_active
20.329,25,jamming_active
20.33,25,jamming_active
20.331,25,jamming_active
20.332,25,jamming_active
20.333,25,jamming_active
20.334,25,jamming_active
20.335,25,jamming_active
20.336,25,jamming_active
20.337,25,jamming_active
20.338,25,jamming_active
20.339,25,jamming_active
20.34,25,jamming_active
20.341,25,jamming_active
20.342,25,jamming_active
20.343,25,jamming_active
20.344,25,jamming_active
20.345,25,jamming_active
20.346,25,jamming_active
20.347,25,jamming_active
20.348,25,jamming_active
20.349,25,jamming_active
20.35,25,jamming_active
20.351,25,jamming_active
20.352,25,jamming_active
20.353,25,jamming_active
20.354,25,jamming_active
20.355,25,jamming_active
20.356,25,jamming_active
20.357,25,jamming_active
20.358,25,jamming_active
20.359,25,jamming_active
20.36,25,jamming_active
20.361,25,jamming_active
20.362,25,jamming_active
20.363,25,jamming_active
20.364,25,jamming_active
20.365,25,jamming_active
20.366,25,jamming_active
20.367,25,jamming_active
20.368,25,jamming_active
20.369,25,jamming_active
20.37,25,jamming_active
20.371,25,jamming_active
20.372,25,jamming_active
20.373,25,jamming_active
20.374,25,jamming_active
20.375,25,jamming_active
20.376,25,jamming_active
20.377,25,jamming_active
20.378,25,jamming_active
20.379,25,jamming_active
20.38,25,jamming_active
20.381,25,jamming_active
20.382,25,jamming_active
20.383,25,jamming_active
20.384,25,jamming_active
20.385,25,jamming_active
20.386,25,jamming_active
20.387,25,jamming_active
20.388,25,jamming_active
20.389,25,jamming_active
20.39,25,jamming_active
20.391,25,jamming_active
20.392,25,jamming_active
20.393,25,jamming_active
20.394,25,jamming_active
20.395,25,jamming_active
20.396,25,jamming_active
20.397,25,jamming_active
20.398,25,jamming_active
20.399,25,jamming_active
20.4,25,jamming_active
20.401,25,jamming_active
20.402,25,jamming_active
20.403,25,jamming_active
20.404,25,jamming_active
20.405,25,jamming_active
20.406,25,jamming_active
20.407,25,jamming_active
20.408,25,jamming_active
20.409,25,jamming_active
20.41,25,jamming_active
20.411,25,jamming_active
20.412,25,jamming_active
20.413,25,jamming_active
20.414,25,jamming_active
20.415,25,jamming_active
20.416,25,jamming_active
20.417,25,jamming_active
20.418,25,jamming_active
20.419,25,jamming_active
20.42,25,jamming_active
20.421,25,jamming_active
20.422,25,jamming_active
20.423,25,jamming_active
20.424,25,jamming_active
20.425,25,jamming_active
20.426,25,jamming_active
20.427,25,jamming_active
20.428,25,jamming_active
20.429,25,jamming_active
20.43,25,jamming_active
20.431,25,jamming_active
20.432,25,jamming_active
20.433,25,jamming_active
20.434,25,jamming_active
20.435,25,jamming_active
20.436,25,jamming_active
20.437,25,jamming_active
20.438,25,jamming_active
20.439,25,jamming_active
20.44,25,jamming_active
20.441,25,jamming_active
20.442,25,jamming_active
20.443,25,jamming_active
20.444,25,jamming_active
20.445,25,jamming_active
20.446,25,jamming_active
20.447,25,jamming_active
20.448,25,jamming_active
20.449,25,jamming_active
20.45,25,jamming_active
20.451,25,jamming_active
20.452,25,jamming_active
20.453,25,jamming_active
20.454,25,jamming_active
20.455,25,jamming_active
20.456,25,jamming_active
20.457,25,jamming_active
20.458,25,jamming_active
20.459,25,jamming_active
20.46,25,jamming_active
20.461,25,jamming_active
20.462,25,jamming_active
20.463,25,jamming_active
20.464,25,jamming_active
20.465,25,jamming_active
20.466,25,jamming_active
20.467,25,jamming_active
20.468,25,jamming_active
20.469,25,jamming_active
20.47,25,jamming_active
20.471,25,jamming_active
20.472,25,jamming_active
20.473,25,jamming_active
20.474,25,jamming_active
20.475,25,jamming_active
20.476,25,jamming_active
20.477,25,jamming_active
20.478,25,jamming_active
20.479,25,jamming_active
20.48,25,jamming_active
20.481,25,jamming_active
20.482,25,jamming_active
20.483,25,jamming_active
20.484,25,jamming_active
20.485,25,jamming_active
20.486,25,jamming_active
20.487,25,jamming_active
20.488,25,jamming_active
20.489,25,jamming_active
20.49,25,jamming_active
20.491,25,jamming_active
20.492,25,jamming_active
20.493,25,jamming_active
20.494,25,jamming_active
20.495,25,jamming_active
20.496,25,jamming_active
20.497,25,jamming_active
20.498,25,jamming_active
20.499,25,jamming_active
20.5,25,jamming_active
20.501,25,jamming_active
20.502,25,jamming_active
20.503,25,jamming_active
20.504,25,jamming_active
20.505,25,jamming_active
20.506,25,jamming_active
20.507,25,jamming_active
20.508,25,jamming_active
20.509,25,jamming_active
20.51,25,jamming_active
20.511,25,jamming_active
20.512,25,jamming_active
20.513,25,jamming_active
20.514,25,jamming_active
20.515,25,jamming_active
20.516,25,jamming_active
20.517,25,jamming_active
20.518,25,jamming_active
20.519,25,jamming_active
20.52,25,jamming_active
20.521,25,jamming_active
20.522,25,jamming_active
20.523,25,jamming_active
20.524,25,jamming_active
20.525,25,jamming_active
20.526,25,jamming_active
20.527,25,jamming_active
20.528,25,jamming_active
20.529,25,jamming_active
20.53,25,jamming_active
20.531,25,jamming_active
20.532,25,jamming_active
20.533,25,jamming_active
20.534,25,jamming_active
20.535,25,jamming_active
20.536,25,jamming_active
20.537,25,jamming_active
20.538,25,jamming_active
20.539,25,jamming_active
20.54,25,jamming_active
20.541,25,jamming_active
20.542,25,jamming_active
20.543,25,jamming_active
20.544,25,jamming_active
20.545,25,jamming_active
20.546,25,jamming_active
20.547,25,jamming_active
20.548,25,jamming_active
20.549,25,jamming_active
20.55,25,jamming_active
20.551,25,jamming_active
20.552,25,jamming_active
20.553,25,jamming_active
20.554,25,jamming_active
20.555,25,jamming_active
20.556,25,jamming_active
20.557,25,jamming_active
20.558,25,jamming_active
20.559,25,jamming_active
20.56,25,jamming_active
20.561,25,jamming_active
20.562,25,jamming_active
20.563,25,jamming_active
20.564,25,jamming_active
20.565,25,jamming_active
20.566,25,jamming_active
20.567,25,jamming_active
20.568,25,jamming_active
20.569,25,jamming_active
20.57,25,jamming_active
20.571,25,jamming_active
20.572,25,jamming_active
20.573,25,jamming_active
20.574,25,jamming_active
20.575,25,jamming_active
20.576,25,jamming_active
20.577,25,jamming_active
20.578,25,jamming_active
20.579,25,jamming_active
20.58,25,jamming_active
20.581,25,jamming_active
20.582,25,jamming_active
20.583,25,jamming_active
20.584,25,jamming_active
20.585,25,jamming_active
20.586,25,jamming_active
20.587,25,jamming_active
20.588,25,jamming_active
20.589,25,jamming_active
20.59,25,jamming_active
20.591,25,jamming_active
20.592,25,jamming_active
20.593,25,jamming_active
20.594,25,jamming_active
20.595,25,jamming_active
20.596,25,jamming_active
20.597,25,jamming_active
20.598,25,jamming_active
20.599,25,jamming_active
20.6,25,jamming_active
20.601,25,jamming_active
20.602,25,jamming_active
20.603,25,jamming_active
20.604,25,jamming_active
20.605,25,jamming_active
20.606,25,jamming_active
20.607,25,jamming_active
20.608,25,jamming_active
20.609,25,jamming_active
20.61,25,jamming_active
20.611,25,jamming_active
20.612,25,jamming_active
20.613,25,jamming_active
20.614,25,jamming_active
20.615,25,jamming_active
20.616,25,jamming_active
20.617,25,jamming_active
20.618,25,jamming_active
20.619,25,jamming_active
20.62,25,jamming_active
20.621,25,jamming_active
20.622,25,jamming_active
20.623,25,jamming_active
20.624,25,jamming_active
20.625,25,jamming_active
20.626,25,jamming_active
20.627,25,jamming_active
20.628,25,jamming_active
20.629,25,jamming_active
20.63,25,jamming_active
20.631,25,jamming_active
20.632,25,jamming_active
20.633,25,jamming_active
20.634,25,jamming_active
20.635,25,jamming_active
20.636,25,jamming_active
20.637,25,jamming_active
20.638,25,jamming_active
20.639,25,jamming_active
20.64,25,jamming_active
20.641,25,jamming_active
20.642,25,jamming_active
20.643,25,jamming_active
20.644,25,jamming_active
20.645,25,jamming_active
20.646,25,jamming_active
20.647,25,jamming_active
20.648,25,jamming_active
20.649,25,jamming_active
20.65,25,jamming_active
20.651,25,jamming_active
20.652,25,jamming_active
20.653,25,jamming_active
20.654,25,jamming_active
20.655,25,jamming_active
20.656,25,jamming_active
20.657,25,jamming_active
20.658,25,jamming_active
20.659,25,jamming_active
20.66,25,jamming_active
20.661,25,jamming_active
20.662,25,jamming_active
20.663,25,jamming_active
20.664,25,jamming_active
20.665,25,jamming_active
20.666,25,jamming_active
20.667,25,jamming_active
20.668,25,jamming_active
20.669,25,jamming_active
20.67,25,jamming_active
20.671,25,jamming_active
20.672,25,jamming_active
20.673,25,jamming_active
20.674,25,jamming_active
20.675,25,jamming_active
20.676,25,jamming_active
20.677,25,jamming_active
20.678,25,jamming_active
20.679,25,jamming_active
20.68,25,jamming_active
20.681,25,jamming_active
20.682,25,jamming_active
20.683,25,jamming_active
20.684,25,jamming_active
20.685,25,jamming_active
20.686,25,jamming_active
20.687,25,jamming_active
20.688,25,jamming_active
20.689,25,jamming_active
20.69,25,jamming_active
20.691,25,jamming_active
20.692,25,jamming_active
20.693,25,jamming_active
20.694,25,jamming_active
20.695,25,jamming_active
20.696,25,jamming_active
20.697,25,jamming_active
20.698,25,jamming_active
20.699,25,jamming_active
20.7,25,jamming_active
20.701,25,jamming_active
20.702,25,jamming_active
20.703,25,jamming_active
20.704,25,jamming_active
20.705,25,jamming_active
20.706,25,jamming_active
20.707,25,jamming_active
20.708,25,jamming_active
20.709,25,jamming_active
20.71,25,jamming_active
20.711,25,jamming_active
20.712,25,jamming_active
20.713,25,jamming_active
20.714,25,jamming_active
20.715,25,jamming_active
20.716,25,jamming_active
20.717,25,jamming_active
20.718,25,jamming_active
20.719,25,jamming_active
20.72,25,jamming_active
20.721,25,jamming_active
20.722,25,jamming_active
20.723,25,jamming_active
20.724,25,jamming_active
20.725,25,jamming_active
20.726,25,jamming_active
20.727,25,jamming_active
20.728,25,jamming_active
20.729,25,jamming_active
20.73,25,jamming_active
20.731,25,jamming_active
20.732,25,jamming_active
20.733,25,jamming_active
20.734,25,jamming_active
20.735,25,jamming_active
20.736,25,jamming_active
20.737,25,jamming_active
20.738,25,jamming_active
20.739,25,jamming_active
20.74,25,jamming_active
20.741,25,jamming_active
20.742,25,jamming_active
20.743,25,jamming_active
20.744,25,jamming_active
20.745,25,jamming_active
20.746,25,jamming_active
20.747,25,jamming_active
20.748,25,jamming_active
20.749,25,jamming_active
20.75,25,jamming_active
20.751,25,jamming_active
20.752,25,jamming_active
20.753,25,jamming_active
20.754,25,jamming_active
20.755,25,jamming_active
20.756,25,jamming_active
20.757,25,jamming_active
20.758,25,jamming_active
20.759,25,jamming_active
20.76,25,jamming_active
20.761,25,jamming_active
20.762,25,jamming_active
20.763,25,jamming_active
20.764,25,jamming_active
20.765,25,jamming_active
20.766,25,jamming_active
20.767,25,jamming_active
20.768,25,jamming_active
20.769,25,jamming_active
20.77,25,jamming_active
20.771,25,jamming_active
20.772,25,jamming_active
20.773,25,jamming_active
20.774,25,jamming_active
20.775,25,jamming_active
20.776,25,jamming_active
20.777,25,jamming_active
20.778,25,jamming_active
20.779,25,jamming_active
20.78,25,jamming_active
20.781,25,jamming_active
20.782,25,jamming_active
20.783,25,jamming_active
20.784,25,jamming_active
20.785,25,jamming_active
20.786,25,jamming_active
20.787,25,jamming_active
20.788,25,jamming_active
20.789,25,jamming_active
20.79,25,jamming_active
20.791,25,jamming_active
20.792,25,jamming_active
20.793,25,jamming_active
20.794,25,jamming_active
20.795,25,jamming_active
20.796,25,jamming_active
20.797,25,jamming_active
20.798,25,jamming_active
20.799,25,jamming_active
20.8,25,jamming_active
20.801,25,jamming_active
20.802,25,jamming_active
20.803,25,jamming_active
20.804,25,jamming_active
20.805,25,jamming_active
20.806,25,jamming_active
20.807,25,jamming_active
20.808,25,jamming_active
20.809,25,jamming_active
20.81,25,jamming_active
20.811,25,jamming_active
20.812,25,jamming_active
20.813,25,jamming_active
20.814,25,jamming_active
20.815,25,jamming_active
20.816,25,jamming_active
20.817,25,jamming_active
20.818,25,jamming_active
20.819,25,jamming_active
20.82,25,jamming_active
20.821,25,jamming_active
20.822,25,jamming_active
20.823,25,jamming_active
20.824,25,jamming_active
20.825,25,jamming_active
20.826,25,jamming_active
20.827,25,jamming_active
20.828,25,jamming_active
20.829,25,jamming_active
20.83,25,jamming_active
20.831,25,jamming_active
20.832,25,jamming_active
20.833,25,jamming_active
20.834,25,jamming_active
20.835,25,jamming_active
20.836,25,jamming_active
20.837,25,jamming_active
20.838,25,jamming_active
20.839,25,jamming_active
20.84,25,jamming_active
20.841,25,jamming_active
20.842,25,jamming_active
20.843,25,jamming_active
20.844,25,jamming_active
20.845,25,jamming_active
20.846,25,jamming_active
20.847,25,jamming_active
20.848,25,jamming_active
20.849,25,jamming_active
20.85,25,jamming_active
20.851,25,jamming_active
20.852,25,jamming_active
20.853,25,jamming_active
20.854,25,jamming_active
20.855,25,jamming_active
20.856,25,jamming_active
20.857,25,jamming_active
20.858,25,jamming_active
20.859,25,jamming_active
20.86,25,jamming_active
20.861,25,jamming_active
20.862,25,jamming_active
20.863,25,jamming_active
20.864,25,jamming_active
20.865,25,jamming_active
20.866,25,jamming_active
20.867,25,jamming_active
20.868,25,jamming_active
20.869,25,jamming_active
20.87,25,jamming_active
20.871,25,jamming_active
20.872,25,jamming_active
20.873,25,jamming_active
20.874,25,jamming_active
20.875,25,jamming_active
20.876,25,jamming_active
20.877,25,jamming_active
20.878,25,jamming_active
20.879,25,jamming_active
20.88,25,jamming_active
20.881,25,jamming_active
20.882,25,jamming_active
20.883,25,jamming_active
20.884,25,jamming_active
20.885,25,jamming_active
20.886,25,jamming_active
20.887,25,jamming_active
20.888,25,jamming_active
20.889,25,jamming_active
20.89,25,jamming_active
20.891,25,jamming_active
20.892,25,jamming_active
20.893,25,jamming_active
20.894,25,jamming_active
20.895,25,jamming_active
20.896,25,jamming_active
20.897,25,jamming_active
20.898,25,jamming_active
20.899,25,jamming_active
20.9,25,jamming_active
20.901,25,jamming_active
20.902,25,jamming_active
20.903,25,jamming_active
20.904,25,jamming_active
20.905,25,jamming_active
20.906,25,jamming_active
20.907,25,jamming_active
20.908,25,jamming_active
20.909,25,jamming_active
20.91,25,jamming_active
20.911,25,jamming_active
20.912,25,jamming_active
20.913,25,jamming_active
20.914,25,jamming_active
20.915,25,jamming_active
20.916,25,jamming_active
20.917,25,jamming_active
20.918,25,jamming_active
20.919,25,jamming_active
20.92,25,jamming_active
20.921,25,jamming_active
20.922,25,jamming_active
20.923,25,jamming_active
20.924,25,jamming_active
20.925,25,jamming_active
20.926,25,jamming_active
20.927,25,jamming_active
20.928,25,jamming_active
20.929,25,jamming_active
20.93,25,jamming_active
20.931,25,jamming_active
20.932,25,jamming_active
20.933,25,jamming_active
20.934,25,jamming_active
20.935,25,jamming_active
20.936,25,jamming_active
20.937,25,jamming_active
20.938,25,jamming_active
20.939,25,jamming_active
20.94,25,jamming_active
20.941,25,jamming_active
20.942,25,jamming_active
20.943,25,jamming_active
20.944,25,jamming_active
20.945,25,jamming_active
20.946,25,jamming_active
20.947,25,jamming_active
20.948,25,jamming_active
20.949,25,jamming_active
20.95,25,jamming_active
20.951,25,jamming_active
20.952,25,jamming_active
20.953,25,jamming_active
20.954,25,jamming_active
20.955,25,jamming_active
20.956,25,jamming_active
20.957,25,jamming_active
20.958,25,jamming_active
20.959,25,jamming_active
20.96,25,jamming_active
20.961,25,jamming_active
20.962,25,jamming_active
20.963,25,jamming_active
20.964,25,jamming_active
20.965,25,jamming_active
20.966,25,jamming_active
20.967,25,jamming_active
20.968,25,jamming_active
20.969,25,jamming_active
20.97,25,jamming_active
20.971,25,jamming_active
20.972,25,jamming_active
20.973,25,jamming_active
20.974,25,jamming_active
20.975,25,jamming_active
20.976,25,jamming_active
20.977,25,jamming_active
20.978,25,jamming_active
20.979,25,jamming_active
20.98,25,jamming_active
20.981,25,jamming_active
20.982,25,jamming_active
20.983,25,jamming_active
20.984,25,jamming_active
20.985,25,jamming_active
20.986,25,jamming_active
20.987,25,jamming_active
20.988,25,jamming_active
20.989,25,jamming_active
20.99,25,jamming_active
20.991,25,jamming_active
20.992,25,jamming_active
20.993,25,jamming_active
20.994,25,jamming_active
20.995,25,jamming_active
20.996,25,jamming_active
20.997,25,jamming_active
20.998,25,jamming_active
20.999,25,jamming_active
21,25,jamming_active
21.001,25,jamming_active
21.002,25,jamming_active
21.003,25,jamming_active
21.004,25,jamming_active
21.005,25,jamming_active
21.006,25,jamming_active
21.007,25,jamming_active
21.008,25,jamming_active
21.009,25,jamming_active
21.01,25,jamming_active
21.011,25,jamming_active
21.012,25,jamming_active
21.013,25,jamming_active
21.014,25,jamming_active
21.015,25,jamming_active
21.016,25,jamming_active
21.017,25,jamming_active
21.018,25,jamming_active
21.019,25,jamming_active
21.02,25,jamming_active
21.021,25,jamming_active
21.022,25,jamming_active
21.023,25,jamming_active
21.024,25,jamming_active
21.025,25,jamming_active
21.026,25,jamming_active
21.027,25,jamming_active
21.028,25,jamming_active
21.029,25,jamming_active
21.03,25,jamming_active
21.031,25,jamming_active
21.032,25,jamming_active
21.033,25,jamming_active
21.034,25,jamming_active
21.035,25,jamming_active
21.036,25,jamming_active
21.037,25,jamming_active
21.038,25,jamming_active
21.039,25,jamming_active
21.04,25,jamming_active
21.041,25,jamming_active
21.042,25,jamming_active
21.043,25,jamming_active
21.044,25,jamming_active
21.045,25,jamming_active
21.046,25,jamming_active
21.047,25,jamming_active
21.048,25,jamming_active
21.049,25,jamming_active
21.05,25,jamming_active
21.051,25,jamming_active
21.052,25,jamming_active
21.053,25,jamming_active
21.054,25,jamming_active
21.055,25,jamming_active
21.056,25,jamming_active
21.057,25,jamming_active
21.058,25,jamming_active
21.059,25,jamming_active
21.06,25,jamming_active
21.061,25,jamming_active
21.062,25,jamming_active
21.063,25,jamming_active
21.064,25,jamming_active
21.065,25,jamming_active
21.066,25,jamming_active
21.067,25,jamming_active
21.068,25,jamming_active
21.069,25,jamming_active
21.07,25,jamming_active
21.071,25,jamming_active
21.072,25,jamming_active
21.073,25,jamming_active
21.074,25,jamming_active
21.075,25,jamming_active
21.076,25,jamming_active
21.077,25,jamming_active
21.078,25,jamming_active
21.079,25,jamming_active
21.08,25,jamming_active
21.081,25,jamming_active
21.082,25,jamming_active
21.083,25,jamming_active
21.084,25,jamming_active
21.085,25,jamming_active
21.086,25,jamming_active
21.087,25,jamming_active
21.088,25,jamming_active
21.089,25,jamming_active
21.09,25,jamming_active
21.091,25,jamming_active
21.092,25,jamming_active
21.093,25,jamming_active
21.094,25,jamming_active
21.095,25,jamming_active
21.096,25,jamming_active
21.097,25,jamming_active
21.098,25,jamming_active
21.099,25,jamming_active
21.1,25,jamming_active
21.101,25,jamming_active
21.102,25,jamming_active
21.103,25,jamming_active
21.104,25,jamming_active
21.105,25,jamming_active
21.106,25,jamming_active
21.107,25,jamming_active
21.108,25,jamming_active
21.109,25,jamming_active
21.11,25,jamming_active
21.111,25,jamming_active
21.112,25,jamming_active
21.113,25,jamming_active
21.114,25,jamming_active
21.115,25,jamming_active
21.116,25,jamming_active
21.117,25,jamming_active
21.118,25,jamming_active
21.119,25,jamming_active
21.12,25,jamming_active
21.121,25,jamming_active
21.122,25,jamming_active
21.123,25,jamming_active
21.124,25,jamming_active
21.125,25,jamming_active
21.126,25,jamming_active
21.127,25,jamming_active
21.128,25,jamming_active
21.129,25,jamming_active
21.13,25,jamming_active
21.131,25,jamming_active
21.132,25,jamming_active
21.133,25,jamming_active
21.134,25,jamming_active
21.135,25,jamming_active
21.136,25,jamming_active
21.137,25,jamming_active
21.138,25,jamming_active
21.139,25,jamming_active
21.14,25,jamming_active
21.141,25,jamming_active
21.142,25,jamming_active
21.143,25,jamming_active
21.144,25,jamming_active
21.145,25,jamming_active
21.146,25,jamming_active
21.147,25,jamming_active
21.148,25,jamming_active
21.149,25,jamming_active
21.15,25,jamming_active
21.151,25,jamming_active
21.152,25,jamming_active
21.153,25,jamming_active
21.154,25,jamming_active
21.155,25,jamming_active
21.156,25,jamming_active
21.157,25,jamming_active
21.158,25,jamming_active
21.159,25,jamming_active
21.16,25,jamming_active
21.161,25,jamming_active
21.162,25,jamming_active
21.163,25,jamming_active
21.164,25,jamming_active
21.165,25,jamming_active
21.166,25,jamming_active
21.167,25,jamming_active
21.168,25,jamming_active
21.169,25,jamming_active
21.17,25,jamming_active
21.171,25,jamming_active
21.172,25,jamming_active
21.173,25,jamming_active
21.174,25,jamming_active
21.175,25,jamming_active
21.176,25,jamming_active
21.177,25,jamming_active
21.178,25,jamming_active
21.179,25,jamming_active
21.18,25,jamming_active
21.181,25,jamming_active
21.182,25,jamming_active
21.183,25,jamming_active
21.184,25,jamming_active
21.185,25,jamming_active
21.186,25,jamming_active
21.187,25,jamming_active
21.188,25,jamming_active
21.189,25,jamming_active
21.19,25,jamming_active
21.191,25,jamming_active
21.192,25,jamming_active
21.193,25,jamming_active
21.194,25,jamming_active
21.195,25,jamming_active
21.196,25,jamming_active
21.197,25,jamming_active
21.198,25,jamming_active
21.199,25,jamming_active
21.2,25,jamming_active
21.201,25,jamming_active
21.202,25,jamming_active
21.203,25,jamming_active
21.204,25,jamming_active
21.205,25,jamming_active
21.206,25,jamming_active
21.207,25,jamming_active
21.208,25,jamming_active
21.209,25,jamming_active
21.21,25,jamming_active
21.211,25,jamming_active
21.212,25,jamming_active
21.213,25,jamming_active
21.214,25,jamming_active
21.215,25,jamming_active
21.216,25,jamming_active
21.217,25,jamming_active
21.218,25,jamming_active
21.219,25,jamming_active
21.22,25,jamming_active
21.221,25,jamming_active
21.222,25,jamming_active
21.223,25,jamming_active
21.224,25,jamming_active
21.225,25,jamming_active
21.226,25,jamming_active
21.227,25,jamming_active
21.228,25,jamming_active
21.229,25,jamming_active
21.23,25,jamming_active
21.231,25,jamming_active
21.232,25,jamming_active
21.233,25,jamming_active
21.234,25,jamming_active
21.235,25,jamming_active
21.236,25,jamming_active
21.237,25,jamming_active
21.238,25,jamming_active
21.239,25,jamming_active
21.24,25,jamming_active
21.241,25,jamming_active
21.242,25,jamming_active
21.243,25,jamming_active
21.244,25,jamming_active
21.245,25,jamming_active
21.246,25,jamming_active
21.247,25,jamming_active
21.248,25,jamming_active
21.249,25,jamming_active
21.25,25,jamming_active
21.251,25,jamming_active
21.252,25,jamming_active
21.253,25,jamming_active
21.254,25,jamming_active
21.255,25,jamming_active
21.256,25,jamming_active
21.257,25,jamming_active
21.258,25,jamming_active
21.259,25,jamming_active
21.26,25,jamming_active
21.261,25,jamming_active
21.262,25,jamming_active
21.263,25,jamming_active
21.264,25,jamming_active
21.265,25,jamming_active
21.266,25,jamming_active
21.267,25,jamming_active
21.268,25,jamming_active
21.269,25,jamming_active
21.27,25,jamming_active
21.271,25,jamming_active
21.272,25,jamming_active
21.273,25,jamming_active
21.274,25,jamming_active
21.275,25,jamming_active
21.276,25,jamming_active
21.277,25,jamming_active
21.278,25,jamming_active
21.279,25,jamming_active
21.28,25,jamming_active
21.281,25,jamming_active
21.282,25,jamming_active
21.283,25,jamming_active
21.284,25,jamming_active
21.285,25,jamming_active
21.286,25,jamming_active
21.287,25,jamming_active
21.288,25,jamming_active
21.289,25,jamming_active
21.29,25,jamming_active
21.291,25,jamming_active
21.292,25,jamming_active
21.293,25,jamming_active
21.294,25,jamming_active
21.295,25,jamming_active
21.296,25,jamming_active
21.297,25,jamming_active
21.298,25,jamming_active
21.299,25,jamming_active
21.3,25,jamming_active
21.301,25,jamming_active
21.302,25,jamming_active
21.303,25,jamming_active
21.304,25,jamming_active
21.305,25,jamming_active
21.306,25,jamming_active
21.307,25,jamming_active
21.308,25,jamming_active
21.309,25,jamming_active
21.31,25,jamming_active
21.311,25,jamming_active
21.312,25,jamming_active
21.313,25,jamming_active
21.314,25,jamming_active
21.315,25,jamming_active
21.316,25,jamming_active
21.317,25,jamming_active
21.318,25,jamming_active
21.319,25,jamming_active
21.32,25,jamming_active
21.321,25,jamming_active
21.322,25,jamming_active
21.323,25,jamming_active
21.324,25,jamming_active
21.325,25,jamming_active
21.326,25,jamming_active
21.327,25,jamming_active
21.328,25,jamming_active
21.329,25,jamming_active
21.33,25,jamming_active
21.331,25,jamming_active
21.332,25,jamming_active
21.333,25,jamming_active
21.334,25,jamming_active
21.335,25,jamming_active
21.336,25,jamming_active
21.337,25,jamming_active
21.338,25,jamming_active
21.339,25,jamming_active
21.34,25,jamming_active
21.341,25,jamming_active
21.342,25,jamming_active
21.343,25,jamming_active
21.344,25,jamming_active
21.345,25,jamming_active
21.346,25,jamming_active
21.347,25,jamming_active
21.348,25,jamming_active
21.349,25,jamming_active
21.35,25,jamming_active
21.351,25,jamming_active
21.352,25,jamming_active
21.353,25,jamming_active
21.354,25,jamming_active
21.355,25,jamming_active
21.356,25,jamming_active
21.357,25,jamming_active
21.358,25,jamming_active
21.359,25,jamming_active
21.36,25,jamming_active
21.361,25,jamming_active
21.362,25,jamming_active
21.363,25,jamming_active
21.364,25,jamming_active
21.365,25,jamming_active
21.366,25,jamming_active
21.367,25,jamming_active
21.368,25,jamming_active
21.369,25,jamming_active
21.37,25,jamming_active
21.371,25,jamming_active
21.372,25,jamming_active
21.373,25,jamming_active
21.374,25,jamming_active
21.375,25,jamming_active
21.376,25,jamming_active
21.377,25,jamming_active
21.378,25,jamming_active
21.379,25,jamming_active
21.38,25,jamming_active
21.381,25,jamming_active
21.382,25,jamming_active
21.383,25,jamming_active
21.384,25,jamming_active
21.385,25,jamming_active
21.386,25,jamming_active
21.387,25,jamming_active
21.388,25,jamming_active
21.389,25,jamming_active
21.39,25,jamming_active
21.391,25,jamming_active
21.392,25,jamming_active
21.393,25,jamming_active
21.394,25,jamming_active
21.395,25,jamming_active
21.396,25,jamming_active
21.397,25,jamming_active
21.398,25,jamming_active
21.399,25,jamming_active
21.4,25,jamming_active
21.401,25,jamming_active
21.402,25,jamming_active
21.403,25,jamming_active
21.404,25,jamming_active
21.405,25,jamming_active
21.406,25,jamming_active
21.407,25,jamming_active
21.408,25,jamming_active
21.409,25,jamming_active
21.41,25,jamming_active
21.411,25,jamming_active
21.412,25,jamming_active
21.413,25,jamming_active
21.414,25,jamming_active
21.415,25,jamming_active
21.416,25,jamming_active
21.417,25,jamming_active
21.418,25,jamming_active
21.419,25,jamming_active
21.42,25,jamming_active
21.421,25,jamming_active
21.422,25,jamming_active
21.423,25,jamming_active
21.424,25,jamming_active
21.425,25,jamming_active
21.426,25,jamming_active
21.427,25,jamming_active
21.428,25,jamming_active
21.429,25,jamming_active
21.43,25,jamming_active
21.431,25,jamming_active
21.432,25,jamming_active
21.433,25,jamming_active
21.434,25,jamming_active
21.435,25,jamming_active
21.436,25,jamming_active
21.437,25,jamming_active
21.438,25,jamming_active
21.439,25,jamming_active
21.44,25,jamming_active
21.441,25,jamming_active
21.442,25,jamming_active
21.443,25,jamming_active
21.444,25,jamming_active
21.445,25,jamming_active
21.446,25,jamming_active
21.447,25,jamming_active
21.448,25,jamming_active
21.449,25,jamming_active
21.45,25,jamming_active
21.451,25,jamming_active
21.452,25,jamming_active
21.453,25,jamming_active
21.454,25,jamming_active
21.455,25,jamming_active
21.456,25,jamming_active
21.457,25,jamming_active
21.458,25,jamming_active
21.459,25,jamming_active
21.46,25,jamming_active
21.461,25,jamming_active
21.462,25,jamming_active
21.463,25,jamming_active
21.464,25,jamming_active
21.465,25,jamming_active
21.466,25,jamming_active
21.467,25,jamming_active
21.468,25,jamming_active
21.469,25,jamming_active
21.47,25,jamming_active
21.471,25,jamming_active
21.472,25,jamming_active
21.473,25,jamming_active
21.474,25,jamming_active
21.475,25,jamming_active
21.476,25,jamming_active
21.477,25,jamming_active
21.478,25,jamming_active
21.479,25,jamming_active
21.48,25,jamming_active
21.481,25,jamming_active
21.482,25,jamming_active
21.483,25,jamming_active
21.484,25,jamming_active
21.485,25,jamming_active
21.486,25,jamming_active
21.487,25,jamming_active
21.488,25,jamming_active
21.489,25,jamming_active
21.49,25,jamming_active
21.491,25,jamming_active
21.492,25,jamming_active
21.493,25,jamming_active
21.494,25,jamming_active
21.495,25,jamming_active
21.496,25,jamming_active
21.497,25,jamming_active
21.498,25,jamming_active
21.499,25,jamming_active
21.5,25,jamming_active
21.501,25,jamming_active
21.502,25,jamming_active
21.503,25,jamming_active
21.504,25,jamming_active
21.505,25,jamming_active
21.506,25,jamming_active
21.507,25,jamming_active
21.508,25,jamming_active
21.509,25,jamming_active
21.51,25,jamming_active
21.511,25,jamming_active
21.512,25,jamming_active
21.513,25,jamming_active
21.514,25,jamming_active
21.515,25,jamming_active
21.516,25,jamming_active
21.517,25,jamming_active
21.518,25,jamming_active
21.519,25,jamming_active
21.52,25,jamming_active
21.521,25,jamming_active
21.522,25,jamming_active
21.523,25,jamming_active
21.524,25,jamming_active
21.525,25,jamming_active
21.526,25,jamming_active
21.527,25,jamming_active
21.528,25,jamming_active
21.529,25,jamming_active
21.53,25,jamming_active
21.531,25,jamming_active
21.532,25,jamming_active
21.533,25,jamming_active
21.534,25,jamming_active
21.535,25,jamming_active
21.536,25,jamming_active
21.537,25,jamming_active
21.538,25,jamming_active
21.539,25,jamming_active
21.54,25,jamming_active
21.541,25,jamming_active
21.542,25,jamming_active
21.543,25,jamming_active
21.544,25,jamming_active
21.545,25,jamming_active
21.546,25,jamming_active
21.547,25,jamming_active
21.548,25,jamming_active
21.549,25,jamming_active
21.55,25,jamming_active
21.551,25,jamming_active
21.552,25,jamming_active
21.553,25,jamming_active
21.554,25,jamming_active
21.555,25,jamming_active
21.556,25,jamming_active
21.557,25,jamming_active
21.558,25,jamming_active
21.559,25,jamming_active
21.56,25,jamming_active
21.561,25,jamming_active
21.562,25,jamming_active
21.563,25,jamming_active
21.564,25,jamming_active
21.565,25,jamming_active
21.566,25,jamming_active
21.567,25,jamming_active
21.568,25,jamming_active
21.569,25,jamming_active
21.57,25,jamming_active
21.571,25,jamming_active
21.572,25,jamming_active
21.573,25,jamming_active
21.574,25,jamming_active
21.575,25,jamming_active
21.576,25,jamming_active
21.577,25,jamming_active
21.578,25,jamming_active
21.579,25,jamming_active
21.58,25,jamming_active
21.581,25,jamming_active
21.582,25,jamming_active
21.583,25,jamming_active
21.584,25,jamming_active
21.585,25,jamming_active
21.586,25,jamming_active
21.587,25,jamming_active
21.588,25,jamming_active
21.589,25,jamming_active
21.59,25,jamming_active
21.591,25,jamming_active
21.592,25,jamming_active
21.593,25,jamming_active
21.594,25,jamming_active
21.595,25,jamming_active
21.596,25,jamming_active
21.597,25,jamming_active
21.598,25,jamming_active
21.599,25,jamming_active
21.6,25,jamming_active
21.601,25,jamming_active
21.602,25,jamming_active
21.603,25,jamming_active
21.604,25,jamming_active
21.605,25,jamming_active
21.606,25,jamming_active
21.607,25,jamming_active
21.608,25,jamming_active
21.609,25,jamming_active
21.61,25,jamming_active
21.611,25,jamming_active
21.612,25,jamming_active
21.613,25,jamming_active
21.614,25,jamming_active
21.615,25,jamming_active
21.616,25,jamming_active
21.617,25,jamming_active
21.618,25,jamming_active
21.619,25,jamming_active
21.62,25,jamming_active
21.621,25,jamming_active
21.622,25,jamming_active
21.623,25,jamming_active
21.624,25,jamming_active
21.625,25,jamming_active
21.626,25,jamming_active
21.627,25,jamming_active
21.628,25,jamming_active
21.629,25,jamming_active
21.63,25,jamming_active
21.631,25,jamming_active
21.632,25,jamming_active
21.633,25,jamming_active
21.634,25,jamming_active
21.635,25,jamming_active
21.636,25,jamming_active
21.637,25,jamming_active
21.638,25,jamming_active
21.639,25,jamming_active
21.64,25,jamming_active
21.641,25,jamming_active
21.642,25,jamming_active
21.643,25,jamming_active
21.644,25,jamming_active
21.645,25,jamming_active
21.646,25,jamming_active
21.647,25,jamming_active
21.648,25,jamming_active
21.649,25,jamming_active
21.65,25,jamming_active
21.651,25,jamming_active
21.652,25,jamming_active
21.653,25,jamming_active
21.654,25,jamming_active
21.655,25,jamming_active
21.656,25,jamming_active
21.657,25,jamming_active
21.658,25,jamming_active
21.659,25,jamming_active
21.66,25,jamming_active
21.661,25,jamming_active
21.662,25,jamming_active
21.663,25,jamming_active
21.664,25,jamming_active
21.665,25,jamming_active
21.666,25,jamming_active
21.667,25,jamming_active
21.668,25,jamming_active
21.669,25,jamming_active
21.67,25,jamming_active
21.671,25,jamming_active
21.672,25,jamming_active
21.673,25,jamming_active
21.674,25,jamming_active
21.675,25,jamming_active
21.676,25,jamming_active
21.677,25,jamming_active
21.678,25,jamming_active
21.679,25,jamming_active
21.68,25,jamming_active
21.681,25,jamming_active
21.682,25,jamming_active
21.683,25,jamming_active
21.684,25,jamming_active
21.685,25,jamming_active
21.686,25,jamming_active
21.687,25,jamming_active
21.688,25,jamming_active
21.689,25,jamming_active
21.69,25,jamming_active
21.691,25,jamming_active
21.692,25,jamming_active
21.693,25,jamming_active
21.694,25,jamming_active
21.695,25,jamming_active
21.696,25,jamming_active
21.697,25,jamming_active
21.698,25,jamming_active
21.699,25,jamming_active
21.7,25,jamming_active
21.701,25,jamming_active
21.702,25,jamming_active
21.703,25,jamming_active
21.704,25,jamming_active
21.705,25,jamming_active
21.706,25,jamming_active
21.707,25,jamming_active
21.708,25,jamming_active
21.709,25,jamming_active
21.71,25,jamming_active
21.711,25,jamming_active
21.712,25,jamming_active
21.713,25,jamming_active
21.714,25,jamming_active
21.715,25,jamming_active
21.716,25,jamming_active
21.717,25,jamming_active
21.718,25,jamming_active
21.719,25,jamming_active
21.72,25,jamming_active
21.721,25,jamming_active
21.722,25,jamming_active
21.723,25,jamming_active
21.724,25,jamming_active
21.725,25,jamming_active
21.726,25,jamming_active
21.727,25,jamming_active
21.728,25,jamming_active
21.729,25,jamming_active
21.73,25,jamming_active
21.731,25,jamming_active
21.732,25,jamming_active
21.733,25,jamming_active
21.734,25,jamming_active
21.735,25,jamming_active
21.736,25,jamming_active
21.737,25,jamming_active
21.738,25,jamming_active
21.739,25,jamming_active
21.74,25,jamming_active
21.741,25,jamming_active
21.742,25,jamming_active
21.743,25,jamming_active
21.744,25,jamming_active
21.745,25,jamming_active
21.746,25,jamming_active
21.747,25,jamming_active
21.748,25,jamming_active
21.749,25,jamming_active
21.75,25,jamming_active
21.751,25,jamming_active
21.752,25,jamming_active
21.753,25,jamming_active
21.754,25,jamming_active
21.755,25,jamming_active
21.756,25,jamming_active
21.757,25,jamming_active
21.758,25,jamming_active
21.759,25,jamming_active
21.76,25,jamming_active
21.761,25,jamming_active
21.762,25,jamming_active
21.763,25,jamming_active
21.764,25,jamming_active
21.765,25,jamming_active
21.766,25,jamming_active
21.767,25,jamming_active
21.768,25,jamming_active
21.769,25,jamming_active
21.77,25,jamming_active
21.771,25,jamming_active
21.772,25,jamming_active
21.773,25,jamming_active
21.774,25,jamming_active
21.775,25,jamming_active
21.776,25,jamming_active
21.777,25,jamming_active
21.778,25,jamming_active
21.779,25,jamming_active
21.78,25,jamming_active
21.781,25,jamming_active
21.782,25,jamming_active
21.783,25,jamming_active
21.784,25,jamming_active
21.785,25,jamming_active
21.786,25,jamming_active
21.787,25,jamming_active
21.788,25,jamming_active
21.789,25,jamming_active
21.79,25,jamming_active
21.791,25,jamming_active
21.792,25,jamming_active
21.793,25,jamming_active
21.794,25,jamming_active
21.795,25,jamming_active
21.796,25,jamming_active
21.797,25,jamming_active
21.798,25,jamming_active
21.799,25,jamming_active
21.8,25,jamming_active
21.801,25,jamming_active
21.802,25,jamming_active
21.803,25,jamming_active
21.804,25,jamming_active
21.805,25,jamming_active
21.806,25,jamming_active
21.807,25,jamming_active
21.808,25,jamming_active
21.809,25,jamming_active
21.81,25,jamming_active
21.811,25,jamming_active
21.812,25,jamming_active
21.813,25,jamming_active
21.814,25,jamming_active
21.815,25,jamming_active
21.816,25,jamming_active
21.817,25,jamming_active
21.818,25,jamming_active
21.819,25,jamming_active
21.82,25,jamming_active
21.821,25,jamming_active
21.822,25,jamming_active
21.823,25,jamming_active
21.824,25,jamming_active
21.825,25,jamming_active
21.826,25,jamming_active
21.827,25,jamming_active
21.828,25,jamming_active
21.829,25,jamming_active
21.83,25,jamming_active
21.831,25,jamming_active
21.832,25,jamming_active
21.833,25,jamming_active
21.834,25,jamming_active
21.835,25,jamming_active
21.836,25,jamming_active
21.837,25,jamming_active
21.838,25,jamming_active
21.839,25,jamming_active
21.84,25,jamming_active
21.841,25,jamming_active
21.842,25,jamming_active
21.843,25,jamming_active
21.844,25,jamming_active
21.845,25,jamming_active
21.846,25,jamming_active
21.847,25,jamming_active
21.848,25,jamming_active
21.849,25,jamming_active
21.85,25,jamming_active
21.851,25,jamming_active
21.852,25,jamming_active
21.853,25,jamming_active
21.854,25,jamming_active
21.855,25,jamming_active
21.856,25,jamming_active
21.857,25,jamming_active
21.858,25,jamming_active
21.859,25,jamming_active
21.86,25,jamming_active
21.861,25,jamming_active
21.862,25,jamming_active
21.863,25,jamming_active
21.864,25,jamming_active
21.865,25,jamming_active
21.866,25,jamming_active
21.867,25,jamming_active
21.868,25,jamming_active
21.869,25,jamming_active
21.87,25,jamming_active
21.871,25,jamming_active
21.872,25,jamming_active
21.873,25,jamming_active
21.874,25,jamming_active
21.875,25,jamming_active
21.876,25,jamming_active
21.877,25,jamming_active
21.878,25,jamming_active
21.879,25,jamming_active
21.88,25,jamming_active
21.881,25,jamming_active
21.882,25,jamming_active
21.883,25,jamming_active
21.884,25,jamming_active
21.885,25,jamming_active
21.886,25,jamming_active
21.887,25,jamming_active
21.888,25,jamming_active
21.889,25,jamming_active
21.89,25,jamming_active
21.891,25,jamming_active
21.892,25,jamming_active
21.893,25,jamming_active
21.894,25,jamming_active
21.895,25,jamming_active
21.896,25,jamming_active
21.897,25,jamming_active
21.898,25,jamming_active
21.899,25,jamming_active
21.9,25,jamming_active
21.901,25,jamming_active
21.902,25,jamming_active
21.903,25,jamming_active
21.904,25,jamming_active
21.905,25,jamming_active
21.906,25,jamming_active
21.907,25,jamming_active
21.908,25,jamming_active
21.909,25,jamming_active
21.91,25,jamming_active
21.911,25,jamming_active
21.912,25,jamming_active
21.913,25,jamming_active
21.914,25,jamming_active
21.915,25,jamming_active
21.916,25,jamming_active
21.917,25,jamming_active
21.918,25,jamming_active
21.919,25,jamming_active
21.92,25,jamming_active
21.921,25,jamming_active
21.922,25,jamming_active
21.923,25,jamming_active
21.924,25,jamming_active
21.925,25,jamming_active
21.926,25,jamming_active
21.927,25,jamming_active
21.928,25,jamming_active
21.929,25,jamming_active
21.93,25,jamming_active
21.931,25,jamming_active
21.932,25,jamming_active
21.933,25,jamming_active
21.934,25,jamming_active
21.935,25,jamming_active
21.936,25,jamming_active
21.937,25,jamming_active
21.938,25,jamming_active
21.939,25,jamming_active
21.94,25,jamming_active
21.941,25,jamming_active
21.942,25,jamming_active
21.943,25,jamming_active
21.944,25,jamming_active
21.945,25,jamming_active
21.946,25,jamming_active
21.947,25,jamming_active
21.948,25,jamming_active
21.949,25,jamming_active
21.95,25,jamming_active
21.951,25,jamming_active
21.952,25,jamming_active
21.953,25,jamming_active
21.954,25,jamming_active
21.955,25,jamming_active
21.956,25,jamming_active
21.957,25,jamming_active
21.958,25,jamming_active
21.959,25,jamming_active
21.96,25,jamming_active
21.961,25,jamming_active
21.962,25,jamming_active
21.963,25,jamming_active
21.964,25,jamming_active
21.965,25,jamming_active
21.966,25,jamming_active
21.967,25,jamming_active
21.968,25,jamming_active
21.969,25,jamming_active
21.97,25,jamming_active
21.971,25,jamming_active
21.972,25,jamming_active
21.973,25,jamming_active
21.974,25,jamming_active
21.975,25,jamming_active
21.976,25,jamming_active
21.977,25,jamming_active
21.978,25,jamming_active
21.979,25,jamming_active
21.98,25,jamming_active
21.981,25,jamming_active
21.982,25,jamming_active
21.983,25,jamming_active
21.984,25,jamming_active
21.985,25,jamming_active
21.986,25,jamming_active
21.987,25,jamming_active
21.988,25,jamming_active
21.989,25,jamming_active
21.99,25,jamming_active
21.991,25,jamming_active
21.992,25,jamming_active
21.993,25,jamming_active
21.994,25,jamming_active
21.995,25,jamming_active
21.996,25,jamming_active
21.997,25,jamming_active
21.998,25,jamming_active
21.999,25,jamming_active
22,25,jamming_active
22.001,25,jamming_active
22.002,25,jamming_active
22.003,25,jamming_active
22.004,25,jamming_active
22.005,25,jamming_active
22.006,25,jamming_active
22.007,25,jamming_active
22.008,25,jamming_active
22.009,25,jamming_active
22.01,25,jamming_active
22.011,25,jamming_active
22.012,25,jamming_active
22.013,25,jamming_active
22.014,25,jamming_active
22.015,25,jamming_active
22.016,25,jamming_active
22.017,25,jamming_active
22.018,25,jamming_active
22.019,25,jamming_active
22.02,25,jamming_active
22.021,25,jamming_active
22.022,25,jamming_active
22.023,25,jamming_active
22.024,25,jamming_active
22.025,25,jamming_active
22.026,25,jamming_active
22.027,25,jamming_active
22.028,25,jamming_active
22.029,25,jamming_active
22.03,25,jamming_active
22.031,25,jamming_active
22.032,25,jamming_active
22.033,25,jamming_active
22.034,25,jamming_active
22.035,25,jamming_active
22.036,25,jamming_active
22.037,25,jamming_active
22.038,25,jamming_active
22.039,25,jamming_active
22.04,25,jamming_active
22.041,25,jamming_active
22.042,25,jamming_active
22.043,25,jamming_active
22.044,25,jamming_active
22.045,25,jamming_active
22.046,25,jamming_active
22.047,25,jamming_active
22.048,25,jamming_active
22.049,25,jamming_active
22.05,25,jamming_active
22.051,25,jamming_active
22.052,25,jamming_active
22.053,25,jamming_active
22.054,25,jamming_active
22.055,25,jamming_active
22.056,25,jamming_active
22.057,25,jamming_active
22.058,25,jamming_active
22.059,25,jamming_active
22.06,25,jamming_active
22.061,25,jamming_active
22.062,25,jamming_active
22.063,25,jamming_active
22.064,25,jamming_active
22.065,25,jamming_active
22.066,25,jamming_active
22.067,25,jamming_active
22.068,25,jamming_active
22.069,25,jamming_active
22.07,25,jamming_active
22.071,25,jamming_active
22.072,25,jamming_active
22.073,25,jamming_active
22.074,25,jamming_active
22.075,25,jamming_active
22.076,25,jamming_active
22.077,25,jamming_active
22.078,25,jamming_active
22.079,25,jamming_active
22.08,25,jamming_active
22.081,25,jamming_active
22.082,25,jamming_active
22.083,25,jamming_active
22.084,25,jamming_active
22.085,25,jamming_active
22.086,25,jamming_active
22.087,25,jamming_active
22.088,25,jamming_active
22.089,25,jamming_active
22.09,25,jamming_active
22.091,25,jamming_active
22.092,25,jamming_active
22.093,25,jamming_active
22.094,25,jamming_active
22.095,25,jamming_active
22.096,25,jamming_active
22.097,25,jamming_active
22.098,25,jamming_active
22.099,25,jamming_active
22.1,25,jamming_active
22.101,25,jamming_active
22.102,25,jamming_active
22.103,25,jamming_active
22.104,25,jamming_active
22.105,25,jamming_active
22.106,25,jamming_active
22.107,25,jamming_active
22.108,25,jamming_active
22.109,25,jamming_active
22.11,25,jamming_active
22.111,25,jamming_active
22.112,25,jamming_active
22.113,25,jamming_active
22.114,25,jamming_active
22.115,25,jamming_active
22.116,25,jamming_active
22.117,25,jamming_active
22.118,25,jamming_active
22.119,25,jamming_active
22.12,25,jamming_active
22.121,25,jamming_active
22.122,25,jamming_active
22.123,25,jamming_active
22.124,25,jamming_active
22.125,25,jamming_active
22.126,25,jamming_active
22.127,25,jamming_active
22.128,25,jamming_active
22.129,25,jamming_active
22.13,25,jamming_active
22.131,25,jamming_active
22.132,25,jamming_active
22.133,25,jamming_active
22.134,25,jamming_active
22.135,25,jamming_active
22.136,25,jamming_active
22.137,25,jamming_active
22.138,25,jamming_active
22.139,25,jamming_active
22.14,25,jamming_active
22.141,25,jamming_active
22.142,25,jamming_active
22.143,25,jamming_active
22.144,25,jamming_active
22.145,25,jamming_active
22.146,25,jamming_active
22.147,25,jamming_active
22.148,25,jamming_active
22.149,25,jamming_active
22.15,25,jamming_active
22.151,25,jamming_active
22.152,25,jamming_active
22.153,25,jamming_active
22.154,25,jamming_active
22.155,25,jamming_active
22.156,25,jamming_active
22.157,25,jamming_active
22.158,25,jamming_active
22.159,25,jamming_active
22.16,25,jamming_active
22.161,25,jamming_active
22.162,25,jamming_active
22.163,25,jamming_active
22.164,25,jamming_active
22.165,25,jamming_active
22.166,25,jamming_active
22.167,25,jamming_active
22.168,25,jamming_active
22.169,25,jamming_active
22.17,25,jamming_active
22.171,25,jamming_active
22.172,25,jamming_active
22.173,25,jamming_active
22.174,25,jamming_active
22.175,25,jamming_active
22.176,25,jamming_active
22.177,25,jamming_active
22.178,25,jamming_active
22.179,25,jamming_active
22.18,25,jamming_active
22.181,25,jamming_active
22.182,25,jamming_active
22.183,25,jamming_active
22.184,25,jamming_active
22.185,25,jamming_active
22.186,25,jamming_active
22.187,25,jamming_active
22.188,25,jamming_active
22.189,25,jamming_active
22.19,25,jamming_active
22.191,25,jamming_active
22.192,25,jamming_active
22.193,25,jamming_active
22.194,25,jamming_active
22.195,25,jamming_active
22.196,25,jamming_active
22.197,25,jamming_active
22.198,25,jamming_active
22.199,25,jamming_active
22.2,25,jamming_active
22.201,25,jamming_active
22.202,25,jamming_active
22.203,25,jamming_active
22.204,25,jamming_active
22.205,25,jamming_active
22.206,25,jamming_active
22.207,25,jamming_active
22.208,25,jamming_active
22.209,25,jamming_active
22.21,25,jamming_active
22.211,25,jamming_active
22.212,25,jamming_active
22.213,25,jamming_active
22.214,25,jamming_active
22.215,25,jamming_active
22.216,25,jamming_active
22.217,25,jamming_active
22.218,25,jamming_active
22.219,25,jamming_active
22.22,25,jamming_active
22.221,25,jamming_active
22.222,25,jamming_active
22.223,25,jamming_active
22.224,25,jamming_active
22.225,25,jamming_active
22.226,25,jamming_active
22.227,25,jamming_active
22.228,25,jamming_active
22.229,25,jamming_active
22.23,25,jamming_active
22.231,25,jamming_active
22.232,25,jamming_active
22.233,25,jamming_active
22.234,25,jamming_active
22.235,25,jamming_active
22.236,25,jamming_active
22.237,25,jamming_active
22.238,25,jamming_active
22.239,25,jamming_active
22.24,25,jamming_active
22.241,25,jamming_active
22.242,25,jamming_active
22.243,25,jamming_active
22.244,25,jamming_active
22.245,25,jamming_active
22.246,25,jamming_active
22.247,25,jamming_active
22.248,25,jamming_active
22.249,25,jamming_active
22.25,25,jamming_active
22.251,25,jamming_active
22.252,25,jamming_active
22.253,25,jamming_active
22.254,25,jamming_active
22.255,25,jamming_active
22.256,25,jamming_active
22.257,25,jamming_active
22.258,25,jamming_active
22.259,25,jamming_active
22.26,25,jamming_active
22.261,25,jamming_active
22.262,25,jamming_active
22.263,25,jamming_active
22.264,25,jamming_active
22.265,25,jamming_active
22.266,25,jamming_active
22.267,25,jamming_active
22.268,25,jamming_active
22.269,25,jamming_active
22.27,25,jamming_active
22.271,25,jamming_active
22.272,25,jamming_active
22.273,25,jamming_active
22.274,25,jamming_active
22.275,25,jamming_active
22.276,25,jamming_active
22.277,25,jamming_active
22.278,25,jamming_active
22.279,25,jamming_active
22.28,25,jamming_active
22.281,25,jamming_active
22.282,25,jamming_active
22.283,25,jamming_active
22.284,25,jamming_active
22.285,25,jamming_active
22.286,25,jamming_active
22.287,25,jamming_active
22.288,25,jamming_active
22.289,25,jamming_active
22.29,25,jamming_active
22.291,25,jamming_active
22.292,25,jamming_active
22.293,25,jamming_active
22.294,25,jamming_active
22.295,25,jamming_active
22.296,25,jamming_active
22.297,25,jamming_active
22.298,25,jamming_active
22.299,25,jamming_active
22.3,25,jamming_active
22.301,25,jamming_active
22.302,25,jamming_active
22.303,25,jamming_active
22.304,25,jamming_active
22.305,25,jamming_active
22.306,25,jamming_active
22.307,25,jamming_active
22.308,25,jamming_active
22.309,25,jamming_active
22.31,25,jamming_active
22.311,25,jamming_active
22.312,25,jamming_active
22.313,25,jamming_active
22.314,25,jamming_active
22.315,25,jamming_active
22.316,25,jamming_active
22.317,25,jamming_active
22.318,25,jamming_active
22.319,25,jamming_active
22.32,25,jamming_active
22.321,25,jamming_active
22.322,25,jamming_active
22.323,25,jamming_active
22.324,25,jamming_active
22.325,25,jamming_active
22.326,25,jamming_active
22.327,25,jamming_active
22.328,25,jamming_active
22.329,25,jamming_active
22.33,25,jamming_active
22.331,25,jamming_active
22.332,25,jamming_active
22.333,25,jamming_active
22.334,25,jamming_active
22.335,25,jamming_active
22.336,25,jamming_active
22.337,25,jamming_active
22.338,25,jamming_active
22.339,25,jamming_active
22.34,25,jamming_active
22.341,25,jamming_active
22.342,25,jamming_active
22.343,25,jamming_active
22.344,25,jamming_active
22.345,25,jamming_active
22.346,25,jamming_active
22.347,25,jamming_active
22.348,25,jamming_active
22.349,25,jamming_active
22.35,25,jamming_active
22.351,25,jamming_active
22.352,25,jamming_active
22.353,25,jamming_active
22.354,25,jamming_active
22.355,25,jamming_active
22.356,25,jamming_active
22.357,25,jamming_active
22.358,25,jamming_active
22.359,25,jamming_active
22.36,25,jamming_active
22.361,25,jamming_active
22.362,25,jamming_active
22.363,25,jamming_active
22.364,25,jamming_active
22.365,25,jamming_active
22.366,25,jamming_active
22.367,25,jamming_active
22.368,25,jamming_active
22.369,25,jamming_active
22.37,25,jamming_active
22.371,25,jamming_active
22.372,25,jamming_active
22.373,25,jamming_active
22.374,25,jamming_active
22.375,25,jamming_active
22.376,25,jamming_active
22.377,25,jamming_active
22.378,25,jamming_active
22.379,25,jamming_active
22.38,25,jamming_active
22.381,25,jamming_active
22.382,25,jamming_active
22.383,25,jamming_active
22.384,25,jamming_active
22.385,25,jamming_active
22.386,25,jamming_active
22.387,25,jamming_active
22.388,25,jamming_active
22.389,25,jamming_active
22.39,25,jamming_active
22.391,25,jamming_active
22.392,25,jamming_active
22.393,25,jamming_active
22.394,25,jamming_active
22.395,25,jamming_active
22.396,25,jamming_active
22.397,25,jamming_active
22.398,25,jamming_active
22.399,25,jamming_active
22.4,25,jamming_active
22.401,25,jamming_active
22.402,25,jamming_active
22.403,25,jamming_active
22.404,25,jamming_active
22.405,25,jamming_active
22.406,25,jamming_active
22.407,25,jamming_active
22.408,25,jamming_active
22.409,25,jamming_active
22.41,25,jamming_active
22.411,25,jamming_active
22.412,25,jamming_active
22.413,25,jamming_active
22.414,25,jamming_active
22.415,25,jamming_active
22.416,25,jamming_active
22.417,25,jamming_active
22.418,25,jamming_active
22.419,25,jamming_active
22.42,25,jamming_active
22.421,25,jamming_active
22.422,25,jamming_active
22.423,25,jamming_active
22.424,25,jamming_active
22.425,25,jamming_active
22.426,25,jamming_active
22.427,25,jamming_active
22.428,25,jamming_active
22.429,25,jamming_active
22.43,25,jamming_active
22.431,25,jamming_active
22.432,25,jamming_active
22.433,25,jamming_active
22.434,25,jamming_active
22.435,25,jamming_active
22.436,25,jamming_active
22.437,25,jamming_active
22.438,25,jamming_active
22.439,25,jamming_active
22.44,25,jamming_active
22.441,25,jamming_active
22.442,25,jamming_active
22.443,25,jamming_active
22.444,25,jamming_active
22.445,25,jamming_active
22.446,25,jamming_active
22.447,25,jamming_active
22.448,25,jamming_active
22.449,25,jamming_active
22.45,25,jamming_active
22.451,25,jamming_active
22.452,25,jamming_active
22.453,25,jamming_active
22.454,25,jamming_active
22.455,25,jamming_active
22.456,25,jamming_active
22.457,25,jamming_active
22.458,25,jamming_active
22.459,25,jamming_active
22.46,25,jamming_active
22.461,25,jamming_active
22.462,25,jamming_active
22.463,25,jamming_active
22.464,25,jamming_active
22.465,25,jamming_active
22.466,25,jamming_active
22.467,25,jamming_active
22.468,25,jamming_active
22.469,25,jamming_active
22.47,25,jamming_active
22.471,25,jamming_active
22.472,25,jamming_active
22.473,25,jamming_active
22.474,25,jamming_active
22.475,25,jamming_active
22.476,25,jamming_active
22.477,25,jamming_active
22.478,25,jamming_active
22.479,25,jamming_active
22.48,25,jamming_active
22.481,25,jamming_active
22.482,25,jamming_active
22.483,25,jamming_active
22.484,25,jamming_active
22.485,25,jamming_active
22.486,25,jamming_active
22.487,25,jamming_active
22.488,25,jamming_active
22.489,25,jamming_active
22.49,25,jamming_active
22.491,25,jamming_active
22.492,25,jamming_active
22.493,25,jamming_active
22.494,25,jamming_active
22.495,25,jamming_active
22.496,25,jamming_active
22.497,25,jamming_active
22.498,25,jamming_active
22.499,25,jamming_active
22.5,25,jamming_active
22.501,25,jamming_active
22.502,25,jamming_active
22.503,25,jamming_active
22.504,25,jamming_active
22.505,25,jamming_active
22.506,25,jamming_active
22.507,25,jamming_active
22.508,25,jamming_active
22.509,25,jamming_active
22.51,25,jamming_active
22.511,25,jamming_active
22.512,25,jamming_active
22.513,25,jamming_active
22.514,25,jamming_active
22.515,25,jamming_active
22.516,25,jamming_active
22.517,25,jamming_active
22.518,25,jamming_active
22.519,25,jamming_active
22.52,25,jamming_active
22.521,25,jamming_active
22.522,25,jamming_active
22.523,25,jamming_active
22.524,25,jamming_active
22.525,25,jamming_active
22.526,25,jamming_active
22.527,25,jamming_active
22.528,25,jamming_active
22.529,25,jamming_active
22.53,25,jamming_active
22.531,25,jamming_active
22.532,25,jamming_active
22.533,25,jamming_active
22.534,25,jamming_active
22.535,25,jamming_active
22.536,25,jamming_active
22.537,25,jamming_active
22.538,25,jamming_active
22.539,25,jamming_active
22.54,25,jamming_active
22.541,25,jamming_active
22.542,25,jamming_active
22.543,25,jamming_active
22.544,25,jamming_active
22.545,25,jamming_active
22.546,25,jamming_active
22.547,25,jamming_active
22.548,25,jamming_active
22.549,25,jamming_active
22.55,25,jamming_active
22.551,25,jamming_active
22.552,25,jamming_active
22.553,25,jamming_active
22.554,25,jamming_active
22.555,25,jamming_active
22.556,25,jamming_active
22.557,25,jamming_active
22.558,25,jamming_active
22.559,25,jamming_active
22.56,25,jamming_active
22.561,25,jamming_active
22.562,25,jamming_active
22.563,25,jamming_active
22.564,25,jamming_active
22.565,25,jamming_active
22.566,25,jamming_active
22.567,25,jamming_active
22.568,25,jamming_active
22.569,25,jamming_active
22.57,25,jamming_active
22.571,25,jamming_active
22.572,25,jamming_active
22.573,25,jamming_active
22.574,25,jamming_active
22.575,25,jamming_active
22.576,25,jamming_active
22.577,25,jamming_active
22.578,25,jamming_active
22.579,25,jamming_active
22.58,25,jamming_active
22.581,25,jamming_active
22.582,25,jamming_active
22.583,25,jamming_active
22.584,25,jamming_active
22.585,25,jamming_active
22.586,25,jamming_active
22.587,25,jamming_active
22.588,25,jamming_active
22.589,25,jamming_active
22.59,25,jamming_active
22.591,25,jamming_active
22.592,25,jamming_active
22.593,25,jamming_active
22.594,25,jamming_active
22.595,25,jamming_active
22.596,25,jamming_active
22.597,25,jamming_active
22.598,25,jamming_active
22.599,25,jamming_active
22.6,25,jamming_active
22.601,25,jamming_active
22.602,25,jamming_active
22.603,25,jamming_active
22.604,25,jamming_active
22.605,25,jamming_active
22.606,25,jamming_active
22.607,25,jamming_active
22.608,25,jamming_active
22.609,25,jamming_active
22.61,25,jamming_active
22.611,25,jamming_active
22.612,25,jamming_active
22.613,25,jamming_active
22.614,25,jamming_active
22.615,25,jamming_active
22.616,25,jamming_active
22.617,25,jamming_active
22.618,25,jamming_active
22.619,25,jamming_active
22.62,25,jamming_active
22.621,25,jamming_active
22.622,25,jamming_active
22.623,25,jamming_active
22.624,25,jamming_active
22.625,25,jamming_active
22.626,25,jamming_active
22.627,25,jamming_active
22.628,25,jamming_active
22.629,25,jamming_active
22.63,25,jamming_active
22.631,25,jamming_active
22.632,25,jamming_active
22.633,25,jamming_active
22.634,25,jamming_active
22.635,25,jamming_active
22.636,25,jamming_active
22.637,25,jamming_active
22.638,25,jamming_active
22.639,25,jamming_active
22.64,25,jamming_active
22.641,25,jamming_active
22.642,25,jamming_active
22.643,25,jamming_active
22.644,25,jamming_active
22.645,25,jamming_active
22.646,25,jamming_active
22.647,25,jamming_active
22.648,25,jamming_active
22.649,25,jamming_active
22.65,25,jamming_active
22.651,25,jamming_active
22.652,25,jamming_active
22.653,25,jamming_active
22.654,25,jamming_active
22.655,25,jamming_active
22.656,25,jamming_active
22.657,25,jamming_active
22.658,25,jamming_active
22.659,25,jamming_active
22.66,25,jamming_active
22.661,25,jamming_active
22.662,25,jamming_active
22.663,25,jamming_active
22.664,25,jamming_active
22.665,25,jamming_active
22.666,25,jamming_active
22.667,25,jamming_active
22.668,25,jamming_active
22.669,25,jamming_active
22.67,25,jamming_active
22.671,25,jamming_active
22.672,25,jamming_active
22.673,25,jamming_active
22.674,25,jamming_active
22.675,25,jamming_active
22.676,25,jamming_active
22.677,25,jamming_active
22.678,25,jamming_active
22.679,25,jamming_active
22.68,25,jamming_active
22.681,25,jamming_active
22.682,25,jamming_active
22.683,25,jamming_active
22.684,25,jamming_active
22.685,25,jamming_active
22.686,25,jamming_active
22.687,25,jamming_active
22.688,25,jamming_active
22.689,25,jamming_active
22.69,25,jamming_active
22.691,25,jamming_active
22.692,25,jamming_active
22.693,25,jamming_active
22.694,25,jamming_active
22.695,25,jamming_active
22.696,25,jamming_active
22.697,25,jamming_active
22.698,25,jamming_active
22.699,25,jamming_active
22.7,25,jamming_active
22.701,25,jamming_active
22.702,25,jamming_active
22.703,25,jamming_active
22.704,25,jamming_active
22.705,25,jamming_active
22.706,25,jamming_active
22.707,25,jamming_active
22.708,25,jamming_active
22.709,25,jamming_active
22.71,25,jamming_active
22.711,25,jamming_active
22.712,25,jamming_active
22.713,25,jamming_active
22.714,25,jamming_active
22.715,25,jamming_active
22.716,25,jamming_active
22.717,25,jamming_active
22.718,25,jamming_active
22.719,25,jamming_active
22.72,25,jamming_active
22.721,25,jamming_active
22.722,25,jamming_active
22.723,25,jamming_active
22.724,25,jamming_active
22.725,25,jamming_active
22.726,25,jamming_active
22.727,25,jamming_active
22.728,25,jamming_active
22.729,25,jamming_active
22.73,25,jamming_active
22.731,25,jamming_active
22.732,25,jamming_active
22.733,25,jamming_active
22.734,25,jamming_active
22.735,25,jamming_active
22.736,25,jamming_active
22.737,25,jamming_active
22.738,25,jamming_active
22.739,25,jamming_active
22.74,25,jamming_active
22.741,25,jamming_active
22.742,25,jamming_active
22.743,25,jamming_active
22.744,25,jamming_active
22.745,25,jamming_active
22.746,25,jamming_active
22.747,25,jamming_active
22.748,25,jamming_active
22.749,25,jamming_active
22.75,25,jamming_active
22.751,25,jamming_active
22.752,25,jamming_active
22.753,25,jamming_active
22.754,25,jamming_active
22.755,25,jamming_active
22.756,25,jamming_active
22.757,25,jamming_active
22.758,25,jamming_active
22.759,25,jamming_active
22.76,25,jamming_active
22.761,25,jamming_active
22.762,25,jamming_active
22.763,25,jamming_active
22.764,25,jamming_active
22.765,25,jamming_active
22.766,25,jamming_active
22.767,25,jamming_active
22.768,25,jamming_active
22.769,25,jamming_active
22.77,25,jamming_active
22.771,25,jamming_active
22.772,25,jamming_active
22.773,25,jamming_active
22.774,25,jamming_active
22.775,25,jamming_active
22.776,25,jamming_active
22.777,25,jamming_active
22.778,25,jamming_active
22.779,25,jamming_active
22.78,25,jamming_active
22.781,25,jamming_active
22.782,25,jamming_active
22.783,25,jamming_active
22.784,25,jamming_active
22.785,25,jamming_active
22.786,25,jamming_active
22.787,25,jamming_active
22.788,25,jamming_active
22.789,25,jamming_active
22.79,25,jamming_active
22.791,25,jamming_active
22.792,25,jamming_active
22.793,25,jamming_active
22.794,25,jamming_active
22.795,25,jamming_active
22.796,25,jamming_active
22.797,25,jamming_active
22.798,25,jamming_active
22.799,25,jamming_active
22.8,25,jamming_active
22.801,25,jamming_active
22.802,25,jamming_active
22.803,25,jamming_active
22.804,25,jamming_active
22.805,25,jamming_active
22.806,25,jamming_active
22.807,25,jamming_active
22.808,25,jamming_active
22.809,25,jamming_active
22.81,25,jamming_active
22.811,25,jamming_active
22.812,25,jamming_active
22.813,25,jamming_active
22.814,25,jamming_active
22.815,25,jamming_active
22.816,25,jamming_active
22.817,25,jamming_active
22.818,25,jamming_active
22.819,25,jamming_active
22.82,25,jamming_active
22.821,25,jamming_active
22.822,25,jamming_active
22.823,25,jamming_active
22.824,25,jamming_active
22.825,25,jamming_active
22.826,25,jamming_active
22.827,25,jamming_active
22.828,25,jamming_active
22.829,25,jamming_active
22.83,25,jamming_active
22.831,25,jamming_active
22.832,25,jamming_active
22.833,25,jamming_active
22.834,25,jamming_active
22.835,25,jamming_active
22.836,25,jamming_active
22.837,25,jamming_active
22.838,25,jamming_active
22.839,25,jamming_active
22.84,25,jamming_active
22.841,25,jamming_active
22.842,25,jamming_active
22.843,25,jamming_active
22.844,25,jamming_active
22.845,25,jamming_active
22.846,25,jamming_active
22.847,25,jamming_active
22.848,25,jamming_active
22.849,25,jamming_active
22.85,25,jamming_active
22.851,25,jamming_active
22.852,25,jamming_active
22.853,25,jamming_active
22.854,25,jamming_active
22.855,25,jamming_active
22.856,25,jamming_active
22.857,25,jamming_active
22.858,25,jamming_active
22.859,25,jamming_active
22.86,25,jamming_active
22.861,25,jamming_active
22.862,25,jamming_active
22.863,25,jamming_active
22.864,25,jamming_active
22.865,25,jamming_active
22.866,25,jamming_active
22.867,25,jamming_active
22.868,25,jamming_active
22.869,25,jamming_active
22.87,25,jamming_active
22.871,25,jamming_active
22.872,25,jamming_active
22.873,25,jamming_active
22.874,25,jamming_active
22.875,25,jamming_active
22.876,25,jamming_active
22.877,25,jamming_active
22.878,25,jamming_active
22.879,25,jamming_active
22.88,25,jamming_active
22.881,25,jamming_active
22.882,25,jamming_active
22.883,25,jamming_active
22.884,25,jamming_active
22.885,25,jamming_active
22.886,25,jamming_active
22.887,25,jamming_active
22.888,25,jamming_active
22.889,25,jamming_active
22.89,25,jamming_active
22.891,25,jamming_active
22.892,25,jamming_active
22.893,25,jamming_active
22.894,25,jamming_active
22.895,25,jamming_active
22.896,25,jamming_active
22.897,25,jamming_active
22.898,25,jamming_active
22.899,25,jamming_active
22.9,25,jamming_active
22.901,25,jamming_active
22.902,25,jamming_active
22.903,25,jamming_active
22.904,25,jamming_active
22.905,25,jamming_active
22.906,25,jamming_active
22.907,25,jamming_active
22.908,25,jamming_active
22.909,25,jamming_active
22.91,25,jamming_active
22.911,25,jamming_active
22.912,25,jamming_active
22.913,25,jamming_active
22.914,25,jamming_active
22.915,25,jamming_active
22.916,25,jamming_active
22.917,25,jamming_active
22.918,25,jamming_active
22.919,25,jamming_active
22.92,25,jamming_active
22.921,25,jamming_active
22.922,25,jamming_active
22.923,25,jamming_active
22.924,25,jamming_active
22.925,25,jamming_active
22.926,25,jamming_active
22.927,25,jamming_active
22.928,25,jamming_active
22.929,25,jamming_active
22.93,25,jamming_active
22.931,25,jamming_active
22.932,25,jamming_active
22.933,25,jamming_active
22.934,25,jamming_active
22.935,25,jamming_active
22.936,25,jamming_active
22.937,25,jamming_active
22.938,25,jamming_active
22.939,25,jamming_active
22.94,25,jamming_active
22.941,25,jamming_active
22.942,25,jamming_active
22.943,25,jamming_active
22.944,25,jamming_active
22.945,25,jamming_active
22.946,25,jamming_active
22.947,25,jamming_active
22.948,25,jamming_active
22.949,25,jamming_active
22.95,25,jamming_active
22.951,25,jamming_active
22.952,25,jamming_active
22.953,25,jamming_active
22.954,25,jamming_active
22.955,25,jamming_active
22.956,25,jamming_active
22.957,25,jamming_active
22.958,25,jamming_active
22.959,25,jamming_active
22.96,25,jamming_active
22.961,25,jamming_active
22.962,25,jamming_active
22.963,25,jamming_active
22.964,25,jamming_active
22.965,25,jamming_active
22.966,25,jamming_active
22.967,25,jamming_active
22.968,25,jamming_active
22.969,25,jamming_active
22.97,25,jamming_active
22.971,25,jamming_active
22.972,25,jamming_active
22.973,25,jamming_active
22.974,25,jamming_active
22.975,25,jamming_active
22.976,25,jamming_active
22.977,25,jamming_active
22.978,25,jamming_active
22.979,25,jamming_active
22.98,25,jamming_active
22.981,25,jamming_active
22.982,25,jamming_active
22.983,25,jamming_active
22.984,25,jamming_active
22.985,25,jamming_active
22.986,25,jamming_active
22.987,25,jamming_active
22.988,25,jamming_active
22.989,25,jamming_active
22.99,25,jamming_active
22.991,25,jamming_active
22.992,25,jamming_active
22.993,25,jamming_active
22.994,25,jamming_active
22.995,25,jamming_active
22.996,25,jamming_active
22.997,25,jamming_active
22.998,25,jamming_active
22.999,25,jamming_active
23,25,jamming_active
23.001,25,jamming_active
23.002,25,jamming_active
23.003,25,jamming_active
23.004,25,jamming_active
23.005,25,jamming_active
23.006,25,jamming_active
23.007,25,jamming_active
23.008,25,jamming_active
23.009,25,jamming_active
23.01,25,jamming_active
23.011,25,jamming_active
23.012,25,jamming_active
23.013,25,jamming_active
23.014,25,jamming_active
23.015,25,jamming_active
23.016,25,jamming_active
23.017,25,jamming_active
23.018,25,jamming_active
23.019,25,jamming_active
23.02,25,jamming_active
23.021,25,jamming_active
23.022,25,jamming_active
23.023,25,jamming_active
23.024,25,jamming_active
23.025,25,jamming_active
23.026,25,jamming_active
23.027,25,jamming_active
23.028,25,jamming_active
23.029,25,jamming_active
23.03,25,jamming_active
23.031,25,jamming_active
23.032,25,jamming_active
23.033,25,jamming_active
23.034,25,jamming_active
23.035,25,jamming_active
23.036,25,jamming_active
23.037,25,jamming_active
23.038,25,jamming_active
23.039,25,jamming_active
23.04,25,jamming_active
23.041,25,jamming_active
23.042,25,jamming_active
23.043,25,jamming_active
23.044,25,jamming_active
23.045,25,jamming_active
23.046,25,jamming_active
23.047,25,jamming_active
23.048,25,jamming_active
23.049,25,jamming_active
23.05,25,jamming_active
23.051,25,jamming_active
23.052,25,jamming_active
23.053,25,jamming_active
23.054,25,jamming_active
23.055,25,jamming_active
23.056,25,jamming_active
23.057,25,jamming_active
23.058,25,jamming_active
23.059,25,jamming_active
23.06,25,jamming_active
23.061,25,jamming_active
23.062,25,jamming_active
23.063,25,jamming_active
23.064,25,jamming_active
23.065,25,jamming_active
23.066,25,jamming_active
23.067,25,jamming_active
23.068,25,jamming_active
23.069,25,jamming_active
23.07,25,jamming_active
23.071,25,jamming_active
23.072,25,jamming_active
23.073,25,jamming_active
23.074,25,jamming_active
23.075,25,jamming_active
23.076,25,jamming_active
23.077,25,jamming_active
23.078,25,jamming_active
23.079,25,jamming_active
23.08,25,jamming_active
23.081,25,jamming_active
23.082,25,jamming_active
23.083,25,jamming_active
23.084,25,jamming_active
23.085,25,jamming_active
23.086,25,jamming_active
23.087,25,jamming_active
23.088,25,jamming_active
23.089,25,jamming_active
23.09,25,jamming_active
23.091,25,jamming_active
23.092,25,jamming_active
23.093,25,jamming_active
23.094,25,jamming_active
23.095,25,jamming_active
23.096,25,jamming_active
23.097,25,jamming_active
23.098,25,jamming_active
23.099,25,jamming_active
23.1,25,jamming_active
23.101,25,jamming_active
23.102,25,jamming_active
23.103,25,jamming_active
23.104,25,jamming_active
23.105,25,jamming_active
23.106,25,jamming_active
23.107,25,jamming_active
23.108,25,jamming_active
23.109,25,jamming_active
23.11,25,jamming_active
23.111,25,jamming_active
23.112,25,jamming_active
23.113,25,jamming_active
23.114,25,jamming_active
23.115,25,jamming_active
23.116,25,jamming_active
23.117,25,jamming_active
23.118,25,jamming_active
23.119,25,jamming_active
23.12,25,jamming_active
23.121,25,jamming_active
23.122,25,jamming_active
23.123,25,jamming_active
23.124,25,jamming_active
23.125,25,jamming_active
23.126,25,jamming_active
23.127,25,jamming_active
23.128,25,jamming_active
23.129,25,jamming_active
23.13,25,jamming_active
23.131,25,jamming_active
23.132,25,jamming_active
23.133,25,jamming_active
23.134,25,jamming_active
23.135,25,jamming_active
23.136,25,jamming_active
23.137,25,jamming_active
23.138,25,jamming_active
23.139,25,jamming_active
23.14,25,jamming_active
23.141,25,jamming_active
23.142,25,jamming_active
23.143,25,jamming_active
23.144,25,jamming_active
23.145,25,jamming_active
23.146,25,jamming_active
23.147,25,jamming_active
23.148,25,jamming_active
23.149,25,jamming_active
23.15,25,jamming_active
23.151,25,jamming_active
23.152,25,jamming_active
23.153,25,jamming_active
23.154,25,jamming_active
23.155,25,jamming_active
23.156,25,jamming_active
23.157,25,jamming_active
23.158,25,jamming_active
23.159,25,jamming_active
23.16,25,jamming_active
23.161,25,jamming_active
23.162,25,jamming_active
23.163,25,jamming_active
23.164,25,jamming_active
23.165,25,jamming_active
23.166,25,jamming_active
23.167,25,jamming_active
23.168,25,jamming_active
23.169,25,jamming_active
23.17,25,jamming_active
23.171,25,jamming_active
23.172,25,jamming_active
23.173,25,jamming_active
23.174,25,jamming_active
23.175,25,jamming_active
23.176,25,jamming_active
23.177,25,jamming_active
23.178,25,jamming_active
23.179,25,jamming_active
23.18,25,jamming_active
23.181,25,jamming_active
23.182,25,jamming_active
23.183,25,jamming_active
23.184,25,jamming_active
23.185,25,jamming_active
23.186,25,jamming_active
23.187,25,jamming_active
23.188,25,jamming_active
23.189,25,jamming_active
23.19,25,jamming_active
23.191,25,jamming_active
23.192,25,jamming_active
23.193,25,jamming_active
23.194,25,jamming_active
23.195,25,jamming_active
23.196,25,jamming_active
23.197,25,jamming_active
23.198,25,jamming_active
23.199,25,jamming_active
23.2,25,jamming_active
23.201,25,jamming_active
23.202,25,jamming_active
23.203,25,jamming_active
23.204,25,jamming_active
23.205,25,jamming_active
23.206,25,jamming_active
23.207,25,jamming_active
23.208,25,jamming_active
23.209,25,jamming_active
23.21,25,jamming_active
23.211,25,jamming_active
23.212,25,jamming_active
23.213,25,jamming_active
23.214,25,jamming_active
23.215,25,jamming_active
23.216,25,jamming_active
23.217,25,jamming_active
23.218,25,jamming_active
23.219,25,jamming_active
23.22,25,jamming_active
23.221,25,jamming_active
23.222,25,jamming_active
23.223,25,jamming_active
23.224,25,jamming_active
23.225,25,jamming_active
23.226,25,jamming_active
23.227,25,jamming_active
23.228,25,jamming_active
23.229,25,jamming_active
23.23,25,jamming_active
23.231,25,jamming_active
23.232,25,jamming_active
23.233,25,jamming_active
23.234,25,jamming_active
23.235,25,jamming_active
23.236,25,jamming_active
23.237,25,jamming_active
23.238,25,jamming_active
23.239,25,jamming_active
23.24,25,jamming_active
23.241,25,jamming_active
23.242,25,jamming_active
23.243,25,jamming_active
23.244,25,jamming_active
23.245,25,jamming_active
23.246,25,jamming_active
23.247,25,jamming_active
23.248,25,jamming_active
23.249,25,jamming_active
23.25,25,jamming_active
23.251,25,jamming_active
23.252,25,jamming_active
23.253,25,jamming_active
23.254,25,jamming_active
23.255,25,jamming_active
23.256,25,jamming_active
23.257,25,jamming_active
23.258,25,jamming_active
23.259,25,jamming_active
23.26,25,jamming_active
23.261,25,jamming_active
23.262,25,jamming_active
23.263,25,jamming_active
23.264,25,jamming_active
23.265,25,jamming_active
23.266,25,jamming_active
23.267,25,jamming_active
23.268,25,jamming_active
23.269,25,jamming_active
23.27,25,jamming_active
23.271,25,jamming_active
23.272,25,jamming_active
23.273,25,jamming_active
23.274,25,jamming_active
23.275,25,jamming_active
23.276,25,jamming_active
23.277,25,jamming_active
23.278,25,jamming_active
23.279,25,jamming_active
23.28,25,jamming_active
23.281,25,jamming_active
23.282,25,jamming_active
23.283,25,jamming_active
23.284,25,jamming_active
23.285,25,jamming_active
23.286,25,jamming_active
23.287,25,jamming_active
23.288,25,jamming_active
23.289,25,jamming_active
23.29,25,jamming_active
23.291,25,jamming_active
23.292,25,jamming_active
23.293,25,jamming_active
23.294,25,jamming_active
23.295,25,jamming_active
23.296,25,jamming_active
23.297,25,jamming_active
23.298,25,jamming_active
23.299,25,jamming_active
23.3,25,jamming_active
23.301,25,jamming_active
23.302,25,jamming_active
23.303,25,jamming_active
23.304,25,jamming_active
23.305,25,jamming_active
23.306,25,jamming_active
23.307,25,jamming_active
23.308,25,jamming_active
23.309,25,jamming_active
23.31,25,jamming_active
23.311,25,jamming_active
23.312,25,jamming_active
23.313,25,jamming_active
23.314,25,jamming_active
23.315,25,jamming_active
23.316,25,jamming_active
23.317,25,jamming_active
23.318,25,jamming_active
23.319,25,jamming_active
23.32,25,jamming_active
23.321,25,jamming_active
23.322,25,jamming_active
23.323,25,jamming_active
23.324,25,jamming_active
23.325,25,jamming_active
23.326,25,jamming_active
23.327,25,jamming_active
23.328,25,jamming_active
23.329,25,jamming_active
23.33,25,jamming_active
23.331,25,jamming_active
23.332,25,jamming_active
23.333,25,jamming_active
23.334,25,jamming_active
23.335,25,jamming_active
23.336,25,jamming_active
23.337,25,jamming_active
23.338,25,jamming_active
23.339,25,jamming_active
23.34,25,jamming_active
23.341,25,jamming_active
23.342,25,jamming_active
23.343,25,jamming_active
23.344,25,jamming_active
23.345,25,jamming_active
23.346,25,jamming_active
23.347,25,jamming_active
23.348,25,jamming_active
23.349,25,jamming_active
23.35,25,jamming_active
23.351,25,jamming_active
23.352,25,jamming_active
23.353,25,jamming_active
23.354,25,jamming_active
23.355,25,jamming_active
23.356,25,jamming_active
23.357,25,jamming_active
23.358,25,jamming_active
23.359,25,jamming_active
23.36,25,jamming_active
23.361,25,jamming_active
23.362,25,jamming_active
23.363,25,jamming_active
23.364,25,jamming_active
23.365,25,jamming_active
23.366,25,jamming_active
23.367,25,jamming_active
23.368,25,jamming_active
23.369,25,jamming_active
23.37,25,jamming_active
23.371,25,jamming_active
23.372,25,jamming_active
23.373,25,jamming_active
23.374,25,jamming_active
23.375,25,jamming_active
23.376,25,jamming_active
23.377,25,jamming_active
23.378,25,jamming_active
23.379,25,jamming_active
23.38,25,jamming_active
23.381,25,jamming_active
23.382,25,jamming_active
23.383,25,jamming_active
23.384,25,jamming_active
23.385,25,jamming_active
23.386,25,jamming_active
23.387,25,jamming_active
23.388,25,jamming_active
23.389,25,jamming_active
23.39,25,jamming_active
23.391,25,jamming_active
23.392,25,jamming_active
23.393,25,jamming_active
23.394,25,jamming_active
23.395,25,jamming_active
23.396,25,jamming_active
23.397,25,jamming_active
23.398,25,jamming_active
23.399,25,jamming_active
23.4,25,jamming_active
23.401,25,jamming_active
23.402,25,jamming_active
23.403,25,jamming_active
23.404,25,jamming_active
23.405,25,jamming_active
23.406,25,jamming_active
23.407,25,jamming_active
23.408,25,jamming_active
23.409,25,jamming_active
23.41,25,jamming_active
23.411,25,jamming_active
23.412,25,jamming_active
23.413,25,jamming_active
23.414,25,jamming_active
23.415,25,jamming_active
23.416,25,jamming_active
23.417,25,jamming_active
23.418,25,jamming_active
23.419,25,jamming_active
23.42,25,jamming_active
23.421,25,jamming_active
23.422,25,jamming_active
23.423,25,jamming_active
23.424,25,jamming_active
23.425,25,jamming_active
23.426,25,jamming_active
23.427,25,jamming_active
23.428,25,jamming_active
23.429,25,jamming_active
23.43,25,jamming_active
23.431,25,jamming_active
23.432,25,jamming_active
23.433,25,jamming_active
23.434,25,jamming_active
23.435,25,jamming_active
23.436,25,jamming_active
23.437,25,jamming_active
23.438,25,jamming_active
23.439,25,jamming_active
23.44,25,jamming_active
23.441,25,jamming_active
23.442,25,jamming_active
23.443,25,jamming_active
23.444,25,jamming_active
23.445,25,jamming_active
23.446,25,jamming_active
23.447,25,jamming_active
23.448,25,jamming_active
23.449,25,jamming_active
23.45,25,jamming_active
23.451,25,jamming_active
23.452,25,jamming_active
23.453,25,jamming_active
23.454,25,jamming_active
23.455,25,jamming_active
23.456,25,jamming_active
23.457,25,jamming_active
23.458,25,jamming_active
23.459,25,jamming_active
23.46,25,jamming_active
23.461,25,jamming_active
23.462,25,jamming_active
23.463,25,jamming_active
23.464,25,jamming_active
23.465,25,jamming_active
23.466,25,jamming_active
23.467,25,jamming_active
23.468,25,jamming_active
23.469,25,jamming_active
23.47,25,jamming_active
23.471,25,jamming_active
23.472,25,jamming_active
23.473,25,jamming_active
23.474,25,jamming_active
23.475,25,jamming_active
23.476,25,jamming_active
23.477,25,jamming_active
23.478,25,jamming_active
23.479,25,jamming_active
23.48,25,jamming_active
23.481,25,jamming_active
23.482,25,jamming_active
23.483,25,jamming_active
23.484,25,jamming_active
23.485,25,jamming_active
23.486,25,jamming_active
23.487,25,jamming_active
23.488,25,jamming_active
23.489,25,jamming_active
23.49,25,jamming_active
23.491,25,jamming_active
23.492,25,jamming_active
23.493,25,jamming_active
23.494,25,jamming_active
23.495,25,jamming_active
23.496,25,jamming_active
23.497,25,jamming_active
23.498,25,jamming_active
23.499,25,jamming_active
23.5,25,jamming_active
23.501,25,jamming_active
23.502,25,jamming_active
23.503,25,jamming_active
23.504,25,jamming_active
23.505,25,jamming_active
23.506,25,jamming_active
23.507,25,jamming_active
23.508,25,jamming_active
23.509,25,jamming_active
23.51,25,jamming_active
23.511,25,jamming_active
23.512,25,jamming_active
23.513,25,jamming_active
23.514,25,jamming_active
23.515,25,jamming_active
23.516,25,jamming_active
23.517,25,jamming_active
23.518,25,jamming_active
23.519,25,jamming_active
23.52,25,jamming_active
23.521,25,jamming_active
23.522,25,jamming_active
23.523,25,jamming_active
23.524,25,jamming_active
23.525,25,jamming_active
23.526,25,jamming_active
23.527,25,jamming_active
23.528,25,jamming_active
23.529,25,jamming_active
23.53,25,jamming_active
23.531,25,jamming_active
23.532,25,jamming_active
23.533,25,jamming_active
23.534,25,jamming_active
23.535,25,jamming_active
23.536,25,jamming_active
23.537,25,jamming_active
23.538,25,jamming_active
23.539,25,jamming_active
23.54,25,jamming_active
23.541,25,jamming_active
23.542,25,jamming_active
23.543,25,jamming_active
23.544,25,jamming_active
23.545,25,jamming_active
23.546,25,jamming_active
23.547,25,jamming_active
23.548,25,jamming_active
23.549,25,jamming_active
23.55,25,jamming_active
23.551,25,jamming_active
23.552,25,jamming_active
23.553,25,jamming_active
23.554,25,jamming_active
23.555,25,jamming_active
23.556,25,jamming_active
23.557,25,jamming_active
23.558,25,jamming_active
23.559,25,jamming_active
23.56,25,jamming_active
23.561,25,jamming_active
23.562,25,jamming_active
23.563,25,jamming_active
23.564,25,jamming_active
23.565,25,jamming_active
23.566,25,jamming_active
23.567,25,jamming_active
23.568,25,jamming_active
23.569,25,jamming_active
23.57,25,jamming_active
23.571,25,jamming_active
23.572,25,jamming_active
23.573,25,jamming_active
23.574,25,jamming_active
23.575,25,jamming_active
23.576,25,jamming_active
23.577,25,jamming_active
23.578,25,jamming_active
23.579,25,jamming_active
23.58,25,jamming_active
23.581,25,jamming_active
23.582,25,jamming_active
23.583,25,jamming_active
23.584,25,jamming_active
23.585,25,jamming_active
23.586,25,jamming_active
23.587,25,jamming_active
23.588,25,jamming_active
23.589,25,jamming_active
23.59,25,jamming_active
23.591,25,jamming_active
23.592,25,jamming_active
23.593,25,jamming_active
23.594,25,jamming_active
23.595,25,jamming_active
23.596,25,jamming_active
23.597,25,jamming_active
23.598,25,jamming_active
23.599,25,jamming_active
23.6,25,jamming_active
23.601,25,jamming_active
23.602,25,jamming_active
23.603,25,jamming_active
23.604,25,jamming_active
23.605,25,jamming_active
23.606,25,jamming_active
23.607,25,jamming_active
23.608,25,jamming_active
23.609,25,jamming_active
23.61,25,jamming_active
23.611,25,jamming_active
23.612,25,jamming_active
23.613,25,jamming_active
23.614,25,jamming_active
23.615,25,jamming_active
23.616,25,jamming_active
23.617,25,jamming_active
23.618,25,jamming_active
23.619,25,jamming_active
23.62,25,jamming_active
23.621,25,jamming_active
23.622,25,jamming_active
23.623,25,jamming_active
23.624,25,jamming_active
23.625,25,jamming_active
23.626,25,jamming_active
23.627,25,jamming_active
23.628,25,jamming_active
23.629,25,jamming_active
23.63,25,jamming_active
23.631,25,jamming_active
23.632,25,jamming_active
23.633,25,jamming_active
23.634,25,jamming_active
23.635,25,jamming_active
23.636,25,jamming_active
23.637,25,jamming_active
23.638,25,jamming_active
23.639,25,jamming_active
23.64,25,jamming_active
23.641,25,jamming_active
23.642,25,jamming_active
23.643,25,jamming_active
23.644,25,jamming_active
23.645,25,jamming_active
23.646,25,jamming_active
23.647,25,jamming_active
23.648,25,jamming_active
23.649,25,jamming_active
23.65,25,jamming_active
23.651,25,jamming_active
23.652,25,jamming_active
23.653,25,jamming_active
23.654,25,jamming_active
23.655,25,jamming_active
23.656,25,jamming_active
23.657,25,jamming_active
23.658,25,jamming_active
23.659,25,jamming_active
23.66,25,jamming_active
23.661,25,jamming_active
23.662,25,jamming_active
23.663,25,jamming_active
23.664,25,jamming_active
23.665,25,jamming_active
23.666,25,jamming_active
23.667,25,jamming_active
23.668,25,jamming_active
23.669,25,jamming_active
23.67,25,jamming_active
23.671,25,jamming_active
23.672,25,jamming_active
23.673,25,jamming_active
23.674,25,jamming_active
23.675,25,jamming_active
23.676,25,jamming_active
23.677,25,jamming_active
23.678,25,jamming_active
23.679,25,jamming_active
23.68,25,jamming_active
23.681,25,jamming_active
23.682,25,jamming_active
23.683,25,jamming_active
23.684,25,jamming_active
23.685,25,jamming_active
23.686,25,jamming_active
23.687,25,jamming_active
23.688,25,jamming_active
23.689,25,jamming_active
23.69,25,jamming_active
23.691,25,jamming_active
23.692,25,jamming_active
23.693,25,jamming_active
23.694,25,jamming_active
23.695,25,jamming_active
23.696,25,jamming_active
23.697,25,jamming_active
23.698,25,jamming_active
23.699,25,jamming_active
23.7,25,jamming_active
23.701,25,jamming_active
23.702,25,jamming_active
23.703,25,jamming_active
23.704,25,jamming_active
23.705,25,jamming_active
23.706,25,jamming_active
23.707,25,jamming_active
23.708,25,jamming_active
23.709,25,jamming_active
23.71,25,jamming_active
23.711,25,jamming_active
23.712,25,jamming_active
23.713,25,jamming_active
23.714,25,jamming_active
23.715,25,jamming_active
23.716,25,jamming_active
23.717,25,jamming_active
23.718,25,jamming_active
23.719,25,jamming_active
23.72,25,jamming_active
23.721,25,jamming_active
23.722,25,jamming_active
23.723,25,jamming_active
23.724,25,jamming_active
23.725,25,jamming_active
23.726,25,jamming_active
23.727,25,jamming_active
23.728,25,jamming_active
23.729,25,jamming_active
23.73,25,jamming_active
23.731,25,jamming_active
23.732,25,jamming_active
23.733,25,jamming_active
23.734,25,jamming_active
23.735,25,jamming_active
23.736,25,jamming_active
23.737,25,jamming_active
23.738,25,jamming_active
23.739,25,jamming_active
23.74,25,jamming_active
23.741,25,jamming_active
23.742,25,jamming_active
23.743,25,jamming_active
23.744,25,jamming_active
23.745,25,jamming_active
23.746,25,jamming_active
23.747,25,jamming_active
23.748,25,jamming_active
23.749,25,jamming_active
23.75,25,jamming_active
23.751,25,jamming_active
23.752,25,jamming_active
23.753,25,jamming_active
23.754,25,jamming_active
23.755,25,jamming_active
23.756,25,jamming_active
23.757,25,jamming_active
23.758,25,jamming_active
23.759,25,jamming_active
23.76,25,jamming_active
23.761,25,jamming_active
23.762,25,jamming_active
23.763,25,jamming_active
23.764,25,jamming_active
23.765,25,jamming_active
23.766,25,jamming_active
23.767,25,jamming_active
23.768,25,jamming_active
23.769,25,jamming_active
23.77,25,jamming_active
23.771,25,jamming_active
23.772,25,jamming_active
23.773,25,jamming_active
23.774,25,jamming_active
23.775,25,jamming_active
23.776,25,jamming_active
23.777,25,jamming_active
23.778,25,jamming_active
23.779,25,jamming_active
23.78,25,jamming_active
23.781,25,jamming_active
23.782,25,jamming_active
23.783,25,jamming_active
23.784,25,jamming_active
23.785,25,jamming_active
23.786,25,jamming_active
23.787,25,jamming_active
23.788,25,jamming_active
23.789,25,jamming_active
23.79,25,jamming_active
23.791,25,jamming_active
23.792,25,jamming_active
23.793,25,jamming_active
23.794,25,jamming_active
23.795,25,jamming_active
23.796,25,jamming_active
23.797,25,jamming_active
23.798,25,jamming_active
23.799,25,jamming_active
23.8,25,jamming_active
23.801,25,jamming_active
23.802,25,jamming_active
23.803,25,jamming_active
23.804,25,jamming_active
23.805,25,jamming_active
23.806,25,jamming_active
23.807,25,jamming_active
23.808,25,jamming_active
23.809,25,jamming_active
23.81,25,jamming_active
23.811,25,jamming_active
23.812,25,jamming_active
23.813,25,jamming_active
23.814,25,jamming_active
23.815,25,jamming_active
23.816,25,jamming_active
23.817,25,jamming_active
23.818,25,jamming_active
23.819,25,jamming_active
23.82,25,jamming_active
23.821,25,jamming_active
23.822,25,jamming_active
23.823,25,jamming_active
23.824,25,jamming_active
23.825,25,jamming_active
23.826,25,jamming_active
23.827,25,jamming_active
23.828,25,jamming_active
23.829,25,jamming_active
23.83,25,jamming_active
23.831,25,jamming_active
23.832,25,jamming_active
23.833,25,jamming_active
23.834,25,jamming_active
23.835,25,jamming_active
23.836,25,jamming_active
23.837,25,jamming_active
23.838,25,jamming_active
23.839,25,jamming_active
23.84,25,jamming_active
23.841,25,jamming_active
23.842,25,jamming_active
23.843,25,jamming_active
23.844,25,jamming_active
23.845,25,jamming_active
23.846,25,jamming_active
23.847,25,jamming_active
23.848,25,jamming_active
23.849,25,jamming_active
23.85,25,jamming_active
23.851,25,jamming_active
23.852,25,jamming_active
23.853,25,jamming_active
23.854,25,jamming_active
23.855,25,jamming_active
23.856,25,jamming_active
23.857,25,jamming_active
23.858,25,jamming_active
23.859,25,jamming_active
23.86,25,jamming_active
23.861,25,jamming_active
23.862,25,jamming_active
23.863,25,jamming_active
23.864,25,jamming_active
23.865,25,jamming_active
23.866,25,jamming_active
23.867,25,jamming_active
23.868,25,jamming_active
23.869,25,jamming_active
23.87,25,jamming_active
23.871,25,jamming_active
23.872,25,jamming_active
23.873,25,jamming_active
23.874,25,jamming_active
23.875,25,jamming_active
23.876,25,jamming_active
23.877,25,jamming_active
23.878,25,jamming_active
23.879,25,jamming_active
23.88,25,jamming_active
23.881,25,jamming_active
23.882,25,jamming_active
23.883,25,jamming_active
23.884,25,jamming_active
23.885,25,jamming_active
23.886,25,jamming_active
23.887,25,jamming_active
23.888,25,jamming_active
23.889,25,jamming_active
23.89,25,jamming_active
23.891,25,jamming_active
23.892,25,jamming_active
23.893,25,jamming_active
23.894,25,jamming_active
23.895,25,jamming_active
23.896,25,jamming_active
23.897,25,jamming_active
23.898,25,jamming_active
23.899,25,jamming_active
23.9,25,jamming_active
23.901,25,jamming_active
23.902,25,jamming_active
23.903,25,jamming_active
23.904,25,jamming_active
23.905,25,jamming_active
23.906,25,jamming_active
23.907,25,jamming_active
23.908,25,jamming_active
23.909,25,jamming_active
23.91,25,jamming_active
23.911,25,jamming_active
23.912,25,jamming_active
23.913,25,jamming_active
23.914,25,jamming_active
23.915,25,jamming_active
23.916,25,jamming_active
23.917,25,jamming_active
23.918,25,jamming_active
23.919,25,jamming_active
23.92,25,jamming_active
23.921,25,jamming_active
23.922,25,jamming_active
23.923,25,jamming_active
23.924,25,jamming_active
23.925,25,jamming_active
23.926,25,jamming_active
23.927,25,jamming_active
23.928,25,jamming_active
23.929,25,jamming_active
23.93,25,jamming_active
23.931,25,jamming_active
23.932,25,jamming_active
23.933,25,jamming_active
23.934,25,jamming_active
23.935,25,jamming_active
23.936,25,jamming_active
23.937,25,jamming_active
23.938,25,jamming_active
23.939,25,jamming_active
23.94,25,jamming_active
23.941,25,jamming_active
23.942,25,jamming_active
23.943,25,jamming_active
23.944,25,jamming_active
23.945,25,jamming_active
23.946,25,jamming_active
23.947,25,jamming_active
23.948,25,jamming_active
23.949,25,jamming_active
23.95,25,jamming_active
23.951,25,jamming_active
23.952,25,jamming_active
23.953,25,jamming_active
23.954,25,jamming_active
23.955,25,jamming_active
23.956,25,jamming_active
23.957,25,jamming_active
23.958,25,jamming_active
23.959,25,jamming_active
23.96,25,jamming_active
23.961,25,jamming_active
23.962,25,jamming_active
23.963,25,jamming_active
23.964,25,jamming_active
23.965,25,jamming_active
23.966,25,jamming_active
23.967,25,jamming_active
23.968,25,jamming_active
23.969,25,jamming_active
23.97,25,jamming_active
23.971,25,jamming_active
23.972,25,jamming_active
23.973,25,jamming_active
23.974,25,jamming_active
23.975,25,jamming_active
23.976,25,jamming_active
23.977,25,jamming_active
23.978,25,jamming_active
23.979,25,jamming_active
23.98,25,jamming_active
23.981,25,jamming_active
23.982,25,jamming_active
23.983,25,jamming_active
23.984,25,jamming_active
23.985,25,jamming_active
23.986,25,jamming_active
23.987,25,jamming_active
23.988,25,jamming_active
23.989,25,jamming_active
23.99,25,jamming_active
23.991,25,jamming_active
23.992,25,jamming_active
23.993,25,jamming_active
23.994,25,jamming_active
23.995,25,jamming_active
23.996,25,jamming_active
23.997,25,jamming_active
23.998,25,jamming_active
23.999,25,jamming_active
24,25,jamming_active
24.001,25,jamming_active
24.002,25,jamming_active
24.003,25,jamming_active
24.004,25,jamming_active
24.005,25,jamming_active
24.006,25,jamming_active
24.007,25,jamming_active
24.008,25,jamming_active
24.009,25,jamming_active
24.01,25,jamming_active
24.011,25,jamming_active
24.012,25,jamming_active
24.013,25,jamming_active
24.014,25,jamming_active
24.015,25,jamming_active
24.016,25,jamming_active
24.017,25,jamming_active
24.018,25,jamming_active
24.019,25,jamming_active
24.02,25,jamming_active
24.021,25,jamming_active
24.022,25,jamming_active
24.023,25,jamming_active
24.024,25,jamming_active
24.025,25,jamming_active
24.026,25,jamming_active
24.027,25,jamming_active
24.028,25,jamming_active
24.029,25,jamming_active
24.03,25,jamming_active
24.031,25,jamming_active
24.032,25,jamming_active
24.033,25,jamming_active
24.034,25,jamming_active
24.035,25,jamming_active
24.036,25,jamming_active
24.037,25,jamming_active
24.038,25,jamming_active
24.039,25,jamming_active
24.04,25,jamming_active
24.041,25,jamming_active
24.042,25,jamming_active
24.043,25,jamming_active
24.044,25,jamming_active
24.045,25,jamming_active
24.046,25,jamming_active
24.047,25,jamming_active
24.048,25,jamming_active
24.049,25,jamming_active
24.05,25,jamming_active
24.051,25,jamming_active
24.052,25,jamming_active
24.053,25,jamming_active
24.054,25,jamming_active
24.055,25,jamming_active
24.056,25,jamming_active
24.057,25,jamming_active
24.058,25,jamming_active
24.059,25,jamming_active
24.06,25,jamming_active
24.061,25,jamming_active
24.062,25,jamming_active
24.063,25,jamming_active
24.064,25,jamming_active
24.065,25,jamming_active
24.066,25,jamming_active
24.067,25,jamming_active
24.068,25,jamming_active
24.069,25,jamming_active
24.07,25,jamming_active
24.071,25,jamming_active
24.072,25,jamming_active
24.073,25,jamming_active
24.074,25,jamming_active
24.075,25,jamming_active
24.076,25,jamming_active
24.077,25,jamming_active
24.078,25,jamming_active
24.079,25,jamming_active
24.08,25,jamming_active
24.081,25,jamming_active
24.082,25,jamming_active
24.083,25,jamming_active
24.084,25,jamming_active
24.085,25,jamming_active
24.086,25,jamming_active
24.087,25,jamming_active
24.088,25,jamming_active
24.089,25,jamming_active
24.09,25,jamming_active
24.091,25,jamming_active
24.092,25,jamming_active
24.093,25,jamming_active
24.094,25,jamming_active
24.095,25,jamming_active
24.096,25,jamming_active
24.097,25,jamming_active
24.098,25,jamming_active
24.099,25,jamming_active
24.1,25,jamming_active
24.101,25,jamming_active
24.102,25,jamming_active
24.103,25,jamming_active
24.104,25,jamming_active
24.105,25,jamming_active
24.106,25,jamming_active
24.107,25,jamming_active
24.108,25,jamming_active
24.109,25,jamming_active
24.11,25,jamming_active
24.111,25,jamming_active
24.112,25,jamming_active
24.113,25,jamming_active
24.114,25,jamming_active
24.115,25,jamming_active
24.116,25,jamming_active
24.117,25,jamming_active
24.118,25,jamming_active
24.119,25,jamming_active
24.12,25,jamming_active
24.121,25,jamming_active
24.122,25,jamming_active
24.123,25,jamming_active
24.124,25,jamming_active
24.125,25,jamming_active
24.126,25,jamming_active
24.127,25,jamming_active
24.128,25,jamming_active
24.129,25,jamming_active
24.13,25,jamming_active
24.131,25,jamming_active
24.132,25,jamming_active
24.133,25,jamming_active
24.134,25,jamming_active
24.135,25,jamming_active
24.136,25,jamming_active
24.137,25,jamming_active
24.138,25,jamming_active
24.139,25,jamming_active
24.14,25,jamming_active
24.141,25,jamming_active
24.142,25,jamming_active
24.143,25,jamming_active
24.144,25,jamming_active
24.145,25,jamming_active
24.146,25,jamming_active
24.147,25,jamming_active
24.148,25,jamming_active
24.149,25,jamming_active
24.15,25,jamming_active
24.151,25,jamming_active
24.152,25,jamming_active
24.153,25,jamming_active
24.154,25,jamming_active
24.155,25,jamming_active
24.156,25,jamming_active
24.157,25,jamming_active
24.158,25,jamming_active
24.159,25,jamming_active
24.16,25,jamming_active
24.161,25,jamming_active
24.162,25,jamming_active
24.163,25,jamming_active
24.164,25,jamming_active
24.165,25,jamming_active
24.166,25,jamming_active
24.167,25,jamming_active
24.168,25,jamming_active
24.169,25,jamming_active
24.17,25,jamming_active
24.171,25,jamming_active
24.172,25,jamming_active
24.173,25,jamming_active
24.174,25,jamming_active
24.175,25,jamming_active
24.176,25,jamming_active
24.177,25,jamming_active
24.178,25,jamming_active
24.179,25,jamming_active
24.18,25,jamming_active
24.181,25,jamming_active
24.182,25,jamming_active
24.183,25,jamming_active
24.184,25,jamming_active
24.185,25,jamming_active
24.186,25,jamming_active
24.187,25,jamming_active
24.188,25,jamming_active
24.189,25,jamming_active
24.19,25,jamming_active
24.191,25,jamming_active
24.192,25,jamming_active
24.193,25,jamming_active
24.194,25,jamming_active
24.195,25,jamming_active
24.196,25,jamming_active
24.197,25,jamming_active
24.198,25,jamming_active
24.199,25,jamming_active
24.2,25,jamming_active
24.201,25,jamming_active
24.202,25,jamming_active
24.203,25,jamming_active
24.204,25,jamming_active
24.205,25,jamming_active
24.206,25,jamming_active
24.207,25,jamming_active
24.208,25,jamming_active
24.209,25,jamming_active
24.21,25,jamming_active
24.211,25,jamming_active
24.212,25,jamming_active
24.213,25,jamming_active
24.214,25,jamming_active
24.215,25,jamming_active
24.216,25,jamming_active
24.217,25,jamming_active
24.218,25,jamming_active
24.219,25,jamming_active
24.22,25,jamming_active
24.221,25,jamming_active
24.222,25,jamming_active
24.223,25,jamming_active
24.224,25,jamming_active
24.225,25,jamming_active
24.226,25,jamming_active
24.227,25,jamming_active
24.228,25,jamming_active
24.229,25,jamming_active
24.23,25,jamming_active
24.231,25,jamming_active
24.232,25,jamming_active
24.233,25,jamming_active
24.234,25,jamming_active
24.235,25,jamming_active
24.236,25,jamming_active
24.237,25,jamming_active
24.238,25,jamming_active
24.239,25,jamming_active
24.24,25,jamming_active
24.241,25,jamming_active
24.242,25,jamming_active
24.243,25,jamming_active
24.244,25,jamming_active
24.245,25,jamming_active
24.246,25,jamming_active
24.247,25,jamming_active
24.248,25,jamming_active
24.249,25,jamming_active
24.25,25,jamming_active
24.251,25,jamming_active
24.252,25,jamming_active
24.253,25,jamming_active
24.254,25,jamming_active
24.255,25,jamming_active
24.256,25,jamming_active
24.257,25,jamming_active
24.258,25,jamming_active
24.259,25,jamming_active
24.26,25,jamming_active
24.261,25,jamming_active
24.262,25,jamming_active
24.263,25,jamming_active
24.264,25,jamming_active
24.265,25,jamming_active
24.266,25,jamming_active
24.267,25,jamming_active
24.268,25,jamming_active
24.269,25,jamming_active
24.27,25,jamming_active
24.271,25,jamming_active
24.272,25,jamming_active
24.273,25,jamming_active
24.274,25,jamming_active
24.275,25,jamming_active
24.276,25,jamming_active
24.277,25,jamming_active
24.278,25,jamming_active
24.279,25,jamming_active
24.28,25,jamming_active
24.281,25,jamming_active
24.282,25,jamming_active
24.283,25,jamming_active
24.284,25,jamming_active
24.285,25,jamming_active
24.286,25,jamming_active
24.287,25,jamming_active
24.288,25,jamming_active
24.289,25,jamming_active
24.29,25,jamming_active
24.291,25,jamming_active
24.292,25,jamming_active
24.293,25,jamming_active
24.294,25,jamming_active
24.295,25,jamming_active
24.296,25,jamming_active
24.297,25,jamming_active
24.298,25,jamming_active
24.299,25,jamming_active
24.3,25,jamming_active
24.301,25,jamming_active
24.302,25,jamming_active
24.303,25,jamming_active
24.304,25,jamming_active
24.305,25,jamming_active
24.306,25,jamming_active
24.307,25,jamming_active
24.308,25,jamming_active
24.309,25,jamming_active
24.31,25,jamming_active
24.311,25,jamming_active
24.312,25,jamming_active
24.313,25,jamming_active
24.314,25,jamming_active
24.315,25,jamming_active
24.316,25,jamming_active
24.317,25,jamming_active
24.318,25,jamming_active
24.319,25,jamming_active
24.32,25,jamming_active
24.321,25,jamming_active
24.322,25,jamming_active
24.323,25,jamming_active
24.324,25,jamming_active
24.325,25,jamming_active
24.326,25,jamming_active
24.327,25,jamming_active
24.328,25,jamming_active
24.329,25,jamming_active
24.33,25,jamming_active
24.331,25,jamming_active
24.332,25,jamming_active
24.333,25,jamming_active
24.334,25,jamming_active
24.335,25,jamming_active
24.336,25,jamming_active
24.337,25,jamming_active
24.338,25,jamming_active
24.339,25,jamming_active
24.34,25,jamming_active
24.341,25,jamming_active
24.342,25,jamming_active
24.343,25,jamming_active
24.344,25,jamming_active
24.345,25,jamming_active
24.346,25,jamming_active
24.347,25,jamming_active
24.348,25,jamming_active
24.349,25,jamming_active
24.35,25,jamming_active
24.351,25,jamming_active
24.352,25,jamming_active
24.353,25,jamming_active
24.354,25,jamming_active
24.355,25,jamming_active
24.356,25,jamming_active
24.357,25,jamming_active
24.358,25,jamming_active
24.359,25,jamming_active
24.36,25,jamming_active
24.361,25,jamming_active
24.362,25,jamming_active
24.363,25,jamming_active
24.364,25,jamming_active
24.365,25,jamming_active
24.366,25,jamming_active
24.367,25,jamming_active
24.368,25,jamming_active
24.369,25,jamming_active
24.37,25,jamming_active
24.371,25,jamming_active
24.372,25,jamming_active
24.373,25,jamming_active
24.374,25,jamming_active
24.375,25,jamming_active
24.376,25,jamming_active
24.377,25,jamming_active
24.378,25,jamming_active
24.379,25,jamming_active
24.38,25,jamming_active
24.381,25,jamming_active
24.382,25,jamming_active
24.383,25,jamming_active
24.384,25,jamming_active
24.385,25,jamming_active
24.386,25,jamming_active
24.387,25,jamming_active
24.388,25,jamming_active
24.389,25,jamming_active
24.39,25,jamming_active
24.391,25,jamming_active
24.392,25,jamming_active
24.393,25,jamming_active
24.394,25,jamming_active
24.395,25,jamming_active
24.396,25,jamming_active
24.397,25,jamming_active
24.398,25,jamming_active
24.399,25,jamming_active
24.4,25,jamming_active
24.401,25,jamming_active
24.402,25,jamming_active
24.403,25,jamming_active
24.404,25,jamming_active
24.405,25,jamming_active
24.406,25,jamming_active
24.407,25,jamming_active
24.408,25,jamming_active
24.409,25,jamming_active
24.41,25,jamming_active
24.411,25,jamming_active
24.412,25,jamming_active
24.413,25,jamming_active
24.414,25,jamming_active
24.415,25,jamming_active
24.416,25,jamming_active
24.417,25,jamming_active
24.418,25,jamming_active
24.419,25,jamming_active
24.42,25,jamming_active
24.421,25,jamming_active
24.422,25,jamming_active
24.423,25,jamming_active
24.424,25,jamming_active
24.425,25,jamming_active
24.426,25,jamming_active
24.427,25,jamming_active
24.428,25,jamming_active
24.429,25,jamming_active
24.43,25,jamming_active
24.431,25,jamming_active
24.432,25,jamming_active
24.433,25,jamming_active
24.434,25,jamming_active
24.435,25,jamming_active
24.436,25,jamming_active
24.437,25,jamming_active
24.438,25,jamming_active
24.439,25,jamming_active
24.44,25,jamming_active
24.441,25,jamming_active
24.442,25,jamming_active
24.443,25,jamming_active
24.444,25,jamming_active
24.445,25,jamming_active
24.446,25,jamming_active
24.447,25,jamming_active
24.448,25,jamming_active
24.449,25,jamming_active
24.45,25,jamming_active
24.451,25,jamming_active
24.452,25,jamming_active
24.453,25,jamming_active
24.454,25,jamming_active
24.455,25,jamming_active
24.456,25,jamming_active
24.457,25,jamming_active
24.458,25,jamming_active
24.459,25,jamming_active
24.46,25,jamming_active
24.461,25,jamming_active
24.462,25,jamming_active
24.463,25,jamming_active
24.464,25,jamming_active
24.465,25,jamming_active
24.466,25,jamming_active
24.467,25,jamming_active
24.468,25,jamming_active
24.469,25,jamming_active
24.47,25,jamming_active
24.471,25,jamming_active
24.472,25,jamming_active
24.473,25,jamming_active
24.474,25,jamming_active
24.475,25,jamming_active
24.476,25,jamming_active
24.477,25,jamming_active
24.478,25,jamming_active
24.479,25,jamming_active
24.48,25,jamming_active
24.481,25,jamming_active
24.482,25,jamming_active
24.483,25,jamming_active
24.484,25,jamming_active
24.485,25,jamming_active
24.486,25,jamming_active
24.487,25,jamming_active
24.488,25,jamming_active
24.489,25,jamming_active
24.49,25,jamming_active
24.491,25,jamming_active
24.492,25,jamming_active
24.493,25,jamming_active
24.494,25,jamming_active
24.495,25,jamming_active
24.496,25,jamming_active
24.497,25,jamming_active
24.498,25,jamming_active
24.499,25,jamming_active
24.5,25,jamming_active
24.501,25,jamming_active
24.502,25,jamming_active
24.503,25,jamming_active
24.504,25,jamming_active
24.505,25,jamming_active
24.506,25,jamming_active
24.507,25,jamming_active
24.508,25,jamming_active
24.509,25,jamming_active
24.51,25,jamming_active
24.511,25,jamming_active
24.512,25,jamming_active
24.513,25,jamming_active
24.514,25,jamming_active
24.515,25,jamming_active
24.516,25,jamming_active
24.517,25,jamming_active
24.518,25,jamming_active
24.519,25,jamming_active
24.52,25,jamming_active
24.521,25,jamming_active
24.522,25,jamming_active
24.523,25,jamming_active
24.524,25,jamming_active
24.525,25,jamming_active
24.526,25,jamming_active
24.527,25,jamming_active
24.528,25,jamming_active
24.529,25,jamming_active
24.53,25,jamming_active
24.531,25,jamming_active
24.532,25,jamming_active
24.533,25,jamming_active
24.534,25,jamming_active
24.535,25,jamming_active
24.536,25,jamming_active
24.537,25,jamming_active
24.538,25,jamming_active
24.539,25,jamming_active
24.54,25,jamming_active
24.541,25,jamming_active
24.542,25,jamming_active
24.543,25,jamming_active
24.544,25,jamming_active
24.545,25,jamming_active
24.546,25,jamming_active
24.547,25,jamming_active
24.548,25,jamming_active
24.549,25,jamming_active
24.55,25,jamming_active
24.551,25,jamming_active
24.552,25,jamming_active
24.553,25,jamming_active
24.554,25,jamming_active
24.555,25,jamming_active
24.556,25,jamming_active
24.557,25,jamming_active
24.558,25,jamming_active
24.559,25,jamming_active
24.56,25,jamming_active
24.561,25,jamming_active
24.562,25,jamming_active
24.563,25,jamming_active
24.564,25,jamming_active
24.565,25,jamming_active
24.566,25,jamming_active
24.567,25,jamming_active
24.568,25,jamming_active
24.569,25,jamming_active
24.57,25,jamming_active
24.571,25,jamming_active
24.572,25,jamming_active
24.573,25,jamming_active
24.574,25,jamming_active
24.575,25,jamming_active
24.576,25,jamming_active
24.577,25,jamming_active
24.578,25,jamming_active
24.579,25,jamming_active
24.58,25,jamming_active
24.581,25,jamming_active
24.582,25,jamming_active
24.583,25,jamming_active
24.584,25,jamming_active
24.585,25,jamming_active
24.586,25,jamming_active
24.587,25,jamming_active
24.588,25,jamming_active
24.589,25,jamming_active
24.59,25,jamming_active
24.591,25,jamming_active
24.592,25,jamming_active
24.593,25,jamming_active
24.594,25,jamming_active
24.595,25,jamming_active
24.596,25,jamming_active
24.597,25,jamming_active
24.598,25,jamming_active
24.599,25,jamming_active
24.6,25,jamming_active
24.601,25,jamming_active
24.602,25,jamming_active
24.603,25,jamming_active
24.604,25,jamming_active
24.605,25,jamming_active
24.606,25,jamming_active
24.607,25,jamming_active
24.608,25,jamming_active
24.609,25,jamming_active
24.61,25,jamming_active
24.611,25,jamming_active
24.612,25,jamming_active
24.613,25,jamming_active
24.614,25,jamming_active
24.615,25,jamming_active
24.616,25,jamming_active
24.617,25,jamming_active
24.618,25,jamming_active
24.619,25,jamming_active
24.62,25,jamming_active
24.621,25,jamming_active
24.622,25,jamming_active
24.623,25,jamming_active
24.624,25,jamming_active
24.625,25,jamming_active
24.626,25,jamming_active
24.627,25,jamming_active
24.628,25,jamming_active
24.629,25,jamming_active
24.63,25,jamming_active
24.631,25,jamming_active
24.632,25,jamming_active
24.633,25,jamming_active
24.634,25,jamming_active
24.635,25,jamming_active
24.636,25,jamming_active
24.637,25,jamming_active
24.638,25,jamming_active
24.639,25,jamming_active
24.64,25,jamming_active
24.641,25,jamming_active
24.642,25,jamming_active
24.643,25,jamming_active
24.644,25,jamming_active
24.645,25,jamming_active
24.646,25,jamming_active
24.647,25,jamming_active
24.648,25,jamming_active
24.649,25,jamming_active
24.65,25,jamming_active
24.651,25,jamming_active
24.652,25,jamming_active
24.653,25,jamming_active
24.654,25,jamming_active
24.655,25,jamming_active
24.656,25,jamming_active
24.657,25,jamming_active
24.658,25,jamming_active
24.659,25,jamming_active
24.66,25,jamming_active
24.661,25,jamming_active
24.662,25,jamming_active
24.663,25,jamming_active
24.664,25,jamming_active
24.665,25,jamming_active
24.666,25,jamming_active
24.667,25,jamming_active
24.668,25,jamming_active
24.669,25,jamming_active
24.67,25,jamming_active
24.671,25,jamming_active
24.672,25,jamming_active
24.673,25,jamming_active
24.674,25,jamming_active
24.675,25,jamming_active
24.676,25,jamming_active
24.677,25,jamming_active
24.678,25,jamming_active
24.679,25,jamming_active
24.68,25,jamming_active
24.681,25,jamming_active
24.682,25,jamming_active
24.683,25,jamming_active
24.684,25,jamming_active
24.685,25,jamming_active
24.686,25,jamming_active
24.687,25,jamming_active
24.688,25,jamming_active
24.689,25,jamming_active
24.69,25,jamming_active
24.691,25,jamming_active
24.692,25,jamming_active
24.693,25,jamming_active
24.694,25,jamming_active
24.695,25,jamming_active
24.696,25,jamming_active
24.697,25,jamming_active
24.698,25,jamming_active
24.699,25,jamming_active
24.7,25,jamming_active
24.701,25,jamming_active
24.702,25,jamming_active
24.703,25,jamming_active
24.704,25,jamming_active
24.705,25,jamming_active
24.706,25,jamming_active
24.707,25,jamming_active
24.708,25,jamming_active
24.709,25,jamming_active
24.71,25,jamming_active
24.711,25,jamming_active
24.712,25,jamming_active
24.713,25,jamming_active
24.714,25,jamming_active
24.715,25,jamming_active
24.716,25,jamming_active
24.717,25,jamming_active
24.718,25,jamming_active
24.719,25,jamming_active
24.72,25,jamming_active
24.721,25,jamming_active
24.722,25,jamming_active
24.723,25,jamming_active
24.724,25,jamming_active
24.725,25,jamming_active
24.726,25,jamming_active
24.727,25,jamming_active
24.728,25,jamming_active
24.729,25,jamming_active
24.73,25,jamming_active
24.731,25,jamming_active
24.732,25,jamming_active
24.733,25,jamming_active
24.734,25,jamming_active
24.735,25,jamming_active
24.736,25,jamming_active
24.737,25,jamming_active
24.738,25,jamming_active
24.739,25,jamming_active
24.74,25,jamming_active
24.741,25,jamming_active
24.742,25,jamming_active
24.743,25,jamming_active
24.744,25,jamming_active
24.745,25,jamming_active
24.746,25,jamming_active
24.747,25,jamming_active
24.748,25,jamming_active
24.749,25,jamming_active
24.75,25,jamming_active
24.751,25,jamming_active
24.752,25,jamming_active
24.753,25,jamming_active
24.754,25,jamming_active
24.755,25,jamming_active
24.756,25,jamming_active
24.757,25,jamming_active
24.758,25,jamming_active
24.759,25,jamming_active
24.76,25,jamming_active
24.761,25,jamming_active
24.762,25,jamming_active
24.763,25,jamming_active
24.764,25,jamming_active
24.765,25,jamming_active
24.766,25,jamming_active
24.767,25,jamming_active
24.768,25,jamming_active
24.769,25,jamming_active
24.77,25,jamming_active
24.771,25,jamming_active
24.772,25,jamming_active
24.773,25,jamming_active
24.774,25,jamming_active
24.775,25,jamming_active
24.776,25,jamming_active
24.777,25,jamming_active
24.778,25,jamming_active
24.779,25,jamming_active
24.78,25,jamming_active
24.781,25,jamming_active
24.782,25,jamming_active
24.783,25,jamming_active
24.784,25,jamming_active
24.785,25,jamming_active
24.786,25,jamming_active
24.787,25,jamming_active
24.788,25,jamming_active
24.789,25,jamming_active
24.79,25,jamming_active
24.791,25,jamming_active
24.792,25,jamming_active
24.793,25,jamming_active
24.794,25,jamming_active
24.795,25,jamming_active
24.796,25,jamming_active
24.797,25,jamming_active
24.798,25,jamming_active
24.799,25,jamming_active
24.8,25,jamming_active
24.801,25,jamming_active
24.802,25,jamming_active
24.803,25,jamming_active
24.804,25,jamming_active
24.805,25,jamming_active
24.806,25,jamming_active
24.807,25,jamming_active
24.808,25,jamming_active
24.809,25,jamming_active
24.81,25,jamming_active
24.811,25,jamming_active
24.812,25,jamming_active
24.813,25,jamming_active
24.814,25,jamming_active
24.815,25,jamming_active
24.816,25,jamming_active
24.817,25,jamming_active
24.818,25,jamming_active
24.819,25,jamming_active
24.82,25,jamming_active
24.821,25,jamming_active
24.822,25,jamming_active
24.823,25,jamming_active
24.824,25,jamming_active
24.825,25,jamming_active
24.826,25,jamming_active
24.827,25,jamming_active
24.828,25,jamming_active
24.829,25,jamming_active
24.83,25,jamming_active
24.831,25,jamming_active
24.832,25,jamming_active
24.833,25,jamming_active
24.834,25,jamming_active
24.835,25,jamming_active
24.836,25,jamming_active
24.837,25,jamming_active
24.838,25,jamming_active
24.839,25,jamming_active
24.84,25,jamming_active
24.841,25,jamming_active
24.842,25,jamming_active
24.843,25,jamming_active
24.844,25,jamming_active
24.845,25,jamming_active
24.846,25,jamming_active
24.847,25,jamming_active
24.848,25,jamming_active
24.849,25,jamming_active
24.85,25,jamming_active
24.851,25,jamming_active
24.852,25,jamming_active
24.853,25,jamming_active
24.854,25,jamming_active
24.855,25,jamming_active
24.856,25,jamming_active
24.857,25,jamming_active
24.858,25,jamming_active
24.859,25,jamming_active
24.86,25,jamming_active
24.861,25,jamming_active
24.862,25,jamming_active
24.863,25,jamming_active
24.864,25,jamming_active
24.865,25,jamming_active
24.866,25,jamming_active
24.867,25,jamming_active
24.868,25,jamming_active
24.869,25,jamming_active
24.87,25,jamming_active
24.871,25,jamming_active
24.872,25,jamming_active
24.873,25,jamming_active
24.874,25,jamming_active
24.875,25,jamming_active
24.876,25,jamming_active
24.877,25,jamming_active
24.878,25,jamming_active
24.879,25,jamming_active
24.88,25,jamming_active
24.881,25,jamming_active
24.882,25,jamming_active
24.883,25,jamming_active
24.884,25,jamming_active
24.885,25,jamming_active
24.886,25,jamming_active
24.887,25,jamming_active
24.888,25,jamming_active
24.889,25,jamming_active
24.89,25,jamming_active
24.891,25,jamming_active
24.892,25,jamming_active
24.893,25,jamming_active
24.894,25,jamming_active
24.895,25,jamming_active
24.896,25,jamming_active
24.897,25,jamming_active
24.898,25,jamming_active
24.899,25,jamming_active
24.9,25,jamming_active
24.901,25,jamming_active
24.902,25,jamming_active
24.903,25,jamming_active
24.904,25,jamming_active
24.905,25,jamming_active
24.906,25,jamming_active
24.907,25,jamming_active
24.908,25,jamming_active
24.909,25,jamming_active
24.91,25,jamming_active
24.911,25,jamming_active
24.912,25,jamming_active
24.913,25,jamming_active
24.914,25,jamming_active
24.915,25,jamming_active
24.916,25,jamming_active
24.917,25,jamming_active
24.918,25,jamming_active
24.919,25,jamming_active
24.92,25,jamming_active
24.921,25,jamming_active
24.922,25,jamming_active
24.923,25,jamming_active
24.924,25,jamming_active
24.925,25,jamming_active
24.926,25,jamming_active
24.927,25,jamming_active
24.928,25,jamming_active
24.929,25,jamming_active
24.93,25,jamming_active
24.931,25,jamming_active
24.932,25,jamming_active
24.933,25,jamming_active
24.934,25,jamming_active
24.935,25,jamming_active
24.936,25,jamming_active
24.937,25,jamming_active
24.938,25,jamming_active
24.939,25,jamming_active
24.94,25,jamming_active
24.941,25,jamming_active
24.942,25,jamming_active
24.943,25,jamming_active
24.944,25,jamming_active
24.945,25,jamming_active
24.946,25,jamming_active
24.947,25,jamming_active
24.948,25,jamming_active
24.949,25,jamming_active
24.95,25,jamming_active
24.951,25,jamming_active
24.952,25,jamming_active
24.953,25,jamming_active
24.954,25,jamming_active
24.955,25,jamming_active
24.956,25,jamming_active
24.957,25,jamming_active
24.958,25,jamming_active
24.959,25,jamming_active
24.96,25,jamming_active
24.961,25,jamming_active
24.962,25,jamming_active
24.963,25,jamming_active
24.964,25,jamming_active
24.965,25,jamming_active
24.966,25,jamming_active
24.967,25,jamming_active
24.968,25,jamming_active
24.969,25,jamming_active
24.97,25,jamming_active
24.971,25,jamming_active
24.972,25,jamming_active
24.973,25,jamming_active
24.974,25,jamming_active
24.975,25,jamming_active
24.976,25,jamming_active
24.977,25,jamming_active
24.978,25,jamming_active
24.979,25,jamming_active
24.98,25,jamming_active
24.981,25,jamming_active
24.982,25,jamming_active
24.983,25,jamming_active
24.984,25,jamming_active
24.985,25,jamming_active
24.986,25,jamming_active
24.987,25,jamming_active
24.988,25,jamming_active
24.989,25,jamming_active
24.99,25,jamming_active
24.991,25,jamming_active
24.992,25,jamming_active
24.993,25,jamming_active
24.994,25,jamming_active
24.995,25,jamming_active
24.996,25,jamming_active
24.997,25,jamming_active
24.998,25,jamming_active
24.999,25,jamming_active
25,25,jamming_active
25.001,25,jamming_active
25.002,25,jamming_active
25.003,25,jamming_active
25.004,25,jamming_active
25.005,25,jamming_active
25.006,25,jamming_active
25.007,25,jamming_active
25.008,25,jamming_active
25.009,25,jamming_active
25.01,25,jamming_active
25.011,25,jamming_active
25.012,25,jamming_active
25.013,25,jamming_active
25.014,25,jamming_active
25.015,25,jamming_active
25.016,25,jamming_active
25.017,25,jamming_active
25.018,25,jamming_active
25.019,25,jamming_active
25.02,25,jamming_active
25.021,25,jamming_active
25.022,25,jamming_active
25.023,25,jamming_active
25.024,25,jamming_active
25.025,25,jamming_active
25.026,25,jamming_active
25.027,25,jamming_active
25.028,25,jamming_active
25.029,25,jamming_active
25.03,25,jamming_active
25.031,25,jamming_active
25.032,25,jamming_active
25.033,25,jamming_active
25.034,25,jamming_active
25.035,25,jamming_active
25.036,25,jamming_active
25.037,25,jamming_active
25.038,25,jamming_active
25.039,25,jamming_active
25.04,25,jamming_active
25.041,25,jamming_active
25.042,25,jamming_active
25.043,25,jamming_active
25.044,25,jamming_active
25.045,25,jamming_active
25.046,25,jamming_active
25.047,25,jamming_active
25.048,25,jamming_active
25.049,25,jamming_active
25.05,25,jamming_active
25.051,25,jamming_active
25.052,25,jamming_active
25.053,25,jamming_active
25.054,25,jamming_active
25.055,25,jamming_active
25.056,25,jamming_active
25.057,25,jamming_active
25.058,25,jamming_active
25.059,25,jamming_active
25.06,25,jamming_active
25.061,25,jamming_active
25.062,25,jamming_active
25.063,25,jamming_active
25.064,25,jamming_active
25.065,25,jamming_active
25.066,25,jamming_active
25.067,25,jamming_active
25.068,25,jamming_active
25.069,25,jamming_active
25.07,25,jamming_active
25.071,25,jamming_active
25.072,25,jamming_active
25.073,25,jamming_active
25.074,25,jamming_active
25.075,25,jamming_active
25.076,25,jamming_active
25.077,25,jamming_active
25.078,25,jamming_active
25.079,25,jamming_active
25.08,25,jamming_active
25.081,25,jamming_active
25.082,25,jamming_active
25.083,25,jamming_active
25.084,25,jamming_active
25.085,25,jamming_active
25.086,25,jamming_active
25.087,25,jamming_active
25.088,25,jamming_active
25.089,25,jamming_active
25.09,25,jamming_active
25.091,25,jamming_active
25.092,25,jamming_active
25.093,25,jamming_active
25.094,25,jamming_active
25.095,25,jamming_active
25.096,25,jamming_active
25.097,25,jamming_active
25.098,25,jamming_active
25.099,25,jamming_active
25.1,25,jamming_active
25.101,25,jamming_active
25.102,25,jamming_active
25.103,25,jamming_active
25.104,25,jamming_active
25.105,25,jamming_active
25.106,25,jamming_active
25.107,25,jamming_active
25.108,25,jamming_active
25.109,25,jamming_active
25.11,25,jamming_active
25.111,25,jamming_active
25.112,25,jamming_active
25.113,25,jamming_active
25.114,25,jamming_active
25.115,25,jamming_active
25.116,25,jamming_active
25.117,25,jamming_active
25.118,25,jamming_active
25.119,25,jamming_active
25.12,25,jamming_active
25.121,25,jamming_active
25.122,25,jamming_active
25.123,25,jamming_active
25.124,25,jamming_active
25.125,25,jamming_active
25.126,25,jamming_active
25.127,25,jamming_active
25.128,25,jamming_active
25.129,25,jamming_active
25.13,25,jamming_active
25.131,25,jamming_active
25.132,25,jamming_active
25.133,25,jamming_active
25.134,25,jamming_active
25.135,25,jamming_active
25.136,25,jamming_active
25.137,25,jamming_active
25.138,25,jamming_active
25.139,25,jamming_active
25.14,25,jamming_active
25.141,25,jamming_active
25.142,25,jamming_active
25.143,25,jamming_active
25.144,25,jamming_active
25.145,25,jamming_active
25.146,25,jamming_active
25.147,25,jamming_active
25.148,25,jamming_active
25.149,25,jamming_active
25.15,25,jamming_active
25.151,25,jamming_active
25.152,25,jamming_active
25.153,25,jamming_active
25.154,25,jamming_active
25.155,25,jamming_active
25.156,25,jamming_active
25.157,25,jamming_active
25.158,25,jamming_active
25.159,25,jamming_active
25.16,25,jamming_active
25.161,25,jamming_active
25.162,25,jamming_active
25.163,25,jamming_active
25.164,25,jamming_active
25.165,25,jamming_active
25.166,25,jamming_active
25.167,25,jamming_active
25.168,25,jamming_active
25.169,25,jamming_active
25.17,25,jamming_active
25.171,25,jamming_active
25.172,25,jamming_active
25.173,25,jamming_active
25.174,25,jamming_active
25.175,25,jamming_active
25.176,25,jamming_active
25.177,25,jamming_active
25.178,25,jamming_active
25.179,25,jamming_active
25.18,25,jamming_active
25.181,25,jamming_active
25.182,25,jamming_active
25.183,25,jamming_active
25.184,25,jamming_active
25.185,25,jamming_active
25.186,25,jamming_active
25.187,25,jamming_active
25.188,25,jamming_active
25.189,25,jamming_active
25.19,25,jamming_active
25.191,25,jamming_active
25.192,25,jamming_active
25.193,25,jamming_active
25.194,25,jamming_active
25.195,25,jamming_active
25.196,25,jamming_active
25.197,25,jamming_active
25.198,25,jamming_active
25.199,25,jamming_active
25.2,25,jamming_active
25.201,25,jamming_active
25.202,25,jamming_active
25.203,25,jamming_active
25.204,25,jamming_active
25.205,25,jamming_active
25.206,25,jamming_active
25.207,25,jamming_active
25.208,25,jamming_active
25.209,25,jamming_active
25.21,25,jamming_active
25.211,25,jamming_active
25.212,25,jamming_active
25.213,25,jamming_active
25.214,25,jamming_active
25.215,25,jamming_active
25.216,25,jamming_active
25.217,25,jamming_active
25.218,25,jamming_active
25.219,25,jamming_active
25.22,25,jamming_active
25.221,25,jamming_active
25.222,25,jamming_active
25.223,25,jamming_active
25.224,25,jamming_active
25.225,25,jamming_active
25.226,25,jamming_active
25.227,25,jamming_active
25.228,25,jamming_active
25.229,25,jamming_active
25.23,25,jamming_active
25.231,25,jamming_active
25.232,25,jamming_active
25.233,25,jamming_active
25.234,25,jamming_active
25.235,25,jamming_active
25.236,25,jamming_active
25.237,25,jamming_active
25.238,25,jamming_active
25.239,25,jamming_active
25.24,25,jamming_active
25.241,25,jamming_active
25.242,25,jamming_active
25.243,25,jamming_active
25.244,25,jamming_active
25.245,25,jamming_active
25.246,25,jamming_active
25.247,25,jamming_active
25.248,25,jamming_active
25.249,25,jamming_active
25.25,25,jamming_active
25.251,25,jamming_active
25.252,25,jamming_active
25.253,25,jamming_active
25.254,25,jamming_active
25.255,25,jamming_active
25.256,25,jamming_active
25.257,25,jamming_active
25.258,25,jamming_active
25.259,25,jamming_active
25.26,25,jamming_active
25.261,25,jamming_active
25.262,25,jamming_active
25.263,25,jamming_active
25.264,25,jamming_active
25.265,25,jamming_active
25.266,25,jamming_active
25.267,25,jamming_active
25.268,25,jamming_active
25.269,25,jamming_active
25.27,25,jamming_active
25.271,25,jamming_active
25.272,25,jamming_active
25.273,25,jamming_active
25.274,25,jamming_active
25.275,25,jamming_active
25.276,25,jamming_active
25.277,25,jamming_active
25.278,25,jamming_active
25.279,25,jamming_active
25.28,25,jamming_active
25.281,25,jamming_active
25.282,25,jamming_active
25.283,25,jamming_active
25.284,25,jamming_active
25.285,25,jamming_active
25.286,25,jamming_active
25.287,25,jamming_active
25.288,25,jamming_active
25.289,25,jamming_active
25.29,25,jamming_active
25.291,25,jamming_active
25.292,25,jamming_active
25.293,25,jamming_active
25.294,25,jamming_active
25.295,25,jamming_active
25.296,25,jamming_active
25.297,25,jamming_active
25.298,25,jamming_active
25.299,25,jamming_active
25.3,25,jamming_active
25.301,25,jamming_active
25.302,25,jamming_active
25.303,25,jamming_active
25.304,25,jamming_active
25.305,25,jamming_active
25.306,25,jamming_active
25.307,25,jamming_active
25.308,25,jamming_active
25.309,25,jamming_active
25.31,25,jamming_active
25.311,25,jamming_active
25.312,25,jamming_active
25.313,25,jamming_active
25.314,25,jamming_active
25.315,25,jamming_active
25.316,25,jamming_active
25.317,25,jamming_active
25.318,25,jamming_active
25.319,25,jamming_active
25.32,25,jamming_active
25.321,25,jamming_active
25.322,25,jamming_active
25.323,25,jamming_active
25.324,25,jamming_active
25.325,25,jamming_active
25.326,25,jamming_active
25.327,25,jamming_active
25.328,25,jamming_active
25.329,25,jamming_active
25.33,25,jamming_active
25.331,25,jamming_active
25.332,25,jamming_active
25.333,25,jamming_active
25.334,25,jamming_active
25.335,25,jamming_active
25.336,25,jamming_active
25.337,25,jamming_active
25.338,25,jamming_active
25.339,25,jamming_active
25.34,25,jamming_active
25.341,25,jamming_active
25.342,25,jamming_active
25.343,25,jamming_active
25.344,25,jamming_active
25.345,25,jamming_active
25.346,25,jamming_active
25.347,25,jamming_active
25.348,25,jamming_active
25.349,25,jamming_active
25.35,25,jamming_active
25.351,25,jamming_active
25.352,25,jamming_active
25.353,25,jamming_active
25.354,25,jamming_active
25.355,25,jamming_active
25.356,25,jamming_active
25.357,25,jamming_active
25.358,25,jamming_active
25.359,25,jamming_active
25.36,25,jamming_active
25.361,25,jamming_active
25.362,25,jamming_active
25.363,25,jamming_active
25.364,25,jamming_active
25.365,25,jamming_active
25.366,25,jamming_active
25.367,25,jamming_active
25.368,25,jamming_active
25.369,25,jamming_active
25.37,25,jamming_active
25.371,25,jamming_active
25.372,25,jamming_active
25.373,25,jamming_active
25.374,25,jamming_active
25.375,25,jamming_active
25.376,25,jamming_active
25.377,25,jamming_active
25.378,25,jamming_active
25.379,25,jamming_active
25.38,25,jamming_active
25.381,25,jamming_active
25.382,25,jamming_active
25.383,25,jamming_active
25.384,25,jamming_active
25.385,25,jamming_active
25.386,25,jamming_active
25.387,25,jamming_active
25.388,25,jamming_active
25.389,25,jamming_active
25.39,25,jamming_active
25.391,25,jamming_active
25.392,25,jamming_active
25.393,25,jamming_active
25.394,25,jamming_active
25.395,25,jamming_active
25.396,25,jamming_active
25.397,25,jamming_active
25.398,25,jamming_active
25.399,25,jamming_active
25.4,25,jamming_active
25.401,25,jamming_active
25.402,25,jamming_active
25.403,25,jamming_active
25.404,25,jamming_active
25.405,25,jamming_active
25.406,25,jamming_active
25.407,25,jamming_active
25.408,25,jamming_active
25.409,25,jamming_active
25.41,25,jamming_active
25.411,25,jamming_active
25.412,25,jamming_active
25.413,25,jamming_active
25.414,25,jamming_active
25.415,25,jamming_active
25.416,25,jamming_active
25.417,25,jamming_active
25.418,25,jamming_active
25.419,25,jamming_active
25.42,25,jamming_active
25.421,25,jamming_active
25.422,25,jamming_active
25.423,25,jamming_active
25.424,25,jamming_active
25.425,25,jamming_active
25.426,25,jamming_active
25.427,25,jamming_active
25.428,25,jamming_active
25.429,25,jamming_active
25.43,25,jamming_active
25.431,25,jamming_active
25.432,25,jamming_active
25.433,25,jamming_active
25.434,25,jamming_active
25.435,25,jamming_active
25.436,25,jamming_active
25.437,25,jamming_active
25.438,25,jamming_active
25.439,25,jamming_active
25.44,25,jamming_active
25.441,25,jamming_active
25.442,25,jamming_active
25.443,25,jamming_active
25.444,25,jamming_active
25.445,25,jamming_active
25.446,25,jamming_active
25.447,25,jamming_active
25.448,25,jamming_active
25.449,25,jamming_active
25.45,25,jamming_active
25.451,25,jamming_active
25.452,25,jamming_active
25.453,25,jamming_active
25.454,25,jamming_active
25.455,25,jamming_active
25.456,25,jamming_active
25.457,25,jamming_active
25.458,25,jamming_active
25.459,25,jamming_active
25.46,25,jamming_active
25.461,25,jamming_active
25.462,25,jamming_active
25.463,25,jamming_active
25.464,25,jamming_active
25.465,25,jamming_active
25.466,25,jamming_active
25.467,25,jamming_active
25.468,25,jamming_active
25.469,25,jamming_active
25.47,25,jamming_active
25.471,25,jamming_active
25.472,25,jamming_active
25.473,25,jamming_active
25.474,25,jamming_active
25.475,25,jamming_active
25.476,25,jamming_active
25.477,25,jamming_active
25.478,25,jamming_active
25.479,25,jamming_active
25.48,25,jamming_active
25.481,25,jamming_active
25.482,25,jamming_active
25.483,25,jamming_active
25.484,25,jamming_active
25.485,25,jamming_active
25.486,25,jamming_active
25.487,25,jamming_active
25.488,25,jamming_active
25.489,25,jamming_active
25.49,25,jamming_active
25.491,25,jamming_active
25.492,25,jamming_active
25.493,25,jamming_active
25.494,25,jamming_active
25.495,25,jamming_active
25.496,25,jamming_active
25.497,25,jamming_active
25.498,25,jamming_active
25.499,25,jamming_active
25.5,25,jamming_active
25.501,25,jamming_active
25.502,25,jamming_active
25.503,25,jamming_active
25.504,25,jamming_active
25.505,25,jamming_active
25.506,25,jamming_active
25.507,25,jamming_active
25.508,25,jamming_active
25.509,25,jamming_active
25.51,25,jamming_active
25.511,25,jamming_active
25.512,25,jamming_active
25.513,25,jamming_active
25.514,25,jamming_active
25.515,25,jamming_active
25.516,25,jamming_active
25.517,25,jamming_active
25.518,25,jamming_active
25.519,25,jamming_active
25.52,25,jamming_active
25.521,25,jamming_active
25.522,25,jamming_active
25.523,25,jamming_active
25.524,25,jamming_active
25.525,25,jamming_active
25.526,25,jamming_active
25.527,25,jamming_active
25.528,25,jamming_active
25.529,25,jamming_active
25.53,25,jamming_active
25.531,25,jamming_active
25.532,25,jamming_active
25.533,25,jamming_active
25.534,25,jamming_active
25.535,25,jamming_active
25.536,25,jamming_active
25.537,25,jamming_active
25.538,25,jamming_active
25.539,25,jamming_active
25.54,25,jamming_active
25.541,25,jamming_active
25.542,25,jamming_active
25.543,25,jamming_active
25.544,25,jamming_active
25.545,25,jamming_active
25.546,25,jamming_active
25.547,25,jamming_active
25.548,25,jamming_active
25.549,25,jamming_active
25.55,25,jamming_active
25.551,25,jamming_active
25.552,25,jamming_active
25.553,25,jamming_active
25.554,25,jamming_active
25.555,25,jamming_active
25.556,25,jamming_active
25.557,25,jamming_active
25.558,25,jamming_active
25.559,25,jamming_active
25.56,25,jamming_active
25.561,25,jamming_active
25.562,25,jamming_active
25.563,25,jamming_active
25.564,25,jamming_active
25.565,25,jamming_active
25.566,25,jamming_active
25.567,25,jamming_active
25.568,25,jamming_active
25.569,25,jamming_active
25.57,25,jamming_active
25.571,25,jamming_active
25.572,25,jamming_active
25.573,25,jamming_active
25.574,25,jamming_active
25.575,25,jamming_active
25.576,25,jamming_active
25.577,25,jamming_active
25.578,25,jamming_active
25.579,25,jamming_active
25.58,25,jamming_active
25.581,25,jamming_active
25.582,25,jamming_active
25.583,25,jamming_active
25.584,25,jamming_active
25.585,25,jamming_active
25.586,25,jamming_active
25.587,25,jamming_active
25.588,25,jamming_active
25.589,25,jamming_active
25.59,25,jamming_active
25.591,25,jamming_active
25.592,25,jamming_active
25.593,25,jamming_active
25.594,25,jamming_active
25.595,25,jamming_active
25.596,25,jamming_active
25.597,25,jamming_active
25.598,25,jamming_active
25.599,25,jamming_active
25.6,25,jamming_active
25.601,25,jamming_active
25.602,25,jamming_active
25.603,25,jamming_active
25.604,25,jamming_active
25.605,25,jamming_active
25.606,25,jamming_active
25.607,25,jamming_active
25.608,25,jamming_active
25.609,25,jamming_active
25.61,25,jamming_active
25.611,25,jamming_active
25.612,25,jamming_active
25.613,25,jamming_active
25.614,25,jamming_active
25.615,25,jamming_active
25.616,25,jamming_active
25.617,25,jamming_active
25.618,25,jamming_active
25.619,25,jamming_active
25.62,25,jamming_active
25.621,25,jamming_active
25.622,25,jamming_active
25.623,25,jamming_active
25.624,25,jamming_active
25.625,25,jamming_active
25.626,25,jamming_active
25.627,25,jamming_active
25.628,25,jamming_active
25.629,25,jamming_active
25.63,25,jamming_active
25.631,25,jamming_active
25.632,25,jamming_active
25.633,25,jamming_active
25.634,25,jamming_active
25.635,25,jamming_active
25.636,25,jamming_active
25.637,25,jamming_active
25.638,25,jamming_active
25.639,25,jamming_active
25.64,25,jamming_active
25.641,25,jamming_active
25.642,25,jamming_active
25.643,25,jamming_active
25.644,25,jamming_active
25.645,25,jamming_active
25.646,25,jamming_active
25.647,25,jamming_active
25.648,25,jamming_active
25.649,25,jamming_active
25.65,25,jamming_active
25.651,25,jamming_active
25.652,25,jamming_active
25.653,25,jamming_active
25.654,25,jamming_active
25.655,25,jamming_active
25.656,25,jamming_active
25.657,25,jamming_active
25.658,25,jamming_active
25.659,25,jamming_active
25.66,25,jamming_active
25.661,25,jamming_active
25.662,25,jamming_active
25.663,25,jamming_active
25.664,25,jamming_active
25.665,25,jamming_active
25.666,25,jamming_active
25.667,25,jamming_active
25.668,25,jamming_active
25.669,25,jamming_active
25.67,25,jamming_active
25.671,25,jamming_active
25.672,25,jamming_active
25.673,25,jamming_active
25.674,25,jamming_active
25.675,25,jamming_active
25.676,25,jamming_active
25.677,25,jamming_active
25.678,25,jamming_active
25.679,25,jamming_active
25.68,25,jamming_active
25.681,25,jamming_active
25.682,25,jamming_active
25.683,25,jamming_active
25.684,25,jamming_active
25.685,25,jamming_active
25.686,25,jamming_active
25.687,25,jamming_active
25.688,25,jamming_active
25.689,25,jamming_active
25.69,25,jamming_active
25.691,25,jamming_active
25.692,25,jamming_active
25.693,25,jamming_active
25.694,25,jamming_active
25.695,25,jamming_active
25.696,25,jamming_active
25.697,25,jamming_active
25.698,25,jamming_active
25.699,25,jamming_active
25.7,25,jamming_active
25.701,25,jamming_active
25.702,25,jamming_active
25.703,25,jamming_active
25.704,25,jamming_active
25.705,25,jamming_active
25.706,25,jamming_active
25.707,25,jamming_active
25.708,25,jamming_active
25.709,25,jamming_active
25.71,25,jamming_active
25.711,25,jamming_active
25.712,25,jamming_active
25.713,25,jamming_active
25.714,25,jamming_active
25.715,25,jamming_active
25.716,25,jamming_active
25.717,25,jamming_active
25.718,25,jamming_active
25.719,25,jamming_active
25.72,25,jamming_active
25.721,25,jamming_active
25.722,25,jamming_active
25.723,25,jamming_active
25.724,25,jamming_active
25.725,25,jamming_active
25.726,25,jamming_active
25.727,25,jamming_active
25.728,25,jamming_active
25.729,25,jamming_active
25.73,25,jamming_active
25.731,25,jamming_active
25.732,25,jamming_active
25.733,25,jamming_active
25.734,25,jamming_active
25.735,25,jamming_active
25.736,25,jamming_active
25.737,25,jamming_active
25.738,25,jamming_active
25.739,25,jamming_active
25.74,25,jamming_active
25.741,25,jamming_active
25.742,25,jamming_active
25.743,25,jamming_active
25.744,25,jamming_active
25.745,25,jamming_active
25.746,25,jamming_active
25.747,25,jamming_active
25.748,25,jamming_active
25.749,25,jamming_active
25.75,25,jamming_active
25.751,25,jamming_active
25.752,25,jamming_active
25.753,25,jamming_active
25.754,25,jamming_active
25.755,25,jamming_active
25.756,25,jamming_active
25.757,25,jamming_active
25.758,25,jamming_active
25.759,25,jamming_active
25.76,25,jamming_active
25.761,25,jamming_active
25.762,25,jamming_active
25.763,25,jamming_active
25.764,25,jamming_active
25.765,25,jamming_active
25.766,25,jamming_active
25.767,25,jamming_active
25.768,25,jamming_active
25.769,25,jamming_active
25.77,25,jamming_active
25.771,25,jamming_active
25.772,25,jamming_active
25.773,25,jamming_active
25.774,25,jamming_active
25.775,25,jamming_active
25.776,25,jamming_active
25.777,25,jamming_active
25.778,25,jamming_active
25.779,25,jamming_active
25.78,25,jamming_active
25.781,25,jamming_active
25.782,25,jamming_active
25.783,25,jamming_active
25.784,25,jamming_active
25.785,25,jamming_active
25.786,25,jamming_active
25.787,25,jamming_active
25.788,25,jamming_active
25.789,25,jamming_active
25.79,25,jamming_active
25.791,25,jamming_active
25.792,25,jamming_active
25.793,25,jamming_active
25.794,25,jamming_active
25.795,25,jamming_active
25.796,25,jamming_active
25.797,25,jamming_active
25.798,25,jamming_active
25.799,25,jamming_active
25.8,25,jamming_active
25.801,25,jamming_active
25.802,25,jamming_active
25.803,25,jamming_active
25.804,25,jamming_active
25.805,25,jamming_active
25.806,25,jamming_active
25.807,25,jamming_active
25.808,25,jamming_active
25.809,25,jamming_active
25.81,25,jamming_active
25.811,25,jamming_active
25.812,25,jamming_active
25.813,25,jamming_active
25.814,25,jamming_active
25.815,25,jamming_active
25.816,25,jamming_active
25.817,25,jamming_active
25.818,25,jamming_active
25.819,25,jamming_active
25.82,25,jamming_active
25.821,25,jamming_active
25.822,25,jamming_active
25.823,25,jamming_active
25.824,25,jamming_active
25.825,25,jamming_active
25.826,25,jamming_active
25.827,25,jamming_active
25.828,25,jamming_active
25.829,25,jamming_active
25.83,25,jamming_active
25.831,25,jamming_active
25.832,25,jamming_active
25.833,25,jamming_active
25.834,25,jamming_active
25.835,25,jamming_active
25.836,25,jamming_active
25.837,25,jamming_active
25.838,25,jamming_active
25.839,25,jamming_active
25.84,25,jamming_active
25.841,25,jamming_active
25.842,25,jamming_active
25.843,25,jamming_active
25.844,25,jamming_active
25.845,25,jamming_active
25.846,25,jamming_active
25.847,25,jamming_active
25.848,25,jamming_active
25.849,25,jamming_active
25.85,25,jamming_active
25.851,25,jamming_active
25.852,25,jamming_active
25.853,25,jamming_active
25.854,25,jamming_active
25.855,25,jamming_active
25.856,25,jamming_active
25.857,25,jamming_active
25.858,25,jamming_active
25.859,25,jamming_active
25.86,25,jamming_active
25.861,25,jamming_active
25.862,25,jamming_active
25.863,25,jamming_active
25.864,25,jamming_active
25.865,25,jamming_active
25.866,25,jamming_active
25.867,25,jamming_active
25.868,25,jamming_active
25.869,25,jamming_active
25.87,25,jamming_active
25.871,25,jamming_active
25.872,25,jamming_active
25.873,25,jamming_active
25.874,25,jamming_active
25.875,25,jamming_active
25.876,25,jamming_active
25.877,25,jamming_active
25.878,25,jamming_active
25.879,25,jamming_active
25.88,25,jamming_active
25.881,25,jamming_active
25.882,25,jamming_active
25.883,25,jamming_active
25.884,25,jamming_active
25.885,25,jamming_active
25.886,25,jamming_active
25.887,25,jamming_active
25.888,25,jamming_active
25.889,25,jamming_active
25.89,25,jamming_active
25.891,25,jamming_active
25.892,25,jamming_active
25.893,25,jamming_active
25.894,25,jamming_active
25.895,25,jamming_active
25.896,25,jamming_active
25.897,25,jamming_active
25.898,25,jamming_active
25.899,25,jamming_active
25.9,25,jamming_active
25.901,25,jamming_active
25.902,25,jamming_active
25.903,25,jamming_active
25.904,25,jamming_active
25.905,25,jamming_active
25.906,25,jamming_active
25.907,25,jamming_active
25.908,25,jamming_active
25.909,25,jamming_active
25.91,25,jamming_active
25.911,25,jamming_active
25.912,25,jamming_active
25.913,25,jamming_active
25.914,25,jamming_active
25.915,25,jamming_active
25.916,25,jamming_active
25.917,25,jamming_active
25.918,25,jamming_active
25.919,25,jamming_active
25.92,25,jamming_active
25.921,25,jamming_active
25.922,25,jamming_active
25.923,25,jamming_active
25.924,25,jamming_active
25.925,25,jamming_active
25.926,25,jamming_active
25.927,25,jamming_active
25.928,25,jamming_active
25.929,25,jamming_active
25.93,25,jamming_active
25.931,25,jamming_active
25.932,25,jamming_active
25.933,25,jamming_active
25.934,25,jamming_active
25.935,25,jamming_active
25.936,25,jamming_active
25.937,25,jamming_active
25.938,25,jamming_active
25.939,25,jamming_active
25.94,25,jamming_active
25.941,25,jamming_active
25.942,25,jamming_active
25.943,25,jamming_active
25.944,25,jamming_active
25.945,25,jamming_active
25.946,25,jamming_active
25.947,25,jamming_active
25.948,25,jamming_active
25.949,25,jamming_active
25.95,25,jamming_active
25.951,25,jamming_active
25.952,25,jamming_active
25.953,25,jamming_active
25.954,25,jamming_active
25.955,25,jamming_active
25.956,25,jamming_active
25.957,25,jamming_active
25.958,25,jamming_active
25.959,25,jamming_active
25.96,25,jamming_active
25.961,25,jamming_active
25.962,25,jamming_active
25.963,25,jamming_active
25.964,25,jamming_active
25.965,25,jamming_active
25.966,25,jamming_active
25.967,25,jamming_active
25.968,25,jamming_active
25.969,25,jamming_active
25.97,25,jamming_active
25.971,25,jamming_active
25.972,25,jamming_active
25.973,25,jamming_active
25.974,25,jamming_active
25.975,25,jamming_active
25.976,25,jamming_active
25.977,25,jamming_active
25.978,25,jamming_active
25.979,25,jamming_active
25.98,25,jamming_active
25.981,25,jamming_active
25.982,25,jamming_active
25.983,25,jamming_active
25.984,25,jamming_active
25.985,25,jamming_active
25.986,25,jamming_active
25.987,25,jamming_active
25.988,25,jamming_active
25.989,25,jamming_active
25.99,25,jamming_active
25.991,25,jamming_active
25.992,25,jamming_active
25.993,25,jamming_active
25.994,25,jamming_active
25.995,25,jamming_active
25.996,25,jamming_active
25.997,25,jamming_active
25.998,25,jamming_active
25.999,25,jamming_active
26,25,jamming_active
26.001,25,jamming_active
26.002,25,jamming_active
26.003,25,jamming_active
26.004,25,jamming_active
26.005,25,jamming_active
26.006,25,jamming_active
26.007,25,jamming_active
26.008,25,jamming_active
26.009,25,jamming_active
26.01,25,jamming_active
26.011,25,jamming_active
26.012,25,jamming_active
26.013,25,jamming_active
26.014,25,jamming_active
26.015,25,jamming_active
26.016,25,jamming_active
26.017,25,jamming_active
26.018,25,jamming_active
26.019,25,jamming_active
26.02,25,jamming_active
26.021,25,jamming_active
26.022,25,jamming_active
26.023,25,jamming_active
26.024,25,jamming_active
26.025,25,jamming_active
26.026,25,jamming_active
26.027,25,jamming_active
26.028,25,jamming_active
26.029,25,jamming_active
26.03,25,jamming_active
26.031,25,jamming_active
26.032,25,jamming_active
26.033,25,jamming_active
26.034,25,jamming_active
26.035,25,jamming_active
26.036,25,jamming_active
26.037,25,jamming_active
26.038,25,jamming_active
26.039,25,jamming_active
26.04,25,jamming_active
26.041,25,jamming_active
26.042,25,jamming_active
26.043,25,jamming_active
26.044,25,jamming_active
26.045,25,jamming_active
26.046,25,jamming_active
26.047,25,jamming_active
26.048,25,jamming_active
26.049,25,jamming_active
26.05,25,jamming_active
26.051,25,jamming_active
26.052,25,jamming_active
26.053,25,jamming_active
26.054,25,jamming_active
26.055,25,jamming_active
26.056,25,jamming_active
26.057,25,jamming_active
26.058,25,jamming_active
26.059,25,jamming_active
26.06,25,jamming_active
26.061,25,jamming_active
26.062,25,jamming_active
26.063,25,jamming_active
26.064,25,jamming_active
26.065,25,jamming_active
26.066,25,jamming_active
26.067,25,jamming_active
26.068,25,jamming_active
26.069,25,jamming_active
26.07,25,jamming_active
26.071,25,jamming_active
26.072,25,jamming_active
26.073,25,jamming_active
26.074,25,jamming_active
26.075,25,jamming_active
26.076,25,jamming_active
26.077,25,jamming_active
26.078,25,jamming_active
26.079,25,jamming_active
26.08,25,jamming_active
26.081,25,jamming_active
26.082,25,jamming_active
26.083,25,jamming_active
26.084,25,jamming_active
26.085,25,jamming_active
26.086,25,jamming_active
26.087,25,jamming_active
26.088,25,jamming_active
26.089,25,jamming_active
26.09,25,jamming_active
26.091,25,jamming_active
26.092,25,jamming_active
26.093,25,jamming_active
26.094,25,jamming_active
26.095,25,jamming_active
26.096,25,jamming_active
26.097,25,jamming_active
26.098,25,jamming_active
26.099,25,jamming_active
26.1,25,jamming_active
26.101,25,jamming_active
26.102,25,jamming_active
26.103,25,jamming_active
26.104,25,jamming_active
26.105,25,jamming_active
26.106,25,jamming_active
26.107,25,jamming_active
26.108,25,jamming_active
26.109,25,jamming_active
26.11,25,jamming_active
26.111,25,jamming_active
26.112,25,jamming_active
26.113,25,jamming_active
26.114,25,jamming_active
26.115,25,jamming_active
26.116,25,jamming_active
26.117,25,jamming_active
26.118,25,jamming_active
26.119,25,jamming_active
26.12,25,jamming_active
26.121,25,jamming_active
26.122,25,jamming_active
26.123,25,jamming_active
26.124,25,jamming_active
26.125,25,jamming_active
26.126,25,jamming_active
26.127,25,jamming_active
26.128,25,jamming_active
26.129,25,jamming_active
26.13,25,jamming_active
26.131,25,jamming_active
26.132,25,jamming_active
26.133,25,jamming_active
26.134,25,jamming_active
26.135,25,jamming_active
26.136,25,jamming_active
26.137,25,jamming_active
26.138,25,jamming_active
26.139,25,jamming_active
26.14,25,jamming_active
26.141,25,jamming_active
26.142,25,jamming_active
26.143,25,jamming_active
26.144,25,jamming_active
26.145,25,jamming_active
26.146,25,jamming_active
26.147,25,jamming_active
26.148,25,jamming_active
26.149,25,jamming_active
26.15,25,jamming_active
26.151,25,jamming_active
26.152,25,jamming_active
26.153,25,jamming_active
26.154,25,jamming_active
26.155,25,jamming_active
26.156,25,jamming_active
26.157,25,jamming_active
26.158,25,jamming_active
26.159,25,jamming_active
26.16,25,jamming_active
26.161,25,jamming_active
26.162,25,jamming_active
26.163,25,jamming_active
26.164,25,jamming_active
26.165,25,jamming_active
26.166,25,jamming_active
26.167,25,jamming_active
26.168,25,jamming_active
26.169,25,jamming_active
26.17,25,jamming_active
26.171,25,jamming_active
26.172,25,jamming_active
26.173,25,jamming_active
26.174,25,jamming_active
26.175,25,jamming_active
26.176,25,jamming_active
26.177,25,jamming_active
26.178,25,jamming_active
26.179,25,jamming_active
26.18,25,jamming_active
26.181,25,jamming_active
26.182,25,jamming_active
26.183,25,jamming_active
26.184,25,jamming_active
26.185,25,jamming_active
26.186,25,jamming_active
26.187,25,jamming_active
26.188,25,jamming_active
26.189,25,jamming_active
26.19,25,jamming_active
26.191,25,jamming_active
26.192,25,jamming_active
26.193,25,jamming_active
26.194,25,jamming_active
26.195,25,jamming_active
26.196,25,jamming_active
26.197,25,jamming_active
26.198,25,jamming_active
26.199,25,jamming_active
26.2,25,jamming_active
26.201,25,jamming_active
26.202,25,jamming_active
26.203,25,jamming_active
26.204,25,jamming_active
26.205,25,jamming_active
26.206,25,jamming_active
26.207,25,jamming_active
26.208,25,jamming_active
26.209,25,jamming_active
26.21,25,jamming_active
26.211,25,jamming_active
26.212,25,jamming_active
26.213,25,jamming_active
26.214,25,jamming_active
26.215,25,jamming_active
26.216,25,jamming_active
26.217,25,jamming_active
26.218,25,jamming_active
26.219,25,jamming_active
26.22,25,jamming_active
26.221,25,jamming_active
26.222,25,jamming_active
26.223,25,jamming_active
26.224,25,jamming_active
26.225,25,jamming_active
26.226,25,jamming_active
26.227,25,jamming_active
26.228,25,jamming_active
26.229,25,jamming_active
26.23,25,jamming_active
26.231,25,jamming_active
26.232,25,jamming_active
26.233,25,jamming_active
26.234,25,jamming_active
26.235,25,jamming_active
26.236,25,jamming_active
26.237,25,jamming_active
26.238,25,jamming_active
26.239,25,jamming_active
26.24,25,jamming_active
26.241,25,jamming_active
26.242,25,jamming_active
26.243,25,jamming_active
26.244,25,jamming_active
26.245,25,jamming_active
26.246,25,jamming_active
26.247,25,jamming_active
26.248,25,jamming_active
26.249,25,jamming_active
26.25,25,jamming_active
26.251,25,jamming_active
26.252,25,jamming_active
26.253,25,jamming_active
26.254,25,jamming_active
26.255,25,jamming_active
26.256,25,jamming_active
26.257,25,jamming_active
26.258,25,jamming_active
26.259,25,jamming_active
26.26,25,jamming_active
26.261,25,jamming_active
26.262,25,jamming_active
26.263,25,jamming_active
26.264,25,jamming_active
26.265,25,jamming_active
26.266,25,jamming_active
26.267,25,jamming_active
26.268,25,jamming_active
26.269,25,jamming_active
26.27,25,jamming_active
26.271,25,jamming_active
26.272,25,jamming_active
26.273,25,jamming_active
26.274,25,jamming_active
26.275,25,jamming_active
26.276,25,jamming_active
26.277,25,jamming_active
26.278,25,jamming_active
26.279,25,jamming_active
26.28,25,jamming_active
26.281,25,jamming_active
26.282,25,jamming_active
26.283,25,jamming_active
26.284,25,jamming_active
26.285,25,jamming_active
26.286,25,jamming_active
26.287,25,jamming_active
26.288,25,jamming_active
26.289,25,jamming_active
26.29,25,jamming_active
26.291,25,jamming_active
26.292,25,jamming_active
26.293,25,jamming_active
26.294,25,jamming_active
26.295,25,jamming_active
26.296,25,jamming_active
26.297,25,jamming_active
26.298,25,jamming_active
26.299,25,jamming_active
26.3,25,jamming_active
26.301,25,jamming_active
26.302,25,jamming_active
26.303,25,jamming_active
26.304,25,jamming_active
26.305,25,jamming_active
26.306,25,jamming_active
26.307,25,jamming_active
26.308,25,jamming_active
26.309,25,jamming_active
26.31,25,jamming_active
26.311,25,jamming_active
26.312,25,jamming_active
26.313,25,jamming_active
26.314,25,jamming_active
26.315,25,jamming_active
26.316,25,jamming_active
26.317,25,jamming_active
26.318,25,jamming_active
26.319,25,jamming_active
26.32,25,jamming_active
26.321,25,jamming_active
26.322,25,jamming_active
26.323,25,jamming_active
26.324,25,jamming_active
26.325,25,jamming_active
26.326,25,jamming_active
26.327,25,jamming_active
26.328,25,jamming_active
26.329,25,jamming_active
26.33,25,jamming_active
26.331,25,jamming_active
26.332,25,jamming_active
26.333,25,jamming_active
26.334,25,jamming_active
26.335,25,jamming_active
26.336,25,jamming_active
26.337,25,jamming_active
26.338,25,jamming_active
26.339,25,jamming_active
26.34,25,jamming_active
26.341,25,jamming_active
26.342,25,jamming_active
26.343,25,jamming_active
26.344,25,jamming_active
26.345,25,jamming_active
26.346,25,jamming_active
26.347,25,jamming_active
26.348,25,jamming_active
26.349,25,jamming_active
26.35,25,jamming_active
26.351,25,jamming_active
26.352,25,jamming_active
26.353,25,jamming_active
26.354,25,jamming_active
26.355,25,jamming_active
26.356,25,jamming_active
26.357,25,jamming_active
26.358,25,jamming_active
26.359,25,jamming_active
26.36,25,jamming_active
26.361,25,jamming_active
26.362,25,jamming_active
26.363,25,jamming_active
26.364,25,jamming_active
26.365,25,jamming_active
26.366,25,jamming_active
26.367,25,jamming_active
26.368,25,jamming_active
26.369,25,jamming_active
26.37,25,jamming_active
26.371,25,jamming_active
26.372,25,jamming_active
26.373,25,jamming_active
26.374,25,jamming_active
26.375,25,jamming_active
26.376,25,jamming_active
26.377,25,jamming_active
26.378,25,jamming_active
26.379,25,jamming_active
26.38,25,jamming_active
26.381,25,jamming_active
26.382,25,jamming_active
26.383,25,jamming_active
26.384,25,jamming_active
26.385,25,jamming_active
26.386,25,jamming_active
26.387,25,jamming_active
26.388,25,jamming_active
26.389,25,jamming_active
26.39,25,jamming_active
26.391,25,jamming_active
26.392,25,jamming_active
26.393,25,jamming_active
26.394,25,jamming_active
26.395,25,jamming_active
26.396,25,jamming_active
26.397,25,jamming_active
26.398,25,jamming_active
26.399,25,jamming_active
26.4,25,jamming_active
26.401,25,jamming_active
26.402,25,jamming_active
26.403,25,jamming_active
26.404,25,jamming_active
26.405,25,jamming_active
26.406,25,jamming_active
26.407,25,jamming_active
26.408,25,jamming_active
26.409,25,jamming_active
26.41,25,jamming_active
26.411,25,jamming_active
26.412,25,jamming_active
26.413,25,jamming_active
26.414,25,jamming_active
26.415,25,jamming_active
26.416,25,jamming_active
26.417,25,jamming_active
26.418,25,jamming_active
26.419,25,jamming_active
26.42,25,jamming_active
26.421,25,jamming_active
26.422,25,jamming_active
26.423,25,jamming_active
26.424,25,jamming_active
26.425,25,jamming_active
26.426,25,jamming_active
26.427,25,jamming_active
26.428,25,jamming_active
26.429,25,jamming_active
26.43,25,jamming_active
26.431,25,jamming_active
26.432,25,jamming_active
26.433,25,jamming_active
26.434,25,jamming_active
26.435,25,jamming_active
26.436,25,jamming_active
26.437,25,jamming_active
26.438,25,jamming_active
26.439,25,jamming_active
26.44,25,jamming_active
26.441,25,jamming_active
26.442,25,jamming_active
26.443,25,jamming_active
26.444,25,jamming_active
26.445,25,jamming_active
26.446,25,jamming_active
26.447,25,jamming_active
26.448,25,jamming_active
26.449,25,jamming_active
26.45,25,jamming_active
26.451,25,jamming_active
26.452,25,jamming_active
26.453,25,jamming_active
26.454,25,jamming_active
26.455,25,jamming_active
26.456,25,jamming_active
26.457,25,jamming_active
26.458,25,jamming_active
26.459,25,jamming_active
26.46,25,jamming_active
26.461,25,jamming_active
26.462,25,jamming_active
26.463,25,jamming_active
26.464,25,jamming_active
26.465,25,jamming_active
26.466,25,jamming_active
26.467,25,jamming_active
26.468,25,jamming_active
26.469,25,jamming_active
26.47,25,jamming_active
26.471,25,jamming_active
26.472,25,jamming_active
26.473,25,jamming_active
26.474,25,jamming_active
26.475,25,jamming_active
26.476,25,jamming_active
26.477,25,jamming_active
26.478,25,jamming_active
26.479,25,jamming_active
26.48,25,jamming_active
26.481,25,jamming_active
26.482,25,jamming_active
26.483,25,jamming_active
26.484,25,jamming_active
26.485,25,jamming_active
26.486,25,jamming_active
26.487,25,jamming_active
26.488,25,jamming_active
26.489,25,jamming_active
26.49,25,jamming_active
26.491,25,jamming_active
26.492,25,jamming_active
26.493,25,jamming_active
26.494,25,jamming_active
26.495,25,jamming_active
26.496,25,jamming_active
26.497,25,jamming_active
26.498,25,jamming_active
26.499,25,jamming_active
26.5,25,jamming_active
26.501,25,jamming_active
26.502,25,jamming_active
26.503,25,jamming_active
26.504,25,jamming_active
26.505,25,jamming_active
26.506,25,jamming_active
26.507,25,jamming_active
26.508,25,jamming_active
26.509,25,jamming_active
26.51,25,jamming_active
26.511,25,jamming_active
26.512,25,jamming_active
26.513,25,jamming_active
26.514,25,jamming_active
26.515,25,jamming_active
26.516,25,jamming_active
26.517,25,jamming_active
26.518,25,jamming_active
26.519,25,jamming_active
26.52,25,jamming_active
26.521,25,jamming_active
26.522,25,jamming_active
26.523,25,jamming_active
26.524,25,jamming_active
26.525,25,jamming_active
26.526,25,jamming_active
26.527,25,jamming_active
26.528,25,jamming_active
26.529,25,jamming_active
26.53,25,jamming_active
26.531,25,jamming_active
26.532,25,jamming_active
26.533,25,jamming_active
26.534,25,jamming_active
26.535,25,jamming_active
26.536,25,jamming_active
26.537,25,jamming_active
26.538,25,jamming_active
26.539,25,jamming_active
26.54,25,jamming_active
26.541,25,jamming_active
26.542,25,jamming_active
26.543,25,jamming_active
26.544,25,jamming_active
26.545,25,jamming_active
26.546,25,jamming_active
26.547,25,jamming_active
26.548,25,jamming_active
26.549,25,jamming_active
26.55,25,jamming_active
26.551,25,jamming_active
26.552,25,jamming_active
26.553,25,jamming_active
26.554,25,jamming_active
26.555,25,jamming_active
26.556,25,jamming_active
26.557,25,jamming_active
26.558,25,jamming_active
26.559,25,jamming_active
26.56,25,jamming_active
26.561,25,jamming_active
26.562,25,jamming_active
26.563,25,jamming_active
26.564,25,jamming_active
26.565,25,jamming_active
26.566,25,jamming_active
26.567,25,jamming_active
26.568,25,jamming_active
26.569,25,jamming_active
26.57,25,jamming_active
26.571,25,jamming_active
26.572,25,jamming_active
26.573,25,jamming_active
26.574,25,jamming_active
26.575,25,jamming_active
26.576,25,jamming_active
26.577,25,jamming_active
26.578,25,jamming_active
26.579,25,jamming_active
26.58,25,jamming_active
26.581,25,jamming_active
26.582,25,jamming_active
26.583,25,jamming_active
26.584,25,jamming_active
26.585,25,jamming_active
26.586,25,jamming_active
26.587,25,jamming_active
26.588,25,jamming_active
26.589,25,jamming_active
26.59,25,jamming_active
26.591,25,jamming_active
26.592,25,jamming_active
26.593,25,jamming_active
26.594,25,jamming_active
26.595,25,jamming_active
26.596,25,jamming_active
26.597,25,jamming_active
26.598,25,jamming_active
26.599,25,jamming_active
26.6,25,jamming_active
26.601,25,jamming_active
26.602,25,jamming_active
26.603,25,jamming_active
26.604,25,jamming_active
26.605,25,jamming_active
26.606,25,jamming_active
26.607,25,jamming_active
26.608,25,jamming_active
26.609,25,jamming_active
26.61,25,jamming_active
26.611,25,jamming_active
26.612,25,jamming_active
26.613,25,jamming_active
26.614,25,jamming_active
26.615,25,jamming_active
26.616,25,jamming_active
26.617,25,jamming_active
26.618,25,jamming_active
26.619,25,jamming_active
26.62,25,jamming_active
26.621,25,jamming_active
26.622,25,jamming_active
26.623,25,jamming_active
26.624,25,jamming_active
26.625,25,jamming_active
26.626,25,jamming_active
26.627,25,jamming_active
26.628,25,jamming_active
26.629,25,jamming_active
26.63,25,jamming_active
26.631,25,jamming_active
26.632,25,jamming_active
26.633,25,jamming_active
26.634,25,jamming_active
26.635,25,jamming_active
26.636,25,jamming_active
26.637,25,jamming_active
26.638,25,jamming_active
26.639,25,jamming_active
26.64,25,jamming_active
26.641,25,jamming_active
26.642,25,jamming_active
26.643,25,jamming_active
26.644,25,jamming_active
26.645,25,jamming_active
26.646,25,jamming_active
26.647,25,jamming_active
26.648,25,jamming_active
26.649,25,jamming_active
26.65,25,jamming_active
26.651,25,jamming_active
26.652,25,jamming_active
26.653,25,jamming_active
26.654,25,jamming_active
26.655,25,jamming_active
26.656,25,jamming_active
26.657,25,jamming_active
26.658,25,jamming_active
26.659,25,jamming_active
26.66,25,jamming_active
26.661,25,jamming_active
26.662,25,jamming_active
26.663,25,jamming_active
26.664,25,jamming_active
26.665,25,jamming_active
26.666,25,jamming_active
26.667,25,jamming_active
26.668,25,jamming_active
26.669,25,jamming_active
26.67,25,jamming_active
26.671,25,jamming_active
26.672,25,jamming_active
26.673,25,jamming_active
26.674,25,jamming_active
26.675,25,jamming_active
26.676,25,jamming_active
26.677,25,jamming_active
26.678,25,jamming_active
26.679,25,jamming_active
26.68,25,jamming_active
26.681,25,jamming_active
26.682,25,jamming_active
26.683,25,jamming_active
26.684,25,jamming_active
26.685,25,jamming_active
26.686,25,jamming_active
26.687,25,jamming_active
26.688,25,jamming_active
26.689,25,jamming_active
26.69,25,jamming_active
26.691,25,jamming_active
26.692,25,jamming_active
26.693,25,jamming_active
26.694,25,jamming_active
26.695,25,jamming_active
26.696,25,jamming_active
26.697,25,jamming_active
26.698,25,jamming_active
26.699,25,jamming_active
26.7,25,jamming_active
26.701,25,jamming_active
26.702,25,jamming_active
26.703,25,jamming_active
26.704,25,jamming_active
26.705,25,jamming_active
26.706,25,jamming_active
26.707,25,jamming_active
26.708,25,jamming_active
26.709,25,jamming_active
26.71,25,jamming_active
26.711,25,jamming_active
26.712,25,jamming_active
26.713,25,jamming_active
26.714,25,jamming_active
26.715,25,jamming_active
26.716,25,jamming_active
26.717,25,jamming_active
26.718,25,jamming_active
26.719,25,jamming_active
26.72,25,jamming_active
26.721,25,jamming_active
26.722,25,jamming_active
26.723,25,jamming_active
26.724,25,jamming_active
26.725,25,jamming_active
26.726,25,jamming_active
26.727,25,jamming_active
26.728,25,jamming_active
26.729,25,jamming_active
26.73,25,jamming_active
26.731,25,jamming_active
26.732,25,jamming_active
26.733,25,jamming_active
26.734,25,jamming_active
26.735,25,jamming_active
26.736,25,jamming_active
26.737,25,jamming_active
26.738,25,jamming_active
26.739,25,jamming_active
26.74,25,jamming_active
26.741,25,jamming_active
26.742,25,jamming_active
26.743,25,jamming_active
26.744,25,jamming_active
26.745,25,jamming_active
26.746,25,jamming_active
26.747,25,jamming_active
26.748,25,jamming_active
26.749,25,jamming_active
26.75,25,jamming_active
26.751,25,jamming_active
26.752,25,jamming_active
26.753,25,jamming_active
26.754,25,jamming_active
26.755,25,jamming_active
26.756,25,jamming_active
26.757,25,jamming_active
26.758,25,jamming_active
26.759,25,jamming_active
26.76,25,jamming_active
26.761,25,jamming_active
26.762,25,jamming_active
26.763,25,jamming_active
26.764,25,jamming_active
26.765,25,jamming_active
26.766,25,jamming_active
26.767,25,jamming_active
26.768,25,jamming_active
26.769,25,jamming_active
26.77,25,jamming_active
26.771,25,jamming_active
26.772,25,jamming_active
26.773,25,jamming_active
26.774,25,jamming_active
26.775,25,jamming_active
26.776,25,jamming_active
26.777,25,jamming_active
26.778,25,jamming_active
26.779,25,jamming_active
26.78,25,jamming_active
26.781,25,jamming_active
26.782,25,jamming_active
26.783,25,jamming_active
26.784,25,jamming_active
26.785,25,jamming_active
26.786,25,jamming_active
26.787,25,jamming_active
26.788,25,jamming_active
26.789,25,jamming_active
26.79,25,jamming_active
26.791,25,jamming_active
26.792,25,jamming_active
26.793,25,jamming_active
26.794,25,jamming_active
26.795,25,jamming_active
26.796,25,jamming_active
26.797,25,jamming_active
26.798,25,jamming_active
26.799,25,jamming_active
26.8,25,jamming_active
26.801,25,jamming_active
26.802,25,jamming_active
26.803,25,jamming_active
26.804,25,jamming_active
26.805,25,jamming_active
26.806,25,jamming_active
26.807,25,jamming_active
26.808,25,jamming_active
26.809,25,jamming_active
26.81,25,jamming_active
26.811,25,jamming_active
26.812,25,jamming_active
26.813,25,jamming_active
26.814,25,jamming_active
26.815,25,jamming_active
26.816,25,jamming_active
26.817,25,jamming_active
26.818,25,jamming_active
26.819,25,jamming_active
26.82,25,jamming_active
26.821,25,jamming_active
26.822,25,jamming_active
26.823,25,jamming_active
26.824,25,jamming_active
26.825,25,jamming_active
26.826,25,jamming_active
26.827,25,jamming_active
26.828,25,jamming_active
26.829,25,jamming_active
26.83,25,jamming_active
26.831,25,jamming_active
26.832,25,jamming_active
26.833,25,jamming_active
26.834,25,jamming_active
26.835,25,jamming_active
26.836,25,jamming_active
26.837,25,jamming_active
26.838,25,jamming_active
26.839,25,jamming_active
26.84,25,jamming_active
26.841,25,jamming_active
26.842,25,jamming_active
26.843,25,jamming_active
26.844,25,jamming_active
26.845,25,jamming_active
26.846,25,jamming_active
26.847,25,jamming_active
26.848,25,jamming_active
26.849,25,jamming_active
26.85,25,jamming_active
26.851,25,jamming_active
26.852,25,jamming_active
26.853,25,jamming_active
26.854,25,jamming_active
26.855,25,jamming_active
26.856,25,jamming_active
26.857,25,jamming_active
26.858,25,jamming_active
26.859,25,jamming_active
26.86,25,jamming_active
26.861,25,jamming_active
26.862,25,jamming_active
26.863,25,jamming_active
26.864,25,jamming_active
26.865,25,jamming_active
26.866,25,jamming_active
26.867,25,jamming_active
26.868,25,jamming_active
26.869,25,jamming_active
26.87,25,jamming_active
26.871,25,jamming_active
26.872,25,jamming_active
26.873,25,jamming_active
26.874,25,jamming_active
26.875,25,jamming_active
26.876,25,jamming_active
26.877,25,jamming_active
26.878,25,jamming_active
26.879,25,jamming_active
26.88,25,jamming_active
26.881,25,jamming_active
26.882,25,jamming_active
26.883,25,jamming_active
26.884,25,jamming_active
26.885,25,jamming_active
26.886,25,jamming_active
26.887,25,jamming_active
26.888,25,jamming_active
26.889,25,jamming_active
26.89,25,jamming_active
26.891,25,jamming_active
26.892,25,jamming_active
26.893,25,jamming_active
26.894,25,jamming_active
26.895,25,jamming_active
26.896,25,jamming_active
26.897,25,jamming_active
26.898,25,jamming_active
26.899,25,jamming_active
26.9,25,jamming_active
26.901,25,jamming_active
26.902,25,jamming_active
26.903,25,jamming_active
26.904,25,jamming_active
26.905,25,jamming_active
26.906,25,jamming_active
26.907,25,jamming_active
26.908,25,jamming_active
26.909,25,jamming_active
26.91,25,jamming_active
26.911,25,jamming_active
26.912,25,jamming_active
26.913,25,jamming_active
26.914,25,jamming_active
26.915,25,jamming_active
26.916,25,jamming_active
26.917,25,jamming_active
26.918,25,jamming_active
26.919,25,jamming_active
26.92,25,jamming_active
26.921,25,jamming_active
26.922,25,jamming_active
26.923,25,jamming_active
26.924,25,jamming_active
26.925,25,jamming_active
26.926,25,jamming_active
26.927,25,jamming_active
26.928,25,jamming_active
26.929,25,jamming_active
26.93,25,jamming_active
26.931,25,jamming_active
26.932,25,jamming_active
26.933,25,jamming_active
26.934,25,jamming_active
26.935,25,jamming_active
26.936,25,jamming_active
26.937,25,jamming_active
26.938,25,jamming_active
26.939,25,jamming_active
26.94,25,jamming_active
26.941,25,jamming_active
26.942,25,jamming_active
26.943,25,jamming_active
26.944,25,jamming_active
26.945,25,jamming_active
26.946,25,jamming_active
26.947,25,jamming_active
26.948,25,jamming_active
26.949,25,jamming_active
26.95,25,jamming_active
26.951,25,jamming_active
26.952,25,jamming_active
26.953,25,jamming_active
26.954,25,jamming_active
26.955,25,jamming_active
26.956,25,jamming_active
26.957,25,jamming_active
26.958,25,jamming_active
26.959,25,jamming_active
26.96,25,jamming_active
26.961,25,jamming_active
26.962,25,jamming_active
26.963,25,jamming_active
26.964,25,jamming_active
26.965,25,jamming_active
26.966,25,jamming_active
26.967,25,jamming_active
26.968,25,jamming_active
26.969,25,jamming_active
26.97,25,jamming_active
26.971,25,jamming_active
26.972,25,jamming_active
26.973,25,jamming_active
26.974,25,jamming_active
26.975,25,jamming_active
26.976,25,jamming_active
26.977,25,jamming_active
26.978,25,jamming_active
26.979,25,jamming_active
26.98,25,jamming_active
26.981,25,jamming_active
26.982,25,jamming_active
26.983,25,jamming_active
26.984,25,jamming_active
26.985,25,jamming_active
26.986,25,jamming_active
26.987,25,jamming_active
26.988,25,jamming_active
26.989,25,jamming_active
26.99,25,jamming_active
26.991,25,jamming_active
26.992,25,jamming_active
26.993,25,jamming_active
26.994,25,jamming_active
26.995,25,jamming_active
26.996,25,jamming_active
26.997,25,jamming_active
26.998,25,jamming_active
26.999,25,jamming_active
27,25,jamming_active
27.001,25,jamming_active
27.002,25,jamming_active
27.003,25,jamming_active
27.004,25,jamming_active
27.005,25,jamming_active
27.006,25,jamming_active
27.007,25,jamming_active
27.008,25,jamming_active
27.009,25,jamming_active
27.01,25,jamming_active
27.011,25,jamming_active
27.012,25,jamming_active
27.013,25,jamming_active
27.014,25,jamming_active
27.015,25,jamming_active
27.016,25,jamming_active
27.017,25,jamming_active
27.018,25,jamming_active
27.019,25,jamming_active
27.02,25,jamming_active
27.021,25,jamming_active
27.022,25,jamming_active
27.023,25,jamming_active
27.024,25,jamming_active
27.025,25,jamming_active
27.026,25,jamming_active
27.027,25,jamming_active
27.028,25,jamming_active
27.029,25,jamming_active
27.03,25,jamming_active
27.031,25,jamming_active
27.032,25,jamming_active
27.033,25,jamming_active
27.034,25,jamming_active
27.035,25,jamming_active
27.036,25,jamming_active
27.037,25,jamming_active
27.038,25,jamming_active
27.039,25,jamming_active
27.04,25,jamming_active
27.041,25,jamming_active
27.042,25,jamming_active
27.043,25,jamming_active
27.044,25,jamming_active
27.045,25,jamming_active
27.046,25,jamming_active
27.047,25,jamming_active
27.048,25,jamming_active
27.049,25,jamming_active
27.05,25,jamming_active
27.051,25,jamming_active
27.052,25,jamming_active
27.053,25,jamming_active
27.054,25,jamming_active
27.055,25,jamming_active
27.056,25,jamming_active
27.057,25,jamming_active
27.058,25,jamming_active
27.059,25,jamming_active
27.06,25,jamming_active
27.061,25,jamming_active
27.062,25,jamming_active
27.063,25,jamming_active
27.064,25,jamming_active
27.065,25,jamming_active
27.066,25,jamming_active
27.067,25,jamming_active
27.068,25,jamming_active
27.069,25,jamming_active
27.07,25,jamming_active
27.071,25,jamming_active
27.072,25,jamming_active
27.073,25,jamming_active
27.074,25,jamming_active
27.075,25,jamming_active
27.076,25,jamming_active
27.077,25,jamming_active
27.078,25,jamming_active
27.079,25,jamming_active
27.08,25,jamming_active
27.081,25,jamming_active
27.082,25,jamming_active
27.083,25,jamming_active
27.084,25,jamming_active
27.085,25,jamming_active
27.086,25,jamming_active
27.087,25,jamming_active
27.088,25,jamming_active
27.089,25,jamming_active
27.09,25,jamming_active
27.091,25,jamming_active
27.092,25,jamming_active
27.093,25,jamming_active
27.094,25,jamming_active
27.095,25,jamming_active
27.096,25,jamming_active
27.097,25,jamming_active
27.098,25,jamming_active
27.099,25,jamming_active
27.1,25,jamming_active
27.101,25,jamming_active
27.102,25,jamming_active
27.103,25,jamming_active
27.104,25,jamming_active
27.105,25,jamming_active
27.106,25,jamming_active
27.107,25,jamming_active
27.108,25,jamming_active
27.109,25,jamming_active
27.11,25,jamming_active
27.111,25,jamming_active
27.112,25,jamming_active
27.113,25,jamming_active
27.114,25,jamming_active
27.115,25,jamming_active
27.116,25,jamming_active
27.117,25,jamming_active
27.118,25,jamming_active
27.119,25,jamming_active
27.12,25,jamming_active
27.121,25,jamming_active
27.122,25,jamming_active
27.123,25,jamming_active
27.124,25,jamming_active
27.125,25,jamming_active
27.126,25,jamming_active
27.127,25,jamming_active
27.128,25,jamming_active
27.129,25,jamming_active
27.13,25,jamming_active
27.131,25,jamming_active
27.132,25,jamming_active
27.133,25,jamming_active
27.134,25,jamming_active
27.135,25,jamming_active
27.136,25,jamming_active
27.137,25,jamming_active
27.138,25,jamming_active
27.139,25,jamming_active
27.14,25,jamming_active
27.141,25,jamming_active
27.142,25,jamming_active
27.143,25,jamming_active
27.144,25,jamming_active
27.145,25,jamming_active
27.146,25,jamming_active
27.147,25,jamming_active
27.148,25,jamming_active
27.149,25,jamming_active
27.15,25,jamming_active
27.151,25,jamming_active
27.152,25,jamming_active
27.153,25,jamming_active
27.154,25,jamming_active
27.155,25,jamming_active
27.156,25,jamming_active
27.157,25,jamming_active
27.158,25,jamming_active
27.159,25,jamming_active
27.16,25,jamming_active
27.161,25,jamming_active
27.162,25,jamming_active
27.163,25,jamming_active
27.164,25,jamming_active
27.165,25,jamming_active
27.166,25,jamming_active
27.167,25,jamming_active
27.168,25,jamming_active
27.169,25,jamming_active
27.17,25,jamming_active
27.171,25,jamming_active
27.172,25,jamming_active
27.173,25,jamming_active
27.174,25,jamming_active
27.175,25,jamming_active
27.176,25,jamming_active
27.177,25,jamming_active
27.178,25,jamming_active
27.179,25,jamming_active
27.18,25,jamming_active
27.181,25,jamming_active
27.182,25,jamming_active
27.183,25,jamming_active
27.184,25,jamming_active
27.185,25,jamming_active
27.186,25,jamming_active
27.187,25,jamming_active
27.188,25,jamming_active
27.189,25,jamming_active
27.19,25,jamming_active
27.191,25,jamming_active
27.192,25,jamming_active
27.193,25,jamming_active
27.194,25,jamming_active
27.195,25,jamming_active
27.196,25,jamming_active
27.197,25,jamming_active
27.198,25,jamming_active
27.199,25,jamming_active
27.2,25,jamming_active
27.201,25,jamming_active
27.202,25,jamming_active
27.203,25,jamming_active
27.204,25,jamming_active
27.205,25,jamming_active
27.206,25,jamming_active
27.207,25,jamming_active
27.208,25,jamming_active
27.209,25,jamming_active
27.21,25,jamming_active
27.211,25,jamming_active
27.212,25,jamming_active
27.213,25,jamming_active
27.214,25,jamming_active
27.215,25,jamming_active
27.216,25,jamming_active
27.217,25,jamming_active
27.218,25,jamming_active
27.219,25,jamming_active
27.22,25,jamming_active
27.221,25,jamming_active
27.222,25,jamming_active
27.223,25,jamming_active
27.224,25,jamming_active
27.225,25,jamming_active
27.226,25,jamming_active
27.227,25,jamming_active
27.228,25,jamming_active
27.229,25,jamming_active
27.23,25,jamming_active
27.231,25,jamming_active
27.232,25,jamming_active
27.233,25,jamming_active
27.234,25,jamming_active
27.235,25,jamming_active
27.236,25,jamming_active
27.237,25,jamming_active
27.238,25,jamming_active
27.239,25,jamming_active
27.24,25,jamming_active
27.241,25,jamming_active
27.242,25,jamming_active
27.243,25,jamming_active
27.244,25,jamming_active
27.245,25,jamming_active
27.246,25,jamming_active
27.247,25,jamming_active
27.248,25,jamming_active
27.249,25,jamming_active
27.25,25,jamming_active
27.251,25,jamming_active
27.252,25,jamming_active
27.253,25,jamming_active
27.254,25,jamming_active
27.255,25,jamming_active
27.256,25,jamming_active
27.257,25,jamming_active
27.258,25,jamming_active
27.259,25,jamming_active
27.26,25,jamming_active
27.261,25,jamming_active
27.262,25,jamming_active
27.263,25,jamming_active
27.264,25,jamming_active
27.265,25,jamming_active
27.266,25,jamming_active
27.267,25,jamming_active
27.268,25,jamming_active
27.269,25,jamming_active
27.27,25,jamming_active
27.271,25,jamming_active
27.272,25,jamming_active
27.273,25,jamming_active
27.274,25,jamming_active
27.275,25,jamming_active
27.276,25,jamming_active
27.277,25,jamming_active
27.278,25,jamming_active
27.279,25,jamming_active
27.28,25,jamming_active
27.281,25,jamming_active
27.282,25,jamming_active
27.283,25,jamming_active
27.284,25,jamming_active
27.285,25,jamming_active
27.286,25,jamming_active
27.287,25,jamming_active
27.288,25,jamming_active
27.289,25,jamming_active
27.29,25,jamming_active
27.291,25,jamming_active
27.292,25,jamming_active
27.293,25,jamming_active
27.294,25,jamming_active
27.295,25,jamming_active
27.296,25,jamming_active
27.297,25,jamming_active
27.298,25,jamming_active
27.299,25,jamming_active
27.3,25,jamming_active
27.301,25,jamming_active
27.302,25,jamming_active
27.303,25,jamming_active
27.304,25,jamming_active
27.305,25,jamming_active
27.306,25,jamming_active
27.307,25,jamming_active
27.308,25,jamming_active
27.309,25,jamming_active
27.31,25,jamming_active
27.311,25,jamming_active
27.312,25,jamming_active
27.313,25,jamming_active
27.314,25,jamming_active
27.315,25,jamming_active
27.316,25,jamming_active
27.317,25,jamming_active
27.318,25,jamming_active
27.319,25,jamming_active
27.32,25,jamming_active
27.321,25,jamming_active
27.322,25,jamming_active
27.323,25,jamming_active
27.324,25,jamming_active
27.325,25,jamming_active
27.326,25,jamming_active
27.327,25,jamming_active
27.328,25,jamming_active
27.329,25,jamming_active
27.33,25,jamming_active
27.331,25,jamming_active
27.332,25,jamming_active
27.333,25,jamming_active
27.334,25,jamming_active
27.335,25,jamming_active
27.336,25,jamming_active
27.337,25,jamming_active
27.338,25,jamming_active
27.339,25,jamming_active
27.34,25,jamming_active
27.341,25,jamming_active
27.342,25,jamming_active
27.343,25,jamming_active
27.344,25,jamming_active
27.345,25,jamming_active
27.346,25,jamming_active
27.347,25,jamming_active
27.348,25,jamming_active
27.349,25,jamming_active
27.35,25,jamming_active
27.351,25,jamming_active
27.352,25,jamming_active
27.353,25,jamming_active
27.354,25,jamming_active
27.355,25,jamming_active
27.356,25,jamming_active
27.357,25,jamming_active
27.358,25,jamming_active
27.359,25,jamming_active
27.36,25,jamming_active
27.361,25,jamming_active
27.362,25,jamming_active
27.363,25,jamming_active
27.364,25,jamming_active
27.365,25,jamming_active
27.366,25,jamming_active
27.367,25,jamming_active
27.368,25,jamming_active
27.369,25,jamming_active
27.37,25,jamming_active
27.371,25,jamming_active
27.372,25,jamming_active
27.373,25,jamming_active
27.374,25,jamming_active
27.375,25,jamming_active
27.376,25,jamming_active
27.377,25,jamming_active
27.378,25,jamming_active
27.379,25,jamming_active
27.38,25,jamming_active
27.381,25,jamming_active
27.382,25,jamming_active
27.383,25,jamming_active
27.384,25,jamming_active
27.385,25,jamming_active
27.386,25,jamming_active
27.387,25,jamming_active
27.388,25,jamming_active
27.389,25,jamming_active
27.39,25,jamming_active
27.391,25,jamming_active
27.392,25,jamming_active
27.393,25,jamming_active
27.394,25,jamming_active
27.395,25,jamming_active
27.396,25,jamming_active
27.397,25,jamming_active
27.398,25,jamming_active
27.399,25,jamming_active
27.4,25,jamming_active
27.401,25,jamming_active
27.402,25,jamming_active
27.403,25,jamming_active
27.404,25,jamming_active
27.405,25,jamming_active
27.406,25,jamming_active
27.407,25,jamming_active
27.408,25,jamming_active
27.409,25,jamming_active
27.41,25,jamming_active
27.411,25,jamming_active
27.412,25,jamming_active
27.413,25,jamming_active
27.414,25,jamming_active
27.415,25,jamming_active
27.416,25,jamming_active
27.417,25,jamming_active
27.418,25,jamming_active
27.419,25,jamming_active
27.42,25,jamming_active
27.421,25,jamming_active
27.422,25,jamming_active
27.423,25,jamming_active
27.424,25,jamming_active
27.425,25,jamming_active
27.426,25,jamming_active
27.427,25,jamming_active
27.428,25,jamming_active
27.429,25,jamming_active
27.43,25,jamming_active
27.431,25,jamming_active
27.432,25,jamming_active
27.433,25,jamming_active
27.434,25,jamming_active
27.435,25,jamming_active
27.436,25,jamming_active
27.437,25,jamming_active
27.438,25,jamming_active
27.439,25,jamming_active
27.44,25,jamming_active
27.441,25,jamming_active
27.442,25,jamming_active
27.443,25,jamming_active
27.444,25,jamming_active
27.445,25,jamming_active
27.446,25,jamming_active
27.447,25,jamming_active
27.448,25,jamming_active
27.449,25,jamming_active
27.45,25,jamming_active
27.451,25,jamming_active
27.452,25,jamming_active
27.453,25,jamming_active
27.454,25,jamming_active
27.455,25,jamming_active
27.456,25,jamming_active
27.457,25,jamming_active
27.458,25,jamming_active
27.459,25,jamming_active
27.46,25,jamming_active
27.461,25,jamming_active
27.462,25,jamming_active
27.463,25,jamming_active
27.464,25,jamming_active
27.465,25,jamming_active
27.466,25,jamming_active
27.467,25,jamming_active
27.468,25,jamming_active
27.469,25,jamming_active
27.47,25,jamming_active
27.471,25,jamming_active
27.472,25,jamming_active
27.473,25,jamming_active
27.474,25,jamming_active
27.475,25,jamming_active
27.476,25,jamming_active
27.477,25,jamming_active
27.478,25,jamming_active
27.479,25,jamming_active
27.48,25,jamming_active
27.481,25,jamming_active
27.482,25,jamming_active
27.483,25,jamming_active
27.484,25,jamming_active
27.485,25,jamming_active
27.486,25,jamming_active
27.487,25,jamming_active
27.488,25,jamming_active
27.489,25,jamming_active
27.49,25,jamming_active
27.491,25,jamming_active
27.492,25,jamming_active
27.493,25,jamming_active
27.494,25,jamming_active
27.495,25,jamming_active
27.496,25,jamming_active
27.497,25,jamming_active
27.498,25,jamming_active
27.499,25,jamming_active
27.5,25,jamming_active
27.501,25,jamming_active
27.502,25,jamming_active
27.503,25,jamming_active
27.504,25,jamming_active
27.505,25,jamming_active
27.506,25,jamming_active
27.507,25,jamming_active
27.508,25,jamming_active
27.509,25,jamming_active
27.51,25,jamming_active
27.511,25,jamming_active
27.512,25,jamming_active
27.513,25,jamming_active
27.514,25,jamming_active
27.515,25,jamming_active
27.516,25,jamming_active
27.517,25,jamming_active
27.518,25,jamming_active
27.519,25,jamming_active
27.52,25,jamming_active
27.521,25,jamming_active
27.522,25,jamming_active
27.523,25,jamming_active
27.524,25,jamming_active
27.525,25,jamming_active
27.526,25,jamming_active
27.527,25,jamming_active
27.528,25,jamming_active
27.529,25,jamming_active
27.53,25,jamming_active
27.531,25,jamming_active
27.532,25,jamming_active
27.533,25,jamming_active
27.534,25,jamming_active
27.535,25,jamming_active
27.536,25,jamming_active
27.537,25,jamming_active
27.538,25,jamming_active
27.539,25,jamming_active
27.54,25,jamming_active
27.541,25,jamming_active
27.542,25,jamming_active
27.543,25,jamming_active
27.544,25,jamming_active
27.545,25,jamming_active
27.546,25,jamming_active
27.547,25,jamming_active
27.548,25,jamming_active
27.549,25,jamming_active
27.55,25,jamming_active
27.551,25,jamming_active
27.552,25,jamming_active
27.553,25,jamming_active
27.554,25,jamming_active
27.555,25,jamming_active
27.556,25,jamming_active
27.557,25,jamming_active
27.558,25,jamming_active
27.559,25,jamming_active
27.56,25,jamming_active
27.561,25,jamming_active
27.562,25,jamming_active
27.563,25,jamming_active
27.564,25,jamming_active
27.565,25,jamming_active
27.566,25,jamming_active
27.567,25,jamming_active
27.568,25,jamming_active
27.569,25,jamming_active
27.57,25,jamming_active
27.571,25,jamming_active
27.572,25,jamming_active
27.573,25,jamming_active
27.574,25,jamming_active
27.575,25,jamming_active
27.576,25,jamming_active
27.577,25,jamming_active
27.578,25,jamming_active
27.579,25,jamming_active
27.58,25,jamming_active
27.581,25,jamming_active
27.582,25,jamming_active
27.583,25,jamming_active
27.584,25,jamming_active
27.585,25,jamming_active
27.586,25,jamming_active
27.587,25,jamming_active
27.588,25,jamming_active
27.589,25,jamming_active
27.59,25,jamming_active
27.591,25,jamming_active
27.592,25,jamming_active
27.593,25,jamming_active
27.594,25,jamming_active
27.595,25,jamming_active
27.596,25,jamming_active
27.597,25,jamming_active
27.598,25,jamming_active
27.599,25,jamming_active
27.6,25,jamming_active
27.601,25,jamming_active
27.602,25,jamming_active
27.603,25,jamming_active
27.604,25,jamming_active
27.605,25,jamming_active
27.606,25,jamming_active
27.607,25,jamming_active
27.608,25,jamming_active
27.609,25,jamming_active
27.61,25,jamming_active
27.611,25,jamming_active
27.612,25,jamming_active
27.613,25,jamming_active
27.614,25,jamming_active
27.615,25,jamming_active
27.616,25,jamming_active
27.617,25,jamming_active
27.618,25,jamming_active
27.619,25,jamming_active
27.62,25,jamming_active
27.621,25,jamming_active
27.622,25,jamming_active
27.623,25,jamming_active
27.624,25,jamming_active
27.625,25,jamming_active
27.626,25,jamming_active
27.627,25,jamming_active
27.628,25,jamming_active
27.629,25,jamming_active
27.63,25,jamming_active
27.631,25,jamming_active
27.632,25,jamming_active
27.633,25,jamming_active
27.634,25,jamming_active
27.635,25,jamming_active
27.636,25,jamming_active
27.637,25,jamming_active
27.638,25,jamming_active
27.639,25,jamming_active
27.64,25,jamming_active
27.641,25,jamming_active
27.642,25,jamming_active
27.643,25,jamming_active
27.644,25,jamming_active
27.645,25,jamming_active
27.646,25,jamming_active
27.647,25,jamming_active
27.648,25,jamming_active
27.649,25,jamming_active
27.65,25,jamming_active
27.651,25,jamming_active
27.652,25,jamming_active
27.653,25,jamming_active
27.654,25,jamming_active
27.655,25,jamming_active
27.656,25,jamming_active
27.657,25,jamming_active
27.658,25,jamming_active
27.659,25,jamming_active
27.66,25,jamming_active
27.661,25,jamming_active
27.662,25,jamming_active
27.663,25,jamming_active
27.664,25,jamming_active
27.665,25,jamming_active
27.666,25,jamming_active
27.667,25,jamming_active
27.668,25,jamming_active
27.669,25,jamming_active
27.67,25,jamming_active
27.671,25,jamming_active
27.672,25,jamming_active
27.673,25,jamming_active
27.674,25,jamming_active
27.675,25,jamming_active
27.676,25,jamming_active
27.677,25,jamming_active
27.678,25,jamming_active
27.679,25,jamming_active
27.68,25,jamming_active
27.681,25,jamming_active
27.682,25,jamming_active
27.683,25,jamming_active
27.684,25,jamming_active
27.685,25,jamming_active
27.686,25,jamming_active
27.687,25,jamming_active
27.688,25,jamming_active
27.689,25,jamming_active
27.69,25,jamming_active
27.691,25,jamming_active
27.692,25,jamming_active
27.693,25,jamming_active
27.694,25,jamming_active
27.695,25,jamming_active
27.696,25,jamming_active
27.697,25,jamming_active
27.698,25,jamming_active
27.699,25,jamming_active
27.7,25,jamming_active
27.701,25,jamming_active
27.702,25,jamming_active
27.703,25,jamming_active
27.704,25,jamming_active
27.705,25,jamming_active
27.706,25,jamming_active
27.707,25,jamming_active
27.708,25,jamming_active
27.709,25,jamming_active
27.71,25,jamming_active
27.711,25,jamming_active
27.712,25,jamming_active
27.713,25,jamming_active
27.714,25,jamming_active
27.715,25,jamming_active
27.716,25,jamming_active
27.717,25,jamming_active
27.718,25,jamming_active
27.719,25,jamming_active
27.72,25,jamming_active
27.721,25,jamming_active
27.722,25,jamming_active
27.723,25,jamming_active
27.724,25,jamming_active
27.725,25,jamming_active
27.726,25,jamming_active
27.727,25,jamming_active
27.728,25,jamming_active
27.729,25,jamming_active
27.73,25,jamming_active
27.731,25,jamming_active
27.732,25,jamming_active
27.733,25,jamming_active
27.734,25,jamming_active
27.735,25,jamming_active
27.736,25,jamming_active
27.737,25,jamming_active
27.738,25,jamming_active
27.739,25,jamming_active
27.74,25,jamming_active
27.741,25,jamming_active
27.742,25,jamming_active
27.743,25,jamming_active
27.744,25,jamming_active
27.745,25,jamming_active
27.746,25,jamming_active
27.747,25,jamming_active
27.748,25,jamming_active
27.749,25,jamming_active
27.75,25,jamming_active
27.751,25,jamming_active
27.752,25,jamming_active
27.753,25,jamming_active
27.754,25,jamming_active
27.755,25,jamming_active
27.756,25,jamming_active
27.757,25,jamming_active
27.758,25,jamming_active
27.759,25,jamming_active
27.76,25,jamming_active
27.761,25,jamming_active
27.762,25,jamming_active
27.763,25,jamming_active
27.764,25,jamming_active
27.765,25,jamming_active
27.766,25,jamming_active
27.767,25,jamming_active
27.768,25,jamming_active
27.769,25,jamming_active
27.77,25,jamming_active
27.771,25,jamming_active
27.772,25,jamming_active
27.773,25,jamming_active
27.774,25,jamming_active
27.775,25,jamming_active
27.776,25,jamming_active
27.777,25,jamming_active
27.778,25,jamming_active
27.779,25,jamming_active
27.78,25,jamming_active
27.781,25,jamming_active
27.782,25,jamming_active
27.783,25,jamming_active
27.784,25,jamming_active
27.785,25,jamming_active
27.786,25,jamming_active
27.787,25,jamming_active
27.788,25,jamming_active
27.789,25,jamming_active
27.79,25,jamming_active
27.791,25,jamming_active
27.792,25,jamming_active
27.793,25,jamming_active
27.794,25,jamming_active
27.795,25,jamming_active
27.796,25,jamming_active
27.797,25,jamming_active
27.798,25,jamming_active
27.799,25,jamming_active
27.8,25,jamming_active
27.801,25,jamming_active
27.802,25,jamming_active
27.803,25,jamming_active
27.804,25,jamming_active
27.805,25,jamming_active
27.806,25,jamming_active
27.807,25,jamming_active
27.808,25,jamming_active
27.809,25,jamming_active
27.81,25,jamming_active
27.811,25,jamming_active
27.812,25,jamming_active
27.813,25,jamming_active
27.814,25,jamming_active
27.815,25,jamming_active
27.816,25,jamming_active
27.817,25,jamming_active
27.818,25,jamming_active
27.819,25,jamming_active
27.82,25,jamming_active
27.821,25,jamming_active
27.822,25,jamming_active
27.823,25,jamming_active
27.824,25,jamming_active
27.825,25,jamming_active
27.826,25,jamming_active
27.827,25,jamming_active
27.828,25,jamming_active
27.829,25,jamming_active
27.83,25,jamming_active
27.831,25,jamming_active
27.832,25,jamming_active
27.833,25,jamming_active
27.834,25,jamming_active
27.835,25,jamming_active
27.836,25,jamming_active
27.837,25,jamming_active
27.838,25,jamming_active
27.839,25,jamming_active
27.84,25,jamming_active
27.841,25,jamming_active
27.842,25,jamming_active
27.843,25,jamming_active
27.844,25,jamming_active
27.845,25,jamming_active
27.846,25,jamming_active
27.847,25,jamming_active
27.848,25,jamming_active
27.849,25,jamming_active
27.85,25,jamming_active
27.851,25,jamming_active
27.852,25,jamming_active
27.853,25,jamming_active
27.854,25,jamming_active
27.855,25,jamming_active
27.856,25,jamming_active
27.857,25,jamming_active
27.858,25,jamming_active
27.859,25,jamming_active
27.86,25,jamming_active
27.861,25,jamming_active
27.862,25,jamming_active
27.863,25,jamming_active
27.864,25,jamming_active
27.865,25,jamming_active
27.866,25,jamming_active
27.867,25,jamming_active
27.868,25,jamming_active
27.869,25,jamming_active
27.87,25,jamming_active
27.871,25,jamming_active
27.872,25,jamming_active
27.873,25,jamming_active
27.874,25,jamming_active
27.875,25,jamming_active
27.876,25,jamming_active
27.877,25,jamming_active
27.878,25,jamming_active
27.879,25,jamming_active
27.88,25,jamming_active
27.881,25,jamming_active
27.882,25,jamming_active
27.883,25,jamming_active
27.884,25,jamming_active
27.885,25,jamming_active
27.886,25,jamming_active
27.887,25,jamming_active
27.888,25,jamming_active
27.889,25,jamming_active
27.89,25,jamming_active
27.891,25,jamming_active
27.892,25,jamming_active
27.893,25,jamming_active
27.894,25,jamming_active
27.895,25,jamming_active
27.896,25,jamming_active
27.897,25,jamming_active
27.898,25,jamming_active
27.899,25,jamming_active
27.9,25,jamming_active
27.901,25,jamming_active
27.902,25,jamming_active
27.903,25,jamming_active
27.904,25,jamming_active
27.905,25,jamming_active
27.906,25,jamming_active
27.907,25,jamming_active
27.908,25,jamming_active
27.909,25,jamming_active
27.91,25,jamming_active
27.911,25,jamming_active
27.912,25,jamming_active
27.913,25,jamming_active
27.914,25,jamming_active
27.915,25,jamming_active
27.916,25,jamming_active
27.917,25,jamming_active
27.918,25,jamming_active
27.919,25,jamming_active
27.92,25,jamming_active
27.921,25,jamming_active
27.922,25,jamming_active
27.923,25,jamming_active
27.924,25,jamming_active
27.925,25,jamming_active
27.926,25,jamming_active
27.927,25,jamming_active
27.928,25,jamming_active
27.929,25,jamming_active
27.93,25,jamming_active
27.931,25,jamming_active
27.932,25,jamming_active
27.933,25,jamming_active
27.934,25,jamming_active
27.935,25,jamming_active
27.936,25,jamming_active
27.937,25,jamming_active
27.938,25,jamming_active
27.939,25,jamming_active
27.94,25,jamming_active
27.941,25,jamming_active
27.942,25,jamming_active
27.943,25,jamming_active
27.944,25,jamming_active
27.945,25,jamming_active
27.946,25,jamming_active
27.947,25,jamming_active
27.948,25,jamming_active
27.949,25,jamming_active
27.95,25,jamming_active
27.951,25,jamming_active
27.952,25,jamming_active
27.953,25,jamming_active
27.954,25,jamming_active
27.955,25,jamming_active
27.956,25,jamming_active
27.957,25,jamming_active
27.958,25,jamming_active
27.959,25,jamming_active
27.96,25,jamming_active
27.961,25,jamming_active
27.962,25,jamming_active
27.963,25,jamming_active
27.964,25,jamming_active
27.965,25,jamming_active
27.966,25,jamming_active
27.967,25,jamming_active
27.968,25,jamming_active
27.969,25,jamming_active
27.97,25,jamming_active
27.971,25,jamming_active
27.972,25,jamming_active
27.973,25,jamming_active
27.974,25,jamming_active
27.975,25,jamming_active
27.976,25,jamming_active
27.977,25,jamming_active
27.978,25,jamming_active
27.979,25,jamming_active
27.98,25,jamming_active
27.981,25,jamming_active
27.982,25,jamming_active
27.983,25,jamming_active
27.984,25,jamming_active
27.985,25,jamming_active
27.986,25,jamming_active
27.987,25,jamming_active
27.988,25,jamming_active
27.989,25,jamming_active
27.99,25,jamming_active
27.991,25,jamming_active
27.992,25,jamming_active
27.993,25,jamming_active
27.994,25,jamming_active
27.995,25,jamming_active
27.996,25,jamming_active
27.997,25,jamming_active
27.998,25,jamming_active
27.999,25,jamming_active
28,25,jamming_active
28.001,25,jamming_active
28.002,25,jamming_active
28.003,25,jamming_active
28.004,25,jamming_active
28.005,25,jamming_active
28.006,25,jamming_active
28.007,25,jamming_active
28.008,25,jamming_active
28.009,25,jamming_active
28.01,25,jamming_active
28.011,25,jamming_active
28.012,25,jamming_active
28.013,25,jamming_active
28.014,25,jamming_active
28.015,25,jamming_active
28.016,25,jamming_active
28.017,25,jamming_active
28.018,25,jamming_active
28.019,25,jamming_active
28.02,25,jamming_active
28.021,25,jamming_active
28.022,25,jamming_active
28.023,25,jamming_active
28.024,25,jamming_active
28.025,25,jamming_active
28.026,25,jamming_active
28.027,25,jamming_active
28.028,25,jamming_active
28.029,25,jamming_active
28.03,25,jamming_active
28.031,25,jamming_active
28.032,25,jamming_active
28.033,25,jamming_active
28.034,25,jamming_active
28.035,25,jamming_active
28.036,25,jamming_active
28.037,25,jamming_active
28.038,25,jamming_active
28.039,25,jamming_active
28.04,25,jamming_active
28.041,25,jamming_active
28.042,25,jamming_active
28.043,25,jamming_active
28.044,25,jamming_active
28.045,25,jamming_active
28.046,25,jamming_active
28.047,25,jamming_active
28.048,25,jamming_active
28.049,25,jamming_active
28.05,25,jamming_active
28.051,25,jamming_active
28.052,25,jamming_active
28.053,25,jamming_active
28.054,25,jamming_active
28.055,25,jamming_active
28.056,25,jamming_active
28.057,25,jamming_active
28.058,25,jamming_active
28.059,25,jamming_active
28.06,25,jamming_active
28.061,25,jamming_active
28.062,25,jamming_active
28.063,25,jamming_active
28.064,25,jamming_active
28.065,25,jamming_active
28.066,25,jamming_active
28.067,25,jamming_active
28.068,25,jamming_active
28.069,25,jamming_active
28.07,25,jamming_active
28.071,25,jamming_active
28.072,25,jamming_active
28.073,25,jamming_active
28.074,25,jamming_active
28.075,25,jamming_active
28.076,25,jamming_active
28.077,25,jamming_active
28.078,25,jamming_active
28.079,25,jamming_active
28.08,25,jamming_active
28.081,25,jamming_active
28.082,25,jamming_active
28.083,25,jamming_active
28.084,25,jamming_active
28.085,25,jamming_active
28.086,25,jamming_active
28.087,25,jamming_active
28.088,25,jamming_active
28.089,25,jamming_active
28.09,25,jamming_active
28.091,25,jamming_active
28.092,25,jamming_active
28.093,25,jamming_active
28.094,25,jamming_active
28.095,25,jamming_active
28.096,25,jamming_active
28.097,25,jamming_active
28.098,25,jamming_active
28.099,25,jamming_active
28.1,25,jamming_active
28.101,25,jamming_active
28.102,25,jamming_active
28.103,25,jamming_active
28.104,25,jamming_active
28.105,25,jamming_active
28.106,25,jamming_active
28.107,25,jamming_active
28.108,25,jamming_active
28.109,25,jamming_active
28.11,25,jamming_active
28.111,25,jamming_active
28.112,25,jamming_active
28.113,25,jamming_active
28.114,25,jamming_active
28.115,25,jamming_active
28.116,25,jamming_active
28.117,25,jamming_active
28.118,25,jamming_active
28.119,25,jamming_active
28.12,25,jamming_active
28.121,25,jamming_active
28.122,25,jamming_active
28.123,25,jamming_active
28.124,25,jamming_active
28.125,25,jamming_active
28.126,25,jamming_active
28.127,25,jamming_active
28.128,25,jamming_active
28.129,25,jamming_active
28.13,25,jamming_active
28.131,25,jamming_active
28.132,25,jamming_active
28.133,25,jamming_active
28.134,25,jamming_active
28.135,25,jamming_active
28.136,25,jamming_active
28.137,25,jamming_active
28.138,25,jamming_active
28.139,25,jamming_active
28.14,25,jamming_active
28.141,25,jamming_active
28.142,25,jamming_active
28.143,25,jamming_active
28.144,25,jamming_active
28.145,25,jamming_active
28.146,25,jamming_active
28.147,25,jamming_active
28.148,25,jamming_active
28.149,25,jamming_active
28.15,25,jamming_active
28.151,25,jamming_active
28.152,25,jamming_active
28.153,25,jamming_active
28.154,25,jamming_active
28.155,25,jamming_active
28.156,25,jamming_active
28.157,25,jamming_active
28.158,25,jamming_active
28.159,25,jamming_active
28.16,25,jamming_active
28.161,25,jamming_active
28.162,25,jamming_active
28.163,25,jamming_active
28.164,25,jamming_active
28.165,25,jamming_active
28.166,25,jamming_active
28.167,25,jamming_active
28.168,25,jamming_active
28.169,25,jamming_active
28.17,25,jamming_active
28.171,25,jamming_active
28.172,25,jamming_active
28.173,25,jamming_active
28.174,25,jamming_active
28.175,25,jamming_active
28.176,25,jamming_active
28.177,25,jamming_active
28.178,25,jamming_active
28.179,25,jamming_active
28.18,25,jamming_active
28.181,25,jamming_active
28.182,25,jamming_active
28.183,25,jamming_active
28.184,25,jamming_active
28.185,25,jamming_active
28.186,25,jamming_active
28.187,25,jamming_active
28.188,25,jamming_active
28.189,25,jamming_active
28.19,25,jamming_active
28.191,25,jamming_active
28.192,25,jamming_active
28.193,25,jamming_active
28.194,25,jamming_active
28.195,25,jamming_active
28.196,25,jamming_active
28.197,25,jamming_active
28.198,25,jamming_active
28.199,25,jamming_active
28.2,25,jamming_active
28.201,25,jamming_active
28.202,25,jamming_active
28.203,25,jamming_active
28.204,25,jamming_active
28.205,25,jamming_active
28.206,25,jamming_active
28.207,25,jamming_active
28.208,25,jamming_active
28.209,25,jamming_active
28.21,25,jamming_active
28.211,25,jamming_active
28.212,25,jamming_active
28.213,25,jamming_active
28.214,25,jamming_active
28.215,25,jamming_active
28.216,25,jamming_active
28.217,25,jamming_active
28.218,25,jamming_active
28.219,25,jamming_active
28.22,25,jamming_active
28.221,25,jamming_active
28.222,25,jamming_active
28.223,25,jamming_active
28.224,25,jamming_active
28.225,25,jamming_active
28.226,25,jamming_active
28.227,25,jamming_active
28.228,25,jamming_active
28.229,25,jamming_active
28.23,25,jamming_active
28.231,25,jamming_active
28.232,25,jamming_active
28.233,25,jamming_active
28.234,25,jamming_active
28.235,25,jamming_active
28.236,25,jamming_active
28.237,25,jamming_active
28.238,25,jamming_active
28.239,25,jamming_active
28.24,25,jamming_active
28.241,25,jamming_active
28.242,25,jamming_active
28.243,25,jamming_active
28.244,25,jamming_active
28.245,25,jamming_active
28.246,25,jamming_active
28.247,25,jamming_active
28.248,25,jamming_active
28.249,25,jamming_active
28.25,25,jamming_active
28.251,25,jamming_active
28.252,25,jamming_active
28.253,25,jamming_active
28.254,25,jamming_active
28.255,25,jamming_active
28.256,25,jamming_active
28.257,25,jamming_active
28.258,25,jamming_active
28.259,25,jamming_active
28.26,25,jamming_active
28.261,25,jamming_active
28.262,25,jamming_active
28.263,25,jamming_active
28.264,25,jamming_active
28.265,25,jamming_active
28.266,25,jamming_active
28.267,25,jamming_active
28.268,25,jamming_active
28.269,25,jamming_active
28.27,25,jamming_active
28.271,25,jamming_active
28.272,25,jamming_active
28.273,25,jamming_active
28.274,25,jamming_active
28.275,25,jamming_active
28.276,25,jamming_active
28.277,25,jamming_active
28.278,25,jamming_active
28.279,25,jamming_active
28.28,25,jamming_active
28.281,25,jamming_active
28.282,25,jamming_active
28.283,25,jamming_active
28.284,25,jamming_active
28.285,25,jamming_active
28.286,25,jamming_active
28.287,25,jamming_active
28.288,25,jamming_active
28.289,25,jamming_active
28.29,25,jamming_active
28.291,25,jamming_active
28.292,25,jamming_active
28.293,25,jamming_active
28.294,25,jamming_active
28.295,25,jamming_active
28.296,25,jamming_active
28.297,25,jamming_active
28.298,25,jamming_active
28.299,25,jamming_active
28.3,25,jamming_active
28.301,25,jamming_active
28.302,25,jamming_active
28.303,25,jamming_active
28.304,25,jamming_active
28.305,25,jamming_active
28.306,25,jamming_active
28.307,25,jamming_active
28.308,25,jamming_active
28.309,25,jamming_active
28.31,25,jamming_active
28.311,25,jamming_active
28.312,25,jamming_active
28.313,25,jamming_active
28.314,25,jamming_active
28.315,25,jamming_active
28.316,25,jamming_active
28.317,25,jamming_active
28.318,25,jamming_active
28.319,25,jamming_active
28.32,25,jamming_active
28.321,25,jamming_active
28.322,25,jamming_active
28.323,25,jamming_active
28.324,25,jamming_active
28.325,25,jamming_active
28.326,25,jamming_active
28.327,25,jamming_active
28.328,25,jamming_active
28.329,25,jamming_active
28.33,25,jamming_active
28.331,25,jamming_active
28.332,25,jamming_active
28.333,25,jamming_active
28.334,25,jamming_active
28.335,25,jamming_active
28.336,25,jamming_active
28.337,25,jamming_active
28.338,25,jamming_active
28.339,25,jamming_active
28.34,25,jamming_active
28.341,25,jamming_active
28.342,25,jamming_active
28.343,25,jamming_active
28.344,25,jamming_active
28.345,25,jamming_active
28.346,25,jamming_active
28.347,25,jamming_active
28.348,25,jamming_active
28.349,25,jamming_active
28.35,25,jamming_active
28.351,25,jamming_active
28.352,25,jamming_active
28.353,25,jamming_active
28.354,25,jamming_active
28.355,25,jamming_active
28.356,25,jamming_active
28.357,25,jamming_active
28.358,25,jamming_active
28.359,25,jamming_active
28.36,25,jamming_active
28.361,25,jamming_active
28.362,25,jamming_active
28.363,25,jamming_active
28.364,25,jamming_active
28.365,25,jamming_active
28.366,25,jamming_active
28.367,25,jamming_active
28.368,25,jamming_active
28.369,25,jamming_active
28.37,25,jamming_active
28.371,25,jamming_active
28.372,25,jamming_active
28.373,25,jamming_active
28.374,25,jamming_active
28.375,25,jamming_active
28.376,25,jamming_active
28.377,25,jamming_active
28.378,25,jamming_active
28.379,25,jamming_active
28.38,25,jamming_active
28.381,25,jamming_active
28.382,25,jamming_active
28.383,25,jamming_active
28.384,25,jamming_active
28.385,25,jamming_active
28.386,25,jamming_active
28.387,25,jamming_active
28.388,25,jamming_active
28.389,25,jamming_active
28.39,25,jamming_active
28.391,25,jamming_active
28.392,25,jamming_active
28.393,25,jamming_active
28.394,25,jamming_active
28.395,25,jamming_active
28.396,25,jamming_active
28.397,25,jamming_active
28.398,25,jamming_active
28.399,25,jamming_active
28.4,25,jamming_active
28.401,25,jamming_active
28.402,25,jamming_active
28.403,25,jamming_active
28.404,25,jamming_active
28.405,25,jamming_active
28.406,25,jamming_active
28.407,25,jamming_active
28.408,25,jamming_active
28.409,25,jamming_active
28.41,25,jamming_active
28.411,25,jamming_active
28.412,25,jamming_active
28.413,25,jamming_active
28.414,25,jamming_active
28.415,25,jamming_active
28.416,25,jamming_active
28.417,25,jamming_active
28.418,25,jamming_active
28.419,25,jamming_active
28.42,25,jamming_active
28.421,25,jamming_active
28.422,25,jamming_active
28.423,25,jamming_active
28.424,25,jamming_active
28.425,25,jamming_active
28.426,25,jamming_active
28.427,25,jamming_active
28.428,25,jamming_active
28.429,25,jamming_active
28.43,25,jamming_active
28.431,25,jamming_active
28.432,25,jamming_active
28.433,25,jamming_active
28.434,25,jamming_active
28.435,25,jamming_active
28.436,25,jamming_active
28.437,25,jamming_active
28.438,25,jamming_active
28.439,25,jamming_active
28.44,25,jamming_active
28.441,25,jamming_active
28.442,25,jamming_active
28.443,25,jamming_active
28.444,25,jamming_active
28.445,25,jamming_active
28.446,25,jamming_active
28.447,25,jamming_active
28.448,25,jamming_active
28.449,25,jamming_active
28.45,25,jamming_active
28.451,25,jamming_active
28.452,25,jamming_active
28.453,25,jamming_active
28.454,25,jamming_active
28.455,25,jamming_active
28.456,25,jamming_active
28.457,25,jamming_active
28.458,25,jamming_active
28.459,25,jamming_active
28.46,25,jamming_active
28.461,25,jamming_active
28.462,25,jamming_active
28.463,25,jamming_active
28.464,25,jamming_active
28.465,25,jamming_active
28.466,25,jamming_active
28.467,25,jamming_active
28.468,25,jamming_active
28.469,25,jamming_active
28.47,25,jamming_active
28.471,25,jamming_active
28.472,25,jamming_active
28.473,25,jamming_active
28.474,25,jamming_active
28.475,25,jamming_active
28.476,25,jamming_active
28.477,25,jamming_active
28.478,25,jamming_active
28.479,25,jamming_active
28.48,25,jamming_active
28.481,25,jamming_active
28.482,25,jamming_active
28.483,25,jamming_active
28.484,25,jamming_active
28.485,25,jamming_active
28.486,25,jamming_active
28.487,25,jamming_active
28.488,25,jamming_active
28.489,25,jamming_active
28.49,25,jamming_active
28.491,25,jamming_active
28.492,25,jamming_active
28.493,25,jamming_active
28.494,25,jamming_active
28.495,25,jamming_active
28.496,25,jamming_active
28.497,25,jamming_active
28.498,25,jamming_active
28.499,25,jamming_active
28.5,25,jamming_active
28.501,25,jamming_active
28.502,25,jamming_active
28.503,25,jamming_active
28.504,25,jamming_active
28.505,25,jamming_active
28.506,25,jamming_active
28.507,25,jamming_active
28.508,25,jamming_active
28.509,25,jamming_active
28.51,25,jamming_active
28.511,25,jamming_active
28.512,25,jamming_active
28.513,25,jamming_active
28.514,25,jamming_active
28.515,25,jamming_active
28.516,25,jamming_active
28.517,25,jamming_active
28.518,25,jamming_active
28.519,25,jamming_active
28.52,25,jamming_active
28.521,25,jamming_active
28.522,25,jamming_active
28.523,25,jamming_active
28.524,25,jamming_active
28.525,25,jamming_active
28.526,25,jamming_active
28.527,25,jamming_active
28.528,25,jamming_active
28.529,25,jamming_active
28.53,25,jamming_active
28.531,25,jamming_active
28.532,25,jamming_active
28.533,25,jamming_active
28.534,25,jamming_active
28.535,25,jamming_active
28.536,25,jamming_active
28.537,25,jamming_active
28.538,25,jamming_active
28.539,25,jamming_active
28.54,25,jamming_active
28.541,25,jamming_active
28.542,25,jamming_active
28.543,25,jamming_active
28.544,25,jamming_active
28.545,25,jamming_active
28.546,25,jamming_active
28.547,25,jamming_active
28.548,25,jamming_active
28.549,25,jamming_active
28.55,25,jamming_active
28.551,25,jamming_active
28.552,25,jamming_active
28.553,25,jamming_active
28.554,25,jamming_active
28.555,25,jamming_active
28.556,25,jamming_active
28.557,25,jamming_active
28.558,25,jamming_active
28.559,25,jamming_active
28.56,25,jamming_active
28.561,25,jamming_active
28.562,25,jamming_active
28.563,25,jamming_active
28.564,25,jamming_active
28.565,25,jamming_active
28.566,25,jamming_active
28.567,25,jamming_active
28.568,25,jamming_active
28.569,25,jamming_active
28.57,25,jamming_active
28.571,25,jamming_active
28.572,25,jamming_active
28.573,25,jamming_active
28.574,25,jamming_active
28.575,25,jamming_active
28.576,25,jamming_active
28.577,25,jamming_active
28.578,25,jamming_active
28.579,25,jamming_active
28.58,25,jamming_active
28.581,25,jamming_active
28.582,25,jamming_active
28.583,25,jamming_active
28.584,25,jamming_active
28.585,25,jamming_active
28.586,25,jamming_active
28.587,25,jamming_active
28.588,25,jamming_active
28.589,25,jamming_active
28.59,25,jamming_active
28.591,25,jamming_active
28.592,25,jamming_active
28.593,25,jamming_active
28.594,25,jamming_active
28.595,25,jamming_active
28.596,25,jamming_active
28.597,25,jamming_active
28.598,25,jamming_active
28.599,25,jamming_active
28.6,25,jamming_active
28.601,25,jamming_active
28.602,25,jamming_active
28.603,25,jamming_active
28.604,25,jamming_active
28.605,25,jamming_active
28.606,25,jamming_active
28.607,25,jamming_active
28.608,25,jamming_active
28.609,25,jamming_active
28.61,25,jamming_active
28.611,25,jamming_active
28.612,25,jamming_active
28.613,25,jamming_active
28.614,25,jamming_active
28.615,25,jamming_active
28.616,25,jamming_active
28.617,25,jamming_active
28.618,25,jamming_active
28.619,25,jamming_active
28.62,25,jamming_active
28.621,25,jamming_active
28.622,25,jamming_active
28.623,25,jamming_active
28.624,25,jamming_active
28.625,25,jamming_active
28.626,25,jamming_active
28.627,25,jamming_active
28.628,25,jamming_active
28.629,25,jamming_active
28.63,25,jamming_active
28.631,25,jamming_active
28.632,25,jamming_active
28.633,25,jamming_active
28.634,25,jamming_active
28.635,25,jamming_active
28.636,25,jamming_active
28.637,25,jamming_active
28.638,25,jamming_active
28.639,25,jamming_active
28.64,25,jamming_active
28.641,25,jamming_active
28.642,25,jamming_active
28.643,25,jamming_active
28.644,25,jamming_active
28.645,25,jamming_active
28.646,25,jamming_active
28.647,25,jamming_active
28.648,25,jamming_active
28.649,25,jamming_active
28.65,25,jamming_active
28.651,25,jamming_active
28.652,25,jamming_active
28.653,25,jamming_active
28.654,25,jamming_active
28.655,25,jamming_active
28.656,25,jamming_active
28.657,25,jamming_active
28.658,25,jamming_active
28.659,25,jamming_active
28.66,25,jamming_active
28.661,25,jamming_active
28.662,25,jamming_active
28.663,25,jamming_active
28.664,25,jamming_active
28.665,25,jamming_active
28.666,25,jamming_active
28.667,25,jamming_active
28.668,25,jamming_active
28.669,25,jamming_active
28.67,25,jamming_active
28.671,25,jamming_active
28.672,25,jamming_active
28.673,25,jamming_active
28.674,25,jamming_active
28.675,25,jamming_active
28.676,25,jamming_active
28.677,25,jamming_active
28.678,25,jamming_active
28.679,25,jamming_active
28.68,25,jamming_active
28.681,25,jamming_active
28.682,25,jamming_active
28.683,25,jamming_active
28.684,25,jamming_active
28.685,25,jamming_active
28.686,25,jamming_active
28.687,25,jamming_active
28.688,25,jamming_active
28.689,25,jamming_active
28.69,25,jamming_active
28.691,25,jamming_active
28.692,25,jamming_active
28.693,25,jamming_active
28.694,25,jamming_active
28.695,25,jamming_active
28.696,25,jamming_active
28.697,25,jamming_active
28.698,25,jamming_active
28.699,25,jamming_active
28.7,25,jamming_active
28.701,25,jamming_active
28.702,25,jamming_active
28.703,25,jamming_active
28.704,25,jamming_active
28.705,25,jamming_active
28.706,25,jamming_active
28.707,25,jamming_active
28.708,25,jamming_active
28.709,25,jamming_active
28.71,25,jamming_active
28.711,25,jamming_active
28.712,25,jamming_active
28.713,25,jamming_active
28.714,25,jamming_active
28.715,25,jamming_active
28.716,25,jamming_active
28.717,25,jamming_active
28.718,25,jamming_active
28.719,25,jamming_active
28.72,25,jamming_active
28.721,25,jamming_active
28.722,25,jamming_active
28.723,25,jamming_active
28.724,25,jamming_active
28.725,25,jamming_active
28.726,25,jamming_active
28.727,25,jamming_active
28.728,25,jamming_active
28.729,25,jamming_active
28.73,25,jamming_active
28.731,25,jamming_active
28.732,25,jamming_active
28.733,25,jamming_active
28.734,25,jamming_active
28.735,25,jamming_active
28.736,25,jamming_active
28.737,25,jamming_active
28.738,25,jamming_active
28.739,25,jamming_active
28.74,25,jamming_active
28.741,25,jamming_active
28.742,25,jamming_active
28.743,25,jamming_active
28.744,25,jamming_active
28.745,25,jamming_active
28.746,25,jamming_active
28.747,25,jamming_active
28.748,25,jamming_active
28.749,25,jamming_active
28.75,25,jamming_active
28.751,25,jamming_active
28.752,25,jamming_active
28.753,25,jamming_active
28.754,25,jamming_active
28.755,25,jamming_active
28.756,25,jamming_active
28.757,25,jamming_active
28.758,25,jamming_active
28.759,25,jamming_active
28.76,25,jamming_active
28.761,25,jamming_active
28.762,25,jamming_active
28.763,25,jamming_active
28.764,25,jamming_active
28.765,25,jamming_active
28.766,25,jamming_active
28.767,25,jamming_active
28.768,25,jamming_active
28.769,25,jamming_active
28.77,25,jamming_active
28.771,25,jamming_active
28.772,25,jamming_active
28.773,25,jamming_active
28.774,25,jamming_active
28.775,25,jamming_active
28.776,25,jamming_active
28.777,25,jamming_active
28.778,25,jamming_active
28.779,25,jamming_active
28.78,25,jamming_active
28.781,25,jamming_active
28.782,25,jamming_active
28.783,25,jamming_active
28.784,25,jamming_active
28.785,25,jamming_active
28.786,25,jamming_active
28.787,25,jamming_active
28.788,25,jamming_active
28.789,25,jamming_active
28.79,25,jamming_active
28.791,25,jamming_active
28.792,25,jamming_active
28.793,25,jamming_active
28.794,25,jamming_active
28.795,25,jamming_active
28.796,25,jamming_active
28.797,25,jamming_active
28.798,25,jamming_active
28.799,25,jamming_active
28.8,25,jamming_active
28.801,25,jamming_active
28.802,25,jamming_active
28.803,25,jamming_active
28.804,25,jamming_active
28.805,25,jamming_active
28.806,25,jamming_active
28.807,25,jamming_active
28.808,25,jamming_active
28.809,25,jamming_active
28.81,25,jamming_active
28.811,25,jamming_active
28.812,25,jamming_active
28.813,25,jamming_active
28.814,25,jamming_active
28.815,25,jamming_active
28.816,25,jamming_active
28.817,25,jamming_active
28.818,25,jamming_active
28.819,25,jamming_active
28.82,25,jamming_active
28.821,25,jamming_active
28.822,25,jamming_active
28.823,25,jamming_active
28.824,25,jamming_active
28.825,25,jamming_active
28.826,25,jamming_active
28.827,25,jamming_active
28.828,25,jamming_active
28.829,25,jamming_active
28.83,25,jamming_active
28.831,25,jamming_active
28.832,25,jamming_active
28.833,25,jamming_active
28.834,25,jamming_active
28.835,25,jamming_active
28.836,25,jamming_active
28.837,25,jamming_active
28.838,25,jamming_active
28.839,25,jamming_active
28.84,25,jamming_active
28.841,25,jamming_active
28.842,25,jamming_active
28.843,25,jamming_active
28.844,25,jamming_active
28.845,25,jamming_active
28.846,25,jamming_active
28.847,25,jamming_active
28.848,25,jamming_active
28.849,25,jamming_active
28.85,25,jamming_active
28.851,25,jamming_active
28.852,25,jamming_active
28.853,25,jamming_active
28.854,25,jamming_active
28.855,25,jamming_active
28.856,25,jamming_active
28.857,25,jamming_active
28.858,25,jamming_active
28.859,25,jamming_active
28.86,25,jamming_active
28.861,25,jamming_active
28.862,25,jamming_active
28.863,25,jamming_active
28.864,25,jamming_active
28.865,25,jamming_active
28.866,25,jamming_active
28.867,25,jamming_active
28.868,25,jamming_active
28.869,25,jamming_active
28.87,25,jamming_active
28.871,25,jamming_active
28.872,25,jamming_active
28.873,25,jamming_active
28.874,25,jamming_active
28.875,25,jamming_active
28.876,25,jamming_active
28.877,25,jamming_active
28.878,25,jamming_active
28.879,25,jamming_active
28.88,25,jamming_active
28.881,25,jamming_active
28.882,25,jamming_active
28.883,25,jamming_active
28.884,25,jamming_active
28.885,25,jamming_active
28.886,25,jamming_active
28.887,25,jamming_active
28.888,25,jamming_active
28.889,25,jamming_active
28.89,25,jamming_active
28.891,25,jamming_active
28.892,25,jamming_active
28.893,25,jamming_active
28.894,25,jamming_active
28.895,25,jamming_active
28.896,25,jamming_active
28.897,25,jamming_active
28.898,25,jamming_active
28.899,25,jamming_active
28.9,25,jamming_active
28.901,25,jamming_active
28.902,25,jamming_active
28.903,25,jamming_active
28.904,25,jamming_active
28.905,25,jamming_active
28.906,25,jamming_active
28.907,25,jamming_active
28.908,25,jamming_active
28.909,25,jamming_active
28.91,25,jamming_active
28.911,25,jamming_active
28.912,25,jamming_active
28.913,25,jamming_active
28.914,25,jamming_active
28.915,25,jamming_active
28.916,25,jamming_active
28.917,25,jamming_active
28.918,25,jamming_active
28.919,25,jamming_active
28.92,25,jamming_active
28.921,25,jamming_active
28.922,25,jamming_active
28.923,25,jamming_active
28.924,25,jamming_active
28.925,25,jamming_active
28.926,25,jamming_active
28.927,25,jamming_active
28.928,25,jamming_active
28.929,25,jamming_active
28.93,25,jamming_active
28.931,25,jamming_active
28.932,25,jamming_active
28.933,25,jamming_active
28.934,25,jamming_active
28.935,25,jamming_active
28.936,25,jamming_active
28.937,25,jamming_active
28.938,25,jamming_active
28.939,25,jamming_active
28.94,25,jamming_active
28.941,25,jamming_active
28.942,25,jamming_active
28.943,25,jamming_active
28.944,25,jamming_active
28.945,25,jamming_active
28.946,25,jamming_active
28.947,25,jamming_active
28.948,25,jamming_active
28.949,25,jamming_active
28.95,25,jamming_active
28.951,25,jamming_active
28.952,25,jamming_active
28.953,25,jamming_active
28.954,25,jamming_active
28.955,25,jamming_active
28.956,25,jamming_active
28.957,25,jamming_active
28.958,25,jamming_active
28.959,25,jamming_active
28.96,25,jamming_active
28.961,25,jamming_active
28.962,25,jamming_active
28.963,25,jamming_active
28.964,25,jamming_active
28.965,25,jamming_active
28.966,25,jamming_active
28.967,25,jamming_active
28.968,25,jamming_active
28.969,25,jamming_active
28.97,25,jamming_active
28.971,25,jamming_active
28.972,25,jamming_active
28.973,25,jamming_active
28.974,25,jamming_active
28.975,25,jamming_active
28.976,25,jamming_active
28.977,25,jamming_active
28.978,25,jamming_active
28.979,25,jamming_active
28.98,25,jamming_active
28.981,25,jamming_active
28.982,25,jamming_active
28.983,25,jamming_active
28.984,25,jamming_active
28.985,25,jamming_active
28.986,25,jamming_active
28.987,25,jamming_active
28.988,25,jamming_active
28.989,25,jamming_active
28.99,25,jamming_active
28.991,25,jamming_active
28.992,25,jamming_active
28.993,25,jamming_active
28.994,25,jamming_active
28.995,25,jamming_active
28.996,25,jamming_active
28.997,25,jamming_active
28.998,25,jamming_active
28.999,25,jamming_active
29,25,jamming_active
29.001,25,jamming_active
29.002,25,jamming_active
29.003,25,jamming_active
29.004,25,jamming_active
29.005,25,jamming_active
29.006,25,jamming_active
29.007,25,jamming_active
29.008,25,jamming_active
29.009,25,jamming_active
29.01,25,jamming_active
29.011,25,jamming_active
29.012,25,jamming_active
29.013,25,jamming_active
29.014,25,jamming_active
29.015,25,jamming_active
29.016,25,jamming_active
29.017,25,jamming_active
29.018,25,jamming_active
29.019,25,jamming_active
29.02,25,jamming_active
29.021,25,jamming_active
29.022,25,jamming_active
29.023,25,jamming_active
29.024,25,jamming_active
29.025,25,jamming_active
29.026,25,jamming_active
29.027,25,jamming_active
29.028,25,jamming_active
29.029,25,jamming_active
29.03,25,jamming_active
29.031,25,jamming_active
29.032,25,jamming_active
29.033,25,jamming_active
29.034,25,jamming_active
29.035,25,jamming_active
29.036,25,jamming_active
29.037,25,jamming_active
29.038,25,jamming_active
29.039,25,jamming_active
29.04,25,jamming_active
29.041,25,jamming_active
29.042,25,jamming_active
29.043,25,jamming_active
29.044,25,jamming_active
29.045,25,jamming_active
29.046,25,jamming_active
29.047,25,jamming_active
29.048,25,jamming_active
29.049,25,jamming_active
29.05,25,jamming_active
29.051,25,jamming_active
29.052,25,jamming_active
29.053,25,jamming_active
29.054,25,jamming_active
29.055,25,jamming_active
29.056,25,jamming_active
29.057,25,jamming_active
29.058,25,jamming_active
29.059,25,jamming_active
29.06,25,jamming_active
29.061,25,jamming_active
29.062,25,jamming_active
29.063,25,jamming_active
29.064,25,jamming_active
29.065,25,jamming_active
29.066,25,jamming_active
29.067,25,jamming_active
29.068,25,jamming_active
29.069,25,jamming_active
29.07,25,jamming_active
29.071,25,jamming_active
29.072,25,jamming_active
29.073,25,jamming_active
29.074,25,jamming_active
29.075,25,jamming_active
29.076,25,jamming_active
29.077,25,jamming_active
29.078,25,jamming_active
29.079,25,jamming_active
29.08,25,jamming_active
29.081,25,jamming_active
29.082,25,jamming_active
29.083,25,jamming_active
29.084,25,jamming_active
29.085,25,jamming_active
29.086,25,jamming_active
29.087,25,jamming_active
29.088,25,jamming_active
29.089,25,jamming_active
29.09,25,jamming_active
29.091,25,jamming_active
29.092,25,jamming_active
29.093,25,jamming_active
29.094,25,jamming_active
29.095,25,jamming_active
29.096,25,jamming_active
29.097,25,jamming_active
29.098,25,jamming_active
29.099,25,jamming_active
29.1,25,jamming_active
29.101,25,jamming_active
29.102,25,jamming_active
29.103,25,jamming_active
29.104,25,jamming_active
29.105,25,jamming_active
29.106,25,jamming_active
29.107,25,jamming_active
29.108,25,jamming_active
29.109,25,jamming_active
29.11,25,jamming_active
29.111,25,jamming_active
29.112,25,jamming_active
29.113,25,jamming_active
29.114,25,jamming_active
29.115,25,jamming_active
29.116,25,jamming_active
29.117,25,jamming_active
29.118,25,jamming_active
29.119,25,jamming_active
29.12,25,jamming_active
29.121,25,jamming_active
29.122,25,jamming_active
29.123,25,jamming_active
29.124,25,jamming_active
29.125,25,jamming_active
29.126,25,jamming_active
29.127,25,jamming_active
29.128,25,jamming_active
29.129,25,jamming_active
29.13,25,jamming_active
29.131,25,jamming_active
29.132,25,jamming_active
29.133,25,jamming_active
29.134,25,jamming_active
29.135,25,jamming_active
29.136,25,jamming_active
29.137,25,jamming_active
29.138,25,jamming_active
29.139,25,jamming_active
29.14,25,jamming_active
29.141,25,jamming_active
29.142,25,jamming_active
29.143,25,jamming_active
29.144,25,jamming_active
29.145,25,jamming_active
29.146,25,jamming_active
29.147,25,jamming_active
29.148,25,jamming_active
29.149,25,jamming_active
29.15,25,jamming_active
29.151,25,jamming_active
29.152,25,jamming_active
29.153,25,jamming_active
29.154,25,jamming_active
29.155,25,jamming_active
29.156,25,jamming_active
29.157,25,jamming_active
29.158,25,jamming_active
29.159,25,jamming_active
29.16,25,jamming_active
29.161,25,jamming_active
29.162,25,jamming_active
29.163,25,jamming_active
29.164,25,jamming_active
29.165,25,jamming_active
29.166,25,jamming_active
29.167,25,jamming_active
29.168,25,jamming_active
29.169,25,jamming_active
29.17,25,jamming_active
29.171,25,jamming_active
29.172,25,jamming_active
29.173,25,jamming_active
29.174,25,jamming_active
29.175,25,jamming_active
29.176,25,jamming_active
29.177,25,jamming_active
29.178,25,jamming_active
29.179,25,jamming_active
29.18,25,jamming_active
29.181,25,jamming_active
29.182,25,jamming_active
29.183,25,jamming_active
29.184,25,jamming_active
29.185,25,jamming_active
29.186,25,jamming_active
29.187,25,jamming_active
29.188,25,jamming_active
29.189,25,jamming_active
29.19,25,jamming_active
29.191,25,jamming_active
29.192,25,jamming_active
29.193,25,jamming_active
29.194,25,jamming_active
29.195,25,jamming_active
29.196,25,jamming_active
29.197,25,jamming_active
29.198,25,jamming_active
29.199,25,jamming_active
29.2,25,jamming_active
29.201,25,jamming_active
29.202,25,jamming_active
29.203,25,jamming_active
29.204,25,jamming_active
29.205,25,jamming_active
29.206,25,jamming_active
29.207,25,jamming_active
29.208,25,jamming_active
29.209,25,jamming_active
29.21,25,jamming_active
29.211,25,jamming_active
29.212,25,jamming_active
29.213,25,jamming_active
29.214,25,jamming_active
29.215,25,jamming_active
29.216,25,jamming_active
29.217,25,jamming_active
29.218,25,jamming_active
29.219,25,jamming_active
29.22,25,jamming_active
29.221,25,jamming_active
29.222,25,jamming_active
29.223,25,jamming_active
29.224,25,jamming_active
29.225,25,jamming_active
29.226,25,jamming_active
29.227,25,jamming_active
29.228,25,jamming_active
29.229,25,jamming_active
29.23,25,jamming_active
29.231,25,jamming_active
29.232,25,jamming_active
29.233,25,jamming_active
29.234,25,jamming_active
29.235,25,jamming_active
29.236,25,jamming_active
29.237,25,jamming_active
29.238,25,jamming_active
29.239,25,jamming_active
29.24,25,jamming_active
29.241,25,jamming_active
29.242,25,jamming_active
29.243,25,jamming_active
29.244,25,jamming_active
29.245,25,jamming_active
29.246,25,jamming_active
29.247,25,jamming_active
29.248,25,jamming_active
29.249,25,jamming_active
29.25,25,jamming_active
29.251,25,jamming_active
29.252,25,jamming_active
29.253,25,jamming_active
29.254,25,jamming_active
29.255,25,jamming_active
29.256,25,jamming_active
29.257,25,jamming_active
29.258,25,jamming_active
29.259,25,jamming_active
29.26,25,jamming_active
29.261,25,jamming_active
29.262,25,jamming_active
29.263,25,jamming_active
29.264,25,jamming_active
29.265,25,jamming_active
29.266,25,jamming_active
29.267,25,jamming_active
29.268,25,jamming_active
29.269,25,jamming_active
29.27,25,jamming_active
29.271,25,jamming_active
29.272,25,jamming_active
29.273,25,jamming_active
29.274,25,jamming_active
29.275,25,jamming_active
29.276,25,jamming_active
29.277,25,jamming_active
29.278,25,jamming_active
29.279,25,jamming_active
29.28,25,jamming_active
29.281,25,jamming_active
29.282,25,jamming_active
29.283,25,jamming_active
29.284,25,jamming_active
29.285,25,jamming_active
29.286,25,jamming_active
29.287,25,jamming_active
29.288,25,jamming_active
29.289,25,jamming_active
29.29,25,jamming_active
29.291,25,jamming_active
29.292,25,jamming_active
29.293,25,jamming_active
29.294,25,jamming_active
29.295,25,jamming_active
29.296,25,jamming_active
29.297,25,jamming_active
29.298,25,jamming_active
29.299,25,jamming_active
29.3,25,jamming_active
29.301,25,jamming_active
29.302,25,jamming_active
29.303,25,jamming_active
29.304,25,jamming_active
29.305,25,jamming_active
29.306,25,jamming_active
29.307,25,jamming_active
29.308,25,jamming_active
29.309,25,jamming_active
29.31,25,jamming_active
29.311,25,jamming_active
29.312,25,jamming_active
29.313,25,jamming_active
29.314,25,jamming_active
29.315,25,jamming_active
29.316,25,jamming_active
29.317,25,jamming_active
29.318,25,jamming_active
29.319,25,jamming_active
29.32,25,jamming_active
29.321,25,jamming_active
29.322,25,jamming_active
29.323,25,jamming_active
29.324,25,jamming_active
29.325,25,jamming_active
29.326,25,jamming_active
29.327,25,jamming_active
29.328,25,jamming_active
29.329,25,jamming_active
29.33,25,jamming_active
29.331,25,jamming_active
29.332,25,jamming_active
29.333,25,jamming_active
29.334,25,jamming_active
29.335,25,jamming_active
29.336,25,jamming_active
29.337,25,jamming_active
29.338,25,jamming_active
29.339,25,jamming_active
29.34,25,jamming_active
29.341,25,jamming_active
29.342,25,jamming_active
29.343,25,jamming_active
29.344,25,jamming_active
29.345,25,jamming_active
29.346,25,jamming_active
29.347,25,jamming_active
29.348,25,jamming_active
29.349,25,jamming_active
29.35,25,jamming_active
29.351,25,jamming_active
29.352,25,jamming_active
29.353,25,jamming_active
29.354,25,jamming_active
29.355,25,jamming_active
29.356,25,jamming_active
29.357,25,jamming_active
29.358,25,jamming_active
29.359,25,jamming_active
29.36,25,jamming_active
29.361,25,jamming_active
29.362,25,jamming_active
29.363,25,jamming_active
29.364,25,jamming_active
29.365,25,jamming_active
29.366,25,jamming_active
29.367,25,jamming_active
29.368,25,jamming_active
29.369,25,jamming_active
29.37,25,jamming_active
29.371,25,jamming_active
29.372,25,jamming_active
29.373,25,jamming_active
29.374,25,jamming_active
29.375,25,jamming_active
29.376,25,jamming_active
29.377,25,jamming_active
29.378,25,jamming_active
29.379,25,jamming_active
29.38,25,jamming_active
29.381,25,jamming_active
29.382,25,jamming_active
29.383,25,jamming_active
29.384,25,jamming_active
29.385,25,jamming_active
29.386,25,jamming_active
29.387,25,jamming_active
29.388,25,jamming_active
29.389,25,jamming_active
29.39,25,jamming_active
29.391,25,jamming_active
29.392,25,jamming_active
29.393,25,jamming_active
29.394,25,jamming_active
29.395,25,jamming_active
29.396,25,jamming_active
29.397,25,jamming_active
29.398,25,jamming_active
29.399,25,jamming_active
29.4,25,jamming_active
29.401,25,jamming_active
29.402,25,jamming_active
29.403,25,jamming_active
29.404,25,jamming_active
29.405,25,jamming_active
29.406,25,jamming_active
29.407,25,jamming_active
29.408,25,jamming_active
29.409,25,jamming_active
29.41,25,jamming_active
29.411,25,jamming_active
29.412,25,jamming_active
29.413,25,jamming_active
29.414,25,jamming_active
29.415,25,jamming_active
29.416,25,jamming_active
29.417,25,jamming_active
29.418,25,jamming_active
29.419,25,jamming_active
29.42,25,jamming_active
29.421,25,jamming_active
29.422,25,jamming_active
29.423,25,jamming_active
29.424,25,jamming_active
29.425,25,jamming_active
29.426,25,jamming_active
29.427,25,jamming_active
29.428,25,jamming_active
29.429,25,jamming_active
29.43,25,jamming_active
29.431,25,jamming_active
29.432,25,jamming_active
29.433,25,jamming_active
29.434,25,jamming_active
29.435,25,jamming_active
29.436,25,jamming_active
29.437,25,jamming_active
29.438,25,jamming_active
29.439,25,jamming_active
29.44,25,jamming_active
29.441,25,jamming_active
29.442,25,jamming_active
29.443,25,jamming_active
29.444,25,jamming_active
29.445,25,jamming_active
29.446,25,jamming_active
29.447,25,jamming_active
29.448,25,jamming_active
29.449,25,jamming_active
29.45,25,jamming_active
29.451,25,jamming_active
29.452,25,jamming_active
29.453,25,jamming_active
29.454,25,jamming_active
29.455,25,jamming_active
29.456,25,jamming_active
29.457,25,jamming_active
29.458,25,jamming_active
29.459,25,jamming_active
29.46,25,jamming_active
29.461,25,jamming_active
29.462,25,jamming_active
29.463,25,jamming_active
29.464,25,jamming_active
29.465,25,jamming_active
29.466,25,jamming_active
29.467,25,jamming_active
29.468,25,jamming_active
29.469,25,jamming_active
29.47,25,jamming_active
29.471,25,jamming_active
29.472,25,jamming_active
29.473,25,jamming_active
29.474,25,jamming_active
29.475,25,jamming_active
29.476,25,jamming_active
29.477,25,jamming_active
29.478,25,jamming_active
29.479,25,jamming_active
29.48,25,jamming_active
29.481,25,jamming_active
29.482,25,jamming_active
29.483,25,jamming_active
29.484,25,jamming_active
29.485,25,jamming_active
29.486,25,jamming_active
29.487,25,jamming_active
29.488,25,jamming_active
29.489,25,jamming_active
29.49,25,jamming_active
29.491,25,jamming_active
29.492,25,jamming_active
29.493,25,jamming_active
29.494,25,jamming_active
29.495,25,jamming_active
29.496,25,jamming_active
29.497,25,jamming_active
29.498,25,jamming_active
29.499,25,jamming_active
29.5,25,jamming_active
29.501,25,jamming_active
29.502,25,jamming_active
29.503,25,jamming_active
29.504,25,jamming_active
29.505,25,jamming_active
29.506,25,jamming_active
29.507,25,jamming_active
29.508,25,jamming_active
29.509,25,jamming_active
29.51,25,jamming_active
29.511,25,jamming_active
29.512,25,jamming_active
29.513,25,jamming_active
29.514,25,jamming_active
29.515,25,jamming_active
29.516,25,jamming_active
29.517,25,jamming_active
29.518,25,jamming_active
29.519,25,jamming_active
29.52,25,jamming_active
29.521,25,jamming_active
29.522,25,jamming_active
29.523,25,jamming_active
29.524,25,jamming_active
29.525,25,jamming_active
29.526,25,jamming_active
29.527,25,jamming_active
29.528,25,jamming_active
29.529,25,jamming_active
29.53,25,jamming_active
29.531,25,jamming_active
29.532,25,jamming_active
29.533,25,jamming_active
29.534,25,jamming_active
29.535,25,jamming_active
29.536,25,jamming_active
29.537,25,jamming_active
29.538,25,jamming_active
29.539,25,jamming_active
29.54,25,jamming_active
29.541,25,jamming_active
29.542,25,jamming_active
29.543,25,jamming_active
29.544,25,jamming_active
29.545,25,jamming_active
29.546,25,jamming_active
29.547,25,jamming_active
29.548,25,jamming_active
29.549,25,jamming_active
29.55,25,jamming_active
29.551,25,jamming_active
29.552,25,jamming_active
29.553,25,jamming_active
29.554,25,jamming_active
29.555,25,jamming_active
29.556,25,jamming_active
29.557,25,jamming_active
29.558,25,jamming_active
29.559,25,jamming_active
29.56,25,jamming_active
29.561,25,jamming_active
29.562,25,jamming_active
29.563,25,jamming_active
29.564,25,jamming_active
29.565,25,jamming_active
29.566,25,jamming_active
29.567,25,jamming_active
29.568,25,jamming_active
29.569,25,jamming_active
29.57,25,jamming_active
29.571,25,jamming_active
29.572,25,jamming_active
29.573,25,jamming_active
29.574,25,jamming_active
29.575,25,jamming_active
29.576,25,jamming_active
29.577,25,jamming_active
29.578,25,jamming_active
29.579,25,jamming_active
29.58,25,jamming_active
29.581,25,jamming_active
29.582,25,jamming_active
29.583,25,jamming_active
29.584,25,jamming_active
29.585,25,jamming_active
29.586,25,jamming_active
29.587,25,jamming_active
29.588,25,jamming_active
29.589,25,jamming_active
29.59,25,jamming_active
29.591,25,jamming_active
29.592,25,jamming_active
29.593,25,jamming_active
29.594,25,jamming_active
29.595,25,jamming_active
29.596,25,jamming_active
29.597,25,jamming_active
29.598,25,jamming_active
29.599,25,jamming_active
29.6,25,jamming_active
29.601,25,jamming_active
29.602,25,jamming_active
29.603,25,jamming_active
29.604,25,jamming_active
29.605,25,jamming_active
29.606,25,jamming_active
29.607,25,jamming_active
29.608,25,jamming_active
29.609,25,jamming_active
29.61,25,jamming_active
29.611,25,jamming_active
29.612,25,jamming_active
29.613,25,jamming_active
29.614,25,jamming_active
29.615,25,jamming_active
29.616,25,jamming_active
29.617,25,jamming_active
29.618,25,jamming_active
29.619,25,jamming_active
29.62,25,jamming_active
29.621,25,jamming_active
29.622,25,jamming_active
29.623,25,jamming_active
29.624,25,jamming_active
29.625,25,jamming_active
29.626,25,jamming_active
29.627,25,jamming_active
29.628,25,jamming_active
29.629,25,jamming_active
29.63,25,jamming_active
29.631,25,jamming_active
29.632,25,jamming_active
29.633,25,jamming_active
29.634,25,jamming_active
29.635,25,jamming_active
29.636,25,jamming_active
29.637,25,jamming_active
29.638,25,jamming_active
29.639,25,jamming_active
29.64,25,jamming_active
29.641,25,jamming_active
29.642,25,jamming_active
29.643,25,jamming_active
29.644,25,jamming_active
29.645,25,jamming_active
29.646,25,jamming_active
29.647,25,jamming_active
29.648,25,jamming_active
29.649,25,jamming_active
29.65,25,jamming_active
29.651,25,jamming_active
29.652,25,jamming_active
29.653,25,jamming_active
29.654,25,jamming_active
29.655,25,jamming_active
29.656,25,jamming_active
29.657,25,jamming_active
29.658,25,jamming_active
29.659,25,jamming_active
29.66,25,jamming_active
29.661,25,jamming_active
29.662,25,jamming_active
29.663,25,jamming_active
29.664,25,jamming_active
29.665,25,jamming_active
29.666,25,jamming_active
29.667,25,jamming_active
29.668,25,jamming_active
29.669,25,jamming_active
29.67,25,jamming_active
29.671,25,jamming_active
29.672,25,jamming_active
29.673,25,jamming_active
29.674,25,jamming_active
29.675,25,jamming_active
29.676,25,jamming_active
29.677,25,jamming_active
29.678,25,jamming_active
29.679,25,jamming_active
29.68,25,jamming_active
29.681,25,jamming_active
29.682,25,jamming_active
29.683,25,jamming_active
29.684,25,jamming_active
29.685,25,jamming_active
29.686,25,jamming_active
29.687,25,jamming_active
29.688,25,jamming_active
29.689,25,jamming_active
29.69,25,jamming_active
29.691,25,jamming_active
29.692,25,jamming_active
29.693,25,jamming_active
29.694,25,jamming_active
29.695,25,jamming_active
29.696,25,jamming_active
29.697,25,jamming_active
29.698,25,jamming_active
29.699,25,jamming_active
29.7,25,jamming_active
29.701,25,jamming_active
29.702,25,jamming_active
29.703,25,jamming_active
29.704,25,jamming_active
29.705,25,jamming_active
29.706,25,jamming_active
29.707,25,jamming_active
29.708,25,jamming_active
29.709,25,jamming_active
29.71,25,jamming_active
29.711,25,jamming_active
29.712,25,jamming_active
29.713,25,jamming_active
29.714,25,jamming_active
29.715,25,jamming_active
29.716,25,jamming_active
29.717,25,jamming_active
29.718,25,jamming_active
29.719,25,jamming_active
29.72,25,jamming_active
29.721,25,jamming_active
29.722,25,jamming_active
29.723,25,jamming_active
29.724,25,jamming_active
29.725,25,jamming_active
29.726,25,jamming_active
29.727,25,jamming_active
29.728,25,jamming_active
29.729,25,jamming_active
29.73,25,jamming_active
29.731,25,jamming_active
29.732,25,jamming_active
29.733,25,jamming_active
29.734,25,jamming_active
29.735,25,jamming_active
29.736,25,jamming_active
29.737,25,jamming_active
29.738,25,jamming_active
29.739,25,jamming_active
29.74,25,jamming_active
29.741,25,jamming_active
29.742,25,jamming_active
29.743,25,jamming_active
29.744,25,jamming_active
29.745,25,jamming_active
29.746,25,jamming_active
29.747,25,jamming_active
29.748,25,jamming_active
29.749,25,jamming_active
29.75,25,jamming_active
29.751,25,jamming_active
29.752,25,jamming_active
29.753,25,jamming_active
29.754,25,jamming_active
29.755,25,jamming_active
29.756,25,jamming_active
29.757,25,jamming_active
29.758,25,jamming_active
29.759,25,jamming_active
29.76,25,jamming_active
29.761,25,jamming_active
29.762,25,jamming_active
29.763,25,jamming_active
29.764,25,jamming_active
29.765,25,jamming_active
29.766,25,jamming_active
29.767,25,jamming_active
29.768,25,jamming_active
29.769,25,jamming_active
29.77,25,jamming_active
29.771,25,jamming_active
29.772,25,jamming_active
29.773,25,jamming_active
29.774,25,jamming_active
29.775,25,jamming_active
29.776,25,jamming_active
29.777,25,jamming_active
29.778,25,jamming_active
29.779,25,jamming_active
29.78,25,jamming_active
29.781,25,jamming_active
29.782,25,jamming_active
29.783,25,jamming_active
29.784,25,jamming_active
29.785,25,jamming_active
29.786,25,jamming_active
29.787,25,jamming_active
29.788,25,jamming_active
29.789,25,jamming_active
29.79,25,jamming_active
29.791,25,jamming_active
29.792,25,jamming_active
29.793,25,jamming_active
29.794,25,jamming_active
29.795,25,jamming_active
29.796,25,jamming_active
29.797,25,jamming_active
29.798,25,jamming_active
29.799,25,jamming_active
29.8,25,jamming_active
29.801,25,jamming_active
29.802,25,jamming_active
29.803,25,jamming_active
29.804,25,jamming_active
29.805,25,jamming_active
29.806,25,jamming_active
29.807,25,jamming_active
29.808,25,jamming_active
29.809,25,jamming_active
29.81,25,jamming_active
29.811,25,jamming_active
29.812,25,jamming_active
29.813,25,jamming_active
29.814,25,jamming_active
29.815,25,jamming_active
29.816,25,jamming_active
29.817,25,jamming_active
29.818,25,jamming_active
29.819,25,jamming_active
29.82,25,jamming_active
29.821,25,jamming_active
29.822,25,jamming_active
29.823,25,jamming_active
29.824,25,jamming_active
29.825,25,jamming_active
29.826,25,jamming_active
29.827,25,jamming_active
29.828,25,jamming_active
29.829,25,jamming_active
29.83,25,jamming_active
29.831,25,jamming_active
29.832,25,jamming_active
29.833,25,jamming_active
29.834,25,jamming_active
29.835,25,jamming_active
29.836,25,jamming_active
29.837,25,jamming_active
29.838,25,jamming_active
29.839,25,jamming_active
29.84,25,jamming_active
29.841,25,jamming_active
29.842,25,jamming_active
29.843,25,jamming_active
29.844,25,jamming_active
29.845,25,jamming_active
29.846,25,jamming_active
29.847,25,jamming_active
29.848,25,jamming_active
29.849,25,jamming_active
29.85,25,jamming_active
29.851,25,jamming_active
29.852,25,jamming_active
29.853,25,jamming_active
29.854,25,jamming_active
29.855,25,jamming_active
29.856,25,jamming_active
29.857,25,jamming_active
29.858,25,jamming_active
29.859,25,jamming_active
29.86,25,jamming_active
29.861,25,jamming_active
29.862,25,jamming_active
29.863,25,jamming_active
29.864,25,jamming_active
29.865,25,jamming_active
29.866,25,jamming_active
29.867,25,jamming_active
29.868,25,jamming_active
29.869,25,jamming_active
29.87,25,jamming_active
29.871,25,jamming_active
29.872,25,jamming_active
29.873,25,jamming_active
29.874,25,jamming_active
29.875,25,jamming_active
29.876,25,jamming_active
29.877,25,jamming_active
29.878,25,jamming_active
29.879,25,jamming_active
29.88,25,jamming_active
29.881,25,jamming_active
29.882,25,jamming_active
29.883,25,jamming_active
29.884,25,jamming_active
29.885,25,jamming_active
29.886,25,jamming_active
29.887,25,jamming_active
29.888,25,jamming_active
29.889,25,jamming_active
29.89,25,jamming_active
29.891,25,jamming_active
29.892,25,jamming_active
29.893,25,jamming_active
29.894,25,jamming_active
29.895,25,jamming_active
29.896,25,jamming_active
29.897,25,jamming_active
29.898,25,jamming_active
29.899,25,jamming_active
29.9,25,jamming_active
29.901,25,jamming_active
29.902,25,jamming_active
29.903,25,jamming_active
29.904,25,jamming_active
29.905,25,jamming_active
29.906,25,jamming_active
29.907,25,jamming_active
29.908,25,jamming_active
29.909,25,jamming_active
29.91,25,jamming_active
29.911,25,jamming_active
29.912,25,jamming_active
29.913,25,jamming_active
29.914,25,jamming_active
29.915,25,jamming_active
29.916,25,jamming_active
29.917,25,jamming_active
29.918,25,jamming_active
29.919,25,jamming_active
29.92,25,jamming_active
29.921,25,jamming_active
29.922,25,jamming_active
29.923,25,jamming_active
29.924,25,jamming_active
29.925,25,jamming_active
29.926,25,jamming_active
29.927,25,jamming_active
29.928,25,jamming_active
29.929,25,jamming_active
29.93,25,jamming_active
29.931,25,jamming_active
29.932,25,jamming_active
29.933,25,jamming_active
29.934,25,jamming_active
29.935,25,jamming_active
29.936,25,jamming_active
29.937,25,jamming_active
29.938,25,jamming_active
29.939,25,jamming_active
29.94,25,jamming_active
29.941,25,jamming_active
29.942,25,jamming_active
29.943,25,jamming_active
29.944,25,jamming_active
29.945,25,jamming_active
29.946,25,jamming_active
29.947,25,jamming_active
29.948,25,jamming_active
29.949,25,jamming_active
29.95,25,jamming_active
29.951,25,jamming_active
29.952,25,jamming_active
29.953,25,jamming_active
29.954,25,jamming_active
29.955,25,jamming_active
29.956,25,jamming_active
29.957,25,jamming_active
29.958,25,jamming_active
29.959,25,jamming_active
29.96,25,jamming_active
29.961,25,jamming_active
29.962,25,jamming_active
29.963,25,jamming_active
29.964,25,jamming_active
29.965,25,jamming_active
29.966,25,jamming_active
29.967,25,jamming_active
29.968,25,jamming_active
29.969,25,jamming_active
29.97,25,jamming_active
29.971,25,jamming_active
29.972,25,jamming_active
29.973,25,jamming_active
29.974,25,jamming_active
29.975,25,jamming_active
29.976,25,jamming_active
29.977,25,jamming_active
29.978,25,jamming_active
29.979,25,jamming_active
29.98,25,jamming_active
29.981,25,jamming_active
29.982,25,jamming_active
29.983,25,jamming_active
29.984,25,jamming_active
29.985,25,jamming_active
29.986,25,jamming_active
29.987,25,jamming_active
29.988,25,jamming_active
29.989,25,jamming_active
29.99,25,jamming_active
29.991,25,jamming_active
29.992,25,jamming_active
29.993,25,jamming_active
29.994,25,jamming_active
29.995,25,jamming_active
29.996,25,jamming_active
29.997,25,jamming_active
29.998,25,jamming_active
29.999,25,jamming_active
