timestamp,nodeId,neighborCount,minDistance
1,0,63,30.0167
1,1,72,30.0167
1,2,78,28.0179
1,3,81,28.0179
1,4,83,30.0167
1,5,83,28.0179
1,6,81,28.0179
1,7,78,30.0167
1,8,72,28.0179
1,9,63,28.0179
1,10,72,30.0167
1,11,82,28.0179
1,12,88,28.0179
1,13,91,30.0167
1,14,93,28.0179
1,15,93,28.0179
1,16,91,30.0167
1,17,88,28.0179
1,18,82,28.0179
1,19,72,30.0167
1,20,81,28.0179
1,21,92,28.0179
1,22,98,30.0167
1,23,101,28.0179
1,24,103,28.0179
1,25,103,30.0167
1,26,101,28.0179
1,27,98,28.0179
1,28,92,30.0167
1,29,81,30.0167
1,30,89,30.0167
1,31,101,30.0167
1,32,108,28.0179
1,33,111,28.0179
1,34,113,30.0167
1,35,113,28.0179
1,36,111,28.0179
1,37,108,30.0167
1,38,101,28.0179
1,39,89,28.0179
1,40,97,30.0167
1,41,110,28.0179
1,42,118,28.0179
1,43,121,30.0167
1,44,123,28.0179
1,45,123,28.0179
1,46,121,30.0167
1,47,118,28.0179
1,48,110,28.0179
1,49,97,30.0167
1,50,103,28.0179
1,51,116,28.0179
1,52,124,30.0167
1,53,127,28.0179
1,54,128,28.0179
1,55,128,30.0167
1,56,126,28.0179
1,57,122,28.0179
1,58,114,30.0167
1,59,101,30.0167
1,60,104,30.0167
1,61,117,30.0167
1,62,125,28.0179
1,63,129,28.0179
1,64,131,30.0167
1,65,130,28.0179
1,66,127,28.0179
1,67,123,30.0167
1,68,115,28.0179
1,69,102,28.0179
1,70,103,30.0167
1,71,116,28.0179
1,72,124,28.0179
1,73,128,30.0167
1,74,130,28.0179
1,75,130,28.0179
1,76,127,30.0167
1,77,122,28.0179
1,78,114,28.0179
1,79,101,30.0167
1,80,99,28.0179
1,81,112,28.0179
1,82,120,30.0167
1,83,123,28.0179
1,84,125,28.0179
1,85,125,30.0167
1,86,123,28.0179
1,87,119,28.0179
1,88,110,30.0167
1,89,97,30.0167
1,90,91,30.0167
1,91,103,30.0167
1,92,110,28.0179
1,93,113,28.0179
1,94,115,30.0167
1,95,115,28.0179
1,96,113,28.0179
1,97,110,30.0167
1,98,102,28.0179
1,99,89,28.0179
1,100,83,30.0167
1,101,94,28.0179
1,102,100,28.0179
1,103,103,30.0167
1,104,105,28.0179
1,105,105,28.0179
1,106,103,30.0167
1,107,100,28.0179
1,108,93,28.0179
1,109,81,30.0167
1,110,74,28.0179
1,111,84,28.0179
1,112,90,30.0167
1,113,93,28.0179
1,114,95,28.0179
1,115,95,30.0167
1,116,93,28.0179
1,117,90,28.0179
1,118,84,30.0167
1,119,73,30.0167
1,120,65,30.0167
1,121,74,30.0167
1,122,80,28.0179
1,123,83,28.0179
1,124,85,30.0167
1,125,85,28.0179
1,126,83,28.0179
1,127,80,30.0167
1,128,74,28.0179
1,129,64,28.0179
1,130,56,30.0167
1,131,64,30.0167
1.2,0,63,30.024
1.2,1,72,30.024
1.2,2,78,27.6261
1.2,3,81,27.6261
1.2,4,83,30.024
1.2,5,83,27.6261
1.2,6,81,27.6261
1.2,7,78,30.024
1.2,8,72,27.6261
1.2,9,63,27.6261
1.2,10,72,30.024
1.2,11,82,27.6261
1.2,12,88,27.6261
1.2,13,91,30.024
1.2,14,93,27.6261
1.2,15,93,27.6261
1.2,16,91,30.024
1.2,17,88,27.6261
1.2,18,82,27.6261
1.2,19,72,30.024
1.2,20,81,27.6261
1.2,21,92,27.6261
1.2,22,98,30.024
1.2,23,101,27.6261
1.2,24,103,27.6261
1.2,25,103,30.024
1.2,26,101,27.6261
1.2,27,98,27.6261
1.2,28,92,30.024
1.2,29,81,30.024
1.2,30,89,30.024
1.2,31,101,30.024
1.2,32,108,27.6261
1.2,33,111,27.6261
1.2,34,113,30.024
1.2,35,113,27.6261
1.2,36,111,27.6261
1.2,37,108,30.024
1.2,38,101,27.6261
1.2,39,89,27.6261
1.2,40,97,30.024
1.2,41,110,27.6261
1.2,42,118,27.6261
1.2,43,121,30.024
1.2,44,123,27.6261
1.2,45,123,27.6261
1.2,46,121,30.024
1.2,47,118,27.6261
1.2,48,110,27.6261
1.2,49,97,30.024
1.2,50,103,27.6261
1.2,51,116,27.6261
1.2,52,124,30.024
1.2,53,127,27.6261
1.2,54,128,27.6261
1.2,55,128,30.024
1.2,56,126,27.6261
1.2,57,122,27.6261
1.2,58,114,30.024
1.2,59,101,30.024
1.2,60,104,30.024
1.2,61,117,30.024
1.2,62,125,27.6261
1.2,63,129,27.6261
1.2,64,131,30.024
1.2,65,130,27.6261
1.2,66,127,27.6261
1.2,67,123,30.024
1.2,68,115,27.6261
1.2,69,102,27.6261
1.2,70,103,30.024
1.2,71,116,27.6261
1.2,72,124,27.6261
1.2,73,128,30.024
1.2,74,130,27.6261
1.2,75,130,27.6261
1.2,76,127,30.024
1.2,77,122,27.6261
1.2,78,114,27.6261
1.2,79,101,30.024
1.2,80,99,27.6261
1.2,81,112,27.6261
1.2,82,120,30.024
1.2,83,123,27.6261
1.2,84,125,27.6261
1.2,85,125,30.024
1.2,86,123,27.6261
1.2,87,119,27.6261
1.2,88,110,30.024
1.2,89,97,30.024
1.2,90,91,30.024
1.2,91,103,30.024
1.2,92,110,27.6261
1.2,93,113,27.6261
1.2,94,115,30.024
1.2,95,115,27.6261
1.2,96,113,27.6261
1.2,97,110,30.024
1.2,98,102,27.6261
1.2,99,89,27.6261
1.2,100,83,30.024
1.2,101,94,27.6261
1.2,102,100,27.6261
1.2,103,103,30.024
1.2,104,105,27.6261
1.2,105,105,27.6261
1.2,106,103,30.024
1.2,107,100,27.6261
1.2,108,93,27.6261
1.2,109,81,30.024
1.2,110,74,27.6261
1.2,111,84,27.6261
1.2,112,90,30.024
1.2,113,93,27.6261
1.2,114,95,27.6261
1.2,115,95,30.024
1.2,116,93,27.6261
1.2,117,90,27.6261
1.2,118,84,30.024
1.2,119,73,30.024
1.2,120,65,30.024
1.2,121,74,30.024
1.2,122,80,27.6261
1.2,123,83,27.6261
1.2,124,85,30.024
1.2,125,85,27.6261
1.2,126,83,27.6261
1.2,127,80,30.024
1.2,128,74,27.6261
1.2,129,64,27.6261
1.2,130,56,30.024
1.2,131,64,30.024
1.4,0,63,30.0326
1.4,1,72,30.0326
1.4,2,78,27.236
1.4,3,81,27.236
1.4,4,83,30.0326
1.4,5,83,27.236
1.4,6,81,27.236
1.4,7,78,30.0326
1.4,8,72,27.236
1.4,9,63,27.236
1.4,10,72,30.0326
1.4,11,82,27.236
1.4,12,88,27.236
1.4,13,91,30.0326
1.4,14,93,27.236
1.4,15,93,27.236
1.4,16,91,30.0326
1.4,17,88,27.236
1.4,18,82,27.236
1.4,19,72,30.0326
1.4,20,81,27.236
1.4,21,92,27.236
1.4,22,98,30.0326
1.4,23,101,27.236
1.4,24,103,27.236
1.4,25,103,30.0326
1.4,26,101,27.236
1.4,27,98,27.236
1.4,28,92,30.0326
1.4,29,81,30.0326
1.4,30,89,30.0326
1.4,31,101,30.0326
1.4,32,108,27.236
1.4,33,111,27.236
1.4,34,113,30.0326
1.4,35,113,27.236
1.4,36,111,27.236
1.4,37,108,30.0326
1.4,38,101,27.236
1.4,39,89,27.236
1.4,40,97,30.0326
1.4,41,110,27.236
1.4,42,118,27.236
1.4,43,121,30.0326
1.4,44,123,27.236
1.4,45,123,27.236
1.4,46,121,30.0326
1.4,47,118,27.236
1.4,48,110,27.236
1.4,49,97,30.0326
1.4,50,103,27.236
1.4,51,116,27.236
1.4,52,124,30.0326
1.4,53,127,27.236
1.4,54,128,27.236
1.4,55,128,30.0326
1.4,56,126,27.236
1.4,57,122,27.236
1.4,58,114,30.0326
1.4,59,101,30.0326
1.4,60,104,30.0326
1.4,61,117,30.0326
1.4,62,125,27.236
1.4,63,129,27.236
1.4,64,131,30.0326
1.4,65,130,27.236
1.4,66,127,27.236
1.4,67,123,30.0326
1.4,68,115,27.236
1.4,69,102,27.236
1.4,70,103,30.0326
1.4,71,116,27.236
1.4,72,124,27.236
1.4,73,128,30.0326
1.4,74,130,27.236
1.4,75,130,27.236
1.4,76,127,30.0326
1.4,77,122,27.236
1.4,78,114,27.236
1.4,79,101,30.0326
1.4,80,99,27.236
1.4,81,112,27.236
1.4,82,120,30.0326
1.4,83,123,27.236
1.4,84,125,27.236
1.4,85,125,30.0326
1.4,86,123,27.236
1.4,87,119,27.236
1.4,88,110,30.0326
1.4,89,97,30.0326
1.4,90,91,30.0326
1.4,91,103,30.0326
1.4,92,110,27.236
1.4,93,113,27.236
1.4,94,115,30.0326
1.4,95,115,27.236
1.4,96,113,27.236
1.4,97,110,30.0326
1.4,98,102,27.236
1.4,99,89,27.236
1.4,100,83,30.0326
1.4,101,94,27.236
1.4,102,100,27.236
1.4,103,103,30.0326
1.4,104,105,27.236
1.4,105,105,27.236
1.4,106,103,30.0326
1.4,107,100,27.236
1.4,108,93,27.236
1.4,109,81,30.0326
1.4,110,74,27.236
1.4,111,84,27.236
1.4,112,90,30.0326
1.4,113,93,27.236
1.4,114,95,27.236
1.4,115,95,30.0326
1.4,116,93,27.236
1.4,117,90,27.236
1.4,118,84,30.0326
1.4,119,73,30.0326
1.4,120,65,30.0326
1.4,121,74,30.0326
1.4,122,80,27.236
1.4,123,83,27.236
1.4,124,85,30.0326
1.4,125,85,27.236
1.4,126,83,27.236
1.4,127,80,30.0326
1.4,128,74,27.236
1.4,129,64,27.236
1.4,130,56,30.0326
1.4,131,64,30.0326
1.6,0,63,30.0426
1.6,1,72,30.0426
1.6,2,78,26.8477
1.6,3,81,26.8477
1.6,4,83,30.0426
1.6,5,83,26.8477
1.6,6,81,26.8477
1.6,7,78,30.0426
1.6,8,72,26.8477
1.6,9,63,26.8477
1.6,10,72,30.0426
1.6,11,82,26.8477
1.6,12,88,26.8477
1.6,13,91,30.0426
1.6,14,93,26.8477
1.6,15,93,26.8477
1.6,16,91,30.0426
1.6,17,88,26.8477
1.6,18,82,26.8477
1.6,19,72,30.0426
1.6,20,81,26.8477
1.6,21,92,26.8477
1.6,22,98,30.0426
1.6,23,101,26.8477
1.6,24,103,26.8477
1.6,25,103,30.0426
1.6,26,101,26.8477
1.6,27,98,26.8477
1.6,28,92,30.0426
1.6,29,81,30.0426
1.6,30,89,30.0426
1.6,31,101,30.0426
1.6,32,108,26.8477
1.6,33,111,26.8477
1.6,34,113,30.0426
1.6,35,113,26.8477
1.6,36,111,26.8477
1.6,37,108,30.0426
1.6,38,101,26.8477
1.6,39,89,26.8477
1.6,40,97,30.0426
1.6,41,110,26.8477
1.6,42,118,26.8477
1.6,43,121,30.0426
1.6,44,123,26.8477
1.6,45,123,26.8477
1.6,46,121,30.0426
1.6,47,118,26.8477
1.6,48,110,26.8477
1.6,49,97,30.0426
1.6,50,103,26.8477
1.6,51,116,26.8477
1.6,52,124,30.0426
1.6,53,127,26.8477
1.6,54,128,26.8477
1.6,55,128,30.0426
1.6,56,126,26.8477
1.6,57,122,26.8477
1.6,58,114,30.0426
1.6,59,101,30.0426
1.6,60,104,30.0426
1.6,61,117,30.0426
1.6,62,125,26.8477
1.6,63,129,26.8477
1.6,64,131,30.0426
1.6,65,130,26.8477
1.6,66,127,26.8477
1.6,67,123,30.0426
1.6,68,115,26.8477
1.6,69,102,26.8477
1.6,70,103,30.0426
1.6,71,116,26.8477
1.6,72,124,26.8477
1.6,73,128,30.0426
1.6,74,130,26.8477
1.6,75,130,26.8477
1.6,76,127,30.0426
1.6,77,122,26.8477
1.6,78,114,26.8477
1.6,79,101,30.0426
1.6,80,99,26.8477
1.6,81,112,26.8477
1.6,82,120,30.0426
1.6,83,123,26.8477
1.6,84,125,26.8477
1.6,85,125,30.0426
1.6,86,123,26.8477
1.6,87,119,26.8477
1.6,88,110,30.0426
1.6,89,97,30.0426
1.6,90,91,30.0426
1.6,91,103,30.0426
1.6,92,110,26.8477
1.6,93,113,26.8477
1.6,94,115,30.0426
1.6,95,115,26.8477
1.6,96,113,26.8477
1.6,97,110,30.0426
1.6,98,102,26.8477
1.6,99,89,26.8477
1.6,100,83,30.0426
1.6,101,94,26.8477
1.6,102,100,26.8477
1.6,103,103,30.0426
1.6,104,105,26.8477
1.6,105,105,26.8477
1.6,106,103,30.0426
1.6,107,100,26.8477
1.6,108,93,26.8477
1.6,109,81,30.0426
1.6,110,74,26.8477
1.6,111,84,26.8477
1.6,112,90,30.0426
1.6,113,93,26.8477
1.6,114,95,26.8477
1.6,115,95,30.0426
1.6,116,93,26.8477
1.6,117,90,26.8477
1.6,118,84,30.0426
1.6,119,73,30.0426
1.6,120,65,30.0426
1.6,121,74,30.0426
1.6,122,80,26.8477
1.6,123,83,26.8477
1.6,124,85,30.0426
1.6,125,85,26.8477
1.6,126,83,26.8477
1.6,127,80,30.0426
1.6,128,74,26.8477
1.6,129,64,26.8477
1.6,130,56,30.0426
1.6,131,64,30.0426
1.8,0,63,30.054
1.8,1,72,30.054
1.8,2,78,26.4613
1.8,3,81,26.4613
1.8,4,83,30.054
1.8,5,83,26.4613
1.8,6,81,26.4613
1.8,7,78,30.054
1.8,8,72,26.4613
1.8,9,63,26.4613
1.8,10,72,30.054
1.8,11,82,26.4613
1.8,12,88,26.4613
1.8,13,91,30.054
1.8,14,93,26.4613
1.8,15,93,26.4613
1.8,16,91,30.054
1.8,17,88,26.4613
1.8,18,82,26.4613
1.8,19,72,30.054
1.8,20,81,26.4613
1.8,21,92,26.4613
1.8,22,98,30.054
1.8,23,101,26.4613
1.8,24,103,26.4613
1.8,25,103,30.054
1.8,26,101,26.4613
1.8,27,98,26.4613
1.8,28,92,30.054
1.8,29,81,30.054
1.8,30,89,30.054
1.8,31,101,30.054
1.8,32,108,26.4613
1.8,33,111,26.4613
1.8,34,113,30.054
1.8,35,113,26.4613
1.8,36,111,26.4613
1.8,37,108,30.054
1.8,38,101,26.4613
1.8,39,89,26.4613
1.8,40,97,30.054
1.8,41,110,26.4613
1.8,42,118,26.4613
1.8,43,121,30.054
1.8,44,123,26.4613
1.8,45,123,26.4613
1.8,46,121,30.054
1.8,47,118,26.4613
1.8,48,110,26.4613
1.8,49,97,30.054
1.8,50,103,26.4613
1.8,51,116,26.4613
1.8,52,124,30.054
1.8,53,127,26.4613
1.8,54,128,26.4613
1.8,55,128,30.054
1.8,56,126,26.4613
1.8,57,122,26.4613
1.8,58,114,30.054
1.8,59,101,30.054
1.8,60,104,30.054
1.8,61,117,30.054
1.8,62,125,26.4613
1.8,63,129,26.4613
1.8,64,131,30.054
1.8,65,130,26.4613
1.8,66,127,26.4613
1.8,67,123,30.054
1.8,68,115,26.4613
1.8,69,102,26.4613
1.8,70,103,30.054
1.8,71,116,26.4613
1.8,72,124,26.4613
1.8,73,128,30.054
1.8,74,130,26.4613
1.8,75,130,26.4613
1.8,76,127,30.054
1.8,77,122,26.4613
1.8,78,114,26.4613
1.8,79,101,30.054
1.8,80,99,26.4613
1.8,81,112,26.4613
1.8,82,120,30.054
1.8,83,123,26.4613
1.8,84,125,26.4613
1.8,85,125,30.054
1.8,86,123,26.4613
1.8,87,119,26.4613
1.8,88,110,30.054
1.8,89,97,30.054
1.8,90,91,30.054
1.8,91,103,30.054
1.8,92,110,26.4613
1.8,93,113,26.4613
1.8,94,115,30.054
1.8,95,115,26.4613
1.8,96,113,26.4613
1.8,97,110,30.054
1.8,98,102,26.4613
1.8,99,89,26.4613
1.8,100,83,30.054
1.8,101,94,26.4613
1.8,102,100,26.4613
1.8,103,103,30.054
1.8,104,105,26.4613
1.8,105,105,26.4613
1.8,106,103,30.054
1.8,107,100,26.4613
1.8,108,93,26.4613
1.8,109,81,30.054
1.8,110,74,26.4613
1.8,111,84,26.4613
1.8,112,90,30.054
1.8,113,93,26.4613
1.8,114,95,26.4613
1.8,115,95,30.054
1.8,116,93,26.4613
1.8,117,90,26.4613
1.8,118,84,30.054
1.8,119,73,30.054
1.8,120,65,30.054
1.8,121,74,30.054
1.8,122,80,26.4613
1.8,123,83,26.4613
1.8,124,85,30.054
1.8,125,85,26.4613
1.8,126,83,26.4613
1.8,127,80,30.054
1.8,128,74,26.4613
1.8,129,64,26.4613
1.8,130,56,30.054
1.8,131,64,30.054
2,0,63,30.0666
2,1,72,30.0666
2,2,78,26.0768
2,3,81,26.0768
2,4,83,30.0666
2,5,83,26.0768
2,6,81,26.0768
2,7,78,30.0666
2,8,72,26.0768
2,9,63,26.0768
2,10,72,30.0666
2,11,82,26.0768
2,12,88,26.0768
2,13,91,30.0666
2,14,93,26.0768
2,15,93,26.0768
2,16,91,30.0666
2,17,88,26.0768
2,18,82,26.0768
2,19,72,30.0666
2,20,81,26.0768
2,21,92,26.0768
2,22,98,30.0666
2,23,101,26.0768
2,24,103,26.0768
2,25,103,30.0666
2,26,101,26.0768
2,27,98,26.0768
2,28,92,30.0666
2,29,81,30.0666
2,30,89,30.0666
2,31,101,30.0666
2,32,108,26.0768
2,33,111,26.0768
2,34,113,30.0666
2,35,113,26.0768
2,36,111,26.0768
2,37,108,30.0666
2,38,101,26.0768
2,39,89,26.0768
2,40,97,30.0666
2,41,110,26.0768
2,42,118,26.0768
2,43,121,30.0666
2,44,123,26.0768
2,45,123,26.0768
2,46,121,30.0666
2,47,118,26.0768
2,48,110,26.0768
2,49,97,30.0666
2,50,103,26.0768
2,51,116,26.0768
2,52,124,30.0666
2,53,127,26.0768
2,54,128,26.0768
2,55,128,30.0666
2,56,126,26.0768
2,57,122,26.0768
2,58,114,30.0666
2,59,101,30.0666
2,60,104,30.0666
2,61,117,30.0666
2,62,125,26.0768
2,63,129,26.0768
2,64,131,30.0666
2,65,130,26.0768
2,66,127,26.0768
2,67,123,30.0666
2,68,115,26.0768
2,69,102,26.0768
2,70,103,30.0666
2,71,116,26.0768
2,72,124,26.0768
2,73,128,30.0666
2,74,130,26.0768
2,75,130,26.0768
2,76,127,30.0666
2,77,122,26.0768
2,78,114,26.0768
2,79,101,30.0666
2,80,99,26.0768
2,81,112,26.0768
2,82,120,30.0666
2,83,123,26.0768
2,84,125,26.0768
2,85,125,30.0666
2,86,123,26.0768
2,87,119,26.0768
2,88,110,30.0666
2,89,97,30.0666
2,90,91,30.0666
2,91,103,30.0666
2,92,110,26.0768
2,93,113,26.0768
2,94,115,30.0666
2,95,115,26.0768
2,96,113,26.0768
2,97,110,30.0666
2,98,102,26.0768
2,99,89,26.0768
2,100,83,30.0666
2,101,94,26.0768
2,102,100,26.0768
2,103,103,30.0666
2,104,105,26.0768
2,105,105,26.0768
2,106,103,30.0666
2,107,100,26.0768
2,108,93,26.0768
2,109,81,30.0666
2,110,74,26.0768
2,111,84,26.0768
2,112,90,30.0666
2,113,93,26.0768
2,114,95,26.0768
2,115,95,30.0666
2,116,93,26.0768
2,117,90,26.0768
2,118,84,30.0666
2,119,73,30.0666
2,120,65,30.0666
2,121,74,30.0666
2,122,80,26.0768
2,123,83,26.0768
2,124,85,30.0666
2,125,85,26.0768
2,126,83,26.0768
2,127,80,30.0666
2,128,74,26.0768
2,129,64,26.0768
2,130,56,30.0666
2,131,64,30.0666
2.2,0,63,30.0806
2.2,1,72,30.0806
2.2,2,78,25.6944
2.2,3,81,25.6944
2.2,4,83,30.0806
2.2,5,83,25.6944
2.2,6,81,25.6944
2.2,7,78,30.0806
2.2,8,72,25.6944
2.2,9,63,25.6944
2.2,10,72,30.0806
2.2,11,82,25.6944
2.2,12,88,25.6944
2.2,13,91,30.0806
2.2,14,93,25.6944
2.2,15,93,25.6944
2.2,16,91,30.0806
2.2,17,88,25.6944
2.2,18,82,25.6944
2.2,19,72,30.0806
2.2,20,81,25.6944
2.2,21,92,25.6944
2.2,22,98,30.0806
2.2,23,101,25.6944
2.2,24,103,25.6944
2.2,25,103,30.0806
2.2,26,101,25.6944
2.2,27,98,25.6944
2.2,28,92,30.0806
2.2,29,81,30.0806
2.2,30,89,30.0806
2.2,31,101,30.0806
2.2,32,108,25.6944
2.2,33,111,25.6944
2.2,34,113,30.0806
2.2,35,113,25.6944
2.2,36,111,25.6944
2.2,37,108,30.0806
2.2,38,101,25.6944
2.2,39,89,25.6944
2.2,40,97,30.0806
2.2,41,110,25.6944
2.2,42,118,25.6944
2.2,43,121,30.0806
2.2,44,123,25.6944
2.2,45,123,25.6944
2.2,46,121,30.0806
2.2,47,118,25.6944
2.2,48,110,25.6944
2.2,49,97,30.0806
2.2,50,103,25.6944
2.2,51,116,25.6944
2.2,52,124,30.0806
2.2,53,127,25.6944
2.2,54,128,25.6944
2.2,55,128,30.0806
2.2,56,126,25.6944
2.2,57,122,25.6944
2.2,58,114,30.0806
2.2,59,101,30.0806
2.2,60,104,30.0806
2.2,61,117,30.0806
2.2,62,125,25.6944
2.2,63,129,25.6944
2.2,64,131,30.0806
2.2,65,130,25.6944
2.2,66,127,25.6944
2.2,67,123,30.0806
2.2,68,115,25.6944
2.2,69,102,25.6944
2.2,70,103,30.0806
2.2,71,116,25.6944
2.2,72,124,25.6944
2.2,73,128,30.0806
2.2,74,130,25.6944
2.2,75,130,25.6944
2.2,76,127,30.0806
2.2,77,122,25.6944
2.2,78,114,25.6944
2.2,79,101,30.0806
2.2,80,99,25.6944
2.2,81,112,25.6944
2.2,82,120,30.0806
2.2,83,123,25.6944
2.2,84,125,25.6944
2.2,85,125,30.0806
2.2,86,123,25.6944
2.2,87,119,25.6944
2.2,88,110,30.0806
2.2,89,97,30.0806
2.2,90,91,30.0806
2.2,91,103,30.0806
2.2,92,110,25.6944
2.2,93,113,25.6944
2.2,94,115,30.0806
2.2,95,115,25.6944
2.2,96,113,25.6944
2.2,97,110,30.0806
2.2,98,102,25.6944
2.2,99,89,25.6944
2.2,100,83,30.0806
2.2,101,94,25.6944
2.2,102,100,25.6944
2.2,103,103,30.0806
2.2,104,105,25.6944
2.2,105,105,25.6944
2.2,106,103,30.0806
2.2,107,100,25.6944
2.2,108,93,25.6944
2.2,109,81,30.0806
2.2,110,74,25.6944
2.2,111,84,25.6944
2.2,112,90,30.0806
2.2,113,93,25.6944
2.2,114,95,25.6944
2.2,115,95,30.0806
2.2,116,93,25.6944
2.2,117,90,25.6944
2.2,118,84,30.0806
2.2,119,73,30.0806
2.2,120,65,30.0806
2.2,121,74,30.0806
2.2,122,80,25.6944
2.2,123,83,25.6944
2.2,124,85,30.0806
2.2,125,85,25.6944
2.2,126,83,25.6944
2.2,127,80,30.0806
2.2,128,74,25.6944
2.2,129,64,25.6944
2.2,130,56,30.0806
2.2,131,64,30.0806
2.4,0,63,30.0958
2.4,1,72,30.0958
2.4,2,78,25.314
2.4,3,81,25.314
2.4,4,83,30.0958
2.4,5,83,25.314
2.4,6,81,25.314
2.4,7,78,30.0958
2.4,8,72,25.314
2.4,9,63,25.314
2.4,10,72,30.0958
2.4,11,82,25.314
2.4,12,88,25.314
2.4,13,91,30.0958
2.4,14,93,25.314
2.4,15,93,25.314
2.4,16,91,30.0958
2.4,17,88,25.314
2.4,18,82,25.314
2.4,19,72,30.0958
2.4,20,81,25.314
2.4,21,92,25.314
2.4,22,98,30.0958
2.4,23,101,25.314
2.4,24,103,25.314
2.4,25,103,30.0958
2.4,26,101,25.314
2.4,27,98,25.314
2.4,28,92,30.0958
2.4,29,81,30.0958
2.4,30,89,30.0958
2.4,31,101,30.0958
2.4,32,108,25.314
2.4,33,111,25.314
2.4,34,113,30.0958
2.4,35,113,25.314
2.4,36,111,25.314
2.4,37,108,30.0958
2.4,38,101,25.314
2.4,39,89,25.314
2.4,40,97,30.0958
2.4,41,110,25.314
2.4,42,118,25.314
2.4,43,121,30.0958
2.4,44,123,25.314
2.4,45,123,25.314
2.4,46,121,30.0958
2.4,47,118,25.314
2.4,48,110,25.314
2.4,49,97,30.0958
2.4,50,103,25.314
2.4,51,116,25.314
2.4,52,124,30.0958
2.4,53,127,25.314
2.4,54,128,25.314
2.4,55,128,30.0958
2.4,56,126,25.314
2.4,57,122,25.314
2.4,58,114,30.0958
2.4,59,101,30.0958
2.4,60,104,30.0958
2.4,61,117,30.0958
2.4,62,125,25.314
2.4,63,129,25.314
2.4,64,131,30.0958
2.4,65,130,25.314
2.4,66,127,25.314
2.4,67,123,30.0958
2.4,68,115,25.314
2.4,69,102,25.314
2.4,70,103,30.0958
2.4,71,116,25.314
2.4,72,124,25.314
2.4,73,128,30.0958
2.4,74,130,25.314
2.4,75,130,25.314
2.4,76,127,30.0958
2.4,77,122,25.314
2.4,78,114,25.314
2.4,79,101,30.0958
2.4,80,99,25.314
2.4,81,112,25.314
2.4,82,120,30.0958
2.4,83,123,25.314
2.4,84,125,25.314
2.4,85,125,30.0958
2.4,86,123,25.314
2.4,87,119,25.314
2.4,88,110,30.0958
2.4,89,97,30.0958
2.4,90,91,30.0958
2.4,91,103,30.0958
2.4,92,110,25.314
2.4,93,113,25.314
2.4,94,115,30.0958
2.4,95,115,25.314
2.4,96,113,25.314
2.4,97,110,30.0958
2.4,98,102,25.314
2.4,99,89,25.314
2.4,100,83,30.0958
2.4,101,94,25.314
2.4,102,100,25.314
2.4,103,103,30.0958
2.4,104,105,25.314
2.4,105,105,25.314
2.4,106,103,30.0958
2.4,107,100,25.314
2.4,108,93,25.314
2.4,109,81,30.0958
2.4,110,74,25.314
2.4,111,84,25.314
2.4,112,90,30.0958
2.4,113,93,25.314
2.4,114,95,25.314
2.4,115,95,30.0958
2.4,116,93,25.314
2.4,117,90,25.314
2.4,118,84,30.0958
2.4,119,73,30.0958
2.4,120,65,30.0958
2.4,121,74,30.0958
2.4,122,80,25.314
2.4,123,83,25.314
2.4,124,85,30.0958
2.4,125,85,25.314
2.4,126,83,25.314
2.4,127,80,30.0958
2.4,128,74,25.314
2.4,129,64,25.314
2.4,130,56,30.0958
2.4,131,64,30.0958
2.6,0,63,30.1125
2.6,1,72,30.1125
2.6,2,78,24.9359
2.6,3,81,24.9359
2.6,4,83,30.1125
2.6,5,83,24.9359
2.6,6,81,24.9359
2.6,7,78,30.1125
2.6,8,72,24.9359
2.6,9,63,24.9359
2.6,10,72,30.1125
2.6,11,82,24.9359
2.6,12,88,24.9359
2.6,13,91,30.1125
2.6,14,93,24.9359
2.6,15,93,24.9359
2.6,16,91,30.1125
2.6,17,88,24.9359
2.6,18,82,24.9359
2.6,19,72,30.1125
2.6,20,81,24.9359
2.6,21,92,24.9359
2.6,22,98,30.1125
2.6,23,101,24.9359
2.6,24,103,24.9359
2.6,25,103,30.1125
2.6,26,101,24.9359
2.6,27,98,24.9359
2.6,28,92,30.1125
2.6,29,81,30.1125
2.6,30,89,30.1125
2.6,31,101,30.1125
2.6,32,108,24.9359
2.6,33,111,24.9359
2.6,34,113,30.1125
2.6,35,113,24.9359
2.6,36,111,24.9359
2.6,37,108,30.1125
2.6,38,101,24.9359
2.6,39,89,24.9359
2.6,40,97,30.1125
2.6,41,110,24.9359
2.6,42,118,24.9359
2.6,43,121,30.1125
2.6,44,123,24.9359
2.6,45,123,24.9359
2.6,46,121,30.1125
2.6,47,118,24.9359
2.6,48,110,24.9359
2.6,49,97,30.1125
2.6,50,103,24.9359
2.6,51,116,24.9359
2.6,52,124,30.1125
2.6,53,127,24.9359
2.6,54,128,24.9359
2.6,55,128,30.1125
2.6,56,126,24.9359
2.6,57,122,24.9359
2.6,58,114,30.1125
2.6,59,101,30.1125
2.6,60,104,30.1125
2.6,61,117,30.1125
2.6,62,125,24.9359
2.6,63,129,24.9359
2.6,64,131,30.1125
2.6,65,130,24.9359
2.6,66,127,24.9359
2.6,67,123,30.1125
2.6,68,115,24.9359
2.6,69,102,24.9359
2.6,70,103,30.1125
2.6,71,116,24.9359
2.6,72,124,24.9359
2.6,73,128,30.1125
2.6,74,130,24.9359
2.6,75,130,24.9359
2.6,76,127,30.1125
2.6,77,122,24.9359
2.6,78,114,24.9359
2.6,79,101,30.1125
2.6,80,99,24.9359
2.6,81,112,24.9359
2.6,82,120,30.1125
2.6,83,123,24.9359
2.6,84,125,24.9359
2.6,85,125,30.1125
2.6,86,123,24.9359
2.6,87,119,24.9359
2.6,88,110,30.1125
2.6,89,97,30.1125
2.6,90,91,30.1125
2.6,91,103,30.1125
2.6,92,110,24.9359
2.6,93,113,24.9359
2.6,94,115,30.1125
2.6,95,115,24.9359
2.6,96,113,24.9359
2.6,97,110,30.1125
2.6,98,102,24.9359
2.6,99,89,24.9359
2.6,100,83,30.1125
2.6,101,94,24.9359
2.6,102,100,24.9359
2.6,103,103,30.1125
2.6,104,105,24.9359
2.6,105,105,24.9359
2.6,106,103,30.1125
2.6,107,100,24.9359
2.6,108,93,24.9359
2.6,109,81,30.1125
2.6,110,74,24.9359
2.6,111,84,24.9359
2.6,112,90,30.1125
2.6,113,93,24.9359
2.6,114,95,24.9359
2.6,115,95,30.1125
2.6,116,93,24.9359
2.6,117,90,24.9359
2.6,118,84,30.1125
2.6,119,73,30.1125
2.6,120,65,30.1125
2.6,121,74,30.1125
2.6,122,80,24.9359
2.6,123,83,24.9359
2.6,124,85,30.1125
2.6,125,85,24.9359
2.6,126,83,24.9359
2.6,127,80,30.1125
2.6,128,74,24.9359
2.6,129,64,24.9359
2.6,130,56,30.1125
2.6,131,64,30.1125
2.8,0,62,30.1304
2.8,1,71,30.1304
2.8,2,78,24.5601
2.8,3,81,24.5601
2.8,4,83,30.1304
2.8,5,83,24.5601
2.8,6,81,24.5601
2.8,7,78,30.1304
2.8,8,72,24.5601
2.8,9,63,24.5601
2.8,10,71,30.1304
2.8,11,82,24.5601
2.8,12,88,24.5601
2.8,13,91,30.1304
2.8,14,93,24.5601
2.8,15,93,24.5601
2.8,16,91,30.1304
2.8,17,88,24.5601
2.8,18,82,24.5601
2.8,19,72,30.1304
2.8,20,81,24.5601
2.8,21,91,24.5601
2.8,22,98,30.1304
2.8,23,101,24.5601
2.8,24,103,24.5601
2.8,25,103,30.1304
2.8,26,101,24.5601
2.8,27,98,24.5601
2.8,28,91,30.1304
2.8,29,80,30.1304
2.8,30,88,30.1304
2.8,31,100,30.1304
2.8,32,108,24.5601
2.8,33,111,24.5601
2.8,34,113,30.1304
2.8,35,113,24.5601
2.8,36,111,24.5601
2.8,37,108,30.1304
2.8,38,100,24.5601
2.8,39,89,24.5601
2.8,40,96,30.1304
2.8,41,110,24.5601
2.8,42,118,24.5601
2.8,43,121,30.1304
2.8,44,123,24.5601
2.8,45,123,24.5601
2.8,46,121,30.1304
2.8,47,118,24.5601
2.8,48,110,24.5601
2.8,49,96,30.1304
2.8,50,103,24.5601
2.8,51,115,24.5601
2.8,52,124,30.1304
2.8,53,127,24.5601
2.8,54,128,24.5601
2.8,55,128,30.1304
2.8,56,126,24.5601
2.8,57,122,24.5601
2.8,58,113,30.1304
2.8,59,100,30.1304
2.8,60,103,30.1304
2.8,61,116,30.1304
2.8,62,125,24.5601
2.8,63,129,24.5601
2.8,64,131,30.1304
2.8,65,130,24.5601
2.8,66,127,24.5601
2.8,67,123,30.1304
2.8,68,114,24.5601
2.8,69,102,24.5601
2.8,70,102,30.1304
2.8,71,116,24.5601
2.8,72,124,24.5601
2.8,73,128,30.1304
2.8,74,130,24.5601
2.8,75,130,24.5601
2.8,76,127,30.1304
2.8,77,122,24.5601
2.8,78,114,24.5601
2.8,79,100,30.1304
2.8,80,99,24.5601
2.8,81,111,24.5601
2.8,82,120,30.1304
2.8,83,123,24.5601
2.8,84,125,24.5601
2.8,85,125,30.1304
2.8,86,123,24.5601
2.8,87,119,24.5601
2.8,88,109,30.1304
2.8,89,96,30.1304
2.8,90,90,30.1304
2.8,91,102,30.1304
2.8,92,110,24.5601
2.8,93,113,24.5601
2.8,94,115,30.1304
2.8,95,115,24.5601
2.8,96,113,24.5601
2.8,97,110,30.1304
2.8,98,101,24.5601
2.8,99,89,24.5601
2.8,100,82,30.1304
2.8,101,94,24.5601
2.8,102,100,24.5601
2.8,103,103,30.1304
2.8,104,105,24.5601
2.8,105,105,24.5601
2.8,106,103,30.1304
2.8,107,100,24.5601
2.8,108,93,24.5601
2.8,109,80,30.1304
2.8,110,74,24.5601
2.8,111,84,24.5601
2.8,112,90,30.1304
2.8,113,93,24.5601
2.8,114,95,24.5601
2.8,115,95,30.1304
2.8,116,93,24.5601
2.8,117,90,24.5601
2.8,118,83,30.1304
2.8,119,72,30.1304
2.8,120,65,30.1304
2.8,121,74,30.1304
2.8,122,80,24.5601
2.8,123,83,24.5601
2.8,124,85,30.1304
2.8,125,85,24.5601
2.8,126,83,24.5601
2.8,127,80,30.1304
2.8,128,73,24.5601
2.8,129,64,24.5601
2.8,130,56,30.1304
2.8,131,64,30.1304
3,0,62,30.1496
3,1,71,30.1496
3,2,78,24.1868
3,3,81,24.1868
3,4,83,30.1496
3,5,83,24.1868
3,6,81,24.1868
3,7,78,30.1496
3,8,72,24.1868
3,9,63,24.1868
3,10,71,30.1496
3,11,82,24.1868
3,12,88,24.1868
3,13,91,30.1496
3,14,93,24.1868
3,15,93,24.1868
3,16,91,30.1496
3,17,88,24.1868
3,18,82,24.1868
3,19,72,30.1496
3,20,81,24.1868
3,21,91,24.1868
3,22,98,30.1496
3,23,101,24.1868
3,24,103,24.1868
3,25,103,30.1496
3,26,101,24.1868
3,27,98,24.1868
3,28,91,30.1496
3,29,80,30.1496
3,30,88,30.1496
3,31,100,30.1496
3,32,108,24.1868
3,33,111,24.1868
3,34,113,30.1496
3,35,113,24.1868
3,36,111,24.1868
3,37,108,30.1496
3,38,100,24.1868
3,39,89,24.1868
3,40,96,30.1496
3,41,110,24.1868
3,42,118,24.1868
3,43,121,30.1496
3,44,123,24.1868
3,45,123,24.1868
3,46,121,30.1496
3,47,118,24.1868
3,48,110,24.1868
3,49,96,30.1496
3,50,103,24.1868
3,51,115,24.1868
3,52,124,30.1496
3,53,127,24.1868
3,54,128,24.1868
3,55,128,30.1496
3,56,126,24.1868
3,57,122,24.1868
3,58,113,30.1496
3,59,100,30.1496
3,60,103,30.1496
3,61,116,30.1496
3,62,125,24.1868
3,63,129,24.1868
3,64,131,30.1496
3,65,130,24.1868
3,66,127,24.1868
3,67,123,30.1496
3,68,114,24.1868
3,69,102,24.1868
3,70,102,30.1496
3,71,116,24.1868
3,72,124,24.1868
3,73,128,30.1496
3,74,130,24.1868
3,75,130,24.1868
3,76,127,30.1496
3,77,122,24.1868
3,78,114,24.1868
3,79,100,30.1496
3,80,99,24.1868
3,81,111,24.1868
3,82,120,30.1496
3,83,123,24.1868
3,84,125,24.1868
3,85,125,30.1496
3,86,123,24.1868
3,87,119,24.1868
3,88,109,30.1496
3,89,96,30.1496
3,90,90,30.1496
3,91,102,30.1496
3,92,110,24.1868
3,93,113,24.1868
3,94,115,30.1496
3,95,115,24.1868
3,96,113,24.1868
3,97,110,30.1496
3,98,101,24.1868
3,99,89,24.1868
3,100,82,30.1496
3,101,94,24.1868
3,102,100,24.1868
3,103,103,30.1496
3,104,105,24.1868
3,105,105,24.1868
3,106,103,30.1496
3,107,100,24.1868
3,108,93,24.1868
3,109,80,30.1496
3,110,74,24.1868
3,111,84,24.1868
3,112,90,30.1496
3,113,93,24.1868
3,114,95,24.1868
3,115,95,30.1496
3,116,93,24.1868
3,117,90,24.1868
3,118,83,30.1496
3,119,72,30.1496
3,120,65,30.1496
3,121,74,30.1496
3,122,80,24.1868
3,123,83,24.1868
3,124,85,30.1496
3,125,85,24.1868
3,126,83,24.1868
3,127,80,30.1496
3,128,73,24.1868
3,129,64,24.1868
3,130,56,30.1496
3,131,64,30.1496
3.2,0,62,30.1702
3.2,1,71,30.1702
3.2,2,78,23.816
3.2,3,81,23.816
3.2,4,83,30.1702
3.2,5,83,23.816
3.2,6,81,23.816
3.2,7,78,30.1702
3.2,8,72,23.816
3.2,9,63,23.816
3.2,10,71,30.1702
3.2,11,82,23.816
3.2,12,88,23.816
3.2,13,91,30.1702
3.2,14,93,23.816
3.2,15,93,23.816
3.2,16,91,30.1702
3.2,17,88,23.816
3.2,18,82,23.816
3.2,19,72,30.1702
3.2,20,81,23.816
3.2,21,91,23.816
3.2,22,98,30.1702
3.2,23,101,23.816
3.2,24,103,23.816
3.2,25,103,30.1702
3.2,26,101,23.816
3.2,27,98,23.816
3.2,28,91,30.1702
3.2,29,80,30.1702
3.2,30,88,30.1702
3.2,31,100,30.1702
3.2,32,108,23.816
3.2,33,111,23.816
3.2,34,113,30.1702
3.2,35,113,23.816
3.2,36,111,23.816
3.2,37,108,30.1702
3.2,38,100,23.816
3.2,39,89,23.816
3.2,40,96,30.1702
3.2,41,110,23.816
3.2,42,118,23.816
3.2,43,121,30.1702
3.2,44,123,23.816
3.2,45,123,23.816
3.2,46,121,30.1702
3.2,47,118,23.816
3.2,48,110,23.816
3.2,49,96,30.1702
3.2,50,103,23.816
3.2,51,115,23.816
3.2,52,124,30.1702
3.2,53,127,23.816
3.2,54,128,23.816
3.2,55,128,30.1702
3.2,56,126,23.816
3.2,57,122,23.816
3.2,58,113,30.1702
3.2,59,100,30.1702
3.2,60,103,30.1702
3.2,61,116,30.1702
3.2,62,125,23.816
3.2,63,129,23.816
3.2,64,131,30.1702
3.2,65,130,23.816
3.2,66,127,23.816
3.2,67,123,30.1702
3.2,68,114,23.816
3.2,69,102,23.816
3.2,70,102,30.1702
3.2,71,116,23.816
3.2,72,124,23.816
3.2,73,128,30.1702
3.2,74,130,23.816
3.2,75,130,23.816
3.2,76,127,30.1702
3.2,77,122,23.816
3.2,78,114,23.816
3.2,79,100,30.1702
3.2,80,99,23.816
3.2,81,111,23.816
3.2,82,120,30.1702
3.2,83,123,23.816
3.2,84,125,23.816
3.2,85,125,30.1702
3.2,86,123,23.816
3.2,87,119,23.816
3.2,88,109,30.1702
3.2,89,96,30.1702
3.2,90,90,30.1702
3.2,91,102,30.1702
3.2,92,110,23.816
3.2,93,113,23.816
3.2,94,115,30.1702
3.2,95,115,23.816
3.2,96,113,23.816
3.2,97,110,30.1702
3.2,98,101,23.816
3.2,99,89,23.816
3.2,100,82,30.1702
3.2,101,94,23.816
3.2,102,100,23.816
3.2,103,103,30.1702
3.2,104,105,23.816
3.2,105,105,23.816
3.2,106,103,30.1702
3.2,107,100,23.816
3.2,108,93,23.816
3.2,109,80,30.1702
3.2,110,74,23.816
3.2,111,84,23.816
3.2,112,90,30.1702
3.2,113,93,23.816
3.2,114,95,23.816
3.2,115,95,30.1702
3.2,116,93,23.816
3.2,117,90,23.816
3.2,118,83,30.1702
3.2,119,72,30.1702
3.2,120,65,30.1702
3.2,121,74,30.1702
3.2,122,80,23.816
3.2,123,83,23.816
3.2,124,85,30.1702
3.2,125,85,23.816
3.2,126,83,23.816
3.2,127,80,30.1702
3.2,128,73,23.816
3.2,129,64,23.816
3.2,130,56,30.1702
3.2,131,64,30.1702
3.4,0,62,30.1921
3.4,1,71,30.1921
3.4,2,78,23.4478
3.4,3,81,23.4478
3.4,4,83,30.1921
3.4,5,83,23.4478
3.4,6,81,23.4478
3.4,7,78,30.1921
3.4,8,72,23.4478
3.4,9,63,23.4478
3.4,10,71,30.1921
3.4,11,82,23.4478
3.4,12,88,23.4478
3.4,13,91,30.1921
3.4,14,93,23.4478
3.4,15,93,23.4478
3.4,16,91,30.1921
3.4,17,88,23.4478
3.4,18,82,23.4478
3.4,19,72,30.1921
3.4,20,81,23.4478
3.4,21,91,23.4478
3.4,22,98,30.1921
3.4,23,101,23.4478
3.4,24,103,23.4478
3.4,25,103,30.1921
3.4,26,101,23.4478
3.4,27,98,23.4478
3.4,28,91,30.1921
3.4,29,80,30.1921
3.4,30,88,30.1921
3.4,31,100,30.1921
3.4,32,108,23.4478
3.4,33,111,23.4478
3.4,34,113,30.1921
3.4,35,113,23.4478
3.4,36,111,23.4478
3.4,37,108,30.1921
3.4,38,100,23.4478
3.4,39,89,23.4478
3.4,40,96,30.1921
3.4,41,110,23.4478
3.4,42,118,23.4478
3.4,43,121,30.1921
3.4,44,123,23.4478
3.4,45,123,23.4478
3.4,46,121,30.1921
3.4,47,118,23.4478
3.4,48,110,23.4478
3.4,49,96,30.1921
3.4,50,103,23.4478
3.4,51,115,23.4478
3.4,52,124,30.1921
3.4,53,127,23.4478
3.4,54,128,23.4478
3.4,55,128,30.1921
3.4,56,126,23.4478
3.4,57,122,23.4478
3.4,58,113,30.1921
3.4,59,100,30.1921
3.4,60,103,30.1921
3.4,61,116,30.1921
3.4,62,125,23.4478
3.4,63,129,23.4478
3.4,64,131,30.1921
3.4,65,130,23.4478
3.4,66,127,23.4478
3.4,67,123,30.1921
3.4,68,114,23.4478
3.4,69,102,23.4478
3.4,70,102,30.1921
3.4,71,116,23.4478
3.4,72,124,23.4478
3.4,73,128,30.1921
3.4,74,130,23.4478
3.4,75,130,23.4478
3.4,76,127,30.1921
3.4,77,122,23.4478
3.4,78,114,23.4478
3.4,79,100,30.1921
3.4,80,99,23.4478
3.4,81,111,23.4478
3.4,82,120,30.1921
3.4,83,123,23.4478
3.4,84,125,23.4478
3.4,85,125,30.1921
3.4,86,123,23.4478
3.4,87,119,23.4478
3.4,88,109,30.1921
3.4,89,96,30.1921
3.4,90,90,30.1921
3.4,91,102,30.1921
3.4,92,110,23.4478
3.4,93,113,23.4478
3.4,94,115,30.1921
3.4,95,115,23.4478
3.4,96,113,23.4478
3.4,97,110,30.1921
3.4,98,101,23.4478
3.4,99,89,23.4478
3.4,100,82,30.1921
3.4,101,94,23.4478
3.4,102,100,23.4478
3.4,103,103,30.1921
3.4,104,105,23.4478
3.4,105,105,23.4478
3.4,106,103,30.1921
3.4,107,100,23.4478
3.4,108,93,23.4478
3.4,109,80,30.1921
3.4,110,74,23.4478
3.4,111,84,23.4478
3.4,112,90,30.1921
3.4,113,93,23.4478
3.4,114,95,23.4478
3.4,115,95,30.1921
3.4,116,93,23.4478
3.4,117,90,23.4478
3.4,118,83,30.1921
3.4,119,72,30.1921
3.4,120,65,30.1921
3.4,121,74,30.1921
3.4,122,80,23.4478
3.4,123,83,23.4478
3.4,124,85,30.1921
3.4,125,85,23.4478
3.4,126,83,23.4478
3.4,127,80,30.1921
3.4,128,73,23.4478
3.4,129,64,23.4478
3.4,130,56,30.1921
3.4,131,64,30.1921
3.6,0,62,30.2152
3.6,1,71,30.2152
3.6,2,78,23.0825
3.6,3,81,23.0825
3.6,4,83,30.2152
3.6,5,83,23.0825
3.6,6,81,23.0825
3.6,7,78,30.2152
3.6,8,72,23.0825
3.6,9,63,23.0825
3.6,10,71,30.2152
3.6,11,82,23.0825
3.6,12,88,23.0825
3.6,13,91,30.2152
3.6,14,93,23.0825
3.6,15,93,23.0825
3.6,16,91,30.2152
3.6,17,88,23.0825
3.6,18,82,23.0825
3.6,19,72,30.2152
3.6,20,81,23.0825
3.6,21,91,23.0825
3.6,22,98,30.2152
3.6,23,101,23.0825
3.6,24,103,23.0825
3.6,25,103,30.2152
3.6,26,101,23.0825
3.6,27,98,23.0825
3.6,28,91,30.2152
3.6,29,80,30.2152
3.6,30,88,30.2152
3.6,31,100,30.2152
3.6,32,108,23.0825
3.6,33,111,23.0825
3.6,34,113,30.2152
3.6,35,113,23.0825
3.6,36,111,23.0825
3.6,37,108,30.2152
3.6,38,100,23.0825
3.6,39,89,23.0825
3.6,40,96,30.2152
3.6,41,110,23.0825
3.6,42,118,23.0825
3.6,43,121,30.2152
3.6,44,123,23.0825
3.6,45,123,23.0825
3.6,46,121,30.2152
3.6,47,118,23.0825
3.6,48,110,23.0825
3.6,49,96,30.2152
3.6,50,103,23.0825
3.6,51,115,23.0825
3.6,52,124,30.2152
3.6,53,127,23.0825
3.6,54,128,23.0825
3.6,55,128,30.2152
3.6,56,126,23.0825
3.6,57,122,23.0825
3.6,58,113,30.2152
3.6,59,100,30.2152
3.6,60,103,30.2152
3.6,61,116,30.2152
3.6,62,125,23.0825
3.6,63,129,23.0825
3.6,64,131,30.2152
3.6,65,130,23.0825
3.6,66,127,23.0825
3.6,67,123,30.2152
3.6,68,114,23.0825
3.6,69,102,23.0825
3.6,70,102,30.2152
3.6,71,116,23.0825
3.6,72,124,23.0825
3.6,73,128,30.2152
3.6,74,130,23.0825
3.6,75,130,23.0825
3.6,76,127,30.2152
3.6,77,122,23.0825
3.6,78,114,23.0825
3.6,79,100,30.2152
3.6,80,99,23.0825
3.6,81,111,23.0825
3.6,82,120,30.2152
3.6,83,123,23.0825
3.6,84,125,23.0825
3.6,85,125,30.2152
3.6,86,123,23.0825
3.6,87,119,23.0825
3.6,88,109,30.2152
3.6,89,96,30.2152
3.6,90,90,30.2152
3.6,91,102,30.2152
3.6,92,110,23.0825
3.6,93,113,23.0825
3.6,94,115,30.2152
3.6,95,115,23.0825
3.6,96,113,23.0825
3.6,97,110,30.2152
3.6,98,101,23.0825
3.6,99,89,23.0825
3.6,100,82,30.2152
3.6,101,94,23.0825
3.6,102,100,23.0825
3.6,103,103,30.2152
3.6,104,105,23.0825
3.6,105,105,23.0825
3.6,106,103,30.2152
3.6,107,100,23.0825
3.6,108,93,23.0825
3.6,109,80,30.2152
3.6,110,74,23.0825
3.6,111,84,23.0825
3.6,112,90,30.2152
3.6,113,93,23.0825
3.6,114,95,23.0825
3.6,115,95,30.2152
3.6,116,93,23.0825
3.6,117,90,23.0825
3.6,118,83,30.2152
3.6,119,72,30.2152
3.6,120,65,30.2152
3.6,121,74,30.2152
3.6,122,80,23.0825
3.6,123,83,23.0825
3.6,124,85,30.2152
3.6,125,85,23.0825
3.6,126,83,23.0825
3.6,127,80,30.2152
3.6,128,73,23.0825
3.6,129,64,23.0825
3.6,130,56,30.2152
3.6,131,64,30.2152
3.8,0,61,30.2397
3.8,1,71,30.2397
3.8,2,78,22.72
3.8,3,81,22.72
3.8,4,83,30.2397
3.8,5,83,22.72
3.8,6,81,22.72
3.8,7,78,30.2397
3.8,8,72,22.72
3.8,9,63,22.72
3.8,10,71,30.2397
3.8,11,82,22.72
3.8,12,87,22.72
3.8,13,91,30.2397
3.8,14,93,22.72
3.8,15,93,22.72
3.8,16,91,30.2397
3.8,17,88,22.72
3.8,18,82,22.72
3.8,19,72,30.2397
3.8,20,81,22.72
3.8,21,91,22.72
3.8,22,98,30.2397
3.8,23,101,22.72
3.8,24,103,22.72
3.8,25,103,30.2397
3.8,26,101,22.72
3.8,27,98,22.72
3.8,28,91,30.2397
3.8,29,80,30.2397
3.8,30,87,30.2397
3.8,31,100,30.2397
3.8,32,108,22.72
3.8,33,111,22.72
3.8,34,113,30.2397
3.8,35,113,22.72
3.8,36,111,22.72
3.8,37,108,30.2397
3.8,38,100,22.72
3.8,39,89,22.72
3.8,40,96,30.2397
3.8,41,110,22.72
3.8,42,117,22.72
3.8,43,121,30.2397
3.8,44,123,22.72
3.8,45,123,22.72
3.8,46,121,30.2397
3.8,47,117,22.72
3.8,48,110,22.72
3.8,49,96,30.2397
3.8,50,103,22.72
3.8,51,115,22.72
3.8,52,124,30.2397
3.8,53,127,22.72
3.8,54,128,22.72
3.8,55,128,30.2397
3.8,56,126,22.72
3.8,57,122,22.72
3.8,58,113,30.2397
3.8,59,99,30.2397
3.8,60,102,30.2397
3.8,61,116,30.2397
3.8,62,125,22.72
3.8,63,129,22.72
3.8,64,131,30.2397
3.8,65,130,22.72
3.8,66,127,22.72
3.8,67,123,30.2397
3.8,68,114,22.72
3.8,69,102,22.72
3.8,70,102,30.2397
3.8,71,116,22.72
3.8,72,123,22.72
3.8,73,128,30.2397
3.8,74,130,22.72
3.8,75,130,22.72
3.8,76,127,30.2397
3.8,77,121,22.72
3.8,78,114,22.72
3.8,79,100,30.2397
3.8,80,99,22.72
3.8,81,111,22.72
3.8,82,120,30.2397
3.8,83,123,22.72
3.8,84,125,22.72
3.8,85,125,30.2397
3.8,86,123,22.72
3.8,87,119,22.72
3.8,88,109,30.2397
3.8,89,95,30.2397
3.8,90,90,30.2397
3.8,91,102,30.2397
3.8,92,110,22.72
3.8,93,113,22.72
3.8,94,115,30.2397
3.8,95,115,22.72
3.8,96,113,22.72
3.8,97,110,30.2397
3.8,98,101,22.72
3.8,99,89,22.72
3.8,100,82,30.2397
3.8,101,94,22.72
3.8,102,100,22.72
3.8,103,103,30.2397
3.8,104,105,22.72
3.8,105,105,22.72
3.8,106,103,30.2397
3.8,107,99,22.72
3.8,108,93,22.72
3.8,109,80,30.2397
3.8,110,74,22.72
3.8,111,84,22.72
3.8,112,90,30.2397
3.8,113,93,22.72
3.8,114,95,22.72
3.8,115,95,30.2397
3.8,116,93,22.72
3.8,117,90,22.72
3.8,118,83,30.2397
3.8,119,71,30.2397
3.8,120,65,30.2397
3.8,121,74,30.2397
3.8,122,80,22.72
3.8,123,83,22.72
3.8,124,85,30.2397
3.8,125,85,22.72
3.8,126,83,22.72
3.8,127,80,30.2397
3.8,128,73,22.72
3.8,129,64,22.72
3.8,130,56,30.2397
3.8,131,64,30.2397
4,0,61,30.2655
4,1,71,30.2655
4,2,78,22.3607
4,3,82,22.3607
4,4,83,30.2655
4,5,83,22.3607
4,6,81,22.3607
4,7,78,30.2655
4,8,72,22.3607
4,9,64,22.3607
4,10,71,30.2655
4,11,82,22.3607
4,12,87,22.3607
4,13,91,30.2655
4,14,93,22.3607
4,15,94,22.3607
4,16,91,30.2655
4,17,88,22.3607
4,18,82,22.3607
4,19,72,30.2655
4,20,81,22.3607
4,21,91,22.3607
4,22,98,30.2655
4,23,101,22.3607
4,24,103,22.3607
4,25,103,30.2655
4,26,101,22.3607
4,27,99,22.3607
4,28,91,30.2655
4,29,80,30.2655
4,30,87,30.2655
4,31,100,30.2655
4,32,108,22.3607
4,33,112,22.3607
4,34,113,30.2655
4,35,113,22.3607
4,36,111,22.3607
4,37,108,30.2655
4,38,100,22.3607
4,39,90,22.3607
4,40,96,30.2655
4,41,110,22.3607
4,42,117,22.3607
4,43,121,30.2655
4,44,123,22.3607
4,45,124,22.3607
4,46,121,30.2655
4,47,117,22.3607
4,48,110,22.3607
4,49,96,30.2655
4,50,103,22.3607
4,51,115,22.3607
4,52,124,30.2655
4,53,127,22.3607
4,54,128,22.3607
4,55,128,30.2655
4,56,126,22.3607
4,57,122,22.3607
4,58,113,30.2655
4,59,99,30.2655
4,60,102,30.2655
4,61,116,30.2655
4,62,125,22.3607
4,63,129,22.3607
4,64,131,30.2655
4,65,130,22.3607
4,66,127,22.3607
4,67,123,30.2655
4,68,114,22.3607
4,69,102,22.3607
4,70,102,30.2655
4,71,116,22.3607
4,72,123,22.3607
4,73,128,30.2655
4,74,130,22.3607
4,75,130,22.3607
4,76,127,30.2655
4,77,121,22.3607
4,78,114,22.3607
4,79,100,30.2655
4,80,100,22.3607
4,81,111,22.3607
4,82,120,30.2655
4,83,123,22.3607
4,84,125,22.3607
4,85,125,30.2655
4,86,124,22.3607
4,87,119,22.3607
4,88,109,30.2655
4,89,95,30.2655
4,90,90,30.2655
4,91,102,30.2655
4,92,111,22.3607
4,93,113,22.3607
4,94,115,30.2655
4,95,115,22.3607
4,96,113,22.3607
4,97,110,30.2655
4,98,101,22.3607
4,99,89,22.3607
4,100,82,30.2655
4,101,94,22.3607
4,102,100,22.3607
4,103,103,30.2655
4,104,106,22.3607
4,105,105,22.3607
4,106,103,30.2655
4,107,99,22.3607
4,108,93,22.3607
4,109,80,30.2655
4,110,75,22.3607
4,111,84,22.3607
4,112,90,30.2655
4,113,93,22.3607
4,114,95,22.3607
4,115,95,30.2655
4,116,94,22.3607
4,117,90,22.3607
4,118,83,30.2655
4,119,71,30.2655
4,120,65,30.2655
4,121,74,30.2655
4,122,81,22.3607
4,123,83,22.3607
4,124,85,30.2655
4,125,85,22.3607
4,126,83,22.3607
4,127,80,30.2655
4,128,73,22.3607
4,129,64,22.3607
4,130,56,30.2655
4,131,64,30.2655
4.2,0,61,30.2926
4.2,1,71,30.2926
4.2,2,78,22.0045
4.2,3,82,22.0045
4.2,4,83,30.2926
4.2,5,83,22.0045
4.2,6,81,22.0045
4.2,7,78,30.2926
4.2,8,72,22.0045
4.2,9,65,22.0045
4.2,10,71,30.2926
4.2,11,82,22.0045
4.2,12,87,22.0045
4.2,13,91,30.2926
4.2,14,93,22.0045
4.2,15,95,22.0045
4.2,16,91,30.2926
4.2,17,88,22.0045
4.2,18,82,22.0045
4.2,19,72,30.2926
4.2,20,81,22.0045
4.2,21,91,22.0045
4.2,22,98,30.2926
4.2,23,101,22.0045
4.2,24,103,22.0045
4.2,25,103,30.2926
4.2,26,101,22.0045
4.2,27,100,22.0045
4.2,28,91,30.2926
4.2,29,80,30.2926
4.2,30,87,30.2926
4.2,31,100,30.2926
4.2,32,108,22.0045
4.2,33,112,22.0045
4.2,34,113,30.2926
4.2,35,113,22.0045
4.2,36,111,22.0045
4.2,37,108,30.2926
4.2,38,100,22.0045
4.2,39,91,22.0045
4.2,40,96,30.2926
4.2,41,110,22.0045
4.2,42,117,22.0045
4.2,43,121,30.2926
4.2,44,123,22.0045
4.2,45,125,22.0045
4.2,46,121,30.2926
4.2,47,117,22.0045
4.2,48,110,22.0045
4.2,49,96,30.2926
4.2,50,103,22.0045
4.2,51,115,22.0045
4.2,52,124,30.2926
4.2,53,127,22.0045
4.2,54,128,22.0045
4.2,55,128,30.2926
4.2,56,126,22.0045
4.2,57,123,22.0045
4.2,58,113,30.2926
4.2,59,99,30.2926
4.2,60,102,30.2926
4.2,61,116,30.2926
4.2,62,125,22.0045
4.2,63,129,22.0045
4.2,64,131,30.2926
4.2,65,130,22.0045
4.2,66,127,22.0045
4.2,67,123,30.2926
4.2,68,114,22.0045
4.2,69,102,22.0045
4.2,70,102,30.2926
4.2,71,116,22.0045
4.2,72,123,22.0045
4.2,73,128,30.2926
4.2,74,131,22.0045
4.2,75,130,22.0045
4.2,76,127,30.2926
4.2,77,121,22.0045
4.2,78,114,22.0045
4.2,79,100,30.2926
4.2,80,101,22.0045
4.2,81,111,22.0045
4.2,82,120,30.2926
4.2,83,123,22.0045
4.2,84,125,22.0045
4.2,85,125,30.2926
4.2,86,124,22.0045
4.2,87,119,22.0045
4.2,88,109,30.2926
4.2,89,95,30.2926
4.2,90,90,30.2926
4.2,91,102,30.2926
4.2,92,112,22.0045
4.2,93,113,22.0045
4.2,94,115,30.2926
4.2,95,115,22.0045
4.2,96,113,22.0045
4.2,97,110,30.2926
4.2,98,101,22.0045
4.2,99,89,22.0045
4.2,100,82,30.2926
4.2,101,94,22.0045
4.2,102,100,22.0045
4.2,103,103,30.2926
4.2,104,107,22.0045
4.2,105,105,22.0045
4.2,106,103,30.2926
4.2,107,99,22.0045
4.2,108,93,22.0045
4.2,109,80,30.2926
4.2,110,76,22.0045
4.2,111,84,22.0045
4.2,112,90,30.2926
4.2,113,93,22.0045
4.2,114,95,22.0045
4.2,115,95,30.2926
4.2,116,94,22.0045
4.2,117,90,22.0045
4.2,118,83,30.2926
4.2,119,71,30.2926
4.2,120,65,30.2926
4.2,121,74,30.2926
4.2,122,82,22.0045
4.2,123,83,22.0045
4.2,124,85,30.2926
4.2,125,85,22.0045
4.2,126,83,22.0045
4.2,127,80,30.2926
4.2,128,73,22.0045
4.2,129,64,22.0045
4.2,130,56,30.2926
4.2,131,64,30.2926
4.4,0,61,30.3209
4.4,1,71,30.3209
4.4,2,78,21.6518
4.4,3,82,21.6518
4.4,4,83,30.3209
4.4,5,83,21.6518
4.4,6,81,21.6518
4.4,7,78,30.3209
4.4,8,72,21.6518
4.4,9,65,21.6518
4.4,10,71,30.3209
4.4,11,82,21.6518
4.4,12,87,21.6518
4.4,13,91,30.3209
4.4,14,93,21.6518
4.4,15,95,21.6518
4.4,16,91,30.3209
4.4,17,88,21.6518
4.4,18,82,21.6518
4.4,19,72,30.3209
4.4,20,81,21.6518
4.4,21,91,21.6518
4.4,22,98,30.3209
4.4,23,101,21.6518
4.4,24,103,21.6518
4.4,25,103,30.3209
4.4,26,101,21.6518
4.4,27,100,21.6518
4.4,28,91,30.3209
4.4,29,80,30.3209
4.4,30,87,30.3209
4.4,31,100,30.3209
4.4,32,108,21.6518
4.4,33,112,21.6518
4.4,34,113,30.3209
4.4,35,113,21.6518
4.4,36,111,21.6518
4.4,37,108,30.3209
4.4,38,100,21.6518
4.4,39,91,21.6518
4.4,40,96,30.3209
4.4,41,110,21.6518
4.4,42,117,21.6518
4.4,43,121,30.3209
4.4,44,123,21.6518
4.4,45,125,21.6518
4.4,46,121,30.3209
4.4,47,117,21.6518
4.4,48,110,21.6518
4.4,49,96,30.3209
4.4,50,103,21.6518
4.4,51,115,21.6518
4.4,52,124,30.3209
4.4,53,127,21.6518
4.4,54,128,21.6518
4.4,55,128,30.3209
4.4,56,126,21.6518
4.4,57,123,21.6518
4.4,58,113,30.3209
4.4,59,99,30.3209
4.4,60,102,30.3209
4.4,61,116,30.3209
4.4,62,125,21.6518
4.4,63,129,21.6518
4.4,64,131,30.3209
4.4,65,130,21.6518
4.4,66,127,21.6518
4.4,67,123,30.3209
4.4,68,114,21.6518
4.4,69,102,21.6518
4.4,70,102,30.3209
4.4,71,116,21.6518
4.4,72,123,21.6518
4.4,73,128,30.3209
4.4,74,131,21.6518
4.4,75,130,21.6518
4.4,76,127,30.3209
4.4,77,121,21.6518
4.4,78,114,21.6518
4.4,79,100,30.3209
4.4,80,101,21.6518
4.4,81,111,21.6518
4.4,82,120,30.3209
4.4,83,123,21.6518
4.4,84,125,21.6518
4.4,85,125,30.3209
4.4,86,124,21.6518
4.4,87,119,21.6518
4.4,88,109,30.3209
4.4,89,95,30.3209
4.4,90,90,30.3209
4.4,91,102,30.3209
4.4,92,112,21.6518
4.4,93,113,21.6518
4.4,94,115,30.3209
4.4,95,115,21.6518
4.4,96,113,21.6518
4.4,97,110,30.3209
4.4,98,101,21.6518
4.4,99,89,21.6518
4.4,100,82,30.3209
4.4,101,94,21.6518
4.4,102,100,21.6518
4.4,103,103,30.3209
4.4,104,107,21.6518
4.4,105,105,21.6518
4.4,106,103,30.3209
4.4,107,99,21.6518
4.4,108,93,21.6518
4.4,109,80,30.3209
4.4,110,76,21.6518
4.4,111,84,21.6518
4.4,112,90,30.3209
4.4,113,93,21.6518
4.4,114,95,21.6518
4.4,115,95,30.3209
4.4,116,94,21.6518
4.4,117,90,21.6518
4.4,118,83,30.3209
4.4,119,71,30.3209
4.4,120,65,30.3209
4.4,121,74,30.3209
4.4,122,82,21.6518
4.4,123,83,21.6518
4.4,124,85,30.3209
4.4,125,85,21.6518
4.4,126,83,21.6518
4.4,127,80,30.3209
4.4,128,73,21.6518
4.4,129,64,21.6518
4.4,130,56,30.3209
4.4,131,64,30.3209
4.6,0,61,30.3506
4.6,1,71,30.3506
4.6,2,78,21.3026
4.6,3,82,21.3026
4.6,4,83,30.3506
4.6,5,83,21.3026
4.6,6,81,21.3026
4.6,7,78,30.3506
4.6,8,72,21.3026
4.6,9,65,21.3026
4.6,10,71,30.3506
4.6,11,82,21.3026
4.6,12,87,21.3026
4.6,13,91,30.3506
4.6,14,93,21.3026
4.6,15,95,21.3026
4.6,16,91,30.3506
4.6,17,88,21.3026
4.6,18,82,21.3026
4.6,19,72,30.3506
4.6,20,81,21.3026
4.6,21,91,21.3026
4.6,22,98,30.3506
4.6,23,101,21.3026
4.6,24,103,21.3026
4.6,25,103,30.3506
4.6,26,101,21.3026
4.6,27,100,21.3026
4.6,28,91,30.3506
4.6,29,80,30.3506
4.6,30,87,30.3506
4.6,31,100,30.3506
4.6,32,108,21.3026
4.6,33,112,21.3026
4.6,34,113,30.3506
4.6,35,113,21.3026
4.6,36,111,21.3026
4.6,37,108,30.3506
4.6,38,100,21.3026
4.6,39,91,21.3026
4.6,40,96,30.3506
4.6,41,110,21.3026
4.6,42,117,21.3026
4.6,43,121,30.3506
4.6,44,123,21.3026
4.6,45,125,21.3026
4.6,46,121,30.3506
4.6,47,117,21.3026
4.6,48,110,21.3026
4.6,49,96,30.3506
4.6,50,103,21.3026
4.6,51,115,21.3026
4.6,52,124,30.3506
4.6,53,127,21.3026
4.6,54,128,21.3026
4.6,55,128,30.3506
4.6,56,126,21.3026
4.6,57,123,21.3026
4.6,58,113,30.3506
4.6,59,99,30.3506
4.6,60,102,30.3506
4.6,61,116,30.3506
4.6,62,125,21.3026
4.6,63,129,21.3026
4.6,64,131,30.3506
4.6,65,130,21.3026
4.6,66,127,21.3026
4.6,67,123,30.3506
4.6,68,114,21.3026
4.6,69,102,21.3026
4.6,70,102,30.3506
4.6,71,116,21.3026
4.6,72,123,21.3026
4.6,73,128,30.3506
4.6,74,131,21.3026
4.6,75,130,21.3026
4.6,76,127,30.3506
4.6,77,121,21.3026
4.6,78,114,21.3026
4.6,79,100,30.3506
4.6,80,101,21.3026
4.6,81,111,21.3026
4.6,82,120,30.3506
4.6,83,123,21.3026
4.6,84,125,21.3026
4.6,85,125,30.3506
4.6,86,124,21.3026
4.6,87,119,21.3026
4.6,88,109,30.3506
4.6,89,95,30.3506
4.6,90,90,30.3506
4.6,91,102,30.3506
4.6,92,112,21.3026
4.6,93,113,21.3026
4.6,94,115,30.3506
4.6,95,115,21.3026
4.6,96,113,21.3026
4.6,97,110,30.3506
4.6,98,101,21.3026
4.6,99,89,21.3026
4.6,100,82,30.3506
4.6,101,94,21.3026
4.6,102,100,21.3026
4.6,103,103,30.3506
4.6,104,107,21.3026
4.6,105,105,21.3026
4.6,106,103,30.3506
4.6,107,99,21.3026
4.6,108,93,21.3026
4.6,109,80,30.3506
4.6,110,76,21.3026
4.6,111,84,21.3026
4.6,112,90,30.3506
4.6,113,93,21.3026
4.6,114,95,21.3026
4.6,115,95,30.3506
4.6,116,94,21.3026
4.6,117,90,21.3026
4.6,118,83,30.3506
4.6,119,71,30.3506
4.6,120,65,30.3506
4.6,121,74,30.3506
4.6,122,82,21.3026
4.6,123,83,21.3026
4.6,124,85,30.3506
4.6,125,85,21.3026
4.6,126,83,21.3026
4.6,127,80,30.3506
4.6,128,73,21.3026
4.6,129,64,21.3026
4.6,130,56,30.3506
4.6,131,64,30.3506
4.8,0,61,30.3816
4.8,1,71,30.3816
4.8,2,78,20.9571
4.8,3,82,20.9571
4.8,4,83,30.3816
4.8,5,83,20.9571
4.8,6,81,20.9571
4.8,7,78,30.3816
4.8,8,72,20.9571
4.8,9,65,20.9571
4.8,10,71,30.3816
4.8,11,82,20.9571
4.8,12,87,20.9571
4.8,13,91,30.3816
4.8,14,93,20.9571
4.8,15,95,20.9571
4.8,16,91,30.3816
4.8,17,88,20.9571
4.8,18,82,20.9571
4.8,19,72,30.3816
4.8,20,81,20.9571
4.8,21,91,20.9571
4.8,22,98,30.3816
4.8,23,101,20.9571
4.8,24,103,20.9571
4.8,25,103,30.3816
4.8,26,101,20.9571
4.8,27,100,20.9571
4.8,28,91,30.3816
4.8,29,80,30.3816
4.8,30,87,30.3816
4.8,31,100,30.3816
4.8,32,108,20.9571
4.8,33,112,20.9571
4.8,34,113,30.3816
4.8,35,113,20.9571
4.8,36,111,20.9571
4.8,37,108,30.3816
4.8,38,100,20.9571
4.8,39,91,20.9571
4.8,40,96,30.3816
4.8,41,110,20.9571
4.8,42,117,20.9571
4.8,43,121,30.3816
4.8,44,123,20.9571
4.8,45,125,20.9571
4.8,46,121,30.3816
4.8,47,117,20.9571
4.8,48,110,20.9571
4.8,49,96,30.3816
4.8,50,103,20.9571
4.8,51,115,20.9571
4.8,52,124,30.3816
4.8,53,127,20.9571
4.8,54,128,20.9571
4.8,55,128,30.3816
4.8,56,126,20.9571
4.8,57,123,20.9571
4.8,58,113,30.3816
4.8,59,99,30.3816
4.8,60,102,30.3816
4.8,61,116,30.3816
4.8,62,125,20.9571
4.8,63,129,20.9571
4.8,64,131,30.3816
4.8,65,130,20.9571
4.8,66,127,20.9571
4.8,67,123,30.3816
4.8,68,114,20.9571
4.8,69,102,20.9571
4.8,70,102,30.3816
4.8,71,116,20.9571
4.8,72,123,20.9571
4.8,73,128,30.3816
4.8,74,131,20.9571
4.8,75,130,20.9571
4.8,76,127,30.3816
4.8,77,121,20.9571
4.8,78,114,20.9571
4.8,79,100,30.3816
4.8,80,101,20.9571
4.8,81,111,20.9571
4.8,82,120,30.3816
4.8,83,123,20.9571
4.8,84,125,20.9571
4.8,85,125,30.3816
4.8,86,124,20.9571
4.8,87,119,20.9571
4.8,88,109,30.3816
4.8,89,95,30.3816
4.8,90,90,30.3816
4.8,91,102,30.3816
4.8,92,112,20.9571
4.8,93,113,20.9571
4.8,94,115,30.3816
4.8,95,115,20.9571
4.8,96,113,20.9571
4.8,97,110,30.3816
4.8,98,101,20.9571
4.8,99,89,20.9571
4.8,100,82,30.3816
4.8,101,94,20.9571
4.8,102,100,20.9571
4.8,103,103,30.3816
4.8,104,107,20.9571
4.8,105,105,20.9571
4.8,106,103,30.3816
4.8,107,99,20.9571
4.8,108,93,20.9571
4.8,109,80,30.3816
4.8,110,76,20.9571
4.8,111,84,20.9571
4.8,112,90,30.3816
4.8,113,93,20.9571
4.8,114,95,20.9571
4.8,115,95,30.3816
4.8,116,94,20.9571
4.8,117,90,20.9571
4.8,118,83,30.3816
4.8,119,71,30.3816
4.8,120,65,30.3816
4.8,121,74,30.3816
4.8,122,82,20.9571
4.8,123,83,20.9571
4.8,124,85,30.3816
4.8,125,85,20.9571
4.8,126,83,20.9571
4.8,127,80,30.3816
4.8,128,73,20.9571
4.8,129,64,20.9571
4.8,130,56,30.3816
4.8,131,64,30.3816
5,0,61,30.4138
5,1,72,30.4138
5,2,78,20.6155
5,3,82,20.6155
5,4,83,30.4138
5,5,84,20.6155
5,6,81,20.6155
5,7,78,30.4138
5,8,72,20.6155
5,9,65,20.6155
5,10,71,30.4138
5,11,83,20.6155
5,12,87,20.6155
5,13,92,30.4138
5,14,93,20.6155
5,15,95,20.6155
5,16,91,30.4138
5,17,88,20.6155
5,18,82,20.6155
5,19,72,30.4138
5,20,81,20.6155
5,21,91,20.6155
5,22,98,30.4138
5,23,102,20.6155
5,24,103,20.6155
5,25,104,30.4138
5,26,101,20.6155
5,27,100,20.6155
5,28,91,30.4138
5,29,80,30.4138
5,30,87,30.4138
5,31,101,30.4138
5,32,108,20.6155
5,33,112,20.6155
5,34,113,30.4138
5,35,114,20.6155
5,36,111,20.6155
5,37,108,30.4138
5,38,100,20.6155
5,39,91,20.6155
5,40,96,30.4138
5,41,111,20.6155
5,42,117,20.6155
5,43,122,30.4138
5,44,123,20.6155
5,45,125,20.6155
5,46,121,30.4138
5,47,117,20.6155
5,48,110,20.6155
5,49,96,30.4138
5,50,103,20.6155
5,51,115,20.6155
5,52,124,30.4138
5,53,127,20.6155
5,54,128,20.6155
5,55,128,30.4138
5,56,126,20.6155
5,57,123,20.6155
5,58,113,30.4138
5,59,99,30.4138
5,60,102,30.4138
5,61,116,30.4138
5,62,125,20.6155
5,63,129,20.6155
5,64,131,30.4138
5,65,130,20.6155
5,66,127,20.6155
5,67,123,30.4138
5,68,114,20.6155
5,69,102,20.6155
5,70,102,30.4138
5,71,116,20.6155
5,72,123,20.6155
5,73,128,30.4138
5,74,131,20.6155
5,75,130,20.6155
5,76,127,30.4138
5,77,121,20.6155
5,78,114,20.6155
5,79,100,30.4138
5,80,101,20.6155
5,81,111,20.6155
5,82,120,30.4138
5,83,123,20.6155
5,84,126,20.6155
5,85,125,30.4138
5,86,124,20.6155
5,87,119,20.6155
5,88,110,30.4138
5,89,95,30.4138
5,90,90,30.4138
5,91,102,30.4138
5,92,112,20.6155
5,93,113,20.6155
5,94,116,30.4138
5,95,115,20.6155
5,96,114,20.6155
5,97,110,30.4138
5,98,101,20.6155
5,99,89,20.6155
5,100,82,30.4138
5,101,94,20.6155
5,102,100,20.6155
5,103,103,30.4138
5,104,107,20.6155
5,105,105,20.6155
5,106,104,30.4138
5,107,99,20.6155
5,108,94,20.6155
5,109,80,30.4138
5,110,76,20.6155
5,111,84,20.6155
5,112,90,30.4138
5,113,93,20.6155
5,114,96,20.6155
5,115,95,30.4138
5,116,94,20.6155
5,117,90,20.6155
5,118,84,30.4138
5,119,71,30.4138
5,120,65,30.4138
5,121,74,30.4138
5,122,82,20.6155
5,123,83,20.6155
5,124,86,30.4138
5,125,85,20.6155
5,126,84,20.6155
5,127,80,30.4138
5,128,73,20.6155
5,129,64,20.6155
5,130,56,30.4138
5,131,64,30.4138
5.2,0,60,30.4473
5.2,1,72,30.4473
5.2,2,78,20.2781
5.2,3,82,20.2781
5.2,4,83,30.4473
5.2,5,84,20.2781
5.2,6,81,20.2781
5.2,7,78,30.4473
5.2,8,71,20.2781
5.2,9,65,20.2781
5.2,10,71,30.4473
5.2,11,83,20.2781
5.2,12,87,20.2781
5.2,13,92,30.4473
5.2,14,93,20.2781
5.2,15,95,20.2781
5.2,16,91,30.4473
5.2,17,88,20.2781
5.2,18,82,20.2781
5.2,19,72,30.4473
5.2,20,81,20.2781
5.2,21,90,20.2781
5.2,22,98,30.4473
5.2,23,102,20.2781
5.2,24,103,20.2781
5.2,25,104,30.4473
5.2,26,101,20.2781
5.2,27,100,20.2781
5.2,28,91,30.4473
5.2,29,79,30.4473
5.2,30,86,30.4473
5.2,31,101,30.4473
5.2,32,108,20.2781
5.2,33,112,20.2781
5.2,34,113,30.4473
5.2,35,114,20.2781
5.2,36,111,20.2781
5.2,37,108,30.4473
5.2,38,99,20.2781
5.2,39,91,20.2781
5.2,40,96,30.4473
5.2,41,111,20.2781
5.2,42,117,20.2781
5.2,43,122,30.4473
5.2,44,123,20.2781
5.2,45,125,20.2781
5.2,46,121,30.4473
5.2,47,117,20.2781
5.2,48,110,20.2781
5.2,49,96,30.4473
5.2,50,103,20.2781
5.2,51,114,20.2781
5.2,52,124,30.4473
5.2,53,127,20.2781
5.2,54,128,20.2781
5.2,55,128,30.4473
5.2,56,126,20.2781
5.2,57,123,20.2781
5.2,58,113,30.4473
5.2,59,98,30.4473
5.2,60,101,30.4473
5.2,61,116,30.4473
5.2,62,125,20.2781
5.2,63,129,20.2781
5.2,64,131,30.4473
5.2,65,130,20.2781
5.2,66,127,20.2781
5.2,67,123,30.4473
5.2,68,113,20.2781
5.2,69,102,20.2781
5.2,70,102,30.4473
5.2,71,116,20.2781
5.2,72,123,20.2781
5.2,73,128,30.4473
5.2,74,131,20.2781
5.2,75,130,20.2781
5.2,76,127,30.4473
5.2,77,121,20.2781
5.2,78,114,20.2781
5.2,79,100,30.4473
5.2,80,101,20.2781
5.2,81,110,20.2781
5.2,82,120,30.4473
5.2,83,123,20.2781
5.2,84,126,20.2781
5.2,85,125,30.4473
5.2,86,124,20.2781
5.2,87,119,20.2781
5.2,88,110,30.4473
5.2,89,94,30.4473
5.2,90,89,30.4473
5.2,91,102,30.4473
5.2,92,112,20.2781
5.2,93,113,20.2781
5.2,94,116,30.4473
5.2,95,115,20.2781
5.2,96,114,20.2781
5.2,97,110,30.4473
5.2,98,100,20.2781
5.2,99,89,20.2781
5.2,100,82,30.4473
5.2,101,94,20.2781
5.2,102,100,20.2781
5.2,103,103,30.4473
5.2,104,107,20.2781
5.2,105,105,20.2781
5.2,106,104,30.4473
5.2,107,99,20.2781
5.2,108,94,20.2781
5.2,109,80,30.4473
5.2,110,76,20.2781
5.2,111,83,20.2781
5.2,112,90,30.4473
5.2,113,93,20.2781
5.2,114,96,20.2781
5.2,115,95,30.4473
5.2,116,94,20.2781
5.2,117,90,20.2781
5.2,118,84,30.4473
5.2,119,70,30.4473
5.2,120,64,30.4473
5.2,121,74,30.4473
5.2,122,82,20.2781
5.2,123,83,20.2781
5.2,124,86,30.4473
5.2,125,85,20.2781
5.2,126,84,20.2781
5.2,127,80,30.4473
5.2,128,72,20.2781
5.2,129,64,20.2781
5.2,130,56,30.4473
5.2,131,64,30.4473
5.4,0,60,30.4821
5.4,1,72,30.4821
5.4,2,78,19.9449
5.4,3,82,19.9449
5.4,4,83,30.4821
5.4,5,84,19.9449
5.4,6,81,19.9449
5.4,7,78,30.4821
5.4,8,71,19.9449
5.4,9,65,19.9449
5.4,10,71,30.4821
5.4,11,83,19.9449
5.4,12,87,19.9449
5.4,13,92,30.4821
5.4,14,93,19.9449
5.4,15,95,19.9449
5.4,16,91,30.4821
5.4,17,88,19.9449
5.4,18,82,19.9449
5.4,19,72,30.4821
5.4,20,81,19.9449
5.4,21,90,19.9449
5.4,22,98,30.4821
5.4,23,102,19.9449
5.4,24,103,19.9449
5.4,25,104,30.4821
5.4,26,101,19.9449
5.4,27,100,19.9449
5.4,28,91,30.4821
5.4,29,79,30.4821
5.4,30,86,30.4821
5.4,31,101,30.4821
5.4,32,108,19.9449
5.4,33,112,19.9449
5.4,34,113,30.4821
5.4,35,114,19.9449
5.4,36,111,19.9449
5.4,37,108,30.4821
5.4,38,99,19.9449
5.4,39,91,19.9449
5.4,40,96,30.4821
5.4,41,111,19.9449
5.4,42,117,19.9449
5.4,43,122,30.4821
5.4,44,123,19.9449
5.4,45,125,19.9449
5.4,46,121,30.4821
5.4,47,117,19.9449
5.4,48,110,19.9449
5.4,49,96,30.4821
5.4,50,103,19.9449
5.4,51,114,19.9449
5.4,52,124,30.4821
5.4,53,127,19.9449
5.4,54,128,19.9449
5.4,55,128,30.4821
5.4,56,126,19.9449
5.4,57,123,19.9449
5.4,58,113,30.4821
5.4,59,98,30.4821
5.4,60,101,30.4821
5.4,61,116,30.4821
5.4,62,125,19.9449
5.4,63,129,19.9449
5.4,64,131,30.4821
5.4,65,130,19.9449
5.4,66,127,19.9449
5.4,67,123,30.4821
5.4,68,113,19.9449
5.4,69,102,19.9449
5.4,70,102,30.4821
5.4,71,116,19.9449
5.4,72,123,19.9449
5.4,73,128,30.4821
5.4,74,131,19.9449
5.4,75,130,19.9449
5.4,76,127,30.4821
5.4,77,121,19.9449
5.4,78,114,19.9449
5.4,79,100,30.4821
5.4,80,101,19.9449
5.4,81,110,19.9449
5.4,82,120,30.4821
5.4,83,123,19.9449
5.4,84,126,19.9449
5.4,85,125,30.4821
5.4,86,124,19.9449
5.4,87,119,19.9449
5.4,88,110,30.4821
5.4,89,94,30.4821
5.4,90,89,30.4821
5.4,91,102,30.4821
5.4,92,112,19.9449
5.4,93,113,19.9449
5.4,94,116,30.4821
5.4,95,115,19.9449
5.4,96,114,19.9449
5.4,97,110,30.4821
5.4,98,100,19.9449
5.4,99,89,19.9449
5.4,100,82,30.4821
5.4,101,94,19.9449
5.4,102,100,19.9449
5.4,103,103,30.4821
5.4,104,107,19.9449
5.4,105,105,19.9449
5.4,106,104,30.4821
5.4,107,99,19.9449
5.4,108,94,19.9449
5.4,109,80,30.4821
5.4,110,76,19.9449
5.4,111,83,19.9449
5.4,112,90,30.4821
5.4,113,93,19.9449
5.4,114,96,19.9449
5.4,115,95,30.4821
5.4,116,94,19.9449
5.4,117,90,19.9449
5.4,118,84,30.4821
5.4,119,70,30.4821
5.4,120,64,30.4821
5.4,121,74,30.4821
5.4,122,82,19.9449
5.4,123,83,19.9449
5.4,124,86,30.4821
5.4,125,85,19.9449
5.4,126,84,19.9449
5.4,127,80,30.4821
5.4,128,72,19.9449
5.4,129,64,19.9449
5.4,130,56,30.4821
5.4,131,64,30.4821
5.6,0,60,30.5182
5.6,1,72,30.5182
5.6,2,78,19.6163
5.6,3,82,19.6163
5.6,4,83,30.5182
5.6,5,84,19.6163
5.6,6,81,19.6163
5.6,7,78,30.5182
5.6,8,71,19.6163
5.6,9,65,19.6163
5.6,10,71,30.5182
5.6,11,83,19.6163
5.6,12,87,19.6163
5.6,13,92,30.5182
5.6,14,93,19.6163
5.6,15,95,19.6163
5.6,16,91,30.5182
5.6,17,88,19.6163
5.6,18,82,19.6163
5.6,19,72,30.5182
5.6,20,81,19.6163
5.6,21,90,19.6163
5.6,22,98,30.5182
5.6,23,102,19.6163
5.6,24,103,19.6163
5.6,25,104,30.5182
5.6,26,101,19.6163
5.6,27,100,19.6163
5.6,28,91,30.5182
5.6,29,79,30.5182
5.6,30,86,30.5182
5.6,31,101,30.5182
5.6,32,108,19.6163
5.6,33,112,19.6163
5.6,34,113,30.5182
5.6,35,114,19.6163
5.6,36,111,19.6163
5.6,37,108,30.5182
5.6,38,99,19.6163
5.6,39,91,19.6163
5.6,40,96,30.5182
5.6,41,111,19.6163
5.6,42,117,19.6163
5.6,43,122,30.5182
5.6,44,123,19.6163
5.6,45,125,19.6163
5.6,46,121,30.5182
5.6,47,117,19.6163
5.6,48,110,19.6163
5.6,49,96,30.5182
5.6,50,103,19.6163
5.6,51,114,19.6163
5.6,52,124,30.5182
5.6,53,127,19.6163
5.6,54,128,19.6163
5.6,55,128,30.5182
5.6,56,126,19.6163
5.6,57,123,19.6163
5.6,58,113,30.5182
5.6,59,98,30.5182
5.6,60,101,30.5182
5.6,61,116,30.5182
5.6,62,125,19.6163
5.6,63,129,19.6163
5.6,64,131,30.5182
5.6,65,130,19.6163
5.6,66,127,19.6163
5.6,67,123,30.5182
5.6,68,113,19.6163
5.6,69,102,19.6163
5.6,70,102,30.5182
5.6,71,116,19.6163
5.6,72,123,19.6163
5.6,73,128,30.5182
5.6,74,131,19.6163
5.6,75,130,19.6163
5.6,76,127,30.5182
5.6,77,121,19.6163
5.6,78,114,19.6163
5.6,79,100,30.5182
5.6,80,101,19.6163
5.6,81,110,19.6163
5.6,82,120,30.5182
5.6,83,123,19.6163
5.6,84,126,19.6163
5.6,85,125,30.5182
5.6,86,124,19.6163
5.6,87,119,19.6163
5.6,88,110,30.5182
5.6,89,94,30.5182
5.6,90,89,30.5182
5.6,91,102,30.5182
5.6,92,112,19.6163
5.6,93,113,19.6163
5.6,94,116,30.5182
5.6,95,115,19.6163
5.6,96,114,19.6163
5.6,97,110,30.5182
5.6,98,100,19.6163
5.6,99,89,19.6163
5.6,100,82,30.5182
5.6,101,94,19.6163
5.6,102,100,19.6163
5.6,103,103,30.5182
5.6,104,107,19.6163
5.6,105,105,19.6163
5.6,106,104,30.5182
5.6,107,99,19.6163
5.6,108,94,19.6163
5.6,109,80,30.5182
5.6,110,76,19.6163
5.6,111,83,19.6163
5.6,112,90,30.5182
5.6,113,93,19.6163
5.6,114,96,19.6163
5.6,115,95,30.5182
5.6,116,94,19.6163
5.6,117,90,19.6163
5.6,118,84,30.5182
5.6,119,70,30.5182
5.6,120,64,30.5182
5.6,121,74,30.5182
5.6,122,82,19.6163
5.6,123,83,19.6163
5.6,124,86,30.5182
5.6,125,85,19.6163
5.6,126,84,19.6163
5.6,127,80,30.5182
5.6,128,72,19.6163
5.6,129,64,19.6163
5.6,130,56,30.5182
5.6,131,64,30.5182
5.8,0,60,30.5555
5.8,1,72,30.5555
5.8,2,78,19.2925
5.8,3,82,19.2925
5.8,4,83,30.5555
5.8,5,84,19.2925
5.8,6,81,19.2925
5.8,7,79,30.5555
5.8,8,71,19.2925
5.8,9,66,19.2925
5.8,10,71,30.5555
5.8,11,83,19.2925
5.8,12,87,19.2925
5.8,13,92,30.5555
5.8,14,93,19.2925
5.8,15,95,19.2925
5.8,16,91,30.5555
5.8,17,88,19.2925
5.8,18,82,19.2925
5.8,19,73,30.5555
5.8,20,81,19.2925
5.8,21,90,19.2925
5.8,22,98,30.5555
5.8,23,102,19.2925
5.8,24,103,19.2925
5.8,25,104,30.5555
5.8,26,101,19.2925
5.8,27,101,19.2925
5.8,28,91,30.5555
5.8,29,79,30.5555
5.8,30,86,30.5555
5.8,31,101,30.5555
5.8,32,108,19.2925
5.8,33,112,19.2925
5.8,34,113,30.5555
5.8,35,114,19.2925
5.8,36,111,19.2925
5.8,37,109,30.5555
5.8,38,99,19.2925
5.8,39,92,19.2925
5.8,40,96,30.5555
5.8,41,111,19.2925
5.8,42,117,19.2925
5.8,43,122,30.5555
5.8,44,123,19.2925
5.8,45,125,19.2925
5.8,46,121,30.5555
5.8,47,117,19.2925
5.8,48,110,19.2925
5.8,49,97,30.5555
5.8,50,104,19.2925
5.8,51,114,19.2925
5.8,52,125,30.5555
5.8,53,127,19.2925
5.8,54,128,19.2925
5.8,55,128,30.5555
5.8,56,126,19.2925
5.8,57,124,19.2925
5.8,58,113,30.5555
5.8,59,98,30.5555
5.8,60,101,30.5555
5.8,61,116,30.5555
5.8,62,126,19.2925
5.8,63,129,19.2925
5.8,64,131,30.5555
5.8,65,130,19.2925
5.8,66,127,19.2925
5.8,67,124,30.5555
5.8,68,113,19.2925
5.8,69,103,19.2925
5.8,70,103,30.5555
5.8,71,116,19.2925
5.8,72,123,19.2925
5.8,73,128,30.5555
5.8,74,131,19.2925
5.8,75,130,19.2925
5.8,76,127,30.5555
5.8,77,121,19.2925
5.8,78,114,19.2925
5.8,79,101,30.5555
5.8,80,102,19.2925
5.8,81,110,19.2925
5.8,82,121,30.5555
5.8,83,123,19.2925
5.8,84,126,19.2925
5.8,85,125,30.5555
5.8,86,124,19.2925
5.8,87,120,19.2925
5.8,88,110,30.5555
5.8,89,94,30.5555
5.8,90,89,30.5555
5.8,91,102,30.5555
5.8,92,113,19.2925
5.8,93,113,19.2925
5.8,94,116,30.5555
5.8,95,115,19.2925
5.8,96,114,19.2925
5.8,97,110,30.5555
5.8,98,100,19.2925
5.8,99,89,19.2925
5.8,100,83,30.5555
5.8,101,94,19.2925
5.8,102,100,19.2925
5.8,103,103,30.5555
5.8,104,107,19.2925
5.8,105,105,19.2925
5.8,106,104,30.5555
5.8,107,99,19.2925
5.8,108,94,19.2925
5.8,109,80,30.5555
5.8,110,77,19.2925
5.8,111,83,19.2925
5.8,112,91,30.5555
5.8,113,93,19.2925
5.8,114,96,19.2925
5.8,115,95,30.5555
5.8,116,94,19.2925
5.8,117,90,19.2925
5.8,118,84,30.5555
5.8,119,70,30.5555
5.8,120,64,30.5555
5.8,121,74,30.5555
5.8,122,83,19.2925
5.8,123,83,19.2925
5.8,124,86,30.5555
5.8,125,85,19.2925
5.8,126,84,19.2925
5.8,127,80,30.5555
5.8,128,72,19.2925
5.8,129,64,19.2925
5.8,130,57,30.5555
5.8,131,64,30.5555
6,0,60,30.5941
6,1,72,30.5941
6,2,78,18.9737
6,3,82,18.9737
6,4,83,30.5941
6,5,84,18.9737
6,6,81,18.9737
6,7,79,30.5941
6,8,71,18.9737
6,9,66,18.9737
6,10,71,30.5941
6,11,83,18.9737
6,12,87,18.9737
6,13,92,30.5941
6,14,93,18.9737
6,15,95,18.9737
6,16,91,30.5941
6,17,88,18.9737
6,18,82,18.9737
6,19,73,30.5941
6,20,81,18.9737
6,21,90,18.9737
6,22,98,30.5941
6,23,102,18.9737
6,24,103,18.9737
6,25,104,30.5941
6,26,101,18.9737
6,27,101,18.9737
6,28,91,30.5941
6,29,79,30.5941
6,30,86,30.5941
6,31,101,30.5941
6,32,108,18.9737
6,33,112,18.9737
6,34,113,30.5941
6,35,114,18.9737
6,36,111,18.9737
6,37,109,30.5941
6,38,99,18.9737
6,39,92,18.9737
6,40,96,30.5941
6,41,111,18.9737
6,42,117,18.9737
6,43,122,30.5941
6,44,123,18.9737
6,45,125,18.9737
6,46,121,30.5941
6,47,117,18.9737
6,48,110,18.9737
6,49,97,30.5941
6,50,104,18.9737
6,51,114,18.9737
6,52,125,30.5941
6,53,127,18.9737
6,54,128,18.9737
6,55,128,30.5941
6,56,126,18.9737
6,57,124,18.9737
6,58,113,30.5941
6,59,98,30.5941
6,60,101,30.5941
6,61,116,30.5941
6,62,126,18.9737
6,63,129,18.9737
6,64,131,30.5941
6,65,130,18.9737
6,66,127,18.9737
6,67,124,30.5941
6,68,113,18.9737
6,69,103,18.9737
6,70,103,30.5941
6,71,116,18.9737
6,72,123,18.9737
6,73,128,30.5941
6,74,131,18.9737
6,75,130,18.9737
6,76,127,30.5941
6,77,121,18.9737
6,78,114,18.9737
6,79,101,30.5941
6,80,102,18.9737
6,81,110,18.9737
6,82,121,30.5941
6,83,123,18.9737
6,84,126,18.9737
6,85,125,30.5941
6,86,124,18.9737
6,87,120,18.9737
6,88,110,30.5941
6,89,94,30.5941
6,90,89,30.5941
6,91,102,30.5941
6,92,113,18.9737
6,93,113,18.9737
6,94,116,30.5941
6,95,115,18.9737
6,96,114,18.9737
6,97,110,30.5941
6,98,100,18.9737
6,99,89,18.9737
6,100,83,30.5941
6,101,94,18.9737
6,102,100,18.9737
6,103,103,30.5941
6,104,107,18.9737
6,105,105,18.9737
6,106,104,30.5941
6,107,99,18.9737
6,108,94,18.9737
6,109,80,30.5941
6,110,77,18.9737
6,111,83,18.9737
6,112,91,30.5941
6,113,93,18.9737
6,114,96,18.9737
6,115,95,30.5941
6,116,94,18.9737
6,117,90,18.9737
6,118,84,30.5941
6,119,70,30.5941
6,120,64,30.5941
6,121,74,30.5941
6,122,83,18.9737
6,123,83,18.9737
6,124,86,30.5941
6,125,85,18.9737
6,126,84,18.9737
6,127,80,30.5941
6,128,72,18.9737
6,129,64,18.9737
6,130,57,30.5941
6,131,64,30.5941
6.2,0,60,30.634
6.2,1,72,30.634
6.2,2,78,18.6601
6.2,3,82,18.6601
6.2,4,83,30.634
6.2,5,84,18.6601
6.2,6,81,18.6601
6.2,7,79,30.634
6.2,8,71,18.6601
6.2,9,66,18.6601
6.2,10,71,30.634
6.2,11,83,18.6601
6.2,12,87,18.6601
6.2,13,92,30.634
6.2,14,93,18.6601
6.2,15,95,18.6601
6.2,16,91,30.634
6.2,17,88,18.6601
6.2,18,82,18.6601
6.2,19,73,30.634
6.2,20,81,18.6601
6.2,21,90,18.6601
6.2,22,98,30.634
6.2,23,102,18.6601
6.2,24,103,18.6601
6.2,25,104,30.634
6.2,26,101,18.6601
6.2,27,101,18.6601
6.2,28,91,30.634
6.2,29,79,30.634
6.2,30,86,30.634
6.2,31,101,30.634
6.2,32,108,18.6601
6.2,33,112,18.6601
6.2,34,113,30.634
6.2,35,114,18.6601
6.2,36,111,18.6601
6.2,37,109,30.634
6.2,38,99,18.6601
6.2,39,92,18.6601
6.2,40,96,30.634
6.2,41,111,18.6601
6.2,42,117,18.6601
6.2,43,122,30.634
6.2,44,123,18.6601
6.2,45,125,18.6601
6.2,46,121,30.634
6.2,47,117,18.6601
6.2,48,110,18.6601
6.2,49,97,30.634
6.2,50,104,18.6601
6.2,51,114,18.6601
6.2,52,125,30.634
6.2,53,127,18.6601
6.2,54,128,18.6601
6.2,55,128,30.634
6.2,56,126,18.6601
6.2,57,124,18.6601
6.2,58,113,30.634
6.2,59,98,30.634
6.2,60,101,30.634
6.2,61,116,30.634
6.2,62,126,18.6601
6.2,63,129,18.6601
6.2,64,131,30.634
6.2,65,130,18.6601
6.2,66,127,18.6601
6.2,67,124,30.634
6.2,68,113,18.6601
6.2,69,103,18.6601
6.2,70,103,30.634
6.2,71,116,18.6601
6.2,72,123,18.6601
6.2,73,128,30.634
6.2,74,131,18.6601
6.2,75,130,18.6601
6.2,76,127,30.634
6.2,77,121,18.6601
6.2,78,114,18.6601
6.2,79,101,30.634
6.2,80,102,18.6601
6.2,81,110,18.6601
6.2,82,121,30.634
6.2,83,123,18.6601
6.2,84,126,18.6601
6.2,85,125,30.634
6.2,86,124,18.6601
6.2,87,120,18.6601
6.2,88,110,30.634
6.2,89,94,30.634
6.2,90,89,30.634
6.2,91,102,30.634
6.2,92,113,18.6601
6.2,93,113,18.6601
6.2,94,116,30.634
6.2,95,115,18.6601
6.2,96,114,18.6601
6.2,97,110,30.634
6.2,98,100,18.6601
6.2,99,89,18.6601
6.2,100,83,30.634
6.2,101,94,18.6601
6.2,102,100,18.6601
6.2,103,103,30.634
6.2,104,107,18.6601
6.2,105,105,18.6601
6.2,106,104,30.634
6.2,107,99,18.6601
6.2,108,94,18.6601
6.2,109,80,30.634
6.2,110,77,18.6601
6.2,111,83,18.6601
6.2,112,91,30.634
6.2,113,93,18.6601
6.2,114,96,18.6601
6.2,115,95,30.634
6.2,116,94,18.6601
6.2,117,90,18.6601
6.2,118,84,30.634
6.2,119,70,30.634
6.2,120,64,30.634
6.2,121,74,30.634
6.2,122,83,18.6601
6.2,123,83,18.6601
6.2,124,86,30.634
6.2,125,85,18.6601
6.2,126,84,18.6601
6.2,127,80,30.634
6.2,128,72,18.6601
6.2,129,64,18.6601
6.2,130,57,30.634
6.2,131,64,30.634
6.4,0,60,30.6751
6.4,1,72,30.6751
6.4,2,77,18.3521
6.4,3,82,18.3521
6.4,4,83,30.6751
6.4,5,84,18.3521
6.4,6,81,18.3521
6.4,7,79,30.6751
6.4,8,70,18.3521
6.4,9,66,18.3521
6.4,10,71,30.6751
6.4,11,83,18.3521
6.4,12,87,18.3521
6.4,13,92,30.6751
6.4,14,92,18.3521
6.4,15,95,18.3521
6.4,16,91,30.6751
6.4,17,88,18.3521
6.4,18,82,18.3521
6.4,19,73,30.6751
6.4,20,81,18.3521
6.4,21,89,18.3521
6.4,22,98,30.6751
6.4,23,102,18.3521
6.4,24,103,18.3521
6.4,25,104,30.6751
6.4,26,100,18.3521
6.4,27,101,18.3521
6.4,28,91,30.6751
6.4,29,79,30.6751
6.4,30,86,30.6751
6.4,31,101,30.6751
6.4,32,107,18.3521
6.4,33,112,18.3521
6.4,34,113,30.6751
6.4,35,114,18.3521
6.4,36,111,18.3521
6.4,37,109,30.6751
6.4,38,98,18.3521
6.4,39,92,18.3521
6.4,40,96,30.6751
6.4,41,111,18.3521
6.4,42,117,18.3521
6.4,43,122,30.6751
6.4,44,122,18.3521
6.4,45,125,18.3521
6.4,46,121,30.6751
6.4,47,117,18.3521
6.4,48,110,18.3521
6.4,49,97,30.6751
6.4,50,104,18.3521
6.4,51,113,18.3521
6.4,52,125,30.6751
6.4,53,127,18.3521
6.4,54,128,18.3521
6.4,55,128,30.6751
6.4,56,126,18.3521
6.4,57,124,18.3521
6.4,58,113,30.6751
6.4,59,98,30.6751
6.4,60,101,30.6751
6.4,61,116,30.6751
6.4,62,126,18.3521
6.4,63,129,18.3521
6.4,64,131,30.6751
6.4,65,130,18.3521
6.4,66,127,18.3521
6.4,67,124,30.6751
6.4,68,112,18.3521
6.4,69,103,18.3521
6.4,70,103,30.6751
6.4,71,116,18.3521
6.4,72,123,18.3521
6.4,73,128,30.6751
6.4,74,131,18.3521
6.4,75,130,18.3521
6.4,76,127,30.6751
6.4,77,121,18.3521
6.4,78,114,18.3521
6.4,79,101,30.6751
6.4,80,102,18.3521
6.4,81,108,18.3521
6.4,82,121,30.6751
6.4,83,123,18.3521
6.4,84,126,18.3521
6.4,85,125,30.6751
6.4,86,124,18.3521
6.4,87,119,18.3521
6.4,88,110,30.6751
6.4,89,94,30.6751
6.4,90,89,30.6751
6.4,91,102,30.6751
6.4,92,113,18.3521
6.4,93,112,18.3521
6.4,94,116,30.6751
6.4,95,115,18.3521
6.4,96,114,18.3521
6.4,97,110,30.6751
6.4,98,99,18.3521
6.4,99,89,18.3521
6.4,100,83,30.6751
6.4,101,94,18.3521
6.4,102,100,18.3521
6.4,103,103,30.6751
6.4,104,107,18.3521
6.4,105,104,18.3521
6.4,106,104,30.6751
6.4,107,99,18.3521
6.4,108,94,18.3521
6.4,109,80,30.6751
6.4,110,77,18.3521
6.4,111,82,18.3521
6.4,112,91,30.6751
6.4,113,93,18.3521
6.4,114,96,18.3521
6.4,115,95,30.6751
6.4,116,94,18.3521
6.4,117,89,18.3521
6.4,118,84,30.6751
6.4,119,70,30.6751
6.4,120,64,30.6751
6.4,121,74,30.6751
6.4,122,83,18.3521
6.4,123,82,18.3521
6.4,124,86,30.6751
6.4,125,85,18.3521
6.4,126,84,18.3521
6.4,127,80,30.6751
6.4,128,71,18.3521
6.4,129,64,18.3521
6.4,130,57,30.6751
6.4,131,64,30.6751
6.6,0,60,30.7174
6.6,1,72,30.7174
6.6,2,77,18.0499
6.6,3,82,18.0499
6.6,4,83,30.7174
6.6,5,84,18.0499
6.6,6,81,18.0499
6.6,7,79,30.7174
6.6,8,70,18.0499
6.6,9,66,18.0499
6.6,10,71,30.7174
6.6,11,83,18.0499
6.6,12,87,18.0499
6.6,13,92,30.7174
6.6,14,92,18.0499
6.6,15,95,18.0499
6.6,16,91,30.7174
6.6,17,88,18.0499
6.6,18,82,18.0499
6.6,19,73,30.7174
6.6,20,81,18.0499
6.6,21,89,18.0499
6.6,22,98,30.7174
6.6,23,102,18.0499
6.6,24,103,18.0499
6.6,25,104,30.7174
6.6,26,100,18.0499
6.6,27,101,18.0499
6.6,28,91,30.7174
6.6,29,79,30.7174
6.6,30,86,30.7174
6.6,31,101,30.7174
6.6,32,107,18.0499
6.6,33,112,18.0499
6.6,34,113,30.7174
6.6,35,114,18.0499
6.6,36,111,18.0499
6.6,37,109,30.7174
6.6,38,98,18.0499
6.6,39,92,18.0499
6.6,40,96,30.7174
6.6,41,111,18.0499
6.6,42,117,18.0499
6.6,43,122,30.7174
6.6,44,122,18.0499
6.6,45,125,18.0499
6.6,46,121,30.7174
6.6,47,117,18.0499
6.6,48,110,18.0499
6.6,49,97,30.7174
6.6,50,104,18.0499
6.6,51,113,18.0499
6.6,52,125,30.7174
6.6,53,127,18.0499
6.6,54,128,18.0499
6.6,55,128,30.7174
6.6,56,126,18.0499
6.6,57,124,18.0499
6.6,58,113,30.7174
6.6,59,98,30.7174
6.6,60,101,30.7174
6.6,61,116,30.7174
6.6,62,126,18.0499
6.6,63,129,18.0499
6.6,64,131,30.7174
6.6,65,130,18.0499
6.6,66,127,18.0499
6.6,67,124,30.7174
6.6,68,112,18.0499
6.6,69,103,18.0499
6.6,70,103,30.7174
6.6,71,116,18.0499
6.6,72,123,18.0499
6.6,73,128,30.7174
6.6,74,131,18.0499
6.6,75,130,18.0499
6.6,76,127,30.7174
6.6,77,121,18.0499
6.6,78,114,18.0499
6.6,79,101,30.7174
6.6,80,102,18.0499
6.6,81,108,18.0499
6.6,82,121,30.7174
6.6,83,123,18.0499
6.6,84,126,18.0499
6.6,85,125,30.7174
6.6,86,124,18.0499
6.6,87,119,18.0499
6.6,88,110,30.7174
6.6,89,94,30.7174
6.6,90,89,30.7174
6.6,91,102,30.7174
6.6,92,113,18.0499
6.6,93,112,18.0499
6.6,94,116,30.7174
6.6,95,115,18.0499
6.6,96,114,18.0499
6.6,97,110,30.7174
6.6,98,99,18.0499
6.6,99,89,18.0499
6.6,100,83,30.7174
6.6,101,94,18.0499
6.6,102,100,18.0499
6.6,103,103,30.7174
6.6,104,107,18.0499
6.6,105,104,18.0499
6.6,106,104,30.7174
6.6,107,99,18.0499
6.6,108,94,18.0499
6.6,109,80,30.7174
6.6,110,77,18.0499
6.6,111,82,18.0499
6.6,112,91,30.7174
6.6,113,93,18.0499
6.6,114,96,18.0499
6.6,115,95,30.7174
6.6,116,94,18.0499
6.6,117,89,18.0499
6.6,118,84,30.7174
6.6,119,70,30.7174
6.6,120,64,30.7174
6.6,121,74,30.7174
6.6,122,83,18.0499
6.6,123,82,18.0499
6.6,124,86,30.7174
6.6,125,85,18.0499
6.6,126,84,18.0499
6.6,127,80,30.7174
6.6,128,71,18.0499
6.6,129,64,18.0499
6.6,130,57,30.7174
6.6,131,64,30.7174
6.8,0,60,30.761
6.8,1,73,30.761
6.8,2,77,17.7539
6.8,3,82,17.7539
6.8,4,83,30.761
6.8,5,84,17.7539
6.8,6,81,17.7539
6.8,7,79,30.761
6.8,8,70,17.7539
6.8,9,67,17.7539
6.8,10,72,30.761
6.8,11,84,17.7539
6.8,12,87,17.7539
6.8,13,92,30.761
6.8,14,92,17.7539
6.8,15,95,17.7539
6.8,16,91,30.761
6.8,17,88,17.7539
6.8,18,83,17.7539
6.8,19,74,30.761
6.8,20,82,17.7539
6.8,21,89,17.7539
6.8,22,98,30.761
6.8,23,102,17.7539
6.8,24,103,17.7539
6.8,25,104,30.761
6.8,26,100,17.7539
6.8,27,101,17.7539
6.8,28,92,30.761
6.8,29,79,30.761
6.8,30,86,30.761
6.8,31,103,30.761
6.8,32,107,17.7539
6.8,33,112,17.7539
6.8,34,113,30.761
6.8,35,114,17.7539
6.8,36,111,17.7539
6.8,37,109,30.761
6.8,38,98,17.7539
6.8,39,94,17.7539
6.8,40,98,30.761
6.8,41,113,17.7539
6.8,42,117,17.7539
6.8,43,122,30.761
6.8,44,122,17.7539
6.8,45,125,17.7539
6.8,46,121,30.761
6.8,47,117,17.7539
6.8,48,112,17.7539
6.8,49,99,30.761
6.8,50,106,17.7539
6.8,51,113,17.7539
6.8,52,125,30.761
6.8,53,127,17.7539
6.8,54,128,17.7539
6.8,55,128,30.761
6.8,56,126,17.7539
6.8,57,124,17.7539
6.8,58,115,30.761
6.8,59,98,30.761
6.8,60,101,30.761
6.8,61,118,30.761
6.8,62,126,17.7539
6.8,63,129,17.7539
6.8,64,131,30.761
6.8,65,130,17.7539
6.8,66,127,17.7539
6.8,67,124,30.761
6.8,68,112,17.7539
6.8,69,105,17.7539
6.8,70,105,30.761
6.8,71,118,17.7539
6.8,72,123,17.7539
6.8,73,128,30.761
6.8,74,131,17.7539
6.8,75,130,17.7539
6.8,76,127,30.761
6.8,77,121,17.7539
6.8,78,116,17.7539
6.8,79,103,30.761
6.8,80,104,17.7539
6.8,81,108,17.7539
6.8,82,121,30.761
6.8,83,123,17.7539
6.8,84,126,17.7539
6.8,85,125,30.761
6.8,86,124,17.7539
6.8,87,119,17.7539
6.8,88,112,30.761
6.8,89,94,30.761
6.8,90,89,30.761
6.8,91,104,30.761
6.8,92,113,17.7539
6.8,93,112,17.7539
6.8,94,116,30.761
6.8,95,115,17.7539
6.8,96,114,17.7539
6.8,97,110,30.761
6.8,98,99,17.7539
6.8,99,91,17.7539
6.8,100,84,30.761
6.8,101,95,17.7539
6.8,102,100,17.7539
6.8,103,103,30.761
6.8,104,107,17.7539
6.8,105,104,17.7539
6.8,106,104,30.761
6.8,107,99,17.7539
6.8,108,96,17.7539
6.8,109,82,30.761
6.8,110,78,17.7539
6.8,111,82,17.7539
6.8,112,91,30.761
6.8,113,93,17.7539
6.8,114,96,17.7539
6.8,115,95,30.761
6.8,116,94,17.7539
6.8,117,89,17.7539
6.8,118,85,30.761
6.8,119,70,30.761
6.8,120,64,30.761
6.8,121,75,30.761
6.8,122,83,17.7539
6.8,123,82,17.7539
6.8,124,86,30.761
6.8,125,85,17.7539
6.8,126,84,17.7539
6.8,127,80,30.761
6.8,128,71,17.7539
6.8,129,65,17.7539
6.8,130,58,30.761
6.8,131,65,30.761
7,0,60,30.8058
7,1,73,30.8058
7,2,77,17.4642
7,3,82,17.4642
7,4,83,30.8058
7,5,84,17.4642
7,6,81,17.4642
7,7,79,30.8058
7,8,70,17.4642
7,9,67,17.4642
7,10,72,30.8058
7,11,84,17.4642
7,12,87,17.4642
7,13,92,30.8058
7,14,92,17.4642
7,15,95,17.4642
7,16,91,30.8058
7,17,88,17.4642
7,18,83,17.4642
7,19,74,30.8058
7,20,82,17.4642
7,21,89,17.4642
7,22,98,30.8058
7,23,102,17.4642
7,24,103,17.4642
7,25,104,30.8058
7,26,100,17.4642
7,27,101,17.4642
7,28,92,30.8058
7,29,79,30.8058
7,30,86,30.8058
7,31,103,30.8058
7,32,107,17.4642
7,33,112,17.4642
7,34,113,30.8058
7,35,114,17.4642
7,36,111,17.4642
7,37,109,30.8058
7,38,98,17.4642
7,39,94,17.4642
7,40,98,30.8058
7,41,113,17.4642
7,42,117,17.4642
7,43,122,30.8058
7,44,122,17.4642
7,45,125,17.4642
7,46,121,30.8058
7,47,117,17.4642
7,48,112,17.4642
7,49,99,30.8058
7,50,106,17.4642
7,51,113,17.4642
7,52,125,30.8058
7,53,127,17.4642
7,54,128,17.4642
7,55,128,30.8058
7,56,126,17.4642
7,57,124,17.4642
7,58,115,30.8058
7,59,98,30.8058
7,60,101,30.8058
7,61,118,30.8058
7,62,126,17.4642
7,63,129,17.4642
7,64,131,30.8058
7,65,130,17.4642
7,66,127,17.4642
7,67,124,30.8058
7,68,112,17.4642
7,69,105,17.4642
7,70,105,30.8058
7,71,118,17.4642
7,72,123,17.4642
7,73,128,30.8058
7,74,131,17.4642
7,75,130,17.4642
7,76,127,30.8058
7,77,121,17.4642
7,78,116,17.4642
7,79,103,30.8058
7,80,104,17.4642
7,81,108,17.4642
7,82,121,30.8058
7,83,123,17.4642
7,84,126,17.4642
7,85,125,30.8058
7,86,124,17.4642
7,87,119,17.4642
7,88,112,30.8058
7,89,94,30.8058
7,90,89,30.8058
7,91,104,30.8058
7,92,113,17.4642
7,93,112,17.4642
7,94,116,30.8058
7,95,115,17.4642
7,96,114,17.4642
7,97,110,30.8058
7,98,99,17.4642
7,99,91,17.4642
7,100,84,30.8058
7,101,95,17.4642
7,102,100,17.4642
7,103,103,30.8058
7,104,107,17.4642
7,105,104,17.4642
7,106,104,30.8058
7,107,99,17.4642
7,108,96,17.4642
7,109,82,30.8058
7,110,78,17.4642
7,111,82,17.4642
7,112,91,30.8058
7,113,93,17.4642
7,114,96,17.4642
7,115,95,30.8058
7,116,94,17.4642
7,117,89,17.4642
7,118,85,30.8058
7,119,70,30.8058
7,120,64,30.8058
7,121,75,30.8058
7,122,83,17.4642
7,123,82,17.4642
7,124,86,30.8058
7,125,85,17.4642
7,126,84,17.4642
7,127,80,30.8058
7,128,71,17.4642
7,129,65,17.4642
7,130,58,30.8058
7,131,65,30.8058
7.2,0,60,30.8519
7.2,1,73,30.8519
7.2,2,77,17.1814
7.2,3,82,17.1814
7.2,4,83,30.8519
7.2,5,84,17.1814
7.2,6,81,17.1814
7.2,7,79,30.8519
7.2,8,70,17.1814
7.2,9,67,17.1814
7.2,10,72,30.8519
7.2,11,84,17.1814
7.2,12,87,17.1814
7.2,13,92,30.8519
7.2,14,92,17.1814
7.2,15,95,17.1814
7.2,16,91,30.8519
7.2,17,88,17.1814
7.2,18,83,17.1814
7.2,19,74,30.8519
7.2,20,82,17.1814
7.2,21,89,17.1814
7.2,22,98,30.8519
7.2,23,102,17.1814
7.2,24,103,17.1814
7.2,25,104,30.8519
7.2,26,100,17.1814
7.2,27,101,17.1814
7.2,28,92,30.8519
7.2,29,79,30.8519
7.2,30,86,30.8519
7.2,31,103,30.8519
7.2,32,107,17.1814
7.2,33,112,17.1814
7.2,34,113,30.8519
7.2,35,114,17.1814
7.2,36,111,17.1814
7.2,37,109,30.8519
7.2,38,98,17.1814
7.2,39,94,17.1814
7.2,40,98,30.8519
7.2,41,113,17.1814
7.2,42,117,17.1814
7.2,43,122,30.8519
7.2,44,122,17.1814
7.2,45,125,17.1814
7.2,46,121,30.8519
7.2,47,117,17.1814
7.2,48,112,17.1814
7.2,49,99,30.8519
7.2,50,106,17.1814
7.2,51,113,17.1814
7.2,52,125,30.8519
7.2,53,127,17.1814
7.2,54,128,17.1814
7.2,55,128,30.8519
7.2,56,126,17.1814
7.2,57,124,17.1814
7.2,58,115,30.8519
7.2,59,98,30.8519
7.2,60,101,30.8519
7.2,61,118,30.8519
7.2,62,126,17.1814
7.2,63,129,17.1814
7.2,64,131,30.8519
7.2,65,130,17.1814
7.2,66,127,17.1814
7.2,67,124,30.8519
7.2,68,112,17.1814
7.2,69,105,17.1814
7.2,70,105,30.8519
7.2,71,118,17.1814
7.2,72,123,17.1814
7.2,73,128,30.8519
7.2,74,131,17.1814
7.2,75,130,17.1814
7.2,76,127,30.8519
7.2,77,121,17.1814
7.2,78,116,17.1814
7.2,79,103,30.8519
7.2,80,104,17.1814
7.2,81,108,17.1814
7.2,82,121,30.8519
7.2,83,123,17.1814
7.2,84,126,17.1814
7.2,85,125,30.8519
7.2,86,124,17.1814
7.2,87,119,17.1814
7.2,88,112,30.8519
7.2,89,94,30.8519
7.2,90,89,30.8519
7.2,91,104,30.8519
7.2,92,113,17.1814
7.2,93,112,17.1814
7.2,94,116,30.8519
7.2,95,115,17.1814
7.2,96,114,17.1814
7.2,97,110,30.8519
7.2,98,99,17.1814
7.2,99,91,17.1814
7.2,100,84,30.8519
7.2,101,95,17.1814
7.2,102,100,17.1814
7.2,103,103,30.8519
7.2,104,107,17.1814
7.2,105,104,17.1814
7.2,106,104,30.8519
7.2,107,99,17.1814
7.2,108,96,17.1814
7.2,109,82,30.8519
7.2,110,78,17.1814
7.2,111,82,17.1814
7.2,112,91,30.8519
7.2,113,93,17.1814
7.2,114,96,17.1814
7.2,115,95,30.8519
7.2,116,94,17.1814
7.2,117,89,17.1814
7.2,118,85,30.8519
7.2,119,70,30.8519
7.2,120,64,30.8519
7.2,121,75,30.8519
7.2,122,83,17.1814
7.2,123,82,17.1814
7.2,124,86,30.8519
7.2,125,85,17.1814
7.2,126,84,17.1814
7.2,127,80,30.8519
7.2,128,71,17.1814
7.2,129,65,17.1814
7.2,130,58,30.8519
7.2,131,65,30.8519
7.4,0,60,30.8992
7.4,1,73,30.8992
7.4,2,77,16.9056
7.4,3,82,16.9056
7.4,4,83,30.8992
7.4,5,84,16.9056
7.4,6,81,16.9056
7.4,7,79,30.8992
7.4,8,70,16.9056
7.4,9,67,16.9056
7.4,10,72,30.8992
7.4,11,84,16.9056
7.4,12,87,16.9056
7.4,13,92,30.8992
7.4,14,92,16.9056
7.4,15,95,16.9056
7.4,16,91,30.8992
7.4,17,88,16.9056
7.4,18,83,16.9056
7.4,19,74,30.8992
7.4,20,82,16.9056
7.4,21,89,16.9056
7.4,22,98,30.8992
7.4,23,102,16.9056
7.4,24,103,16.9056
7.4,25,104,30.8992
7.4,26,100,16.9056
7.4,27,101,16.9056
7.4,28,92,30.8992
7.4,29,79,30.8992
7.4,30,86,30.8992
7.4,31,103,30.8992
7.4,32,107,16.9056
7.4,33,112,16.9056
7.4,34,113,30.8992
7.4,35,114,16.9056
7.4,36,111,16.9056
7.4,37,109,30.8992
7.4,38,98,16.9056
7.4,39,94,16.9056
7.4,40,98,30.8992
7.4,41,113,16.9056
7.4,42,117,16.9056
7.4,43,122,30.8992
7.4,44,122,16.9056
7.4,45,125,16.9056
7.4,46,121,30.8992
7.4,47,117,16.9056
7.4,48,112,16.9056
7.4,49,99,30.8992
7.4,50,106,16.9056
7.4,51,113,16.9056
7.4,52,125,30.8992
7.4,53,127,16.9056
7.4,54,128,16.9056
7.4,55,128,30.8992
7.4,56,126,16.9056
7.4,57,124,16.9056
7.4,58,115,30.8992
7.4,59,98,30.8992
7.4,60,101,30.8992
7.4,61,118,30.8992
7.4,62,126,16.9056
7.4,63,129,16.9056
7.4,64,131,30.8992
7.4,65,130,16.9056
7.4,66,127,16.9056
7.4,67,124,30.8992
7.4,68,112,16.9056
7.4,69,105,16.9056
7.4,70,105,30.8992
7.4,71,118,16.9056
7.4,72,123,16.9056
7.4,73,128,30.8992
7.4,74,131,16.9056
7.4,75,130,16.9056
7.4,76,127,30.8992
7.4,77,121,16.9056
7.4,78,116,16.9056
7.4,79,103,30.8992
7.4,80,104,16.9056
7.4,81,108,16.9056
7.4,82,121,30.8992
7.4,83,123,16.9056
7.4,84,126,16.9056
7.4,85,125,30.8992
7.4,86,124,16.9056
7.4,87,119,16.9056
7.4,88,112,30.8992
7.4,89,94,30.8992
7.4,90,89,30.8992
7.4,91,104,30.8992
7.4,92,113,16.9056
7.4,93,112,16.9056
7.4,94,116,30.8992
7.4,95,115,16.9056
7.4,96,114,16.9056
7.4,97,110,30.8992
7.4,98,99,16.9056
7.4,99,91,16.9056
7.4,100,84,30.8992
7.4,101,95,16.9056
7.4,102,100,16.9056
7.4,103,103,30.8992
7.4,104,107,16.9056
7.4,105,104,16.9056
7.4,106,104,30.8992
7.4,107,99,16.9056
7.4,108,96,16.9056
7.4,109,82,30.8992
7.4,110,78,16.9056
7.4,111,82,16.9056
7.4,112,91,30.8992
7.4,113,93,16.9056
7.4,114,96,16.9056
7.4,115,95,30.8992
7.4,116,94,16.9056
7.4,117,89,16.9056
7.4,118,85,30.8992
7.4,119,70,30.8992
7.4,120,64,30.8992
7.4,121,75,30.8992
7.4,122,83,16.9056
7.4,123,82,16.9056
7.4,124,86,30.8992
7.4,125,85,16.9056
7.4,126,84,16.9056
7.4,127,80,30.8992
7.4,128,71,16.9056
7.4,129,65,16.9056
7.4,130,58,30.8992
7.4,131,65,30.8992
7.6,0,60,30.9477
7.6,1,73,30.9477
7.6,2,77,16.6373
7.6,3,82,16.6373
7.6,4,83,30.9477
7.6,5,84,16.6373
7.6,6,81,16.6373
7.6,7,79,30.9477
7.6,8,70,16.6373
7.6,9,67,16.6373
7.6,10,72,30.9477
7.6,11,84,16.6373
7.6,12,87,16.6373
7.6,13,92,30.9477
7.6,14,92,16.6373
7.6,15,95,16.6373
7.6,16,91,30.9477
7.6,17,88,16.6373
7.6,18,83,16.6373
7.6,19,74,30.9477
7.6,20,82,16.6373
7.6,21,89,16.6373
7.6,22,98,30.9477
7.6,23,102,16.6373
7.6,24,103,16.6373
7.6,25,104,30.9477
7.6,26,100,16.6373
7.6,27,101,16.6373
7.6,28,92,30.9477
7.6,29,79,30.9477
7.6,30,86,30.9477
7.6,31,103,30.9477
7.6,32,107,16.6373
7.6,33,112,16.6373
7.6,34,113,30.9477
7.6,35,114,16.6373
7.6,36,111,16.6373
7.6,37,109,30.9477
7.6,38,98,16.6373
7.6,39,94,16.6373
7.6,40,98,30.9477
7.6,41,113,16.6373
7.6,42,117,16.6373
7.6,43,122,30.9477
7.6,44,122,16.6373
7.6,45,125,16.6373
7.6,46,121,30.9477
7.6,47,117,16.6373
7.6,48,112,16.6373
7.6,49,99,30.9477
7.6,50,106,16.6373
7.6,51,113,16.6373
7.6,52,125,30.9477
7.6,53,127,16.6373
7.6,54,128,16.6373
7.6,55,128,30.9477
7.6,56,126,16.6373
7.6,57,124,16.6373
7.6,58,115,30.9477
7.6,59,98,30.9477
7.6,60,101,30.9477
7.6,61,118,30.9477
7.6,62,126,16.6373
7.6,63,129,16.6373
7.6,64,131,30.9477
7.6,65,130,16.6373
7.6,66,127,16.6373
7.6,67,124,30.9477
7.6,68,112,16.6373
7.6,69,105,16.6373
7.6,70,105,30.9477
7.6,71,118,16.6373
7.6,72,123,16.6373
7.6,73,128,30.9477
7.6,74,131,16.6373
7.6,75,130,16.6373
7.6,76,127,30.9477
7.6,77,121,16.6373
7.6,78,116,16.6373
7.6,79,103,30.9477
7.6,80,104,16.6373
7.6,81,108,16.6373
7.6,82,121,30.9477
7.6,83,123,16.6373
7.6,84,126,16.6373
7.6,85,125,30.9477
7.6,86,124,16.6373
7.6,87,119,16.6373
7.6,88,112,30.9477
7.6,89,94,30.9477
7.6,90,89,30.9477
7.6,91,104,30.9477
7.6,92,113,16.6373
7.6,93,112,16.6373
7.6,94,116,30.9477
7.6,95,115,16.6373
7.6,96,114,16.6373
7.6,97,110,30.9477
7.6,98,99,16.6373
7.6,99,91,16.6373
7.6,100,84,30.9477
7.6,101,95,16.6373
7.6,102,100,16.6373
7.6,103,103,30.9477
7.6,104,107,16.6373
7.6,105,104,16.6373
7.6,106,104,30.9477
7.6,107,99,16.6373
7.6,108,96,16.6373
7.6,109,82,30.9477
7.6,110,78,16.6373
7.6,111,82,16.6373
7.6,112,91,30.9477
7.6,113,93,16.6373
7.6,114,96,16.6373
7.6,115,95,30.9477
7.6,116,94,16.6373
7.6,117,89,16.6373
7.6,118,85,30.9477
7.6,119,70,30.9477
7.6,120,64,30.9477
7.6,121,75,30.9477
7.6,122,83,16.6373
7.6,123,82,16.6373
7.6,124,86,30.9477
7.6,125,85,16.6373
7.6,126,84,16.6373
7.6,127,80,30.9477
7.6,128,71,16.6373
7.6,129,65,16.6373
7.6,130,58,30.9477
7.6,131,65,30.9477
7.8,0,59,30.9974
7.8,1,73,30.9974
7.8,2,77,16.3768
7.8,3,82,16.3768
7.8,4,83,30.9974
7.8,5,84,16.3768
7.8,6,81,16.3768
7.8,7,79,30.9974
7.8,8,69,16.3768
7.8,9,67,16.3768
7.8,10,72,30.9974
7.8,11,84,16.3768
7.8,12,86,16.3768
7.8,13,92,30.9974
7.8,14,92,16.3768
7.8,15,95,16.3768
7.8,16,91,30.9974
7.8,17,88,16.3768
7.8,18,83,16.3768
7.8,19,74,30.9974
7.8,20,82,16.3768
7.8,21,89,16.3768
7.8,22,98,30.9974
7.8,23,102,16.3768
7.8,24,102,16.3768
7.8,25,104,30.9974
7.8,26,99,16.3768
7.8,27,101,16.3768
7.8,28,92,30.9974
7.8,29,79,30.9974
7.8,30,85,30.9974
7.8,31,103,30.9974
7.8,32,107,16.3768
7.8,33,112,16.3768
7.8,34,113,30.9974
7.8,35,114,16.3768
7.8,36,111,16.3768
7.8,37,109,30.9974
7.8,38,97,16.3768
7.8,39,94,16.3768
7.8,40,98,30.9974
7.8,41,113,16.3768
7.8,42,116,16.3768
7.8,43,122,30.9974
7.8,44,122,16.3768
7.8,45,125,16.3768
7.8,46,121,30.9974
7.8,47,117,16.3768
7.8,48,112,16.3768
7.8,49,99,30.9974
7.8,50,106,16.3768
7.8,51,113,16.3768
7.8,52,125,30.9974
7.8,53,127,16.3768
7.8,54,127,16.3768
7.8,55,128,30.9974
7.8,56,125,16.3768
7.8,57,124,16.3768
7.8,58,115,30.9974
7.8,59,98,30.9974
7.8,60,100,30.9974
7.8,61,118,30.9974
7.8,62,126,16.3768
7.8,63,128,16.3768
7.8,64,131,30.9974
7.8,65,129,16.3768
7.8,66,127,16.3768
7.8,67,124,30.9974
7.8,68,111,16.3768
7.8,69,105,16.3768
7.8,70,105,30.9974
7.8,71,118,16.3768
7.8,72,123,16.3768
7.8,73,128,30.9974
7.8,74,131,16.3768
7.8,75,130,16.3768
7.8,76,127,30.9974
7.8,77,120,16.3768
7.8,78,116,16.3768
7.8,79,103,30.9974
7.8,80,104,16.3768
7.8,81,107,16.3768
7.8,82,121,30.9974
7.8,83,123,16.3768
7.8,84,126,16.3768
7.8,85,125,30.9974
7.8,86,124,16.3768
7.8,87,119,16.3768
7.8,88,112,30.9974
7.8,89,93,30.9974
7.8,90,89,30.9974
7.8,91,104,30.9974
7.8,92,113,16.3768
7.8,93,111,16.3768
7.8,94,116,30.9974
7.8,95,114,16.3768
7.8,96,114,16.3768
7.8,97,110,30.9974
7.8,98,99,16.3768
7.8,99,91,16.3768
7.8,100,84,30.9974
7.8,101,95,16.3768
7.8,102,100,16.3768
7.8,103,103,30.9974
7.8,104,107,16.3768
7.8,105,104,16.3768
7.8,106,104,30.9974
7.8,107,98,16.3768
7.8,108,96,16.3768
7.8,109,82,30.9974
7.8,110,78,16.3768
7.8,111,81,16.3768
7.8,112,91,30.9974
7.8,113,93,16.3768
7.8,114,96,16.3768
7.8,115,95,30.9974
7.8,116,94,16.3768
7.8,117,89,16.3768
7.8,118,85,30.9974
7.8,119,69,30.9974
7.8,120,64,30.9974
7.8,121,75,30.9974
7.8,122,83,16.3768
7.8,123,81,16.3768
7.8,124,86,30.9974
7.8,125,84,16.3768
7.8,126,84,16.3768
7.8,127,80,30.9974
7.8,128,71,16.3768
7.8,129,65,16.3768
7.8,130,58,30.9974
7.8,131,65,30.9974
8,0,58,31.0483
8,1,73,31.0483
8,2,77,16.1245
8,3,81,16.1245
8,4,83,31.0483
8,5,84,16.1245
8,6,81,16.1245
8,7,79,31.0483
8,8,69,16.1245
8,9,67,16.1245
8,10,72,31.0483
8,11,84,16.1245
8,12,85,16.1245
8,13,92,31.0483
8,14,92,16.1245
8,15,94,16.1245
8,16,91,31.0483
8,17,88,16.1245
8,18,83,16.1245
8,19,74,31.0483
8,20,82,16.1245
8,21,88,16.1245
8,22,98,31.0483
8,23,102,16.1245
8,24,101,16.1245
8,25,104,31.0483
8,26,99,16.1245
8,27,101,16.1245
8,28,92,31.0483
8,29,79,31.0483
8,30,84,31.0483
8,31,103,31.0483
8,32,107,16.1245
8,33,111,16.1245
8,34,113,31.0483
8,35,114,16.1245
8,36,111,16.1245
8,37,109,31.0483
8,38,97,16.1245
8,39,94,16.1245
8,40,98,31.0483
8,41,113,16.1245
8,42,115,16.1245
8,43,122,31.0483
8,44,122,16.1245
8,45,124,16.1245
8,46,121,31.0483
8,47,117,16.1245
8,48,112,16.1245
8,49,99,31.0483
8,50,106,16.1245
8,51,112,16.1245
8,52,125,31.0483
8,53,127,16.1245
8,54,126,16.1245
8,55,128,31.0483
8,56,125,16.1245
8,57,124,16.1245
8,58,115,31.0483
8,59,98,31.0483
8,60,100,31.0483
8,61,118,31.0483
8,62,126,16.1245
8,63,128,16.1245
8,64,131,31.0483
8,65,129,16.1245
8,66,127,16.1245
8,67,124,31.0483
8,68,111,16.1245
8,69,105,16.1245
8,70,105,31.0483
8,71,118,16.1245
8,72,123,16.1245
8,73,128,31.0483
8,74,130,16.1245
8,75,130,16.1245
8,76,127,31.0483
8,77,119,16.1245
8,78,116,16.1245
8,79,103,31.0483
8,80,104,16.1245
8,81,107,16.1245
8,82,121,31.0483
8,83,123,16.1245
8,84,126,16.1245
8,85,125,31.0483
8,86,123,16.1245
8,87,119,16.1245
8,88,112,31.0483
8,89,92,31.0483
8,90,89,31.0483
8,91,104,31.0483
8,92,113,16.1245
8,93,111,16.1245
8,94,116,31.0483
8,95,113,16.1245
8,96,114,16.1245
8,97,110,31.0483
8,98,98,16.1245
8,99,91,16.1245
8,100,84,31.0483
8,101,95,16.1245
8,102,100,16.1245
8,103,103,31.0483
8,104,106,16.1245
8,105,104,16.1245
8,106,104,31.0483
8,107,97,16.1245
8,108,96,16.1245
8,109,82,31.0483
8,110,78,16.1245
8,111,81,16.1245
8,112,91,31.0483
8,113,93,16.1245
8,114,96,16.1245
8,115,95,31.0483
8,116,93,16.1245
8,117,89,16.1245
8,118,85,31.0483
8,119,68,31.0483
8,120,64,31.0483
8,121,75,31.0483
8,122,83,16.1245
8,123,81,16.1245
8,124,86,31.0483
8,125,83,16.1245
8,126,84,16.1245
8,127,80,31.0483
8,128,70,16.1245
8,129,65,16.1245
8,130,58,31.0483
8,131,65,31.0483
8.2,0,57,31.1005
8.2,1,73,30.8299
8.2,2,76,15.8808
8.2,3,81,15.8808
8.2,4,82,31.1005
8.2,5,84,15.8808
8.2,6,80,15.8808
8.2,7,79,30.8299
8.2,8,67,15.8808
8.2,9,67,15.8808
8.2,10,70,31.1005
8.2,11,84,15.8808
8.2,12,84,15.8808
8.2,13,92,30.8299
8.2,14,91,15.8808
8.2,15,94,15.8808
8.2,16,90,30.8299
8.2,17,88,15.8808
8.2,18,82,15.8808
8.2,19,73,31.1005
8.2,20,81,15.8808
8.2,21,87,15.8808
8.2,22,97,30.8299
8.2,23,102,15.8808
8.2,24,100,15.8808
8.2,25,104,30.8299
8.2,26,98,15.8808
8.2,27,101,15.8808
8.2,28,90,30.8299
8.2,29,78,31.1005
8.2,30,82,31.1005
8.2,31,102,30.8299
8.2,32,106,15.8808
8.2,33,111,15.8808
8.2,34,112,30.8299
8.2,35,114,15.8808
8.2,36,110,15.8808
8.2,37,109,30.8299
8.2,38,95,15.8808
8.2,39,94,15.8808
8.2,40,96,31.1005
8.2,41,113,15.8808
8.2,42,114,15.8808
8.2,43,122,30.8299
8.2,44,121,15.8808
8.2,45,124,15.8808
8.2,46,120,30.8299
8.2,47,117,15.8808
8.2,48,111,15.8808
8.2,49,98,31.1005
8.2,50,105,15.8808
8.2,51,111,15.8808
8.2,52,125,30.8299
8.2,53,127,15.8808
8.2,54,126,15.8808
8.2,55,128,30.8299
8.2,56,125,15.8808
8.2,57,124,15.8808
8.2,58,114,30.8299
8.2,59,97,31.1005
8.2,60,99,31.1005
8.2,61,117,30.8299
8.2,62,126,15.8808
8.2,63,128,15.8808
8.2,64,131,30.8299
8.2,65,129,15.8808
8.2,66,127,15.8808
8.2,67,124,30.8299
8.2,68,110,15.8808
8.2,69,105,15.8808
8.2,70,104,31.1005
8.2,71,118,15.8808
8.2,72,123,15.8808
8.2,73,128,30.8299
8.2,74,130,15.8808
8.2,75,130,15.8808
8.2,76,127,30.8299
8.2,77,119,15.8808
8.2,78,116,15.8808
8.2,79,102,31.1005
8.2,80,104,15.8808
8.2,81,105,15.8808
8.2,82,121,30.8299
8.2,83,122,15.8808
8.2,84,126,15.8808
8.2,85,124,30.8299
8.2,86,123,15.8808
8.2,87,118,15.8808
8.2,88,111,30.8299
8.2,89,90,31.1005
8.2,90,88,31.1005
8.2,91,102,30.8299
8.2,92,113,15.8808
8.2,93,110,15.8808
8.2,94,116,30.8299
8.2,95,112,15.8808
8.2,96,114,15.8808
8.2,97,109,30.8299
8.2,98,97,15.8808
8.2,99,90,15.8808
8.2,100,83,31.1005
8.2,101,94,15.8808
8.2,102,100,15.8808
8.2,103,102,30.8299
8.2,104,106,15.8808
8.2,105,103,15.8808
8.2,106,104,30.8299
8.2,107,96,15.8808
8.2,108,96,15.8808
8.2,109,80,31.1005
8.2,110,78,15.8808
8.2,111,79,15.8808
8.2,112,91,30.8299
8.2,113,92,15.8808
8.2,114,96,15.8808
8.2,115,94,30.8299
8.2,116,93,15.8808
8.2,117,88,15.8808
8.2,118,84,30.8299
8.2,119,66,31.1005
8.2,120,63,31.1005
8.2,121,73,31.1005
8.2,122,83,15.8808
8.2,123,80,15.8808
8.2,124,86,30.8299
8.2,125,82,15.8808
8.2,126,84,15.8808
8.2,127,79,31.1005
8.2,128,69,15.8808
8.2,129,64,15.8808
8.2,130,57,31.1005
8.2,131,64,31.1005
8.4,0,57,31.1538
8.4,1,73,30.547
8.4,2,76,15.6461
8.4,3,81,15.6461
8.4,4,82,31.1538
8.4,5,84,15.6461
8.4,6,80,15.6461
8.4,7,79,30.547
8.4,8,67,15.6461
8.4,9,67,15.6461
8.4,10,70,31.1538
8.4,11,84,15.6461
8.4,12,84,15.6461
8.4,13,92,30.547
8.4,14,91,15.6461
8.4,15,94,15.6461
8.4,16,90,30.547
8.4,17,88,15.6461
8.4,18,82,15.6461
8.4,19,73,31.1538
8.4,20,81,15.6461
8.4,21,87,15.6461
8.4,22,97,30.547
8.4,23,102,15.6461
8.4,24,100,15.6461
8.4,25,104,30.547
8.4,26,98,15.6461
8.4,27,101,15.6461
8.4,28,90,30.547
8.4,29,78,31.1538
8.4,30,82,31.1538
8.4,31,102,30.547
8.4,32,106,15.6461
8.4,33,111,15.6461
8.4,34,112,30.547
8.4,35,114,15.6461
8.4,36,110,15.6461
8.4,37,109,30.547
8.4,38,95,15.6461
8.4,39,94,15.6461
8.4,40,96,31.1538
8.4,41,113,15.6461
8.4,42,114,15.6461
8.4,43,122,30.547
8.4,44,121,15.6461
8.4,45,124,15.6461
8.4,46,120,30.547
8.4,47,117,15.6461
8.4,48,111,15.6461
8.4,49,98,31.1538
8.4,50,105,15.6461
8.4,51,111,15.6461
8.4,52,125,30.547
8.4,53,127,15.6461
8.4,54,126,15.6461
8.4,55,128,30.547
8.4,56,125,15.6461
8.4,57,124,15.6461
8.4,58,114,30.547
8.4,59,97,31.1538
8.4,60,99,31.1538
8.4,61,117,30.547
8.4,62,126,15.6461
8.4,63,128,15.6461
8.4,64,131,30.547
8.4,65,129,15.6461
8.4,66,127,15.6461
8.4,67,124,30.547
8.4,68,110,15.6461
8.4,69,105,15.6461
8.4,70,104,31.1538
8.4,71,118,15.6461
8.4,72,123,15.6461
8.4,73,128,30.547
8.4,74,130,15.6461
8.4,75,130,15.6461
8.4,76,127,30.547
8.4,77,119,15.6461
8.4,78,116,15.6461
8.4,79,102,31.1538
8.4,80,104,15.6461
8.4,81,105,15.6461
8.4,82,121,30.547
8.4,83,122,15.6461
8.4,84,126,15.6461
8.4,85,124,30.547
8.4,86,123,15.6461
8.4,87,118,15.6461
8.4,88,111,30.547
8.4,89,90,31.1538
8.4,90,88,31.1538
8.4,91,102,30.547
8.4,92,113,15.6461
8.4,93,110,15.6461
8.4,94,116,30.547
8.4,95,112,15.6461
8.4,96,114,15.6461
8.4,97,109,30.547
8.4,98,97,15.6461
8.4,99,90,15.6461
8.4,100,83,31.1538
8.4,101,94,15.6461
8.4,102,100,15.6461
8.4,103,102,30.547
8.4,104,106,15.6461
8.4,105,103,15.6461
8.4,106,104,30.547
8.4,107,96,15.6461
8.4,108,96,15.6461
8.4,109,80,31.1538
8.4,110,78,15.6461
8.4,111,79,15.6461
8.4,112,91,30.547
8.4,113,92,15.6461
8.4,114,96,15.6461
8.4,115,94,30.547
8.4,116,93,15.6461
8.4,117,88,15.6461
8.4,118,84,30.547
8.4,119,66,31.1538
8.4,120,63,31.1538
8.4,121,73,31.1538
8.4,122,83,15.6461
8.4,123,80,15.6461
8.4,124,86,30.547
8.4,125,82,15.6461
8.4,126,84,15.6461
8.4,127,79,31.1538
8.4,128,69,15.6461
8.4,129,64,15.6461
8.4,130,57,31.1538
8.4,131,64,31.1538
8.6,0,57,31.2083
8.6,1,73,30.2642
8.6,2,76,15.4208
8.6,3,81,15.4208
8.6,4,82,31.2083
8.6,5,84,15.4208
8.6,6,80,15.4208
8.6,7,79,30.2642
8.6,8,67,15.4208
8.6,9,67,15.4208
8.6,10,70,31.2083
8.6,11,84,15.4208
8.6,12,84,15.4208
8.6,13,92,30.2642
8.6,14,91,15.4208
8.6,15,94,15.4208
8.6,16,90,30.2642
8.6,17,88,15.4208
8.6,18,82,15.4208
8.6,19,73,31.2083
8.6,20,81,15.4208
8.6,21,87,15.4208
8.6,22,97,30.2642
8.6,23,102,15.4208
8.6,24,100,15.4208
8.6,25,104,30.2642
8.6,26,98,15.4208
8.6,27,101,15.4208
8.6,28,90,30.2642
8.6,29,78,31.2083
8.6,30,82,31.2083
8.6,31,102,30.2642
8.6,32,106,15.4208
8.6,33,111,15.4208
8.6,34,112,30.2642
8.6,35,114,15.4208
8.6,36,110,15.4208
8.6,37,109,30.2642
8.6,38,95,15.4208
8.6,39,94,15.4208
8.6,40,96,31.2083
8.6,41,113,15.4208
8.6,42,114,15.4208
8.6,43,122,30.2642
8.6,44,121,15.4208
8.6,45,124,15.4208
8.6,46,120,30.2642
8.6,47,117,15.4208
8.6,48,111,15.4208
8.6,49,98,31.2083
8.6,50,105,15.4208
8.6,51,111,15.4208
8.6,52,125,30.2642
8.6,53,127,15.4208
8.6,54,126,15.4208
8.6,55,128,30.2642
8.6,56,125,15.4208
8.6,57,124,15.4208
8.6,58,114,30.2642
8.6,59,97,31.2083
8.6,60,99,31.2083
8.6,61,117,30.2642
8.6,62,126,15.4208
8.6,63,128,15.4208
8.6,64,131,30.2642
8.6,65,129,15.4208
8.6,66,127,15.4208
8.6,67,124,30.2642
8.6,68,110,15.4208
8.6,69,105,15.4208
8.6,70,104,31.2083
8.6,71,118,15.4208
8.6,72,123,15.4208
8.6,73,128,30.2642
8.6,74,130,15.4208
8.6,75,130,15.4208
8.6,76,127,30.2642
8.6,77,119,15.4208
8.6,78,116,15.4208
8.6,79,102,31.2083
8.6,80,104,15.4208
8.6,81,105,15.4208
8.6,82,121,30.2642
8.6,83,122,15.4208
8.6,84,126,15.4208
8.6,85,124,30.2642
8.6,86,123,15.4208
8.6,87,118,15.4208
8.6,88,111,30.2642
8.6,89,90,31.2083
8.6,90,88,31.2083
8.6,91,102,30.2642
8.6,92,113,15.4208
8.6,93,110,15.4208
8.6,94,116,30.2642
8.6,95,112,15.4208
8.6,96,114,15.4208
8.6,97,109,30.2642
8.6,98,97,15.4208
8.6,99,90,15.4208
8.6,100,83,31.2083
8.6,101,94,15.4208
8.6,102,100,15.4208
8.6,103,102,30.2642
8.6,104,106,15.4208
8.6,105,103,15.4208
8.6,106,104,30.2642
8.6,107,96,15.4208
8.6,108,96,15.4208
8.6,109,80,31.2083
8.6,110,78,15.4208
8.6,111,79,15.4208
8.6,112,91,30.2642
8.6,113,92,15.4208
8.6,114,96,15.4208
8.6,115,94,30.2642
8.6,116,93,15.4208
8.6,117,88,15.4208
8.6,118,84,30.2642
8.6,119,66,31.2083
8.6,120,63,31.2083
8.6,121,73,31.2083
8.6,122,83,15.4208
8.6,123,80,15.4208
8.6,124,86,30.2642
8.6,125,82,15.4208
8.6,126,84,15.4208
8.6,127,79,31.2083
8.6,128,69,15.4208
8.6,129,64,15.4208
8.6,130,57,31.2083
8.6,131,64,31.2083
8.8,0,57,31.264
8.8,1,73,29.9813
8.8,2,76,15.2053
8.8,3,81,15.2053
8.8,4,82,31.264
8.8,5,84,15.2053
8.8,6,80,15.2053
8.8,7,79,29.9813
8.8,8,67,15.2053
8.8,9,67,15.2053
8.8,10,70,31.264
8.8,11,84,15.2053
8.8,12,84,15.2053
8.8,13,92,29.9813
8.8,14,91,15.2053
8.8,15,94,15.2053
8.8,16,90,29.9813
8.8,17,88,15.2053
8.8,18,82,15.2053
8.8,19,73,31.264
8.8,20,81,15.2053
8.8,21,87,15.2053
8.8,22,97,29.9813
8.8,23,102,15.2053
8.8,24,100,15.2053
8.8,25,104,29.9813
8.8,26,98,15.2053
8.8,27,101,15.2053
8.8,28,90,29.9813
8.8,29,78,31.264
8.8,30,82,31.264
8.8,31,102,29.9813
8.8,32,106,15.2053
8.8,33,111,15.2053
8.8,34,112,29.9813
8.8,35,114,15.2053
8.8,36,110,15.2053
8.8,37,109,29.9813
8.8,38,95,15.2053
8.8,39,94,15.2053
8.8,40,96,31.264
8.8,41,113,15.2053
8.8,42,114,15.2053
8.8,43,122,29.9813
8.8,44,121,15.2053
8.8,45,124,15.2053
8.8,46,120,29.9813
8.8,47,117,15.2053
8.8,48,111,15.2053
8.8,49,98,31.264
8.8,50,105,15.2053
8.8,51,111,15.2053
8.8,52,125,29.9813
8.8,53,127,15.2053
8.8,54,126,15.2053
8.8,55,128,29.9813
8.8,56,125,15.2053
8.8,57,124,15.2053
8.8,58,114,29.9813
8.8,59,97,31.264
8.8,60,99,31.264
8.8,61,117,29.9813
8.8,62,126,15.2053
8.8,63,128,15.2053
8.8,64,131,29.9813
8.8,65,129,15.2053
8.8,66,127,15.2053
8.8,67,124,29.9813
8.8,68,110,15.2053
8.8,69,105,15.2053
8.8,70,104,31.264
8.8,71,118,15.2053
8.8,72,123,15.2053
8.8,73,128,29.9813
8.8,74,130,15.2053
8.8,75,130,15.2053
8.8,76,127,29.9813
8.8,77,119,15.2053
8.8,78,116,15.2053
8.8,79,102,31.264
8.8,80,104,15.2053
8.8,81,105,15.2053
8.8,82,121,29.9813
8.8,83,122,15.2053
8.8,84,126,15.2053
8.8,85,124,29.9813
8.8,86,123,15.2053
8.8,87,118,15.2053
8.8,88,111,29.9813
8.8,89,90,31.264
8.8,90,88,31.264
8.8,91,102,29.9813
8.8,92,113,15.2053
8.8,93,110,15.2053
8.8,94,116,29.9813
8.8,95,112,15.2053
8.8,96,114,15.2053
8.8,97,109,29.9813
8.8,98,97,15.2053
8.8,99,90,15.2053
8.8,100,83,31.264
8.8,101,94,15.2053
8.8,102,100,15.2053
8.8,103,102,29.9813
8.8,104,106,15.2053
8.8,105,103,15.2053
8.8,106,104,29.9813
8.8,107,96,15.2053
8.8,108,96,15.2053
8.8,109,80,31.264
8.8,110,78,15.2053
8.8,111,79,15.2053
8.8,112,91,29.9813
8.8,113,92,15.2053
8.8,114,96,15.2053
8.8,115,94,29.9813
8.8,116,93,15.2053
8.8,117,88,15.2053
8.8,118,84,29.9813
8.8,119,66,31.264
8.8,120,63,31.264
8.8,121,73,31.264
8.8,122,83,15.2053
8.8,123,80,15.2053
8.8,124,86,29.9813
8.8,125,82,15.2053
8.8,126,84,15.2053
8.8,127,79,31.264
8.8,128,69,15.2053
8.8,129,64,15.2053
8.8,130,57,31.264
8.8,131,64,31.264
9,0,57,31.3209
9,1,73,29.6985
9,2,76,15
9,3,81,15
9,4,82,31.3209
9,5,84,15
9,6,80,15
9,7,79,29.6985
9,8,67,15
9,9,67,15
9,10,70,31.3209
9,11,84,15
9,12,84,15
9,13,92,29.6985
9,14,91,15
9,15,94,15
9,16,90,29.6985
9,17,88,15
9,18,82,15
9,19,73,31.3209
9,20,81,15
9,21,87,15
9,22,97,29.6985
9,23,102,15
9,24,100,15
9,25,104,29.6985
9,26,98,15
9,27,101,15
9,28,90,29.6985
9,29,78,31.3209
9,30,82,31.3209
9,31,102,29.6985
9,32,106,15
9,33,111,15
9,34,112,29.6985
9,35,114,15
9,36,110,15
9,37,109,29.6985
9,38,95,15
9,39,94,15
9,40,96,31.3209
9,41,113,15
9,42,114,15
9,43,122,29.6985
9,44,121,15
9,45,124,15
9,46,120,29.6985
9,47,117,15
9,48,111,15
9,49,98,31.3209
9,50,105,15
9,51,111,15
9,52,125,29.6985
9,53,127,15
9,54,126,15
9,55,128,29.6985
9,56,125,15
9,57,124,15
9,58,114,29.6985
9,59,97,31.3209
9,60,99,31.3209
9,61,117,29.6985
9,62,126,15
9,63,128,15
9,64,131,29.6985
9,65,129,15
9,66,127,15
9,67,124,29.6985
9,68,110,15
9,69,105,15
9,70,104,31.3209
9,71,118,15
9,72,123,15
9,73,128,29.6985
9,74,130,15
9,75,130,15
9,76,127,29.6985
9,77,119,15
9,78,116,15
9,79,102,31.3209
9,80,104,15
9,81,105,15
9,82,121,29.6985
9,83,122,15
9,84,126,15
9,85,124,29.6985
9,86,123,15
9,87,118,15
9,88,111,29.6985
9,89,90,31.3209
9,90,88,31.3209
9,91,102,29.6985
9,92,113,15
9,93,110,15
9,94,116,29.6985
9,95,112,15
9,96,114,15
9,97,109,29.6985
9,98,97,15
9,99,90,15
9,100,83,31.3209
9,101,94,15
9,102,100,15
9,103,102,29.6985
9,104,106,15
9,105,103,15
9,106,104,29.6985
9,107,96,15
9,108,96,15
9,109,80,31.3209
9,110,78,15
9,111,79,15
9,112,91,29.6985
9,113,92,15
9,114,96,15
9,115,94,29.6985
9,116,93,15
9,117,88,15
9,118,84,29.6985
9,119,66,31.3209
9,120,63,31.3209
9,121,73,31.3209
9,122,83,15
9,123,80,15
9,124,86,29.6985
9,125,82,15
9,126,84,15
9,127,79,31.3209
9,128,69,15
9,129,64,15
9,130,57,31.3209
9,131,64,31.3209
9.2,0,57,31.379
9.2,1,73,29.4156
9.2,2,76,14.8054
9.2,3,81,14.8054
9.2,4,81,31.379
9.2,5,84,14.8054
9.2,6,79,14.8054
9.2,7,79,29.4156
9.2,8,67,14.8054
9.2,9,67,14.8054
9.2,10,70,31.379
9.2,11,84,14.8054
9.2,12,83,14.8054
9.2,13,92,29.4156
9.2,14,91,14.8054
9.2,15,94,14.8054
9.2,16,89,29.4156
9.2,17,88,14.8054
9.2,18,81,14.8054
9.2,19,73,31.379
9.2,20,81,14.8054
9.2,21,87,14.8054
9.2,22,96,29.4156
9.2,23,102,14.8054
9.2,24,99,14.8054
9.2,25,104,29.4156
9.2,26,98,14.8054
9.2,27,101,14.8054
9.2,28,89,29.4156
9.2,29,78,31.379
9.2,30,82,31.379
9.2,31,102,29.4156
9.2,32,106,14.8054
9.2,33,111,14.8054
9.2,34,111,29.4156
9.2,35,114,14.8054
9.2,36,109,14.8054
9.2,37,109,29.4156
9.2,38,95,14.8054
9.2,39,94,14.8054
9.2,40,96,31.379
9.2,41,113,14.8054
9.2,42,113,14.8054
9.2,43,122,29.4156
9.2,44,121,14.8054
9.2,45,124,14.8054
9.2,46,119,29.4156
9.2,47,117,14.8054
9.2,48,110,14.8054
9.2,49,98,31.379
9.2,50,105,14.8054
9.2,51,111,14.8054
9.2,52,124,29.4156
9.2,53,127,14.8054
9.2,54,126,14.8054
9.2,55,128,29.4156
9.2,56,125,14.8054
9.2,57,124,14.8054
9.2,58,114,29.4156
9.2,59,97,31.379
9.2,60,99,31.379
9.2,61,117,29.4156
9.2,62,126,14.8054
9.2,63,128,14.8054
9.2,64,131,29.4156
9.2,65,129,14.8054
9.2,66,127,14.8054
9.2,67,124,29.4156
9.2,68,110,14.8054
9.2,69,105,14.8054
9.2,70,104,31.379
9.2,71,118,14.8054
9.2,72,123,14.8054
9.2,73,128,29.4156
9.2,74,130,14.8054
9.2,75,130,14.8054
9.2,76,127,29.4156
9.2,77,119,14.8054
9.2,78,116,14.8054
9.2,79,102,31.379
9.2,80,104,14.8054
9.2,81,105,14.8054
9.2,82,121,29.4156
9.2,83,121,14.8054
9.2,84,126,14.8054
9.2,85,123,29.4156
9.2,86,123,14.8054
9.2,87,118,14.8054
9.2,88,111,29.4156
9.2,89,90,31.379
9.2,90,88,31.379
9.2,91,101,29.4156
9.2,92,113,14.8054
9.2,93,110,14.8054
9.2,94,116,29.4156
9.2,95,111,14.8054
9.2,96,114,14.8054
9.2,97,108,29.4156
9.2,98,97,14.8054
9.2,99,90,14.8054
9.2,100,83,31.379
9.2,101,93,14.8054
9.2,102,100,14.8054
9.2,103,101,29.4156
9.2,104,106,14.8054
9.2,105,103,14.8054
9.2,106,104,29.4156
9.2,107,95,14.8054
9.2,108,96,14.8054
9.2,109,80,31.379
9.2,110,78,14.8054
9.2,111,79,14.8054
9.2,112,91,29.4156
9.2,113,91,14.8054
9.2,114,96,14.8054
9.2,115,93,29.4156
9.2,116,93,14.8054
9.2,117,88,14.8054
9.2,118,84,29.4156
9.2,119,66,31.379
9.2,120,63,31.379
9.2,121,72,31.379
9.2,122,83,14.8054
9.2,123,80,14.8054
9.2,124,86,29.4156
9.2,125,81,14.8054
9.2,126,84,14.8054
9.2,127,78,31.379
9.2,128,69,14.8054
9.2,129,64,14.8054
9.2,130,57,31.379
9.2,131,63,31.379
9.4,0,57,31.4382
9.4,1,73,29.1328
9.4,2,76,14.6219
9.4,3,81,14.6219
9.4,4,81,31.4382
9.4,5,84,14.6219
9.4,6,79,14.6219
9.4,7,79,29.1328
9.4,8,67,14.6219
9.4,9,67,14.6219
9.4,10,70,31.4382
9.4,11,84,14.6219
9.4,12,83,14.6219
9.4,13,92,29.1328
9.4,14,91,14.6219
9.4,15,94,14.6219
9.4,16,89,29.1328
9.4,17,88,14.6219
9.4,18,81,14.6219
9.4,19,73,31.4382
9.4,20,81,14.6219
9.4,21,87,14.6219
9.4,22,96,29.1328
9.4,23,102,14.6219
9.4,24,99,14.6219
9.4,25,104,29.1328
9.4,26,98,14.6219
9.4,27,101,14.6219
9.4,28,89,29.1328
9.4,29,78,31.4382
9.4,30,82,31.4382
9.4,31,102,29.1328
9.4,32,106,14.6219
9.4,33,111,14.6219
9.4,34,111,29.1328
9.4,35,114,14.6219
9.4,36,109,14.6219
9.4,37,109,29.1328
9.4,38,95,14.6219
9.4,39,94,14.6219
9.4,40,96,31.4382
9.4,41,113,14.6219
9.4,42,113,14.6219
9.4,43,122,29.1328
9.4,44,121,14.6219
9.4,45,124,14.6219
9.4,46,119,29.1328
9.4,47,117,14.6219
9.4,48,110,14.6219
9.4,49,98,31.4382
9.4,50,105,14.6219
9.4,51,111,14.6219
9.4,52,124,29.1328
9.4,53,127,14.6219
9.4,54,126,14.6219
9.4,55,128,29.1328
9.4,56,125,14.6219
9.4,57,124,14.6219
9.4,58,114,29.1328
9.4,59,97,31.4382
9.4,60,99,31.4382
9.4,61,117,29.1328
9.4,62,126,14.6219
9.4,63,128,14.6219
9.4,64,131,29.1328
9.4,65,129,14.6219
9.4,66,127,14.6219
9.4,67,124,29.1328
9.4,68,110,14.6219
9.4,69,105,14.6219
9.4,70,104,31.4382
9.4,71,118,14.6219
9.4,72,123,14.6219
9.4,73,128,29.1328
9.4,74,130,14.6219
9.4,75,130,14.6219
9.4,76,127,29.1328
9.4,77,119,14.6219
9.4,78,116,14.6219
9.4,79,102,31.4382
9.4,80,104,14.6219
9.4,81,105,14.6219
9.4,82,121,29.1328
9.4,83,121,14.6219
9.4,84,126,14.6219
9.4,85,123,29.1328
9.4,86,123,14.6219
9.4,87,118,14.6219
9.4,88,111,29.1328
9.4,89,90,31.4382
9.4,90,88,31.4382
9.4,91,101,29.1328
9.4,92,113,14.6219
9.4,93,110,14.6219
9.4,94,116,29.1328
9.4,95,111,14.6219
9.4,96,114,14.6219
9.4,97,108,29.1328
9.4,98,97,14.6219
9.4,99,90,14.6219
9.4,100,83,31.4382
9.4,101,93,14.6219
9.4,102,100,14.6219
9.4,103,101,29.1328
9.4,104,106,14.6219
9.4,105,103,14.6219
9.4,106,104,29.1328
9.4,107,95,14.6219
9.4,108,96,14.6219
9.4,109,80,31.4382
9.4,110,78,14.6219
9.4,111,79,14.6219
9.4,112,91,29.1328
9.4,113,91,14.6219
9.4,114,96,14.6219
9.4,115,93,29.1328
9.4,116,93,14.6219
9.4,117,88,14.6219
9.4,118,84,29.1328
9.4,119,66,31.4382
9.4,120,63,31.4382
9.4,121,72,31.4382
9.4,122,83,14.6219
9.4,123,80,14.6219
9.4,124,86,29.1328
9.4,125,81,14.6219
9.4,126,84,14.6219
9.4,127,78,31.4382
9.4,128,69,14.6219
9.4,129,64,14.6219
9.4,130,57,31.4382
9.4,131,63,31.4382
9.6,0,57,31.4986
9.6,1,73,28.85
9.6,2,76,14.4499
9.6,3,81,14.4499
9.6,4,81,31.4986
9.6,5,84,14.4499
9.6,6,79,14.4499
9.6,7,79,28.85
9.6,8,67,14.4499
9.6,9,67,14.4499
9.6,10,70,31.4986
9.6,11,84,14.4499
9.6,12,83,14.4499
9.6,13,92,28.85
9.6,14,91,14.4499
9.6,15,94,14.4499
9.6,16,89,28.85
9.6,17,88,14.4499
9.6,18,81,14.4499
9.6,19,73,31.4986
9.6,20,81,14.4499
9.6,21,87,14.4499
9.6,22,96,28.85
9.6,23,102,14.4499
9.6,24,99,14.4499
9.6,25,104,28.85
9.6,26,98,14.4499
9.6,27,101,14.4499
9.6,28,89,28.85
9.6,29,78,31.4986
9.6,30,82,31.4986
9.6,31,102,28.85
9.6,32,106,14.4499
9.6,33,111,14.4499
9.6,34,111,28.85
9.6,35,114,14.4499
9.6,36,109,14.4499
9.6,37,109,28.85
9.6,38,95,14.4499
9.6,39,94,14.4499
9.6,40,96,31.4986
9.6,41,113,14.4499
9.6,42,113,14.4499
9.6,43,122,28.85
9.6,44,121,14.4499
9.6,45,124,14.4499
9.6,46,119,28.85
9.6,47,117,14.4499
9.6,48,110,14.4499
9.6,49,98,31.4986
9.6,50,105,14.4499
9.6,51,111,14.4499
9.6,52,124,28.85
9.6,53,127,14.4499
9.6,54,126,14.4499
9.6,55,128,28.85
9.6,56,125,14.4499
9.6,57,124,14.4499
9.6,58,114,28.85
9.6,59,97,31.4986
9.6,60,99,31.4986
9.6,61,117,28.85
9.6,62,126,14.4499
9.6,63,128,14.4499
9.6,64,131,28.85
9.6,65,129,14.4499
9.6,66,127,14.4499
9.6,67,124,28.85
9.6,68,110,14.4499
9.6,69,105,14.4499
9.6,70,104,31.4986
9.6,71,118,14.4499
9.6,72,123,14.4499
9.6,73,128,28.85
9.6,74,130,14.4499
9.6,75,130,14.4499
9.6,76,127,28.85
9.6,77,119,14.4499
9.6,78,116,14.4499
9.6,79,102,31.4986
9.6,80,104,14.4499
9.6,81,105,14.4499
9.6,82,121,28.85
9.6,83,121,14.4499
9.6,84,126,14.4499
9.6,85,123,28.85
9.6,86,123,14.4499
9.6,87,118,14.4499
9.6,88,111,28.85
9.6,89,90,31.4986
9.6,90,88,31.4986
9.6,91,101,28.85
9.6,92,113,14.4499
9.6,93,110,14.4499
9.6,94,116,28.85
9.6,95,111,14.4499
9.6,96,114,14.4499
9.6,97,108,28.85
9.6,98,97,14.4499
9.6,99,90,14.4499
9.6,100,83,31.4986
9.6,101,93,14.4499
9.6,102,100,14.4499
9.6,103,101,28.85
9.6,104,106,14.4499
9.6,105,103,14.4499
9.6,106,104,28.85
9.6,107,95,14.4499
9.6,108,96,14.4499
9.6,109,80,31.4986
9.6,110,78,14.4499
9.6,111,79,14.4499
9.6,112,91,28.85
9.6,113,91,14.4499
9.6,114,96,14.4499
9.6,115,93,28.85
9.6,116,93,14.4499
9.6,117,88,14.4499
9.6,118,84,28.85
9.6,119,66,31.4986
9.6,120,63,31.4986
9.6,121,72,31.4986
9.6,122,83,14.4499
9.6,123,80,14.4499
9.6,124,86,28.85
9.6,125,81,14.4499
9.6,126,84,14.4499
9.6,127,78,31.4986
9.6,128,69,14.4499
9.6,129,64,14.4499
9.6,130,57,31.4986
9.6,131,63,31.4986
9.8,0,57,31.5601
9.8,1,73,28.5671
9.8,2,76,14.2899
9.8,3,81,14.2899
9.8,4,81,31.5601
9.8,5,84,14.2899
9.8,6,79,14.2899
9.8,7,79,28.5671
9.8,8,67,14.2899
9.8,9,67,14.2899
9.8,10,70,31.5601
9.8,11,84,14.2899
9.8,12,83,14.2899
9.8,13,92,28.5671
9.8,14,91,14.2899
9.8,15,94,14.2899
9.8,16,89,28.5671
9.8,17,88,14.2899
9.8,18,81,14.2899
9.8,19,73,31.5601
9.8,20,81,14.2899
9.8,21,87,14.2899
9.8,22,96,28.5671
9.8,23,102,14.2899
9.8,24,99,14.2899
9.8,25,104,28.5671
9.8,26,98,14.2899
9.8,27,101,14.2899
9.8,28,89,28.5671
9.8,29,78,31.5601
9.8,30,82,31.5601
9.8,31,102,28.5671
9.8,32,106,14.2899
9.8,33,111,14.2899
9.8,34,111,28.5671
9.8,35,114,14.2899
9.8,36,109,14.2899
9.8,37,109,28.5671
9.8,38,95,14.2899
9.8,39,94,14.2899
9.8,40,96,31.5601
9.8,41,113,14.2899
9.8,42,113,14.2899
9.8,43,122,28.5671
9.8,44,121,14.2899
9.8,45,124,14.2899
9.8,46,119,28.5671
9.8,47,117,14.2899
9.8,48,110,14.2899
9.8,49,98,31.5601
9.8,50,105,14.2899
9.8,51,111,14.2899
9.8,52,124,28.5671
9.8,53,127,14.2899
9.8,54,126,14.2899
9.8,55,128,28.5671
9.8,56,125,14.2899
9.8,57,124,14.2899
9.8,58,114,28.5671
9.8,59,97,31.5601
9.8,60,99,31.5601
9.8,61,117,28.5671
9.8,62,126,14.2899
9.8,63,128,14.2899
9.8,64,131,28.5671
9.8,65,129,14.2899
9.8,66,127,14.2899
9.8,67,124,28.5671
9.8,68,110,14.2899
9.8,69,105,14.2899
9.8,70,104,31.5601
9.8,71,118,14.2899
9.8,72,123,14.2899
9.8,73,128,28.5671
9.8,74,130,14.2899
9.8,75,130,14.2899
9.8,76,127,28.5671
9.8,77,119,14.2899
9.8,78,116,14.2899
9.8,79,102,31.5601
9.8,80,104,14.2899
9.8,81,105,14.2899
9.8,82,121,28.5671
9.8,83,121,14.2899
9.8,84,126,14.2899
9.8,85,123,28.5671
9.8,86,123,14.2899
9.8,87,118,14.2899
9.8,88,111,28.5671
9.8,89,90,31.5601
9.8,90,88,31.5601
9.8,91,101,28.5671
9.8,92,113,14.2899
9.8,93,110,14.2899
9.8,94,116,28.5671
9.8,95,111,14.2899
9.8,96,114,14.2899
9.8,97,108,28.5671
9.8,98,97,14.2899
9.8,99,90,14.2899
9.8,100,83,31.5601
9.8,101,93,14.2899
9.8,102,100,14.2899
9.8,103,101,28.5671
9.8,104,106,14.2899
9.8,105,103,14.2899
9.8,106,104,28.5671
9.8,107,95,14.2899
9.8,108,96,14.2899
9.8,109,80,31.5601
9.8,110,78,14.2899
9.8,111,79,14.2899
9.8,112,91,28.5671
9.8,113,91,14.2899
9.8,114,96,14.2899
9.8,115,93,28.5671
9.8,116,93,14.2899
9.8,117,88,14.2899
9.8,118,84,28.5671
9.8,119,66,31.5601
9.8,120,63,31.5601
9.8,121,72,31.5601
9.8,122,83,14.2899
9.8,123,80,14.2899
9.8,124,86,28.5671
9.8,125,81,14.2899
9.8,126,84,14.2899
9.8,127,78,31.5601
9.8,128,69,14.2899
9.8,129,64,14.2899
9.8,130,57,31.5601
9.8,131,63,31.5601
10,0,57,31.6228
10,1,73,28.2843
10,2,76,14.1421
10,3,82,14.1421
10,4,81,31.6228
10,5,84,14.1421
10,6,79,14.1421
10,7,78,28.2843
10,8,67,14.1421
10,9,67,14.1421
10,10,70,31.6228
10,11,85,14.1421
10,12,83,14.1421
10,13,92,28.2843
10,14,91,14.1421
10,15,93,14.1421
10,16,89,28.2843
10,17,88,14.1421
10,18,81,14.1421
10,19,73,31.6228
10,20,81,14.1421
10,21,88,14.1421
10,22,96,28.2843
10,23,103,14.1421
10,24,99,14.1421
10,25,103,28.2843
10,26,98,14.1421
10,27,100,14.1421
10,28,89,28.2843
10,29,78,31.6228
10,30,82,31.6228
10,31,103,28.2843
10,32,106,14.1421
10,33,112,14.1421
10,34,111,28.2843
10,35,114,14.1421
10,36,109,14.1421
10,37,109,28.2843
10,38,95,14.1421
10,39,94,14.1421
10,40,96,31.6228
10,41,114,14.1421
10,42,113,14.1421
10,43,122,28.2843
10,44,121,14.1421
10,45,124,14.1421
10,46,119,28.2843
10,47,117,14.1421
10,48,110,14.1421
10,49,98,31.6228
10,50,105,14.1421
10,51,112,14.1421
10,52,124,28.2843
10,53,128,14.1421
10,54,126,14.1421
10,55,128,28.2843
10,56,125,14.1421
10,57,124,14.1421
10,58,114,28.2843
10,59,97,31.6228
10,60,99,31.6228
10,61,117,28.2843
10,62,126,14.1421
10,63,128,14.1421
10,64,131,28.2843
10,65,129,14.1421
10,66,127,14.1421
10,67,124,28.2843
10,68,110,14.1421
10,69,105,14.1421
10,70,104,31.6228
10,71,118,14.1421
10,72,123,14.1421
10,73,128,28.2843
10,74,130,14.1421
10,75,130,14.1421
10,76,128,28.2843
10,77,119,14.1421
10,78,117,14.1421
10,79,102,31.6228
10,80,104,14.1421
10,81,105,14.1421
10,82,121,28.2843
10,83,120,14.1421
10,84,126,14.1421
10,85,123,28.2843
10,86,124,14.1421
10,87,118,14.1421
10,88,112,28.2843
10,89,89,31.6228
10,90,88,31.6228
10,91,101,28.2843
10,92,113,14.1421
10,93,110,14.1421
10,94,116,28.2843
10,95,110,14.1421
10,96,115,14.1421
10,97,107,28.2843
10,98,98,14.1421
10,99,90,14.1421
10,100,83,31.6228
10,101,93,14.1421
10,102,100,14.1421
10,103,101,28.2843
10,104,106,14.1421
10,105,103,14.1421
10,106,105,28.2843
10,107,94,14.1421
10,108,97,14.1421
10,109,79,31.6228
10,110,78,14.1421
10,111,79,14.1421
10,112,91,28.2843
10,113,91,14.1421
10,114,96,14.1421
10,115,93,28.2843
10,116,94,14.1421
10,117,88,14.1421
10,118,85,28.2843
10,119,66,31.6228
10,120,63,31.6228
10,121,72,31.6228
10,122,83,14.1421
10,123,80,14.1421
10,124,86,28.2843
10,125,80,14.1421
10,126,85,14.1421
10,127,78,31.6228
10,128,70,14.1421
10,129,64,14.1421
10,130,57,31.6228
10,131,63,31.6228
10.2,0,55,31.6866
10.2,1,73,28.0014
10.2,2,76,14.0071
10.2,3,80,14.0071
10.2,4,80,31.6866
10.2,5,84,14.0071
10.2,6,78,14.0071
10.2,7,78,28.0014
10.2,8,67,14.0071
10.2,9,67,14.0071
10.2,10,69,31.6866
10.2,11,85,14.0071
10.2,12,81,14.0071
10.2,13,92,28.0014
10.2,14,91,14.0071
10.2,15,93,14.0071
10.2,16,88,28.0014
10.2,17,88,14.0071
10.2,18,81,14.0071
10.2,19,73,31.6866
10.2,20,81,14.0071
10.2,21,86,14.0071
10.2,22,95,28.0014
10.2,23,103,14.0071
10.2,24,98,14.0071
10.2,25,103,28.0014
10.2,26,98,14.0071
10.2,27,100,14.0071
10.2,28,89,28.0014
10.2,29,78,31.6866
10.2,30,80,31.6866
10.2,31,102,28.0014
10.2,32,106,14.0071
10.2,33,110,14.0071
10.2,34,110,28.0014
10.2,35,114,14.0071
10.2,36,108,14.0071
10.2,37,108,28.0014
10.2,38,95,14.0071
10.2,39,94,14.0071
10.2,40,95,31.6866
10.2,41,114,14.0071
10.2,42,111,14.0071
10.2,43,122,28.0014
10.2,44,121,14.0071
10.2,45,123,14.0071
10.2,46,118,28.0014
10.2,47,117,14.0071
10.2,48,110,14.0071
10.2,49,98,31.6866
10.2,50,105,14.0071
10.2,51,111,14.0071
10.2,52,124,28.0014
10.2,53,128,14.0071
10.2,54,126,14.0071
10.2,55,128,28.0014
10.2,56,124,14.0071
10.2,57,124,14.0071
10.2,58,114,28.0014
10.2,59,96,31.6866
10.2,60,98,31.6866
10.2,61,117,28.0014
10.2,62,126,14.0071
10.2,63,127,14.0071
10.2,64,131,28.0014
10.2,65,129,14.0071
10.2,66,127,14.0071
10.2,67,124,28.0014
10.2,68,109,14.0071
10.2,69,105,14.0071
10.2,70,104,31.6866
10.2,71,118,14.0071
10.2,72,122,14.0071
10.2,73,128,28.0014
10.2,74,130,14.0071
10.2,75,130,14.0071
10.2,76,128,28.0014
10.2,77,118,14.0071
10.2,78,117,14.0071
10.2,79,102,31.6866
10.2,80,104,14.0071
10.2,81,105,14.0071
10.2,82,120,28.0014
10.2,83,120,14.0071
10.2,84,126,14.0071
10.2,85,122,28.0014
10.2,86,122,14.0071
10.2,87,118,14.0071
10.2,88,111,28.0014
10.2,89,88,31.6866
10.2,90,88,31.6866
10.2,91,101,28.0014
10.2,92,112,14.0071
10.2,93,110,14.0071
10.2,94,115,28.0014
10.2,95,110,14.0071
10.2,96,115,14.0071
10.2,97,107,28.0014
10.2,98,96,14.0071
10.2,99,90,14.0071
10.2,100,83,31.6866
10.2,101,93,14.0071
10.2,102,100,14.0071
10.2,103,100,28.0014
10.2,104,105,14.0071
10.2,105,103,14.0071
10.2,106,104,28.0014
10.2,107,93,14.0071
10.2,108,97,14.0071
10.2,109,79,31.6866
10.2,110,78,14.0071
10.2,111,79,14.0071
10.2,112,90,28.0014
10.2,113,90,14.0071
10.2,114,96,14.0071
10.2,115,92,28.0014
10.2,116,92,14.0071
10.2,117,88,14.0071
10.2,118,84,28.0014
10.2,119,64,31.6866
10.2,120,63,31.6866
10.2,121,72,31.6866
10.2,122,82,14.0071
10.2,123,80,14.0071
10.2,124,85,28.0014
10.2,125,80,14.0071
10.2,126,85,14.0071
10.2,127,77,31.6866
10.2,128,68,14.0071
10.2,129,64,14.0071
10.2,130,57,31.6866
10.2,131,63,31.6866
10.4,0,55,31.7515
10.4,1,73,27.7186
10.4,2,76,13.8852
10.4,3,80,13.8852
10.4,4,80,31.7515
10.4,5,84,13.8852
10.4,6,78,13.8852
10.4,7,78,27.7186
10.4,8,67,13.8852
10.4,9,68,13.8852
10.4,10,69,31.7515
10.4,11,85,13.8852
10.4,12,81,13.8852
10.4,13,92,27.7186
10.4,14,91,13.8852
10.4,15,93,13.8852
10.4,16,88,27.7186
10.4,17,88,13.8852
10.4,18,82,13.8852
10.4,19,73,31.7515
10.4,20,81,13.8852
10.4,21,86,13.8852
10.4,22,95,27.7186
10.4,23,103,13.8852
10.4,24,98,13.8852
10.4,25,103,27.7186
10.4,26,98,13.8852
10.4,27,100,13.8852
10.4,28,89,27.7186
10.4,29,78,31.7515
10.4,30,80,31.7515
10.4,31,102,27.7186
10.4,32,106,13.8852
10.4,33,110,13.8852
10.4,34,110,27.7186
10.4,35,114,13.8852
10.4,36,108,13.8852
10.4,37,108,27.7186
10.4,38,95,13.8852
10.4,39,95,13.8852
10.4,40,95,31.7515
10.4,41,115,13.8852
10.4,42,111,13.8852
10.4,43,122,27.7186
10.4,44,121,13.8852
10.4,45,123,13.8852
10.4,46,118,27.7186
10.4,47,117,13.8852
10.4,48,111,13.8852
10.4,49,98,31.7515
10.4,50,106,13.8852
10.4,51,111,13.8852
10.4,52,124,27.7186
10.4,53,128,13.8852
10.4,54,126,13.8852
10.4,55,128,27.7186
10.4,56,124,13.8852
10.4,57,124,13.8852
10.4,58,114,27.7186
10.4,59,96,31.7515
10.4,60,98,31.7515
10.4,61,117,27.7186
10.4,62,126,13.8852
10.4,63,127,13.8852
10.4,64,131,27.7186
10.4,65,129,13.8852
10.4,66,127,13.8852
10.4,67,124,27.7186
10.4,68,109,13.8852
10.4,69,106,13.8852
10.4,70,104,31.7515
10.4,71,119,13.8852
10.4,72,122,13.8852
10.4,73,128,27.7186
10.4,74,130,13.8852
10.4,75,130,13.8852
10.4,76,128,27.7186
10.4,77,118,13.8852
10.4,78,118,13.8852
10.4,79,102,31.7515
10.4,80,105,13.8852
10.4,81,105,13.8852
10.4,82,120,27.7186
10.4,83,120,13.8852
10.4,84,126,13.8852
10.4,85,122,27.7186
10.4,86,122,13.8852
10.4,87,118,13.8852
10.4,88,111,27.7186
10.4,89,88,31.7515
10.4,90,88,31.7515
10.4,91,101,27.7186
10.4,92,112,13.8852
10.4,93,110,13.8852
10.4,94,115,27.7186
10.4,95,110,13.8852
10.4,96,115,13.8852
10.4,97,107,27.7186
10.4,98,96,13.8852
10.4,99,91,13.8852
10.4,100,83,31.7515
10.4,101,94,13.8852
10.4,102,100,13.8852
10.4,103,100,27.7186
10.4,104,105,13.8852
10.4,105,103,13.8852
10.4,106,104,27.7186
10.4,107,93,13.8852
10.4,108,97,13.8852
10.4,109,79,31.7515
10.4,110,79,13.8852
10.4,111,79,13.8852
10.4,112,90,27.7186
10.4,113,90,13.8852
10.4,114,96,13.8852
10.4,115,92,27.7186
10.4,116,92,13.8852
10.4,117,88,13.8852
10.4,118,84,27.7186
10.4,119,64,31.7515
10.4,120,63,31.7515
10.4,121,72,31.7515
10.4,122,82,13.8852
10.4,123,80,13.8852
10.4,124,85,27.7186
10.4,125,80,13.8852
10.4,126,85,13.8852
10.4,127,77,31.7515
10.4,128,68,13.8852
10.4,129,64,13.8852
10.4,130,57,31.7515
10.4,131,64,31.7515
10.6,0,55,31.8176
10.6,1,73,27.4357
10.6,2,76,13.7768
10.6,3,80,13.7768
10.6,4,80,31.8176
10.6,5,84,13.7768
10.6,6,78,13.7768
10.6,7,78,27.4357
10.6,8,67,13.7768
10.6,9,68,13.7768
10.6,10,69,31.8176
10.6,11,85,13.7768
10.6,12,81,13.7768
10.6,13,92,27.4357
10.6,14,91,13.7768
10.6,15,93,13.7768
10.6,16,88,27.4357
10.6,17,88,13.7768
10.6,18,82,13.7768
10.6,19,73,31.8176
10.6,20,81,13.7768
10.6,21,86,13.7768
10.6,22,95,27.4357
10.6,23,103,13.7768
10.6,24,98,13.7768
10.6,25,103,27.4357
10.6,26,98,13.7768
10.6,27,100,13.7768
10.6,28,89,27.4357
10.6,29,78,31.8176
10.6,30,80,31.8176
10.6,31,102,27.4357
10.6,32,106,13.7768
10.6,33,110,13.7768
10.6,34,110,27.4357
10.6,35,114,13.7768
10.6,36,108,13.7768
10.6,37,108,27.4357
10.6,38,95,13.7768
10.6,39,95,13.7768
10.6,40,95,31.8176
10.6,41,115,13.7768
10.6,42,111,13.7768
10.6,43,122,27.4357
10.6,44,121,13.7768
10.6,45,123,13.7768
10.6,46,118,27.4357
10.6,47,117,13.7768
10.6,48,111,13.7768
10.6,49,98,31.8176
10.6,50,106,13.7768
10.6,51,111,13.7768
10.6,52,124,27.4357
10.6,53,128,13.7768
10.6,54,126,13.7768
10.6,55,128,27.4357
10.6,56,124,13.7768
10.6,57,124,13.7768
10.6,58,114,27.4357
10.6,59,96,31.8176
10.6,60,98,31.8176
10.6,61,117,27.4357
10.6,62,126,13.7768
10.6,63,127,13.7768
10.6,64,131,27.4357
10.6,65,129,13.7768
10.6,66,127,13.7768
10.6,67,124,27.4357
10.6,68,109,13.7768
10.6,69,106,13.7768
10.6,70,104,31.8176
10.6,71,119,13.7768
10.6,72,122,13.7768
10.6,73,128,27.4357
10.6,74,130,13.7768
10.6,75,130,13.7768
10.6,76,128,27.4357
10.6,77,118,13.7768
10.6,78,118,13.7768
10.6,79,102,31.8176
10.6,80,105,13.7768
10.6,81,105,13.7768
10.6,82,120,27.4357
10.6,83,120,13.7768
10.6,84,126,13.7768
10.6,85,122,27.4357
10.6,86,122,13.7768
10.6,87,118,13.7768
10.6,88,111,27.4357
10.6,89,88,31.8176
10.6,90,88,31.8176
10.6,91,101,27.4357
10.6,92,112,13.7768
10.6,93,110,13.7768
10.6,94,115,27.4357
10.6,95,110,13.7768
10.6,96,115,13.7768
10.6,97,107,27.4357
10.6,98,96,13.7768
10.6,99,91,13.7768
10.6,100,83,31.8176
10.6,101,94,13.7768
10.6,102,100,13.7768
10.6,103,100,27.4357
10.6,104,105,13.7768
10.6,105,103,13.7768
10.6,106,104,27.4357
10.6,107,93,13.7768
10.6,108,97,13.7768
10.6,109,79,31.8176
10.6,110,79,13.7768
10.6,111,79,13.7768
10.6,112,90,27.4357
10.6,113,90,13.7768
10.6,114,96,13.7768
10.6,115,92,27.4357
10.6,116,92,13.7768
10.6,117,88,13.7768
10.6,118,84,27.4357
10.6,119,64,31.8176
10.6,120,63,31.8176
10.6,121,72,31.8176
10.6,122,82,13.7768
10.6,123,80,13.7768
10.6,124,85,27.4357
10.6,125,80,13.7768
10.6,126,85,13.7768
10.6,127,77,31.8176
10.6,128,68,13.7768
10.6,129,64,13.7768
10.6,130,57,31.8176
10.6,131,64,31.8176
10.8,0,55,31.8848
10.8,1,73,27.1529
10.8,2,76,13.6821
10.8,3,80,13.6821
10.8,4,80,31.8848
10.8,5,84,13.6821
10.8,6,78,13.6821
10.8,7,78,27.1529
10.8,8,67,13.6821
10.8,9,68,13.6821
10.8,10,69,31.8848
10.8,11,85,13.6821
10.8,12,81,13.6821
10.8,13,92,27.1529
10.8,14,91,13.6821
10.8,15,93,13.6821
10.8,16,88,27.1529
10.8,17,88,13.6821
10.8,18,82,13.6821
10.8,19,73,31.8848
10.8,20,81,13.6821
10.8,21,86,13.6821
10.8,22,95,27.1529
10.8,23,103,13.6821
10.8,24,98,13.6821
10.8,25,103,27.1529
10.8,26,98,13.6821
10.8,27,100,13.6821
10.8,28,89,27.1529
10.8,29,78,31.8848
10.8,30,80,31.8848
10.8,31,102,27.1529
10.8,32,106,13.6821
10.8,33,110,13.6821
10.8,34,110,27.1529
10.8,35,114,13.6821
10.8,36,108,13.6821
10.8,37,108,27.1529
10.8,38,95,13.6821
10.8,39,95,13.6821
10.8,40,95,31.8848
10.8,41,115,13.6821
10.8,42,111,13.6821
10.8,43,122,27.1529
10.8,44,121,13.6821
10.8,45,123,13.6821
10.8,46,118,27.1529
10.8,47,117,13.6821
10.8,48,111,13.6821
10.8,49,98,31.8848
10.8,50,106,13.6821
10.8,51,111,13.6821
10.8,52,124,27.1529
10.8,53,128,13.6821
10.8,54,126,13.6821
10.8,55,128,27.1529
10.8,56,124,13.6821
10.8,57,124,13.6821
10.8,58,114,27.1529
10.8,59,96,31.8848
10.8,60,98,31.8848
10.8,61,117,27.1529
10.8,62,126,13.6821
10.8,63,127,13.6821
10.8,64,131,27.1529
10.8,65,129,13.6821
10.8,66,127,13.6821
10.8,67,124,27.1529
10.8,68,109,13.6821
10.8,69,106,13.6821
10.8,70,104,31.8848
10.8,71,119,13.6821
10.8,72,122,13.6821
10.8,73,128,27.1529
10.8,74,130,13.6821
10.8,75,130,13.6821
10.8,76,128,27.1529
10.8,77,118,13.6821
10.8,78,118,13.6821
10.8,79,102,31.8848
10.8,80,105,13.6821
10.8,81,105,13.6821
10.8,82,120,27.1529
10.8,83,120,13.6821
10.8,84,126,13.6821
10.8,85,122,27.1529
10.8,86,122,13.6821
10.8,87,118,13.6821
10.8,88,111,27.1529
10.8,89,88,31.8848
10.8,90,88,31.8848
10.8,91,101,27.1529
10.8,92,112,13.6821
10.8,93,110,13.6821
10.8,94,115,27.1529
10.8,95,110,13.6821
10.8,96,115,13.6821
10.8,97,107,27.1529
10.8,98,96,13.6821
10.8,99,91,13.6821
10.8,100,83,31.8848
10.8,101,94,13.6821
10.8,102,100,13.6821
10.8,103,100,27.1529
10.8,104,105,13.6821
10.8,105,103,13.6821
10.8,106,104,27.1529
10.8,107,93,13.6821
10.8,108,97,13.6821
10.8,109,79,31.8848
10.8,110,79,13.6821
10.8,111,79,13.6821
10.8,112,90,27.1529
10.8,113,90,13.6821
10.8,114,96,13.6821
10.8,115,92,27.1529
10.8,116,92,13.6821
10.8,117,88,13.6821
10.8,118,84,27.1529
10.8,119,64,31.8848
10.8,120,63,31.8848
10.8,121,72,31.8848
10.8,122,82,13.6821
10.8,123,80,13.6821
10.8,124,85,27.1529
10.8,125,80,13.6821
10.8,126,85,13.6821
10.8,127,77,31.8848
10.8,128,68,13.6821
10.8,129,64,13.6821
10.8,130,57,31.8848
10.8,131,64,31.8848
11,0,55,31.9531
11,1,73,26.8701
11,2,76,13.6015
11,3,80,13.6015
11,4,80,31.9531
11,5,84,13.6015
11,6,78,13.6015
11,7,78,26.8701
11,8,67,13.6015
11,9,68,13.6015
11,10,69,31.9531
11,11,85,13.6015
11,12,81,13.6015
11,13,92,26.8701
11,14,91,13.6015
11,15,93,13.6015
11,16,88,26.8701
11,17,88,13.6015
11,18,82,13.6015
11,19,73,31.9531
11,20,81,13.6015
11,21,86,13.6015
11,22,95,26.8701
11,23,103,13.6015
11,24,98,13.6015
11,25,103,26.8701
11,26,98,13.6015
11,27,100,13.6015
11,28,89,26.8701
11,29,78,31.9531
11,30,80,31.9531
11,31,102,26.8701
11,32,106,13.6015
11,33,110,13.6015
11,34,110,26.8701
11,35,114,13.6015
11,36,108,13.6015
11,37,108,26.8701
11,38,95,13.6015
11,39,95,13.6015
11,40,95,31.9531
11,41,115,13.6015
11,42,111,13.6015
11,43,122,26.8701
11,44,121,13.6015
11,45,123,13.6015
11,46,118,26.8701
11,47,117,13.6015
11,48,111,13.6015
11,49,98,31.9531
11,50,106,13.6015
11,51,111,13.6015
11,52,124,26.8701
11,53,128,13.6015
11,54,126,13.6015
11,55,128,26.8701
11,56,124,13.6015
11,57,124,13.6015
11,58,114,26.8701
11,59,96,31.9531
11,60,98,31.9531
11,61,117,26.8701
11,62,126,13.6015
11,63,127,13.6015
11,64,131,26.8701
11,65,129,13.6015
11,66,127,13.6015
11,67,124,26.8701
11,68,109,13.6015
11,69,106,13.6015
11,70,104,31.9531
11,71,119,13.6015
11,72,122,13.6015
11,73,128,26.8701
11,74,130,13.6015
11,75,130,13.6015
11,76,128,26.8701
11,77,118,13.6015
11,78,118,13.6015
11,79,102,31.9531
11,80,105,13.6015
11,81,105,13.6015
11,82,120,26.8701
11,83,120,13.6015
11,84,126,13.6015
11,85,122,26.8701
11,86,122,13.6015
11,87,118,13.6015
11,88,111,26.8701
11,89,88,31.9531
11,90,88,31.9531
11,91,101,26.8701
11,92,112,13.6015
11,93,110,13.6015
11,94,115,26.8701
11,95,110,13.6015
11,96,115,13.6015
11,97,107,26.8701
11,98,96,13.6015
11,99,91,13.6015
11,100,83,31.9531
11,101,94,13.6015
11,102,100,13.6015
11,103,100,26.8701
11,104,105,13.6015
11,105,103,13.6015
11,106,104,26.8701
11,107,93,13.6015
11,108,97,13.6015
11,109,79,31.9531
11,110,79,13.6015
11,111,79,13.6015
11,112,90,26.8701
11,113,90,13.6015
11,114,96,13.6015
11,115,92,26.8701
11,116,92,13.6015
11,117,88,13.6015
11,118,84,26.8701
11,119,64,31.9531
11,120,63,31.9531
11,121,72,31.9531
11,122,82,13.6015
11,123,80,13.6015
11,124,85,26.8701
11,125,80,13.6015
11,126,85,13.6015
11,127,77,31.9531
11,128,68,13.6015
11,129,64,13.6015
11,130,57,31.9531
11,131,64,31.9531
11.2,0,55,32.0225
11.2,1,73,26.5872
11.2,2,76,13.5351
11.2,3,80,13.5351
11.2,4,80,32.0225
11.2,5,84,13.5351
11.2,6,78,13.5351
11.2,7,78,26.5872
11.2,8,67,13.5351
11.2,9,68,13.5351
11.2,10,69,32.0225
11.2,11,85,13.5351
11.2,12,81,13.5351
11.2,13,92,26.5872
11.2,14,91,13.5351
11.2,15,93,13.5351
11.2,16,88,26.5872
11.2,17,88,13.5351
11.2,18,82,13.5351
11.2,19,73,32.0225
11.2,20,81,13.5351
11.2,21,86,13.5351
11.2,22,95,26.5872
11.2,23,103,13.5351
11.2,24,98,13.5351
11.2,25,103,26.5872
11.2,26,98,13.5351
11.2,27,100,13.5351
11.2,28,89,26.5872
11.2,29,78,32.0225
11.2,30,80,32.0225
11.2,31,102,26.5872
11.2,32,106,13.5351
11.2,33,110,13.5351
11.2,34,110,26.5872
11.2,35,114,13.5351
11.2,36,108,13.5351
11.2,37,108,26.5872
11.2,38,95,13.5351
11.2,39,95,13.5351
11.2,40,95,32.0225
11.2,41,115,13.5351
11.2,42,111,13.5351
11.2,43,122,26.5872
11.2,44,121,13.5351
11.2,45,123,13.5351
11.2,46,118,26.5872
11.2,47,117,13.5351
11.2,48,111,13.5351
11.2,49,98,32.0225
11.2,50,106,13.5351
11.2,51,111,13.5351
11.2,52,124,26.5872
11.2,53,128,13.5351
11.2,54,126,13.5351
11.2,55,128,26.5872
11.2,56,124,13.5351
11.2,57,124,13.5351
11.2,58,114,26.5872
11.2,59,96,32.0225
11.2,60,98,32.0225
11.2,61,117,26.5872
11.2,62,126,13.5351
11.2,63,127,13.5351
11.2,64,131,26.5872
11.2,65,129,13.5351
11.2,66,127,13.5351
11.2,67,124,26.5872
11.2,68,109,13.5351
11.2,69,106,13.5351
11.2,70,104,32.0225
11.2,71,119,13.5351
11.2,72,122,13.5351
11.2,73,128,26.5872
11.2,74,130,13.5351
11.2,75,130,13.5351
11.2,76,128,26.5872
11.2,77,118,13.5351
11.2,78,118,13.5351
11.2,79,102,32.0225
11.2,80,105,13.5351
11.2,81,105,13.5351
11.2,82,120,26.5872
11.2,83,120,13.5351
11.2,84,126,13.5351
11.2,85,122,26.5872
11.2,86,122,13.5351
11.2,87,118,13.5351
11.2,88,111,26.5872
11.2,89,88,32.0225
11.2,90,88,32.0225
11.2,91,101,26.5872
11.2,92,112,13.5351
11.2,93,110,13.5351
11.2,94,115,26.5872
11.2,95,110,13.5351
11.2,96,115,13.5351
11.2,97,107,26.5872
11.2,98,96,13.5351
11.2,99,91,13.5351
11.2,100,83,32.0225
11.2,101,94,13.5351
11.2,102,100,13.5351
11.2,103,100,26.5872
11.2,104,105,13.5351
11.2,105,103,13.5351
11.2,106,104,26.5872
11.2,107,93,13.5351
11.2,108,97,13.5351
11.2,109,79,32.0225
11.2,110,79,13.5351
11.2,111,79,13.5351
11.2,112,90,26.5872
11.2,113,90,13.5351
11.2,114,96,13.5351
11.2,115,92,26.5872
11.2,116,92,13.5351
11.2,117,88,13.5351
11.2,118,84,26.5872
11.2,119,64,32.0225
11.2,120,63,32.0225
11.2,121,72,32.0225
11.2,122,82,13.5351
11.2,123,80,13.5351
11.2,124,85,26.5872
11.2,125,80,13.5351
11.2,126,85,13.5351
11.2,127,77,32.0225
11.2,128,68,13.5351
11.2,129,64,13.5351
11.2,130,57,32.0225
11.2,131,64,32.0225
11.4,0,55,32.093
11.4,1,73,26.3044
11.4,2,76,13.4833
11.4,3,80,13.4833
11.4,4,80,32.093
11.4,5,84,13.4833
11.4,6,78,13.4833
11.4,7,78,26.3044
11.4,8,67,13.4833
11.4,9,68,13.4833
11.4,10,69,32.093
11.4,11,85,13.4833
11.4,12,81,13.4833
11.4,13,92,26.3044
11.4,14,91,13.4833
11.4,15,93,13.4833
11.4,16,88,26.3044
11.4,17,88,13.4833
11.4,18,82,13.4833
11.4,19,73,32.093
11.4,20,81,13.4833
11.4,21,86,13.4833
11.4,22,95,26.3044
11.4,23,103,13.4833
11.4,24,98,13.4833
11.4,25,103,26.3044
11.4,26,98,13.4833
11.4,27,100,13.4833
11.4,28,89,26.3044
11.4,29,78,32.093
11.4,30,80,32.093
11.4,31,102,26.3044
11.4,32,106,13.4833
11.4,33,110,13.4833
11.4,34,110,26.3044
11.4,35,114,13.4833
11.4,36,108,13.4833
11.4,37,108,26.3044
11.4,38,95,13.4833
11.4,39,95,13.4833
11.4,40,95,32.093
11.4,41,115,13.4833
11.4,42,111,13.4833
11.4,43,122,26.3044
11.4,44,121,13.4833
11.4,45,123,13.4833
11.4,46,118,26.3044
11.4,47,117,13.4833
11.4,48,111,13.4833
11.4,49,98,32.093
11.4,50,106,13.4833
11.4,51,111,13.4833
11.4,52,124,26.3044
11.4,53,128,13.4833
11.4,54,126,13.4833
11.4,55,128,26.3044
11.4,56,124,13.4833
11.4,57,124,13.4833
11.4,58,114,26.3044
11.4,59,96,32.093
11.4,60,98,32.093
11.4,61,117,26.3044
11.4,62,126,13.4833
11.4,63,127,13.4833
11.4,64,131,26.3044
11.4,65,129,13.4833
11.4,66,127,13.4833
11.4,67,124,26.3044
11.4,68,109,13.4833
11.4,69,106,13.4833
11.4,70,104,32.093
11.4,71,119,13.4833
11.4,72,122,13.4833
11.4,73,128,26.3044
11.4,74,130,13.4833
11.4,75,130,13.4833
11.4,76,128,26.3044
11.4,77,118,13.4833
11.4,78,118,13.4833
11.4,79,102,32.093
11.4,80,105,13.4833
11.4,81,105,13.4833
11.4,82,120,26.3044
11.4,83,120,13.4833
11.4,84,126,13.4833
11.4,85,122,26.3044
11.4,86,122,13.4833
11.4,87,118,13.4833
11.4,88,111,26.3044
11.4,89,88,32.093
11.4,90,88,32.093
11.4,91,101,26.3044
11.4,92,112,13.4833
11.4,93,110,13.4833
11.4,94,115,26.3044
11.4,95,110,13.4833
11.4,96,115,13.4833
11.4,97,107,26.3044
11.4,98,96,13.4833
11.4,99,91,13.4833
11.4,100,83,32.093
11.4,101,94,13.4833
11.4,102,100,13.4833
11.4,103,100,26.3044
11.4,104,105,13.4833
11.4,105,103,13.4833
11.4,106,104,26.3044
11.4,107,93,13.4833
11.4,108,97,13.4833
11.4,109,79,32.093
11.4,110,79,13.4833
11.4,111,79,13.4833
11.4,112,90,26.3044
11.4,113,90,13.4833
11.4,114,96,13.4833
11.4,115,92,26.3044
11.4,116,92,13.4833
11.4,117,88,13.4833
11.4,118,84,26.3044
11.4,119,64,32.093
11.4,120,63,32.093
11.4,121,72,32.093
11.4,122,82,13.4833
11.4,123,80,13.4833
11.4,124,85,26.3044
11.4,125,80,13.4833
11.4,126,85,13.4833
11.4,127,77,32.093
11.4,128,68,13.4833
11.4,129,64,13.4833
11.4,130,57,32.093
11.4,131,64,32.093
11.6,0,55,32.1646
11.6,1,73,26.0215
11.6,2,76,13.4462
11.6,3,80,13.4462
11.6,4,80,32.1646
11.6,5,85,13.4462
11.6,6,78,13.4462
11.6,7,79,26.0215
11.6,8,67,13.4462
11.6,9,68,13.4462
11.6,10,69,32.1646
11.6,11,85,13.4462
11.6,12,81,13.4462
11.6,13,93,26.0215
11.6,14,91,13.4462
11.6,15,93,13.4462
11.6,16,88,26.0215
11.6,17,89,13.4462
11.6,18,82,13.4462
11.6,19,74,32.1646
11.6,20,81,13.4462
11.6,21,86,13.4462
11.6,22,95,26.0215
11.6,23,104,13.4462
11.6,24,98,13.4462
11.6,25,104,26.0215
11.6,26,98,13.4462
11.6,27,100,13.4462
11.6,28,89,26.0215
11.6,29,79,32.1646
11.6,30,80,32.1646
11.6,31,102,26.0215
11.6,32,106,13.4462
11.6,33,110,13.4462
11.6,34,110,26.0215
11.6,35,115,13.4462
11.6,36,108,13.4462
11.6,37,109,26.0215
11.6,38,95,13.4462
11.6,39,95,13.4462
11.6,40,95,32.1646
11.6,41,115,13.4462
11.6,42,111,13.4462
11.6,43,123,26.0215
11.6,44,121,13.4462
11.6,45,123,13.4462
11.6,46,118,26.0215
11.6,47,118,13.4462
11.6,48,111,13.4462
11.6,49,99,32.1646
11.6,50,106,13.4462
11.6,51,111,13.4462
11.6,52,124,26.0215
11.6,53,129,13.4462
11.6,54,126,13.4462
11.6,55,128,26.0215
11.6,56,124,13.4462
11.6,57,124,13.4462
11.6,58,114,26.0215
11.6,59,96,32.1646
11.6,60,98,32.1646
11.6,61,117,26.0215
11.6,62,126,13.4462
11.6,63,127,13.4462
11.6,64,131,26.0215
11.6,65,129,13.4462
11.6,66,127,13.4462
11.6,67,124,26.0215
11.6,68,109,13.4462
11.6,69,106,13.4462
11.6,70,104,32.1646
11.6,71,119,13.4462
11.6,72,122,13.4462
11.6,73,128,26.0215
11.6,74,130,13.4462
11.6,75,130,13.4462
11.6,76,128,26.0215
11.6,77,118,13.4462
11.6,78,118,13.4462
11.6,79,102,32.1646
11.6,80,105,13.4462
11.6,81,105,13.4462
11.6,82,121,26.0215
11.6,83,120,13.4462
11.6,84,127,13.4462
11.6,85,122,26.0215
11.6,86,122,13.4462
11.6,87,118,13.4462
11.6,88,111,26.0215
11.6,89,88,32.1646
11.6,90,89,32.1646
11.6,91,101,26.0215
11.6,92,112,13.4462
11.6,93,110,13.4462
11.6,94,116,26.0215
11.6,95,110,13.4462
11.6,96,116,13.4462
11.6,97,107,26.0215
11.6,98,96,13.4462
11.6,99,91,13.4462
11.6,100,84,32.1646
11.6,101,94,13.4462
11.6,102,101,13.4462
11.6,103,100,26.0215
11.6,104,105,13.4462
11.6,105,103,13.4462
11.6,106,105,26.0215
11.6,107,93,13.4462
11.6,108,97,13.4462
11.6,109,79,32.1646
11.6,110,79,13.4462
11.6,111,79,13.4462
11.6,112,91,26.0215
11.6,113,90,13.4462
11.6,114,97,13.4462
11.6,115,92,26.0215
11.6,116,92,13.4462
11.6,117,88,13.4462
11.6,118,84,26.0215
11.6,119,64,32.1646
11.6,120,64,32.1646
11.6,121,72,32.1646
11.6,122,82,13.4462
11.6,123,80,13.4462
11.6,124,86,26.0215
11.6,125,80,13.4462
11.6,126,86,13.4462
11.6,127,77,32.1646
11.6,128,68,13.4462
11.6,129,64,13.4462
11.6,130,58,32.1646
11.6,131,64,32.1646
11.8,0,55,32.2372
11.8,1,73,25.7387
11.8,2,76,13.4239
11.8,3,80,13.4239
11.8,4,80,32.2372
11.8,5,85,13.4239
11.8,6,78,13.4239
11.8,7,79,25.7387
11.8,8,67,13.4239
11.8,9,68,13.4239
11.8,10,69,32.2372
11.8,11,85,13.4239
11.8,12,81,13.4239
11.8,13,93,25.7387
11.8,14,91,13.4239
11.8,15,93,13.4239
11.8,16,88,25.7387
11.8,17,89,13.4239
11.8,18,82,13.4239
11.8,19,74,32.2372
11.8,20,82,13.4239
11.8,21,86,13.4239
11.8,22,95,25.7387
11.8,23,104,13.4239
11.8,24,98,13.4239
11.8,25,104,25.7387
11.8,26,98,13.4239
11.8,27,100,13.4239
11.8,28,89,25.7387
11.8,29,79,32.2372
11.8,30,80,32.2372
11.8,31,102,25.7387
11.8,32,106,13.4239
11.8,33,110,13.4239
11.8,34,110,25.7387
11.8,35,115,13.4239
11.8,36,108,13.4239
11.8,37,109,25.7387
11.8,38,95,13.4239
11.8,39,96,13.4239
11.8,40,95,32.2372
11.8,41,115,13.4239
11.8,42,111,13.4239
11.8,43,123,25.7387
11.8,44,121,13.4239
11.8,45,123,13.4239
11.8,46,118,25.7387
11.8,47,118,13.4239
11.8,48,111,13.4239
11.8,49,99,32.2372
11.8,50,107,13.4239
11.8,51,111,13.4239
11.8,52,124,25.7387
11.8,53,129,13.4239
11.8,54,126,13.4239
11.8,55,128,25.7387
11.8,56,124,13.4239
11.8,57,124,13.4239
11.8,58,114,25.7387
11.8,59,96,32.2372
11.8,60,98,32.2372
11.8,61,117,25.7387
11.8,62,126,13.4239
11.8,63,127,13.4239
11.8,64,131,25.7387
11.8,65,129,13.4239
11.8,66,127,13.4239
11.8,67,124,25.7387
11.8,68,109,13.4239
11.8,69,107,13.4239
11.8,70,104,32.2372
11.8,71,119,13.4239
11.8,72,122,13.4239
11.8,73,128,25.7387
11.8,74,130,13.4239
11.8,75,130,13.4239
11.8,76,128,25.7387
11.8,77,118,13.4239
11.8,78,118,13.4239
11.8,79,102,32.2372
11.8,80,106,13.4239
11.8,81,105,13.4239
11.8,82,121,25.7387
11.8,83,120,13.4239
11.8,84,127,13.4239
11.8,85,122,25.7387
11.8,86,122,13.4239
11.8,87,118,13.4239
11.8,88,111,25.7387
11.8,89,88,32.2372
11.8,90,89,32.2372
11.8,91,101,25.7387
11.8,92,112,13.4239
11.8,93,110,13.4239
11.8,94,116,25.7387
11.8,95,110,13.4239
11.8,96,116,13.4239
11.8,97,107,25.7387
11.8,98,96,13.4239
11.8,99,92,13.4239
11.8,100,84,32.2372
11.8,101,94,13.4239
11.8,102,101,13.4239
11.8,103,100,25.7387
11.8,104,105,13.4239
11.8,105,103,13.4239
11.8,106,105,25.7387
11.8,107,93,13.4239
11.8,108,97,13.4239
11.8,109,79,32.2372
11.8,110,80,13.4239
11.8,111,79,13.4239
11.8,112,91,25.7387
11.8,113,90,13.4239
11.8,114,97,13.4239
11.8,115,92,25.7387
11.8,116,92,13.4239
11.8,117,88,13.4239
11.8,118,84,25.7387
11.8,119,64,32.2372
11.8,120,64,32.2372
11.8,121,72,32.2372
11.8,122,82,13.4239
11.8,123,80,13.4239
11.8,124,86,25.7387
11.8,125,80,13.4239
11.8,126,86,13.4239
11.8,127,77,32.2372
11.8,128,68,13.4239
11.8,129,65,13.4239
11.8,130,58,32.2372
11.8,131,64,32.2372
12,0,55,32.311
12,1,73,25.4558
12,2,76,13.4164
12,3,80,13.4164
12,4,80,32.311
12,5,85,13.4164
12,6,78,13.4164
12,7,79,25.4558
12,8,67,13.4164
12,9,68,13.4164
12,10,69,32.311
12,11,85,13.4164
12,12,81,13.4164
12,13,93,25.4558
12,14,91,13.4164
12,15,93,13.4164
12,16,88,25.4558
12,17,89,13.4164
12,18,82,13.4164
12,19,74,32.311
12,20,82,13.4164
12,21,86,13.4164
12,22,95,25.4558
12,23,104,13.4164
12,24,98,13.4164
12,25,104,25.4558
12,26,98,13.4164
12,27,100,13.4164
12,28,89,25.4558
12,29,79,32.311
12,30,80,32.311
12,31,102,25.4558
12,32,106,13.4164
12,33,110,13.4164
12,34,110,25.4558
12,35,115,13.4164
12,36,108,13.4164
12,37,109,25.4558
12,38,95,13.4164
12,39,96,13.4164
12,40,95,32.311
12,41,115,13.4164
12,42,111,13.4164
12,43,123,25.4558
12,44,121,13.4164
12,45,123,13.4164
12,46,118,25.4558
12,47,118,13.4164
12,48,111,13.4164
12,49,99,32.311
12,50,107,13.4164
12,51,111,13.4164
12,52,124,25.4558
12,53,129,13.4164
12,54,126,13.4164
12,55,128,25.4558
12,56,124,13.4164
12,57,124,13.4164
12,58,114,25.4558
12,59,96,32.311
12,60,98,32.311
12,61,117,25.4558
12,62,126,13.4164
12,63,127,13.4164
12,64,131,25.4558
12,65,129,13.4164
12,66,127,13.4164
12,67,124,25.4558
12,68,109,13.4164
12,69,107,13.4164
12,70,104,32.311
12,71,119,13.4164
12,72,122,13.4164
12,73,128,25.4558
12,74,130,13.4164
12,75,130,13.4164
12,76,128,25.4558
12,77,118,13.4164
12,78,118,13.4164
12,79,102,32.311
12,80,106,13.4164
12,81,105,13.4164
12,82,121,25.4558
12,83,120,13.4164
12,84,127,13.4164
12,85,122,25.4558
12,86,122,13.4164
12,87,118,13.4164
12,88,111,25.4558
12,89,88,32.311
12,90,89,32.311
12,91,101,25.4558
12,92,112,13.4164
12,93,110,13.4164
12,94,116,25.4558
12,95,110,13.4164
12,96,116,13.4164
12,97,107,25.4558
12,98,96,13.4164
12,99,92,13.4164
12,100,84,32.311
12,101,94,13.4164
12,102,101,13.4164
12,103,100,25.4558
12,104,105,13.4164
12,105,103,13.4164
12,106,105,25.4558
12,107,93,13.4164
12,108,97,13.4164
12,109,79,32.311
12,110,80,13.4164
12,111,79,13.4164
12,112,91,25.4558
12,113,90,13.4164
12,114,97,13.4164
12,115,92,25.4558
12,116,92,13.4164
12,117,88,13.4164
12,118,84,25.4558
12,119,64,32.311
12,120,64,32.311
12,121,72,32.311
12,122,82,13.4164
12,123,80,13.4164
12,124,86,25.4558
12,125,80,13.4164
12,126,86,13.4164
12,127,77,32.311
12,128,68,13.4164
12,129,65,13.4164
12,130,58,32.311
12,131,64,32.311
12.2,0,55,32.3858
12.2,1,73,25.173
12.2,2,76,13.4239
12.2,3,80,13.4239
12.2,4,80,32.3858
12.2,5,85,13.4239
12.2,6,78,13.4239
12.2,7,79,25.173
12.2,8,67,13.4239
12.2,9,68,13.4239
12.2,10,69,32.3858
12.2,11,85,13.4239
12.2,12,81,13.4239
12.2,13,93,25.173
12.2,14,91,13.4239
12.2,15,93,13.4239
12.2,16,88,25.173
12.2,17,89,13.4239
12.2,18,82,13.4239
12.2,19,74,32.3858
12.2,20,82,13.4239
12.2,21,86,13.4239
12.2,22,95,25.173
12.2,23,104,13.4239
12.2,24,98,13.4239
12.2,25,104,25.173
12.2,26,98,13.4239
12.2,27,100,13.4239
12.2,28,89,25.173
12.2,29,79,32.3858
12.2,30,80,32.3858
12.2,31,102,25.173
12.2,32,106,13.4239
12.2,33,110,13.4239
12.2,34,110,25.173
12.2,35,115,13.4239
12.2,36,108,13.4239
12.2,37,109,25.173
12.2,38,95,13.4239
12.2,39,96,13.4239
12.2,40,95,32.3858
12.2,41,115,13.4239
12.2,42,111,13.4239
12.2,43,123,25.173
12.2,44,121,13.4239
12.2,45,123,13.4239
12.2,46,118,25.173
12.2,47,118,13.4239
12.2,48,111,13.4239
12.2,49,99,32.3858
12.2,50,107,13.4239
12.2,51,111,13.4239
12.2,52,124,25.173
12.2,53,129,13.4239
12.2,54,126,13.4239
12.2,55,128,25.173
12.2,56,124,13.4239
12.2,57,124,13.4239
12.2,58,114,25.173
12.2,59,96,32.3858
12.2,60,98,32.3858
12.2,61,117,25.173
12.2,62,126,13.4239
12.2,63,127,13.4239
12.2,64,131,25.173
12.2,65,129,13.4239
12.2,66,127,13.4239
12.2,67,124,25.173
12.2,68,109,13.4239
12.2,69,107,13.4239
12.2,70,104,32.3858
12.2,71,119,13.4239
12.2,72,122,13.4239
12.2,73,128,25.173
12.2,74,130,13.4239
12.2,75,130,13.4239
12.2,76,128,25.173
12.2,77,118,13.4239
12.2,78,118,13.4239
12.2,79,102,32.3858
12.2,80,106,13.4239
12.2,81,105,13.4239
12.2,82,121,25.173
12.2,83,120,13.4239
12.2,84,127,13.4239
12.2,85,122,25.173
12.2,86,122,13.4239
12.2,87,118,13.4239
12.2,88,111,25.173
12.2,89,88,32.3858
12.2,90,89,32.3858
12.2,91,101,25.173
12.2,92,112,13.4239
12.2,93,110,13.4239
12.2,94,116,25.173
12.2,95,110,13.4239
12.2,96,116,13.4239
12.2,97,107,25.173
12.2,98,96,13.4239
12.2,99,92,13.4239
12.2,100,84,32.3858
12.2,101,94,13.4239
12.2,102,101,13.4239
12.2,103,100,25.173
12.2,104,105,13.4239
12.2,105,103,13.4239
12.2,106,105,25.173
12.2,107,93,13.4239
12.2,108,97,13.4239
12.2,109,79,32.3858
12.2,110,80,13.4239
12.2,111,79,13.4239
12.2,112,91,25.173
12.2,113,90,13.4239
12.2,114,97,13.4239
12.2,115,92,25.173
12.2,116,92,13.4239
12.2,117,88,13.4239
12.2,118,84,25.173
12.2,119,64,32.3858
12.2,120,64,32.3858
12.2,121,72,32.3858
12.2,122,82,13.4239
12.2,123,80,13.4239
12.2,124,86,25.173
12.2,125,80,13.4239
12.2,126,86,13.4239
12.2,127,77,32.3858
12.2,128,68,13.4239
12.2,129,65,13.4239
12.2,130,58,32.3858
12.2,131,64,32.3858
12.4,0,55,32.4617
12.4,1,73,24.8902
12.4,2,76,13.4462
12.4,3,80,13.4462
12.4,4,80,32.4617
12.4,5,85,13.4462
12.4,6,78,13.4462
12.4,7,79,24.8902
12.4,8,66,13.4462
12.4,9,70,13.4462
12.4,10,69,32.4617
12.4,11,86,13.4462
12.4,12,81,13.4462
12.4,13,93,24.8902
12.4,14,90,13.4462
12.4,15,93,13.4462
12.4,16,88,24.8902
12.4,17,89,13.4462
12.4,18,82,13.4462
12.4,19,74,32.4617
12.4,20,83,13.4462
12.4,21,86,13.4462
12.4,22,95,24.8902
12.4,23,104,13.4462
12.4,24,98,13.4462
12.4,25,104,24.8902
12.4,26,97,13.4462
12.4,27,101,13.4462
12.4,28,89,24.8902
12.4,29,79,32.4617
12.4,30,80,32.4617
12.4,31,102,24.8902
12.4,32,106,13.4462
12.4,33,110,13.4462
12.4,34,110,24.8902
12.4,35,115,13.4462
12.4,36,108,13.4462
12.4,37,109,24.8902
12.4,38,94,13.4462
12.4,39,98,13.4462
12.4,40,95,32.4617
12.4,41,116,13.4462
12.4,42,111,13.4462
12.4,43,123,24.8902
12.4,44,120,13.4462
12.4,45,123,13.4462
12.4,46,118,24.8902
12.4,47,118,13.4462
12.4,48,111,13.4462
12.4,49,99,32.4617
12.4,50,108,13.4462
12.4,51,111,13.4462
12.4,52,124,24.8902
12.4,53,129,13.4462
12.4,54,126,13.4462
12.4,55,128,24.8902
12.4,56,123,13.4462
12.4,57,125,13.4462
12.4,58,114,24.8902
12.4,59,96,32.4617
12.4,60,98,32.4617
12.4,61,117,24.8902
12.4,62,127,13.4462
12.4,63,127,13.4462
12.4,64,131,24.8902
12.4,65,129,13.4462
12.4,66,127,13.4462
12.4,67,124,24.8902
12.4,68,109,13.4462
12.4,69,109,13.4462
12.4,70,104,32.4617
12.4,71,119,13.4462
12.4,72,122,13.4462
12.4,73,128,24.8902
12.4,74,130,13.4462
12.4,75,129,13.4462
12.4,76,128,24.8902
12.4,77,118,13.4462
12.4,78,119,13.4462
12.4,79,102,32.4617
12.4,80,108,13.4462
12.4,81,104,13.4462
12.4,82,121,24.8902
12.4,83,120,13.4462
12.4,84,127,13.4462
12.4,85,122,24.8902
12.4,86,122,13.4462
12.4,87,118,13.4462
12.4,88,111,24.8902
12.4,89,88,32.4617
12.4,90,89,32.4617
12.4,91,101,24.8902
12.4,92,113,13.4462
12.4,93,109,13.4462
12.4,94,116,24.8902
12.4,95,110,13.4462
12.4,96,116,13.4462
12.4,97,107,24.8902
12.4,98,96,13.4462
12.4,99,93,13.4462
12.4,100,84,32.4617
12.4,101,94,13.4462
12.4,102,101,13.4462
12.4,103,100,24.8902
12.4,104,105,13.4462
12.4,105,102,13.4462
12.4,106,105,24.8902
12.4,107,93,13.4462
12.4,108,98,13.4462
12.4,109,79,32.4617
12.4,110,82,13.4462
12.4,111,78,13.4462
12.4,112,91,24.8902
12.4,113,90,13.4462
12.4,114,97,13.4462
12.4,115,92,24.8902
12.4,116,92,13.4462
12.4,117,88,13.4462
12.4,118,84,24.8902
12.4,119,64,32.4617
12.4,120,64,32.4617
12.4,121,72,32.4617
12.4,122,83,13.4462
12.4,123,79,13.4462
12.4,124,86,24.8902
12.4,125,80,13.4462
12.4,126,86,13.4462
12.4,127,77,32.4617
12.4,128,68,13.4462
12.4,129,65,13.4462
12.4,130,58,32.4617
12.4,131,64,32.4617
12.6,0,55,32.5386
12.6,1,73,24.6073
12.6,2,76,13.4833
12.6,3,80,13.4833
12.6,4,80,32.5386
12.6,5,85,13.4833
12.6,6,78,13.4833
12.6,7,79,24.6073
12.6,8,66,13.4833
12.6,9,70,13.4833
12.6,10,69,32.5386
12.6,11,86,13.4833
12.6,12,81,13.4833
12.6,13,93,24.6073
12.6,14,90,13.4833
12.6,15,93,13.4833
12.6,16,88,24.6073
12.6,17,89,13.4833
12.6,18,82,13.4833
12.6,19,74,32.5386
12.6,20,83,13.4833
12.6,21,86,13.4833
12.6,22,95,24.6073
12.6,23,104,13.4833
12.6,24,98,13.4833
12.6,25,104,24.6073
12.6,26,97,13.4833
12.6,27,101,13.4833
12.6,28,89,24.6073
12.6,29,79,32.5386
12.6,30,80,32.5386
12.6,31,102,24.6073
12.6,32,106,13.4833
12.6,33,110,13.4833
12.6,34,110,24.6073
12.6,35,115,13.4833
12.6,36,108,13.4833
12.6,37,109,24.6073
12.6,38,94,13.4833
12.6,39,98,13.4833
12.6,40,95,32.5386
12.6,41,116,13.4833
12.6,42,111,13.4833
12.6,43,123,24.6073
12.6,44,120,13.4833
12.6,45,123,13.4833
12.6,46,118,24.6073
12.6,47,118,13.4833
12.6,48,111,13.4833
12.6,49,99,32.5386
12.6,50,108,13.4833
12.6,51,111,13.4833
12.6,52,124,24.6073
12.6,53,129,13.4833
12.6,54,126,13.4833
12.6,55,128,24.6073
12.6,56,123,13.4833
12.6,57,125,13.4833
12.6,58,114,24.6073
12.6,59,96,32.5386
12.6,60,98,32.5386
12.6,61,117,24.6073
12.6,62,127,13.4833
12.6,63,127,13.4833
12.6,64,131,24.6073
12.6,65,129,13.4833
12.6,66,127,13.4833
12.6,67,124,24.6073
12.6,68,109,13.4833
12.6,69,109,13.4833
12.6,70,104,32.5386
12.6,71,119,13.4833
12.6,72,122,13.4833
12.6,73,128,24.6073
12.6,74,130,13.4833
12.6,75,129,13.4833
12.6,76,128,24.6073
12.6,77,118,13.4833
12.6,78,119,13.4833
12.6,79,102,32.5386
12.6,80,108,13.4833
12.6,81,104,13.4833
12.6,82,121,24.6073
12.6,83,120,13.4833
12.6,84,127,13.4833
12.6,85,122,24.6073
12.6,86,122,13.4833
12.6,87,118,13.4833
12.6,88,111,24.6073
12.6,89,88,32.5386
12.6,90,89,32.5386
12.6,91,101,24.6073
12.6,92,113,13.4833
12.6,93,109,13.4833
12.6,94,116,24.6073
12.6,95,110,13.4833
12.6,96,116,13.4833
12.6,97,107,24.6073
12.6,98,96,13.4833
12.6,99,93,13.4833
12.6,100,84,32.5386
12.6,101,94,13.4833
12.6,102,101,13.4833
12.6,103,100,24.6073
12.6,104,105,13.4833
12.6,105,102,13.4833
12.6,106,105,24.6073
12.6,107,93,13.4833
12.6,108,98,13.4833
12.6,109,79,32.5386
12.6,110,82,13.4833
12.6,111,78,13.4833
12.6,112,91,24.6073
12.6,113,90,13.4833
12.6,114,97,13.4833
12.6,115,92,24.6073
12.6,116,92,13.4833
12.6,117,88,13.4833
12.6,118,84,24.6073
12.6,119,64,32.5386
12.6,120,64,32.5386
12.6,121,72,32.5386
12.6,122,83,13.4833
12.6,123,79,13.4833
12.6,124,86,24.6073
12.6,125,80,13.4833
12.6,126,86,13.4833
12.6,127,77,32.5386
12.6,128,68,13.4833
12.6,129,65,13.4833
12.6,130,58,32.5386
12.6,131,64,32.5386
12.8,0,55,32.6166
12.8,1,73,24.3245
12.8,2,76,13.5351
12.8,3,80,13.5351
12.8,4,80,32.6166
12.8,5,85,13.5351
12.8,6,78,13.5351
12.8,7,79,24.3245
12.8,8,66,13.5351
12.8,9,70,13.5351
12.8,10,69,32.6166
12.8,11,86,13.5351
12.8,12,81,13.5351
12.8,13,93,24.3245
12.8,14,90,13.5351
12.8,15,93,13.5351
12.8,16,88,24.3245
12.8,17,89,13.5351
12.8,18,82,13.5351
12.8,19,74,32.6166
12.8,20,83,13.5351
12.8,21,86,13.5351
12.8,22,95,24.3245
12.8,23,104,13.5351
12.8,24,98,13.5351
12.8,25,104,24.3245
12.8,26,97,13.5351
12.8,27,101,13.5351
12.8,28,89,24.3245
12.8,29,79,32.6166
12.8,30,80,32.6166
12.8,31,102,24.3245
12.8,32,106,13.5351
12.8,33,110,13.5351
12.8,34,110,24.3245
12.8,35,115,13.5351
12.8,36,108,13.5351
12.8,37,109,24.3245
12.8,38,94,13.5351
12.8,39,98,13.5351
12.8,40,95,32.6166
12.8,41,116,13.5351
12.8,42,111,13.5351
12.8,43,123,24.3245
12.8,44,120,13.5351
12.8,45,123,13.5351
12.8,46,118,24.3245
12.8,47,118,13.5351
12.8,48,111,13.5351
12.8,49,99,32.6166
12.8,50,108,13.5351
12.8,51,111,13.5351
12.8,52,124,24.3245
12.8,53,129,13.5351
12.8,54,126,13.5351
12.8,55,128,24.3245
12.8,56,123,13.5351
12.8,57,125,13.5351
12.8,58,114,24.3245
12.8,59,96,32.6166
12.8,60,98,32.6166
12.8,61,117,24.3245
12.8,62,127,13.5351
12.8,63,127,13.5351
12.8,64,131,24.3245
12.8,65,129,13.5351
12.8,66,127,13.5351
12.8,67,124,24.3245
12.8,68,109,13.5351
12.8,69,109,13.5351
12.8,70,104,32.6166
12.8,71,119,13.5351
12.8,72,122,13.5351
12.8,73,128,24.3245
12.8,74,130,13.5351
12.8,75,129,13.5351
12.8,76,128,24.3245
12.8,77,118,13.5351
12.8,78,119,13.5351
12.8,79,102,32.6166
12.8,80,108,13.5351
12.8,81,104,13.5351
12.8,82,121,24.3245
12.8,83,120,13.5351
12.8,84,127,13.5351
12.8,85,122,24.3245
12.8,86,122,13.5351
12.8,87,118,13.5351
12.8,88,111,24.3245
12.8,89,88,32.6166
12.8,90,89,32.6166
12.8,91,101,24.3245
12.8,92,113,13.5351
12.8,93,109,13.5351
12.8,94,116,24.3245
12.8,95,110,13.5351
12.8,96,116,13.5351
12.8,97,107,24.3245
12.8,98,96,13.5351
12.8,99,93,13.5351
12.8,100,84,32.6166
12.8,101,94,13.5351
12.8,102,101,13.5351
12.8,103,100,24.3245
12.8,104,105,13.5351
12.8,105,102,13.5351
12.8,106,105,24.3245
12.8,107,93,13.5351
12.8,108,98,13.5351
12.8,109,79,32.6166
12.8,110,82,13.5351
12.8,111,78,13.5351
12.8,112,91,24.3245
12.8,113,90,13.5351
12.8,114,97,13.5351
12.8,115,92,24.3245
12.8,116,92,13.5351
12.8,117,88,13.5351
12.8,118,84,24.3245
12.8,119,64,32.6166
12.8,120,64,32.6166
12.8,121,72,32.6166
12.8,122,83,13.5351
12.8,123,79,13.5351
12.8,124,86,24.3245
12.8,125,80,13.5351
12.8,126,86,13.5351
12.8,127,77,32.6166
12.8,128,68,13.5351
12.8,129,65,13.5351
12.8,130,58,32.6166
12.8,131,64,32.6166
13,0,55,32.6956
13,1,73,24.0416
13,2,76,13.6015
13,3,80,13.6015
13,4,80,32.6956
13,5,85,13.6015
13,6,78,13.6015
13,7,79,24.0416
13,8,66,13.6015
13,9,70,13.6015
13,10,69,32.6956
13,11,86,13.6015
13,12,81,13.6015
13,13,93,24.0416
13,14,90,13.6015
13,15,93,13.6015
13,16,88,24.0416
13,17,89,13.6015
13,18,82,13.6015
13,19,74,32.6956
13,20,83,13.6015
13,21,86,13.6015
13,22,95,24.0416
13,23,104,13.6015
13,24,98,13.6015
13,25,104,24.0416
13,26,97,13.6015
13,27,101,13.6015
13,28,89,24.0416
13,29,79,32.6956
13,30,80,32.6956
13,31,102,24.0416
13,32,106,13.6015
13,33,110,13.6015
13,34,110,24.0416
13,35,115,13.6015
13,36,108,13.6015
13,37,109,24.0416
13,38,94,13.6015
13,39,98,13.6015
13,40,95,32.6956
13,41,116,13.6015
13,42,111,13.6015
13,43,123,24.0416
13,44,120,13.6015
13,45,123,13.6015
13,46,118,24.0416
13,47,118,13.6015
13,48,111,13.6015
13,49,99,32.6956
13,50,108,13.6015
13,51,111,13.6015
13,52,124,24.0416
13,53,129,13.6015
13,54,126,13.6015
13,55,128,24.0416
13,56,123,13.6015
13,57,125,13.6015
13,58,114,24.0416
13,59,96,32.6956
13,60,98,32.6956
13,61,117,24.0416
13,62,127,13.6015
13,63,127,13.6015
13,64,131,24.0416
13,65,129,13.6015
13,66,127,13.6015
13,67,124,24.0416
13,68,109,13.6015
13,69,109,13.6015
13,70,104,32.6956
13,71,119,13.6015
13,72,122,13.6015
13,73,128,24.0416
13,74,130,13.6015
13,75,129,13.6015
13,76,128,24.0416
13,77,118,13.6015
13,78,119,13.6015
13,79,102,32.6956
13,80,108,13.6015
13,81,104,13.6015
13,82,121,24.0416
13,83,120,13.6015
13,84,127,13.6015
13,85,122,24.0416
13,86,122,13.6015
13,87,118,13.6015
13,88,111,24.0416
13,89,88,32.6956
13,90,89,32.6956
13,91,101,24.0416
13,92,113,13.6015
13,93,109,13.6015
13,94,116,24.0416
13,95,110,13.6015
13,96,116,13.6015
13,97,107,24.0416
13,98,96,13.6015
13,99,93,13.6015
13,100,84,32.6956
13,101,94,13.6015
13,102,101,13.6015
13,103,100,24.0416
13,104,105,13.6015
13,105,102,13.6015
13,106,105,24.0416
13,107,93,13.6015
13,108,98,13.6015
13,109,79,32.6956
13,110,82,13.6015
13,111,78,13.6015
13,112,91,24.0416
13,113,90,13.6015
13,114,97,13.6015
13,115,92,24.0416
13,116,92,13.6015
13,117,88,13.6015
13,118,84,24.0416
13,119,64,32.6956
13,120,64,32.6956
13,121,72,32.6956
13,122,83,13.6015
13,123,79,13.6015
13,124,86,24.0416
13,125,80,13.6015
13,126,86,13.6015
13,127,77,32.6956
13,128,68,13.6015
13,129,65,13.6015
13,130,58,32.6956
13,131,64,32.6956
13.2,0,55,32.7756
13.2,1,73,23.7588
13.2,2,76,13.6821
13.2,3,80,13.6821
13.2,4,80,32.7756
13.2,5,85,13.6821
13.2,6,78,13.6821
13.2,7,79,23.7588
13.2,8,66,13.6821
13.2,9,70,13.6821
13.2,10,69,32.7756
13.2,11,86,13.6821
13.2,12,81,13.6821
13.2,13,93,23.7588
13.2,14,90,13.6821
13.2,15,93,13.6821
13.2,16,88,23.7588
13.2,17,89,13.6821
13.2,18,82,13.6821
13.2,19,74,32.7756
13.2,20,83,13.6821
13.2,21,86,13.6821
13.2,22,95,23.7588
13.2,23,104,13.6821
13.2,24,98,13.6821
13.2,25,104,23.7588
13.2,26,97,13.6821
13.2,27,101,13.6821
13.2,28,89,23.7588
13.2,29,79,32.7756
13.2,30,80,32.7756
13.2,31,102,23.7588
13.2,32,106,13.6821
13.2,33,110,13.6821
13.2,34,110,23.7588
13.2,35,115,13.6821
13.2,36,108,13.6821
13.2,37,109,23.7588
13.2,38,94,13.6821
13.2,39,98,13.6821
13.2,40,95,32.7756
13.2,41,116,13.6821
13.2,42,111,13.6821
13.2,43,123,23.7588
13.2,44,120,13.6821
13.2,45,123,13.6821
13.2,46,118,23.7588
13.2,47,118,13.6821
13.2,48,111,13.6821
13.2,49,99,32.7756
13.2,50,108,13.6821
13.2,51,111,13.6821
13.2,52,124,23.7588
13.2,53,129,13.6821
13.2,54,126,13.6821
13.2,55,128,23.7588
13.2,56,123,13.6821
13.2,57,125,13.6821
13.2,58,114,23.7588
13.2,59,96,32.7756
13.2,60,98,32.7756
13.2,61,117,23.7588
13.2,62,127,13.6821
13.2,63,127,13.6821
13.2,64,131,23.7588
13.2,65,129,13.6821
13.2,66,127,13.6821
13.2,67,124,23.7588
13.2,68,109,13.6821
13.2,69,109,13.6821
13.2,70,104,32.7756
13.2,71,119,13.6821
13.2,72,122,13.6821
13.2,73,128,23.7588
13.2,74,130,13.6821
13.2,75,129,13.6821
13.2,76,128,23.7588
13.2,77,118,13.6821
13.2,78,119,13.6821
13.2,79,102,32.7756
13.2,80,108,13.6821
13.2,81,104,13.6821
13.2,82,121,23.7588
13.2,83,120,13.6821
13.2,84,127,13.6821
13.2,85,122,23.7588
13.2,86,122,13.6821
13.2,87,118,13.6821
13.2,88,111,23.7588
13.2,89,88,32.7756
13.2,90,89,32.7756
13.2,91,101,23.7588
13.2,92,113,13.6821
13.2,93,109,13.6821
13.2,94,116,23.7588
13.2,95,110,13.6821
13.2,96,116,13.6821
13.2,97,107,23.7588
13.2,98,96,13.6821
13.2,99,93,13.6821
13.2,100,84,32.7756
13.2,101,94,13.6821
13.2,102,101,13.6821
13.2,103,100,23.7588
13.2,104,105,13.6821
13.2,105,102,13.6821
13.2,106,105,23.7588
13.2,107,93,13.6821
13.2,108,98,13.6821
13.2,109,79,32.7756
13.2,110,82,13.6821
13.2,111,78,13.6821
13.2,112,91,23.7588
13.2,113,90,13.6821
13.2,114,97,13.6821
13.2,115,92,23.7588
13.2,116,92,13.6821
13.2,117,88,13.6821
13.2,118,84,23.7588
13.2,119,64,32.7756
13.2,120,64,32.7756
13.2,121,72,32.7756
13.2,122,83,13.6821
13.2,123,79,13.6821
13.2,124,86,23.7588
13.2,125,80,13.6821
13.2,126,86,13.6821
13.2,127,77,32.7756
13.2,128,68,13.6821
13.2,129,65,13.6821
13.2,130,58,32.7756
13.2,131,64,32.7756
13.4,0,55,32.8567
13.4,1,73,23.4759
13.4,2,76,13.7768
13.4,3,80,13.7768
13.4,4,80,32.8567
13.4,5,85,13.7768
13.4,6,78,13.7768
13.4,7,79,23.4759
13.4,8,66,13.7768
13.4,9,70,13.7768
13.4,10,69,32.8567
13.4,11,86,13.7768
13.4,12,81,13.7768
13.4,13,93,23.4759
13.4,14,90,13.7768
13.4,15,93,13.7768
13.4,16,88,23.4759
13.4,17,89,13.7768
13.4,18,82,13.7768
13.4,19,74,32.8567
13.4,20,83,13.7768
13.4,21,86,13.7768
13.4,22,95,23.4759
13.4,23,104,13.7768
13.4,24,98,13.7768
13.4,25,104,23.4759
13.4,26,97,13.7768
13.4,27,101,13.7768
13.4,28,89,23.4759
13.4,29,79,32.8567
13.4,30,80,32.8567
13.4,31,102,23.4759
13.4,32,106,13.7768
13.4,33,110,13.7768
13.4,34,110,23.4759
13.4,35,115,13.7768
13.4,36,108,13.7768
13.4,37,109,23.4759
13.4,38,94,13.7768
13.4,39,98,13.7768
13.4,40,95,32.8567
13.4,41,116,13.7768
13.4,42,111,13.7768
13.4,43,123,23.4759
13.4,44,120,13.7768
13.4,45,123,13.7768
13.4,46,118,23.4759
13.4,47,118,13.7768
13.4,48,111,13.7768
13.4,49,99,32.8567
13.4,50,108,13.7768
13.4,51,111,13.7768
13.4,52,124,23.4759
13.4,53,129,13.7768
13.4,54,126,13.7768
13.4,55,128,23.4759
13.4,56,123,13.7768
13.4,57,125,13.7768
13.4,58,114,23.4759
13.4,59,96,32.8567
13.4,60,98,32.8567
13.4,61,117,23.4759
13.4,62,127,13.7768
13.4,63,127,13.7768
13.4,64,131,23.4759
13.4,65,129,13.7768
13.4,66,127,13.7768
13.4,67,124,23.4759
13.4,68,109,13.7768
13.4,69,109,13.7768
13.4,70,104,32.8567
13.4,71,119,13.7768
13.4,72,122,13.7768
13.4,73,128,23.4759
13.4,74,130,13.7768
13.4,75,129,13.7768
13.4,76,128,23.4759
13.4,77,118,13.7768
13.4,78,119,13.7768
13.4,79,102,32.8567
13.4,80,108,13.7768
13.4,81,104,13.7768
13.4,82,121,23.4759
13.4,83,120,13.7768
13.4,84,127,13.7768
13.4,85,122,23.4759
13.4,86,122,13.7768
13.4,87,118,13.7768
13.4,88,111,23.4759
13.4,89,88,32.8567
13.4,90,89,32.8567
13.4,91,101,23.4759
13.4,92,113,13.7768
13.4,93,109,13.7768
13.4,94,116,23.4759
13.4,95,110,13.7768
13.4,96,116,13.7768
13.4,97,107,23.4759
13.4,98,96,13.7768
13.4,99,93,13.7768
13.4,100,84,32.8567
13.4,101,94,13.7768
13.4,102,101,13.7768
13.4,103,100,23.4759
13.4,104,105,13.7768
13.4,105,102,13.7768
13.4,106,105,23.4759
13.4,107,93,13.7768
13.4,108,98,13.7768
13.4,109,79,32.8567
13.4,110,82,13.7768
13.4,111,78,13.7768
13.4,112,91,23.4759
13.4,113,90,13.7768
13.4,114,97,13.7768
13.4,115,92,23.4759
13.4,116,92,13.7768
13.4,117,88,13.7768
13.4,118,84,23.4759
13.4,119,64,32.8567
13.4,120,64,32.8567
13.4,121,72,32.8567
13.4,122,83,13.7768
13.4,123,79,13.7768
13.4,124,86,23.4759
13.4,125,80,13.7768
13.4,126,86,13.7768
13.4,127,77,32.8567
13.4,128,68,13.7768
13.4,129,65,13.7768
13.4,130,58,32.8567
13.4,131,64,32.8567
13.6,0,55,32.9387
13.6,1,73,23.1931
13.6,2,76,13.8852
13.6,3,80,13.8852
13.6,4,80,32.9387
13.6,5,85,13.8852
13.6,6,78,13.8852
13.6,7,79,23.1931
13.6,8,66,13.8852
13.6,9,70,13.8852
13.6,10,69,32.9387
13.6,11,86,13.8852
13.6,12,81,13.8852
13.6,13,93,23.1931
13.6,14,90,13.8852
13.6,15,93,13.8852
13.6,16,88,23.1931
13.6,17,89,13.8852
13.6,18,82,13.8852
13.6,19,74,32.9387
13.6,20,83,13.8852
13.6,21,86,13.8852
13.6,22,95,23.1931
13.6,23,104,13.8852
13.6,24,98,13.8852
13.6,25,104,23.1931
13.6,26,97,13.8852
13.6,27,101,13.8852
13.6,28,89,23.1931
13.6,29,79,32.9387
13.6,30,80,32.9387
13.6,31,102,23.1931
13.6,32,106,13.8852
13.6,33,110,13.8852
13.6,34,110,23.1931
13.6,35,115,13.8852
13.6,36,108,13.8852
13.6,37,109,23.1931
13.6,38,94,13.8852
13.6,39,98,13.8852
13.6,40,95,32.9387
13.6,41,116,13.8852
13.6,42,111,13.8852
13.6,43,123,23.1931
13.6,44,120,13.8852
13.6,45,123,13.8852
13.6,46,118,23.1931
13.6,47,118,13.8852
13.6,48,111,13.8852
13.6,49,99,32.9387
13.6,50,108,13.8852
13.6,51,111,13.8852
13.6,52,124,23.1931
13.6,53,129,13.8852
13.6,54,126,13.8852
13.6,55,128,23.1931
13.6,56,123,13.8852
13.6,57,125,13.8852
13.6,58,114,23.1931
13.6,59,96,32.9387
13.6,60,98,32.9387
13.6,61,117,23.1931
13.6,62,127,13.8852
13.6,63,127,13.8852
13.6,64,131,23.1931
13.6,65,129,13.8852
13.6,66,127,13.8852
13.6,67,124,23.1931
13.6,68,109,13.8852
13.6,69,109,13.8852
13.6,70,104,32.9387
13.6,71,119,13.8852
13.6,72,122,13.8852
13.6,73,128,23.1931
13.6,74,130,13.8852
13.6,75,129,13.8852
13.6,76,128,23.1931
13.6,77,118,13.8852
13.6,78,119,13.8852
13.6,79,102,32.9387
13.6,80,108,13.8852
13.6,81,104,13.8852
13.6,82,121,23.1931
13.6,83,120,13.8852
13.6,84,127,13.8852
13.6,85,122,23.1931
13.6,86,122,13.8852
13.6,87,118,13.8852
13.6,88,111,23.1931
13.6,89,88,32.9387
13.6,90,89,32.9387
13.6,91,101,23.1931
13.6,92,113,13.8852
13.6,93,109,13.8852
13.6,94,116,23.1931
13.6,95,110,13.8852
13.6,96,116,13.8852
13.6,97,107,23.1931
13.6,98,96,13.8852
13.6,99,93,13.8852
13.6,100,84,32.9387
13.6,101,94,13.8852
13.6,102,101,13.8852
13.6,103,100,23.1931
13.6,104,105,13.8852
13.6,105,102,13.8852
13.6,106,105,23.1931
13.6,107,93,13.8852
13.6,108,98,13.8852
13.6,109,79,32.9387
13.6,110,82,13.8852
13.6,111,78,13.8852
13.6,112,91,23.1931
13.6,113,90,13.8852
13.6,114,97,13.8852
13.6,115,92,23.1931
13.6,116,92,13.8852
13.6,117,88,13.8852
13.6,118,84,23.1931
13.6,119,64,32.9387
13.6,120,64,32.9387
13.6,121,72,32.9387
13.6,122,83,13.8852
13.6,123,79,13.8852
13.6,124,86,23.1931
13.6,125,80,13.8852
13.6,126,86,13.8852
13.6,127,77,32.9387
13.6,128,68,13.8852
13.6,129,65,13.8852
13.6,130,58,32.9387
13.6,131,64,32.9387
13.8,0,55,33.0218
13.8,1,73,22.9103
13.8,2,76,14.0071
13.8,3,80,14.0071
13.8,4,80,33.0218
13.8,5,85,14.0071
13.8,6,78,14.0071
13.8,7,79,22.9103
13.8,8,66,14.0071
13.8,9,70,14.0071
13.8,10,69,33.0218
13.8,11,86,14.0071
13.8,12,81,14.0071
13.8,13,93,22.9103
13.8,14,90,14.0071
13.8,15,93,14.0071
13.8,16,88,22.9103
13.8,17,89,14.0071
13.8,18,82,14.0071
13.8,19,74,33.0218
13.8,20,83,14.0071
13.8,21,86,14.0071
13.8,22,95,22.9103
13.8,23,104,14.0071
13.8,24,98,14.0071
13.8,25,104,22.9103
13.8,26,97,14.0071
13.8,27,101,14.0071
13.8,28,89,22.9103
13.8,29,79,33.0218
13.8,30,80,33.0218
13.8,31,102,22.9103
13.8,32,106,14.0071
13.8,33,110,14.0071
13.8,34,110,22.9103
13.8,35,115,14.0071
13.8,36,108,14.0071
13.8,37,109,22.9103
13.8,38,94,14.0071
13.8,39,98,14.0071
13.8,40,95,33.0218
13.8,41,116,14.0071
13.8,42,111,14.0071
13.8,43,123,22.9103
13.8,44,120,14.0071
13.8,45,123,14.0071
13.8,46,118,22.9103
13.8,47,118,14.0071
13.8,48,111,14.0071
13.8,49,99,33.0218
13.8,50,108,14.0071
13.8,51,111,14.0071
13.8,52,124,22.9103
13.8,53,129,14.0071
13.8,54,126,14.0071
13.8,55,128,22.9103
13.8,56,123,14.0071
13.8,57,125,14.0071
13.8,58,114,22.9103
13.8,59,96,33.0218
13.8,60,98,33.0218
13.8,61,117,22.9103
13.8,62,127,14.0071
13.8,63,127,14.0071
13.8,64,131,22.9103
13.8,65,129,14.0071
13.8,66,127,14.0071
13.8,67,124,22.9103
13.8,68,109,14.0071
13.8,69,109,14.0071
13.8,70,104,33.0218
13.8,71,119,14.0071
13.8,72,122,14.0071
13.8,73,128,22.9103
13.8,74,130,14.0071
13.8,75,129,14.0071
13.8,76,128,22.9103
13.8,77,118,14.0071
13.8,78,119,14.0071
13.8,79,102,33.0218
13.8,80,108,14.0071
13.8,81,104,14.0071
13.8,82,121,22.9103
13.8,83,120,14.0071
13.8,84,127,14.0071
13.8,85,122,22.9103
13.8,86,122,14.0071
13.8,87,118,14.0071
13.8,88,111,22.9103
13.8,89,88,33.0218
13.8,90,89,33.0218
13.8,91,101,22.9103
13.8,92,113,14.0071
13.8,93,109,14.0071
13.8,94,116,22.9103
13.8,95,110,14.0071
13.8,96,116,14.0071
13.8,97,107,22.9103
13.8,98,96,14.0071
13.8,99,93,14.0071
13.8,100,84,33.0218
13.8,101,94,14.0071
13.8,102,101,14.0071
13.8,103,100,22.9103
13.8,104,105,14.0071
13.8,105,102,14.0071
13.8,106,105,22.9103
13.8,107,93,14.0071
13.8,108,98,14.0071
13.8,109,79,33.0218
13.8,110,82,14.0071
13.8,111,78,14.0071
13.8,112,91,22.9103
13.8,113,90,14.0071
13.8,114,97,14.0071
13.8,115,92,22.9103
13.8,116,92,14.0071
13.8,117,88,14.0071
13.8,118,84,22.9103
13.8,119,64,33.0218
13.8,120,64,33.0218
13.8,121,72,33.0218
13.8,122,83,14.0071
13.8,123,79,14.0071
13.8,124,86,22.9103
13.8,125,80,14.0071
13.8,126,86,14.0071
13.8,127,77,33.0218
13.8,128,68,14.0071
13.8,129,65,14.0071
13.8,130,58,33.0218
13.8,131,64,33.0218
14,0,55,33.1059
14,1,73,22.6274
14,2,76,14.1421
14,3,80,14.1421
14,4,80,33.1059
14,5,85,14.1421
14,6,78,14.1421
14,7,79,22.6274
14,8,66,14.1421
14,9,70,14.1421
14,10,69,33.1059
14,11,86,14.1421
14,12,81,14.1421
14,13,93,22.6274
14,14,90,14.1421
14,15,93,14.1421
14,16,88,22.6274
14,17,89,14.1421
14,18,82,14.1421
14,19,74,33.1059
14,20,83,14.1421
14,21,86,14.1421
14,22,95,22.6274
14,23,104,14.1421
14,24,98,14.1421
14,25,104,22.6274
14,26,97,14.1421
14,27,101,14.1421
14,28,89,22.6274
14,29,79,33.1059
14,30,80,33.1059
14,31,102,22.6274
14,32,106,14.1421
14,33,110,14.1421
14,34,110,22.6274
14,35,115,14.1421
14,36,108,14.1421
14,37,109,22.6274
14,38,94,14.1421
14,39,98,14.1421
14,40,95,33.1059
14,41,116,14.1421
14,42,111,14.1421
14,43,123,22.6274
14,44,120,14.1421
14,45,123,14.1421
14,46,118,22.6274
14,47,118,14.1421
14,48,111,14.1421
14,49,99,33.1059
14,50,108,14.1421
14,51,111,14.1421
14,52,124,22.6274
14,53,129,14.1421
14,54,126,14.1421
14,55,128,22.6274
14,56,123,14.1421
14,57,125,14.1421
14,58,114,22.6274
14,59,96,33.1059
14,60,98,33.1059
14,61,117,22.6274
14,62,127,14.1421
14,63,127,14.1421
14,64,131,22.6274
14,65,129,14.1421
14,66,127,14.1421
14,67,124,22.6274
14,68,109,14.1421
14,69,109,14.1421
14,70,104,33.1059
14,71,119,14.1421
14,72,122,14.1421
14,73,128,22.6274
14,74,130,14.1421
14,75,129,14.1421
14,76,128,22.6274
14,77,118,14.1421
14,78,119,14.1421
14,79,102,33.1059
14,80,108,14.1421
14,81,104,14.1421
14,82,121,22.6274
14,83,120,14.1421
14,84,127,14.1421
14,85,122,22.6274
14,86,122,14.1421
14,87,118,14.1421
14,88,111,22.6274
14,89,88,33.1059
14,90,89,33.1059
14,91,101,22.6274
14,92,113,14.1421
14,93,109,14.1421
14,94,116,22.6274
14,95,110,14.1421
14,96,116,14.1421
14,97,107,22.6274
14,98,96,14.1421
14,99,93,14.1421
14,100,84,33.1059
14,101,94,14.1421
14,102,101,14.1421
14,103,100,22.6274
14,104,105,14.1421
14,105,102,14.1421
14,106,105,22.6274
14,107,93,14.1421
14,108,98,14.1421
14,109,79,33.1059
14,110,82,14.1421
14,111,78,14.1421
14,112,91,22.6274
14,113,90,14.1421
14,114,97,14.1421
14,115,92,22.6274
14,116,92,14.1421
14,117,88,14.1421
14,118,84,22.6274
14,119,64,33.1059
14,120,64,33.1059
14,121,72,33.1059
14,122,83,14.1421
14,123,79,14.1421
14,124,86,22.6274
14,125,80,14.1421
14,126,86,14.1421
14,127,77,33.1059
14,128,68,14.1421
14,129,65,14.1421
14,130,58,33.1059
14,131,64,33.1059
14.2,0,55,33.191
14.2,1,73,22.3446
14.2,2,76,14.2899
14.2,3,80,14.2899
14.2,4,80,33.191
14.2,5,85,14.2899
14.2,6,78,14.2899
14.2,7,79,22.3446
14.2,8,66,14.2899
14.2,9,70,14.2899
14.2,10,69,33.191
14.2,11,86,14.2899
14.2,12,81,14.2899
14.2,13,93,22.3446
14.2,14,90,14.2899
14.2,15,93,14.2899
14.2,16,88,22.3446
14.2,17,89,14.2899
14.2,18,82,14.2899
14.2,19,74,33.191
14.2,20,83,14.2899
14.2,21,86,14.2899
14.2,22,95,22.3446
14.2,23,104,14.2899
14.2,24,98,14.2899
14.2,25,104,22.3446
14.2,26,97,14.2899
14.2,27,101,14.2899
14.2,28,89,22.3446
14.2,29,79,33.191
14.2,30,80,33.191
14.2,31,102,22.3446
14.2,32,106,14.2899
14.2,33,110,14.2899
14.2,34,110,22.3446
14.2,35,115,14.2899
14.2,36,108,14.2899
14.2,37,109,22.3446
14.2,38,94,14.2899
14.2,39,98,14.2899
14.2,40,95,33.191
14.2,41,116,14.2899
14.2,42,111,14.2899
14.2,43,123,22.3446
14.2,44,120,14.2899
14.2,45,123,14.2899
14.2,46,118,22.3446
14.2,47,118,14.2899
14.2,48,111,14.2899
14.2,49,99,33.191
14.2,50,108,14.2899
14.2,51,111,14.2899
14.2,52,124,22.3446
14.2,53,129,14.2899
14.2,54,126,14.2899
14.2,55,128,22.3446
14.2,56,123,14.2899
14.2,57,125,14.2899
14.2,58,114,22.3446
14.2,59,96,33.191
14.2,60,98,33.191
14.2,61,117,22.3446
14.2,62,127,14.2899
14.2,63,127,14.2899
14.2,64,131,22.3446
14.2,65,129,14.2899
14.2,66,127,14.2899
14.2,67,124,22.3446
14.2,68,109,14.2899
14.2,69,109,14.2899
14.2,70,104,33.191
14.2,71,119,14.2899
14.2,72,122,14.2899
14.2,73,128,22.3446
14.2,74,130,14.2899
14.2,75,129,14.2899
14.2,76,128,22.3446
14.2,77,118,14.2899
14.2,78,119,14.2899
14.2,79,102,33.191
14.2,80,108,14.2899
14.2,81,104,14.2899
14.2,82,121,22.3446
14.2,83,120,14.2899
14.2,84,127,14.2899
14.2,85,122,22.3446
14.2,86,122,14.2899
14.2,87,118,14.2899
14.2,88,111,22.3446
14.2,89,88,33.191
14.2,90,89,33.191
14.2,91,101,22.3446
14.2,92,113,14.2899
14.2,93,109,14.2899
14.2,94,116,22.3446
14.2,95,110,14.2899
14.2,96,116,14.2899
14.2,97,107,22.3446
14.2,98,96,14.2899
14.2,99,93,14.2899
14.2,100,84,33.191
14.2,101,94,14.2899
14.2,102,101,14.2899
14.2,103,100,22.3446
14.2,104,105,14.2899
14.2,105,102,14.2899
14.2,106,105,22.3446
14.2,107,93,14.2899
14.2,108,98,14.2899
14.2,109,79,33.191
14.2,110,82,14.2899
14.2,111,78,14.2899
14.2,112,91,22.3446
14.2,113,90,14.2899
14.2,114,97,14.2899
14.2,115,92,22.3446
14.2,116,92,14.2899
14.2,117,88,14.2899
14.2,118,84,22.3446
14.2,119,64,33.191
14.2,120,64,33.191
14.2,121,72,33.191
14.2,122,83,14.2899
14.2,123,79,14.2899
14.2,124,86,22.3446
14.2,125,80,14.2899
14.2,126,86,14.2899
14.2,127,77,33.191
14.2,128,68,14.2899
14.2,129,65,14.2899
14.2,130,58,33.191
14.2,131,64,33.191
14.4,0,55,33.277
14.4,1,74,22.0617
14.4,2,76,14.4499
14.4,3,80,14.4499
14.4,4,80,33.277
14.4,5,85,14.4499
14.4,6,78,14.4499
14.4,7,79,22.0617
14.4,8,65,14.4499
14.4,9,70,14.4499
14.4,10,69,33.277
14.4,11,87,14.4499
14.4,12,81,14.4499
14.4,13,93,22.0617
14.4,14,90,14.4499
14.4,15,93,14.4499
14.4,16,88,22.0617
14.4,17,89,14.4499
14.4,18,82,14.4499
14.4,19,74,33.277
14.4,20,83,14.4499
14.4,21,86,14.4499
14.4,22,95,22.0617
14.4,23,104,14.4499
14.4,24,98,14.4499
14.4,25,104,22.0617
14.4,26,97,14.4499
14.4,27,101,14.4499
14.4,28,89,22.0617
14.4,29,79,33.277
14.4,30,80,33.277
14.4,31,103,22.0617
14.4,32,106,14.4499
14.4,33,110,14.4499
14.4,34,110,22.0617
14.4,35,115,14.4499
14.4,36,108,14.4499
14.4,37,109,22.0617
14.4,38,93,14.4499
14.4,39,98,14.4499
14.4,40,95,33.277
14.4,41,117,14.4499
14.4,42,111,14.4499
14.4,43,123,22.0617
14.4,44,120,14.4499
14.4,45,123,14.4499
14.4,46,118,22.0617
14.4,47,118,14.4499
14.4,48,111,14.4499
14.4,49,99,33.277
14.4,50,108,14.4499
14.4,51,111,14.4499
14.4,52,124,22.0617
14.4,53,129,14.4499
14.4,54,126,14.4499
14.4,55,128,22.0617
14.4,56,123,14.4499
14.4,57,125,14.4499
14.4,58,115,22.0617
14.4,59,96,33.277
14.4,60,98,33.277
14.4,61,118,22.0617
14.4,62,127,14.4499
14.4,63,127,14.4499
14.4,64,131,22.0617
14.4,65,129,14.4499
14.4,66,127,14.4499
14.4,67,124,22.0617
14.4,68,109,14.4499
14.4,69,109,14.4499
14.4,70,104,33.277
14.4,71,120,14.4499
14.4,72,122,14.4499
14.4,73,128,22.0617
14.4,74,130,14.4499
14.4,75,129,14.4499
14.4,76,128,22.0617
14.4,77,118,14.4499
14.4,78,120,14.4499
14.4,79,102,33.277
14.4,80,108,14.4499
14.4,81,103,14.4499
14.4,82,121,22.0617
14.4,83,120,14.4499
14.4,84,127,14.4499
14.4,85,122,22.0617
14.4,86,122,14.4499
14.4,87,118,14.4499
14.4,88,112,22.0617
14.4,89,88,33.277
14.4,90,89,33.277
14.4,91,101,22.0617
14.4,92,113,14.4499
14.4,93,109,14.4499
14.4,94,116,22.0617
14.4,95,110,14.4499
14.4,96,116,14.4499
14.4,97,107,22.0617
14.4,98,96,14.4499
14.4,99,93,14.4499
14.4,100,84,33.277
14.4,101,94,14.4499
14.4,102,101,14.4499
14.4,103,100,22.0617
14.4,104,105,14.4499
14.4,105,102,14.4499
14.4,106,105,22.0617
14.4,107,93,14.4499
14.4,108,99,14.4499
14.4,109,79,33.277
14.4,110,82,14.4499
14.4,111,77,14.4499
14.4,112,91,22.0617
14.4,113,90,14.4499
14.4,114,97,14.4499
14.4,115,92,22.0617
14.4,116,92,14.4499
14.4,117,88,14.4499
14.4,118,85,22.0617
14.4,119,64,33.277
14.4,120,64,33.277
14.4,121,72,33.277
14.4,122,83,14.4499
14.4,123,79,14.4499
14.4,124,86,22.0617
14.4,125,80,14.4499
14.4,126,86,14.4499
14.4,127,77,33.277
14.4,128,69,14.4499
14.4,129,65,14.4499
14.4,130,58,33.277
14.4,131,64,33.277
14.6,0,55,33.3641
14.6,1,74,21.7789
14.6,2,76,14.6219
14.6,3,80,14.6219
14.6,4,80,33.3641
14.6,5,85,14.6219
14.6,6,78,14.6219
14.6,7,79,21.7789
14.6,8,65,14.6219
14.6,9,70,14.6219
14.6,10,69,33.3641
14.6,11,87,14.6219
14.6,12,81,14.6219
14.6,13,93,21.7789
14.6,14,90,14.6219
14.6,15,93,14.6219
14.6,16,88,21.7789
14.6,17,89,14.6219
14.6,18,82,14.6219
14.6,19,74,33.3641
14.6,20,83,14.6219
14.6,21,86,14.6219
14.6,22,95,21.7789
14.6,23,104,14.6219
14.6,24,98,14.6219
14.6,25,104,21.7789
14.6,26,97,14.6219
14.6,27,101,14.6219
14.6,28,89,21.7789
14.6,29,79,33.3641
14.6,30,80,33.3641
14.6,31,103,21.7789
14.6,32,106,14.6219
14.6,33,110,14.6219
14.6,34,110,21.7789
14.6,35,115,14.6219
14.6,36,108,14.6219
14.6,37,109,21.7789
14.6,38,93,14.6219
14.6,39,98,14.6219
14.6,40,95,33.3641
14.6,41,117,14.6219
14.6,42,111,14.6219
14.6,43,123,21.7789
14.6,44,120,14.6219
14.6,45,123,14.6219
14.6,46,118,21.7789
14.6,47,118,14.6219
14.6,48,111,14.6219
14.6,49,99,33.3641
14.6,50,108,14.6219
14.6,51,111,14.6219
14.6,52,124,21.7789
14.6,53,129,14.6219
14.6,54,126,14.6219
14.6,55,128,21.7789
14.6,56,123,14.6219
14.6,57,125,14.6219
14.6,58,115,21.7789
14.6,59,96,33.3641
14.6,60,98,33.3641
14.6,61,118,21.7789
14.6,62,127,14.6219
14.6,63,127,14.6219
14.6,64,131,21.7789
14.6,65,129,14.6219
14.6,66,127,14.6219
14.6,67,124,21.7789
14.6,68,109,14.6219
14.6,69,109,14.6219
14.6,70,104,33.3641
14.6,71,120,14.6219
14.6,72,122,14.6219
14.6,73,128,21.7789
14.6,74,130,14.6219
14.6,75,129,14.6219
14.6,76,128,21.7789
14.6,77,118,14.6219
14.6,78,120,14.6219
14.6,79,102,33.3641
14.6,80,108,14.6219
14.6,81,103,14.6219
14.6,82,121,21.7789
14.6,83,120,14.6219
14.6,84,127,14.6219
14.6,85,122,21.7789
14.6,86,122,14.6219
14.6,87,118,14.6219
14.6,88,112,21.7789
14.6,89,88,33.3641
14.6,90,89,33.3641
14.6,91,101,21.7789
14.6,92,113,14.6219
14.6,93,109,14.6219
14.6,94,116,21.7789
14.6,95,110,14.6219
14.6,96,116,14.6219
14.6,97,107,21.7789
14.6,98,96,14.6219
14.6,99,93,14.6219
14.6,100,84,33.3641
14.6,101,94,14.6219
14.6,102,101,14.6219
14.6,103,100,21.7789
14.6,104,105,14.6219
14.6,105,102,14.6219
14.6,106,105,21.7789
14.6,107,93,14.6219
14.6,108,99,14.6219
14.6,109,79,33.3641
14.6,110,82,14.6219
14.6,111,77,14.6219
14.6,112,91,21.7789
14.6,113,90,14.6219
14.6,114,97,14.6219
14.6,115,92,21.7789
14.6,116,92,14.6219
14.6,117,88,14.6219
14.6,118,85,21.7789
14.6,119,64,33.3641
14.6,120,64,33.3641
14.6,121,72,33.3641
14.6,122,83,14.6219
14.6,123,79,14.6219
14.6,124,86,21.7789
14.6,125,80,14.6219
14.6,126,86,14.6219
14.6,127,77,33.3641
14.6,128,69,14.6219
14.6,129,65,14.6219
14.6,130,58,33.3641
14.6,131,64,33.3641
14.8,0,55,33.4521
14.8,1,74,21.496
14.8,2,76,14.8054
14.8,3,80,14.8054
14.8,4,80,33.4521
14.8,5,85,14.8054
14.8,6,78,14.8054
14.8,7,79,21.496
14.8,8,65,14.8054
14.8,9,70,14.8054
14.8,10,69,33.4521
14.8,11,87,14.8054
14.8,12,81,14.8054
14.8,13,93,21.496
14.8,14,90,14.8054
14.8,15,93,14.8054
14.8,16,88,21.496
14.8,17,89,14.8054
14.8,18,82,14.8054
14.8,19,74,33.4521
14.8,20,83,14.8054
14.8,21,86,14.8054
14.8,22,95,21.496
14.8,23,104,14.8054
14.8,24,98,14.8054
14.8,25,104,21.496
14.8,26,97,14.8054
14.8,27,101,14.8054
14.8,28,89,21.496
14.8,29,79,33.4521
14.8,30,80,33.4521
14.8,31,103,21.496
14.8,32,106,14.8054
14.8,33,110,14.8054
14.8,34,110,21.496
14.8,35,115,14.8054
14.8,36,108,14.8054
14.8,37,109,21.496
14.8,38,93,14.8054
14.8,39,98,14.8054
14.8,40,95,33.4521
14.8,41,117,14.8054
14.8,42,111,14.8054
14.8,43,123,21.496
14.8,44,120,14.8054
14.8,45,123,14.8054
14.8,46,118,21.496
14.8,47,118,14.8054
14.8,48,111,14.8054
14.8,49,99,33.4521
14.8,50,108,14.8054
14.8,51,111,14.8054
14.8,52,124,21.496
14.8,53,129,14.8054
14.8,54,126,14.8054
14.8,55,128,21.496
14.8,56,123,14.8054
14.8,57,125,14.8054
14.8,58,115,21.496
14.8,59,96,33.4521
14.8,60,98,33.4521
14.8,61,118,21.496
14.8,62,127,14.8054
14.8,63,127,14.8054
14.8,64,131,21.496
14.8,65,129,14.8054
14.8,66,127,14.8054
14.8,67,124,21.496
14.8,68,109,14.8054
14.8,69,109,14.8054
14.8,70,104,33.4521
14.8,71,120,14.8054
14.8,72,122,14.8054
14.8,73,128,21.496
14.8,74,130,14.8054
14.8,75,129,14.8054
14.8,76,128,21.496
14.8,77,118,14.8054
14.8,78,120,14.8054
14.8,79,102,33.4521
14.8,80,108,14.8054
14.8,81,103,14.8054
14.8,82,121,21.496
14.8,83,120,14.8054
14.8,84,127,14.8054
14.8,85,122,21.496
14.8,86,122,14.8054
14.8,87,118,14.8054
14.8,88,112,21.496
14.8,89,88,33.4521
14.8,90,89,33.4521
14.8,91,101,21.496
14.8,92,113,14.8054
14.8,93,109,14.8054
14.8,94,116,21.496
14.8,95,110,14.8054
14.8,96,116,14.8054
14.8,97,107,21.496
14.8,98,96,14.8054
14.8,99,93,14.8054
14.8,100,84,33.4521
14.8,101,94,14.8054
14.8,102,101,14.8054
14.8,103,100,21.496
14.8,104,105,14.8054
14.8,105,102,14.8054
14.8,106,105,21.496
14.8,107,93,14.8054
14.8,108,99,14.8054
14.8,109,79,33.4521
14.8,110,82,14.8054
14.8,111,77,14.8054
14.8,112,91,21.496
14.8,113,90,14.8054
14.8,114,97,14.8054
14.8,115,92,21.496
14.8,116,92,14.8054
14.8,117,88,14.8054
14.8,118,85,21.496
14.8,119,64,33.4521
14.8,120,64,33.4521
14.8,121,72,33.4521
14.8,122,83,14.8054
14.8,123,79,14.8054
14.8,124,86,21.496
14.8,125,80,14.8054
14.8,126,86,14.8054
14.8,127,77,33.4521
14.8,128,69,14.8054
14.8,129,65,14.8054
14.8,130,58,33.4521
14.8,131,64,33.4521
15,0,55,33.541
15,1,74,21.2132
15,2,76,15
15,3,80,15
15,4,80,33.541
15,5,85,15
15,6,78,15
15,7,79,21.2132
15,8,65,15
15,9,70,15
15,10,69,33.541
15,11,87,15
15,12,81,15
15,13,93,21.2132
15,14,90,15
15,15,93,15
15,16,88,21.2132
15,17,89,15
15,18,82,15
15,19,74,33.541
15,20,83,15
15,21,86,15
15,22,95,21.2132
15,23,104,15
15,24,98,15
15,25,104,21.2132
15,26,97,15
15,27,101,15
15,28,89,21.2132
15,29,79,33.541
15,30,80,33.541
15,31,103,21.2132
15,32,106,15
15,33,110,15
15,34,110,21.2132
15,35,115,15
15,36,108,15
15,37,109,21.2132
15,38,93,15
15,39,98,15
15,40,95,33.541
15,41,117,15
15,42,111,15
15,43,123,21.2132
15,44,120,15
15,45,123,15
15,46,118,21.2132
15,47,118,15
15,48,111,15
15,49,99,33.541
15,50,108,15
15,51,111,15
15,52,124,21.2132
15,53,129,15
15,54,126,15
15,55,128,21.2132
15,56,123,15
15,57,125,15
15,58,115,21.2132
15,59,96,33.541
15,60,98,33.541
15,61,118,21.2132
15,62,127,15
15,63,127,15
15,64,131,21.2132
15,65,129,15
15,66,127,15
15,67,124,21.2132
15,68,109,15
15,69,109,15
15,70,104,33.541
15,71,120,15
15,72,122,15
15,73,128,21.2132
15,74,130,15
15,75,129,15
15,76,128,21.2132
15,77,118,15
15,78,120,15
15,79,102,33.541
15,80,108,15
15,81,103,15
15,82,121,21.2132
15,83,120,15
15,84,127,15
15,85,122,21.2132
15,86,122,15
15,87,118,15
15,88,112,21.2132
15,89,88,33.541
15,90,89,33.541
15,91,101,21.2132
15,92,113,15
15,93,109,15
15,94,116,21.2132
15,95,110,15
15,96,116,15
15,97,107,21.2132
15,98,96,15
15,99,93,15
15,100,84,33.541
15,101,94,15
15,102,101,15
15,103,100,21.2132
15,104,105,15
15,105,102,15
15,106,105,21.2132
15,107,93,15
15,108,99,15
15,109,79,33.541
15,110,82,15
15,111,77,15
15,112,91,21.2132
15,113,90,15
15,114,97,15
15,115,92,21.2132
15,116,92,15
15,117,88,15
15,118,85,21.2132
15,119,64,33.541
15,120,64,33.541
15,121,72,33.541
15,122,83,15
15,123,79,15
15,124,86,21.2132
15,125,80,15
15,126,86,15
15,127,77,33.541
15,128,69,15
15,129,65,15
15,130,58,33.541
15,131,64,33.541
15.2,0,55,33.6309
15.2,1,74,20.9304
15.2,2,76,15.2053
15.2,3,80,15.2053
15.2,4,80,33.6309
15.2,5,85,15.2053
15.2,6,78,15.2053
15.2,7,79,20.9304
15.2,8,65,15.2053
15.2,9,70,15.2053
15.2,10,69,33.4521
15.2,11,87,15.2053
15.2,12,81,15.2053
15.2,13,93,20.9304
15.2,14,90,15.2053
15.2,15,93,15.2053
15.2,16,88,20.9304
15.2,17,89,15.2053
15.2,18,82,15.2053
15.2,19,74,33.4521
15.2,20,83,15.2053
15.2,21,86,15.2053
15.2,22,95,20.9304
15.2,23,104,15.2053
15.2,24,98,15.2053
15.2,25,104,20.9304
15.2,26,97,15.2053
15.2,27,101,15.2053
15.2,28,89,20.9304
15.2,29,79,33.4521
15.2,30,80,33.4521
15.2,31,103,20.9304
15.2,32,106,15.2053
15.2,33,110,15.2053
15.2,34,110,20.9304
15.2,35,115,15.2053
15.2,36,108,15.2053
15.2,37,109,20.9304
15.2,38,93,15.2053
15.2,39,98,15.2053
15.2,40,95,33.4521
15.2,41,117,15.2053
15.2,42,111,15.2053
15.2,43,123,20.9304
15.2,44,120,15.2053
15.2,45,123,15.2053
15.2,46,118,20.9304
15.2,47,118,15.2053
15.2,48,111,15.2053
15.2,49,99,33.4521
15.2,50,108,15.2053
15.2,51,111,15.2053
15.2,52,124,20.9304
15.2,53,129,15.2053
15.2,54,126,15.2053
15.2,55,128,20.9304
15.2,56,123,15.2053
15.2,57,125,15.2053
15.2,58,115,20.9304
15.2,59,96,33.4521
15.2,60,98,33.4521
15.2,61,118,20.9304
15.2,62,127,15.2053
15.2,63,127,15.2053
15.2,64,131,20.9304
15.2,65,129,15.2053
15.2,66,127,15.2053
15.2,67,124,20.9304
15.2,68,109,15.2053
15.2,69,109,15.2053
15.2,70,104,33.4521
15.2,71,120,15.2053
15.2,72,122,15.2053
15.2,73,128,20.9304
15.2,74,130,15.2053
15.2,75,129,15.2053
15.2,76,128,20.9304
15.2,77,118,15.2053
15.2,78,120,15.2053
15.2,79,102,33.4521
15.2,80,108,15.2053
15.2,81,103,15.2053
15.2,82,121,20.9304
15.2,83,120,15.2053
15.2,84,127,15.2053
15.2,85,122,20.9304
15.2,86,122,15.2053
15.2,87,118,15.2053
15.2,88,112,20.9304
15.2,89,88,33.4521
15.2,90,89,33.4521
15.2,91,101,20.9304
15.2,92,113,15.2053
15.2,93,109,15.2053
15.2,94,116,20.9304
15.2,95,110,15.2053
15.2,96,116,15.2053
15.2,97,107,20.9304
15.2,98,96,15.2053
15.2,99,93,15.2053
15.2,100,84,33.4521
15.2,101,94,15.2053
15.2,102,101,15.2053
15.2,103,100,20.9304
15.2,104,105,15.2053
15.2,105,102,15.2053
15.2,106,105,20.9304
15.2,107,93,15.2053
15.2,108,99,15.2053
15.2,109,79,33.4521
15.2,110,82,15.2053
15.2,111,77,15.2053
15.2,112,91,20.9304
15.2,113,90,15.2053
15.2,114,97,15.2053
15.2,115,92,20.9304
15.2,116,92,15.2053
15.2,117,88,15.2053
15.2,118,85,20.9304
15.2,119,64,33.4521
15.2,120,64,33.4521
15.2,121,72,33.4521
15.2,122,83,15.2053
15.2,123,79,15.2053
15.2,124,86,20.9304
15.2,125,80,15.2053
15.2,126,86,15.2053
15.2,127,77,33.6309
15.2,128,69,15.2053
15.2,129,65,15.2053
15.2,130,58,33.4521
15.2,131,64,33.6309
15.4,0,55,33.7218
15.4,1,74,20.6475
15.4,2,76,15.4208
15.4,3,80,15.4208
15.4,4,80,33.7218
15.4,5,85,15.4208
15.4,6,78,15.4208
15.4,7,79,20.6475
15.4,8,65,15.4208
15.4,9,70,15.4208
15.4,10,69,33.3641
15.4,11,87,15.4208
15.4,12,81,15.4208
15.4,13,93,20.6475
15.4,14,90,15.4208
15.4,15,93,15.4208
15.4,16,88,20.6475
15.4,17,89,15.4208
15.4,18,82,15.4208
15.4,19,74,33.3641
15.4,20,83,15.4208
15.4,21,86,15.4208
15.4,22,95,20.6475
15.4,23,104,15.4208
15.4,24,98,15.4208
15.4,25,104,20.6475
15.4,26,97,15.4208
15.4,27,101,15.4208
15.4,28,89,20.6475
15.4,29,79,33.3641
15.4,30,80,33.3641
15.4,31,103,20.6475
15.4,32,106,15.4208
15.4,33,110,15.4208
15.4,34,110,20.6475
15.4,35,115,15.4208
15.4,36,108,15.4208
15.4,37,109,20.6475
15.4,38,93,15.4208
15.4,39,98,15.4208
15.4,40,95,33.3641
15.4,41,117,15.4208
15.4,42,111,15.4208
15.4,43,123,20.6475
15.4,44,120,15.4208
15.4,45,123,15.4208
15.4,46,118,20.6475
15.4,47,118,15.4208
15.4,48,111,15.4208
15.4,49,99,33.3641
15.4,50,108,15.4208
15.4,51,111,15.4208
15.4,52,124,20.6475
15.4,53,129,15.4208
15.4,54,126,15.4208
15.4,55,128,20.6475
15.4,56,123,15.4208
15.4,57,125,15.4208
15.4,58,115,20.6475
15.4,59,96,33.3641
15.4,60,98,33.3641
15.4,61,118,20.6475
15.4,62,127,15.4208
15.4,63,127,15.4208
15.4,64,131,20.6475
15.4,65,129,15.4208
15.4,66,127,15.4208
15.4,67,124,20.6475
15.4,68,109,15.4208
15.4,69,109,15.4208
15.4,70,104,33.3641
15.4,71,120,15.4208
15.4,72,122,15.4208
15.4,73,128,20.6475
15.4,74,130,15.4208
15.4,75,129,15.4208
15.4,76,128,20.6475
15.4,77,118,15.4208
15.4,78,120,15.4208
15.4,79,102,33.3641
15.4,80,108,15.4208
15.4,81,103,15.4208
15.4,82,121,20.6475
15.4,83,120,15.4208
15.4,84,127,15.4208
15.4,85,122,20.6475
15.4,86,122,15.4208
15.4,87,118,15.4208
15.4,88,112,20.6475
15.4,89,88,33.3641
15.4,90,89,33.3641
15.4,91,101,20.6475
15.4,92,113,15.4208
15.4,93,109,15.4208
15.4,94,116,20.6475
15.4,95,110,15.4208
15.4,96,116,15.4208
15.4,97,107,20.6475
15.4,98,96,15.4208
15.4,99,93,15.4208
15.4,100,84,33.3641
15.4,101,94,15.4208
15.4,102,101,15.4208
15.4,103,100,20.6475
15.4,104,105,15.4208
15.4,105,102,15.4208
15.4,106,105,20.6475
15.4,107,93,15.4208
15.4,108,99,15.4208
15.4,109,79,33.3641
15.4,110,82,15.4208
15.4,111,77,15.4208
15.4,112,91,20.6475
15.4,113,90,15.4208
15.4,114,97,15.4208
15.4,115,92,20.6475
15.4,116,92,15.4208
15.4,117,88,15.4208
15.4,118,85,20.6475
15.4,119,64,33.3641
15.4,120,64,33.3641
15.4,121,72,33.3641
15.4,122,83,15.4208
15.4,123,79,15.4208
15.4,124,86,20.6475
15.4,125,80,15.4208
15.4,126,86,15.4208
15.4,127,77,33.7218
15.4,128,69,15.4208
15.4,129,65,15.4208
15.4,130,58,33.3641
15.4,131,64,33.7218
15.6,0,55,33.8136
15.6,1,74,20.3647
15.6,2,76,15.6461
15.6,3,80,15.6461
15.6,4,80,33.8136
15.6,5,85,15.6461
15.6,6,78,15.6461
15.6,7,79,20.3647
15.6,8,65,15.6461
15.6,9,70,15.6461
15.6,10,69,33.277
15.6,11,87,15.6461
15.6,12,81,15.6461
15.6,13,93,20.3647
15.6,14,90,15.6461
15.6,15,93,15.6461
15.6,16,88,20.3647
15.6,17,89,15.6461
15.6,18,82,15.6461
15.6,19,74,33.277
15.6,20,83,15.6461
15.6,21,86,15.6461
15.6,22,95,20.3647
15.6,23,104,15.6461
15.6,24,98,15.6461
15.6,25,104,20.3647
15.6,26,97,15.6461
15.6,27,101,15.6461
15.6,28,89,20.3647
15.6,29,79,33.277
15.6,30,80,33.277
15.6,31,103,20.3647
15.6,32,106,15.6461
15.6,33,110,15.6461
15.6,34,110,20.3647
15.6,35,115,15.6461
15.6,36,108,15.6461
15.6,37,109,20.3647
15.6,38,93,15.6461
15.6,39,98,15.6461
15.6,40,95,33.277
15.6,41,117,15.6461
15.6,42,111,15.6461
15.6,43,123,20.3647
15.6,44,120,15.6461
15.6,45,123,15.6461
15.6,46,118,20.3647
15.6,47,118,15.6461
15.6,48,111,15.6461
15.6,49,99,33.277
15.6,50,108,15.6461
15.6,51,111,15.6461
15.6,52,124,20.3647
15.6,53,129,15.6461
15.6,54,126,15.6461
15.6,55,128,20.3647
15.6,56,123,15.6461
15.6,57,125,15.6461
15.6,58,115,20.3647
15.6,59,96,33.277
15.6,60,98,33.277
15.6,61,118,20.3647
15.6,62,127,15.6461
15.6,63,127,15.6461
15.6,64,131,20.3647
15.6,65,129,15.6461
15.6,66,127,15.6461
15.6,67,124,20.3647
15.6,68,109,15.6461
15.6,69,109,15.6461
15.6,70,104,33.277
15.6,71,120,15.6461
15.6,72,122,15.6461
15.6,73,128,20.3647
15.6,74,130,15.6461
15.6,75,129,15.6461
15.6,76,128,20.3647
15.6,77,118,15.6461
15.6,78,120,15.6461
15.6,79,102,33.277
15.6,80,108,15.6461
15.6,81,103,15.6461
15.6,82,121,20.3647
15.6,83,120,15.6461
15.6,84,127,15.6461
15.6,85,122,20.3647
15.6,86,122,15.6461
15.6,87,118,15.6461
15.6,88,112,20.3647
15.6,89,88,33.277
15.6,90,89,33.277
15.6,91,101,20.3647
15.6,92,113,15.6461
15.6,93,109,15.6461
15.6,94,116,20.3647
15.6,95,110,15.6461
15.6,96,116,15.6461
15.6,97,107,20.3647
15.6,98,96,15.6461
15.6,99,93,15.6461
15.6,100,84,33.277
15.6,101,94,15.6461
15.6,102,101,15.6461
15.6,103,100,20.3647
15.6,104,105,15.6461
15.6,105,102,15.6461
15.6,106,105,20.3647
15.6,107,93,15.6461
15.6,108,99,15.6461
15.6,109,79,33.277
15.6,110,82,15.6461
15.6,111,77,15.6461
15.6,112,91,20.3647
15.6,113,90,15.6461
15.6,114,97,15.6461
15.6,115,92,20.3647
15.6,116,92,15.6461
15.6,117,88,15.6461
15.6,118,85,20.3647
15.6,119,64,33.277
15.6,120,64,33.277
15.6,121,72,33.277
15.6,122,83,15.6461
15.6,123,79,15.6461
15.6,124,86,20.3647
15.6,125,80,15.6461
15.6,126,86,15.6461
15.6,127,77,33.8136
15.6,128,69,15.6461
15.6,129,65,15.6461
15.6,130,58,33.277
15.6,131,64,33.8136
15.8,0,55,33.9063
15.8,1,74,20.0818
15.8,2,76,15.8808
15.8,3,80,15.8808
15.8,4,80,33.9063
15.8,5,85,15.8808
15.8,6,78,15.8808
15.8,7,79,20.0818
15.8,8,64,15.8808
15.8,9,70,15.8808
15.8,10,69,33.191
15.8,11,87,15.8808
15.8,12,81,15.8808
15.8,13,93,20.0818
15.8,14,90,15.8808
15.8,15,93,15.8808
15.8,16,88,20.0818
15.8,17,89,15.8808
15.8,18,81,15.8808
15.8,19,74,33.191
15.8,20,83,15.8808
15.8,21,86,15.8808
15.8,22,95,20.0818
15.8,23,104,15.8808
15.8,24,98,15.8808
15.8,25,104,20.0818
15.8,26,97,15.8808
15.8,27,101,15.8808
15.8,28,88,20.0818
15.8,29,79,33.191
15.8,30,80,33.191
15.8,31,103,20.0818
15.8,32,106,15.8808
15.8,33,110,15.8808
15.8,34,110,20.0818
15.8,35,115,15.8808
15.8,36,108,15.8808
15.8,37,109,20.0818
15.8,38,92,15.8808
15.8,39,98,15.8808
15.8,40,95,33.191
15.8,41,116,15.8808
15.8,42,111,15.8808
15.8,43,123,20.0818
15.8,44,120,15.8808
15.8,45,123,15.8808
15.8,46,118,20.0818
15.8,47,118,15.8808
15.8,48,110,15.8808
15.8,49,99,33.191
15.8,50,108,15.8808
15.8,51,110,15.8808
15.8,52,124,20.0818
15.8,53,129,15.8808
15.8,54,126,15.8808
15.8,55,128,20.0818
15.8,56,123,15.8808
15.8,57,125,15.8808
15.8,58,114,20.0818
15.8,59,96,33.191
15.8,60,98,33.191
15.8,61,117,20.0818
15.8,62,127,15.8808
15.8,63,127,15.8808
15.8,64,131,20.0818
15.8,65,129,15.8808
15.8,66,127,15.8808
15.8,67,124,20.0818
15.8,68,108,15.8808
15.8,69,109,15.8808
15.8,70,104,33.191
15.8,71,119,15.8808
15.8,72,122,15.8808
15.8,73,128,20.0818
15.8,74,130,15.8808
15.8,75,129,15.8808
15.8,76,128,20.0818
15.8,77,118,15.8808
15.8,78,119,15.8808
15.8,79,102,33.191
15.8,80,108,15.8808
15.8,81,102,15.8808
15.8,82,121,20.0818
15.8,83,120,15.8808
15.8,84,127,15.8808
15.8,85,122,20.0818
15.8,86,122,15.8808
15.8,87,118,15.8808
15.8,88,111,20.0818
15.8,89,88,33.191
15.8,90,89,33.191
15.8,91,100,20.0818
15.8,92,113,15.8808
15.8,93,109,15.8808
15.8,94,116,20.0818
15.8,95,110,15.8808
15.8,96,116,15.8808
15.8,97,107,20.0818
15.8,98,95,15.8808
15.8,99,93,15.8808
15.8,100,84,33.191
15.8,101,93,15.8808
15.8,102,101,15.8808
15.8,103,100,20.0818
15.8,104,105,15.8808
15.8,105,102,15.8808
15.8,106,105,20.0818
15.8,107,93,15.8808
15.8,108,99,15.8808
15.8,109,79,33.191
15.8,110,82,15.8808
15.8,111,76,15.8808
15.8,112,91,20.0818
15.8,113,90,15.8808
15.8,114,97,15.8808
15.8,115,92,20.0818
15.8,116,92,15.8808
15.8,117,88,15.8808
15.8,118,85,20.0818
15.8,119,64,33.191
15.8,120,64,33.191
15.8,121,71,33.191
15.8,122,83,15.8808
15.8,123,79,15.8808
15.8,124,86,20.0818
15.8,125,80,15.8808
15.8,126,86,15.8808
15.8,127,77,33.9063
15.8,128,69,15.8808
15.8,129,65,15.8808
15.8,130,58,33.191
15.8,131,63,33.9063
16,0,55,34
16,1,74,19.799
16,2,76,16.1245
16,3,80,16.1245
16,4,80,34
16,5,85,16.1245
16,6,78,16.1245
16,7,79,19.799
16,8,64,16.1245
16,9,70,16.1245
16,10,69,33.1059
16,11,87,16.1245
16,12,81,16.1245
16,13,93,19.799
16,14,90,16.1245
16,15,93,16.1245
16,16,88,19.799
16,17,89,16.1245
16,18,81,16.1245
16,19,74,33.1059
16,20,83,16.1245
16,21,86,16.1245
16,22,95,19.799
16,23,104,16.1245
16,24,98,16.1245
16,25,104,19.799
16,26,97,16.1245
16,27,101,16.1245
16,28,88,19.799
16,29,79,33.1059
16,30,80,33.1059
16,31,103,19.799
16,32,106,16.1245
16,33,110,16.1245
16,34,110,19.799
16,35,115,16.1245
16,36,108,16.1245
16,37,109,19.799
16,38,92,16.1245
16,39,98,16.1245
16,40,95,33.1059
16,41,116,16.1245
16,42,111,16.1245
16,43,123,19.799
16,44,120,16.1245
16,45,123,16.1245
16,46,118,19.799
16,47,118,16.1245
16,48,110,16.1245
16,49,99,33.1059
16,50,108,16.1245
16,51,110,16.1245
16,52,124,19.799
16,53,129,16.1245
16,54,126,16.1245
16,55,128,19.799
16,56,123,16.1245
16,57,125,16.1245
16,58,114,19.799
16,59,96,33.1059
16,60,98,33.1059
16,61,117,19.799
16,62,127,16.1245
16,63,127,16.1245
16,64,131,19.799
16,65,129,16.1245
16,66,127,16.1245
16,67,124,19.799
16,68,108,16.1245
16,69,109,16.1245
16,70,104,33.1059
16,71,119,16.1245
16,72,122,16.1245
16,73,128,19.799
16,74,130,16.1245
16,75,129,16.1245
16,76,128,19.799
16,77,118,16.1245
16,78,119,16.1245
16,79,102,33.1059
16,80,108,16.1245
16,81,102,16.1245
16,82,121,19.799
16,83,120,16.1245
16,84,127,16.1245
16,85,122,19.799
16,86,122,16.1245
16,87,118,16.1245
16,88,111,19.799
16,89,88,33.1059
16,90,89,33.1059
16,91,100,19.799
16,92,113,16.1245
16,93,109,16.1245
16,94,116,19.799
16,95,110,16.1245
16,96,116,16.1245
16,97,107,19.799
16,98,95,16.1245
16,99,93,16.1245
16,100,84,33.1059
16,101,93,16.1245
16,102,101,16.1245
16,103,100,19.799
16,104,105,16.1245
16,105,102,16.1245
16,106,105,19.799
16,107,93,16.1245
16,108,99,16.1245
16,109,79,33.1059
16,110,82,16.1245
16,111,76,16.1245
16,112,91,19.799
16,113,90,16.1245
16,114,97,16.1245
16,115,92,19.799
16,116,92,16.1245
16,117,88,16.1245
16,118,85,19.799
16,119,64,33.1059
16,120,64,33.1059
16,121,71,33.1059
16,122,83,16.1245
16,123,79,16.1245
16,124,86,19.799
16,125,80,16.1245
16,126,86,16.1245
16,127,77,34
16,128,69,16.1245
16,129,65,16.1245
16,130,58,33.1059
16,131,63,34
16.2,0,55,34.0946
16.2,1,74,19.5161
16.2,2,76,16.3768
16.2,3,80,16.3768
16.2,4,80,34.0946
16.2,5,85,16.3768
16.2,6,78,16.3768
16.2,7,79,19.5161
16.2,8,64,16.3768
16.2,9,70,16.3768
16.2,10,69,33.0218
16.2,11,87,16.3768
16.2,12,81,16.3768
16.2,13,93,19.5161
16.2,14,90,16.3768
16.2,15,93,16.3768
16.2,16,88,19.5161
16.2,17,89,16.3768
16.2,18,81,16.3768
16.2,19,74,33.0218
16.2,20,83,16.3768
16.2,21,86,16.3768
16.2,22,95,19.5161
16.2,23,104,16.3768
16.2,24,98,16.3768
16.2,25,104,19.5161
16.2,26,97,16.3768
16.2,27,101,16.3768
16.2,28,88,19.5161
16.2,29,79,33.0218
16.2,30,80,33.0218
16.2,31,103,19.5161
16.2,32,106,16.3768
16.2,33,110,16.3768
16.2,34,110,19.5161
16.2,35,115,16.3768
16.2,36,108,16.3768
16.2,37,109,19.5161
16.2,38,92,16.3768
16.2,39,98,16.3768
16.2,40,95,33.0218
16.2,41,116,16.3768
16.2,42,111,16.3768
16.2,43,123,19.5161
16.2,44,120,16.3768
16.2,45,123,16.3768
16.2,46,118,19.5161
16.2,47,118,16.3768
16.2,48,110,16.3768
16.2,49,99,33.0218
16.2,50,108,16.3768
16.2,51,110,16.3768
16.2,52,124,19.5161
16.2,53,129,16.3768
16.2,54,126,16.3768
16.2,55,128,19.5161
16.2,56,123,16.3768
16.2,57,125,16.3768
16.2,58,114,19.5161
16.2,59,96,33.0218
16.2,60,98,33.0218
16.2,61,117,19.5161
16.2,62,127,16.3768
16.2,63,127,16.3768
16.2,64,131,19.5161
16.2,65,129,16.3768
16.2,66,127,16.3768
16.2,67,124,19.5161
16.2,68,108,16.3768
16.2,69,109,16.3768
16.2,70,104,33.0218
16.2,71,119,16.3768
16.2,72,122,16.3768
16.2,73,128,19.5161
16.2,74,130,16.3768
16.2,75,129,16.3768
16.2,76,128,19.5161
16.2,77,118,16.3768
16.2,78,119,16.3768
16.2,79,102,33.0218
16.2,80,108,16.3768
16.2,81,102,16.3768
16.2,82,121,19.5161
16.2,83,120,16.3768
16.2,84,127,16.3768
16.2,85,122,19.5161
16.2,86,122,16.3768
16.2,87,118,16.3768
16.2,88,111,19.5161
16.2,89,88,33.0218
16.2,90,89,33.0218
16.2,91,100,19.5161
16.2,92,113,16.3768
16.2,93,109,16.3768
16.2,94,116,19.5161
16.2,95,110,16.3768
16.2,96,116,16.3768
16.2,97,107,19.5161
16.2,98,95,16.3768
16.2,99,93,16.3768
16.2,100,84,33.0218
16.2,101,93,16.3768
16.2,102,101,16.3768
16.2,103,100,19.5161
16.2,104,105,16.3768
16.2,105,102,16.3768
16.2,106,105,19.5161
16.2,107,93,16.3768
16.2,108,99,16.3768
16.2,109,79,33.0218
16.2,110,82,16.3768
16.2,111,76,16.3768
16.2,112,91,19.5161
16.2,113,90,16.3768
16.2,114,97,16.3768
16.2,115,92,19.5161
16.2,116,92,16.3768
16.2,117,88,16.3768
16.2,118,85,19.5161
16.2,119,64,33.0218
16.2,120,64,33.0218
16.2,121,71,33.0218
16.2,122,83,16.3768
16.2,123,79,16.3768
16.2,124,86,19.5161
16.2,125,80,16.3768
16.2,126,86,16.3768
16.2,127,77,34.0946
16.2,128,69,16.3768
16.2,129,65,16.3768
16.2,130,58,33.0218
16.2,131,63,34.0946
16.4,0,53,34.1901
16.4,1,74,19.2333
16.4,2,76,16.6373
16.4,3,80,16.6373
16.4,4,79,34.1901
16.4,5,85,16.6373
16.4,6,77,16.6373
16.4,7,79,19.2333
16.4,8,63,16.6373
16.4,9,70,16.6373
16.4,10,67,32.9387
16.4,11,87,16.6373
16.4,12,79,16.6373
16.4,13,93,19.2333
16.4,14,90,16.6373
16.4,15,93,16.6373
16.4,16,87,19.2333
16.4,17,89,16.6373
16.4,18,81,16.6373
16.4,19,74,32.9387
16.4,20,83,16.6373
16.4,21,86,16.6373
16.4,22,93,19.2333
16.4,23,104,16.6373
16.4,24,97,16.6373
16.4,25,104,19.2333
16.4,26,97,16.6373
16.4,27,101,16.6373
16.4,28,87,19.2333
16.4,29,79,32.9387
16.4,30,78,32.9387
16.4,31,102,19.2333
16.4,32,106,16.6373
16.4,33,110,16.6373
16.4,34,109,19.2333
16.4,35,115,16.6373
16.4,36,107,16.6373
16.4,37,108,19.2333
16.4,38,91,16.6373
16.4,39,98,16.6373
16.4,40,93,32.9387
16.4,41,116,16.6373
16.4,42,109,16.6373
16.4,43,123,19.2333
16.4,44,120,16.6373
16.4,45,123,16.6373
16.4,46,117,19.2333
16.4,47,117,16.6373
16.4,48,110,16.6373
16.4,49,98,32.9387
16.4,50,108,16.6373
16.4,51,109,16.6373
16.4,52,122,19.2333
16.4,53,129,16.6373
16.4,54,125,16.6373
16.4,55,128,19.2333
16.4,56,123,16.6373
16.4,57,125,16.6373
16.4,58,113,19.2333
16.4,59,95,32.9387
16.4,60,97,32.9387
16.4,61,116,19.2333
16.4,62,127,16.6373
16.4,63,127,16.6373
16.4,64,131,19.2333
16.4,65,129,16.6373
16.4,66,127,16.6373
16.4,67,123,19.2333
16.4,68,107,16.6373
16.4,69,109,16.6373
16.4,70,103,32.9387
16.4,71,119,16.6373
16.4,72,121,16.6373
16.4,73,127,19.2333
16.4,74,130,16.6373
16.4,75,129,16.6373
16.4,76,128,19.2333
16.4,77,116,16.6373
16.4,78,119,16.6373
16.4,79,100,32.9387
16.4,80,108,16.6373
16.4,81,101,16.6373
16.4,82,120,19.2333
16.4,83,119,16.6373
16.4,84,127,16.6373
16.4,85,121,19.2333
16.4,86,122,16.6373
16.4,87,118,16.6373
16.4,88,110,19.2333
16.4,89,86,32.9387
16.4,90,88,32.9387
16.4,91,99,19.2333
16.4,92,113,16.6373
16.4,93,109,16.6373
16.4,94,116,19.2333
16.4,95,109,16.6373
16.4,96,116,16.6373
16.4,97,105,19.2333
16.4,98,94,16.6373
16.4,99,93,16.6373
16.4,100,84,32.9387
16.4,101,93,16.6373
16.4,102,101,16.6373
16.4,103,99,19.2333
16.4,104,105,16.6373
16.4,105,102,16.6373
16.4,106,105,19.2333
16.4,107,91,16.6373
16.4,108,99,16.6373
16.4,109,77,32.9387
16.4,110,82,16.6373
16.4,111,75,16.6373
16.4,112,91,19.2333
16.4,113,89,16.6373
16.4,114,97,16.6373
16.4,115,91,19.2333
16.4,116,92,16.6373
16.4,117,88,16.6373
16.4,118,85,19.2333
16.4,119,62,32.9387
16.4,120,64,32.9387
16.4,121,70,32.9387
16.4,122,83,16.6373
16.4,123,79,16.6373
16.4,124,86,19.2333
16.4,125,79,16.6373
16.4,126,86,16.6373
16.4,127,75,34.1901
16.4,128,69,16.6373
16.4,129,65,16.6373
16.4,130,58,32.9387
16.4,131,63,34.1901
16.6,0,53,34.2864
16.6,1,74,18.9505
16.6,2,76,16.9056
16.6,3,80,16.9056
16.6,4,79,34.2864
16.6,5,85,16.9056
16.6,6,77,16.9056
16.6,7,79,18.9505
16.6,8,63,16.9056
16.6,9,70,16.9056
16.6,10,67,32.8567
16.6,11,87,16.9056
16.6,12,79,16.9056
16.6,13,93,18.9505
16.6,14,90,16.9056
16.6,15,93,16.9056
16.6,16,87,18.9505
16.6,17,89,16.9056
16.6,18,81,16.9056
16.6,19,74,32.8567
16.6,20,83,16.9056
16.6,21,86,16.9056
16.6,22,93,18.9505
16.6,23,104,16.9056
16.6,24,97,16.9056
16.6,25,104,18.9505
16.6,26,97,16.9056
16.6,27,101,16.9056
16.6,28,87,18.9505
16.6,29,79,32.8567
16.6,30,78,32.8567
16.6,31,102,18.9505
16.6,32,106,16.9056
16.6,33,110,16.9056
16.6,34,109,18.9505
16.6,35,115,16.9056
16.6,36,107,16.9056
16.6,37,108,18.9505
16.6,38,91,16.9056
16.6,39,98,16.9056
16.6,40,93,32.8567
16.6,41,116,16.9056
16.6,42,109,16.9056
16.6,43,123,18.9505
16.6,44,120,16.9056
16.6,45,123,16.9056
16.6,46,117,18.9505
16.6,47,117,16.9056
16.6,48,110,16.9056
16.6,49,98,32.8567
16.6,50,108,16.9056
16.6,51,109,16.9056
16.6,52,122,18.9505
16.6,53,129,16.9056
16.6,54,125,16.9056
16.6,55,128,18.9505
16.6,56,123,16.9056
16.6,57,125,16.9056
16.6,58,113,18.9505
16.6,59,95,32.8567
16.6,60,97,32.8567
16.6,61,116,18.9505
16.6,62,127,16.9056
16.6,63,127,16.9056
16.6,64,131,18.9505
16.6,65,129,16.9056
16.6,66,127,16.9056
16.6,67,123,18.9505
16.6,68,107,16.9056
16.6,69,109,16.9056
16.6,70,103,32.8567
16.6,71,119,16.9056
16.6,72,121,16.9056
16.6,73,127,18.9505
16.6,74,130,16.9056
16.6,75,129,16.9056
16.6,76,128,18.9505
16.6,77,116,16.9056
16.6,78,119,16.9056
16.6,79,100,32.8567
16.6,80,108,16.9056
16.6,81,101,16.9056
16.6,82,120,18.9505
16.6,83,119,16.9056
16.6,84,127,16.9056
16.6,85,121,18.9505
16.6,86,122,16.9056
16.6,87,118,16.9056
16.6,88,110,18.9505
16.6,89,86,32.8567
16.6,90,88,32.8567
16.6,91,99,18.9505
16.6,92,113,16.9056
16.6,93,109,16.9056
16.6,94,116,18.9505
16.6,95,109,16.9056
16.6,96,116,16.9056
16.6,97,105,18.9505
16.6,98,94,16.9056
16.6,99,93,16.9056
16.6,100,84,32.8567
16.6,101,93,16.9056
16.6,102,101,16.9056
16.6,103,99,18.9505
16.6,104,105,16.9056
16.6,105,102,16.9056
16.6,106,105,18.9505
16.6,107,91,16.9056
16.6,108,99,16.9056
16.6,109,77,32.8567
16.6,110,82,16.9056
16.6,111,75,16.9056
16.6,112,91,18.9505
16.6,113,89,16.9056
16.6,114,97,16.9056
16.6,115,91,18.9505
16.6,116,92,16.9056
16.6,117,88,16.9056
16.6,118,85,18.9505
16.6,119,62,32.8567
16.6,120,64,32.8567
16.6,121,70,32.8567
16.6,122,83,16.9056
16.6,123,79,16.9056
16.6,124,86,18.9505
16.6,125,79,16.9056
16.6,126,86,16.9056
16.6,127,75,34.2864
16.6,128,69,16.9056
16.6,129,65,16.9056
16.6,130,58,32.8567
16.6,131,63,34.2864
16.8,0,53,34.3837
16.8,1,74,18.6676
16.8,2,76,17.1814
16.8,3,80,17.1814
16.8,4,79,34.3837
16.8,5,85,17.1814
16.8,6,77,17.1814
16.8,7,79,18.6676
16.8,8,63,17.1814
16.8,9,70,17.1814
16.8,10,67,32.7756
16.8,11,87,17.1814
16.8,12,79,17.1814
16.8,13,93,18.6676
16.8,14,90,17.1814
16.8,15,93,17.1814
16.8,16,87,18.6676
16.8,17,89,17.1814
16.8,18,81,17.1814
16.8,19,74,32.7756
16.8,20,83,17.1814
16.8,21,86,17.1814
16.8,22,93,18.6676
16.8,23,104,17.1814
16.8,24,97,17.1814
16.8,25,104,18.6676
16.8,26,97,17.1814
16.8,27,101,17.1814
16.8,28,87,18.6676
16.8,29,79,32.7756
16.8,30,78,32.7756
16.8,31,102,18.6676
16.8,32,106,17.1814
16.8,33,110,17.1814
16.8,34,109,18.6676
16.8,35,115,17.1814
16.8,36,107,17.1814
16.8,37,108,18.6676
16.8,38,91,17.1814
16.8,39,98,17.1814
16.8,40,93,32.7756
16.8,41,116,17.1814
16.8,42,109,17.1814
16.8,43,123,18.6676
16.8,44,120,17.1814
16.8,45,123,17.1814
16.8,46,117,18.6676
16.8,47,117,17.1814
16.8,48,110,17.1814
16.8,49,98,32.7756
16.8,50,108,17.1814
16.8,51,109,17.1814
16.8,52,122,18.6676
16.8,53,129,17.1814
16.8,54,125,17.1814
16.8,55,128,18.6676
16.8,56,123,17.1814
16.8,57,125,17.1814
16.8,58,113,18.6676
16.8,59,95,32.7756
16.8,60,97,32.7756
16.8,61,116,18.6676
16.8,62,127,17.1814
16.8,63,127,17.1814
16.8,64,131,18.6676
16.8,65,129,17.1814
16.8,66,127,17.1814
16.8,67,123,18.6676
16.8,68,107,17.1814
16.8,69,109,17.1814
16.8,70,103,32.7756
16.8,71,119,17.1814
16.8,72,121,17.1814
16.8,73,127,18.6676
16.8,74,130,17.1814
16.8,75,129,17.1814
16.8,76,128,18.6676
16.8,77,116,17.1814
16.8,78,119,17.1814
16.8,79,100,32.7756
16.8,80,108,17.1814
16.8,81,101,17.1814
16.8,82,120,18.6676
16.8,83,119,17.1814
16.8,84,127,17.1814
16.8,85,121,18.6676
16.8,86,122,17.1814
16.8,87,118,17.1814
16.8,88,110,18.6676
16.8,89,86,32.7756
16.8,90,88,32.7756
16.8,91,99,18.6676
16.8,92,113,17.1814
16.8,93,109,17.1814
16.8,94,116,18.6676
16.8,95,109,17.1814
16.8,96,116,17.1814
16.8,97,105,18.6676
16.8,98,94,17.1814
16.8,99,93,17.1814
16.8,100,84,32.7756
16.8,101,93,17.1814
16.8,102,101,17.1814
16.8,103,99,18.6676
16.8,104,105,17.1814
16.8,105,102,17.1814
16.8,106,105,18.6676
16.8,107,91,17.1814
16.8,108,99,17.1814
16.8,109,77,32.7756
16.8,110,82,17.1814
16.8,111,75,17.1814
16.8,112,91,18.6676
16.8,113,89,17.1814
16.8,114,97,17.1814
16.8,115,91,18.6676
16.8,116,92,17.1814
16.8,117,88,17.1814
16.8,118,85,18.6676
16.8,119,62,32.7756
16.8,120,64,32.7756
16.8,121,70,32.7756
16.8,122,83,17.1814
16.8,123,79,17.1814
16.8,124,86,18.6676
16.8,125,79,17.1814
16.8,126,86,17.1814
16.8,127,75,34.3837
16.8,128,69,17.1814
16.8,129,65,17.1814
16.8,130,58,32.7756
16.8,131,63,34.3837
17,0,53,34.4819
17,1,74,18.3848
17,2,76,17.4642
17,3,80,17.4642
17,4,79,34.4819
17,5,85,17.4642
17,6,77,17.4642
17,7,79,18.3848
17,8,63,17.4642
17,9,70,17.4642
17,10,67,32.6956
17,11,87,17.4642
17,12,79,17.4642
17,13,93,18.3848
17,14,90,17.4642
17,15,93,17.4642
17,16,87,18.3848
17,17,89,17.4642
17,18,81,17.4642
17,19,74,32.6956
17,20,83,17.4642
17,21,86,17.4642
17,22,93,18.3848
17,23,104,17.4642
17,24,97,17.4642
17,25,104,18.3848
17,26,97,17.4642
17,27,101,17.4642
17,28,87,18.3848
17,29,79,32.6956
17,30,78,32.6956
17,31,102,18.3848
17,32,106,17.4642
17,33,110,17.4642
17,34,109,18.3848
17,35,115,17.4642
17,36,107,17.4642
17,37,108,18.3848
17,38,91,17.4642
17,39,98,17.4642
17,40,93,32.6956
17,41,116,17.4642
17,42,109,17.4642
17,43,123,18.3848
17,44,120,17.4642
17,45,123,17.4642
17,46,117,18.3848
17,47,117,17.4642
17,48,110,17.4642
17,49,98,32.6956
17,50,108,17.4642
17,51,109,17.4642
17,52,122,18.3848
17,53,129,17.4642
17,54,125,17.4642
17,55,128,18.3848
17,56,123,17.4642
17,57,125,17.4642
17,58,113,18.3848
17,59,95,32.6956
17,60,97,32.6956
17,61,116,18.3848
17,62,127,17.4642
17,63,127,17.4642
17,64,131,18.3848
17,65,129,17.4642
17,66,127,17.4642
17,67,123,18.3848
17,68,107,17.4642
17,69,109,17.4642
17,70,103,32.6956
17,71,119,17.4642
17,72,121,17.4642
17,73,127,18.3848
17,74,130,17.4642
17,75,129,17.4642
17,76,128,18.3848
17,77,116,17.4642
17,78,119,17.4642
17,79,100,32.6956
17,80,108,17.4642
17,81,101,17.4642
17,82,120,18.3848
17,83,119,17.4642
17,84,127,17.4642
17,85,121,18.3848
17,86,122,17.4642
17,87,118,17.4642
17,88,110,18.3848
17,89,86,32.6956
17,90,88,32.6956
17,91,99,18.3848
17,92,113,17.4642
17,93,109,17.4642
17,94,116,18.3848
17,95,109,17.4642
17,96,116,17.4642
17,97,105,18.3848
17,98,94,17.4642
17,99,93,17.4642
17,100,84,32.6956
17,101,93,17.4642
17,102,101,17.4642
17,103,99,18.3848
17,104,105,17.4642
17,105,102,17.4642
17,106,105,18.3848
17,107,91,17.4642
17,108,99,17.4642
17,109,77,32.6956
17,110,82,17.4642
17,111,75,17.4642
17,112,91,18.3848
17,113,89,17.4642
17,114,97,17.4642
17,115,91,18.3848
17,116,92,17.4642
17,117,88,17.4642
17,118,85,18.3848
17,119,62,32.6956
17,120,64,32.6956
17,121,70,32.6956
17,122,83,17.4642
17,123,79,17.4642
17,124,86,18.3848
17,125,79,17.4642
17,126,86,17.4642
17,127,75,34.4819
17,128,69,17.4642
17,129,65,17.4642
17,130,58,32.6956
17,131,63,34.4819
17.2,0,53,34.5809
17.2,1,74,18.1019
17.2,2,76,17.7539
17.2,3,80,17.7539
17.2,4,79,34.5809
17.2,5,85,17.7539
17.2,6,77,17.7539
17.2,7,79,18.1019
17.2,8,63,17.7539
17.2,9,70,17.7539
17.2,10,67,32.6166
17.2,11,87,17.7539
17.2,12,79,17.7539
17.2,13,93,18.1019
17.2,14,90,17.7539
17.2,15,93,17.7539
17.2,16,87,18.1019
17.2,17,89,17.7539
17.2,18,81,17.7539
17.2,19,74,32.6166
17.2,20,83,17.7539
17.2,21,86,17.7539
17.2,22,93,18.1019
17.2,23,104,17.7539
17.2,24,97,17.7539
17.2,25,104,18.1019
17.2,26,97,17.7539
17.2,27,101,17.7539
17.2,28,87,18.1019
17.2,29,79,32.6166
17.2,30,78,32.6166
17.2,31,102,18.1019
17.2,32,106,17.7539
17.2,33,110,17.7539
17.2,34,109,18.1019
17.2,35,115,17.7539
17.2,36,107,17.7539
17.2,37,108,18.1019
17.2,38,91,17.7539
17.2,39,98,17.7539
17.2,40,93,32.6166
17.2,41,116,17.7539
17.2,42,109,17.7539
17.2,43,123,18.1019
17.2,44,120,17.7539
17.2,45,123,17.7539
17.2,46,117,18.1019
17.2,47,117,17.7539
17.2,48,110,17.7539
17.2,49,98,32.6166
17.2,50,108,17.7539
17.2,51,109,17.7539
17.2,52,122,18.1019
17.2,53,129,17.7539
17.2,54,125,17.7539
17.2,55,128,18.1019
17.2,56,123,17.7539
17.2,57,125,17.7539
17.2,58,113,18.1019
17.2,59,95,32.6166
17.2,60,97,32.6166
17.2,61,116,18.1019
17.2,62,127,17.7539
17.2,63,127,17.7539
17.2,64,131,18.1019
17.2,65,129,17.7539
17.2,66,127,17.7539
17.2,67,123,18.1019
17.2,68,107,17.7539
17.2,69,109,17.7539
17.2,70,103,32.6166
17.2,71,119,17.7539
17.2,72,121,17.7539
17.2,73,127,18.1019
17.2,74,130,17.7539
17.2,75,129,17.7539
17.2,76,128,18.1019
17.2,77,116,17.7539
17.2,78,119,17.7539
17.2,79,100,32.6166
17.2,80,108,17.7539
17.2,81,101,17.7539
17.2,82,120,18.1019
17.2,83,119,17.7539
17.2,84,127,17.7539
17.2,85,121,18.1019
17.2,86,122,17.7539
17.2,87,118,17.7539
17.2,88,110,18.1019
17.2,89,86,32.6166
17.2,90,88,32.6166
17.2,91,99,18.1019
17.2,92,113,17.7539
17.2,93,109,17.7539
17.2,94,116,18.1019
17.2,95,109,17.7539
17.2,96,116,17.7539
17.2,97,105,18.1019
17.2,98,94,17.7539
17.2,99,93,17.7539
17.2,100,84,32.6166
17.2,101,93,17.7539
17.2,102,101,17.7539
17.2,103,99,18.1019
17.2,104,105,17.7539
17.2,105,102,17.7539
17.2,106,105,18.1019
17.2,107,91,17.7539
17.2,108,99,17.7539
17.2,109,77,32.6166
17.2,110,82,17.7539
17.2,111,75,17.7539
17.2,112,91,18.1019
17.2,113,89,17.7539
17.2,114,97,17.7539
17.2,115,91,18.1019
17.2,116,92,17.7539
17.2,117,88,17.7539
17.2,118,85,18.1019
17.2,119,62,32.6166
17.2,120,64,32.6166
17.2,121,70,32.6166
17.2,122,83,17.7539
17.2,123,79,17.7539
17.2,124,86,18.1019
17.2,125,79,17.7539
17.2,126,86,17.7539
17.2,127,75,34.5809
17.2,128,69,17.7539
17.2,129,65,17.7539
17.2,130,58,32.6166
17.2,131,63,34.5809
17.4,0,53,34.6808
17.4,1,74,17.8191
17.4,2,76,18.0499
17.4,3,80,18.0499
17.4,4,79,34.6808
17.4,5,85,17.8191
17.4,6,77,18.0499
17.4,7,79,17.8191
17.4,8,63,18.0499
17.4,9,70,18.0499
17.4,10,67,32.5386
17.4,11,87,17.8191
17.4,12,79,17.8191
17.4,13,93,17.8191
17.4,14,90,18.0499
17.4,15,93,18.0499
17.4,16,87,17.8191
17.4,17,89,17.8191
17.4,18,81,17.8191
17.4,19,74,32.5386
17.4,20,83,18.0499
17.4,21,86,18.0499
17.4,22,93,17.8191
17.4,23,104,17.8191
17.4,24,97,17.8191
17.4,25,104,17.8191
17.4,26,97,18.0499
17.4,27,101,18.0499
17.4,28,87,17.8191
17.4,29,79,32.5386
17.4,30,78,32.5386
17.4,31,102,17.8191
17.4,32,106,18.0499
17.4,33,110,18.0499
17.4,34,109,17.8191
17.4,35,115,17.8191
17.4,36,107,17.8191
17.4,37,108,17.8191
17.4,38,91,18.0499
17.4,39,98,18.0499
17.4,40,93,32.5386
17.4,41,116,17.8191
17.4,42,109,17.8191
17.4,43,123,17.8191
17.4,44,120,18.0499
17.4,45,123,18.0499
17.4,46,117,17.8191
17.4,47,117,17.8191
17.4,48,110,17.8191
17.4,49,98,32.5386
17.4,50,108,18.0499
17.4,51,109,18.0499
17.4,52,122,17.8191
17.4,53,129,17.8191
17.4,54,125,17.8191
17.4,55,128,17.8191
17.4,56,123,18.0499
17.4,57,125,18.0499
17.4,58,113,17.8191
17.4,59,95,32.5386
17.4,60,97,32.5386
17.4,61,116,17.8191
17.4,62,127,18.0499
17.4,63,127,18.0499
17.4,64,131,17.8191
17.4,65,129,17.8191
17.4,66,127,17.8191
17.4,67,123,17.8191
17.4,68,107,18.0499
17.4,69,109,18.0499
17.4,70,103,32.5386
17.4,71,119,17.8191
17.4,72,121,17.8191
17.4,73,127,17.8191
17.4,74,130,18.0499
17.4,75,129,18.0499
17.4,76,128,17.8191
17.4,77,116,17.8191
17.4,78,119,17.8191
17.4,79,100,32.5386
17.4,80,108,18.0499
17.4,81,101,18.0499
17.4,82,120,17.8191
17.4,83,119,17.8191
17.4,84,127,17.8191
17.4,85,121,17.8191
17.4,86,122,18.0499
17.4,87,118,18.0499
17.4,88,110,17.8191
17.4,89,86,32.5386
17.4,90,88,32.5386
17.4,91,99,17.8191
17.4,92,113,18.0499
17.4,93,109,18.0499
17.4,94,116,17.8191
17.4,95,109,17.8191
17.4,96,116,17.8191
17.4,97,105,17.8191
17.4,98,94,18.0499
17.4,99,93,18.0499
17.4,100,84,32.5386
17.4,101,93,17.8191
17.4,102,101,17.8191
17.4,103,99,17.8191
17.4,104,105,18.0499
17.4,105,102,18.0499
17.4,106,105,17.8191
17.4,107,91,17.8191
17.4,108,99,17.8191
17.4,109,77,32.5386
17.4,110,82,18.0499
17.4,111,75,18.0499
17.4,112,91,17.8191
17.4,113,89,17.8191
17.4,114,97,17.8191
17.4,115,91,17.8191
17.4,116,92,18.0499
17.4,117,88,18.0499
17.4,118,85,17.8191
17.4,119,62,32.5386
17.4,120,64,32.5386
17.4,121,70,32.5386
17.4,122,83,18.0499
17.4,123,79,18.0499
17.4,124,86,17.8191
17.4,125,79,18.0499
17.4,126,86,17.8191
17.4,127,75,34.6808
17.4,128,69,18.0499
17.4,129,65,18.0499
17.4,130,58,32.5386
17.4,131,63,34.6808
17.6,0,53,34.7816
17.6,1,74,17.5362
17.6,2,76,18.3521
17.6,3,80,18.3521
17.6,4,79,34.7816
17.6,5,85,17.5362
17.6,6,77,18.3521
17.6,7,79,17.5362
17.6,8,63,18.3521
17.6,9,70,18.3521
17.6,10,67,32.4617
17.6,11,87,17.5362
17.6,12,79,17.5362
17.6,13,93,17.5362
17.6,14,90,18.3521
17.6,15,93,18.3521
17.6,16,87,17.5362
17.6,17,89,17.5362
17.6,18,81,17.5362
17.6,19,74,32.4617
17.6,20,83,18.3521
17.6,21,86,18.3521
17.6,22,93,17.5362
17.6,23,104,17.5362
17.6,24,97,17.5362
17.6,25,104,17.5362
17.6,26,97,18.3521
17.6,27,101,18.3521
17.6,28,87,17.5362
17.6,29,79,32.4617
17.6,30,78,32.4617
17.6,31,102,17.5362
17.6,32,106,18.3521
17.6,33,110,18.3521
17.6,34,109,17.5362
17.6,35,115,17.5362
17.6,36,107,17.5362
17.6,37,108,17.5362
17.6,38,91,18.3521
17.6,39,98,18.3521
17.6,40,93,32.4617
17.6,41,116,17.5362
17.6,42,109,17.5362
17.6,43,123,17.5362
17.6,44,120,18.3521
17.6,45,123,18.3521
17.6,46,117,17.5362
17.6,47,117,17.5362
17.6,48,110,17.5362
17.6,49,98,32.4617
17.6,50,108,18.3521
17.6,51,109,18.3521
17.6,52,122,17.5362
17.6,53,129,17.5362
17.6,54,125,17.5362
17.6,55,128,17.5362
17.6,56,123,18.3521
17.6,57,125,18.3521
17.6,58,113,17.5362
17.6,59,95,32.4617
17.6,60,97,32.4617
17.6,61,116,17.5362
17.6,62,127,18.3521
17.6,63,127,18.3521
17.6,64,131,17.5362
17.6,65,129,17.5362
17.6,66,127,17.5362
17.6,67,123,17.5362
17.6,68,107,18.3521
17.6,69,109,18.3521
17.6,70,103,32.4617
17.6,71,119,17.5362
17.6,72,121,17.5362
17.6,73,127,17.5362
17.6,74,130,18.3521
17.6,75,129,18.3521
17.6,76,128,17.5362
17.6,77,116,17.5362
17.6,78,119,17.5362
17.6,79,100,32.4617
17.6,80,108,18.3521
17.6,81,101,18.3521
17.6,82,120,17.5362
17.6,83,119,17.5362
17.6,84,127,17.5362
17.6,85,121,17.5362
17.6,86,122,18.3521
17.6,87,118,18.3521
17.6,88,110,17.5362
17.6,89,86,32.4617
17.6,90,88,32.4617
17.6,91,99,17.5362
17.6,92,113,18.3521
17.6,93,109,18.3521
17.6,94,116,17.5362
17.6,95,109,17.5362
17.6,96,116,17.5362
17.6,97,105,17.5362
17.6,98,94,18.3521
17.6,99,93,18.3521
17.6,100,84,32.4617
17.6,101,93,17.5362
17.6,102,101,17.5362
17.6,103,99,17.5362
17.6,104,105,18.3521
17.6,105,102,18.3521
17.6,106,105,17.5362
17.6,107,91,17.5362
17.6,108,99,17.5362
17.6,109,77,32.4617
17.6,110,82,18.3521
17.6,111,75,18.3521
17.6,112,91,17.5362
17.6,113,89,17.5362
17.6,114,97,17.5362
17.6,115,91,17.5362
17.6,116,92,18.3521
17.6,117,88,18.3521
17.6,118,85,17.5362
17.6,119,62,32.4617
17.6,120,64,32.4617
17.6,121,70,32.4617
17.6,122,83,18.3521
17.6,123,79,18.3521
17.6,124,86,17.5362
17.6,125,79,18.3521
17.6,126,86,17.5362
17.6,127,75,34.7816
17.6,128,69,18.3521
17.6,129,65,18.3521
17.6,130,58,32.4617
17.6,131,63,34.7816
17.8,0,52,34.8832
17.8,1,74,17.2534
17.8,2,76,18.6601
17.8,3,80,18.6601
17.8,4,79,34.8832
17.8,5,85,17.2534
17.8,6,77,18.6601
17.8,7,79,17.2534
17.8,8,63,18.6601
17.8,9,70,18.6601
17.8,10,67,32.3858
17.8,11,88,17.2534
17.8,12,78,17.2534
17.8,13,93,17.2534
17.8,14,90,18.6601
17.8,15,93,18.6601
17.8,16,87,17.2534
17.8,17,88,17.2534
17.8,18,81,17.2534
17.8,19,74,32.3858
17.8,20,83,18.6601
17.8,21,86,18.6601
17.8,22,93,17.2534
17.8,23,105,17.2534
17.8,24,97,17.2534
17.8,25,104,17.2534
17.8,26,97,18.6601
17.8,27,101,18.6601
17.8,28,87,17.2534
17.8,29,78,32.3858
17.8,30,77,32.3858
17.8,31,102,17.2534
17.8,32,106,18.6601
17.8,33,110,18.6601
17.8,34,109,17.2534
17.8,35,115,17.2534
17.8,36,107,17.2534
17.8,37,108,17.2534
17.8,38,91,18.6601
17.8,39,98,18.6601
17.8,40,93,32.3858
17.8,41,117,17.2534
17.8,42,108,17.2534
17.8,43,123,17.2534
17.8,44,120,18.6601
17.8,45,123,18.6601
17.8,46,117,17.2534
17.8,47,116,17.2534
17.8,48,110,17.2534
17.8,49,98,32.3858
17.8,50,108,18.6601
17.8,51,109,18.6601
17.8,52,122,17.2534
17.8,53,129,17.2534
17.8,54,125,17.2534
17.8,55,128,17.2534
17.8,56,123,18.6601
17.8,57,125,18.6601
17.8,58,113,17.2534
17.8,59,94,32.3858
17.8,60,96,32.3858
17.8,61,116,17.2534
17.8,62,127,18.6601
17.8,63,127,18.6601
17.8,64,131,17.2534
17.8,65,129,17.2534
17.8,66,127,17.2534
17.8,67,123,17.2534
17.8,68,107,18.6601
17.8,69,109,18.6601
17.8,70,103,32.3858
17.8,71,119,17.2534
17.8,72,120,17.2534
17.8,73,127,17.2534
17.8,74,130,18.6601
17.8,75,129,18.6601
17.8,76,128,17.2534
17.8,77,115,17.2534
17.8,78,119,17.2534
17.8,79,100,32.3858
17.8,80,108,18.6601
17.8,81,101,18.6601
17.8,82,120,17.2534
17.8,83,119,17.2534
17.8,84,127,17.2534
17.8,85,121,17.2534
17.8,86,122,18.6601
17.8,87,118,18.6601
17.8,88,110,17.2534
17.8,89,85,32.3858
17.8,90,87,32.3858
17.8,91,99,17.2534
17.8,92,113,18.6601
17.8,93,109,18.6601
17.8,94,116,17.2534
17.8,95,109,17.2534
17.8,96,117,17.2534
17.8,97,105,17.2534
17.8,98,94,18.6601
17.8,99,93,18.6601
17.8,100,84,32.3858
17.8,101,93,17.2534
17.8,102,100,17.2534
17.8,103,99,17.2534
17.8,104,105,18.6601
17.8,105,102,18.6601
17.8,106,105,17.2534
17.8,107,90,17.2534
17.8,108,100,17.2534
17.8,109,77,32.3858
17.8,110,82,18.6601
17.8,111,75,18.6601
17.8,112,91,17.2534
17.8,113,89,17.2534
17.8,114,97,17.2534
17.8,115,91,17.2534
17.8,116,92,18.6601
17.8,117,88,18.6601
17.8,118,85,17.2534
17.8,119,61,32.3858
17.8,120,64,32.3858
17.8,121,70,32.3858
17.8,122,83,18.6601
17.8,123,79,18.6601
17.8,124,86,17.2534
17.8,125,79,18.6601
17.8,126,87,17.2534
17.8,127,75,34.8832
17.8,128,69,18.6601
17.8,129,65,18.6601
17.8,130,58,32.3858
17.8,131,63,34.8832
18,0,52,34.9857
18,1,74,16.9706
18,2,76,18.9737
18,3,80,18.9737
18,4,79,34.9857
18,5,85,16.9706
18,6,77,18.9737
18,7,79,16.9706
18,8,63,18.9737
18,9,70,18.9737
18,10,67,32.311
18,11,88,16.9706
18,12,78,16.9706
18,13,93,16.9706
18,14,90,18.9737
18,15,93,18.9737
18,16,87,16.9706
18,17,88,16.9706
18,18,81,16.9706
18,19,74,32.311
18,20,83,18.9737
18,21,86,18.9737
18,22,93,16.9706
18,23,105,16.9706
18,24,97,16.9706
18,25,104,16.9706
18,26,97,18.9737
18,27,101,18.9737
18,28,87,16.9706
18,29,78,32.311
18,30,77,32.311
18,31,102,16.9706
18,32,106,18.9737
18,33,110,18.9737
18,34,109,16.9706
18,35,115,16.9706
18,36,107,16.9706
18,37,108,16.9706
18,38,91,18.9737
18,39,98,18.9737
18,40,93,32.311
18,41,117,16.9706
18,42,108,16.9706
18,43,123,16.9706
18,44,120,18.9737
18,45,123,18.9737
18,46,117,16.9706
18,47,116,16.9706
18,48,110,16.9706
18,49,98,32.311
18,50,108,18.9737
18,51,109,18.9737
18,52,122,16.9706
18,53,129,16.9706
18,54,125,16.9706
18,55,128,16.9706
18,56,123,18.9737
18,57,125,18.9737
18,58,113,16.9706
18,59,94,32.311
18,60,96,32.311
18,61,116,16.9706
18,62,127,18.9737
18,63,127,18.9737
18,64,131,16.9706
18,65,129,16.9706
18,66,127,16.9706
18,67,123,16.9706
18,68,107,18.9737
18,69,109,18.9737
18,70,103,32.311
18,71,119,16.9706
18,72,120,16.9706
18,73,127,16.9706
18,74,130,18.9737
18,75,129,18.9737
18,76,128,16.9706
18,77,115,16.9706
18,78,119,16.9706
18,79,100,32.311
18,80,108,18.9737
18,81,101,18.9737
18,82,120,16.9706
18,83,119,16.9706
18,84,127,16.9706
18,85,121,16.9706
18,86,122,18.9737
18,87,118,18.9737
18,88,110,16.9706
18,89,85,32.311
18,90,87,32.311
18,91,99,16.9706
18,92,113,18.9737
18,93,109,18.9737
18,94,116,16.9706
18,95,109,16.9706
18,96,117,16.9706
18,97,105,16.9706
18,98,94,18.9737
18,99,93,18.9737
18,100,84,32.311
18,101,93,16.9706
18,102,100,16.9706
18,103,99,16.9706
18,104,105,18.9737
18,105,102,18.9737
18,106,105,16.9706
18,107,90,16.9706
18,108,100,16.9706
18,109,77,32.311
18,110,82,18.9737
18,111,75,18.9737
18,112,91,16.9706
18,113,89,16.9706
18,114,97,16.9706
18,115,91,16.9706
18,116,92,18.9737
18,117,88,18.9737
18,118,85,16.9706
18,119,61,32.311
18,120,64,32.311
18,121,70,32.311
18,122,83,18.9737
18,123,79,18.9737
18,124,86,16.9706
18,125,79,18.9737
18,126,87,16.9706
18,127,75,34.9857
18,128,69,18.9737
18,129,65,18.9737
18,130,58,32.311
18,131,63,34.9857
18.2,0,52,35.089
18.2,1,74,16.6877
18.2,2,76,19.2925
18.2,3,80,19.2925
18.2,4,79,35.089
18.2,5,85,16.6877
18.2,6,77,19.2925
18.2,7,79,16.6877
18.2,8,63,19.2925
18.2,9,70,19.2925
18.2,10,67,32.2372
18.2,11,88,16.6877
18.2,12,78,16.6877
18.2,13,93,16.6877
18.2,14,90,19.2925
18.2,15,93,19.2925
18.2,16,87,16.6877
18.2,17,88,16.6877
18.2,18,81,16.6877
18.2,19,74,32.2372
18.2,20,83,19.2925
18.2,21,86,19.2925
18.2,22,93,16.6877
18.2,23,105,16.6877
18.2,24,97,16.6877
18.2,25,104,16.6877
18.2,26,97,19.2925
18.2,27,101,19.2925
18.2,28,87,16.6877
18.2,29,78,32.2372
18.2,30,77,32.2372
18.2,31,102,16.6877
18.2,32,106,19.2925
18.2,33,110,19.2925
18.2,34,109,16.6877
18.2,35,115,16.6877
18.2,36,107,16.6877
18.2,37,108,16.6877
18.2,38,91,19.2925
18.2,39,98,19.2925
18.2,40,93,32.2372
18.2,41,117,16.6877
18.2,42,108,16.6877
18.2,43,123,16.6877
18.2,44,120,19.2925
18.2,45,123,19.2925
18.2,46,117,16.6877
18.2,47,116,16.6877
18.2,48,110,16.6877
18.2,49,98,32.2372
18.2,50,108,19.2925
18.2,51,109,19.2925
18.2,52,122,16.6877
18.2,53,129,16.6877
18.2,54,125,16.6877
18.2,55,128,16.6877
18.2,56,123,19.2925
18.2,57,125,19.2925
18.2,58,113,16.6877
18.2,59,94,32.2372
18.2,60,96,32.2372
18.2,61,116,16.6877
18.2,62,127,19.2925
18.2,63,127,19.2925
18.2,64,131,16.6877
18.2,65,129,16.6877
18.2,66,127,16.6877
18.2,67,123,16.6877
18.2,68,107,19.2925
18.2,69,109,19.2925
18.2,70,103,32.2372
18.2,71,119,16.6877
18.2,72,120,16.6877
18.2,73,127,16.6877
18.2,74,130,19.2925
18.2,75,129,19.2925
18.2,76,128,16.6877
18.2,77,115,16.6877
18.2,78,119,16.6877
18.2,79,100,32.2372
18.2,80,108,19.2925
18.2,81,101,19.2925
18.2,82,120,16.6877
18.2,83,119,16.6877
18.2,84,127,16.6877
18.2,85,121,16.6877
18.2,86,122,19.2925
18.2,87,118,19.2925
18.2,88,110,16.6877
18.2,89,85,32.2372
18.2,90,87,32.2372
18.2,91,99,16.6877
18.2,92,113,19.2925
18.2,93,109,19.2925
18.2,94,116,16.6877
18.2,95,109,16.6877
18.2,96,117,16.6877
18.2,97,105,16.6877
18.2,98,94,19.2925
18.2,99,93,19.2925
18.2,100,84,32.2372
18.2,101,93,16.6877
18.2,102,100,16.6877
18.2,103,99,16.6877
18.2,104,105,19.2925
18.2,105,102,19.2925
18.2,106,105,16.6877
18.2,107,90,16.6877
18.2,108,100,16.6877
18.2,109,77,32.2372
18.2,110,82,19.2925
18.2,111,75,19.2925
18.2,112,91,16.6877
18.2,113,89,16.6877
18.2,114,97,16.6877
18.2,115,91,16.6877
18.2,116,92,19.2925
18.2,117,88,19.2925
18.2,118,85,16.6877
18.2,119,61,32.2372
18.2,120,64,32.2372
18.2,121,70,32.2372
18.2,122,83,19.2925
18.2,123,79,19.2925
18.2,124,86,16.6877
18.2,125,79,19.2925
18.2,126,87,16.6877
18.2,127,75,35.089
18.2,128,69,19.2925
18.2,129,65,19.2925
18.2,130,58,32.2372
18.2,131,63,35.089
18.4,0,52,35.1932
18.4,1,74,16.4049
18.4,2,76,19.6163
18.4,3,80,19.6163
18.4,4,79,35.1932
18.4,5,85,16.4049
18.4,6,77,19.6163
18.4,7,79,16.4049
18.4,8,63,19.6163
18.4,9,70,19.6163
18.4,10,67,32.1646
18.4,11,88,16.4049
18.4,12,78,16.4049
18.4,13,93,16.4049
18.4,14,90,19.6163
18.4,15,93,19.6163
18.4,16,87,16.4049
18.4,17,87,16.4049
18.4,18,81,16.4049
18.4,19,74,32.1646
18.4,20,83,19.6163
18.4,21,86,19.6163
18.4,22,93,16.4049
18.4,23,105,16.4049
18.4,24,97,16.4049
18.4,25,104,16.4049
18.4,26,97,19.6163
18.4,27,101,19.6163
18.4,28,87,16.4049
18.4,29,77,32.1646
18.4,30,76,32.1646
18.4,31,102,16.4049
18.4,32,106,19.6163
18.4,33,110,19.6163
18.4,34,109,16.4049
18.4,35,115,16.4049
18.4,36,107,16.4049
18.4,37,108,16.4049
18.4,38,91,19.6163
18.4,39,98,19.6163
18.4,40,93,32.1646
18.4,41,117,16.4049
18.4,42,107,16.4049
18.4,43,123,16.4049
18.4,44,120,19.6163
18.4,45,123,19.6163
18.4,46,117,16.4049
18.4,47,115,16.4049
18.4,48,110,16.4049
18.4,49,98,32.1646
18.4,50,108,19.6163
18.4,51,109,19.6163
18.4,52,122,16.4049
18.4,53,129,16.4049
18.4,54,125,16.4049
18.4,55,128,16.4049
18.4,56,123,19.6163
18.4,57,125,19.6163
18.4,58,113,16.4049
18.4,59,93,32.1646
18.4,60,95,32.1646
18.4,61,116,16.4049
18.4,62,127,19.6163
18.4,63,127,19.6163
18.4,64,131,16.4049
18.4,65,129,16.4049
18.4,66,127,16.4049
18.4,67,123,16.4049
18.4,68,107,19.6163
18.4,69,109,19.6163
18.4,70,103,32.1646
18.4,71,119,16.4049
18.4,72,119,16.4049
18.4,73,127,16.4049
18.4,74,130,19.6163
18.4,75,129,19.6163
18.4,76,128,16.4049
18.4,77,114,16.4049
18.4,78,119,16.4049
18.4,79,100,32.1646
18.4,80,108,19.6163
18.4,81,101,19.6163
18.4,82,120,16.4049
18.4,83,119,16.4049
18.4,84,127,16.4049
18.4,85,121,16.4049
18.4,86,122,19.6163
18.4,87,118,19.6163
18.4,88,110,16.4049
18.4,89,84,32.1646
18.4,90,86,32.1646
18.4,91,99,16.4049
18.4,92,113,19.6163
18.4,93,109,19.6163
18.4,94,116,16.4049
18.4,95,109,16.4049
18.4,96,117,16.4049
18.4,97,105,16.4049
18.4,98,94,19.6163
18.4,99,93,19.6163
18.4,100,84,32.1646
18.4,101,93,16.4049
18.4,102,99,16.4049
18.4,103,99,16.4049
18.4,104,105,19.6163
18.4,105,102,19.6163
18.4,106,105,16.4049
18.4,107,89,16.4049
18.4,108,100,16.4049
18.4,109,77,32.1646
18.4,110,82,19.6163
18.4,111,75,19.6163
18.4,112,91,16.4049
18.4,113,89,16.4049
18.4,114,97,16.4049
18.4,115,91,16.4049
18.4,116,92,19.6163
18.4,117,88,19.6163
18.4,118,85,16.4049
18.4,119,61,32.1646
18.4,120,63,32.1646
18.4,121,70,32.1646
18.4,122,83,19.6163
18.4,123,79,19.6163
18.4,124,86,16.4049
18.4,125,79,19.6163
18.4,126,87,16.4049
18.4,127,75,35.1932
18.4,128,69,19.6163
18.4,129,65,19.6163
18.4,130,58,32.1646
18.4,131,63,35.1932
18.6,0,52,35.2982
18.6,1,74,16.122
18.6,2,76,19.9449
18.6,3,80,19.9449
18.6,4,79,35.2982
18.6,5,85,16.122
18.6,6,77,19.9449
18.6,7,79,16.122
18.6,8,63,19.9449
18.6,9,70,19.9449
18.6,10,67,32.093
18.6,11,88,16.122
18.6,12,78,16.122
18.6,13,93,16.122
18.6,14,90,19.9449
18.6,15,93,19.9449
18.6,16,87,16.122
18.6,17,87,16.122
18.6,18,81,16.122
18.6,19,74,32.093
18.6,20,83,19.9449
18.6,21,86,19.9449
18.6,22,93,16.122
18.6,23,105,16.122
18.6,24,97,16.122
18.6,25,104,16.122
18.6,26,97,19.9449
18.6,27,101,19.9449
18.6,28,87,16.122
18.6,29,77,32.093
18.6,30,76,32.093
18.6,31,102,16.122
18.6,32,106,19.9449
18.6,33,110,19.9449
18.6,34,109,16.122
18.6,35,115,16.122
18.6,36,107,16.122
18.6,37,108,16.122
18.6,38,91,19.9449
18.6,39,98,19.9449
18.6,40,93,32.093
18.6,41,117,16.122
18.6,42,107,16.122
18.6,43,123,16.122
18.6,44,120,19.9449
18.6,45,123,19.9449
18.6,46,117,16.122
18.6,47,115,16.122
18.6,48,110,16.122
18.6,49,98,32.093
18.6,50,108,19.9449
18.6,51,109,19.9449
18.6,52,122,16.122
18.6,53,129,16.122
18.6,54,125,16.122
18.6,55,128,16.122
18.6,56,123,19.9449
18.6,57,125,19.9449
18.6,58,113,16.122
18.6,59,93,32.093
18.6,60,95,32.093
18.6,61,116,16.122
18.6,62,127,19.9449
18.6,63,127,19.9449
18.6,64,131,16.122
18.6,65,129,16.122
18.6,66,127,16.122
18.6,67,123,16.122
18.6,68,107,19.9449
18.6,69,109,19.9449
18.6,70,103,32.093
18.6,71,119,16.122
18.6,72,119,16.122
18.6,73,127,16.122
18.6,74,130,19.9449
18.6,75,129,19.9449
18.6,76,128,16.122
18.6,77,114,16.122
18.6,78,119,16.122
18.6,79,100,32.093
18.6,80,108,19.9449
18.6,81,101,19.9449
18.6,82,120,16.122
18.6,83,119,16.122
18.6,84,127,16.122
18.6,85,121,16.122
18.6,86,122,19.9449
18.6,87,118,19.9449
18.6,88,110,16.122
18.6,89,84,32.093
18.6,90,86,32.093
18.6,91,99,16.122
18.6,92,113,19.9449
18.6,93,109,19.9449
18.6,94,116,16.122
18.6,95,109,16.122
18.6,96,117,16.122
18.6,97,105,16.122
18.6,98,94,19.9449
18.6,99,93,19.9449
18.6,100,84,32.093
18.6,101,93,16.122
18.6,102,99,16.122
18.6,103,99,16.122
18.6,104,105,19.9449
18.6,105,102,19.9449
18.6,106,105,16.122
18.6,107,89,16.122
18.6,108,100,16.122
18.6,109,77,32.093
18.6,110,82,19.9449
18.6,111,75,19.9449
18.6,112,91,16.122
18.6,113,89,16.122
18.6,114,97,16.122
18.6,115,91,16.122
18.6,116,92,19.9449
18.6,117,88,19.9449
18.6,118,85,16.122
18.6,119,61,32.093
18.6,120,63,32.093
18.6,121,70,32.093
18.6,122,83,19.9449
18.6,123,79,19.9449
18.6,124,86,16.122
18.6,125,79,19.9449
18.6,126,87,16.122
18.6,127,75,35.2982
18.6,128,69,19.9449
18.6,129,65,19.9449
18.6,130,58,32.093
18.6,131,63,35.2982
18.8,0,52,35.404
18.8,1,74,15.8392
18.8,2,76,20.2781
18.8,3,80,20.2781
18.8,4,79,35.404
18.8,5,85,15.8392
18.8,6,77,20.2781
18.8,7,79,15.8392
18.8,8,63,20.2781
18.8,9,70,20.2781
18.8,10,67,32.0225
18.8,11,88,15.8392
18.8,12,78,15.8392
18.8,13,93,15.8392
18.8,14,90,20.2781
18.8,15,93,20.2781
18.8,16,87,15.8392
18.8,17,87,15.8392
18.8,18,81,15.8392
18.8,19,74,32.0225
18.8,20,83,20.2781
18.8,21,86,20.2781
18.8,22,93,15.8392
18.8,23,105,15.8392
18.8,24,97,15.8392
18.8,25,104,15.8392
18.8,26,97,20.2781
18.8,27,101,20.2781
18.8,28,87,15.8392
18.8,29,77,32.0225
18.8,30,76,32.0225
18.8,31,102,15.8392
18.8,32,106,20.2781
18.8,33,110,20.2781
18.8,34,109,15.8392
18.8,35,115,15.8392
18.8,36,107,15.8392
18.8,37,108,15.8392
18.8,38,91,20.2781
18.8,39,98,20.2781
18.8,40,93,32.0225
18.8,41,117,15.8392
18.8,42,107,15.8392
18.8,43,123,15.8392
18.8,44,120,20.2781
18.8,45,123,20.2781
18.8,46,117,15.8392
18.8,47,115,15.8392
18.8,48,110,15.8392
18.8,49,98,32.0225
18.8,50,108,20.2781
18.8,51,109,20.2781
18.8,52,122,15.8392
18.8,53,129,15.8392
18.8,54,125,15.8392
18.8,55,128,15.8392
18.8,56,123,20.2781
18.8,57,125,20.2781
18.8,58,113,15.8392
18.8,59,93,32.0225
18.8,60,95,32.0225
18.8,61,116,15.8392
18.8,62,127,20.2781
18.8,63,127,20.2781
18.8,64,131,15.8392
18.8,65,129,15.8392
18.8,66,127,15.8392
18.8,67,123,15.8392
18.8,68,107,20.2781
18.8,69,109,20.2781
18.8,70,103,32.0225
18.8,71,119,15.8392
18.8,72,119,15.8392
18.8,73,127,15.8392
18.8,74,130,20.2781
18.8,75,129,20.2781
18.8,76,128,15.8392
18.8,77,114,15.8392
18.8,78,119,15.8392
18.8,79,100,32.0225
18.8,80,108,20.2781
18.8,81,101,20.2781
18.8,82,120,15.8392
18.8,83,119,15.8392
18.8,84,127,15.8392
18.8,85,121,15.8392
18.8,86,122,20.2781
18.8,87,118,20.2781
18.8,88,110,15.8392
18.8,89,84,32.0225
18.8,90,86,32.0225
18.8,91,99,15.8392
18.8,92,113,20.2781
18.8,93,109,20.2781
18.8,94,116,15.8392
18.8,95,109,15.8392
18.8,96,117,15.8392
18.8,97,105,15.8392
18.8,98,94,20.2781
18.8,99,93,20.2781
18.8,100,84,32.0225
18.8,101,93,15.8392
18.8,102,99,15.8392
18.8,103,99,15.8392
18.8,104,105,20.2781
18.8,105,102,20.2781
18.8,106,105,15.8392
18.8,107,89,15.8392
18.8,108,100,15.8392
18.8,109,77,32.0225
18.8,110,82,20.2781
18.8,111,75,20.2781
18.8,112,91,15.8392
18.8,113,89,15.8392
18.8,114,97,15.8392
18.8,115,91,15.8392
18.8,116,92,20.2781
18.8,117,88,20.2781
18.8,118,85,15.8392
18.8,119,61,32.0225
18.8,120,63,32.0225
18.8,121,70,32.0225
18.8,122,83,20.2781
18.8,123,79,20.2781
18.8,124,86,15.8392
18.8,125,79,20.2781
18.8,126,87,15.8392
18.8,127,75,35.404
18.8,128,69,20.2781
18.8,129,65,20.2781
18.8,130,58,32.0225
18.8,131,63,35.404
19,0,52,35.5106
19,1,74,15.5563
19,2,76,20.6155
19,3,80,20.6155
19,4,79,35.5106
19,5,85,15.5563
19,6,77,20.6155
19,7,79,15.5563
19,8,63,20.6155
19,9,70,20.6155
19,10,67,31.9531
19,11,88,15.5563
19,12,78,15.5563
19,13,93,15.5563
19,14,90,20.6155
19,15,93,20.6155
19,16,87,15.5563
19,17,87,15.5563
19,18,81,15.5563
19,19,74,31.9531
19,20,83,20.6155
19,21,86,20.6155
19,22,93,15.5563
19,23,105,15.5563
19,24,97,15.5563
19,25,104,15.5563
19,26,97,20.6155
19,27,101,20.6155
19,28,87,15.5563
19,29,77,31.9531
19,30,76,31.9531
19,31,102,15.5563
19,32,106,20.6155
19,33,110,20.6155
19,34,109,15.5563
19,35,115,15.5563
19,36,107,15.5563
19,37,108,15.5563
19,38,91,20.6155
19,39,98,20.6155
19,40,93,31.9531
19,41,117,15.5563
19,42,107,15.5563
19,43,123,15.5563
19,44,120,20.6155
19,45,123,20.6155
19,46,117,15.5563
19,47,115,15.5563
19,48,110,15.5563
19,49,98,31.9531
19,50,108,20.6155
19,51,109,20.6155
19,52,122,15.5563
19,53,129,15.5563
19,54,125,15.5563
19,55,128,15.5563
19,56,123,20.6155
19,57,125,20.6155
19,58,113,15.5563
19,59,93,31.9531
19,60,95,31.9531
19,61,116,15.5563
19,62,127,20.6155
19,63,127,20.6155
19,64,131,15.5563
19,65,129,15.5563
19,66,127,15.5563
19,67,123,15.5563
19,68,107,20.6155
19,69,109,20.6155
19,70,103,31.9531
19,71,119,15.5563
19,72,119,15.5563
19,73,127,15.5563
19,74,130,20.6155
19,75,129,20.6155
19,76,128,15.5563
19,77,114,15.5563
19,78,119,15.5563
19,79,100,31.9531
19,80,108,20.6155
19,81,101,20.6155
19,82,120,15.5563
19,83,119,15.5563
19,84,127,15.5563
19,85,121,15.5563
19,86,122,20.6155
19,87,118,20.6155
19,88,110,15.5563
19,89,84,31.9531
19,90,86,31.9531
19,91,99,15.5563
19,92,113,20.6155
19,93,109,20.6155
19,94,116,15.5563
19,95,109,15.5563
19,96,117,15.5563
19,97,105,15.5563
19,98,94,20.6155
19,99,93,20.6155
19,100,84,31.9531
19,101,93,15.5563
19,102,99,15.5563
19,103,99,15.5563
19,104,105,20.6155
19,105,102,20.6155
19,106,105,15.5563
19,107,89,15.5563
19,108,100,15.5563
19,109,77,31.9531
19,110,82,20.6155
19,111,75,20.6155
19,112,91,15.5563
19,113,89,15.5563
19,114,97,15.5563
19,115,91,15.5563
19,116,92,20.6155
19,117,88,20.6155
19,118,85,15.5563
19,119,61,31.9531
19,120,63,31.9531
19,121,70,31.9531
19,122,83,20.6155
19,123,79,20.6155
19,124,86,15.5563
19,125,79,20.6155
19,126,87,15.5563
19,127,75,35.5106
19,128,69,20.6155
19,129,65,20.6155
19,130,58,31.9531
19,131,63,35.5106
19.2,0,52,35.618
19.2,1,74,15.2735
19.2,2,76,20.9571
19.2,3,80,20.9571
19.2,4,79,35.618
19.2,5,85,15.2735
19.2,6,77,20.9571
19.2,7,79,15.2735
19.2,8,63,20.9571
19.2,9,70,20.9571
19.2,10,67,31.8848
19.2,11,88,15.2735
19.2,12,78,15.2735
19.2,13,93,15.2735
19.2,14,90,20.9571
19.2,15,93,20.9571
19.2,16,87,15.2735
19.2,17,87,15.2735
19.2,18,81,15.2735
19.2,19,74,31.8848
19.2,20,83,20.9571
19.2,21,86,20.9571
19.2,22,93,15.2735
19.2,23,105,15.2735
19.2,24,97,15.2735
19.2,25,104,15.2735
19.2,26,97,20.9571
19.2,27,101,20.9571
19.2,28,87,15.2735
19.2,29,77,31.8848
19.2,30,76,31.8848
19.2,31,102,15.2735
19.2,32,106,20.9571
19.2,33,110,20.9571
19.2,34,109,15.2735
19.2,35,115,15.2735
19.2,36,107,15.2735
19.2,37,108,15.2735
19.2,38,91,20.9571
19.2,39,98,20.9571
19.2,40,93,31.8848
19.2,41,117,15.2735
19.2,42,107,15.2735
19.2,43,123,15.2735
19.2,44,120,20.9571
19.2,45,123,20.9571
19.2,46,117,15.2735
19.2,47,115,15.2735
19.2,48,110,15.2735
19.2,49,98,31.8848
19.2,50,108,20.9571
19.2,51,109,20.9571
19.2,52,122,15.2735
19.2,53,129,15.2735
19.2,54,125,15.2735
19.2,55,128,15.2735
19.2,56,123,20.9571
19.2,57,125,20.9571
19.2,58,113,15.2735
19.2,59,93,31.8848
19.2,60,95,31.8848
19.2,61,116,15.2735
19.2,62,127,20.9571
19.2,63,127,20.9571
19.2,64,131,15.2735
19.2,65,129,15.2735
19.2,66,127,15.2735
19.2,67,123,15.2735
19.2,68,107,20.9571
19.2,69,109,20.9571
19.2,70,103,31.8848
19.2,71,119,15.2735
19.2,72,119,15.2735
19.2,73,127,15.2735
19.2,74,130,20.9571
19.2,75,129,20.9571
19.2,76,128,15.2735
19.2,77,114,15.2735
19.2,78,119,15.2735
19.2,79,100,31.8848
19.2,80,108,20.9571
19.2,81,101,20.9571
19.2,82,120,15.2735
19.2,83,119,15.2735
19.2,84,127,15.2735
19.2,85,121,15.2735
19.2,86,122,20.9571
19.2,87,118,20.9571
19.2,88,110,15.2735
19.2,89,84,31.8848
19.2,90,86,31.8848
19.2,91,99,15.2735
19.2,92,113,20.9571
19.2,93,109,20.9571
19.2,94,116,15.2735
19.2,95,109,15.2735
19.2,96,117,15.2735
19.2,97,105,15.2735
19.2,98,94,20.9571
19.2,99,93,20.9571
19.2,100,84,31.8848
19.2,101,93,15.2735
19.2,102,99,15.2735
19.2,103,99,15.2735
19.2,104,105,20.9571
19.2,105,102,20.9571
19.2,106,105,15.2735
19.2,107,89,15.2735
19.2,108,100,15.2735
19.2,109,77,31.8848
19.2,110,82,20.9571
19.2,111,75,20.9571
19.2,112,91,15.2735
19.2,113,89,15.2735
19.2,114,97,15.2735
19.2,115,91,15.2735
19.2,116,92,20.9571
19.2,117,88,20.9571
19.2,118,85,15.2735
19.2,119,61,31.8848
19.2,120,63,31.8848
19.2,121,70,31.8848
19.2,122,83,20.9571
19.2,123,79,20.9571
19.2,124,86,15.2735
19.2,125,79,20.9571
19.2,126,87,15.2735
19.2,127,75,35.618
19.2,128,69,20.9571
19.2,129,65,20.9571
19.2,130,58,31.8848
19.2,131,63,35.618
19.4,0,52,35.7262
19.4,1,74,14.9907
19.4,2,76,21.3026
19.4,3,80,21.3026
19.4,4,79,35.7262
19.4,5,85,14.9907
19.4,6,77,21.3026
19.4,7,79,14.9907
19.4,8,63,21.3026
19.4,9,70,21.3026
19.4,10,67,31.8176
19.4,11,88,14.9907
19.4,12,78,14.9907
19.4,13,93,14.9907
19.4,14,90,21.3026
19.4,15,93,21.3026
19.4,16,87,14.9907
19.4,17,87,14.9907
19.4,18,81,14.9907
19.4,19,74,31.8176
19.4,20,83,21.3026
19.4,21,86,21.3026
19.4,22,93,14.9907
19.4,23,105,14.9907
19.4,24,97,14.9907
19.4,25,104,14.9907
19.4,26,97,21.3026
19.4,27,101,21.3026
19.4,28,87,14.9907
19.4,29,77,31.8176
19.4,30,76,31.8176
19.4,31,102,14.9907
19.4,32,106,21.3026
19.4,33,110,21.3026
19.4,34,109,14.9907
19.4,35,115,14.9907
19.4,36,107,14.9907
19.4,37,108,14.9907
19.4,38,91,21.3026
19.4,39,98,21.3026
19.4,40,93,31.8176
19.4,41,117,14.9907
19.4,42,107,14.9907
19.4,43,123,14.9907
19.4,44,120,21.3026
19.4,45,123,21.3026
19.4,46,117,14.9907
19.4,47,115,14.9907
19.4,48,110,14.9907
19.4,49,98,31.8176
19.4,50,108,21.3026
19.4,51,109,21.3026
19.4,52,122,14.9907
19.4,53,129,14.9907
19.4,54,125,14.9907
19.4,55,128,14.9907
19.4,56,123,21.3026
19.4,57,125,21.3026
19.4,58,113,14.9907
19.4,59,93,31.8176
19.4,60,95,31.8176
19.4,61,116,14.9907
19.4,62,127,21.3026
19.4,63,127,21.3026
19.4,64,131,14.9907
19.4,65,129,14.9907
19.4,66,127,14.9907
19.4,67,123,14.9907
19.4,68,107,21.3026
19.4,69,109,21.3026
19.4,70,103,31.8176
19.4,71,119,14.9907
19.4,72,119,14.9907
19.4,73,127,14.9907
19.4,74,130,21.3026
19.4,75,129,21.3026
19.4,76,128,14.9907
19.4,77,114,14.9907
19.4,78,119,14.9907
19.4,79,100,31.8176
19.4,80,108,21.3026
19.4,81,101,21.3026
19.4,82,120,14.9907
19.4,83,119,14.9907
19.4,84,127,14.9907
19.4,85,121,14.9907
19.4,86,122,21.3026
19.4,87,118,21.3026
19.4,88,110,14.9907
19.4,89,84,31.8176
19.4,90,86,31.8176
19.4,91,99,14.9907
19.4,92,113,21.3026
19.4,93,109,21.3026
19.4,94,116,14.9907
19.4,95,109,14.9907
19.4,96,117,14.9907
19.4,97,105,14.9907
19.4,98,94,21.3026
19.4,99,93,21.3026
19.4,100,84,31.8176
19.4,101,93,14.9907
19.4,102,99,14.9907
19.4,103,99,14.9907
19.4,104,105,21.3026
19.4,105,102,21.3026
19.4,106,105,14.9907
19.4,107,89,14.9907
19.4,108,100,14.9907
19.4,109,77,31.8176
19.4,110,82,21.3026
19.4,111,75,21.3026
19.4,112,91,14.9907
19.4,113,89,14.9907
19.4,114,97,14.9907
19.4,115,91,14.9907
19.4,116,92,21.3026
19.4,117,88,21.3026
19.4,118,85,14.9907
19.4,119,61,31.8176
19.4,120,63,31.8176
19.4,121,70,31.8176
19.4,122,83,21.3026
19.4,123,79,21.3026
19.4,124,86,14.9907
19.4,125,79,21.3026
19.4,126,87,14.9907
19.4,127,75,35.7262
19.4,128,69,21.3026
19.4,129,65,21.3026
19.4,130,58,31.8176
19.4,131,63,35.7262
19.6,0,52,35.8352
19.6,1,74,14.7078
19.6,2,76,21.6518
19.6,3,80,21.6518
19.6,4,79,35.8352
19.6,5,85,14.7078
19.6,6,77,21.6518
19.6,7,79,14.7078
19.6,8,63,21.6518
19.6,9,70,21.6518
19.6,10,67,31.7515
19.6,11,88,14.7078
19.6,12,78,14.7078
19.6,13,93,14.7078
19.6,14,90,21.6518
19.6,15,93,21.6518
19.6,16,87,14.7078
19.6,17,87,14.7078
19.6,18,81,14.7078
19.6,19,74,31.7515
19.6,20,83,21.6518
19.6,21,86,21.6518
19.6,22,93,14.7078
19.6,23,105,14.7078
19.6,24,97,14.7078
19.6,25,104,14.7078
19.6,26,97,21.6518
19.6,27,101,21.6518
19.6,28,87,14.7078
19.6,29,77,31.7515
19.6,30,76,31.7515
19.6,31,102,14.7078
19.6,32,106,21.6518
19.6,33,110,21.6518
19.6,34,109,14.7078
19.6,35,115,14.7078
19.6,36,107,14.7078
19.6,37,108,14.7078
19.6,38,91,21.6518
19.6,39,98,21.6518
19.6,40,93,31.7515
19.6,41,117,14.7078
19.6,42,107,14.7078
19.6,43,123,14.7078
19.6,44,120,21.6518
19.6,45,123,21.6518
19.6,46,117,14.7078
19.6,47,115,14.7078
19.6,48,110,14.7078
19.6,49,98,31.7515
19.6,50,108,21.6518
19.6,51,109,21.6518
19.6,52,122,14.7078
19.6,53,129,14.7078
19.6,54,125,14.7078
19.6,55,128,14.7078
19.6,56,123,21.6518
19.6,57,125,21.6518
19.6,58,113,14.7078
19.6,59,93,31.7515
19.6,60,95,31.7515
19.6,61,116,14.7078
19.6,62,127,21.6518
19.6,63,127,21.6518
19.6,64,131,14.7078
19.6,65,129,14.7078
19.6,66,127,14.7078
19.6,67,123,14.7078
19.6,68,107,21.6518
19.6,69,109,21.6518
19.6,70,103,31.7515
19.6,71,119,14.7078
19.6,72,119,14.7078
19.6,73,127,14.7078
19.6,74,130,21.6518
19.6,75,129,21.6518
19.6,76,128,14.7078
19.6,77,114,14.7078
19.6,78,119,14.7078
19.6,79,100,31.7515
19.6,80,108,21.6518
19.6,81,101,21.6518
19.6,82,120,14.7078
19.6,83,119,14.7078
19.6,84,127,14.7078
19.6,85,121,14.7078
19.6,86,122,21.6518
19.6,87,118,21.6518
19.6,88,110,14.7078
19.6,89,84,31.7515
19.6,90,86,31.7515
19.6,91,99,14.7078
19.6,92,113,21.6518
19.6,93,109,21.6518
19.6,94,116,14.7078
19.6,95,109,14.7078
19.6,96,117,14.7078
19.6,97,105,14.7078
19.6,98,94,21.6518
19.6,99,93,21.6518
19.6,100,84,31.7515
19.6,101,93,14.7078
19.6,102,99,14.7078
19.6,103,99,14.7078
19.6,104,105,21.6518
19.6,105,102,21.6518
19.6,106,105,14.7078
19.6,107,89,14.7078
19.6,108,100,14.7078
19.6,109,77,31.7515
19.6,110,82,21.6518
19.6,111,75,21.6518
19.6,112,91,14.7078
19.6,113,89,14.7078
19.6,114,97,14.7078
19.6,115,91,14.7078
19.6,116,92,21.6518
19.6,117,88,21.6518
19.6,118,85,14.7078
19.6,119,61,31.7515
19.6,120,63,31.7515
19.6,121,70,31.7515
19.6,122,83,21.6518
19.6,123,79,21.6518
19.6,124,86,14.7078
19.6,125,79,21.6518
19.6,126,87,14.7078
19.6,127,75,35.8352
19.6,128,69,21.6518
19.6,129,65,21.6518
19.6,130,58,31.7515
19.6,131,63,35.8352
19.8,0,52,35.945
19.8,1,74,14.425
19.8,2,76,22.0045
19.8,3,80,22.0045
19.8,4,79,35.945
19.8,5,85,14.425
19.8,6,77,22.0045
19.8,7,79,14.425
19.8,8,62,22.0045
19.8,9,70,22.0045
19.8,10,67,31.6866
19.8,11,88,14.425
19.8,12,78,14.425
19.8,13,93,14.425
19.8,14,90,22.0045
19.8,15,93,22.0045
19.8,16,87,14.425
19.8,17,86,14.425
19.8,18,81,14.425
19.8,19,74,31.6866
19.8,20,83,22.0045
19.8,21,86,22.0045
19.8,22,93,14.425
19.8,23,105,14.425
19.8,24,97,14.425
19.8,25,104,14.425
19.8,26,96,22.0045
19.8,27,101,22.0045
19.8,28,87,14.425
19.8,29,76,31.6866
19.8,30,76,31.6866
19.8,31,102,14.425
19.8,32,106,22.0045
19.8,33,110,22.0045
19.8,34,109,14.425
19.8,35,115,14.425
19.8,36,107,14.425
19.8,37,108,14.425
19.8,38,90,22.0045
19.8,39,98,22.0045
19.8,40,93,31.6866
19.8,41,117,14.425
19.8,42,106,14.425
19.8,43,123,14.425
19.8,44,120,22.0045
19.8,45,123,22.0045
19.8,46,117,14.425
19.8,47,114,14.425
19.8,48,110,14.425
19.8,49,98,31.6866
19.8,50,108,22.0045
19.8,51,108,22.0045
19.8,52,122,14.425
19.8,53,129,14.425
19.8,54,125,14.425
19.8,55,128,14.425
19.8,56,122,22.0045
19.8,57,125,22.0045
19.8,58,113,14.425
19.8,59,92,31.6866
19.8,60,94,31.6866
19.8,61,116,14.425
19.8,62,127,22.0045
19.8,63,126,22.0045
19.8,64,131,14.425
19.8,65,129,14.425
19.8,66,127,14.425
19.8,67,123,14.425
19.8,68,106,22.0045
19.8,69,109,22.0045
19.8,70,103,31.6866
19.8,71,119,14.425
19.8,72,118,14.425
19.8,73,127,14.425
19.8,74,130,22.0045
19.8,75,129,22.0045
19.8,76,128,14.425
19.8,77,113,14.425
19.8,78,119,14.425
19.8,79,100,31.6866
19.8,80,108,22.0045
19.8,81,100,22.0045
19.8,82,120,14.425
19.8,83,119,14.425
19.8,84,127,14.425
19.8,85,121,14.425
19.8,86,121,22.0045
19.8,87,118,22.0045
19.8,88,110,14.425
19.8,89,83,31.6866
19.8,90,85,31.6866
19.8,91,99,14.425
19.8,92,113,22.0045
19.8,93,108,22.0045
19.8,94,116,14.425
19.8,95,109,14.425
19.8,96,117,14.425
19.8,97,105,14.425
19.8,98,94,22.0045
19.8,99,93,22.0045
19.8,100,84,31.6866
19.8,101,93,14.425
19.8,102,98,14.425
19.8,103,99,14.425
19.8,104,105,22.0045
19.8,105,102,22.0045
19.8,106,105,14.425
19.8,107,89,14.425
19.8,108,100,14.425
19.8,109,77,31.6866
19.8,110,82,22.0045
19.8,111,74,22.0045
19.8,112,91,14.425
19.8,113,89,14.425
19.8,114,97,14.425
19.8,115,91,14.425
19.8,116,92,22.0045
19.8,117,88,22.0045
19.8,118,85,14.425
19.8,119,61,31.6866
19.8,120,62,31.6866
19.8,121,70,31.6866
19.8,122,83,22.0045
19.8,123,78,22.0045
19.8,124,86,14.425
19.8,125,79,22.0045
19.8,126,87,14.425
19.8,127,75,35.945
19.8,128,69,22.0045
19.8,129,65,22.0045
19.8,130,58,31.6866
19.8,131,63,35.945
20,0,52,36.0555
20,1,74,14.1421
20,2,76,22.3607
20,3,80,22.3607
20,4,79,36.0555
20,5,85,14.1421
20,6,77,22.3607
20,7,78,14.1421
20,8,62,22.3607
20,9,70,22.3607
20,10,67,31.6228
20,11,89,14.1421
20,12,78,14.1421
20,13,93,14.1421
20,14,90,22.3607
20,15,93,22.3607
20,16,87,14.1421
20,17,86,14.1421
20,18,81,14.1421
20,19,73,31.6228
20,20,84,22.3607
20,21,85,22.3607
20,22,93,14.1421
20,23,105,14.1421
20,24,97,14.1421
20,25,104,14.1421
20,26,96,22.3607
20,27,101,22.3607
20,28,87,14.1421
20,29,75,31.6228
20,30,76,31.6228
20,31,102,14.1421
20,32,106,22.3607
20,33,110,22.3607
20,34,109,14.1421
20,35,115,14.1421
20,36,107,14.1421
20,37,107,14.1421
20,38,89,22.3607
20,39,98,22.3607
20,40,93,31.6228
20,41,118,14.1421
20,42,106,14.1421
20,43,123,14.1421
20,44,120,22.3607
20,45,123,22.3607
20,46,117,14.1421
20,47,114,14.1421
20,48,110,14.1421
20,49,97,31.6228
20,50,109,22.3607
20,51,106,22.3607
20,52,122,14.1421
20,53,129,14.1421
20,54,125,14.1421
20,55,128,14.1421
20,56,122,22.3607
20,57,125,22.3607
20,58,113,14.1421
20,59,91,31.6228
20,60,94,31.6228
20,61,116,14.1421
20,62,127,22.3607
20,63,125,22.3607
20,64,131,14.1421
20,65,129,14.1421
20,66,127,14.1421
20,67,122,14.1421
20,68,105,22.3607
20,69,110,22.3607
20,70,103,31.6228
20,71,120,14.1421
20,72,118,14.1421
20,73,126,14.1421
20,74,130,22.3607
20,75,129,22.3607
20,76,128,14.1421
20,77,113,14.1421
20,78,120,14.1421
20,79,99,31.6228
20,80,108,22.3607
20,81,98,22.3607
20,82,120,14.1421
20,83,119,14.1421
20,84,127,14.1421
20,85,121,14.1421
20,86,121,22.3607
20,87,118,22.3607
20,88,110,14.1421
20,89,83,31.6228
20,90,85,31.6228
20,91,99,14.1421
20,92,113,22.3607
20,93,107,22.3607
20,94,116,14.1421
20,95,109,14.1421
20,96,117,14.1421
20,97,105,14.1421
20,98,93,22.3607
20,99,94,22.3607
20,100,84,31.6228
20,101,93,14.1421
20,102,98,14.1421
20,103,98,14.1421
20,104,105,22.3607
20,105,102,22.3607
20,106,105,14.1421
20,107,89,14.1421
20,108,101,14.1421
20,109,77,31.6228
20,110,82,22.3607
20,111,72,22.3607
20,112,91,14.1421
20,113,89,14.1421
20,114,97,14.1421
20,115,91,14.1421
20,116,92,22.3607
20,117,88,22.3607
20,118,85,14.1421
20,119,61,31.6228
20,120,62,31.6228
20,121,70,31.6228
20,122,83,22.3607
20,123,77,22.3607
20,124,86,14.1421
20,125,79,22.3607
20,126,87,14.1421
20,127,75,36.0555
20,128,68,22.3607
20,129,66,22.3607
20,130,58,31.6228
20,131,63,36.0555
20.2,0,52,36.1668
20.2,1,74,13.8593
20.2,2,76,22.72
20.2,3,80,22.72
20.2,4,79,36.1668
20.2,5,85,13.8593
20.2,6,77,22.72
20.2,7,78,13.8593
20.2,8,61,22.72
20.2,9,71,22.72
20.2,10,68,31.5601
20.2,11,89,13.8593
20.2,12,78,13.8593
20.2,13,93,13.8593
20.2,14,90,22.72
20.2,15,93,22.72
20.2,16,86,13.8593
20.2,17,85,13.8593
20.2,18,81,13.8593
20.2,19,74,31.5601
20.2,20,85,22.72
20.2,21,85,22.72
20.2,22,93,13.8593
20.2,23,105,13.8593
20.2,24,97,13.8593
20.2,25,104,13.8593
20.2,26,95,22.72
20.2,27,101,22.72
20.2,28,86,13.8593
20.2,29,75,31.5601
20.2,30,76,31.5601
20.2,31,102,13.8593
20.2,32,106,22.72
20.2,33,110,22.72
20.2,34,109,13.8593
20.2,35,115,13.8593
20.2,36,107,13.8593
20.2,37,107,13.8593
20.2,38,88,22.72
20.2,39,99,22.72
20.2,40,94,31.5601
20.2,41,118,13.8593
20.2,42,106,13.8593
20.2,43,123,13.8593
20.2,44,120,22.72
20.2,45,123,22.72
20.2,46,116,13.8593
20.2,47,113,13.8593
20.2,48,110,13.8593
20.2,49,98,31.5601
20.2,50,110,22.72
20.2,51,106,22.72
20.2,52,121,13.8593
20.2,53,129,13.8593
20.2,54,125,13.8593
20.2,55,128,13.8593
20.2,56,121,22.72
20.2,57,125,22.72
20.2,58,112,13.8593
20.2,59,91,31.5601
20.2,60,93,31.5601
20.2,61,115,13.8593
20.2,62,127,22.72
20.2,63,125,22.72
20.2,64,131,13.8593
20.2,65,129,13.8593
20.2,66,127,13.8593
20.2,67,122,13.8593
20.2,68,104,22.72
20.2,69,111,22.72
20.2,70,103,31.5601
20.2,71,120,13.8593
20.2,72,117,13.8593
20.2,73,126,13.8593
20.2,74,130,22.72
20.2,75,129,22.72
20.2,76,127,13.8593
20.2,77,112,13.8593
20.2,78,120,13.8593
20.2,79,100,31.5601
20.2,80,109,22.72
20.2,81,98,22.72
20.2,82,119,13.8593
20.2,83,119,13.8593
20.2,84,127,13.8593
20.2,85,121,13.8593
20.2,86,120,22.72
20.2,87,118,22.72
20.2,88,110,13.8593
20.2,89,83,31.5601
20.2,90,84,31.5601
20.2,91,98,13.8593
20.2,92,113,22.72
20.2,93,107,22.72
20.2,94,116,13.8593
20.2,95,109,13.8593
20.2,96,117,13.8593
20.2,97,105,13.8593
20.2,98,93,22.72
20.2,99,95,22.72
20.2,100,84,31.5601
20.2,101,93,13.8593
20.2,102,97,13.8593
20.2,103,98,13.8593
20.2,104,105,22.72
20.2,105,102,22.72
20.2,106,105,13.8593
20.2,107,89,13.8593
20.2,108,101,13.8593
20.2,109,78,31.5601
20.2,110,83,22.72
20.2,111,72,22.72
20.2,112,90,13.8593
20.2,113,89,13.8593
20.2,114,97,13.8593
20.2,115,91,13.8593
20.2,116,92,22.72
20.2,117,88,22.72
20.2,118,85,13.8593
20.2,119,61,31.5601
20.2,120,61,31.5601
20.2,121,69,31.5601
20.2,122,83,22.72
20.2,123,77,22.72
20.2,124,86,13.8593
20.2,125,79,22.72
20.2,126,87,13.8593
20.2,127,75,36.1668
20.2,128,68,22.72
20.2,129,67,22.72
20.2,130,58,31.5601
20.2,131,63,35.8352
20.4,0,52,36.2789
20.4,1,74,13.5765
20.4,2,76,23.0825
20.4,3,81,23.0825
20.4,4,79,36.2789
20.4,5,86,13.5765
20.4,6,77,23.0825
20.4,7,78,13.5765
20.4,8,61,23.0825
20.4,9,72,23.0825
20.4,10,68,31.4986
20.4,11,90,13.5765
20.4,12,78,13.5765
20.4,13,93,13.5765
20.4,14,90,23.0825
20.4,15,94,23.0825
20.4,16,86,13.5765
20.4,17,86,13.5765
20.4,18,81,13.5765
20.4,19,74,31.4986
20.4,20,85,23.0825
20.4,21,86,23.0825
20.4,22,93,13.5765
20.4,23,106,13.5765
20.4,24,97,13.5765
20.4,25,104,13.5765
20.4,26,95,23.0825
20.4,27,102,23.0825
20.4,28,86,13.5765
20.4,29,75,31.4986
20.4,30,76,31.4986
20.4,31,102,13.5765
20.4,32,106,23.0825
20.4,33,111,23.0825
20.4,34,109,13.5765
20.4,35,116,13.5765
20.4,36,107,13.5765
20.4,37,107,13.5765
20.4,38,88,23.0825
20.4,39,100,23.0825
20.4,40,94,31.4986
20.4,41,118,13.5765
20.4,42,106,13.5765
20.4,43,123,13.5765
20.4,44,120,23.0825
20.4,45,123,23.0825
20.4,46,116,13.5765
20.4,47,113,13.5765
20.4,48,110,13.5765
20.4,49,98,31.4986
20.4,50,110,23.0825
20.4,51,106,23.0825
20.4,52,121,13.5765
20.4,53,129,13.5765
20.4,54,125,13.5765
20.4,55,128,13.5765
20.4,56,121,23.0825
20.4,57,125,23.0825
20.4,58,112,13.5765
20.4,59,91,31.4986
20.4,60,93,31.4986
20.4,61,115,13.5765
20.4,62,127,23.0825
20.4,63,125,23.0825
20.4,64,131,13.5765
20.4,65,129,13.5765
20.4,66,127,13.5765
20.4,67,122,13.5765
20.4,68,104,23.0825
20.4,69,111,23.0825
20.4,70,103,31.4986
20.4,71,120,13.5765
20.4,72,117,13.5765
20.4,73,126,13.5765
20.4,74,130,23.0825
20.4,75,129,23.0825
20.4,76,127,13.5765
20.4,77,112,13.5765
20.4,78,120,13.5765
20.4,79,100,31.4986
20.4,80,109,23.0825
20.4,81,98,23.0825
20.4,82,119,13.5765
20.4,83,119,13.5765
20.4,84,127,13.5765
20.4,85,121,13.5765
20.4,86,120,23.0825
20.4,87,118,23.0825
20.4,88,110,13.5765
20.4,89,83,31.4986
20.4,90,84,31.4986
20.4,91,98,13.5765
20.4,92,114,23.0825
20.4,93,107,23.0825
20.4,94,116,13.5765
20.4,95,109,13.5765
20.4,96,118,13.5765
20.4,97,105,13.5765
20.4,98,94,23.0825
20.4,99,95,23.0825
20.4,100,84,31.4986
20.4,101,93,13.5765
20.4,102,98,13.5765
20.4,103,98,13.5765
20.4,104,106,23.0825
20.4,105,102,23.0825
20.4,106,105,13.5765
20.4,107,89,13.5765
20.4,108,102,13.5765
20.4,109,78,31.4986
20.4,110,84,23.0825
20.4,111,72,23.0825
20.4,112,90,13.5765
20.4,113,89,13.5765
20.4,114,98,13.5765
20.4,115,91,13.5765
20.4,116,93,23.0825
20.4,117,88,23.0825
20.4,118,85,13.5765
20.4,119,61,31.4986
20.4,120,61,31.4986
20.4,121,69,31.4986
20.4,122,84,23.0825
20.4,123,77,23.0825
20.4,124,86,13.5765
20.4,125,79,23.0825
20.4,126,88,13.5765
20.4,127,75,36.2789
20.4,128,69,23.0825
20.4,129,67,23.0825
20.4,130,58,31.4986
20.4,131,63,35.618
20.6,0,52,36.3918
20.6,1,74,13.2936
20.6,2,76,23.4478
20.6,3,81,23.4478
20.6,4,79,36.3918
20.6,5,86,13.2936
20.6,6,77,23.4478
20.6,7,78,13.2936
20.6,8,61,23.4478
20.6,9,72,23.4478
20.6,10,68,31.4382
20.6,11,90,13.2936
20.6,12,78,13.2936
20.6,13,93,13.2936
20.6,14,90,23.4478
20.6,15,94,23.4478
20.6,16,86,13.2936
20.6,17,86,13.2936
20.6,18,81,13.2936
20.6,19,74,31.4382
20.6,20,85,23.4478
20.6,21,86,23.4478
20.6,22,93,13.2936
20.6,23,106,13.2936
20.6,24,97,13.2936
20.6,25,104,13.2936
20.6,26,95,23.4478
20.6,27,102,23.4478
20.6,28,86,13.2936
20.6,29,75,31.4382
20.6,30,76,31.4382
20.6,31,102,13.2936
20.6,32,106,23.4478
20.6,33,111,23.4478
20.6,34,109,13.2936
20.6,35,116,13.2936
20.6,36,107,13.2936
20.6,37,107,13.2936
20.6,38,88,23.4478
20.6,39,100,23.4478
20.6,40,94,31.4382
20.6,41,118,13.2936
20.6,42,106,13.2936
20.6,43,123,13.2936
20.6,44,120,23.4478
20.6,45,123,23.4478
20.6,46,116,13.2936
20.6,47,113,13.2936
20.6,48,110,13.2936
20.6,49,98,31.4382
20.6,50,110,23.4478
20.6,51,106,23.4478
20.6,52,121,13.2936
20.6,53,129,13.2936
20.6,54,125,13.2936
20.6,55,128,13.2936
20.6,56,121,23.4478
20.6,57,125,23.4478
20.6,58,112,13.2936
20.6,59,91,31.4382
20.6,60,93,31.4382
20.6,61,115,13.2936
20.6,62,127,23.4478
20.6,63,125,23.4478
20.6,64,131,13.2936
20.6,65,129,13.2936
20.6,66,127,13.2936
20.6,67,122,13.2936
20.6,68,104,23.4478
20.6,69,111,23.4478
20.6,70,103,31.4382
20.6,71,120,13.2936
20.6,72,117,13.2936
20.6,73,126,13.2936
20.6,74,130,23.4478
20.6,75,129,23.4478
20.6,76,127,13.2936
20.6,77,112,13.2936
20.6,78,120,13.2936
20.6,79,100,31.4382
20.6,80,109,23.4478
20.6,81,98,23.4478
20.6,82,119,13.2936
20.6,83,119,13.2936
20.6,84,127,13.2936
20.6,85,121,13.2936
20.6,86,120,23.4478
20.6,87,118,23.4478
20.6,88,110,13.2936
20.6,89,83,31.4382
20.6,90,84,31.4382
20.6,91,98,13.2936
20.6,92,114,23.4478
20.6,93,107,23.4478
20.6,94,116,13.2936
20.6,95,109,13.2936
20.6,96,118,13.2936
20.6,97,105,13.2936
20.6,98,94,23.4478
20.6,99,95,23.4478
20.6,100,84,31.4382
20.6,101,93,13.2936
20.6,102,98,13.2936
20.6,103,98,13.2936
20.6,104,106,23.4478
20.6,105,102,23.4478
20.6,106,105,13.2936
20.6,107,89,13.2936
20.6,108,102,13.2936
20.6,109,78,31.4382
20.6,110,84,23.4478
20.6,111,72,23.4478
20.6,112,90,13.2936
20.6,113,89,13.2936
20.6,114,98,13.2936
20.6,115,91,13.2936
20.6,116,93,23.4478
20.6,117,88,23.4478
20.6,118,85,13.2936
20.6,119,61,31.4382
20.6,120,61,31.4382
20.6,121,69,31.4382
20.6,122,84,23.4478
20.6,123,77,23.4478
20.6,124,86,13.2936
20.6,125,79,23.4478
20.6,126,88,13.2936
20.6,127,75,36.3918
20.6,128,69,23.4478
20.6,129,67,23.4478
20.6,130,58,31.4382
20.6,131,63,35.404
20.8,0,52,36.5053
20.8,1,74,13.0108
20.8,2,76,23.816
20.8,3,81,23.816
20.8,4,79,36.5053
20.8,5,86,13.0108
20.8,6,77,23.816
20.8,7,78,13.0108
20.8,8,61,23.816
20.8,9,72,23.816
20.8,10,68,31.379
20.8,11,90,13.0108
20.8,12,78,13.0108
20.8,13,93,13.0108
20.8,14,90,23.816
20.8,15,94,23.816
20.8,16,86,13.0108
20.8,17,86,13.0108
20.8,18,81,13.0108
20.8,19,74,31.379
20.8,20,85,23.816
20.8,21,86,23.816
20.8,22,93,13.0108
20.8,23,106,13.0108
20.8,24,97,13.0108
20.8,25,104,13.0108
20.8,26,95,23.816
20.8,27,102,23.816
20.8,28,86,13.0108
20.8,29,75,31.379
20.8,30,76,31.379
20.8,31,102,13.0108
20.8,32,106,23.816
20.8,33,111,23.816
20.8,34,109,13.0108
20.8,35,116,13.0108
20.8,36,107,13.0108
20.8,37,107,13.0108
20.8,38,88,23.816
20.8,39,100,23.816
20.8,40,94,31.379
20.8,41,118,13.0108
20.8,42,106,13.0108
20.8,43,123,13.0108
20.8,44,120,23.816
20.8,45,123,23.816
20.8,46,116,13.0108
20.8,47,113,13.0108
20.8,48,110,13.0108
20.8,49,98,31.379
20.8,50,110,23.816
20.8,51,106,23.816
20.8,52,121,13.0108
20.8,53,129,13.0108
20.8,54,125,13.0108
20.8,55,128,13.0108
20.8,56,121,23.816
20.8,57,125,23.816
20.8,58,112,13.0108
20.8,59,91,31.379
20.8,60,93,31.379
20.8,61,115,13.0108
20.8,62,127,23.816
20.8,63,125,23.816
20.8,64,131,13.0108
20.8,65,129,13.0108
20.8,66,127,13.0108
20.8,67,122,13.0108
20.8,68,104,23.816
20.8,69,111,23.816
20.8,70,103,31.379
20.8,71,120,13.0108
20.8,72,117,13.0108
20.8,73,126,13.0108
20.8,74,130,23.816
20.8,75,129,23.816
20.8,76,127,13.0108
20.8,77,112,13.0108
20.8,78,120,13.0108
20.8,79,100,31.379
20.8,80,109,23.816
20.8,81,98,23.816
20.8,82,119,13.0108
20.8,83,119,13.0108
20.8,84,127,13.0108
20.8,85,121,13.0108
20.8,86,120,23.816
20.8,87,118,23.816
20.8,88,110,13.0108
20.8,89,83,31.379
20.8,90,84,31.379
20.8,91,98,13.0108
20.8,92,114,23.816
20.8,93,107,23.816
20.8,94,116,13.0108
20.8,95,109,13.0108
20.8,96,118,13.0108
20.8,97,105,13.0108
20.8,98,94,23.816
20.8,99,95,23.816
20.8,100,84,31.379
20.8,101,93,13.0108
20.8,102,98,13.0108
20.8,103,98,13.0108
20.8,104,106,23.816
20.8,105,102,23.816
20.8,106,105,13.0108
20.8,107,89,13.0108
20.8,108,102,13.0108
20.8,109,78,31.379
20.8,110,84,23.816
20.8,111,72,23.816
20.8,112,90,13.0108
20.8,113,89,13.0108
20.8,114,98,13.0108
20.8,115,91,13.0108
20.8,116,93,23.816
20.8,117,88,23.816
20.8,118,85,13.0108
20.8,119,61,31.379
20.8,120,61,31.379
20.8,121,69,31.379
20.8,122,84,23.816
20.8,123,77,23.816
20.8,124,86,13.0108
20.8,125,79,23.816
20.8,126,88,13.0108
20.8,127,75,36.5053
20.8,128,69,23.816
20.8,129,67,23.816
20.8,130,58,31.379
20.8,131,63,35.1932
21,0,52,36.6197
21,1,74,12.7279
21,2,76,24.1868
21,3,81,24.1868
21,4,79,36.6197
21,5,86,12.7279
21,6,77,24.1868
21,7,78,12.7279
21,8,61,24.1868
21,9,72,24.1868
21,10,68,31.3209
21,11,90,12.7279
21,12,78,12.7279
21,13,93,12.7279
21,14,90,24.1868
21,15,94,24.1868
21,16,86,12.7279
21,17,86,12.7279
21,18,81,12.7279
21,19,74,31.3209
21,20,85,24.1868
21,21,86,24.1868
21,22,93,12.7279
21,23,106,12.7279
21,24,97,12.7279
21,25,104,12.7279
21,26,95,24.1868
21,27,102,24.1868
21,28,86,12.7279
21,29,75,31.3209
21,30,76,31.3209
21,31,102,12.7279
21,32,106,24.1868
21,33,111,24.1868
21,34,109,12.7279
21,35,116,12.7279
21,36,107,12.7279
21,37,107,12.7279
21,38,88,24.1868
21,39,100,24.1868
21,40,94,31.3209
21,41,118,12.7279
21,42,106,12.7279
21,43,123,12.7279
21,44,120,24.1868
21,45,123,24.1868
21,46,116,12.7279
21,47,113,12.7279
21,48,110,12.7279
21,49,98,31.3209
21,50,110,24.1868
21,51,106,24.1868
21,52,121,12.7279
21,53,129,12.7279
21,54,125,12.7279
21,55,128,12.7279
21,56,121,24.1868
21,57,125,24.1868
21,58,112,12.7279
21,59,91,31.3209
21,60,93,31.3209
21,61,115,12.7279
21,62,127,24.1868
21,63,125,24.1868
21,64,131,12.7279
21,65,129,12.7279
21,66,127,12.7279
21,67,122,12.7279
21,68,104,24.1868
21,69,111,24.1868
21,70,103,31.3209
21,71,120,12.7279
21,72,117,12.7279
21,73,126,12.7279
21,74,130,24.1868
21,75,129,24.1868
21,76,127,12.7279
21,77,112,12.7279
21,78,120,12.7279
21,79,100,31.3209
21,80,109,24.1868
21,81,98,24.1868
21,82,119,12.7279
21,83,119,12.7279
21,84,127,12.7279
21,85,121,12.7279
21,86,120,24.1868
21,87,118,24.1868
21,88,110,12.7279
21,89,83,31.3209
21,90,84,31.3209
21,91,98,12.7279
21,92,114,24.1868
21,93,107,24.1868
21,94,116,12.7279
21,95,109,12.7279
21,96,118,12.7279
21,97,105,12.7279
21,98,94,24.1868
21,99,95,24.1868
21,100,84,31.3209
21,101,93,12.7279
21,102,98,12.7279
21,103,98,12.7279
21,104,106,24.1868
21,105,102,24.1868
21,106,105,12.7279
21,107,89,12.7279
21,108,102,12.7279
21,109,78,31.3209
21,110,84,24.1868
21,111,72,24.1868
21,112,90,12.7279
21,113,89,12.7279
21,114,98,12.7279
21,115,91,12.7279
21,116,93,24.1868
21,117,88,24.1868
21,118,85,12.7279
21,119,61,31.3209
21,120,61,31.3209
21,121,69,31.3209
21,122,84,24.1868
21,123,77,24.1868
21,124,86,12.7279
21,125,79,24.1868
21,126,88,12.7279
21,127,75,36.6197
21,128,69,24.1868
21,129,67,24.1868
21,130,58,31.3209
21,131,63,34.9857
21.2,0,52,36.7347
21.2,1,74,12.4451
21.2,2,76,24.5601
21.2,3,81,24.5601
21.2,4,79,36.7347
21.2,5,86,12.4451
21.2,6,77,24.5601
21.2,7,78,12.4451
21.2,8,61,24.5601
21.2,9,72,24.5601
21.2,10,68,31.264
21.2,11,90,12.4451
21.2,12,78,12.4451
21.2,13,93,12.4451
21.2,14,90,24.5601
21.2,15,94,24.5601
21.2,16,86,12.4451
21.2,17,86,12.4451
21.2,18,81,12.4451
21.2,19,74,31.264
21.2,20,85,24.5601
21.2,21,86,24.5601
21.2,22,93,12.4451
21.2,23,106,12.4451
21.2,24,97,12.4451
21.2,25,104,12.4451
21.2,26,95,24.5601
21.2,27,102,24.5601
21.2,28,86,12.4451
21.2,29,75,31.264
21.2,30,76,31.264
21.2,31,102,12.4451
21.2,32,106,24.5601
21.2,33,111,24.5601
21.2,34,109,12.4451
21.2,35,116,12.4451
21.2,36,107,12.4451
21.2,37,107,12.4451
21.2,38,88,24.5601
21.2,39,100,24.5601
21.2,40,94,31.264
21.2,41,118,12.4451
21.2,42,106,12.4451
21.2,43,123,12.4451
21.2,44,120,24.5601
21.2,45,123,24.5601
21.2,46,116,12.4451
21.2,47,113,12.4451
21.2,48,110,12.4451
21.2,49,98,31.264
21.2,50,110,24.5601
21.2,51,106,24.5601
21.2,52,121,12.4451
21.2,53,129,12.4451
21.2,54,125,12.4451
21.2,55,128,12.4451
21.2,56,121,24.5601
21.2,57,125,24.5601
21.2,58,112,12.4451
21.2,59,91,31.264
21.2,60,93,31.264
21.2,61,115,12.4451
21.2,62,127,24.5601
21.2,63,125,24.5601
21.2,64,131,12.4451
21.2,65,129,12.4451
21.2,66,127,12.4451
21.2,67,122,12.4451
21.2,68,104,24.5601
21.2,69,111,24.5601
21.2,70,103,31.264
21.2,71,120,12.4451
21.2,72,117,12.4451
21.2,73,126,12.4451
21.2,74,130,24.5601
21.2,75,129,24.5601
21.2,76,127,12.4451
21.2,77,112,12.4451
21.2,78,120,12.4451
21.2,79,100,31.264
21.2,80,109,24.5601
21.2,81,98,24.5601
21.2,82,119,12.4451
21.2,83,119,12.4451
21.2,84,127,12.4451
21.2,85,121,12.4451
21.2,86,120,24.5601
21.2,87,118,24.5601
21.2,88,110,12.4451
21.2,89,83,31.264
21.2,90,84,31.264
21.2,91,98,12.4451
21.2,92,114,24.5601
21.2,93,107,24.5601
21.2,94,116,12.4451
21.2,95,109,12.4451
21.2,96,118,12.4451
21.2,97,105,12.4451
21.2,98,94,24.5601
21.2,99,95,24.5601
21.2,100,84,31.264
21.2,101,93,12.4451
21.2,102,98,12.4451
21.2,103,98,12.4451
21.2,104,106,24.5601
21.2,105,102,24.5601
21.2,106,105,12.4451
21.2,107,89,12.4451
21.2,108,102,12.4451
21.2,109,78,31.264
21.2,110,84,24.5601
21.2,111,72,24.5601
21.2,112,90,12.4451
21.2,113,89,12.4451
21.2,114,98,12.4451
21.2,115,91,12.4451
21.2,116,93,24.5601
21.2,117,88,24.5601
21.2,118,85,12.4451
21.2,119,61,31.264
21.2,120,61,31.264
21.2,121,69,31.264
21.2,122,84,24.5601
21.2,123,77,24.5601
21.2,124,86,12.4451
21.2,125,79,24.5601
21.2,126,88,12.4451
21.2,127,75,36.7347
21.2,128,69,24.5601
21.2,129,67,24.5601
21.2,130,58,31.264
21.2,131,63,34.7816
21.4,0,52,36.8505
21.4,1,74,12.1622
21.4,2,76,24.9359
21.4,3,81,24.9359
21.4,4,79,36.8505
21.4,5,86,12.1622
21.4,6,77,24.9359
21.4,7,78,12.1622
21.4,8,61,24.9359
21.4,9,72,24.9359
21.4,10,68,31.2083
21.4,11,90,12.1622
21.4,12,78,12.1622
21.4,13,93,12.1622
21.4,14,90,24.9359
21.4,15,94,24.9359
21.4,16,86,12.1622
21.4,17,86,12.1622
21.4,18,81,12.1622
21.4,19,74,31.2083
21.4,20,85,24.9359
21.4,21,86,24.9359
21.4,22,93,12.1622
21.4,23,106,12.1622
21.4,24,97,12.1622
21.4,25,104,12.1622
21.4,26,95,24.9359
21.4,27,102,24.9359
21.4,28,86,12.1622
21.4,29,75,31.2083
21.4,30,76,31.2083
21.4,31,102,12.1622
21.4,32,106,24.9359
21.4,33,111,24.9359
21.4,34,109,12.1622
21.4,35,116,12.1622
21.4,36,107,12.1622
21.4,37,107,12.1622
21.4,38,88,24.9359
21.4,39,100,24.9359
21.4,40,94,31.2083
21.4,41,118,12.1622
21.4,42,106,12.1622
21.4,43,123,12.1622
21.4,44,120,24.9359
21.4,45,123,24.9359
21.4,46,116,12.1622
21.4,47,113,12.1622
21.4,48,110,12.1622
21.4,49,98,31.2083
21.4,50,110,24.9359
21.4,51,106,24.9359
21.4,52,121,12.1622
21.4,53,129,12.1622
21.4,54,125,12.1622
21.4,55,128,12.1622
21.4,56,121,24.9359
21.4,57,125,24.9359
21.4,58,112,12.1622
21.4,59,91,31.2083
21.4,60,93,31.2083
21.4,61,115,12.1622
21.4,62,127,24.9359
21.4,63,125,24.9359
21.4,64,131,12.1622
21.4,65,129,12.1622
21.4,66,127,12.1622
21.4,67,122,12.1622
21.4,68,104,24.9359
21.4,69,111,24.9359
21.4,70,103,31.2083
21.4,71,120,12.1622
21.4,72,117,12.1622
21.4,73,126,12.1622
21.4,74,130,24.9359
21.4,75,129,24.9359
21.4,76,127,12.1622
21.4,77,112,12.1622
21.4,78,120,12.1622
21.4,79,100,31.2083
21.4,80,109,24.9359
21.4,81,98,24.9359
21.4,82,119,12.1622
21.4,83,119,12.1622
21.4,84,127,12.1622
21.4,85,121,12.1622
21.4,86,120,24.9359
21.4,87,118,24.9359
21.4,88,110,12.1622
21.4,89,83,31.2083
21.4,90,84,31.2083
21.4,91,98,12.1622
21.4,92,114,24.9359
21.4,93,107,24.9359
21.4,94,116,12.1622
21.4,95,109,12.1622
21.4,96,118,12.1622
21.4,97,105,12.1622
21.4,98,94,24.9359
21.4,99,95,24.9359
21.4,100,84,31.2083
21.4,101,93,12.1622
21.4,102,98,12.1622
21.4,103,98,12.1622
21.4,104,106,24.9359
21.4,105,102,24.9359
21.4,106,105,12.1622
21.4,107,89,12.1622
21.4,108,102,12.1622
21.4,109,78,31.2083
21.4,110,84,24.9359
21.4,111,72,24.9359
21.4,112,90,12.1622
21.4,113,89,12.1622
21.4,114,98,12.1622
21.4,115,91,12.1622
21.4,116,93,24.9359
21.4,117,88,24.9359
21.4,118,85,12.1622
21.4,119,61,31.2083
21.4,120,61,31.2083
21.4,121,69,31.2083
21.4,122,84,24.9359
21.4,123,77,24.9359
21.4,124,86,12.1622
21.4,125,79,24.9359
21.4,126,88,12.1622
21.4,127,75,36.8505
21.4,128,69,24.9359
21.4,129,67,24.9359
21.4,130,58,31.2083
21.4,131,63,34.5809
21.6,0,52,36.967
21.6,1,74,11.8794
21.6,2,76,25.314
21.6,3,81,25.314
21.6,4,79,36.967
21.6,5,86,11.8794
21.6,6,77,25.314
21.6,7,78,11.8794
21.6,8,61,25.314
21.6,9,72,25.314
21.6,10,68,31.1538
21.6,11,90,11.8794
21.6,12,78,11.8794
21.6,13,93,11.8794
21.6,14,90,25.314
21.6,15,94,25.314
21.6,16,86,11.8794
21.6,17,86,11.8794
21.6,18,81,11.8794
21.6,19,74,31.1538
21.6,20,85,25.314
21.6,21,86,25.314
21.6,22,93,11.8794
21.6,23,106,11.8794
21.6,24,97,11.8794
21.6,25,104,11.8794
21.6,26,95,25.314
21.6,27,102,25.314
21.6,28,86,11.8794
21.6,29,75,31.1538
21.6,30,76,31.1538
21.6,31,102,11.8794
21.6,32,106,25.314
21.6,33,111,25.314
21.6,34,109,11.8794
21.6,35,116,11.8794
21.6,36,107,11.8794
21.6,37,107,11.8794
21.6,38,88,25.314
21.6,39,100,25.314
21.6,40,94,31.1538
21.6,41,118,11.8794
21.6,42,106,11.8794
21.6,43,123,11.8794
21.6,44,120,25.314
21.6,45,123,25.314
21.6,46,116,11.8794
21.6,47,113,11.8794
21.6,48,110,11.8794
21.6,49,98,31.1538
21.6,50,110,25.314
21.6,51,106,25.314
21.6,52,121,11.8794
21.6,53,129,11.8794
21.6,54,125,11.8794
21.6,55,128,11.8794
21.6,56,121,25.314
21.6,57,125,25.314
21.6,58,112,11.8794
21.6,59,91,31.1538
21.6,60,93,31.1538
21.6,61,115,11.8794
21.6,62,127,25.314
21.6,63,125,25.314
21.6,64,131,11.8794
21.6,65,129,11.8794
21.6,66,127,11.8794
21.6,67,122,11.8794
21.6,68,104,25.314
21.6,69,111,25.314
21.6,70,103,31.1538
21.6,71,120,11.8794
21.6,72,117,11.8794
21.6,73,126,11.8794
21.6,74,130,25.314
21.6,75,129,25.314
21.6,76,127,11.8794
21.6,77,112,11.8794
21.6,78,120,11.8794
21.6,79,100,31.1538
21.6,80,109,25.314
21.6,81,98,25.314
21.6,82,119,11.8794
21.6,83,119,11.8794
21.6,84,127,11.8794
21.6,85,121,11.8794
21.6,86,120,25.314
21.6,87,118,25.314
21.6,88,110,11.8794
21.6,89,83,31.1538
21.6,90,84,31.1538
21.6,91,98,11.8794
21.6,92,114,25.314
21.6,93,107,25.314
21.6,94,116,11.8794
21.6,95,109,11.8794
21.6,96,118,11.8794
21.6,97,105,11.8794
21.6,98,94,25.314
21.6,99,95,25.314
21.6,100,84,31.1538
21.6,101,93,11.8794
21.6,102,98,11.8794
21.6,103,98,11.8794
21.6,104,106,25.314
21.6,105,102,25.314
21.6,106,105,11.8794
21.6,107,89,11.8794
21.6,108,102,11.8794
21.6,109,78,31.1538
21.6,110,84,25.314
21.6,111,72,25.314
21.6,112,90,11.8794
21.6,113,89,11.8794
21.6,114,98,11.8794
21.6,115,91,11.8794
21.6,116,93,25.314
21.6,117,88,25.314
21.6,118,85,11.8794
21.6,119,61,31.1538
21.6,120,61,31.1538
21.6,121,69,31.1538
21.6,122,84,25.314
21.6,123,77,25.314
21.6,124,86,11.8794
21.6,125,79,25.314
21.6,126,88,11.8794
21.6,127,75,36.967
21.6,128,69,25.314
21.6,129,67,25.314
21.6,130,58,31.1538
21.6,131,63,34.3837
21.8,0,52,37.0842
21.8,1,74,11.5966
21.8,2,76,25.6944
21.8,3,80,25.6944
21.8,4,79,37.0842
21.8,5,85,11.5966
21.8,6,77,25.6944
21.8,7,78,11.5966
21.8,8,61,25.6944
21.8,9,72,25.6944
21.8,10,68,31.1005
21.8,11,90,11.5966
21.8,12,78,11.5966
21.8,13,93,11.5966
21.8,14,90,25.6944
21.8,15,94,25.6944
21.8,16,86,11.5966
21.8,17,85,11.5966
21.8,18,81,11.5966
21.8,19,74,31.1005
21.8,20,85,25.6944
21.8,21,85,25.6944
21.8,22,93,11.5966
21.8,23,106,11.5966
21.8,24,97,11.5966
21.8,25,104,11.5966
21.8,26,95,25.6944
21.8,27,102,25.6944
21.8,28,86,11.5966
21.8,29,74,31.1005
21.8,30,76,31.1005
21.8,31,102,11.5966
21.8,32,106,25.6944
21.8,33,110,25.6944
21.8,34,109,11.5966
21.8,35,115,11.5966
21.8,36,107,11.5966
21.8,37,107,11.5966
21.8,38,88,25.6944
21.8,39,100,25.6944
21.8,40,94,31.1005
21.8,41,118,11.5966
21.8,42,106,11.5966
21.8,43,123,11.5966
21.8,44,120,25.6944
21.8,45,123,25.6944
21.8,46,116,11.5966
21.8,47,112,11.5966
21.8,48,110,11.5966
21.8,49,98,31.1005
21.8,50,110,25.6944
21.8,51,105,25.6944
21.8,52,121,11.5966
21.8,53,129,11.5966
21.8,54,125,11.5966
21.8,55,128,11.5966
21.8,56,121,25.6944
21.8,57,125,25.6944
21.8,58,112,11.5966
21.8,59,90,31.1005
21.8,60,92,31.1005
21.8,61,115,11.5966
21.8,62,127,25.6944
21.8,63,124,25.6944
21.8,64,131,11.5966
21.8,65,128,11.5966
21.8,66,127,11.5966
21.8,67,122,11.5966
21.8,68,103,25.6944
21.8,69,111,25.6944
21.8,70,103,31.1005
21.8,71,120,11.5966
21.8,72,116,11.5966
21.8,73,126,11.5966
21.8,74,130,25.6944
21.8,75,129,25.6944
21.8,76,127,11.5966
21.8,77,112,11.5966
21.8,78,120,11.5966
21.8,79,100,31.1005
21.8,80,109,25.6944
21.8,81,98,25.6944
21.8,82,119,11.5966
21.8,83,119,11.5966
21.8,84,126,11.5966
21.8,85,121,11.5966
21.8,86,119,25.6944
21.8,87,118,25.6944
21.8,88,110,11.5966
21.8,89,83,31.1005
21.8,90,83,31.1005
21.8,91,98,11.5966
21.8,92,114,25.6944
21.8,93,107,25.6944
21.8,94,116,11.5966
21.8,95,109,11.5966
21.8,96,118,11.5966
21.8,97,105,11.5966
21.8,98,93,25.6944
21.8,99,95,25.6944
21.8,100,84,31.1005
21.8,101,93,11.5966
21.8,102,97,11.5966
21.8,103,98,11.5966
21.8,104,106,25.6944
21.8,105,102,25.6944
21.8,106,105,11.5966
21.8,107,89,11.5966
21.8,108,102,11.5966
21.8,109,78,31.1005
21.8,110,84,25.6944
21.8,111,72,25.6944
21.8,112,90,11.5966
21.8,113,89,11.5966
21.8,114,97,11.5966
21.8,115,91,11.5966
21.8,116,92,25.6944
21.8,117,88,25.6944
21.8,118,85,11.5966
21.8,119,61,31.1005
21.8,120,60,31.1005
21.8,121,69,31.1005
21.8,122,84,25.6944
21.8,123,77,25.6944
21.8,124,86,11.5966
21.8,125,79,25.6944
21.8,126,88,11.5966
21.8,127,75,37.0842
21.8,128,68,25.6944
21.8,129,67,25.6944
21.8,130,58,31.1005
21.8,131,63,34.1901
22,0,52,37.2022
22,1,74,11.3137
22,2,76,26.0768
22,3,80,26.0768
22,4,79,37.2022
22,5,85,11.3137
22,6,77,26.0768
22,7,78,11.3137
22,8,61,26.0768
22,9,72,26.0768
22,10,68,31.0483
22,11,90,11.3137
22,12,78,11.3137
22,13,93,11.3137
22,14,90,26.0768
22,15,94,26.0768
22,16,86,11.3137
22,17,85,11.3137
22,18,81,11.3137
22,19,74,31.0483
22,20,85,26.0768
22,21,85,26.0768
22,22,93,11.3137
22,23,106,11.3137
22,24,97,11.3137
22,25,104,11.3137
22,26,95,26.0768
22,27,102,26.0768
22,28,86,11.3137
22,29,74,31.0483
22,30,76,31.0483
22,31,102,11.3137
22,32,106,26.0768
22,33,110,26.0768
22,34,109,11.3137
22,35,115,11.3137
22,36,107,11.3137
22,37,107,11.3137
22,38,88,26.0768
22,39,100,26.0768
22,40,94,31.0483
22,41,118,11.3137
22,42,106,11.3137
22,43,123,11.3137
22,44,120,26.0768
22,45,123,26.0768
22,46,116,11.3137
22,47,112,11.3137
22,48,110,11.3137
22,49,98,31.0483
22,50,110,26.0768
22,51,105,26.0768
22,52,121,11.3137
22,53,129,11.3137
22,54,125,11.3137
22,55,128,11.3137
22,56,121,26.0768
22,57,125,26.0768
22,58,112,11.3137
22,59,90,31.0483
22,60,92,31.0483
22,61,115,11.3137
22,62,127,26.0768
22,63,124,26.0768
22,64,131,11.3137
22,65,128,11.3137
22,66,127,11.3137
22,67,122,11.3137
22,68,103,26.0768
22,69,111,26.0768
22,70,103,31.0483
22,71,120,11.3137
22,72,116,11.3137
22,73,126,11.3137
22,74,130,26.0768
22,75,129,26.0768
22,76,127,11.3137
22,77,112,11.3137
22,78,120,11.3137
22,79,100,31.0483
22,80,109,26.0768
22,81,98,26.0768
22,82,119,11.3137
22,83,119,11.3137
22,84,126,11.3137
22,85,121,11.3137
22,86,119,26.0768
22,87,118,26.0768
22,88,110,11.3137
22,89,83,31.0483
22,90,83,31.0483
22,91,98,11.3137
22,92,114,26.0768
22,93,107,26.0768
22,94,116,11.3137
22,95,109,11.3137
22,96,118,11.3137
22,97,105,11.3137
22,98,93,26.0768
22,99,95,26.0768
22,100,84,31.0483
22,101,93,11.3137
22,102,97,11.3137
22,103,98,11.3137
22,104,106,26.0768
22,105,102,26.0768
22,106,105,11.3137
22,107,89,11.3137
22,108,102,11.3137
22,109,78,31.0483
22,110,84,26.0768
22,111,72,26.0768
22,112,90,11.3137
22,113,89,11.3137
22,114,97,11.3137
22,115,91,11.3137
22,116,92,26.0768
22,117,88,26.0768
22,118,85,11.3137
22,119,61,31.0483
22,120,60,31.0483
22,121,69,31.0483
22,122,84,26.0768
22,123,77,26.0768
22,124,86,11.3137
22,125,79,26.0768
22,126,88,11.3137
22,127,75,37.2022
22,128,68,26.0768
22,129,67,26.0768
22,130,58,31.0483
22,131,63,34
22.2,0,52,37.3208
22.2,1,74,11.0309
22.2,2,77,26.4613
22.2,3,80,26.4613
22.2,4,79,37.3208
22.2,5,85,11.0309
22.2,6,77,26.4613
22.2,7,78,11.0309
22.2,8,61,26.4613
22.2,9,72,26.4613
22.2,10,68,30.9974
22.2,11,91,11.0309
22.2,12,78,11.0309
22.2,13,93,11.0309
22.2,14,90,26.4613
22.2,15,94,26.4613
22.2,16,86,11.0309
22.2,17,85,11.0309
22.2,18,81,11.0309
22.2,19,74,30.9974
22.2,20,86,26.4613
22.2,21,85,26.4613
22.2,22,93,11.0309
22.2,23,107,11.0309
22.2,24,97,11.0309
22.2,25,104,11.0309
22.2,26,95,26.4613
22.2,27,102,26.4613
22.2,28,86,11.0309
22.2,29,74,30.9974
22.2,30,76,30.9974
22.2,31,102,11.0309
22.2,32,107,26.4613
22.2,33,110,26.4613
22.2,34,109,11.0309
22.2,35,115,11.0309
22.2,36,107,11.0309
22.2,37,107,11.0309
22.2,38,88,26.4613
22.2,39,100,26.4613
22.2,40,94,30.9974
22.2,41,119,11.0309
22.2,42,106,11.0309
22.2,43,123,11.0309
22.2,44,120,26.4613
22.2,45,123,26.4613
22.2,46,116,11.0309
22.2,47,112,11.0309
22.2,48,110,11.0309
22.2,49,98,30.9974
22.2,50,111,26.4613
22.2,51,105,26.4613
22.2,52,121,11.0309
22.2,53,130,11.0309
22.2,54,125,11.0309
22.2,55,128,11.0309
22.2,56,121,26.4613
22.2,57,125,26.4613
22.2,58,112,11.0309
22.2,59,90,30.9974
22.2,60,92,30.9974
22.2,61,115,11.0309
22.2,62,127,26.4613
22.2,63,124,26.4613
22.2,64,131,11.0309
22.2,65,128,11.0309
22.2,66,127,11.0309
22.2,67,122,11.0309
22.2,68,103,26.4613
22.2,69,111,26.4613
22.2,70,103,30.9974
22.2,71,120,11.0309
22.2,72,116,11.0309
22.2,73,126,11.0309
22.2,74,130,26.4613
22.2,75,129,26.4613
22.2,76,127,11.0309
22.2,77,112,11.0309
22.2,78,121,11.0309
22.2,79,100,30.9974
22.2,80,109,26.4613
22.2,81,98,26.4613
22.2,82,119,11.0309
22.2,83,119,11.0309
22.2,84,126,11.0309
22.2,85,121,11.0309
22.2,86,119,26.4613
22.2,87,119,26.4613
22.2,88,110,11.0309
22.2,89,83,30.9974
22.2,90,83,30.9974
22.2,91,98,11.0309
22.2,92,114,26.4613
22.2,93,107,26.4613
22.2,94,116,11.0309
22.2,95,109,11.0309
22.2,96,119,11.0309
22.2,97,105,11.0309
22.2,98,93,26.4613
22.2,99,96,26.4613
22.2,100,84,30.9974
22.2,101,93,11.0309
22.2,102,97,11.0309
22.2,103,98,11.0309
22.2,104,106,26.4613
22.2,105,102,26.4613
22.2,106,105,11.0309
22.2,107,89,11.0309
22.2,108,103,11.0309
22.2,109,78,30.9974
22.2,110,84,26.4613
22.2,111,72,26.4613
22.2,112,90,11.0309
22.2,113,89,11.0309
22.2,114,97,11.0309
22.2,115,91,11.0309
22.2,116,92,26.4613
22.2,117,89,26.4613
22.2,118,85,11.0309
22.2,119,61,30.9974
22.2,120,60,30.9974
22.2,121,69,30.9974
22.2,122,84,26.4613
22.2,123,77,26.4613
22.2,124,86,11.0309
22.2,125,79,26.4613
22.2,126,89,11.0309
22.2,127,75,37.3208
22.2,128,68,26.4613
22.2,129,68,26.4613
22.2,130,58,30.9974
22.2,131,63,33.8136
22.4,0,52,37.4401
22.4,1,74,10.748
22.4,2,77,26.8477
22.4,3,80,26.8477
22.4,4,79,37.4401
22.4,5,85,10.748
22.4,6,77,26.8477
22.4,7,78,10.748
22.4,8,61,26.8477
22.4,9,72,26.8477
22.4,10,68,30.9477
22.4,11,91,10.748
22.4,12,78,10.748
22.4,13,93,10.748
22.4,14,90,26.8477
22.4,15,94,26.8477
22.4,16,86,10.748
22.4,17,85,10.748
22.4,18,81,10.748
22.4,19,74,30.9477
22.4,20,86,26.8477
22.4,21,85,26.8477
22.4,22,93,10.748
22.4,23,107,10.748
22.4,24,97,10.748
22.4,25,104,10.748
22.4,26,95,26.8477
22.4,27,102,26.8477
22.4,28,86,10.748
22.4,29,74,30.9477
22.4,30,76,30.9477
22.4,31,102,10.748
22.4,32,107,26.8477
22.4,33,110,26.8477
22.4,34,109,10.748
22.4,35,115,10.748
22.4,36,107,10.748
22.4,37,107,10.748
22.4,38,88,26.8477
22.4,39,100,26.8477
22.4,40,94,30.9477
22.4,41,119,10.748
22.4,42,106,10.748
22.4,43,123,10.748
22.4,44,120,26.8477
22.4,45,123,26.8477
22.4,46,116,10.748
22.4,47,112,10.748
22.4,48,110,10.748
22.4,49,98,30.9477
22.4,50,111,26.8477
22.4,51,105,26.8477
22.4,52,121,10.748
22.4,53,130,10.748
22.4,54,125,10.748
22.4,55,128,10.748
22.4,56,121,26.8477
22.4,57,125,26.8477
22.4,58,112,10.748
22.4,59,90,30.9477
22.4,60,92,30.9477
22.4,61,115,10.748
22.4,62,127,26.8477
22.4,63,124,26.8477
22.4,64,131,10.748
22.4,65,128,10.748
22.4,66,127,10.748
22.4,67,122,10.748
22.4,68,103,26.8477
22.4,69,111,26.8477
22.4,70,103,30.9477
22.4,71,120,10.748
22.4,72,116,10.748
22.4,73,126,10.748
22.4,74,130,26.8477
22.4,75,129,26.8477
22.4,76,127,10.748
22.4,77,112,10.748
22.4,78,121,10.748
22.4,79,100,30.9477
22.4,80,109,26.8477
22.4,81,98,26.8477
22.4,82,119,10.748
22.4,83,119,10.748
22.4,84,126,10.748
22.4,85,121,10.748
22.4,86,119,26.8477
22.4,87,119,26.8477
22.4,88,110,10.748
22.4,89,83,30.9477
22.4,90,83,30.9477
22.4,91,98,10.748
22.4,92,114,26.8477
22.4,93,107,26.8477
22.4,94,116,10.748
22.4,95,109,10.748
22.4,96,119,10.748
22.4,97,105,10.748
22.4,98,93,26.8477
22.4,99,96,26.8477
22.4,100,84,30.9477
22.4,101,93,10.748
22.4,102,97,10.748
22.4,103,98,10.748
22.4,104,106,26.8477
22.4,105,102,26.8477
22.4,106,105,10.748
22.4,107,89,10.748
22.4,108,103,10.748
22.4,109,78,30.9477
22.4,110,84,26.8477
22.4,111,72,26.8477
22.4,112,90,10.748
22.4,113,89,10.748
22.4,114,97,10.748
22.4,115,91,10.748
22.4,116,92,26.8477
22.4,117,89,26.8477
22.4,118,85,10.748
22.4,119,61,30.9477
22.4,120,60,30.9477
22.4,121,69,30.9477
22.4,122,84,26.8477
22.4,123,77,26.8477
22.4,124,86,10.748
22.4,125,79,26.8477
22.4,126,89,10.748
22.4,127,75,37.4401
22.4,128,68,26.8477
22.4,129,68,26.8477
22.4,130,58,30.9477
22.4,131,63,33.6309
22.6,0,52,37.5601
22.6,1,74,10.4652
22.6,2,77,27.236
22.6,3,80,27.236
22.6,4,79,37.4
22.6,5,85,10.4652
22.6,6,77,27.236
22.6,7,78,10.4652
22.6,8,61,27.236
22.6,9,72,27.236
22.6,10,68,30.8992
22.6,11,91,10.4652
22.6,12,78,10.4652
22.6,13,93,10.4652
22.6,14,90,27.236
22.6,15,94,27.236
22.6,16,86,10.4652
22.6,17,85,10.4652
22.6,18,81,10.4652
22.6,19,74,30.8992
22.6,20,86,27.236
22.6,21,85,27.236
22.6,22,93,10.4652
22.6,23,107,10.4652
22.6,24,97,10.4652
22.6,25,104,10.4652
22.6,26,95,27.236
22.6,27,102,27.236
22.6,28,86,10.4652
22.6,29,74,30.8992
22.6,30,76,30.8992
22.6,31,102,10.4652
22.6,32,107,27.236
22.6,33,110,27.236
22.6,34,109,10.4652
22.6,35,115,10.4652
22.6,36,107,10.4652
22.6,37,107,10.4652
22.6,38,88,27.236
22.6,39,100,27.236
22.6,40,94,30.8992
22.6,41,119,10.4652
22.6,42,106,10.4652
22.6,43,123,10.4652
22.6,44,120,27.236
22.6,45,123,27.236
22.6,46,116,10.4652
22.6,47,112,10.4652
22.6,48,110,10.4652
22.6,49,98,30.8992
22.6,50,111,27.236
22.6,51,105,27.236
22.6,52,121,10.4652
22.6,53,130,10.4652
22.6,54,125,10.4652
22.6,55,128,10.4652
22.6,56,121,27.236
22.6,57,125,27.236
22.6,58,112,10.4652
22.6,59,90,30.8992
22.6,60,92,30.8992
22.6,61,115,10.4652
22.6,62,127,27.236
22.6,63,124,27.236
22.6,64,131,10.4652
22.6,65,128,10.4652
22.6,66,127,10.4652
22.6,67,122,10.4652
22.6,68,103,27.236
22.6,69,111,27.236
22.6,70,103,30.8992
22.6,71,120,10.4652
22.6,72,116,10.4652
22.6,73,126,10.4652
22.6,74,130,27.236
22.6,75,129,27.236
22.6,76,127,10.4652
22.6,77,112,10.4652
22.6,78,121,10.4652
22.6,79,100,30.8992
22.6,80,109,27.236
22.6,81,98,27.236
22.6,82,119,10.4652
22.6,83,119,10.4652
22.6,84,126,10.4652
22.6,85,121,10.4652
22.6,86,119,27.236
22.6,87,119,27.236
22.6,88,110,10.4652
22.6,89,83,30.8992
22.6,90,83,30.8992
22.6,91,98,10.4652
22.6,92,114,27.236
22.6,93,107,27.236
22.6,94,116,10.4652
22.6,95,109,10.4652
22.6,96,119,10.4652
22.6,97,105,10.4652
22.6,98,93,27.236
22.6,99,96,27.236
22.6,100,84,30.8992
22.6,101,93,10.4652
22.6,102,97,10.4652
22.6,103,98,10.4652
22.6,104,106,27.236
22.6,105,102,27.236
22.6,106,105,10.4652
22.6,107,89,10.4652
22.6,108,103,10.4652
22.6,109,78,30.8992
22.6,110,84,27.236
22.6,111,72,27.236
22.6,112,90,10.4652
22.6,113,89,10.4652
22.6,114,97,10.4652
22.6,115,91,10.4652
22.6,116,92,27.236
22.6,117,89,27.236
22.6,118,85,10.4652
22.6,119,61,30.8992
22.6,120,60,30.8992
22.6,121,69,30.8992
22.6,122,84,27.236
22.6,123,77,27.236
22.6,124,86,10.4652
22.6,125,79,27.236
22.6,126,89,10.4652
22.6,127,75,37.4
22.6,128,68,27.236
22.6,129,68,27.236
22.6,130,58,30.8992
22.6,131,63,33.4521
22.8,0,52,37.6808
22.8,1,74,10.1823
22.8,2,77,27.6261
22.8,3,80,27.6261
22.8,4,79,37.2
22.8,5,85,10.1823
22.8,6,77,27.6261
22.8,7,78,10.1823
22.8,8,61,27.6261
22.8,9,72,27.6261
22.8,10,68,30.8519
22.8,11,91,10.1823
22.8,12,78,10.1823
22.8,13,93,10.1823
22.8,14,90,27.6261
22.8,15,94,27.6261
22.8,16,86,10.1823
22.8,17,85,10.1823
22.8,18,81,10.1823
22.8,19,74,30.8519
22.8,20,86,27.6261
22.8,21,85,27.6261
22.8,22,93,10.1823
22.8,23,107,10.1823
22.8,24,97,10.1823
22.8,25,104,10.1823
22.8,26,95,27.6261
22.8,27,102,27.6261
22.8,28,86,10.1823
22.8,29,74,30.8519
22.8,30,76,30.8519
22.8,31,102,10.1823
22.8,32,107,27.6261
22.8,33,110,27.6261
22.8,34,109,10.1823
22.8,35,115,10.1823
22.8,36,107,10.1823
22.8,37,107,10.1823
22.8,38,88,27.6261
22.8,39,100,27.6261
22.8,40,94,30.8519
22.8,41,119,10.1823
22.8,42,106,10.1823
22.8,43,123,10.1823
22.8,44,120,27.6261
22.8,45,123,27.6261
22.8,46,116,10.1823
22.8,47,112,10.1823
22.8,48,110,10.1823
22.8,49,98,30.8519
22.8,50,111,27.6261
22.8,51,105,27.6261
22.8,52,121,10.1823
22.8,53,130,10.1823
22.8,54,125,10.1823
22.8,55,128,10.1823
22.8,56,121,27.6261
22.8,57,125,27.6261
22.8,58,112,10.1823
22.8,59,90,30.8519
22.8,60,92,30.8519
22.8,61,115,10.1823
22.8,62,127,27.6261
22.8,63,124,27.6261
22.8,64,131,10.1823
22.8,65,128,10.1823
22.8,66,127,10.1823
22.8,67,122,10.1823
22.8,68,103,27.6261
22.8,69,111,27.6261
22.8,70,103,30.8519
22.8,71,120,10.1823
22.8,72,116,10.1823
22.8,73,126,10.1823
22.8,74,130,27.6261
22.8,75,129,27.6261
22.8,76,127,10.1823
22.8,77,112,10.1823
22.8,78,121,10.1823
22.8,79,100,30.8519
22.8,80,109,27.6261
22.8,81,98,27.6261
22.8,82,119,10.1823
22.8,83,119,10.1823
22.8,84,126,10.1823
22.8,85,121,10.1823
22.8,86,119,27.6261
22.8,87,119,27.6261
22.8,88,110,10.1823
22.8,89,83,30.8519
22.8,90,83,30.8519
22.8,91,98,10.1823
22.8,92,114,27.6261
22.8,93,107,27.6261
22.8,94,116,10.1823
22.8,95,109,10.1823
22.8,96,119,10.1823
22.8,97,105,10.1823
22.8,98,93,27.6261
22.8,99,96,27.6261
22.8,100,84,30.8519
22.8,101,93,10.1823
22.8,102,97,10.1823
22.8,103,98,10.1823
22.8,104,106,27.6261
22.8,105,102,27.6261
22.8,106,105,10.1823
22.8,107,89,10.1823
22.8,108,103,10.1823
22.8,109,78,30.8519
22.8,110,84,27.6261
22.8,111,72,27.6261
22.8,112,90,10.1823
22.8,113,89,10.1823
22.8,114,97,10.1823
22.8,115,91,10.1823
22.8,116,92,27.6261
22.8,117,89,27.6261
22.8,118,85,10.1823
22.8,119,61,30.8519
22.8,120,60,30.8519
22.8,121,69,30.8519
22.8,122,84,27.6261
22.8,123,77,27.6261
22.8,124,86,10.1823
22.8,125,79,27.6261
22.8,126,89,10.1823
22.8,127,75,37.2
22.8,128,68,27.6261
22.8,129,68,27.6261
22.8,130,58,30.8519
22.8,131,63,33.277
23,0,52,37.8021
23,1,74,9.89949
23,2,77,28.0179
23,3,80,28.0179
23,4,79,37
23,5,85,9.89949
23,6,77,28.0179
23,7,78,9.89949
23,8,61,28.0179
23,9,72,28.0179
23,10,68,30.8058
23,11,91,9.89949
23,12,78,9.89949
23,13,93,9.89949
23,14,90,28.0179
23,15,94,28.0179
23,16,86,9.89949
23,17,85,9.89949
23,18,81,9.89949
23,19,74,30.8058
23,20,86,28.0179
23,21,85,28.0179
23,22,93,9.89949
23,23,107,9.89949
23,24,97,9.89949
23,25,104,9.89949
23,26,95,28.0179
23,27,102,28.0179
23,28,86,9.89949
23,29,74,30.8058
23,30,76,30.8058
23,31,102,9.89949
23,32,107,28.0179
23,33,110,28.0179
23,34,109,9.89949
23,35,115,9.89949
23,36,107,9.89949
23,37,107,9.89949
23,38,88,28.0179
23,39,100,28.0179
23,40,94,30.8058
23,41,119,9.89949
23,42,106,9.89949
23,43,123,9.89949
23,44,120,28.0179
23,45,123,28.0179
23,46,116,9.89949
23,47,112,9.89949
23,48,110,9.89949
23,49,98,30.8058
23,50,111,28.0179
23,51,105,28.0179
23,52,121,9.89949
23,53,130,9.89949
23,54,125,9.89949
23,55,128,9.89949
23,56,121,28.0179
23,57,125,28.0179
23,58,112,9.89949
23,59,90,30.8058
23,60,92,30.8058
23,61,115,9.89949
23,62,127,28.0179
23,63,124,28.0179
23,64,131,9.89949
23,65,128,9.89949
23,66,127,9.89949
23,67,122,9.89949
23,68,103,28.0179
23,69,111,28.0179
23,70,103,30.8058
23,71,120,9.89949
23,72,116,9.89949
23,73,126,9.89949
23,74,130,28.0179
23,75,129,28.0179
23,76,127,9.89949
23,77,112,9.89949
23,78,121,9.89949
23,79,100,30.8058
23,80,109,28.0179
23,81,98,28.0179
23,82,119,9.89949
23,83,119,9.89949
23,84,126,9.89949
23,85,121,9.89949
23,86,119,28.0179
23,87,119,28.0179
23,88,110,9.89949
23,89,83,30.8058
23,90,83,30.8058
23,91,98,9.89949
23,92,114,28.0179
23,93,107,28.0179
23,94,116,9.89949
23,95,109,9.89949
23,96,119,9.89949
23,97,105,9.89949
23,98,93,28.0179
23,99,96,28.0179
23,100,84,30.8058
23,101,93,9.89949
23,102,97,9.89949
23,103,98,9.89949
23,104,106,28.0179
23,105,102,28.0179
23,106,105,9.89949
23,107,89,9.89949
23,108,103,9.89949
23,109,78,30.8058
23,110,84,28.0179
23,111,72,28.0179
23,112,90,9.89949
23,113,89,9.89949
23,114,97,9.89949
23,115,91,9.89949
23,116,92,28.0179
23,117,89,28.0179
23,118,85,9.89949
23,119,61,30.8058
23,120,60,30.8058
23,121,69,30.8058
23,122,84,28.0179
23,123,77,28.0179
23,124,86,9.89949
23,125,79,28.0179
23,126,89,9.89949
23,127,75,37
23,128,68,28.0179
23,129,68,28.0179
23,130,58,30.8058
23,131,63,33.1059
23.2,0,52,37.9241
23.2,1,74,9.61665
23.2,2,77,28.4113
23.2,3,80,28.4113
23.2,4,79,36.8
23.2,5,85,9.61665
23.2,6,77,28.4113
23.2,7,78,9.61665
23.2,8,61,28.4113
23.2,9,72,28.4113
23.2,10,68,30.761
23.2,11,91,9.61665
23.2,12,78,9.61665
23.2,13,93,9.61665
23.2,14,90,28.4113
23.2,15,94,28.4113
23.2,16,86,9.61665
23.2,17,85,9.61665
23.2,18,81,9.61665
23.2,19,74,30.761
23.2,20,86,28.4113
23.2,21,85,28.4113
23.2,22,93,9.61665
23.2,23,107,9.61665
23.2,24,97,9.61665
23.2,25,104,9.61665
23.2,26,95,28.4113
23.2,27,102,28.4113
23.2,28,86,9.61665
23.2,29,74,30.761
23.2,30,76,30.761
23.2,31,102,9.61665
23.2,32,107,28.4113
23.2,33,110,28.4113
23.2,34,109,9.61665
23.2,35,115,9.61665
23.2,36,107,9.61665
23.2,37,107,9.61665
23.2,38,88,28.4113
23.2,39,100,28.4113
23.2,40,94,30.761
23.2,41,119,9.61665
23.2,42,106,9.61665
23.2,43,123,9.61665
23.2,44,120,28.4113
23.2,45,123,28.4113
23.2,46,116,9.61665
23.2,47,112,9.61665
23.2,48,110,9.61665
23.2,49,98,30.761
23.2,50,111,28.4113
23.2,51,105,28.4113
23.2,52,121,9.61665
23.2,53,130,9.61665
23.2,54,125,9.61665
23.2,55,128,9.61665
23.2,56,121,28.4113
23.2,57,125,28.4113
23.2,58,112,9.61665
23.2,59,90,30.761
23.2,60,92,30.761
23.2,61,115,9.61665
23.2,62,127,28.4113
23.2,63,124,28.4113
23.2,64,131,9.61665
23.2,65,128,9.61665
23.2,66,127,9.61665
23.2,67,122,9.61665
23.2,68,103,28.4113
23.2,69,111,28.4113
23.2,70,103,30.761
23.2,71,120,9.61665
23.2,72,116,9.61665
23.2,73,126,9.61665
23.2,74,130,28.4113
23.2,75,129,28.4113
23.2,76,127,9.61665
23.2,77,112,9.61665
23.2,78,121,9.61665
23.2,79,100,30.761
23.2,80,109,28.4113
23.2,81,98,28.4113
23.2,82,119,9.61665
23.2,83,119,9.61665
23.2,84,126,9.61665
23.2,85,121,9.61665
23.2,86,119,28.4113
23.2,87,119,28.4113
23.2,88,110,9.61665
23.2,89,83,30.761
23.2,90,83,30.761
23.2,91,98,9.61665
23.2,92,114,28.4113
23.2,93,107,28.4113
23.2,94,116,9.61665
23.2,95,109,9.61665
23.2,96,119,9.61665
23.2,97,105,9.61665
23.2,98,93,28.4113
23.2,99,96,28.4113
23.2,100,84,30.761
23.2,101,93,9.61665
23.2,102,97,9.61665
23.2,103,98,9.61665
23.2,104,106,28.4113
23.2,105,102,28.4113
23.2,106,105,9.61665
23.2,107,89,9.61665
23.2,108,103,9.61665
23.2,109,78,30.761
23.2,110,84,28.4113
23.2,111,72,28.4113
23.2,112,90,9.61665
23.2,113,89,9.61665
23.2,114,97,9.61665
23.2,115,91,9.61665
23.2,116,92,28.4113
23.2,117,89,28.4113
23.2,118,85,9.61665
23.2,119,61,30.761
23.2,120,60,30.761
23.2,121,69,30.761
23.2,122,84,28.4113
23.2,123,77,28.4113
23.2,124,86,9.61665
23.2,125,79,28.4113
23.2,126,89,9.61665
23.2,127,75,36.8
23.2,128,68,28.4113
23.2,129,68,28.4113
23.2,130,58,30.761
23.2,131,63,32.9387
23.4,0,52,38.0468
23.4,1,74,9.33381
23.4,2,77,28.8062
23.4,3,80,28.8062
23.4,4,79,36.6
23.4,5,85,9.33381
23.4,6,77,28.8062
23.4,7,78,9.33381
23.4,8,61,28.8062
23.4,9,72,28.8062
23.4,10,68,30.7174
23.4,11,91,9.33381
23.4,12,78,9.33381
23.4,13,93,9.33381
23.4,14,90,28.8062
23.4,15,94,28.8062
23.4,16,86,9.33381
23.4,17,85,9.33381
23.4,18,81,9.33381
23.4,19,74,30.7174
23.4,20,86,28.8062
23.4,21,85,28.8062
23.4,22,93,9.33381
23.4,23,107,9.33381
23.4,24,97,9.33381
23.4,25,104,9.33381
23.4,26,95,28.8062
23.4,27,102,28.8062
23.4,28,86,9.33381
23.4,29,74,30.7174
23.4,30,76,30.7174
23.4,31,102,9.33381
23.4,32,107,28.8062
23.4,33,110,28.8062
23.4,34,109,9.33381
23.4,35,115,9.33381
23.4,36,107,9.33381
23.4,37,107,9.33381
23.4,38,88,28.8062
23.4,39,100,28.8062
23.4,40,94,30.7174
23.4,41,119,9.33381
23.4,42,106,9.33381
23.4,43,123,9.33381
23.4,44,120,28.8062
23.4,45,123,28.8062
23.4,46,116,9.33381
23.4,47,112,9.33381
23.4,48,110,9.33381
23.4,49,98,30.7174
23.4,50,111,28.8062
23.4,51,105,28.8062
23.4,52,121,9.33381
23.4,53,130,9.33381
23.4,54,125,9.33381
23.4,55,128,9.33381
23.4,56,121,28.8062
23.4,57,125,28.8062
23.4,58,112,9.33381
23.4,59,90,30.7174
23.4,60,92,30.7174
23.4,61,115,9.33381
23.4,62,127,28.8062
23.4,63,124,28.8062
23.4,64,131,9.33381
23.4,65,128,9.33381
23.4,66,127,9.33381
23.4,67,122,9.33381
23.4,68,103,28.8062
23.4,69,111,28.8062
23.4,70,103,30.7174
23.4,71,120,9.33381
23.4,72,116,9.33381
23.4,73,126,9.33381
23.4,74,130,28.8062
23.4,75,129,28.8062
23.4,76,127,9.33381
23.4,77,112,9.33381
23.4,78,121,9.33381
23.4,79,100,30.7174
23.4,80,109,28.8062
23.4,81,98,28.8062
23.4,82,119,9.33381
23.4,83,119,9.33381
23.4,84,126,9.33381
23.4,85,121,9.33381
23.4,86,119,28.8062
23.4,87,119,28.8062
23.4,88,110,9.33381
23.4,89,83,30.7174
23.4,90,83,30.7174
23.4,91,98,9.33381
23.4,92,114,28.8062
23.4,93,107,28.8062
23.4,94,116,9.33381
23.4,95,109,9.33381
23.4,96,119,9.33381
23.4,97,105,9.33381
23.4,98,93,28.8062
23.4,99,96,28.8062
23.4,100,84,30.7174
23.4,101,93,9.33381
23.4,102,97,9.33381
23.4,103,98,9.33381
23.4,104,106,28.8062
23.4,105,102,28.8062
23.4,106,105,9.33381
23.4,107,89,9.33381
23.4,108,103,9.33381
23.4,109,78,30.7174
23.4,110,84,28.8062
23.4,111,72,28.8062
23.4,112,90,9.33381
23.4,113,89,9.33381
23.4,114,97,9.33381
23.4,115,91,9.33381
23.4,116,92,28.8062
23.4,117,89,28.8062
23.4,118,85,9.33381
23.4,119,61,30.7174
23.4,120,60,30.7174
23.4,121,69,30.7174
23.4,122,84,28.8062
23.4,123,77,28.8062
23.4,124,86,9.33381
23.4,125,79,28.8062
23.4,126,89,9.33381
23.4,127,75,36.6
23.4,128,68,28.8062
23.4,129,68,28.8062
23.4,130,58,30.7174
23.4,131,63,32.7756
23.6,0,52,38.1701
23.6,1,74,9.05097
23.6,2,77,29.2027
23.6,3,80,29.2027
23.6,4,79,36.4
23.6,5,85,9.05097
23.6,6,77,29.2027
23.6,7,78,9.05097
23.6,8,61,29.2027
23.6,9,72,29.2027
23.6,10,68,30.6751
23.6,11,91,9.05097
23.6,12,78,9.05097
23.6,13,93,9.05097
23.6,14,90,29.2027
23.6,15,94,29.2027
23.6,16,86,9.05097
23.6,17,85,9.05097
23.6,18,81,9.05097
23.6,19,74,30.6751
23.6,20,86,29.2027
23.6,21,85,29.2027
23.6,22,93,9.05097
23.6,23,107,9.05097
23.6,24,97,9.05097
23.6,25,104,9.05097
23.6,26,95,29.2027
23.6,27,102,29.2027
23.6,28,86,9.05097
23.6,29,74,30.6751
23.6,30,76,30.6751
23.6,31,102,9.05097
23.6,32,107,29.2027
23.6,33,110,29.2027
23.6,34,109,9.05097
23.6,35,115,9.05097
23.6,36,107,9.05097
23.6,37,107,9.05097
23.6,38,88,29.2027
23.6,39,100,29.2027
23.6,40,94,30.6751
23.6,41,119,9.05097
23.6,42,106,9.05097
23.6,43,123,9.05097
23.6,44,120,29.2027
23.6,45,123,29.2027
23.6,46,116,9.05097
23.6,47,112,9.05097
23.6,48,110,9.05097
23.6,49,98,30.6751
23.6,50,111,29.2027
23.6,51,105,29.2027
23.6,52,121,9.05097
23.6,53,130,9.05097
23.6,54,125,9.05097
23.6,55,128,9.05097
23.6,56,121,29.2027
23.6,57,125,29.2027
23.6,58,112,9.05097
23.6,59,90,30.6751
23.6,60,92,30.6751
23.6,61,115,9.05097
23.6,62,127,29.2027
23.6,63,124,29.2027
23.6,64,131,9.05097
23.6,65,128,9.05097
23.6,66,127,9.05097
23.6,67,122,9.05097
23.6,68,103,29.2027
23.6,69,111,29.2027
23.6,70,103,30.6751
23.6,71,120,9.05097
23.6,72,116,9.05097
23.6,73,126,9.05097
23.6,74,130,29.2027
23.6,75,129,29.2027
23.6,76,127,9.05097
23.6,77,112,9.05097
23.6,78,121,9.05097
23.6,79,100,30.6751
23.6,80,109,29.2027
23.6,81,98,29.2027
23.6,82,119,9.05097
23.6,83,119,9.05097
23.6,84,126,9.05097
23.6,85,121,9.05097
23.6,86,119,29.2027
23.6,87,119,29.2027
23.6,88,110,9.05097
23.6,89,83,30.6751
23.6,90,83,30.6751
23.6,91,98,9.05097
23.6,92,114,29.2027
23.6,93,107,29.2027
23.6,94,116,9.05097
23.6,95,109,9.05097
23.6,96,119,9.05097
23.6,97,105,9.05097
23.6,98,93,29.2027
23.6,99,96,29.2027
23.6,100,84,30.6751
23.6,101,93,9.05097
23.6,102,97,9.05097
23.6,103,98,9.05097
23.6,104,106,29.2027
23.6,105,102,29.2027
23.6,106,105,9.05097
23.6,107,89,9.05097
23.6,108,103,9.05097
23.6,109,78,30.6751
23.6,110,84,29.2027
23.6,111,72,29.2027
23.6,112,90,9.05097
23.6,113,89,9.05097
23.6,114,97,9.05097
23.6,115,91,9.05097
23.6,116,92,29.2027
23.6,117,89,29.2027
23.6,118,85,9.05097
23.6,119,61,30.6751
23.6,120,60,30.6751
23.6,121,69,30.6751
23.6,122,84,29.2027
23.6,123,77,29.2027
23.6,124,86,9.05097
23.6,125,79,29.2027
23.6,126,89,9.05097
23.6,127,75,36.4
23.6,128,68,29.2027
23.6,129,68,29.2027
23.6,130,58,30.6751
23.6,131,63,32.6166
23.8,0,52,38.2941
23.8,1,74,8.76812
23.8,2,77,29.6007
23.8,3,80,29.6007
23.8,4,79,36.2
23.8,5,85,8.76812
23.8,6,77,29.6007
23.8,7,78,8.76812
23.8,8,61,29.6007
23.8,9,72,29.6007
23.8,10,68,30.634
23.8,11,91,8.76812
23.8,12,78,8.76812
23.8,13,93,8.76812
23.8,14,90,29.6007
23.8,15,94,29.6007
23.8,16,86,8.76812
23.8,17,85,8.76812
23.8,18,81,8.76812
23.8,19,74,30.634
23.8,20,86,29.6007
23.8,21,85,29.6007
23.8,22,93,8.76812
23.8,23,107,8.76812
23.8,24,97,8.76812
23.8,25,104,8.76812
23.8,26,95,29.6007
23.8,27,102,29.6007
23.8,28,86,8.76812
23.8,29,74,30.634
23.8,30,76,30.634
23.8,31,102,8.76812
23.8,32,107,29.6007
23.8,33,110,29.6007
23.8,34,109,8.76812
23.8,35,115,8.76812
23.8,36,107,8.76812
23.8,37,107,8.76812
23.8,38,88,29.6007
23.8,39,100,29.6007
23.8,40,94,30.634
23.8,41,119,8.76812
23.8,42,106,8.76812
23.8,43,123,8.76812
23.8,44,120,29.6007
23.8,45,123,29.6007
23.8,46,116,8.76812
23.8,47,112,8.76812
23.8,48,110,8.76812
23.8,49,98,30.634
23.8,50,111,29.6007
23.8,51,105,29.6007
23.8,52,121,8.76812
23.8,53,130,8.76812
23.8,54,125,8.76812
23.8,55,128,8.76812
23.8,56,121,29.6007
23.8,57,125,29.6007
23.8,58,112,8.76812
23.8,59,90,30.634
23.8,60,92,30.634
23.8,61,115,8.76812
23.8,62,127,29.6007
23.8,63,124,29.6007
23.8,64,131,8.76812
23.8,65,128,8.76812
23.8,66,127,8.76812
23.8,67,122,8.76812
23.8,68,103,29.6007
23.8,69,111,29.6007
23.8,70,103,30.634
23.8,71,120,8.76812
23.8,72,116,8.76812
23.8,73,126,8.76812
23.8,74,130,29.6007
23.8,75,129,29.6007
23.8,76,127,8.76812
23.8,77,112,8.76812
23.8,78,121,8.76812
23.8,79,100,30.634
23.8,80,109,29.6007
23.8,81,98,29.6007
23.8,82,119,8.76812
23.8,83,119,8.76812
23.8,84,126,8.76812
23.8,85,121,8.76812
23.8,86,119,29.6007
23.8,87,119,29.6007
23.8,88,110,8.76812
23.8,89,83,30.634
23.8,90,83,30.634
23.8,91,98,8.76812
23.8,92,114,29.6007
23.8,93,107,29.6007
23.8,94,116,8.76812
23.8,95,109,8.76812
23.8,96,119,8.76812
23.8,97,105,8.76812
23.8,98,93,29.6007
23.8,99,96,29.6007
23.8,100,84,30.634
23.8,101,93,8.76812
23.8,102,97,8.76812
23.8,103,98,8.76812
23.8,104,106,29.6007
23.8,105,102,29.6007
23.8,106,105,8.76812
23.8,107,89,8.76812
23.8,108,103,8.76812
23.8,109,78,30.634
23.8,110,84,29.6007
23.8,111,72,29.6007
23.8,112,90,8.76812
23.8,113,89,8.76812
23.8,114,97,8.76812
23.8,115,91,8.76812
23.8,116,92,29.6007
23.8,117,89,29.6007
23.8,118,85,8.76812
23.8,119,61,30.634
23.8,120,60,30.634
23.8,121,69,30.634
23.8,122,84,29.6007
23.8,123,77,29.6007
23.8,124,86,8.76812
23.8,125,79,29.6007
23.8,126,89,8.76812
23.8,127,75,36.2
23.8,128,68,29.6007
23.8,129,68,29.6007
23.8,130,58,30.634
23.8,131,63,32.4617
24,0,52,38.4187
24,1,74,8.48528
24,2,77,30
24,3,80,30
24,4,79,36
24,5,85,8.48528
24,6,77,30
24,7,78,8.48528
24,8,61,30
24,9,72,30
24,10,68,30.5941
24,11,91,8.48528
24,12,78,8.48528
24,13,93,8.48528
24,14,90,30
24,15,94,30
24,16,86,8.48528
24,17,85,8.48528
24,18,81,8.48528
24,19,74,30.5941
24,20,86,30
24,21,85,30
24,22,93,8.48528
24,23,107,8.48528
24,24,97,8.48528
24,25,104,8.48528
24,26,95,30
24,27,102,30
24,28,86,8.48528
24,29,74,30.5941
24,30,76,30.5941
24,31,102,8.48528
24,32,107,30
24,33,110,30
24,34,109,8.48528
24,35,115,8.48528
24,36,107,8.48528
24,37,107,8.48528
24,38,88,30
24,39,100,30
24,40,94,30.5941
24,41,119,8.48528
24,42,106,8.48528
24,43,123,8.48528
24,44,120,30
24,45,123,30
24,46,116,8.48528
24,47,112,8.48528
24,48,110,8.48528
24,49,98,30.5941
24,50,111,30
24,51,105,30
24,52,121,8.48528
24,53,130,8.48528
24,54,125,8.48528
24,55,128,8.48528
24,56,121,30
24,57,125,30
24,58,112,8.48528
24,59,90,30.5941
24,60,92,30.5941
24,61,115,8.48528
24,62,127,30
24,63,124,30
24,64,131,8.48528
24,65,128,8.48528
24,66,127,8.48528
24,67,122,8.48528
24,68,103,30
24,69,111,30
24,70,103,30.5941
24,71,120,8.48528
24,72,116,8.48528
24,73,126,8.48528
24,74,130,30
24,75,129,30
24,76,127,8.48528
24,77,112,8.48528
24,78,121,8.48528
24,79,100,30.5941
24,80,109,30
24,81,98,30
24,82,119,8.48528
24,83,119,8.48528
24,84,126,8.48528
24,85,121,8.48528
24,86,119,30
24,87,119,30
24,88,110,8.48528
24,89,83,30.5941
24,90,83,30.5941
24,91,98,8.48528
24,92,114,30
24,93,107,30
24,94,116,8.48528
24,95,109,8.48528
24,96,119,8.48528
24,97,105,8.48528
24,98,93,30
24,99,96,30
24,100,84,30.5941
24,101,93,8.48528
24,102,97,8.48528
24,103,98,8.48528
24,104,106,30
24,105,102,30
24,106,105,8.48528
24,107,89,8.48528
24,108,103,8.48528
24,109,78,30.5941
24,110,84,30
24,111,72,30
24,112,90,8.48528
24,113,89,8.48528
24,114,97,8.48528
24,115,91,8.48528
24,116,92,30
24,117,89,30
24,118,85,8.48528
24,119,61,30.5941
24,120,60,30.5941
24,121,69,30.5941
24,122,84,30
24,123,77,30
24,124,86,8.48528
24,125,79,30
24,126,89,8.48528
24,127,75,36
24,128,68,30
24,129,68,30
24,130,58,30.5941
24,131,63,32.311
24.2,0,52,38.544
24.2,1,74,8.20244
24.2,2,77,30.4007
24.2,3,80,30.4007
24.2,4,79,35.8
24.2,5,85,8.20244
24.2,6,77,30.4007
24.2,7,78,8.20244
24.2,8,61,30.4007
24.2,9,72,30.4007
24.2,10,68,30.5555
24.2,11,91,8.20244
24.2,12,78,8.20244
24.2,13,93,8.20244
24.2,14,90,30.4007
24.2,15,94,30.4007
24.2,16,86,8.20244
24.2,17,85,8.20244
24.2,18,81,8.20244
24.2,19,74,30.5555
24.2,20,86,30.4007
24.2,21,85,30.4007
24.2,22,93,8.20244
24.2,23,107,8.20244
24.2,24,97,8.20244
24.2,25,104,8.20244
24.2,26,95,30.4007
24.2,27,102,30.4007
24.2,28,86,8.20244
24.2,29,74,30.5555
24.2,30,76,30.5555
24.2,31,102,8.20244
24.2,32,107,30.4007
24.2,33,110,30.4007
24.2,34,109,8.20244
24.2,35,115,8.20244
24.2,36,107,8.20244
24.2,37,107,8.20244
24.2,38,88,30.4007
24.2,39,100,30.4007
24.2,40,94,30.5555
24.2,41,119,8.20244
24.2,42,106,8.20244
24.2,43,123,8.20244
24.2,44,120,30.4007
24.2,45,123,30.4007
24.2,46,116,8.20244
24.2,47,112,8.20244
24.2,48,110,8.20244
24.2,49,98,30.5555
24.2,50,111,30.4007
24.2,51,105,30.4007
24.2,52,121,8.20244
24.2,53,130,8.20244
24.2,54,125,8.20244
24.2,55,128,8.20244
24.2,56,121,30.4007
24.2,57,125,30.4007
24.2,58,112,8.20244
24.2,59,90,30.5555
24.2,60,92,30.5555
24.2,61,115,8.20244
24.2,62,127,30.4007
24.2,63,124,30.4007
24.2,64,131,8.20244
24.2,65,128,8.20244
24.2,66,127,8.20244
24.2,67,122,8.20244
24.2,68,103,30.4007
24.2,69,111,30.4007
24.2,70,103,30.5555
24.2,71,120,8.20244
24.2,72,116,8.20244
24.2,73,126,8.20244
24.2,74,130,30.4007
24.2,75,129,30.4007
24.2,76,127,8.20244
24.2,77,112,8.20244
24.2,78,121,8.20244
24.2,79,100,30.5555
24.2,80,109,30.4007
24.2,81,98,30.4007
24.2,82,119,8.20244
24.2,83,119,8.20244
24.2,84,126,8.20244
24.2,85,121,8.20244
24.2,86,119,30.4007
24.2,87,119,30.4007
24.2,88,110,8.20244
24.2,89,83,30.5555
24.2,90,83,30.5555
24.2,91,98,8.20244
24.2,92,114,30.4007
24.2,93,107,30.4007
24.2,94,116,8.20244
24.2,95,109,8.20244
24.2,96,119,8.20244
24.2,97,105,8.20244
24.2,98,93,30.4007
24.2,99,96,30.4007
24.2,100,84,30.5555
24.2,101,93,8.20244
24.2,102,97,8.20244
24.2,103,98,8.20244
24.2,104,106,30.4007
24.2,105,102,30.4007
24.2,106,105,8.20244
24.2,107,89,8.20244
24.2,108,103,8.20244
24.2,109,78,30.5555
24.2,110,84,30.4007
24.2,111,72,30.4007
24.2,112,90,8.20244
24.2,113,89,8.20244
24.2,114,97,8.20244
24.2,115,91,8.20244
24.2,116,92,30.4007
24.2,117,89,30.4007
24.2,118,85,8.20244
24.2,119,61,30.5555
24.2,120,60,30.5555
24.2,121,69,30.5555
24.2,122,84,30.4007
24.2,123,77,30.4007
24.2,124,86,8.20244
24.2,125,79,30.4007
24.2,126,89,8.20244
24.2,127,75,35.8
24.2,128,68,30.4007
24.2,129,68,30.4007
24.2,130,58,30.5555
24.2,131,63,32.1646
24.4,0,52,38.6699
24.4,1,74,7.9196
24.4,2,77,30.8026
24.4,3,80,30.5182
24.4,4,79,35.6
24.4,5,85,7.9196
24.4,6,77,30.8026
24.4,7,78,7.9196
24.4,8,61,30.8026
24.4,9,72,30.5182
24.4,10,68,30.5182
24.4,11,91,7.9196
24.4,12,78,7.9196
24.4,13,93,7.9196
24.4,14,90,30.5182
24.4,15,94,30.5182
24.4,16,86,7.9196
24.4,17,85,7.9196
24.4,18,81,7.9196
24.4,19,74,30.5182
24.4,20,86,30.5182
24.4,21,85,30.5182
24.4,22,93,7.9196
24.4,23,107,7.9196
24.4,24,97,7.9196
24.4,25,104,7.9196
24.4,26,95,30.5182
24.4,27,102,30.5182
24.4,28,86,7.9196
24.4,29,74,30.5182
24.4,30,76,30.5182
24.4,31,102,7.9196
24.4,32,107,30.5182
24.4,33,110,30.5182
24.4,34,109,7.9196
24.4,35,115,7.9196
24.4,36,107,7.9196
24.4,37,107,7.9196
24.4,38,88,30.5182
24.4,39,100,30.5182
24.4,40,94,30.5182
24.4,41,119,7.9196
24.4,42,106,7.9196
24.4,43,123,7.9196
24.4,44,120,30.5182
24.4,45,123,30.5182
24.4,46,116,7.9196
24.4,47,112,7.9196
24.4,48,110,7.9196
24.4,49,98,30.5182
24.4,50,111,30.5182
24.4,51,105,30.5182
24.4,52,121,7.9196
24.4,53,130,7.9196
24.4,54,125,7.9196
24.4,55,128,7.9196
24.4,56,121,30.5182
24.4,57,125,30.5182
24.4,58,112,7.9196
24.4,59,90,30.5182
24.4,60,92,30.5182
24.4,61,115,7.9196
24.4,62,127,30.5182
24.4,63,124,30.5182
24.4,64,131,7.9196
24.4,65,128,7.9196
24.4,66,127,7.9196
24.4,67,122,7.9196
24.4,68,103,30.5182
24.4,69,111,30.5182
24.4,70,103,30.5182
24.4,71,120,7.9196
24.4,72,116,7.9196
24.4,73,126,7.9196
24.4,74,130,30.5182
24.4,75,129,30.5182
24.4,76,127,7.9196
24.4,77,112,7.9196
24.4,78,121,7.9196
24.4,79,100,30.5182
24.4,80,109,30.5182
24.4,81,98,30.5182
24.4,82,119,7.9196
24.4,83,119,7.9196
24.4,84,126,7.9196
24.4,85,121,7.9196
24.4,86,119,30.5182
24.4,87,119,30.5182
24.4,88,110,7.9196
24.4,89,83,30.5182
24.4,90,83,30.5182
24.4,91,98,7.9196
24.4,92,114,30.5182
24.4,93,107,30.5182
24.4,94,116,7.9196
24.4,95,109,7.9196
24.4,96,119,7.9196
24.4,97,105,7.9196
24.4,98,93,30.5182
24.4,99,96,30.5182
24.4,100,84,30.5182
24.4,101,93,7.9196
24.4,102,97,7.9196
24.4,103,98,7.9196
24.4,104,106,30.5182
24.4,105,102,30.5182
24.4,106,105,7.9196
24.4,107,89,7.9196
24.4,108,103,7.9196
24.4,109,78,30.5182
24.4,110,84,30.5182
24.4,111,72,30.5182
24.4,112,90,7.9196
24.4,113,89,7.9196
24.4,114,97,7.9196
24.4,115,91,7.9196
24.4,116,92,30.5182
24.4,117,89,30.5182
24.4,118,85,7.9196
24.4,119,61,30.5182
24.4,120,60,30.5182
24.4,121,69,30.5182
24.4,122,84,30.5182
24.4,123,77,30.8026
24.4,124,86,7.9196
24.4,125,79,30.8026
24.4,126,89,7.9196
24.4,127,75,35.6
24.4,128,68,30.5182
24.4,129,68,30.8026
24.4,130,58,30.5182
24.4,131,63,32.0225
24.6,0,52,38.7964
24.6,1,74,7.63675
24.6,2,77,31.2058
24.6,3,80,30.4821
24.6,4,79,35.4
24.6,5,85,7.63675
24.6,6,77,31.2058
24.6,7,78,7.63675
24.6,8,61,31.2058
24.6,9,72,30.4821
24.6,10,68,30.4821
24.6,11,91,7.63675
24.6,12,78,7.63675
24.6,13,93,7.63675
24.6,14,90,30.4821
24.6,15,94,30.4821
24.6,16,86,7.63675
24.6,17,85,7.63675
24.6,18,81,7.63675
24.6,19,74,30.4821
24.6,20,86,30.4821
24.6,21,85,30.4821
24.6,22,93,7.63675
24.6,23,107,7.63675
24.6,24,97,7.63675
24.6,25,104,7.63675
24.6,26,95,30.4821
24.6,27,102,30.4821
24.6,28,86,7.63675
24.6,29,74,30.4821
24.6,30,76,30.4821
24.6,31,102,7.63675
24.6,32,107,30.4821
24.6,33,110,30.4821
24.6,34,109,7.63675
24.6,35,115,7.63675
24.6,36,107,7.63675
24.6,37,107,7.63675
24.6,38,88,30.4821
24.6,39,100,30.4821
24.6,40,94,30.4821
24.6,41,119,7.63675
24.6,42,106,7.63675
24.6,43,123,7.63675
24.6,44,120,30.4821
24.6,45,123,30.4821
24.6,46,116,7.63675
24.6,47,112,7.63675
24.6,48,110,7.63675
24.6,49,98,30.4821
24.6,50,111,30.4821
24.6,51,105,30.4821
24.6,52,121,7.63675
24.6,53,130,7.63675
24.6,54,125,7.63675
24.6,55,128,7.63675
24.6,56,121,30.4821
24.6,57,125,30.4821
24.6,58,112,7.63675
24.6,59,90,30.4821
24.6,60,92,30.4821
24.6,61,115,7.63675
24.6,62,127,30.4821
24.6,63,124,30.4821
24.6,64,131,7.63675
24.6,65,128,7.63675
24.6,66,127,7.63675
24.6,67,122,7.63675
24.6,68,103,30.4821
24.6,69,111,30.4821
24.6,70,103,30.4821
24.6,71,120,7.63675
24.6,72,116,7.63675
24.6,73,126,7.63675
24.6,74,130,30.4821
24.6,75,129,30.4821
24.6,76,127,7.63675
24.6,77,112,7.63675
24.6,78,121,7.63675
24.6,79,100,30.4821
24.6,80,109,30.4821
24.6,81,98,30.4821
24.6,82,119,7.63675
24.6,83,119,7.63675
24.6,84,126,7.63675
24.6,85,121,7.63675
24.6,86,119,30.4821
24.6,87,119,30.4821
24.6,88,110,7.63675
24.6,89,83,30.4821
24.6,90,83,30.4821
24.6,91,98,7.63675
24.6,92,114,30.4821
24.6,93,107,30.4821
24.6,94,116,7.63675
24.6,95,109,7.63675
24.6,96,119,7.63675
24.6,97,105,7.63675
24.6,98,93,30.4821
24.6,99,96,30.4821
24.6,100,84,30.4821
24.6,101,93,7.63675
24.6,102,97,7.63675
24.6,103,98,7.63675
24.6,104,106,30.4821
24.6,105,102,30.4821
24.6,106,105,7.63675
24.6,107,89,7.63675
24.6,108,103,7.63675
24.6,109,78,30.4821
24.6,110,84,30.4821
24.6,111,72,30.4821
24.6,112,90,7.63675
24.6,113,89,7.63675
24.6,114,97,7.63675
24.6,115,91,7.63675
24.6,116,92,30.4821
24.6,117,89,30.4821
24.6,118,85,7.63675
24.6,119,61,30.4821
24.6,120,60,30.4821
24.6,121,69,30.4821
24.6,122,84,30.4821
24.6,123,77,31.2058
24.6,124,86,7.63675
24.6,125,79,31.2058
24.6,126,89,7.63675
24.6,127,75,35.4
24.6,128,68,30.4821
24.6,129,68,31.2058
24.6,130,58,30.4821
24.6,131,63,31.8848
24.8,0,52,38.9235
24.8,1,74,7.35391
24.8,2,77,31.6101
24.8,3,80,30.4473
24.8,4,79,35.2
24.8,5,85,7.35391
24.8,6,77,31.6101
24.8,7,78,7.35391
24.8,8,61,31.6101
24.8,9,72,30.4473
24.8,10,68,30.4473
24.8,11,91,7.35391
24.8,12,78,7.35391
24.8,13,93,7.35391
24.8,14,90,30.4473
24.8,15,94,30.4473
24.8,16,86,7.35391
24.8,17,85,7.35391
24.8,18,81,7.35391
24.8,19,74,30.4473
24.8,20,86,30.4473
24.8,21,85,30.4473
24.8,22,93,7.35391
24.8,23,107,7.35391
24.8,24,97,7.35391
24.8,25,104,7.35391
24.8,26,95,30.4473
24.8,27,102,30.4473
24.8,28,86,7.35391
24.8,29,74,30.4473
24.8,30,76,30.4473
24.8,31,102,7.35391
24.8,32,107,30.4473
24.8,33,110,30.4473
24.8,34,109,7.35391
24.8,35,115,7.35391
24.8,36,107,7.35391
24.8,37,107,7.35391
24.8,38,88,30.4473
24.8,39,100,30.4473
24.8,40,94,30.4473
24.8,41,119,7.35391
24.8,42,106,7.35391
24.8,43,123,7.35391
24.8,44,120,30.4473
24.8,45,123,30.4473
24.8,46,116,7.35391
24.8,47,112,7.35391
24.8,48,110,7.35391
24.8,49,98,30.4473
24.8,50,111,30.4473
24.8,51,105,30.4473
24.8,52,121,7.35391
24.8,53,130,7.35391
24.8,54,125,7.35391
24.8,55,128,7.35391
24.8,56,121,30.4473
24.8,57,125,30.4473
24.8,58,112,7.35391
24.8,59,90,30.4473
24.8,60,92,30.4473
24.8,61,115,7.35391
24.8,62,127,30.4473
24.8,63,124,30.4473
24.8,64,131,7.35391
24.8,65,128,7.35391
24.8,66,127,7.35391
24.8,67,122,7.35391
24.8,68,103,30.4473
24.8,69,111,30.4473
24.8,70,103,30.4473
24.8,71,120,7.35391
24.8,72,116,7.35391
24.8,73,126,7.35391
24.8,74,130,30.4473
24.8,75,129,30.4473
24.8,76,127,7.35391
24.8,77,112,7.35391
24.8,78,121,7.35391
24.8,79,100,30.4473
24.8,80,109,30.4473
24.8,81,98,30.4473
24.8,82,119,7.35391
24.8,83,119,7.35391
24.8,84,126,7.35391
24.8,85,121,7.35391
24.8,86,119,30.4473
24.8,87,119,30.4473
24.8,88,110,7.35391
24.8,89,83,30.4473
24.8,90,83,30.4473
24.8,91,98,7.35391
24.8,92,114,30.4473
24.8,93,107,30.4473
24.8,94,116,7.35391
24.8,95,109,7.35391
24.8,96,119,7.35391
24.8,97,105,7.35391
24.8,98,93,30.4473
24.8,99,96,30.4473
24.8,100,84,30.4473
24.8,101,93,7.35391
24.8,102,97,7.35391
24.8,103,98,7.35391
24.8,104,106,30.4473
24.8,105,102,30.4473
24.8,106,105,7.35391
24.8,107,89,7.35391
24.8,108,103,7.35391
24.8,109,78,30.4473
24.8,110,84,30.4473
24.8,111,72,30.4473
24.8,112,90,7.35391
24.8,113,89,7.35391
24.8,114,97,7.35391
24.8,115,91,7.35391
24.8,116,92,30.4473
24.8,117,89,30.4473
24.8,118,85,7.35391
24.8,119,61,30.4473
24.8,120,60,30.4473
24.8,121,69,30.4473
24.8,122,84,30.4473
24.8,123,77,31.6101
24.8,124,86,7.35391
24.8,125,79,31.6101
24.8,126,89,7.35391
24.8,127,75,35.2
24.8,128,68,30.4473
24.8,129,68,31.6101
24.8,130,58,30.4473
24.8,131,63,31.7515
25,0,52,39.0512
25,1,74,7.07107
25,2,77,32.0156
25,3,80,30.4138
25,4,79,35
25,5,85,7.07107
25,6,77,31.6228
25,7,78,7.07107
25,8,61,32.0156
25,9,72,30.4138
25,10,68,30.4138
25,11,91,7.07107
25,12,78,7.07107
25,13,93,7.07107
25,14,90,30.4138
25,15,94,30.4138
25,16,86,7.07107
25,17,85,7.07107
25,18,81,7.07107
25,19,74,30.4138
25,20,86,30.4138
25,21,85,30.4138
25,22,93,7.07107
25,23,107,7.07107
25,24,97,7.07107
25,25,104,7.07107
25,26,95,30.4138
25,27,102,30.4138
25,28,86,7.07107
25,29,74,30.4138
25,30,76,30.4138
25,31,102,7.07107
25,32,107,30.4138
25,33,110,30.4138
25,34,109,7.07107
25,35,115,7.07107
25,36,107,7.07107
25,37,107,7.07107
25,38,88,30.4138
25,39,100,30.4138
25,40,94,30.4138
25,41,119,7.07107
25,42,106,7.07107
25,43,123,7.07107
25,44,120,30.4138
25,45,123,30.4138
25,46,116,7.07107
25,47,112,7.07107
25,48,110,7.07107
25,49,98,30.4138
25,50,111,30.4138
25,51,105,30.4138
25,52,121,7.07107
25,53,130,7.07107
25,54,125,7.07107
25,55,128,7.07107
25,56,121,30.4138
25,57,125,30.4138
25,58,112,7.07107
25,59,90,30.4138
25,60,92,30.4138
25,61,115,7.07107
25,62,127,30.4138
25,63,124,30.4138
25,64,131,7.07107
25,65,128,7.07107
25,66,127,7.07107
25,67,122,7.07107
25,68,103,30.4138
25,69,111,30.4138
25,70,103,30.4138
25,71,120,7.07107
25,72,116,7.07107
25,73,126,7.07107
25,74,130,30.4138
25,75,129,30.4138
25,76,127,7.07107
25,77,112,7.07107
25,78,121,7.07107
25,79,100,30.4138
25,80,109,30.4138
25,81,98,30.4138
25,82,119,7.07107
25,83,119,7.07107
25,84,126,7.07107
25,85,121,7.07107
25,86,119,30.4138
25,87,119,30.4138
25,88,110,7.07107
25,89,83,30.4138
25,90,83,30.4138
25,91,98,7.07107
25,92,114,30.4138
25,93,107,30.4138
25,94,116,7.07107
25,95,109,7.07107
25,96,119,7.07107
25,97,105,7.07107
25,98,93,30.4138
25,99,96,30.4138
25,100,84,30.4138
25,101,93,7.07107
25,102,97,7.07107
25,103,98,7.07107
25,104,106,30.4138
25,105,102,30.4138
25,106,105,7.07107
25,107,89,7.07107
25,108,103,7.07107
25,109,78,30.4138
25,110,84,30.4138
25,111,72,30.4138
25,112,90,7.07107
25,113,89,7.07107
25,114,97,7.07107
25,115,91,7.07107
25,116,92,30.4138
25,117,89,30.4138
25,118,85,7.07107
25,119,61,30.4138
25,120,60,30.4138
25,121,69,30.4138
25,122,84,30.4138
25,123,77,31.6228
25,124,86,7.07107
25,125,79,31.6228
25,126,89,7.07107
25,127,75,35
25,128,68,30.4138
25,129,68,32.0156
25,130,58,30.4138
25,131,63,31.6228
25.2,0,52,39.1796
25.2,1,74,6.78823
25.2,2,77,32.4222
25.2,3,80,30.3816
25.2,4,79,34.8
25.2,5,85,6.78823
25.2,6,77,31.4986
25.2,7,78,6.78823
25.2,8,61,32.4222
25.2,9,72,30.3816
25.2,10,68,30.3816
25.2,11,91,6.78823
25.2,12,78,6.78823
25.2,13,93,6.78823
25.2,14,90,30.3816
25.2,15,94,30.3816
25.2,16,86,6.78823
25.2,17,85,6.78823
25.2,18,81,6.78823
25.2,19,74,30.3816
25.2,20,86,30.3816
25.2,21,85,30.3816
25.2,22,93,6.78823
25.2,23,107,6.78823
25.2,24,97,6.78823
25.2,25,104,6.78823
25.2,26,95,30.3816
25.2,27,102,30.3816
25.2,28,86,6.78823
25.2,29,74,30.3816
25.2,30,76,30.3816
25.2,31,102,6.78823
25.2,32,107,30.3816
25.2,33,110,30.3816
25.2,34,109,6.78823
25.2,35,115,6.78823
25.2,36,107,6.78823
25.2,37,107,6.78823
25.2,38,88,30.3816
25.2,39,100,30.3816
25.2,40,94,30.3816
25.2,41,119,6.78823
25.2,42,106,6.78823
25.2,43,123,6.78823
25.2,44,120,30.3816
25.2,45,123,30.3816
25.2,46,116,6.78823
25.2,47,112,6.78823
25.2,48,110,6.78823
25.2,49,98,30.3816
25.2,50,111,30.3816
25.2,51,105,30.3816
25.2,52,121,6.78823
25.2,53,130,6.78823
25.2,54,125,6.78823
25.2,55,128,6.78823
25.2,56,121,30.3816
25.2,57,125,30.3816
25.2,58,112,6.78823
25.2,59,90,30.3816
25.2,60,92,30.3816
25.2,61,115,6.78823
25.2,62,127,30.3816
25.2,63,124,30.3816
25.2,64,131,6.78823
25.2,65,128,6.78823
25.2,66,127,6.78823
25.2,67,122,6.78823
25.2,68,103,30.3816
25.2,69,111,30.3816
25.2,70,103,30.3816
25.2,71,120,6.78823
25.2,72,116,6.78823
25.2,73,126,6.78823
25.2,74,130,30.3816
25.2,75,129,30.3816
25.2,76,127,6.78823
25.2,77,112,6.78823
25.2,78,121,6.78823
25.2,79,100,30.3816
25.2,80,109,30.3816
25.2,81,98,30.3816
25.2,82,119,6.78823
25.2,83,119,6.78823
25.2,84,126,6.78823
25.2,85,121,6.78823
25.2,86,119,30.3816
25.2,87,119,30.3816
25.2,88,110,6.78823
25.2,89,83,30.3816
25.2,90,83,30.3816
25.2,91,98,6.78823
25.2,92,114,30.3816
25.2,93,107,30.3816
25.2,94,116,6.78823
25.2,95,109,6.78823
25.2,96,119,6.78823
25.2,97,105,6.78823
25.2,98,93,30.3816
25.2,99,96,30.3816
25.2,100,84,30.3816
25.2,101,93,6.78823
25.2,102,97,6.78823
25.2,103,98,6.78823
25.2,104,106,30.3816
25.2,105,102,30.3816
25.2,106,105,6.78823
25.2,107,89,6.78823
25.2,108,103,6.78823
25.2,109,78,30.3816
25.2,110,84,30.3816
25.2,111,72,30.3816
25.2,112,90,6.78823
25.2,113,89,6.78823
25.2,114,97,6.78823
25.2,115,91,6.78823
25.2,116,92,30.3816
25.2,117,89,30.3816
25.2,118,85,6.78823
25.2,119,61,30.3816
25.2,120,60,30.3816
25.2,121,69,30.3816
25.2,122,84,30.3816
25.2,123,77,31.4986
25.2,124,86,6.78823
25.2,125,79,31.4986
25.2,126,89,6.78823
25.2,127,75,34.8
25.2,128,68,30.3816
25.2,129,68,32.4222
25.2,130,58,30.3816
25.2,131,63,31.4986
25.4,0,52,39.3085
25.4,1,74,6.50538
25.4,2,77,32.8299
25.4,3,80,30.3506
25.4,4,79,34.6
25.4,5,85,6.50538
25.4,6,77,31.379
25.4,7,78,6.50538
25.4,8,61,32.8299
25.4,9,72,30.3506
25.4,10,68,30.3506
25.4,11,91,6.50538
25.4,12,78,6.50538
25.4,13,93,6.50538
25.4,14,90,30.3506
25.4,15,94,30.3506
25.4,16,86,6.50538
25.4,17,85,6.50538
25.4,18,81,6.50538
25.4,19,74,30.3506
25.4,20,86,30.3506
25.4,21,85,30.3506
25.4,22,93,6.50538
25.4,23,107,6.50538
25.4,24,97,6.50538
25.4,25,104,6.50538
25.4,26,95,30.3506
25.4,27,102,30.3506
25.4,28,86,6.50538
25.4,29,74,30.3506
25.4,30,76,30.3506
25.4,31,102,6.50538
25.4,32,107,30.3506
25.4,33,110,30.3506
25.4,34,109,6.50538
25.4,35,115,6.50538
25.4,36,107,6.50538
25.4,37,107,6.50538
25.4,38,88,30.3506
25.4,39,100,30.3506
25.4,40,94,30.3506
25.4,41,119,6.50538
25.4,42,106,6.50538
25.4,43,123,6.50538
25.4,44,120,30.3506
25.4,45,123,30.3506
25.4,46,116,6.50538
25.4,47,112,6.50538
25.4,48,110,6.50538
25.4,49,98,30.3506
25.4,50,111,30.3506
25.4,51,105,30.3506
25.4,52,121,6.50538
25.4,53,130,6.50538
25.4,54,125,6.50538
25.4,55,128,6.50538
25.4,56,121,30.3506
25.4,57,125,30.3506
25.4,58,112,6.50538
25.4,59,90,30.3506
25.4,60,92,30.3506
25.4,61,115,6.50538
25.4,62,127,30.3506
25.4,63,124,30.3506
25.4,64,131,6.50538
25.4,65,128,6.50538
25.4,66,127,6.50538
25.4,67,122,6.50538
25.4,68,103,30.3506
25.4,69,111,30.3506
25.4,70,103,30.3506
25.4,71,120,6.50538
25.4,72,116,6.50538
25.4,73,126,6.50538
25.4,74,130,30.3506
25.4,75,129,30.3506
25.4,76,127,6.50538
25.4,77,112,6.50538
25.4,78,121,6.50538
25.4,79,100,30.3506
25.4,80,109,30.3506
25.4,81,98,30.3506
25.4,82,119,6.50538
25.4,83,119,6.50538
25.4,84,126,6.50538
25.4,85,121,6.50538
25.4,86,119,30.3506
25.4,87,119,30.3506
25.4,88,110,6.50538
25.4,89,83,30.3506
25.4,90,83,30.3506
25.4,91,98,6.50538
25.4,92,114,30.3506
25.4,93,107,30.3506
25.4,94,116,6.50538
25.4,95,109,6.50538
25.4,96,119,6.50538
25.4,97,105,6.50538
25.4,98,93,30.3506
25.4,99,96,30.3506
25.4,100,84,30.3506
25.4,101,93,6.50538
25.4,102,97,6.50538
25.4,103,98,6.50538
25.4,104,106,30.3506
25.4,105,102,30.3506
25.4,106,105,6.50538
25.4,107,89,6.50538
25.4,108,103,6.50538
25.4,109,78,30.3506
25.4,110,84,30.3506
25.4,111,72,30.3506
25.4,112,90,6.50538
25.4,113,89,6.50538
25.4,114,97,6.50538
25.4,115,91,6.50538
25.4,116,92,30.3506
25.4,117,89,30.3506
25.4,118,85,6.50538
25.4,119,61,30.3506
25.4,120,60,30.3506
25.4,121,69,30.3506
25.4,122,84,30.3506
25.4,123,77,31.379
25.4,124,86,6.50538
25.4,125,79,31.379
25.4,126,89,6.50538
25.4,127,75,34.6
25.4,128,68,30.3506
25.4,129,68,32.8299
25.4,130,58,30.3506
25.4,131,63,31.379
25.6,0,52,39.4381
25.6,1,74,6.22254
25.6,2,77,33.2385
25.6,3,80,30.3209
25.6,4,79,34.4
25.6,5,85,6.22254
25.6,6,77,31.264
25.6,7,78,6.22254
25.6,8,61,33.2385
25.6,9,72,30.3209
25.6,10,68,30.3209
25.6,11,91,6.22254
25.6,12,78,6.22254
25.6,13,93,6.22254
25.6,14,90,30.3209
25.6,15,94,30.3209
25.6,16,86,6.22254
25.6,17,85,6.22254
25.6,18,81,6.22254
25.6,19,74,30.3209
25.6,20,86,30.3209
25.6,21,85,30.3209
25.6,22,93,6.22254
25.6,23,107,6.22254
25.6,24,97,6.22254
25.6,25,104,6.22254
25.6,26,95,30.3209
25.6,27,102,30.3209
25.6,28,86,6.22254
25.6,29,74,30.3209
25.6,30,76,30.3209
25.6,31,102,6.22254
25.6,32,107,30.3209
25.6,33,110,30.3209
25.6,34,109,6.22254
25.6,35,115,6.22254
25.6,36,107,6.22254
25.6,37,107,6.22254
25.6,38,88,30.3209
25.6,39,100,30.3209
25.6,40,94,30.3209
25.6,41,119,6.22254
25.6,42,106,6.22254
25.6,43,123,6.22254
25.6,44,120,30.3209
25.6,45,123,30.3209
25.6,46,116,6.22254
25.6,47,112,6.22254
25.6,48,110,6.22254
25.6,49,98,30.3209
25.6,50,111,30.3209
25.6,51,105,30.3209
25.6,52,121,6.22254
25.6,53,130,6.22254
25.6,54,125,6.22254
25.6,55,128,6.22254
25.6,56,121,30.3209
25.6,57,125,30.3209
25.6,58,112,6.22254
25.6,59,90,30.3209
25.6,60,92,30.3209
25.6,61,115,6.22254
25.6,62,127,30.3209
25.6,63,124,30.3209
25.6,64,131,6.22254
25.6,65,128,6.22254
25.6,66,127,6.22254
25.6,67,122,6.22254
25.6,68,103,30.3209
25.6,69,111,30.3209
25.6,70,103,30.3209
25.6,71,120,6.22254
25.6,72,116,6.22254
25.6,73,126,6.22254
25.6,74,130,30.3209
25.6,75,129,30.3209
25.6,76,127,6.22254
25.6,77,112,6.22254
25.6,78,121,6.22254
25.6,79,100,30.3209
25.6,80,109,30.3209
25.6,81,98,30.3209
25.6,82,119,6.22254
25.6,83,119,6.22254
25.6,84,126,6.22254
25.6,85,121,6.22254
25.6,86,119,30.3209
25.6,87,119,30.3209
25.6,88,110,6.22254
25.6,89,83,30.3209
25.6,90,83,30.3209
25.6,91,98,6.22254
25.6,92,114,30.3209
25.6,93,107,30.3209
25.6,94,116,6.22254
25.6,95,109,6.22254
25.6,96,119,6.22254
25.6,97,105,6.22254
25.6,98,93,30.3209
25.6,99,96,30.3209
25.6,100,84,30.3209
25.6,101,93,6.22254
25.6,102,97,6.22254
25.6,103,98,6.22254
25.6,104,106,30.3209
25.6,105,102,30.3209
25.6,106,105,6.22254
25.6,107,89,6.22254
25.6,108,103,6.22254
25.6,109,78,30.3209
25.6,110,84,30.3209
25.6,111,72,30.3209
25.6,112,90,6.22254
25.6,113,89,6.22254
25.6,114,97,6.22254
25.6,115,91,6.22254
25.6,116,92,30.3209
25.6,117,89,30.3209
25.6,118,85,6.22254
25.6,119,61,30.3209
25.6,120,60,30.3209
25.6,121,69,30.3209
25.6,122,84,30.3209
25.6,123,77,31.264
25.6,124,86,6.22254
25.6,125,79,31.264
25.6,126,89,6.22254
25.6,127,75,34.4
25.6,128,68,30.3209
25.6,129,68,33.2385
25.6,130,58,30.3209
25.6,131,63,31.264
25.8,0,52,39.5682
25.8,1,74,5.9397
25.8,2,77,33.6482
25.8,3,80,30.2926
25.8,4,79,34.2
25.8,5,85,5.9397
25.8,6,77,31.1538
25.8,7,78,5.9397
25.8,8,61,33.6482
25.8,9,72,30.2926
25.8,10,68,30.2926
25.8,11,91,5.9397
25.8,12,78,5.9397
25.8,13,93,5.9397
25.8,14,90,30.2926
25.8,15,94,30.2926
25.8,16,86,5.9397
25.8,17,85,5.9397
25.8,18,81,5.9397
25.8,19,74,30.2926
25.8,20,86,30.2926
25.8,21,85,30.2926
25.8,22,93,5.9397
25.8,23,107,5.9397
25.8,24,97,5.9397
25.8,25,104,5.9397
25.8,26,95,30.2926
25.8,27,102,30.2926
25.8,28,86,5.9397
25.8,29,74,30.2926
25.8,30,76,30.2926
25.8,31,102,5.9397
25.8,32,107,30.2926
25.8,33,110,30.2926
25.8,34,109,5.9397
25.8,35,115,5.9397
25.8,36,107,5.9397
25.8,37,107,5.9397
25.8,38,88,30.2926
25.8,39,100,30.2926
25.8,40,94,30.2926
25.8,41,119,5.9397
25.8,42,106,5.9397
25.8,43,123,5.9397
25.8,44,120,30.2926
25.8,45,123,30.2926
25.8,46,116,5.9397
25.8,47,112,5.9397
25.8,48,110,5.9397
25.8,49,98,30.2926
25.8,50,111,30.2926
25.8,51,105,30.2926
25.8,52,121,5.9397
25.8,53,130,5.9397
25.8,54,125,5.9397
25.8,55,128,5.9397
25.8,56,121,30.2926
25.8,57,125,30.2926
25.8,58,112,5.9397
25.8,59,90,30.2926
25.8,60,92,30.2926
25.8,61,115,5.9397
25.8,62,127,30.2926
25.8,63,124,30.2926
25.8,64,131,5.9397
25.8,65,128,5.9397
25.8,66,127,5.9397
25.8,67,122,5.9397
25.8,68,103,30.2926
25.8,69,111,30.2926
25.8,70,103,30.2926
25.8,71,120,5.9397
25.8,72,116,5.9397
25.8,73,126,5.9397
25.8,74,130,30.2926
25.8,75,129,30.2926
25.8,76,127,5.9397
25.8,77,112,5.9397
25.8,78,121,5.9397
25.8,79,100,30.2926
25.8,80,109,30.2926
25.8,81,98,30.2926
25.8,82,119,5.9397
25.8,83,119,5.9397
25.8,84,126,5.9397
25.8,85,121,5.9397
25.8,86,119,30.2926
25.8,87,119,30.2926
25.8,88,110,5.9397
25.8,89,83,30.2926
25.8,90,83,30.2926
25.8,91,98,5.9397
25.8,92,114,30.2926
25.8,93,107,30.2926
25.8,94,116,5.9397
25.8,95,109,5.9397
25.8,96,119,5.9397
25.8,97,105,5.9397
25.8,98,93,30.2926
25.8,99,96,30.2926
25.8,100,84,30.2926
25.8,101,93,5.9397
25.8,102,97,5.9397
25.8,103,98,5.9397
25.8,104,106,30.2926
25.8,105,102,30.2926
25.8,106,105,5.9397
25.8,107,89,5.9397
25.8,108,103,5.9397
25.8,109,78,30.2926
25.8,110,84,30.2926
25.8,111,72,30.2926
25.8,112,90,5.9397
25.8,113,89,5.9397
25.8,114,97,5.9397
25.8,115,91,5.9397
25.8,116,92,30.2926
25.8,117,89,30.2926
25.8,118,85,5.9397
25.8,119,61,30.2926
25.8,120,60,30.2926
25.8,121,69,30.2926
25.8,122,84,30.2926
25.8,123,77,31.1538
25.8,124,86,5.9397
25.8,125,79,31.1538
25.8,126,89,5.9397
25.8,127,75,34.2
25.8,128,68,30.2926
25.8,129,68,33.6482
25.8,130,58,30.2926
25.8,131,63,31.1538
26,0,52,39.6989
26,1,74,5.65685
26,2,77,34
26,3,80,30.2655
26,4,79,34
26,5,85,5.65685
26,6,77,31.0483
26,7,78,5.65685
26,8,61,34.0588
26,9,72,30.2655
26,10,68,30.2655
26,11,91,5.65685
26,12,78,5.65685
26,13,93,5.65685
26,14,90,30.2655
26,15,94,30.2655
26,16,86,5.65685
26,17,85,5.65685
26,18,81,5.65685
26,19,74,30.2655
26,20,86,30.2655
26,21,85,30.2655
26,22,93,5.65685
26,23,107,5.65685
26,24,97,5.65685
26,25,104,5.65685
26,26,95,30.2655
26,27,102,30.2655
26,28,86,5.65685
26,29,74,30.2655
26,30,76,30.2655
26,31,102,5.65685
26,32,107,30.2655
26,33,110,30.2655
26,34,109,5.65685
26,35,115,5.65685
26,36,107,5.65685
26,37,107,5.65685
26,38,88,30.2655
26,39,100,30.2655
26,40,94,30.2655
26,41,119,5.65685
26,42,106,5.65685
26,43,123,5.65685
26,44,120,30.2655
26,45,123,30.2655
26,46,116,5.65685
26,47,112,5.65685
26,48,110,5.65685
26,49,98,30.2655
26,50,111,30.2655
26,51,105,30.2655
26,52,121,5.65685
26,53,130,5.65685
26,54,125,5.65685
26,55,128,5.65685
26,56,121,30.2655
26,57,125,30.2655
26,58,112,5.65685
26,59,90,30.2655
26,60,92,30.2655
26,61,115,5.65685
26,62,127,30.2655
26,63,124,30.2655
26,64,131,5.65685
26,65,128,5.65685
26,66,127,5.65685
26,67,122,5.65685
26,68,103,30.2655
26,69,111,30.2655
26,70,103,30.2655
26,71,120,5.65685
26,72,116,5.65685
26,73,126,5.65685
26,74,130,30.2655
26,75,129,30.2655
26,76,127,5.65685
26,77,112,5.65685
26,78,121,5.65685
26,79,100,30.2655
26,80,109,30.2655
26,81,98,30.2655
26,82,119,5.65685
26,83,119,5.65685
26,84,126,5.65685
26,85,121,5.65685
26,86,119,30.2655
26,87,119,30.2655
26,88,110,5.65685
26,89,83,30.2655
26,90,83,30.2655
26,91,98,5.65685
26,92,114,30.2655
26,93,107,30.2655
26,94,116,5.65685
26,95,109,5.65685
26,96,119,5.65685
26,97,105,5.65685
26,98,93,30.2655
26,99,96,30.2655
26,100,84,30.2655
26,101,93,5.65685
26,102,97,5.65685
26,103,98,5.65685
26,104,106,30.2655
26,105,102,30.2655
26,106,105,5.65685
26,107,89,5.65685
26,108,103,5.65685
26,109,78,30.2655
26,110,84,30.2655
26,111,72,30.2655
26,112,90,5.65685
26,113,89,5.65685
26,114,97,5.65685
26,115,91,5.65685
26,116,92,30.2655
26,117,89,30.2655
26,118,85,5.65685
26,119,61,30.2655
26,120,60,30.2655
26,121,69,30.2655
26,122,84,30.2655
26,123,77,31.0483
26,124,86,5.65685
26,125,79,31.0483
26,126,89,5.65685
26,127,75,34
26,128,68,30.2655
26,129,68,34
26,130,58,30.2655
26,131,63,31.0483
26.2,0,51,39.8301
26.2,1,74,5.37401
26.2,2,77,33.8
26.2,3,80,30.2397
26.2,4,79,33.8
26.2,5,85,5.37401
26.2,6,76,30.9477
26.2,7,78,5.37401
26.2,8,61,34.4703
26.2,9,72,30.2397
26.2,10,68,30.2397
26.2,11,91,5.37401
26.2,12,77,5.37401
26.2,13,93,5.37401
26.2,14,90,30.2397
26.2,15,94,30.2397
26.2,16,86,5.37401
26.2,17,85,5.37401
26.2,18,80,5.37401
26.2,19,74,30.2397
26.2,20,86,30.2397
26.2,21,85,30.2397
26.2,22,93,5.37401
26.2,23,107,5.37401
26.2,24,96,5.37401
26.2,25,104,5.37401
26.2,26,95,30.2397
26.2,27,102,30.2397
26.2,28,86,5.37401
26.2,29,74,30.2397
26.2,30,75,30.2397
26.2,31,102,5.37401
26.2,32,107,30.2397
26.2,33,110,30.2397
26.2,34,109,5.37401
26.2,35,115,5.37401
26.2,36,106,5.37401
26.2,37,107,5.37401
26.2,38,88,30.2397
26.2,39,100,30.2397
26.2,40,94,30.2397
26.2,41,119,5.37401
26.2,42,105,5.37401
26.2,43,123,5.37401
26.2,44,120,30.2397
26.2,45,123,30.2397
26.2,46,116,5.37401
26.2,47,112,5.37401
26.2,48,109,5.37401
26.2,49,98,30.2397
26.2,50,111,30.2397
26.2,51,105,30.2397
26.2,52,121,5.37401
26.2,53,130,5.37401
26.2,54,124,5.37401
26.2,55,128,5.37401
26.2,56,121,30.2397
26.2,57,125,30.2397
26.2,58,112,5.37401
26.2,59,90,30.2397
26.2,60,91,30.2397
26.2,61,115,5.37401
26.2,62,127,30.2397
26.2,63,124,30.2397
26.2,64,131,5.37401
26.2,65,128,5.37401
26.2,66,127,5.37401
26.2,67,122,5.37401
26.2,68,103,30.2397
26.2,69,111,30.2397
26.2,70,103,30.2397
26.2,71,119,5.37401
26.2,72,116,5.37401
26.2,73,126,5.37401
26.2,74,130,30.2397
26.2,75,129,30.2397
26.2,76,127,5.37401
26.2,77,111,5.37401
26.2,78,121,5.37401
26.2,79,100,30.2397
26.2,80,109,30.2397
26.2,81,98,30.2397
26.2,82,119,5.37401
26.2,83,118,5.37401
26.2,84,126,5.37401
26.2,85,121,5.37401
26.2,86,119,30.2397
26.2,87,119,30.2397
26.2,88,110,5.37401
26.2,89,82,30.2397
26.2,90,83,30.2397
26.2,91,98,5.37401
26.2,92,114,30.2397
26.2,93,107,30.2397
26.2,94,116,5.37401
26.2,95,108,5.37401
26.2,96,119,5.37401
26.2,97,105,5.37401
26.2,98,93,30.2397
26.2,99,96,30.2397
26.2,100,84,30.2397
26.2,101,92,5.37401
26.2,102,97,5.37401
26.2,103,98,5.37401
26.2,104,106,30.2397
26.2,105,102,30.2397
26.2,106,105,5.37401
26.2,107,88,5.37401
26.2,108,103,5.37401
26.2,109,78,30.2397
26.2,110,84,30.2397
26.2,111,72,30.2397
26.2,112,90,5.37401
26.2,113,88,5.37401
26.2,114,97,5.37401
26.2,115,91,5.37401
26.2,116,92,30.2397
26.2,117,89,30.2397
26.2,118,85,5.37401
26.2,119,60,30.2397
26.2,120,60,30.2397
26.2,121,69,30.2397
26.2,122,84,30.2397
26.2,123,77,30.9477
26.2,124,86,5.37401
26.2,125,78,30.9477
26.2,126,89,5.37401
26.2,127,75,33.8
26.2,128,68,30.2397
26.2,129,68,33.8
26.2,130,58,30.2397
26.2,131,62,30.9477
26.4,0,51,39.962
26.4,1,74,5.09117
26.4,2,77,33.6
26.4,3,80,30.2152
26.4,4,79,33.6
26.4,5,85,5.09117
26.4,6,76,30.8519
26.4,7,78,5.09117
26.4,8,61,34.8827
26.4,9,73,30.2152
26.4,10,68,30.2152
26.4,11,91,5.09117
26.4,12,77,5.09117
26.4,13,93,5.09117
26.4,14,90,30.2152
26.4,15,94,30.2152
26.4,16,86,5.09117
26.4,17,85,5.09117
26.4,18,80,5.09117
26.4,19,74,30.2152
26.4,20,86,30.2152
26.4,21,85,30.2152
26.4,22,93,5.09117
26.4,23,107,5.09117
26.4,24,96,5.09117
26.4,25,104,5.09117
26.4,26,95,30.2152
26.4,27,102,30.2152
26.4,28,86,5.09117
26.4,29,74,30.2152
26.4,30,75,30.2152
26.4,31,102,5.09117
26.4,32,107,30.2152
26.4,33,110,30.2152
26.4,34,109,5.09117
26.4,35,115,5.09117
26.4,36,106,5.09117
26.4,37,107,5.09117
26.4,38,88,30.2152
26.4,39,101,30.2152
26.4,40,94,30.2152
26.4,41,119,5.09117
26.4,42,105,5.09117
26.4,43,123,5.09117
26.4,44,120,30.2152
26.4,45,123,30.2152
26.4,46,116,5.09117
26.4,47,112,5.09117
26.4,48,109,5.09117
26.4,49,98,30.2152
26.4,50,112,30.2152
26.4,51,105,30.2152
26.4,52,121,5.09117
26.4,53,130,5.09117
26.4,54,124,5.09117
26.4,55,128,5.09117
26.4,56,121,30.2152
26.4,57,125,30.2152
26.4,58,112,5.09117
26.4,59,90,30.2152
26.4,60,91,30.2152
26.4,61,115,5.09117
26.4,62,127,30.2152
26.4,63,124,30.2152
26.4,64,131,5.09117
26.4,65,128,5.09117
26.4,66,127,5.09117
26.4,67,122,5.09117
26.4,68,103,30.2152
26.4,69,112,30.2152
26.4,70,103,30.2152
26.4,71,119,5.09117
26.4,72,116,5.09117
26.4,73,126,5.09117
26.4,74,130,30.2152
26.4,75,129,30.2152
26.4,76,127,5.09117
26.4,77,111,5.09117
26.4,78,121,5.09117
26.4,79,100,30.2152
26.4,80,110,30.2152
26.4,81,98,30.2152
26.4,82,119,5.09117
26.4,83,118,5.09117
26.4,84,126,5.09117
26.4,85,121,5.09117
26.4,86,119,30.2152
26.4,87,119,30.2152
26.4,88,110,5.09117
26.4,89,82,30.2152
26.4,90,83,30.2152
26.4,91,98,5.09117
26.4,92,114,30.2152
26.4,93,107,30.2152
26.4,94,116,5.09117
26.4,95,108,5.09117
26.4,96,119,5.09117
26.4,97,105,5.09117
26.4,98,93,30.2152
26.4,99,96,30.2152
26.4,100,84,30.2152
26.4,101,92,5.09117
26.4,102,97,5.09117
26.4,103,98,5.09117
26.4,104,106,30.2152
26.4,105,102,30.2152
26.4,106,105,5.09117
26.4,107,88,5.09117
26.4,108,103,5.09117
26.4,109,78,30.2152
26.4,110,85,30.2152
26.4,111,72,30.2152
26.4,112,90,5.09117
26.4,113,88,5.09117
26.4,114,97,5.09117
26.4,115,91,5.09117
26.4,116,92,30.2152
26.4,117,89,30.2152
26.4,118,85,5.09117
26.4,119,60,30.2152
26.4,120,60,30.2152
26.4,121,69,30.2152
26.4,122,84,30.2152
26.4,123,77,30.8519
26.4,124,86,5.09117
26.4,125,78,30.8519
26.4,126,89,5.09117
26.4,127,75,33.6
26.4,128,68,30.2152
26.4,129,68,33.6
26.4,130,58,30.2152
26.4,131,62,30.8519
26.6,0,51,40.0944
26.6,1,76,4.80833
26.6,2,77,33.4
26.6,3,81,30.1921
26.6,4,79,33.4
26.6,5,86,4.80833
26.6,6,76,30.761
26.6,7,80,4.80833
26.6,8,61,35.2959
26.6,9,73,30.1921
26.6,10,68,30.1921
26.6,11,92,4.80833
26.6,12,77,4.80833
26.6,13,95,4.80833
26.6,14,90,30.1921
26.6,15,95,30.1921
26.6,16,86,4.80833
26.6,17,86,4.80833
26.6,18,80,4.80833
26.6,19,75,30.1921
26.6,20,86,30.1921
26.6,21,86,30.1921
26.6,22,93,4.80833
26.6,23,108,4.80833
26.6,24,96,4.80833
26.6,25,106,4.80833
26.6,26,95,30.1921
26.6,27,103,30.1921
26.6,28,86,4.80833
26.6,29,75,30.1921
26.6,30,75,30.1921
26.6,31,104,4.80833
26.6,32,107,30.1921
26.6,33,111,30.1921
26.6,34,109,4.80833
26.6,35,116,4.80833
26.6,36,106,4.80833
26.6,37,109,4.80833
26.6,38,88,30.1921
26.6,39,101,30.1921
26.6,40,94,30.1921
26.6,41,120,4.80833
26.6,42,105,4.80833
26.6,43,123,4.80833
26.6,44,120,30.1921
26.6,45,123,30.1921
26.6,46,116,4.80833
26.6,47,112,4.80833
26.6,48,109,4.80833
26.6,49,98,30.1921
26.6,50,112,30.1921
26.6,51,105,30.1921
26.6,52,121,4.80833
26.6,53,130,4.80833
26.6,54,124,4.80833
26.6,55,128,4.80833
26.6,56,121,30.1921
26.6,57,125,30.1921
26.6,58,112,4.80833
26.6,59,90,30.1921
26.6,60,91,30.1921
26.6,61,115,4.80833
26.6,62,127,30.1921
26.6,63,124,30.1921
26.6,64,131,4.80833
26.6,65,128,4.80833
26.6,66,127,4.80833
26.6,67,122,4.80833
26.6,68,103,30.1921
26.6,69,112,30.1921
26.6,70,103,30.1921
26.6,71,119,4.80833
26.6,72,116,4.80833
26.6,73,126,4.80833
26.6,74,130,30.1921
26.6,75,129,30.1921
26.6,76,127,4.80833
26.6,77,111,4.80833
26.6,78,121,4.80833
26.6,79,100,30.1921
26.6,80,110,30.1921
26.6,81,98,30.1921
26.6,82,119,4.80833
26.6,83,118,4.80833
26.6,84,126,4.80833
26.6,85,121,4.80833
26.6,86,119,30.1921
26.6,87,119,30.1921
26.6,88,110,4.80833
26.6,89,82,30.1921
26.6,90,84,30.1921
26.6,91,98,4.80833
26.6,92,115,30.1921
26.6,93,107,30.1921
26.6,94,118,4.80833
26.6,95,108,4.80833
26.6,96,120,4.80833
26.6,97,105,4.80833
26.6,98,94,30.1921
26.6,99,96,30.1921
26.6,100,85,30.1921
26.6,101,92,4.80833
26.6,102,98,4.80833
26.6,103,98,4.80833
26.6,104,107,30.1921
26.6,105,102,30.1921
26.6,106,107,4.80833
26.6,107,88,4.80833
26.6,108,104,4.80833
26.6,109,78,30.1921
26.6,110,85,30.1921
26.6,111,72,30.1921
26.6,112,92,4.80833
26.6,113,88,4.80833
26.6,114,98,4.80833
26.6,115,91,4.80833
26.6,116,93,30.1921
26.6,117,89,30.1921
26.6,118,87,4.80833
26.6,119,60,30.1921
26.6,120,61,30.1921
26.6,121,69,30.1921
26.6,122,85,30.1921
26.6,123,77,30.761
26.6,124,88,4.80833
26.6,125,78,30.761
26.6,126,90,4.80833
26.6,127,75,33.4
26.6,128,69,30.1921
26.6,129,68,33.4
26.6,130,59,30.1921
26.6,131,62,30.761
26.8,0,50,40.2274
26.8,1,76,4.52548
26.8,2,77,33.2
26.8,3,81,30.1702
26.8,4,78,33.2
26.8,5,86,4.52548
26.8,6,76,30.6751
26.8,7,80,4.52548
26.8,8,61,35.7099
26.8,9,73,30.1702
26.8,10,67,30.1702
26.8,11,92,4.52548
26.8,12,76,4.52548
26.8,13,95,4.52548
26.8,14,90,30.1702
26.8,15,95,30.1702
26.8,16,86,4.52548
26.8,17,86,4.52548
26.8,18,80,4.52548
26.8,19,75,30.1702
26.8,20,86,30.1702
26.8,21,86,30.1702
26.8,22,92,4.52548
26.8,23,108,4.52548
26.8,24,95,4.52548
26.8,25,106,4.52548
26.8,26,95,30.1702
26.8,27,103,30.1702
26.8,28,86,4.52548
26.8,29,75,30.1702
26.8,30,74,30.1702
26.8,31,104,4.52548
26.8,32,107,30.1702
26.8,33,111,30.1702
26.8,34,108,4.52548
26.8,35,116,4.52548
26.8,36,106,4.52548
26.8,37,109,4.52548
26.8,38,88,30.1702
26.8,39,101,30.1702
26.8,40,93,30.1702
26.8,41,120,4.52548
26.8,42,104,4.52548
26.8,43,123,4.52548
26.8,44,120,30.1702
26.8,45,123,30.1702
26.8,46,116,4.52548
26.8,47,112,4.52548
26.8,48,109,4.52548
26.8,49,98,30.1702
26.8,50,112,30.1702
26.8,51,105,30.1702
26.8,52,120,4.52548
26.8,53,130,4.52548
26.8,54,123,4.52548
26.8,55,127,4.52548
26.8,56,121,30.1702
26.8,57,125,30.1702
26.8,58,112,4.52548
26.8,59,89,30.1702
26.8,60,90,30.1702
26.8,61,115,4.52548
26.8,62,127,30.1702
26.8,63,124,30.1702
26.8,64,130,4.52548
26.8,65,127,4.52548
26.8,66,127,4.52548
26.8,67,121,4.52548
26.8,68,103,30.1702
26.8,69,112,30.1702
26.8,70,102,30.1702
26.8,71,119,4.52548
26.8,72,115,4.52548
26.8,73,126,4.52548
26.8,74,130,30.1702
26.8,75,129,30.1702
26.8,76,127,4.52548
26.8,77,110,4.52548
26.8,78,121,4.52548
26.8,79,99,30.1702
26.8,80,110,30.1702
26.8,81,98,30.1702
26.8,82,119,4.52548
26.8,83,118,4.52548
26.8,84,126,4.52548
26.8,85,120,4.52548
26.8,86,119,30.1702
26.8,87,119,30.1702
26.8,88,110,4.52548
26.8,89,81,30.1702
26.8,90,84,30.1702
26.8,91,98,4.52548
26.8,92,115,30.1702
26.8,93,107,30.1702
26.8,94,118,4.52548
26.8,95,107,4.52548
26.8,96,120,4.52548
26.8,97,104,4.52548
26.8,98,94,30.1702
26.8,99,96,30.1702
26.8,100,85,30.1702
26.8,101,92,4.52548
26.8,102,98,4.52548
26.8,103,98,4.52548
26.8,104,107,30.1702
26.8,105,102,30.1702
26.8,106,107,4.52548
26.8,107,87,4.52548
26.8,108,104,4.52548
26.8,109,77,30.1702
26.8,110,85,30.1702
26.8,111,72,30.1702
26.8,112,92,4.52548
26.8,113,88,4.52548
26.8,114,98,4.52548
26.8,115,90,4.52548
26.8,116,93,30.1702
26.8,117,89,30.1702
26.8,118,87,4.52548
26.8,119,59,30.1702
26.8,120,61,30.1702
26.8,121,69,30.1702
26.8,122,85,30.1702
26.8,123,77,30.6751
26.8,124,88,4.52548
26.8,125,77,30.6751
26.8,126,90,4.52548
26.8,127,74,33.2
26.8,128,69,30.1702
26.8,129,68,33.2
26.8,130,59,30.1702
26.8,131,62,30.6751
27,0,50,40.3609
27,1,76,4.24264
27,2,77,33
27,3,81,30.1496
27,4,78,33
27,5,86,4.24264
27,6,76,30.5941
27,7,80,4.24264
27,8,61,36.1248
27,9,73,30.1496
27,10,67,30.1496
27,11,92,4.24264
27,12,76,4.24264
27,13,95,4.24264
27,14,90,30.1496
27,15,95,30.1496
27,16,86,4.24264
27,17,86,4.24264
27,18,80,4.24264
27,19,75,30.1496
27,20,86,30.1496
27,21,86,30.1496
27,22,92,4.24264
27,23,108,4.24264
27,24,95,4.24264
27,25,106,4.24264
27,26,95,30.1496
27,27,103,30.1496
27,28,86,4.24264
27,29,75,30.1496
27,30,74,30.1496
27,31,104,4.24264
27,32,107,30.1496
27,33,111,30.1496
27,34,108,4.24264
27,35,116,4.24264
27,36,106,4.24264
27,37,109,4.24264
27,38,88,30.1496
27,39,101,30.1496
27,40,93,30.1496
27,41,120,4.24264
27,42,104,4.24264
27,43,123,4.24264
27,44,120,30.1496
27,45,123,30.1496
27,46,116,4.24264
27,47,112,4.24264
27,48,109,4.24264
27,49,98,30.1496
27,50,112,30.1496
27,51,105,30.1496
27,52,120,4.24264
27,53,130,4.24264
27,54,123,4.24264
27,55,127,4.24264
27,56,121,30.1496
27,57,125,30.1496
27,58,112,4.24264
27,59,89,30.1496
27,60,90,30.1496
27,61,115,4.24264
27,62,127,30.1496
27,63,124,30.1496
27,64,130,4.24264
27,65,127,4.24264
27,66,127,4.24264
27,67,121,4.24264
27,68,103,30.1496
27,69,112,30.1496
27,70,102,30.1496
27,71,119,4.24264
27,72,115,4.24264
27,73,126,4.24264
27,74,130,30.1496
27,75,129,30.1496
27,76,127,4.24264
27,77,110,4.24264
27,78,121,4.24264
27,79,99,30.1496
27,80,110,30.1496
27,81,98,30.1496
27,82,119,4.24264
27,83,118,4.24264
27,84,126,4.24264
27,85,120,4.24264
27,86,119,30.1496
27,87,119,30.1496
27,88,110,4.24264
27,89,81,30.1496
27,90,84,30.1496
27,91,98,4.24264
27,92,115,30.1496
27,93,107,30.1496
27,94,118,4.24264
27,95,107,4.24264
27,96,120,4.24264
27,97,104,4.24264
27,98,94,30.1496
27,99,96,30.1496
27,100,85,30.1496
27,101,92,4.24264
27,102,98,4.24264
27,103,98,4.24264
27,104,107,30.1496
27,105,102,30.1496
27,106,107,4.24264
27,107,87,4.24264
27,108,104,4.24264
27,109,77,30.1496
27,110,85,30.1496
27,111,72,30.1496
27,112,92,4.24264
27,113,88,4.24264
27,114,98,4.24264
27,115,90,4.24264
27,116,93,30.1496
27,117,89,30.1496
27,118,87,4.24264
27,119,59,30.1496
27,120,61,30.1496
27,121,69,30.1496
27,122,85,30.1496
27,123,77,30.5941
27,124,88,4.24264
27,125,77,30.5941
27,126,90,4.24264
27,127,74,33
27,128,69,30.1496
27,129,68,33
27,130,59,30.1496
27,131,62,30.5941
27.2,0,50,40.4949
27.2,1,76,3.9598
27.2,2,77,32.8
27.2,3,81,30.1304
27.2,4,78,32.8
27.2,5,86,3.9598
27.2,6,76,30.5182
27.2,7,80,3.9598
27.2,8,61,36.5404
27.2,9,73,30.1304
27.2,10,67,30.1304
27.2,11,92,3.9598
27.2,12,76,3.9598
27.2,13,95,3.9598
27.2,14,90,30.1304
27.2,15,95,30.1304
27.2,16,86,3.9598
27.2,17,86,3.9598
27.2,18,80,3.9598
27.2,19,75,30.1304
27.2,20,86,30.1304
27.2,21,86,30.1304
27.2,22,92,3.9598
27.2,23,108,3.9598
27.2,24,95,3.9598
27.2,25,106,3.9598
27.2,26,95,30.1304
27.2,27,103,30.1304
27.2,28,86,3.9598
27.2,29,75,30.1304
27.2,30,74,30.1304
27.2,31,104,3.9598
27.2,32,107,30.1304
27.2,33,111,30.1304
27.2,34,108,3.9598
27.2,35,116,3.9598
27.2,36,106,3.9598
27.2,37,109,3.9598
27.2,38,88,30.1304
27.2,39,101,30.1304
27.2,40,93,30.1304
27.2,41,120,3.9598
27.2,42,104,3.9598
27.2,43,123,3.9598
27.2,44,120,30.1304
27.2,45,123,30.1304
27.2,46,116,3.9598
27.2,47,112,3.9598
27.2,48,109,3.9598
27.2,49,98,30.1304
27.2,50,112,30.1304
27.2,51,105,30.1304
27.2,52,120,3.9598
27.2,53,130,3.9598
27.2,54,123,3.9598
27.2,55,127,3.9598
27.2,56,121,30.1304
27.2,57,125,30.1304
27.2,58,112,3.9598
27.2,59,89,30.1304
27.2,60,90,30.1304
27.2,61,115,3.9598
27.2,62,127,30.1304
27.2,63,124,30.1304
27.2,64,130,3.9598
27.2,65,127,3.9598
27.2,66,127,3.9598
27.2,67,121,3.9598
27.2,68,103,30.1304
27.2,69,112,30.1304
27.2,70,102,30.1304
27.2,71,119,3.9598
27.2,72,115,3.9598
27.2,73,126,3.9598
27.2,74,130,30.1304
27.2,75,129,30.1304
27.2,76,127,3.9598
27.2,77,110,3.9598
27.2,78,121,3.9598
27.2,79,99,30.1304
27.2,80,110,30.1304
27.2,81,98,30.1304
27.2,82,119,3.9598
27.2,83,118,3.9598
27.2,84,126,3.9598
27.2,85,120,3.9598
27.2,86,119,30.1304
27.2,87,119,30.1304
27.2,88,110,3.9598
27.2,89,81,30.1304
27.2,90,84,30.1304
27.2,91,98,3.9598
27.2,92,115,30.1304
27.2,93,107,30.1304
27.2,94,118,3.9598
27.2,95,107,3.9598
27.2,96,120,3.9598
27.2,97,104,3.9598
27.2,98,94,30.1304
27.2,99,96,30.1304
27.2,100,85,30.1304
27.2,101,92,3.9598
27.2,102,98,3.9598
27.2,103,98,3.9598
27.2,104,107,30.1304
27.2,105,102,30.1304
27.2,106,107,3.9598
27.2,107,87,3.9598
27.2,108,104,3.9598
27.2,109,77,30.1304
27.2,110,85,30.1304
27.2,111,72,30.1304
27.2,112,92,3.9598
27.2,113,88,3.9598
27.2,114,98,3.9598
27.2,115,90,3.9598
27.2,116,93,30.1304
27.2,117,89,30.1304
27.2,118,87,3.9598
27.2,119,59,30.1304
27.2,120,61,30.1304
27.2,121,69,30.1304
27.2,122,85,30.1304
27.2,123,77,30.5182
27.2,124,88,3.9598
27.2,125,77,30.5182
27.2,126,90,3.9598
27.2,127,74,32.8
27.2,128,69,30.1304
27.2,129,68,32.8
27.2,130,59,30.1304
27.2,131,62,30.5182
27.4,0,50,40.6295
27.4,1,76,3.67696
27.4,2,77,32.6
27.4,3,81,30.1125
27.4,4,78,32.6
27.4,5,86,3.67696
27.4,6,76,30.4473
27.4,7,80,3.67696
27.4,8,61,36.9567
27.4,9,73,30.1125
27.4,10,67,30.1125
27.4,11,92,3.67696
27.4,12,76,3.67696
27.4,13,95,3.67696
27.4,14,90,30.1125
27.4,15,95,30.1125
27.4,16,86,3.67696
27.4,17,86,3.67696
27.4,18,80,3.67696
27.4,19,75,30.1125
27.4,20,86,30.1125
27.4,21,86,30.1125
27.4,22,92,3.67696
27.4,23,108,3.67696
27.4,24,95,3.67696
27.4,25,106,3.67696
27.4,26,95,30.1125
27.4,27,103,30.1125
27.4,28,86,3.67696
27.4,29,75,30.1125
27.4,30,74,30.1125
27.4,31,104,3.67696
27.4,32,107,30.1125
27.4,33,111,30.1125
27.4,34,108,3.67696
27.4,35,116,3.67696
27.4,36,106,3.67696
27.4,37,109,3.67696
27.4,38,88,30.1125
27.4,39,101,30.1125
27.4,40,93,30.1125
27.4,41,120,3.67696
27.4,42,104,3.67696
27.4,43,123,3.67696
27.4,44,120,30.1125
27.4,45,123,30.1125
27.4,46,116,3.67696
27.4,47,112,3.67696
27.4,48,109,3.67696
27.4,49,98,30.1125
27.4,50,112,30.1125
27.4,51,105,30.1125
27.4,52,120,3.67696
27.4,53,130,3.67696
27.4,54,123,3.67696
27.4,55,127,3.67696
27.4,56,121,30.1125
27.4,57,125,30.1125
27.4,58,112,3.67696
27.4,59,89,30.1125
27.4,60,90,30.1125
27.4,61,115,3.67696
27.4,62,127,30.1125
27.4,63,124,30.1125
27.4,64,130,3.67696
27.4,65,127,3.67696
27.4,66,127,3.67696
27.4,67,121,3.67696
27.4,68,103,30.1125
27.4,69,112,30.1125
27.4,70,102,30.1125
27.4,71,119,3.67696
27.4,72,115,3.67696
27.4,73,126,3.67696
27.4,74,130,30.1125
27.4,75,129,30.1125
27.4,76,127,3.67696
27.4,77,110,3.67696
27.4,78,121,3.67696
27.4,79,99,30.1125
27.4,80,110,30.1125
27.4,81,98,30.1125
27.4,82,119,3.67696
27.4,83,118,3.67696
27.4,84,126,3.67696
27.4,85,120,3.67696
27.4,86,119,30.1125
27.4,87,119,30.1125
27.4,88,110,3.67696
27.4,89,81,30.1125
27.4,90,84,30.1125
27.4,91,98,3.67696
27.4,92,115,30.1125
27.4,93,107,30.1125
27.4,94,118,3.67696
27.4,95,107,3.67696
27.4,96,120,3.67696
27.4,97,104,3.67696
27.4,98,94,30.1125
27.4,99,96,30.1125
27.4,100,85,30.1125
27.4,101,92,3.67696
27.4,102,98,3.67696
27.4,103,98,3.67696
27.4,104,107,30.1125
27.4,105,102,30.1125
27.4,106,107,3.67696
27.4,107,87,3.67696
27.4,108,104,3.67696
27.4,109,77,30.1125
27.4,110,85,30.1125
27.4,111,72,30.1125
27.4,112,92,3.67696
27.4,113,88,3.67696
27.4,114,98,3.67696
27.4,115,90,3.67696
27.4,116,93,30.1125
27.4,117,89,30.1125
27.4,118,87,3.67696
27.4,119,59,30.1125
27.4,120,61,30.1125
27.4,121,69,30.1125
27.4,122,85,30.1125
27.4,123,77,30.4473
27.4,124,88,3.67696
27.4,125,77,30.4473
27.4,126,90,3.67696
27.4,127,74,32.6
27.4,128,69,30.1125
27.4,129,68,32.6
27.4,130,59,30.1125
27.4,131,62,30.4473
27.6,0,50,40.7647
27.6,1,76,3.39411
27.6,2,77,32.4
27.6,3,81,30.0958
27.6,4,78,32.4
27.6,5,86,3.39411
27.6,6,76,30.3816
27.6,7,80,3.39411
27.6,8,61,37.3738
27.6,9,73,30.0958
27.6,10,67,30.0958
27.6,11,92,3.39411
27.6,12,76,3.39411
27.6,13,95,3.39411
27.6,14,90,30.0958
27.6,15,95,30.0958
27.6,16,86,3.39411
27.6,17,86,3.39411
27.6,18,80,3.39411
27.6,19,75,30.0958
27.6,20,86,30.0958
27.6,21,86,30.0958
27.6,22,92,3.39411
27.6,23,108,3.39411
27.6,24,95,3.39411
27.6,25,106,3.39411
27.6,26,95,30.0958
27.6,27,103,30.0958
27.6,28,86,3.39411
27.6,29,75,30.0958
27.6,30,74,30.0958
27.6,31,104,3.39411
27.6,32,107,30.0958
27.6,33,111,30.0958
27.6,34,108,3.39411
27.6,35,116,3.39411
27.6,36,106,3.39411
27.6,37,109,3.39411
27.6,38,88,30.0958
27.6,39,101,30.0958
27.6,40,93,30.0958
27.6,41,120,3.39411
27.6,42,104,3.39411
27.6,43,123,3.39411
27.6,44,120,30.0958
27.6,45,123,30.0958
27.6,46,116,3.39411
27.6,47,112,3.39411
27.6,48,109,3.39411
27.6,49,98,30.0958
27.6,50,112,30.0958
27.6,51,105,30.0958
27.6,52,120,3.39411
27.6,53,130,3.39411
27.6,54,123,3.39411
27.6,55,127,3.39411
27.6,56,121,30.0958
27.6,57,125,30.0958
27.6,58,112,3.39411
27.6,59,89,30.0958
27.6,60,90,30.0958
27.6,61,115,3.39411
27.6,62,127,30.0958
27.6,63,124,30.0958
27.6,64,130,3.39411
27.6,65,127,3.39411
27.6,66,127,3.39411
27.6,67,121,3.39411
27.6,68,103,30.0958
27.6,69,112,30.0958
27.6,70,102,30.0958
27.6,71,119,3.39411
27.6,72,115,3.39411
27.6,73,126,3.39411
27.6,74,130,30.0958
27.6,75,129,30.0958
27.6,76,127,3.39411
27.6,77,110,3.39411
27.6,78,121,3.39411
27.6,79,99,30.0958
27.6,80,110,30.0958
27.6,81,98,30.0958
27.6,82,119,3.39411
27.6,83,118,3.39411
27.6,84,126,3.39411
27.6,85,120,3.39411
27.6,86,119,30.0958
27.6,87,119,30.0958
27.6,88,110,3.39411
27.6,89,81,30.0958
27.6,90,84,30.0958
27.6,91,98,3.39411
27.6,92,115,30.0958
27.6,93,107,30.0958
27.6,94,118,3.39411
27.6,95,107,3.39411
27.6,96,120,3.39411
27.6,97,104,3.39411
27.6,98,94,30.0958
27.6,99,96,30.0958
27.6,100,85,30.0958
27.6,101,92,3.39411
27.6,102,98,3.39411
27.6,103,98,3.39411
27.6,104,107,30.0958
27.6,105,102,30.0958
27.6,106,107,3.39411
27.6,107,87,3.39411
27.6,108,104,3.39411
27.6,109,77,30.0958
27.6,110,85,30.0958
27.6,111,72,30.0958
27.6,112,92,3.39411
27.6,113,88,3.39411
27.6,114,98,3.39411
27.6,115,90,3.39411
27.6,116,93,30.0958
27.6,117,89,30.0958
27.6,118,87,3.39411
27.6,119,59,30.0958
27.6,120,61,30.0958
27.6,121,69,30.0958
27.6,122,85,30.0958
27.6,123,77,30.3816
27.6,124,88,3.39411
27.6,125,77,30.3816
27.6,126,90,3.39411
27.6,127,74,32.4
27.6,128,69,30.0958
27.6,129,68,32.4
27.6,130,59,30.0958
27.6,131,62,30.3816
27.8,0,50,40.9004
27.8,1,76,3.11127
27.8,2,77,32.2
27.8,3,81,30.0806
27.8,4,78,32.2
27.8,5,86,3.11127
27.8,6,76,30.3209
27.8,7,80,3.11127
27.8,8,61,37.7915
27.8,9,73,30.0806
27.8,10,67,30.0806
27.8,11,92,3.11127
27.8,12,76,3.11127
27.8,13,95,3.11127
27.8,14,90,30.0806
27.8,15,95,30.0806
27.8,16,86,3.11127
27.8,17,86,3.11127
27.8,18,80,3.11127
27.8,19,75,30.0806
27.8,20,86,30.0806
27.8,21,86,30.0806
27.8,22,92,3.11127
27.8,23,108,3.11127
27.8,24,95,3.11127
27.8,25,106,3.11127
27.8,26,95,30.0806
27.8,27,103,30.0806
27.8,28,86,3.11127
27.8,29,75,30.0806
27.8,30,74,30.0806
27.8,31,104,3.11127
27.8,32,107,30.0806
27.8,33,111,30.0806
27.8,34,108,3.11127
27.8,35,116,3.11127
27.8,36,106,3.11127
27.8,37,109,3.11127
27.8,38,88,30.0806
27.8,39,101,30.0806
27.8,40,93,30.0806
27.8,41,120,3.11127
27.8,42,104,3.11127
27.8,43,123,3.11127
27.8,44,120,30.0806
27.8,45,123,30.0806
27.8,46,116,3.11127
27.8,47,112,3.11127
27.8,48,109,3.11127
27.8,49,98,30.0806
27.8,50,112,30.0806
27.8,51,105,30.0806
27.8,52,120,3.11127
27.8,53,130,3.11127
27.8,54,123,3.11127
27.8,55,127,3.11127
27.8,56,121,30.0806
27.8,57,125,30.0806
27.8,58,112,3.11127
27.8,59,89,30.0806
27.8,60,90,30.0806
27.8,61,115,3.11127
27.8,62,127,30.0806
27.8,63,124,30.0806
27.8,64,130,3.11127
27.8,65,127,3.11127
27.8,66,127,3.11127
27.8,67,121,3.11127
27.8,68,103,30.0806
27.8,69,112,30.0806
27.8,70,102,30.0806
27.8,71,119,3.11127
27.8,72,115,3.11127
27.8,73,126,3.11127
27.8,74,130,30.0806
27.8,75,129,30.0806
27.8,76,127,3.11127
27.8,77,110,3.11127
27.8,78,121,3.11127
27.8,79,99,30.0806
27.8,80,110,30.0806
27.8,81,98,30.0806
27.8,82,119,3.11127
27.8,83,118,3.11127
27.8,84,126,3.11127
27.8,85,120,3.11127
27.8,86,119,30.0806
27.8,87,119,30.0806
27.8,88,110,3.11127
27.8,89,81,30.0806
27.8,90,84,30.0806
27.8,91,98,3.11127
27.8,92,115,30.0806
27.8,93,107,30.0806
27.8,94,118,3.11127
27.8,95,107,3.11127
27.8,96,120,3.11127
27.8,97,104,3.11127
27.8,98,94,30.0806
27.8,99,96,30.0806
27.8,100,85,30.0806
27.8,101,92,3.11127
27.8,102,98,3.11127
27.8,103,98,3.11127
27.8,104,107,30.0806
27.8,105,102,30.0806
27.8,106,107,3.11127
27.8,107,87,3.11127
27.8,108,104,3.11127
27.8,109,77,30.0806
27.8,110,85,30.0806
27.8,111,72,30.0806
27.8,112,92,3.11127
27.8,113,88,3.11127
27.8,114,98,3.11127
27.8,115,90,3.11127
27.8,116,93,30.0806
27.8,117,89,30.0806
27.8,118,87,3.11127
27.8,119,59,30.0806
27.8,120,61,30.0806
27.8,121,69,30.0806
27.8,122,85,30.0806
27.8,123,77,30.3209
27.8,124,88,3.11127
27.8,125,77,30.3209
27.8,126,90,3.11127
27.8,127,74,32.2
27.8,128,69,30.0806
27.8,129,68,32.2
27.8,130,59,30.0806
27.8,131,62,30.3209
28,0,50,41.0366
28,1,76,2.82843
28,2,77,32
28,3,81,30.0666
28,4,78,32
28,5,86,2.82843
28,6,76,30.2655
28,7,80,2.82843
28,8,61,38.2099
28,9,73,30.0666
28,10,67,30.0666
28,11,92,2.82843
28,12,76,2.82843
28,13,95,2.82843
28,14,90,30.0666
28,15,95,30.0666
28,16,86,2.82843
28,17,86,2.82843
28,18,80,2.82843
28,19,75,30.0666
28,20,86,30.0666
28,21,86,30.0666
28,22,92,2.82843
28,23,108,2.82843
28,24,95,2.82843
28,25,106,2.82843
28,26,95,30.0666
28,27,103,30.0666
28,28,86,2.82843
28,29,75,30.0666
28,30,74,30.0666
28,31,104,2.82843
28,32,107,30.0666
28,33,111,30.0666
28,34,108,2.82843
28,35,116,2.82843
28,36,106,2.82843
28,37,109,2.82843
28,38,88,30.0666
28,39,101,30.0666
28,40,93,30.0666
28,41,120,2.82843
28,42,104,2.82843
28,43,123,2.82843
28,44,120,30.0666
28,45,123,30.0666
28,46,116,2.82843
28,47,112,2.82843
28,48,109,2.82843
28,49,98,30.0666
28,50,112,30.0666
28,51,105,30.0666
28,52,120,2.82843
28,53,130,2.82843
28,54,123,2.82843
28,55,127,2.82843
28,56,121,30.0666
28,57,125,30.0666
28,58,112,2.82843
28,59,89,30.0666
28,60,90,30.0666
28,61,115,2.82843
28,62,127,30.0666
28,63,124,30.0666
28,64,130,2.82843
28,65,127,2.82843
28,66,127,2.82843
28,67,121,2.82843
28,68,103,30.0666
28,69,112,30.0666
28,70,102,30.0666
28,71,119,2.82843
28,72,115,2.82843
28,73,126,2.82843
28,74,130,30.0666
28,75,129,30.0666
28,76,127,2.82843
28,77,110,2.82843
28,78,121,2.82843
28,79,99,30.0666
28,80,110,30.0666
28,81,98,30.0666
28,82,119,2.82843
28,83,118,2.82843
28,84,126,2.82843
28,85,120,2.82843
28,86,119,30.0666
28,87,119,30.0666
28,88,110,2.82843
28,89,81,30.0666
28,90,84,30.0666
28,91,98,2.82843
28,92,115,30.0666
28,93,107,30.0666
28,94,118,2.82843
28,95,107,2.82843
28,96,120,2.82843
28,97,104,2.82843
28,98,94,30.0666
28,99,96,30.0666
28,100,85,30.0666
28,101,92,2.82843
28,102,98,2.82843
28,103,98,2.82843
28,104,107,30.0666
28,105,102,30.0666
28,106,107,2.82843
28,107,87,2.82843
28,108,104,2.82843
28,109,77,30.0666
28,110,85,30.0666
28,111,72,30.0666
28,112,92,2.82843
28,113,88,2.82843
28,114,98,2.82843
28,115,90,2.82843
28,116,93,30.0666
28,117,89,30.0666
28,118,87,2.82843
28,119,59,30.0666
28,120,61,30.0666
28,121,69,30.0666
28,122,85,30.0666
28,123,77,30.2655
28,124,88,2.82843
28,125,77,30.2655
28,126,90,2.82843
28,127,74,32
28,128,69,30.0666
28,129,68,32
28,130,59,30.0666
28,131,62,30.2655
28.2,0,50,41.1733
28.2,1,76,2.54558
28.2,2,77,31.8
28.2,3,81,30.054
28.2,4,78,31.8
28.2,5,86,2.54558
28.2,6,76,30.2152
28.2,7,80,2.54558
28.2,8,61,38.629
28.2,9,73,30.054
28.2,10,67,30.054
28.2,11,92,2.54558
28.2,12,76,2.54558
28.2,13,95,2.54558
28.2,14,90,30.054
28.2,15,95,30.054
28.2,16,86,2.54558
28.2,17,86,2.54558
28.2,18,80,2.54558
28.2,19,75,30.054
28.2,20,86,30.054
28.2,21,86,30.054
28.2,22,92,2.54558
28.2,23,108,2.54558
28.2,24,95,2.54558
28.2,25,106,2.54558
28.2,26,95,30.054
28.2,27,103,30.054
28.2,28,86,2.54558
28.2,29,75,30.054
28.2,30,74,30.054
28.2,31,104,2.54558
28.2,32,107,30.054
28.2,33,111,30.054
28.2,34,108,2.54558
28.2,35,116,2.54558
28.2,36,106,2.54558
28.2,37,109,2.54558
28.2,38,88,30.054
28.2,39,101,30.054
28.2,40,93,30.054
28.2,41,120,2.54558
28.2,42,104,2.54558
28.2,43,123,2.54558
28.2,44,120,30.054
28.2,45,123,30.054
28.2,46,116,2.54558
28.2,47,112,2.54558
28.2,48,109,2.54558
28.2,49,98,30.054
28.2,50,112,30.054
28.2,51,105,30.054
28.2,52,120,2.54558
28.2,53,130,2.54558
28.2,54,123,2.54558
28.2,55,127,2.54558
28.2,56,121,30.054
28.2,57,125,30.054
28.2,58,112,2.54558
28.2,59,89,30.054
28.2,60,90,30.054
28.2,61,115,2.54558
28.2,62,127,30.054
28.2,63,124,30.054
28.2,64,130,2.54558
28.2,65,127,2.54558
28.2,66,127,2.54558
28.2,67,121,2.54558
28.2,68,103,30.054
28.2,69,112,30.054
28.2,70,102,30.054
28.2,71,119,2.54558
28.2,72,115,2.54558
28.2,73,126,2.54558
28.2,74,130,30.054
28.2,75,129,30.054
28.2,76,127,2.54558
28.2,77,110,2.54558
28.2,78,121,2.54558
28.2,79,99,30.054
28.2,80,110,30.054
28.2,81,98,30.054
28.2,82,119,2.54558
28.2,83,118,2.54558
28.2,84,126,2.54558
28.2,85,120,2.54558
28.2,86,119,30.054
28.2,87,119,30.054
28.2,88,110,2.54558
28.2,89,81,30.054
28.2,90,84,30.054
28.2,91,98,2.54558
28.2,92,115,30.054
28.2,93,107,30.054
28.2,94,118,2.54558
28.2,95,107,2.54558
28.2,96,120,2.54558
28.2,97,104,2.54558
28.2,98,94,30.054
28.2,99,96,30.054
28.2,100,85,30.054
28.2,101,92,2.54558
28.2,102,98,2.54558
28.2,103,98,2.54558
28.2,104,107,30.054
28.2,105,102,30.054
28.2,106,107,2.54558
28.2,107,87,2.54558
28.2,108,104,2.54558
28.2,109,77,30.054
28.2,110,85,30.054
28.2,111,72,30.054
28.2,112,92,2.54558
28.2,113,88,2.54558
28.2,114,98,2.54558
28.2,115,90,2.54558
28.2,116,93,30.054
28.2,117,89,30.054
28.2,118,87,2.54558
28.2,119,59,30.054
28.2,120,61,30.054
28.2,121,69,30.054
28.2,122,85,30.054
28.2,123,77,30.2152
28.2,124,88,2.54558
28.2,125,77,30.2152
28.2,126,90,2.54558
28.2,127,74,31.8
28.2,128,69,30.054
28.2,129,68,31.8
28.2,130,59,30.054
28.2,131,62,30.2152
28.4,0,50,41.3105
28.4,1,76,2.26274
28.4,2,77,31.6
28.4,3,81,30.0426
28.4,4,78,31.6
28.4,5,86,2.26274
28.4,6,76,30.1702
28.4,7,80,2.26274
28.4,8,61,39.0487
28.4,9,73,30.0426
28.4,10,67,30.0426
28.4,11,92,2.26274
28.4,12,76,2.26274
28.4,13,95,2.26274
28.4,14,90,30.0426
28.4,15,95,30.0426
28.4,16,86,2.26274
28.4,17,86,2.26274
28.4,18,80,2.26274
28.4,19,75,30.0426
28.4,20,86,30.0426
28.4,21,86,30.0426
28.4,22,92,2.26274
28.4,23,108,2.26274
28.4,24,95,2.26274
28.4,25,106,2.26274
28.4,26,95,30.0426
28.4,27,103,30.0426
28.4,28,86,2.26274
28.4,29,75,30.0426
28.4,30,74,30.0426
28.4,31,104,2.26274
28.4,32,107,30.0426
28.4,33,111,30.0426
28.4,34,108,2.26274
28.4,35,116,2.26274
28.4,36,106,2.26274
28.4,37,109,2.26274
28.4,38,88,30.0426
28.4,39,101,30.0426
28.4,40,93,30.0426
28.4,41,120,2.26274
28.4,42,104,2.26274
28.4,43,123,2.26274
28.4,44,120,30.0426
28.4,45,123,30.0426
28.4,46,116,2.26274
28.4,47,112,2.26274
28.4,48,109,2.26274
28.4,49,98,30.0426
28.4,50,112,30.0426
28.4,51,105,30.0426
28.4,52,120,2.26274
28.4,53,130,2.26274
28.4,54,123,2.26274
28.4,55,127,2.26274
28.4,56,121,30.0426
28.4,57,125,30.0426
28.4,58,112,2.26274
28.4,59,89,30.0426
28.4,60,90,30.0426
28.4,61,115,2.26274
28.4,62,127,30.0426
28.4,63,124,30.0426
28.4,64,130,2.26274
28.4,65,127,2.26274
28.4,66,127,2.26274
28.4,67,121,2.26274
28.4,68,103,30.0426
28.4,69,112,30.0426
28.4,70,102,30.0426
28.4,71,119,2.26274
28.4,72,115,2.26274
28.4,73,126,2.26274
28.4,74,130,30.0426
28.4,75,129,30.0426
28.4,76,127,2.26274
28.4,77,110,2.26274
28.4,78,121,2.26274
28.4,79,99,30.0426
28.4,80,110,30.0426
28.4,81,98,30.0426
28.4,82,119,2.26274
28.4,83,118,2.26274
28.4,84,126,2.26274
28.4,85,120,2.26274
28.4,86,119,30.0426
28.4,87,119,30.0426
28.4,88,110,2.26274
28.4,89,81,30.0426
28.4,90,84,30.0426
28.4,91,98,2.26274
28.4,92,115,30.0426
28.4,93,107,30.0426
28.4,94,118,2.26274
28.4,95,107,2.26274
28.4,96,120,2.26274
28.4,97,104,2.26274
28.4,98,94,30.0426
28.4,99,96,30.0426
28.4,100,85,30.0426
28.4,101,92,2.26274
28.4,102,98,2.26274
28.4,103,98,2.26274
28.4,104,107,30.0426
28.4,105,102,30.0426
28.4,106,107,2.26274
28.4,107,87,2.26274
28.4,108,104,2.26274
28.4,109,77,30.0426
28.4,110,85,30.0426
28.4,111,72,30.0426
28.4,112,92,2.26274
28.4,113,88,2.26274
28.4,114,98,2.26274
28.4,115,90,2.26274
28.4,116,93,30.0426
28.4,117,89,30.0426
28.4,118,87,2.26274
28.4,119,59,30.0426
28.4,120,61,30.0426
28.4,121,69,30.0426
28.4,122,85,30.0426
28.4,123,77,30.1702
28.4,124,88,2.26274
28.4,125,77,30.1702
28.4,126,90,2.26274
28.4,127,74,31.6
28.4,128,69,30.0426
28.4,129,68,31.6
28.4,130,59,30.0426
28.4,131,62,30.1702
28.6,0,50,41.4483
28.6,1,76,1.9799
28.6,2,77,31.4
28.6,3,81,30.0326
28.6,4,78,31.4
28.6,5,86,1.9799
28.6,6,76,30.1304
28.6,7,80,1.9799
28.6,8,61,39.469
28.6,9,73,30.0326
28.6,10,67,30.0326
28.6,11,92,1.9799
28.6,12,76,1.9799
28.6,13,95,1.9799
28.6,14,90,30.0326
28.6,15,95,30.0326
28.6,16,86,1.9799
28.6,17,86,1.9799
28.6,18,80,1.9799
28.6,19,75,30.0326
28.6,20,86,30.0326
28.6,21,86,30.0326
28.6,22,92,1.9799
28.6,23,108,1.9799
28.6,24,95,1.9799
28.6,25,106,1.9799
28.6,26,95,30.0326
28.6,27,103,30.0326
28.6,28,86,1.9799
28.6,29,75,30.0326
28.6,30,74,30.0326
28.6,31,104,1.9799
28.6,32,107,30.0326
28.6,33,111,30.0326
28.6,34,108,1.9799
28.6,35,116,1.9799
28.6,36,106,1.9799
28.6,37,109,1.9799
28.6,38,88,30.0326
28.6,39,101,30.0326
28.6,40,93,30.0326
28.6,41,120,1.9799
28.6,42,104,1.9799
28.6,43,123,1.9799
28.6,44,120,30.0326
28.6,45,123,30.0326
28.6,46,116,1.9799
28.6,47,112,1.9799
28.6,48,109,1.9799
28.6,49,98,30.0326
28.6,50,112,30.0326
28.6,51,105,30.0326
28.6,52,120,1.9799
28.6,53,130,1.9799
28.6,54,123,1.9799
28.6,55,127,1.9799
28.6,56,121,30.0326
28.6,57,125,30.0326
28.6,58,112,1.9799
28.6,59,89,30.0326
28.6,60,90,30.0326
28.6,61,115,1.9799
28.6,62,127,30.0326
28.6,63,124,30.0326
28.6,64,130,1.9799
28.6,65,127,1.9799
28.6,66,127,1.9799
28.6,67,121,1.9799
28.6,68,103,30.0326
28.6,69,112,30.0326
28.6,70,102,30.0326
28.6,71,119,1.9799
28.6,72,115,1.9799
28.6,73,126,1.9799
28.6,74,130,30.0326
28.6,75,129,30.0326
28.6,76,127,1.9799
28.6,77,110,1.9799
28.6,78,121,1.9799
28.6,79,99,30.0326
28.6,80,110,30.0326
28.6,81,98,30.0326
28.6,82,119,1.9799
28.6,83,118,1.9799
28.6,84,126,1.9799
28.6,85,120,1.9799
28.6,86,119,30.0326
28.6,87,119,30.0326
28.6,88,110,1.9799
28.6,89,81,30.0326
28.6,90,84,30.0326
28.6,91,98,1.9799
28.6,92,115,30.0326
28.6,93,107,30.0326
28.6,94,118,1.9799
28.6,95,107,1.9799
28.6,96,120,1.9799
28.6,97,104,1.9799
28.6,98,94,30.0326
28.6,99,96,30.0326
28.6,100,85,30.0326
28.6,101,92,1.9799
28.6,102,98,1.9799
28.6,103,98,1.9799
28.6,104,107,30.0326
28.6,105,102,30.0326
28.6,106,107,1.9799
28.6,107,87,1.9799
28.6,108,104,1.9799
28.6,109,77,30.0326
28.6,110,85,30.0326
28.6,111,72,30.0326
28.6,112,92,1.9799
28.6,113,88,1.9799
28.6,114,98,1.9799
28.6,115,90,1.9799
28.6,116,93,30.0326
28.6,117,89,30.0326
28.6,118,87,1.9799
28.6,119,59,30.0326
28.6,120,61,30.0326
28.6,121,69,30.0326
28.6,122,85,30.0326
28.6,123,77,30.1304
28.6,124,88,1.9799
28.6,125,77,30.1304
28.6,126,90,1.9799
28.6,127,74,31.4
28.6,128,69,30.0326
28.6,129,68,31.4
28.6,130,59,30.0326
28.6,131,62,30.1304
28.8,0,50,41.5865
28.8,1,76,1.69706
28.8,2,77,31.2
28.8,3,81,30.024
28.8,4,78,31.2
28.8,5,86,1.69706
28.8,6,76,30.0958
28.8,7,80,1.69706
28.8,8,61,39.8898
28.8,9,73,30.024
28.8,10,67,30.024
28.8,11,92,1.69706
28.8,12,76,1.69706
28.8,13,95,1.69706
28.8,14,90,30.024
28.8,15,95,30.024
28.8,16,86,1.69706
28.8,17,86,1.69706
28.8,18,80,1.69706
28.8,19,75,30.024
28.8,20,86,30.024
28.8,21,86,30.024
28.8,22,92,1.69706
28.8,23,108,1.69706
28.8,24,95,1.69706
28.8,25,106,1.69706
28.8,26,95,30.024
28.8,27,103,30.024
28.8,28,86,1.69706
28.8,29,75,30.024
28.8,30,74,30.024
28.8,31,104,1.69706
28.8,32,107,30.024
28.8,33,111,30.024
28.8,34,108,1.69706
28.8,35,116,1.69706
28.8,36,106,1.69706
28.8,37,109,1.69706
28.8,38,88,30.024
28.8,39,101,30.024
28.8,40,93,30.024
28.8,41,120,1.69706
28.8,42,104,1.69706
28.8,43,123,1.69706
28.8,44,120,30.024
28.8,45,123,30.024
28.8,46,116,1.69706
28.8,47,112,1.69706
28.8,48,109,1.69706
28.8,49,98,30.024
28.8,50,112,30.024
28.8,51,105,30.024
28.8,52,120,1.69706
28.8,53,130,1.69706
28.8,54,123,1.69706
28.8,55,127,1.69706
28.8,56,121,30.024
28.8,57,125,30.024
28.8,58,112,1.69706
28.8,59,89,30.024
28.8,60,90,30.024
28.8,61,115,1.69706
28.8,62,127,30.024
28.8,63,124,30.024
28.8,64,130,1.69706
28.8,65,127,1.69706
28.8,66,127,1.69706
28.8,67,121,1.69706
28.8,68,103,30.024
28.8,69,112,30.024
28.8,70,102,30.024
28.8,71,119,1.69706
28.8,72,115,1.69706
28.8,73,126,1.69706
28.8,74,130,30.024
28.8,75,129,30.024
28.8,76,127,1.69706
28.8,77,110,1.69706
28.8,78,121,1.69706
28.8,79,99,30.024
28.8,80,110,30.024
28.8,81,98,30.024
28.8,82,119,1.69706
28.8,83,118,1.69706
28.8,84,126,1.69706
28.8,85,120,1.69706
28.8,86,119,30.024
28.8,87,119,30.024
28.8,88,110,1.69706
28.8,89,81,30.024
28.8,90,84,30.024
28.8,91,98,1.69706
28.8,92,115,30.024
28.8,93,107,30.024
28.8,94,118,1.69706
28.8,95,107,1.69706
28.8,96,120,1.69706
28.8,97,104,1.69706
28.8,98,94,30.024
28.8,99,96,30.024
28.8,100,85,30.024
28.8,101,92,1.69706
28.8,102,98,1.69706
28.8,103,98,1.69706
28.8,104,107,30.024
28.8,105,102,30.024
28.8,106,107,1.69706
28.8,107,87,1.69706
28.8,108,104,1.69706
28.8,109,77,30.024
28.8,110,85,30.024
28.8,111,72,30.024
28.8,112,92,1.69706
28.8,113,88,1.69706
28.8,114,98,1.69706
28.8,115,90,1.69706
28.8,116,93,30.024
28.8,117,89,30.024
28.8,118,87,1.69706
28.8,119,59,30.024
28.8,120,61,30.024
28.8,121,69,30.024
28.8,122,85,30.024
28.8,123,77,30.0958
28.8,124,88,1.69706
28.8,125,77,30.0958
28.8,126,90,1.69706
28.8,127,74,31.2
28.8,128,69,30.024
28.8,129,68,31.2
28.8,130,59,30.024
28.8,131,62,30.0958
29,0,50,41.7253
29,1,76,1.41421
29,2,77,31
29,3,81,30.0167
29,4,78,31
29,5,86,1.41421
29,6,76,30.0666
29,7,80,1.41421
29,8,61,40.3113
29,9,73,30.0167
29,10,67,30.0167
29,11,92,1.41421
29,12,76,1.41421
29,13,95,1.41421
29,14,90,30.0167
29,15,95,30.0167
29,16,86,1.41421
29,17,86,1.41421
29,18,80,1.41421
29,19,75,30.0167
29,20,86,30.0167
29,21,86,30.0167
29,22,92,1.41421
29,23,108,1.41421
29,24,95,1.41421
29,25,106,1.41421
29,26,95,30.0167
29,27,103,30.0167
29,28,86,1.41421
29,29,75,30.0167
29,30,74,30.0167
29,31,104,1.41421
29,32,107,30.0167
29,33,111,30.0167
29,34,108,1.41421
29,35,116,1.41421
29,36,106,1.41421
29,37,109,1.41421
29,38,88,30.0167
29,39,101,30.0167
29,40,93,30.0167
29,41,120,1.41421
29,42,104,1.41421
29,43,123,1.41421
29,44,120,30.0167
29,45,123,30.0167
29,46,116,1.41421
29,47,112,1.41421
29,48,109,1.41421
29,49,98,30.0167
29,50,112,30.0167
29,51,105,30.0167
29,52,120,1.41421
29,53,130,1.41421
29,54,123,1.41421
29,55,127,1.41421
29,56,121,30.0167
29,57,125,30.0167
29,58,112,1.41421
29,59,89,30.0167
29,60,90,30.0167
29,61,115,1.41421
29,62,127,30.0167
29,63,124,30.0167
29,64,130,1.41421
29,65,127,1.41421
29,66,127,1.41421
29,67,121,1.41421
29,68,103,30.0167
29,69,112,30.0167
29,70,102,30.0167
29,71,119,1.41421
29,72,115,1.41421
29,73,126,1.41421
29,74,130,30.0167
29,75,129,30.0167
29,76,127,1.41421
29,77,110,1.41421
29,78,121,1.41421
29,79,99,30.0167
29,80,110,30.0167
29,81,98,30.0167
29,82,119,1.41421
29,83,118,1.41421
29,84,126,1.41421
29,85,120,1.41421
29,86,119,30.0167
29,87,119,30.0167
29,88,110,1.41421
29,89,81,30.0167
29,90,84,30.0167
29,91,98,1.41421
29,92,115,30.0167
29,93,107,30.0167
29,94,118,1.41421
29,95,107,1.41421
29,96,120,1.41421
29,97,104,1.41421
29,98,94,30.0167
29,99,96,30.0167
29,100,85,30.0167
29,101,92,1.41421
29,102,98,1.41421
29,103,98,1.41421
29,104,107,30.0167
29,105,102,30.0167
29,106,107,1.41421
29,107,87,1.41421
29,108,104,1.41421
29,109,77,30.0167
29,110,85,30.0167
29,111,72,30.0167
29,112,92,1.41421
29,113,88,1.41421
29,114,98,1.41421
29,115,90,1.41421
29,116,93,30.0167
29,117,89,30.0167
29,118,87,1.41421
29,119,59,30.0167
29,120,61,30.0167
29,121,69,30.0167
29,122,85,30.0167
29,123,77,30.0666
29,124,88,1.41421
29,125,77,30.0666
29,126,90,1.41421
29,127,74,31
29,128,69,30.0167
29,129,68,31
29,130,59,30.0167
29,131,62,30.0666
29.2,0,50,41.8645
29.2,1,76,1.13137
29.2,2,77,30.8
29.2,3,81,30.0107
29.2,4,78,30.8
29.2,5,86,1.13137
29.2,6,76,30.0426
29.2,7,80,1.13137
29.2,8,61,40.7333
29.2,9,73,30.0107
29.2,10,67,30.0107
29.2,11,92,1.13137
29.2,12,76,1.13137
29.2,13,95,1.13137
29.2,14,90,30.0107
29.2,15,95,30.0107
29.2,16,86,1.13137
29.2,17,86,1.13137
29.2,18,80,1.13137
29.2,19,75,30.0107
29.2,20,86,30.0107
29.2,21,86,30.0107
29.2,22,92,1.13137
29.2,23,108,1.13137
29.2,24,95,1.13137
29.2,25,106,1.13137
29.2,26,95,30.0107
29.2,27,103,30.0107
29.2,28,86,1.13137
29.2,29,75,30.0107
29.2,30,74,30.0107
29.2,31,104,1.13137
29.2,32,107,30.0107
29.2,33,111,30.0107
29.2,34,108,1.13137
29.2,35,116,1.13137
29.2,36,106,1.13137
29.2,37,109,1.13137
29.2,38,88,30.0107
29.2,39,101,30.0107
29.2,40,93,30.0107
29.2,41,120,1.13137
29.2,42,104,1.13137
29.2,43,123,1.13137
29.2,44,120,30.0107
29.2,45,123,30.0107
29.2,46,116,1.13137
29.2,47,112,1.13137
29.2,48,109,1.13137
29.2,49,98,30.0107
29.2,50,112,30.0107
29.2,51,105,30.0107
29.2,52,120,1.13137
29.2,53,130,1.13137
29.2,54,123,1.13137
29.2,55,127,1.13137
29.2,56,121,30.0107
29.2,57,125,30.0107
29.2,58,112,1.13137
29.2,59,89,30.0107
29.2,60,90,30.0107
29.2,61,115,1.13137
29.2,62,127,30.0107
29.2,63,124,30.0107
29.2,64,130,1.13137
29.2,65,127,1.13137
29.2,66,127,1.13137
29.2,67,121,1.13137
29.2,68,103,30.0107
29.2,69,112,30.0107
29.2,70,102,30.0107
29.2,71,119,1.13137
29.2,72,115,1.13137
29.2,73,126,1.13137
29.2,74,130,30.0107
29.2,75,129,30.0107
29.2,76,127,1.13137
29.2,77,110,1.13137
29.2,78,121,1.13137
29.2,79,99,30.0107
29.2,80,110,30.0107
29.2,81,98,30.0107
29.2,82,119,1.13137
29.2,83,118,1.13137
29.2,84,126,1.13137
29.2,85,120,1.13137
29.2,86,119,30.0107
29.2,87,119,30.0107
29.2,88,110,1.13137
29.2,89,81,30.0107
29.2,90,84,30.0107
29.2,91,98,1.13137
29.2,92,115,30.0107
29.2,93,107,30.0107
29.2,94,118,1.13137
29.2,95,107,1.13137
29.2,96,120,1.13137
29.2,97,104,1.13137
29.2,98,94,30.0107
29.2,99,96,30.0107
29.2,100,85,30.0107
29.2,101,92,1.13137
29.2,102,98,1.13137
29.2,103,98,1.13137
29.2,104,107,30.0107
29.2,105,102,30.0107
29.2,106,107,1.13137
29.2,107,87,1.13137
29.2,108,104,1.13137
29.2,109,77,30.0107
29.2,110,85,30.0107
29.2,111,72,30.0107
29.2,112,92,1.13137
29.2,113,88,1.13137
29.2,114,98,1.13137
29.2,115,90,1.13137
29.2,116,93,30.0107
29.2,117,89,30.0107
29.2,118,87,1.13137
29.2,119,59,30.0107
29.2,120,61,30.0107
29.2,121,69,30.0107
29.2,122,85,30.0107
29.2,123,77,30.0426
29.2,124,88,1.13137
29.2,125,77,30.0426
29.2,126,90,1.13137
29.2,127,74,30.8
29.2,128,69,30.0107
29.2,129,68,30.8
29.2,130,59,30.0107
29.2,131,62,30.0426
29.4,0,50,42.0043
29.4,1,76,0.848528
29.4,2,77,30.6
29.4,3,81,30.006
29.4,4,78,30.6
29.4,5,86,0.848528
29.4,6,76,30.024
29.4,7,80,0.848528
29.4,8,61,41.1558
29.4,9,73,30.006
29.4,10,67,30.006
29.4,11,92,0.848528
29.4,12,76,0.848528
29.4,13,95,0.848528
29.4,14,90,30.006
29.4,15,95,30.006
29.4,16,86,0.848528
29.4,17,86,0.848528
29.4,18,80,0.848528
29.4,19,75,30.006
29.4,20,86,30.006
29.4,21,86,30.006
29.4,22,92,0.848528
29.4,23,108,0.848528
29.4,24,95,0.848528
29.4,25,106,0.848528
29.4,26,95,30.006
29.4,27,103,30.006
29.4,28,86,0.848528
29.4,29,75,30.006
29.4,30,74,30.006
29.4,31,104,0.848528
29.4,32,107,30.006
29.4,33,111,30.006
29.4,34,108,0.848528
29.4,35,116,0.848528
29.4,36,106,0.848528
29.4,37,109,0.848528
29.4,38,88,30.006
29.4,39,101,30.006
29.4,40,93,30.006
29.4,41,120,0.848528
29.4,42,104,0.848528
29.4,43,123,0.848528
29.4,44,120,30.006
29.4,45,123,30.006
29.4,46,116,0.848528
29.4,47,112,0.848528
29.4,48,109,0.848528
29.4,49,98,30.006
29.4,50,112,30.006
29.4,51,105,30.006
29.4,52,120,0.848528
29.4,53,130,0.848528
29.4,54,123,0.848528
29.4,55,127,0.848528
29.4,56,121,30.006
29.4,57,125,30.006
29.4,58,112,0.848528
29.4,59,89,30.006
29.4,60,90,30.006
29.4,61,115,0.848528
29.4,62,127,30.006
29.4,63,124,30.006
29.4,64,130,0.848528
29.4,65,127,0.848528
29.4,66,127,0.848528
29.4,67,121,0.848528
29.4,68,103,30.006
29.4,69,112,30.006
29.4,70,102,30.006
29.4,71,119,0.848528
29.4,72,115,0.848528
29.4,73,126,0.848528
29.4,74,130,30.006
29.4,75,129,30.006
29.4,76,127,0.848528
29.4,77,110,0.848528
29.4,78,121,0.848528
29.4,79,99,30.006
29.4,80,110,30.006
29.4,81,98,30.006
29.4,82,119,0.848528
29.4,83,118,0.848528
29.4,84,126,0.848528
29.4,85,120,0.848528
29.4,86,119,30.006
29.4,87,119,30.006
29.4,88,110,0.848528
29.4,89,81,30.006
29.4,90,84,30.006
29.4,91,98,0.848528
29.4,92,115,30.006
29.4,93,107,30.006
29.4,94,118,0.848528
29.4,95,107,0.848528
29.4,96,120,0.848528
29.4,97,104,0.848528
29.4,98,94,30.006
29.4,99,96,30.006
29.4,100,85,30.006
29.4,101,92,0.848528
29.4,102,98,0.848528
29.4,103,98,0.848528
29.4,104,107,30.006
29.4,105,102,30.006
29.4,106,107,0.848528
29.4,107,87,0.848528
29.4,108,104,0.848528
29.4,109,77,30.006
29.4,110,85,30.006
29.4,111,72,30.006
29.4,112,92,0.848528
29.4,113,88,0.848528
29.4,114,98,0.848528
29.4,115,90,0.848528
29.4,116,93,30.006
29.4,117,89,30.006
29.4,118,87,0.848528
29.4,119,59,30.006
29.4,120,61,30.006
29.4,121,69,30.006
29.4,122,85,30.006
29.4,123,77,30.024
29.4,124,88,0.848528
29.4,125,77,30.024
29.4,126,90,0.848528
29.4,127,74,30.6
29.4,128,69,30.006
29.4,129,68,30.6
29.4,130,59,30.006
29.4,131,62,30.024
29.6,0,50,42.1445
29.6,1,76,0.565685
29.6,2,77,30.4
29.6,3,81,30.0027
29.6,4,78,30.4
29.6,5,86,0.565685
29.6,6,76,30.0107
29.6,7,80,0.565685
29.6,8,61,41.5788
29.6,9,73,30.0027
29.6,10,67,30.0027
29.6,11,92,0.565685
29.6,12,76,0.565685
29.6,13,95,0.565685
29.6,14,90,30.0027
29.6,15,95,30.0027
29.6,16,86,0.565685
29.6,17,86,0.565685
29.6,18,80,0.565685
29.6,19,75,30.0027
29.6,20,86,30.0027
29.6,21,86,30.0027
29.6,22,92,0.565685
29.6,23,108,0.565685
29.6,24,95,0.565685
29.6,25,106,0.565685
29.6,26,95,30.0027
29.6,27,103,30.0027
29.6,28,86,0.565685
29.6,29,75,30.0027
29.6,30,74,30.0027
29.6,31,104,0.565685
29.6,32,107,30.0027
29.6,33,111,30.0027
29.6,34,108,0.565685
29.6,35,116,0.565685
29.6,36,106,0.565685
29.6,37,109,0.565685
29.6,38,88,30.0027
29.6,39,101,30.0027
29.6,40,93,30.0027
29.6,41,120,0.565685
29.6,42,104,0.565685
29.6,43,123,0.565685
29.6,44,120,30.0027
29.6,45,123,30.0027
29.6,46,116,0.565685
29.6,47,112,0.565685
29.6,48,109,0.565685
29.6,49,98,30.0027
29.6,50,112,30.0027
29.6,51,105,30.0027
29.6,52,120,0.565685
29.6,53,130,0.565685
29.6,54,123,0.565685
29.6,55,127,0.565685
29.6,56,121,30.0027
29.6,57,125,30.0027
29.6,58,112,0.565685
29.6,59,89,30.0027
29.6,60,90,30.0027
29.6,61,115,0.565685
29.6,62,127,30.0027
29.6,63,124,30.0027
29.6,64,130,0.565685
29.6,65,127,0.565685
29.6,66,127,0.565685
29.6,67,121,0.565685
29.6,68,103,30.0027
29.6,69,112,30.0027
29.6,70,102,30.0027
29.6,71,119,0.565685
29.6,72,115,0.565685
29.6,73,126,0.565685
29.6,74,130,30.0027
29.6,75,129,30.0027
29.6,76,127,0.565685
29.6,77,110,0.565685
29.6,78,121,0.565685
29.6,79,99,30.0027
29.6,80,110,30.0027
29.6,81,98,30.0027
29.6,82,119,0.565685
29.6,83,118,0.565685
29.6,84,126,0.565685
29.6,85,120,0.565685
29.6,86,119,30.0027
29.6,87,119,30.0027
29.6,88,110,0.565685
29.6,89,81,30.0027
29.6,90,84,30.0027
29.6,91,98,0.565685
29.6,92,115,30.0027
29.6,93,107,30.0027
29.6,94,118,0.565685
29.6,95,107,0.565685
29.6,96,120,0.565685
29.6,97,104,0.565685
29.6,98,94,30.0027
29.6,99,96,30.0027
29.6,100,85,30.0027
29.6,101,92,0.565685
29.6,102,98,0.565685
29.6,103,98,0.565685
29.6,104,107,30.0027
29.6,105,102,30.0027
29.6,106,107,0.565685
29.6,107,87,0.565685
29.6,108,104,0.565685
29.6,109,77,30.0027
29.6,110,85,30.0027
29.6,111,72,30.0027
29.6,112,92,0.565685
29.6,113,88,0.565685
29.6,114,98,0.565685
29.6,115,90,0.565685
29.6,116,93,30.0027
29.6,117,89,30.0027
29.6,118,87,0.565685
29.6,119,59,30.0027
29.6,120,61,30.0027
29.6,121,69,30.0027
29.6,122,85,30.0027
29.6,123,77,30.0107
29.6,124,88,0.565685
29.6,125,77,30.0107
29.6,126,90,0.565685
29.6,127,74,30.4
29.6,128,69,30.0027
29.6,129,68,30.4
29.6,130,59,30.0027
29.6,131,62,30.0107
29.8,0,50,42.2852
29.8,1,76,0.282843
29.8,2,77,30.2
29.8,3,81,30.0007
29.8,4,78,30.2
29.8,5,86,0.282843
29.8,6,76,30.0027
29.8,7,80,0.282843
29.8,8,61,42.0024
29.8,9,73,30.0007
29.8,10,67,30.0007
29.8,11,92,0.282843
29.8,12,76,0.282843
29.8,13,95,0.282843
29.8,14,90,30.0007
29.8,15,95,30.0007
29.8,16,86,0.282843
29.8,17,86,0.282843
29.8,18,80,0.282843
29.8,19,75,30.0007
29.8,20,86,30.0007
29.8,21,86,30.0007
29.8,22,92,0.282843
29.8,23,108,0.282843
29.8,24,95,0.282843
29.8,25,106,0.282843
29.8,26,95,30.0007
29.8,27,103,30.0007
29.8,28,86,0.282843
29.8,29,75,30.0007
29.8,30,74,30.0007
29.8,31,104,0.282843
29.8,32,107,30.0007
29.8,33,111,30.0007
29.8,34,108,0.282843
29.8,35,116,0.282843
29.8,36,106,0.282843
29.8,37,109,0.282843
29.8,38,88,30.0007
29.8,39,101,30.0007
29.8,40,93,30.0007
29.8,41,120,0.282843
29.8,42,104,0.282843
29.8,43,123,0.282843
29.8,44,120,30.0007
29.8,45,123,30.0007
29.8,46,116,0.282843
29.8,47,112,0.282843
29.8,48,109,0.282843
29.8,49,98,30.0007
29.8,50,112,30.0007
29.8,51,105,30.0007
29.8,52,120,0.282843
29.8,53,130,0.282843
29.8,54,123,0.282843
29.8,55,127,0.282843
29.8,56,121,30.0007
29.8,57,125,30.0007
29.8,58,112,0.282843
29.8,59,89,30.0007
29.8,60,90,30.0007
29.8,61,115,0.282843
29.8,62,127,30.0007
29.8,63,124,30.0007
29.8,64,130,0.282843
29.8,65,127,0.282843
29.8,66,127,0.282843
29.8,67,121,0.282843
29.8,68,103,30.0007
29.8,69,112,30.0007
29.8,70,102,30.0007
29.8,71,119,0.282843
29.8,72,115,0.282843
29.8,73,126,0.282843
29.8,74,130,30.0007
29.8,75,129,30.0007
29.8,76,127,0.282843
29.8,77,110,0.282843
29.8,78,121,0.282843
29.8,79,99,30.0007
29.8,80,110,30.0007
29.8,81,98,30.0007
29.8,82,119,0.282843
29.8,83,118,0.282843
29.8,84,126,0.282843
29.8,85,120,0.282843
29.8,86,119,30.0007
29.8,87,119,30.0007
29.8,88,110,0.282843
29.8,89,81,30.0007
29.8,90,84,30.0007
29.8,91,98,0.282843
29.8,92,115,30.0007
29.8,93,107,30.0007
29.8,94,118,0.282843
29.8,95,107,0.282843
29.8,96,120,0.282843
29.8,97,104,0.282843
29.8,98,94,30.0007
29.8,99,96,30.0007
29.8,100,85,30.0007
29.8,101,92,0.282843
29.8,102,98,0.282843
29.8,103,98,0.282843
29.8,104,107,30.0007
29.8,105,102,30.0007
29.8,106,107,0.282843
29.8,107,87,0.282843
29.8,108,104,0.282843
29.8,109,77,30.0007
29.8,110,85,30.0007
29.8,111,72,30.0007
29.8,112,92,0.282843
29.8,113,88,0.282843
29.8,114,98,0.282843
29.8,115,90,0.282843
29.8,116,93,30.0007
29.8,117,89,30.0007
29.8,118,87,0.282843
29.8,119,59,30.0007
29.8,120,61,30.0007
29.8,121,69,30.0007
29.8,122,85,30.0007
29.8,123,77,30.0027
29.8,124,88,0.282843
29.8,125,77,30.0027
29.8,126,90,0.282843
29.8,127,74,30.2
29.8,128,69,30.0007
29.8,129,68,30.2
29.8,130,59,30.0007
29.8,131,62,30.0027
